Date,HR,Solar Gen,Solar Gen Normalized,Demand,Demand_Normalized
01/01/2025,1,0.0,0.0,21768.585137,0.4956099086751671
01/01/2025,2,0.0,0.0,21111.893379,0.48065887073853397
01/01/2025,3,0.0,0.0,20358.821469,0.4635135258209832
01/01/2025,4,0.0,0.0,19926.846964,0.45367867235551107
01/01/2025,5,0.0,0.0,19916.727203,0.45344827365052126
01/01/2025,6,0.0,0.0,20239.135753,0.46078861621371336
01/01/2025,7,1.75,8.087717068549179e-05,20807.518556,0.4737291057914475
01/01/2025,8,2164.75,0.1000450601379533,21657.072545,0.4930710782831397
01/01/2025,9,9171.916666666666,0.4238849541503467,23420.194483,0.5332124424175562
01/01/2025,10,13231.583333333334,0.6115045849653191,24822.960477,0.565149507771303
01/01/2025,11,13699.166666666666,0.633114194713714,23878.687918,0.5436510578819248
01/01/2025,12,13226.5,0.611269656040947,23299.703394,0.530469196715567
01/01/2025,13,13360.333333333334,0.617454833951466,23603.194633,0.5373788449218184
01/01/2025,14,13539.166666666666,0.6257197105367548,23232.112043,0.5289303303590484
01/01/2025,15,11823.833333333334,0.5464446780896043,22726.496795,0.5174188827702876
01/01/2025,16,8761.5,0.4049173319776779,21598.849668,0.49174550592411076
01/01/2025,17,1737.6666666666667,0.0803071791968511,23013.673545,0.5239570956098174
01/01/2025,18,24.58333333333333,0.001136131683439,24706.531283,0.5624987400782119
01/01/2025,19,0.0,0.0,24870.967744,0.5662424992112094
01/01/2025,20,0.0,0.0,24637.428755,0.5609254684404015
01/01/2025,21,0.0,0.0,24184.064674,0.5506036340461623
01/01/2025,22,0.0,0.0,23817.6550599999,0.5422615101006039
01/01/2025,23,0.0,0.0,22709.552699,0.5170331130099521
01/01/2025,24,0.0,0.0,21489.901479,0.4892650598289331
01/02/2025,1,0.0,0.0,20821.21345,0.4740409002935679
01/02/2025,2,0.0,0.0,20246.292391,0.46095155288062484
01/02/2025,3,0.0,0.0,19700.929643,0.4485351656864148
01/02/2025,4,0.0,0.0,19905.546645,0.4531937235594407
01/02/2025,5,0.0,0.0,20252.702808,0.46109750017871265
01/02/2025,6,0.0,0.0,21572.870124,0.4911540242385428
01/02/2025,7,3.6666666666666665,0.0001694569290553,23366.737373,0.5319953732677516
01/02/2025,8,2201.25,0.1017319268408221,24872.004074,0.5662660935520186
01/02/2025,9,10050.666666666666,0.4644968477159901,26744.935867,0.6089075215107799
01/02/2025,10,14135.416666666666,0.6532757179774545,27473.091131,0.6254855839627578
01/02/2025,11,14473.666666666666,0.6689081196828074,26657.021735,0.6069059621692994
01/02/2025,12,13973.5,0.6457926540421255,26646.922895,0.606676039777071
01/02/2025,13,14030.0,0.6484038312671142,26032.872025,0.592695815812706
01/02/2025,14,14437.833333333334,0.667252063330676,25585.735348,0.5825157620214917
01/02/2025,15,14189.083333333334,0.6557559512118096,25078.606198,0.5709698471107971
01/02/2025,16,9938.5,0.4593130062044344,23510.569686,0.5352700334747351
01/02/2025,17,1956.25,0.0904091229448533,24916.043138,0.5672687400882918
01/02/2025,18,99.16666666666669,0.0045830396721778,26687.078429,0.6075902691775256
01/02/2025,19,0.0,0.0,26451.635478,0.6022298905075776
01/02/2025,20,0.0,0.0,26083.005799,0.5938372218800875
01/02/2025,21,0.0,0.0,25628.024868,0.583478576325371
01/02/2025,22,0.0,0.0,24999.451684,0.5691677198155284
01/02/2025,23,0.0,0.0,23676.615942,0.5390504431455565
01/02/2025,24,0.0,0.0,22454.382481,0.5112235995462291
01/03/2025,1,0.0,0.0,22573.185717,0.5139284175476616
01/03/2025,2,0.0,0.0,22380.633737,0.5095445465416945
01/03/2025,3,0.0,0.0,21631.952505,0.49249916510403485
01/03/2025,4,0.0,0.0,21307.396494,0.48510993084928833
01/03/2025,5,0.0,0.0,21211.978156,0.4829375216878984
01/03/2025,6,0.0,0.0,22002.754144,0.5009412831969114
01/03/2025,7,0.0,0.0,23713.972819,0.5399009549395862
01/03/2025,8,1130.9166666666667,0.0522659087320385,24581.342721,0.5596485460307109
01/03/2025,9,5155.083333333333,0.2382448883702479,25214.661815,0.5740674536613258
01/03/2025,10,6796.833333333333,0.3141192283547657,25930.038727,0.5903545887136641
01/03/2025,11,8764.333333333334,0.4050482759683115,26240.6264959999,0.5974258050954779
01/03/2025,12,10405.416666666666,0.480891805602092,27373.142624,0.6232100355008462
01/03/2025,13,10790.75,0.4987001883282689,26796.969017,0.6100921710668848
01/03/2025,14,10154.416666666666,0.4692917085494871,26444.498714,0.6020674063161606
01/03/2025,15,9208.416666666666,0.4255718208532156,26194.991458,0.5963868226869669
01/03/2025,16,6109.5,0.2823537567445783,24791.999484,0.5644446123995251
01/03/2025,17,1120.4166666666667,0.0517806457079255,25041.034353,0.5701144410955684
01/03/2025,18,0.0,0.0,26623.716232,0.6061476888503708
01/03/2025,19,0.0,0.0,26522.376886,0.6038404748674605
01/03/2025,20,0.0,0.0,26376.436904,0.6005178289216687
01/03/2025,21,0.0,0.0,25738.420622,0.5859919794341965
01/03/2025,22,0.0,0.0,25289.6765329999,0.575775329359413
01/03/2025,23,0.0,0.0,24196.6116029999,0.5508892925901907
01/03/2025,24,0.0,0.0,23228.896994,0.5288571326692927
01/04/2025,1,0.0,0.0,22416.9609,0.5103716146227639
01/04/2025,2,0.0,0.0,22101.351714,0.5031860745949631
01/04/2025,3,0.0,0.0,20893.031301,0.47567599225528007
01/04/2025,4,0.0,0.0,20481.088296,0.46629720011961634
01/04/2025,5,0.0,0.0,20251.253931,0.4610645132944879
01/04/2025,6,0.0,0.0,20727.06622,0.4718974307125793
01/04/2025,7,2.9166666666666665,0.0001347952844758,21713.260956,0.49435033153129776
01/04/2025,8,1627.3333333333333,0.075208066149823,22658.466461,0.515870021996439
01/04/2025,9,8995.583333333334,0.4157356163803229,25211.037361,0.5739849349627226
01/04/2025,10,13285.833333333334,0.6140117772565694,26109.3112459999,0.5944361234670869
01/04/2025,11,13607.666666666666,0.6288854740750155,24733.1378229999,0.563104496712211
01/04/2025,12,13396.916666666666,0.619145551948177,23839.318288,0.5427547213214144
01/04/2025,13,12929.083333333334,0.5975243883182555,23716.895525,0.5399674967954133
01/04/2025,14,11793.75,0.5450543610125822,22966.823062,0.5228904409120092
01/04/2025,15,11146.833333333334,0.5151567669158454,23050.952392,0.5248058308785961
01/04/2025,16,6953.583333333333,0.3213635120718805,21729.526082,0.4947206430403241
01/04/2025,17,1151.75,0.0532287321925801,23214.496166,0.528529266020863
01/04/2025,18,0.0,0.0,25550.221122,0.5817072022463039
01/04/2025,19,0.0,0.0,25720.047271,0.5855736695277942
01/04/2025,20,0.0,0.0,25403.074854,0.5783570925360767
01/04/2025,21,0.0,0.0,24776.704857,0.5640963964432292
01/04/2025,22,0.0,0.0,24296.2122,0.5531569201127213
01/04/2025,23,0.0,0.0,23537.483544,0.535882786881607
01/04/2025,24,0.0,0.0,22718.895518,0.5172458229147171
01/05/2025,1,0.0,0.0,22024.283222,0.501431440196748
01/05/2025,2,0.0,0.0,21335.625168,0.48575261894569477
01/05/2025,3,0.0,0.0,20453.553996,0.4656703209805931
01/05/2025,4,0.0,0.0,20173.510343,0.45929450884512807
01/05/2025,5,0.0,0.0,20115.85513,0.4579818606105393
01/05/2025,6,0.0,0.0,20569.192669,0.4683030907175401
01/05/2025,7,2.833333333333333,0.0001309439906336,21339.625792,0.48584370198498306
01/05/2025,8,1868.1666666666667,0.0863383053536835,22183.346453,0.5050528658839644
01/05/2025,9,9014.166666666666,0.416594454907126,23528.8456769999,0.5356861267657508
01/05/2025,10,12907.333333333334,0.5965192006254502,23702.10589,0.5396307780970891
01/05/2025,11,13692.166666666666,0.6327906860309721,23237.349309,0.5290495682841424
01/05/2025,12,13936.416666666666,0.6440788282823614,22789.657199,0.5188568688342106
01/05/2025,13,14025.75,0.6482074152811637,23235.637793,0.5290106018431395
01/05/2025,14,14296.25,0.6607087150928355,22845.7628889999,0.520134238756142
01/05/2025,15,14090.333333333334,0.6511921680088426,22527.029668,0.5128775731732693
01/05/2025,16,9858.666666666666,0.455623466703639,21222.1537279999,0.4831691910535392
01/05/2025,17,2109.583333333333,0.0974955036144392,22502.653069,0.5123225860701495
01/05/2025,18,12.666666666666666,0.0005853966640092,24853.10057,0.5658357135419206
01/05/2025,19,0.0,0.0,25099.710522,0.5714503336479084
01/05/2025,20,0.0,0.0,24965.094976,0.5683855134935696
01/05/2025,21,0.0,0.0,24513.344913,0.5581004257830743
01/05/2025,22,0.0,0.0,24153.980073,0.5499186916734585
01/05/2025,23,0.0,0.0,22862.976892,0.5205261535453265
01/05/2025,24,0.0,0.0,21785.075114,0.4959853394137103
01/06/2025,1,0.0,0.0,21501.93448,0.48953901766722
01/06/2025,2,0.0,0.0,21242.385153,0.4836298041174367
01/06/2025,3,0.0,0.0,20349.14708,0.4632932669930161
01/06/2025,4,0.0,0.0,20036.645827,0.456178485922704
01/06/2025,5,0.0,0.0,20513.5474489999,0.4670362044119352
01/06/2025,6,0.0,0.0,22032.455262,0.5016174947323369
01/06/2025,7,4.5,0.0002079698674769,24098.425334,0.5486538653676154
01/06/2025,8,2051.9166666666665,0.0948304082756602,25921.259675,0.5901547142095293
01/06/2025,9,9990.25,0.4617046596804196,26678.445459,0.6073937205526898
01/06/2025,10,14295.75,0.6606856073297824,26504.354398,0.6034301531320071
01/06/2025,11,14678.25,0.6783630460653256,25898.211758,0.5896299774860522
01/06/2025,12,14180.25,0.65534771406454,25855.26707,0.5886522468359519
01/06/2025,13,14083.416666666666,0.6508725106199428,25888.527811,0.5894095010491096
01/06/2025,14,13933.666666666666,0.64395173558557,25205.12008,0.573850214994587
01/06/2025,15,12865.583333333334,0.5945897024105249,25077.6034569999,0.5709470174977397
01/06/2025,16,8533.25,0.3943686381439845,24179.78622,0.5505062255934371
01/06/2025,17,1941.0833333333333,0.089708187465579,24847.0625999999,0.5656982458221997
01/06/2025,18,32.166666666666664,0.0014865994230761,26872.319613,0.6118076937693092
01/06/2025,19,29.58333333333333,0.001367209313969,26883.053509,0.6120520746136686
01/06/2025,20,0.0,0.0,26673.750601,0.6072868317434273
01/06/2025,21,0.0,0.0,25968.2196459999,0.5912238616434197
01/06/2025,22,0.0,0.0,25328.0296739999,0.5766485233032907
01/06/2025,23,0.0,0.0,24833.766237,0.5653955247583079
01/06/2025,24,0.0,0.0,23414.634527,0.5330858577420683
01/07/2025,1,0.0,0.0,22372.920049,0.5093689274014899
01/07/2025,2,0.0,0.0,21768.569997,0.49560956397963585
01/07/2025,3,0.0,0.0,20951.690316,0.47701149425893175
01/07/2025,4,0.0,0.0,20648.692088,0.47011307053673146
01/07/2025,5,0.0,0.0,21056.089303,0.47938836772531546
01/07/2025,6,0.0,0.0,22309.60882,0.5079275074733997
01/07/2025,7,0.0,0.0,24386.447837,0.5552113336417293
01/07/2025,8,980.0,0.0452912155838754,25773.506529,0.5867907875815619
01/07/2025,9,5736.083333333333,0.2650961090378312,25825.162054,0.587966839670694
01/07/2025,10,10024.0,0.463264433686497,25783.429687,0.5870167101851302
01/07/2025,11,11867.75,0.5484743099444258,25424.434218,0.5788433856219515
01/07/2025,12,11987.833333333334,0.5540240243709874,25538.177576,0.5814330043278071
01/07/2025,13,12417.416666666666,0.5738774441273545,24714.719308,0.5626851585476227
01/07/2025,14,12387.0,0.5724717218749639,24352.334744,0.5544346737531809
01/07/2025,15,11161.833333333334,0.5158499998074353,24283.7725589999,0.552873704216915
01/07/2025,16,7973.916666666667,0.3685187538753644,23722.070293,0.5400853118155331
01/07/2025,17,1592.8333333333333,0.0736136304991662,24682.372582,0.5619487139042108
01/07/2025,18,0.0,0.0,26681.007947,0.6074520612503359
01/07/2025,19,0.0,0.0,26807.390853,0.6103294471762729
01/07/2025,20,0.0,0.0,26456.062724,0.6023306865387359
01/07/2025,21,0.0,0.0,25759.133538,0.586463554703905
01/07/2025,22,0.0,0.0,25078.213348,0.5709609030130802
01/07/2025,23,0.0,0.0,23729.803663,0.5402613790599281
01/07/2025,24,0.0,0.0,22346.731634,0.508772690306391
01/08/2025,1,0.0,0.0,21877.661997,0.49809328424978305
01/08/2025,2,0.0,0.0,21251.191358,0.4838302968195741
01/08/2025,3,0.0,0.0,20668.657322,0.47056762317472534
01/08/2025,4,0.0,0.0,20544.69509,0.4677453492375798
01/08/2025,5,0.0,0.0,20469.066233,0.46602349130905196
01/08/2025,6,0.0,0.0,21618.875931,0.49220144802205007
01/08/2025,7,0.0,0.0,23384.455065,0.5323987556492334
01/08/2025,8,869.25,0.0401728460676364,24637.033314,0.5609164653528483
01/08/2025,9,5433.833333333333,0.2511274662722941,24618.676601,0.560498534247255
01/08/2025,10,9056.25,0.41853935829742,24288.43216,0.5529797903227224
01/08/2025,11,11552.416666666666,0.5339010140456686,24852.735561,0.5658274033060455
01/08/2025,12,12423.166666666666,0.5741431834024641,24122.23194,0.5491958753214674
01/08/2025,13,13265.75,0.6130836154406073,24060.521418,0.5477908990228133
01/08/2025,14,14125.5,0.6528174140102367,24043.2400447,0.5473974503999887
01/08/2025,15,14288.25,0.6603389908839875,24500.439002,0.5578065942211319
01/08/2025,16,10890.166666666666,0.5032947818819732,23438.961485,0.5336397146582089
01/08/2025,17,2427.25,0.1121766357407771,23944.014452,0.5451383606784109
01/08/2025,18,101.41666666666669,0.0046870246059163,25779.026612,0.5869164644601598
01/08/2025,19,0.0,0.0,25989.9919959999,0.5917195572675144
01/08/2025,20,0.0,0.0,25696.741069,0.5850430523759632
01/08/2025,21,0.0,0.0,25314.289918,0.5763357074186811
01/08/2025,22,0.0,0.0,24779.803775,0.5641669501543366
01/08/2025,23,0.0,0.0,23472.165254,0.5343956717779847
01/08/2025,24,0.0,0.0,22355.27066,0.5089671000886253
01/09/2025,1,0.0,0.0,21933.86865,0.499372952817352
01/09/2025,2,0.0,0.0,21214.254055,0.48298933755413154
01/09/2025,3,0.0,0.0,20808.516987,0.4737518372778355
01/09/2025,4,0.0,0.0,20507.422434,0.4668967549205866
01/09/2025,5,0.0,0.0,20812.615891,0.4738451578783396
01/09/2025,6,0.0,0.0,22034.681507,0.5016681801156172
01/09/2025,7,1.5833333333333333,7.317458300115923e-05,24297.671296,0.553190139655046
01/09/2025,8,2416.75,0.1116913727166641,25912.222386,0.5899489603698667
01/09/2025,9,11035.75,0.5100229922242377,26751.942931,0.6090670527953014
01/09/2025,10,14926.75,0.6898476043026655,25827.37542,0.5880172318351007
01/09/2025,11,15197.0,0.7023373502328107,24530.7411441,0.5584964893973378
01/09/2025,12,14772.666666666666,0.6827265619885,23871.2951487,0.5434827451645584
01/09/2025,13,14678.5,0.6783745999468521,24040.00497103,0.5473237968044034
01/09/2025,14,14529.833333333334,0.6715038917324275,23604.6397639,0.5374117465178048
01/09/2025,15,13821.916666666666,0.638787150543225,23221.5594655,0.5286900776307176
01/09/2025,16,10978.583333333334,0.5073810046485117,22932.416599,0.5221071018076096
01/09/2025,17,2949.9166666666665,0.136331950718844,24602.938118,0.5601402129290239
01/09/2025,18,10.166666666666666,0.0004698578487442,25885.558148,0.58934189011349
01/09/2025,19,0.0,0.0,26181.912257,0.5960890457955264
01/09/2025,20,0.0,0.0,26047.567138,0.5930303825089825
01/09/2025,21,0.0,0.0,25376.494205,0.5777519253678612
01/09/2025,22,0.0,0.0,24874.342615,0.566319335601704
01/09/2025,23,0.0,0.0,23597.184917,0.5372420204667985
01/09/2025,24,0.0,0.0,22338.387894,0.508582726641165
01/10/2025,1,0.0,0.0,22206.654326,0.5055835210798002
01/10/2025,2,0.0,0.0,21366.9386969999,0.4864655405779583
01/10/2025,3,0.0,0.0,20614.002289,0.46932328066264695
01/10/2025,4,0.0,0.0,20367.716719,0.4637160458291692
01/10/2025,5,0.0,0.0,20628.3530709999,0.46965000790337597
01/10/2025,6,0.0,0.0,21948.520742,0.49970654004556725
01/10/2025,7,2.0,9.24310522119906e-05,23676.196028,0.5390408828761186
01/10/2025,8,2329.25,0.1076475141823895,25264.392063,0.5751996725682763
01/10/2025,9,10958.333333333334,0.5064451402448653,25732.092966,0.5858479163730212
01/10/2025,10,14862.25,0.6868667028688288,25944.608881,0.590686310442379
01/10/2025,11,14857.083333333334,0.6866279226506145,24977.989084,0.5686790763341544
01/10/2025,12,14380.166666666666,0.6645869679918969,23998.134657,0.5463705266500956
01/10/2025,13,14324.916666666666,0.6620335601745406,23961.878835,0.5455450828044217
01/10/2025,14,14072.416666666666,0.6503641398327767,23521.341138,0.5355152693643633
01/10/2025,15,13538.416666666666,0.6256850488921752,23758.905601,0.5409239489395817
01/10/2025,16,10585.333333333334,0.489206749007329,22944.765554,0.5223882530363765
01/10/2025,17,2678.583333333333,0.1237921379687506,24182.540769,0.5505689389838453
01/10/2025,18,98.91666666666669,0.0045714857906513,25840.179073,0.5883087352678733
01/10/2025,19,0.0,0.0,25630.811064,0.5835420102296152
01/10/2025,20,0.0,0.0,25411.449232,0.5785477537430257
01/10/2025,21,0.0,0.0,25067.576995,0.5707187429505042
01/10/2025,22,0.0,0.0,24757.104272,0.5636501458449155
01/10/2025,23,0.0,0.0,23708.592938,0.5397784700691038
01/10/2025,24,0.0,0.0,22928.1597669999,0.5220101856274565
01/11/2025,1,0.0,0.0,22349.367676,0.5088327056232645
01/11/2025,2,0.0,0.0,21457.008899,0.4885161876138904
01/11/2025,3,0.0,0.0,20608.517569,0.4691984089008305
01/11/2025,4,0.0,0.0,20315.29275,0.4625224984155471
01/11/2025,5,0.0,0.0,20407.00647,0.46461056376786075
01/11/2025,6,0.0,0.0,21036.804329,0.4789493027083292
01/11/2025,7,2.6666666666666665,0.0001232414029493,22016.105338,0.501245252609595
01/11/2025,8,2235.4166666666665,0.1033109573161103,22535.4934569999,0.5130702700190627
01/11/2025,9,10555.0,0.4878048780487805,23358.436353,0.5318063822176572
01/11/2025,10,14563.5,0.6730598144446627,24677.883089,0.5618465006826474
01/11/2025,11,14975.0,0.6920775034372798,24194.513542,0.5508415255987206
01/11/2025,12,14218.5,0.6571154579380943,23428.246625,0.5333957672104237
01/11/2025,13,13186.916666666666,0.6094402914659179,22208.1823659999,0.5056183102845204
01/11/2025,14,12579.083333333334,0.5813489541811572,22031.259695,0.5015902750096055
01/11/2025,15,12189.166666666666,0.5633287502936611,21471.544723,0.4888471277443499
01/11/2025,16,10282.25,0.4751995933033702,20676.406112,0.47074404148946997
01/11/2025,17,2771.333333333333,0.1280786280150816,22315.222286,0.5080553104221949
01/11/2025,18,23.5,0.0010860648634908,24362.702704,0.5546707232564633
01/11/2025,19,0.0,0.0,24660.268554,0.5614454668980554
01/11/2025,20,0.0,0.0,24305.730717,0.5533736301704215
01/11/2025,21,0.0,0.0,23992.7157779999,0.5462471539040278
01/11/2025,22,0.0,0.0,23658.040196,0.5386275252700633
01/11/2025,23,0.0,0.0,22791.660289,0.5189024736011589
01/11/2025,24,0.0,0.0,21840.539642,0.4972481118669401
01/12/2025,1,0.0,0.0,21442.800187,0.48819269491041917
01/12/2025,2,0.0,0.0,20792.852471,0.4733951999816887
01/12/2025,3,0.0,0.0,20435.315162,0.46525507365072793
01/12/2025,4,0.0,0.0,20150.891224,0.45877953465496585
01/12/2025,5,0.0,0.0,19859.008573,0.4521341815878941
01/12/2025,6,0.0,0.0,20174.441876,0.4593157172508261
01/12/2025,7,1.6666666666666667,7.702587684332552e-05,21057.161218,0.4794127722372263
01/12/2025,8,2433.75,0.112477036660466,21692.147849,0.49386964502979736
01/12/2025,9,11337.166666666666,0.5239531220513531,22471.814163,0.5116204702785115
01/12/2025,10,15224.25,0.7035967233191991,22720.7457484999,0.5172879474976108
01/12/2025,11,15254.333333333334,0.7049870403962212,21770.217427,0.495647071361338
01/12/2025,12,14932.5,0.690113343577775,21235.29669,0.4834684196049401
01/12/2025,13,14876.0,0.6875021663527863,20994.981105,0.4779971046625357
01/12/2025,14,15076.0,0.6967452715739852,21237.432392,0.48351704357689396
01/12/2025,15,15044.75,0.695301036383173,21480.223037,0.48904470872547134
01/12/2025,16,11504.0,0.53166341232337,20765.2678792999,0.4727671758410618
01/12/2025,17,2953.5,0.1364975563540571,22050.524768,0.5020288869363825
01/12/2025,18,64.83333333333333,0.0029963066092053,24555.823951,0.5590675548827053
01/12/2025,19,0.0,0.0,25078.768139,0.5709735340552501
01/12/2025,20,0.0,0.0,24852.52236,0.5658225493145034
01/12/2025,21,0.0,0.0,24446.2229129999,0.5565722452384599
01/12/2025,22,0.0,0.0,24061.827712,0.5478206396902002
01/12/2025,23,0.0,0.0,22796.681897,0.5190168015956803
01/12/2025,24,0.0,0.0,21912.726045,0.4988915947287459
01/13/2025,1,0.0,0.0,21876.139438,0.49805861983212824
01/13/2025,2,0.0,0.0,21305.3735749999,0.4850638746313675
01/13/2025,3,0.0,0.0,21094.352573,0.4802595155574307
01/13/2025,4,0.0,0.0,21052.321618,0.4793025880567236
01/13/2025,5,0.0,0.0,21166.738606,0.48190754343699693
01/13/2025,6,0.0,0.0,22751.823528,0.5179955017719441
01/13/2025,7,2.25,0.0001039849337384,25039.684855,0.570083716793721
01/13/2025,8,2434.75,0.112523252186572,26954.469656,0.6136780208968031
01/13/2025,9,11160.083333333334,0.5157691226367499,27242.0304919999,0.6202249783022353
01/13/2025,10,15188.333333333334,0.7019368156732254,26657.458155,0.6069158982342747
01/13/2025,11,15508.25,0.7167219327333018,25399.2103644,0.578269108897008
01/13/2025,12,15294.083333333334,0.7068241075589344,24801.4961557,0.5646608251007336
01/13/2025,13,15277.916666666666,0.7060769565535542,24112.7144225,0.5489791880195916
01/13/2025,14,15242.833333333334,0.7044555618460022,24464.491815,0.5569881771327416
01/13/2025,15,15093.416666666666,0.697550191986998,24842.8384136,0.5656020728912212
01/13/2025,16,11797.916666666666,0.5452469257046905,23533.659426,0.5357957223911582
01/13/2025,17,2900.5,0.1340481334704394,24599.501918,0.5600619802484216
01/13/2025,18,3.75,0.0001733082228974,26794.490836,0.6100357498042552
01/13/2025,19,0.0,0.0,27188.188942,0.6189991565269366
01/13/2025,20,0.0,0.0,26763.280646,0.6093251809125112
01/13/2025,21,0.0,0.0,26279.01978,0.5982999129833942
01/13/2025,22,0.0,0.0,25795.524221,0.5872920689580355
01/13/2025,23,0.0,0.0,24332.7713869999,0.5539892707324895
01/13/2025,24,0.0,0.0,22853.810981,0.5203174713418188
01/14/2025,1,0.0,0.0,22799.508721,0.5190811604860567
01/14/2025,2,0.0,0.0,22241.760661,0.5063827943156936
01/14/2025,3,0.0,0.0,21830.847493,0.4970274486933565
01/14/2025,4,0.0,0.0,21711.939436,0.4943202442103998
01/14/2025,5,0.0,0.0,22010.4605959999,0.5011167375935955
01/14/2025,6,0.0,0.0,23508.869977,0.5352313358461588
01/14/2025,7,2.583333333333333,0.0001193901091071,26124.805991,0.5947888955515432
01/14/2025,8,2482.25,0.1147184896766068,27767.562929,0.6321898846784773
01/14/2025,9,11349.166666666666,0.524507708364625,28564.907024,0.6503431836466295
01/14/2025,10,15445.5,0.7138219084701506,27748.4591,0.6317549438274092
01/14/2025,11,15609.916666666666,0.7214205112207446,26478.8264592,0.6028489532360236
01/14/2025,12,15352.333333333334,0.7095161619546086,25240.47403797,0.574655125914178
01/14/2025,13,15379.416666666666,0.7107678324533127,24918.72020996,0.5673296895428044
01/14/2025,14,15258.083333333334,0.7051603486191186,25194.9974309,0.5736197505356233
01/14/2025,15,14040.25,0.6488775404097007,25084.6011961,0.5711063364803243
01/14/2025,16,11284.833333333334,0.5215345095184728,23807.32189,0.5420262526684949
01/14/2025,17,3057.25,0.1412924171875541,24633.156784,0.5608282075874866
01/14/2025,18,5.916666666666667,0.0002734418627938,26765.029257,0.6093649919030999
01/14/2025,19,0.0,0.0,26995.094721,0.6146029402072617
01/14/2025,20,0.0,0.0,26713.718593,0.6081967913361334
01/14/2025,21,0.0,0.0,26286.569534,0.5984717998040999
01/14/2025,22,0.0,0.0,25633.652415,0.5836066998592241
01/14/2025,23,0.0,0.0,24227.053935,0.5515823794990309
01/14/2025,24,0.0,0.0,22642.010272,0.5154953605163244
01/15/2025,1,0.0,0.0,22222.132026,0.5059359050971916
01/15/2025,2,0.0,0.0,21903.7014619999,0.4986861301692275
01/15/2025,3,0.0,0.0,22124.928666,0.5037228559683974
01/15/2025,4,0.0,0.0,21787.7664359999,0.49604661330184735
01/15/2025,5,0.0,0.0,21652.006842,0.4929557463685754
01/15/2025,6,0.0,0.0,23272.807142,0.5298568441481617
01/15/2025,7,2.583333333333333,0.0001193901091071,25733.404325,0.5858777723563173
01/15/2025,8,2512.583333333333,0.1161203606351553,27388.146514,0.6235516321873499
01/15/2025,9,11389.666666666666,0.5263794371719179,28223.627999,0.6425732130514569
01/15/2025,10,15264.666666666666,0.7054646008326497,26955.9010057,0.6137106087333407
01/15/2025,11,15190.583333333334,0.7020408006069639,25536.198689,0.5813879505955974
01/15/2025,12,14853.583333333334,0.6864661683092436,24294.6177399,0.5531206187077575
01/15/2025,13,15071.083333333334,0.6965180452372975,23987.6504697,0.5461318309756829
01/15/2025,14,14959.416666666666,0.6913573114887946,24372.3871377,0.554891210774206
01/15/2025,15,13168.083333333334,0.6085698990575884,24458.23732931,0.5568457799552438
01/15/2025,16,10766.416666666666,0.4975756105263563,23182.23283859,0.5277947201305079
01/15/2025,17,3285.333333333333,0.1518334084335632,24651.573467,0.5612475040425519
01/15/2025,18,48.25,0.0022298991346142,26651.9184299999,0.6067897741621724
01/15/2025,19,0.0,0.0,26703.002452,0.6079528147235544
01/15/2025,20,0.0,0.0,26441.408996,0.6019970620633681
01/15/2025,21,0.0,0.0,25890.950219,0.5894646525162398
01/15/2025,22,0.0,0.0,25313.297797,0.5763131195933765
01/15/2025,23,0.0,0.0,24040.512978,0.5473353627048246
01/15/2025,24,0.0,0.0,22725.371374,0.5173932600761382
01/16/2025,1,0.0,0.0,22209.086879,0.5056389035202569
01/16/2025,2,0.0,0.0,21809.293868,0.4965367328268617
01/16/2025,3,0.0,0.0,21518.607021,0.4899186048783497
01/16/2025,4,0.0,0.0,21309.399808,0.48515554071609124
01/16/2025,5,0.0,0.0,21637.647606,0.4926288266538665
01/16/2025,6,0.0,0.0,23167.791348,0.5274659277084282
01/16/2025,7,5.666666666666667,0.0002618879812673,25698.948951,0.5850933196850004
01/16/2025,8,2421.4166666666665,0.1119070451718254,27593.288814,0.6282221496292761
01/16/2025,9,10872.583333333334,0.5024821588812762,27103.332653,0.6170672157334892
01/16/2025,10,15015.666666666666,0.6939569348322568,26078.224231,0.5937283589262073
01/16/2025,11,15288.25,0.7065545169899828,25286.683864,0.5757071946414053
01/16/2025,12,14437.166666666666,0.6672212529799386,24716.452311,0.5627246141876269
01/16/2025,13,13313.583333333334,0.6152942581060108,23866.560142,0.5433749422814866
01/16/2025,14,13436.833333333334,0.6209903216985747,24263.378813,0.5524093955570298
01/16/2025,15,12422.083333333334,0.5740931165825159,24712.4206229999,0.5626328239077827
01/16/2025,16,9465.416666666666,0.4374492110624564,24173.448568,0.5503619349512494
01/16/2025,17,2670.6666666666665,0.1234262650537448,24809.362932,0.5648399296341275
01/16/2025,18,103.0,0.0047601991889175,26726.336765,0.6084840718843734
01/16/2025,19,0.0,0.0,26972.055726,0.6140784066128154
01/16/2025,20,0.0,0.0,26571.684762,0.6049630775431756
01/16/2025,21,0.0,0.0,26408.16233,0.6012401282986648
01/16/2025,22,0.0,0.0,25879.968122,0.5892146208280534
01/16/2025,23,0.0,0.0,24608.609681,0.5602693385843106
01/16/2025,24,0.0,0.0,23176.110102,0.5276553225121916
01/17/2025,1,0.0,0.0,22601.663375,0.514576774314619
01/17/2025,2,0.0,0.0,22041.593445,0.5018255456466973
01/17/2025,3,0.0,0.0,21590.088633,0.49154604161676496
01/17/2025,4,0.0,0.0,21412.11717,0.4874941282760906
01/17/2025,5,0.0,0.0,21732.276418,0.49478326051248445
01/17/2025,6,0.0,0.0,23207.476926,0.5283694575228152
01/17/2025,7,1.0,4.621552610599531e-05,25515.0793179999,0.5809071214803029
01/17/2025,8,2309.583333333333,0.1067386088356383,27680.905856,0.6302169450608911
01/17/2025,9,10310.083333333334,0.4764859254466538,28455.5365099999,0.6478531223902727
01/17/2025,10,13398.666666666666,0.6192264291188625,27875.2834553,0.6346423803214413
01/17/2025,11,13659.0,0.6312578710817899,27071.8860043399,0.6163512633382147
01/17/2025,12,13497.5,0.6237940636156717,25989.1470069,0.5917003192248029
01/17/2025,13,12861.916666666666,0.5944202454814694,25485.29556404,0.5802290285547788
01/17/2025,14,12787.25,0.5909694861988886,24738.8090712,0.5632336152003827
01/17/2025,15,12293.166666666666,0.5681351650086847,23982.932673,0.546024419916263
01/17/2025,16,10709.5,0.4949451768321568,23254.9009511,0.5294491701729898
01/17/2025,17,3436.75,0.1588312093447793,24389.520084,0.5552812801286284
01/17/2025,18,55.333333333333336,0.0025572591111984,26231.827934,0.5972254864031147
01/17/2025,19,0.0,0.0,26553.973918,0.604559851071535
01/17/2025,20,0.0,0.0,26328.043309,0.599416041871777
01/17/2025,21,0.0,0.0,26176.003149,0.5959545119037828
01/17/2025,22,0.0,0.0,25463.416407,0.5797309012325739
01/17/2025,23,0.0,0.0,24420.2244979999,0.5559803339129072
01/17/2025,24,0.0,0.0,23109.344863,0.526135264419522
01/18/2025,1,0.0,0.0,22815.653198,0.5194487251541884
01/18/2025,2,0.0,0.0,22152.8621179999,0.5043588226840807
01/18/2025,3,0.0,0.0,21353.7286069999,0.48616478370941185
01/18/2025,4,0.0,0.0,20950.0020789999,0.4769730578157649
01/18/2025,5,0.0,0.0,20684.709003,0.47093307513701077
01/18/2025,6,0.0,0.0,21539.061644,0.4903842995375669
01/18/2025,7,3.1666666666666665,0.0001463491660023,22451.086302,0.5111485547528772
01/18/2025,8,2451.5,0.1132973622488475,23473.347293,0.5344225835059245
01/18/2025,9,10863.0,0.502039260089427,24051.026629,0.5475747291854277
01/18/2025,10,15174.666666666666,0.7013052034831101,23669.6728706,0.5388923687938785
01/18/2025,11,15705.166666666666,0.7258225400823406,22612.1783254,0.5148161703789323
01/18/2025,12,15183.0,0.7016903328673267,21606.3956564,0.4919173070126175
01/18/2025,13,14964.333333333334,0.6915845378254825,21318.1132993,0.48535392258612353
01/18/2025,14,15105.916666666666,0.698127886063323,21611.2749687,0.4920283953313199
01/18/2025,15,15147.666666666666,0.7000573842782483,22076.6863715,0.5026245136084804
01/18/2025,16,12048.666666666666,0.5568354688757687,21200.4208149,0.4826743932975574
01/18/2025,17,3503.083333333333,0.1618968392431437,22283.337202,0.507329376078282
01/18/2025,18,41.91666666666666,0.0019372008026096,24354.726639,0.5544891305244892
01/18/2025,19,0.0,0.0,24938.554499,0.5677812609296394
01/18/2025,20,0.0,0.0,24667.433573,0.5616085943769382
01/18/2025,21,0.0,0.0,24350.546527,0.5543939610445467
01/18/2025,22,0.0,0.0,23946.4554059999,0.5451939343861809
01/18/2025,23,0.0,0.0,23155.256724,0.5271805493148936
01/18/2025,24,0.0,0.0,22024.233576,0.5014303098959328
01/19/2025,1,0.0,0.0,21791.746249,0.4961372225327694
01/19/2025,2,0.0,0.0,21391.733776,0.4870300553023419
01/19/2025,3,0.0,0.0,20845.692394,0.4745982175066046
01/19/2025,4,0.0,0.0,20515.579774,0.4670824747782158
01/19/2025,5,0.0,0.0,20445.057523,0.4654768800113666
01/19/2025,6,0.0,0.0,20925.155938,0.476407380552204
01/19/2025,7,5.166666666666667,0.0002387802182143,21928.05968,0.49924069878829685
01/19/2025,8,2634.0,0.1217316957631916,22884.421638,0.5210143905409665
01/19/2025,9,11579.416666666666,0.5351488332505305,23416.24033949,0.533122417609258
01/19/2025,10,15816.0,0.7309447608924218,23527.488245,0.5356552218288765
01/19/2025,11,16161.666666666666,0.7469199277497275,22568.54274,0.5138227099239245
01/19/2025,12,15782.833333333334,0.7294119459432397,22550.115521,0.5134031735935544
01/19/2025,13,15681.333333333334,0.7247210700434812,22507.3677609999,0.5124299264442158
01/19/2025,14,15686.666666666666,0.7249675528493797,23220.441994,0.5286646359244893
01/19/2025,15,15710.0,0.7260459151251863,23338.441918,0.5313511647544185
01/19/2025,16,12771.916666666666,0.5902608481319299,22314.4378059999,0.5080374500027528
01/19/2025,17,3767.0833333333335,0.1740977381351265,22741.86526,0.517768779811698
01/19/2025,18,130.16666666666666,0.0060157209814637,24896.483495,0.5668234216250135
01/19/2025,19,25.166666666666668,0.0011630907403342,25420.532794,0.5787545610897105
01/19/2025,20,0.0,0.0,25216.132138,0.5741009288110963
01/19/2025,21,0.0,0.0,24806.960443,0.5647852316670163
01/19/2025,22,0.0,0.0,24192.184513,0.550788500110719
01/19/2025,23,0.0,0.0,23033.1790249999,0.524401180932799
01/19/2025,24,0.0,0.0,21896.491701,0.49852198403992043
01/20/2025,1,0.0,0.0,21753.472576,0.4952658378533879
01/20/2025,2,0.0,0.0,21081.961173,0.4799773979745144
01/20/2025,3,0.0,0.0,20751.213262,0.47244719144370073
01/20/2025,4,0.0,0.0,20650.0157909999,0.4701432075584426
01/20/2025,5,0.0,0.0,21163.10055,0.4818247150588287
01/20/2025,6,0.0,0.0,22340.649962,0.5086342276141423
01/20/2025,7,10.416666666666666,0.0004814117302707,23803.900878,0.5419483657762497
01/20/2025,8,2772.25,0.1281209922473455,25448.698839,0.5793958232986385
01/20/2025,9,11481.25,0.5306120091044586,25597.0177057,0.5827726298075305
01/20/2025,10,15613.916666666666,0.7216053733251686,25261.5390167,0.575134716669338
01/20/2025,11,15889.333333333334,0.7343338994735281,23666.82506,0.5388275320972118
01/20/2025,12,15700.916666666666,0.7256261240963902,23229.734547,0.52887620141277
01/20/2025,13,15765.666666666666,0.7286185794117533,23718.85056,0.5400120074841745
01/20/2025,14,15964.833333333334,0.7378231716945308,24321.113613,0.5537238557654126
01/20/2025,15,15391.75,0.7113378239419533,25280.9912402999,0.575577589492776
01/20/2025,16,12325.75,0.5696410209009717,23684.5581625,0.5392312653327548
01/20/2025,17,3566.333333333333,0.1648199712693479,24042.544153,0.5473816068888134
01/20/2025,18,130.83333333333334,0.006046531332201,26439.313764,0.6019493594803276
01/20/2025,19,55.91666666666666,0.0025842181680935,26938.90771,0.6133237188331949
01/20/2025,20,15.333333333333334,0.0007086380669585,26622.41168,0.6061179878434606
01/20/2025,21,9.25,0.0004274936164804,26293.756495,0.5986354268410639
01/20/2025,22,0.0,0.0,25456.27229,0.5795682496338754
01/20/2025,23,0.0,0.0,24154.14333,0.5499224085795574
01/20/2025,24,0.0,0.0,22949.271451,0.522490839731222
01/21/2025,1,0.0,0.0,22545.345841,0.5132945812962446
01/21/2025,2,0.0,0.0,22095.506214,0.5030529888797948
01/21/2025,3,0.0,0.0,22061.803578,0.5022856739511969
01/21/2025,4,0.0,0.0,21779.609098,0.49586089348975493
01/21/2025,5,0.0,0.0,22038.141434,0.5017469529937671
01/21/2025,6,0.0,0.0,23575.5737559999,0.5367499946662141
01/21/2025,7,8.333333333333334,0.0003851293842166,26095.5408719999,0.5941226104960963
01/21/2025,8,2921.5,0.1350186595186653,27801.978094,0.6329734219031221
01/21/2025,9,12044.833333333334,0.5566583093590292,28005.00685,0.6375958198488925
01/21/2025,10,16001.75,0.7395292948666105,27305.1661863,0.6216624017952777
01/21/2025,11,16385.666666666668,0.7572722055974705,26558.1505057,0.6046549403130058
01/21/2025,12,15942.333333333334,0.7367833223571459,25079.0698002,0.5709804020385775
01/21/2025,13,15426.75,0.7129553673556631,24541.4854209,0.5587411065835314
01/21/2025,14,14925.0,0.68976672713198,24501.1747404,0.5578233449304195
01/21/2025,15,14343.25,0.6628808448198172,24303.56342714,0.5533242870310845
01/21/2025,16,11850.833333333334,0.5476924972944661,23196.5866518,0.5281215163834283
01/21/2025,17,3319.4166666666665,0.1534085876150092,24546.64042,0.5588584715209902
01/21/2025,18,77.75,0.0035932571547411,26758.897737,0.60922539431106
01/21/2025,19,15.083333333333334,0.000697084185432,27266.1463559999,0.6207740291973414
01/21/2025,20,0.0,0.0,26986.2451319999,0.6144014597725642
01/21/2025,21,0.0,0.0,26552.908932,0.6045356043136093
01/21/2025,22,0.0,0.0,25924.96656,0.5902391096318664
01/21/2025,23,0.0,0.0,24527.780885,0.5584290925622668
01/21/2025,24,0.0,0.0,23234.007244,0.5289734787946779
01/22/2025,1,0.0,0.0,22645.248405,0.5155690837643125
01/22/2025,2,0.0,0.0,22090.118401,0.5029303234198174
01/22/2025,3,0.0,0.0,21809.860826,0.49654964087765296
01/22/2025,4,0.0,0.0,21773.546007,0.4957228538350007
01/22/2025,5,0.0,0.0,22182.740696,0.5050390744882646
01/22/2025,6,0.0,0.0,23602.117055,0.5373543114792079
01/22/2025,7,8.083333333333334,0.0003735755026901,26119.2924849999,0.5946633684128709
01/22/2025,8,1618.4166666666667,0.0747959777087112,27600.402498,0.6283841083535292
01/22/2025,9,8525.416666666666,0.3940066165228208,27816.293894,0.6332993527013784
01/22/2025,10,13563.916666666666,0.6268635448078782,26298.9611117299,0.5987539214334299
01/22/2025,11,14793.833333333334,0.6837047906244103,24979.3162257,0.5687092916454664
01/22/2025,12,15168.5,0.7010202077387898,24875.717134,0.566350629561866
01/22/2025,13,15499.5,0.7163175468798743,25765.2016677,0.5866017090757909
01/22/2025,14,15415.416666666666,0.7124315913931285,25576.3305795,0.5823016416995663
01/22/2025,15,14413.5,0.6661274855287634,25394.40352,0.5781596704700681
01/22/2025,16,11396.083333333334,0.5266759867977647,24066.508094,0.5479271989213577
01/22/2025,17,3692.9166666666665,0.1706700866155985,24499.131017,0.557776815054396
01/22/2025,18,38.833333333333336,0.0017947029304494,26613.10382,0.6059060738575249
01/22/2025,19,0.0,0.0,27020.647925,0.6151847153213122
01/22/2025,20,0.0,0.0,26574.784628,0.6050336528375962
01/22/2025,21,0.0,0.0,26145.7183969999,0.5952650126516009
01/22/2025,22,0.0,0.0,25698.518351,0.5850835161251764
01/22/2025,23,0.0,0.0,24177.844978,0.5504620289327776
01/22/2025,24,0.0,0.0,22818.873104,0.5195220334242739
01/23/2025,1,0.0,0.0,22278.30632,0.5072148369406723
01/23/2025,2,0.0,0.0,21505.952793,0.48963050343565306
01/23/2025,3,0.0,0.0,21104.020972,0.480479638009821
01/23/2025,4,0.0,0.0,21042.220002,0.47907260246272537
01/23/2025,5,0.0,0.0,21506.68261,0.4896471193311944
01/23/2025,6,0.0,0.0,23018.051302,0.5240567649146123
01/23/2025,7,14.333333333333334,0.0006624225408525,25463.9166569999,0.5797422905284424
01/23/2025,8,2906.0,0.1343023188640223,27005.497617,0.6148397851057275
01/23/2025,9,11566.083333333334,0.5345326262357839,26995.813588,0.6146193068018739
01/23/2025,10,14717.083333333334,0.6801577489957752,26505.69387504,0.6034606492845723
01/23/2025,11,15663.083333333334,0.7238776366920467,25699.8059428,0.5851128309956833
01/23/2025,12,15790.333333333334,0.7297585623890346,24467.216214,0.5570502040918245
01/23/2025,13,15186.083333333334,0.701832830739487,23563.022562,0.5364642390200429
01/23/2025,14,15120.416666666666,0.6987980111918599,24086.23868,0.5483764092794965
01/23/2025,15,14967.25,0.6917193331099583,24223.574967,0.5515031731104708
01/23/2025,16,12252.916666666666,0.5662749900829184,23454.1665837999,0.5339858923073391
01/23/2025,17,4344.5,0.2007833531674966,24238.040895,0.5518325219041503
01/23/2025,18,189.08333333333331,0.0087385857278752,26793.0880059999,0.6100038112816613
01/23/2025,19,65.16666666666667,0.003011711784574,26814.015123,0.6104802633101225
01/23/2025,20,0.0,0.0,26297.16372,0.5987129998418104
01/23/2025,21,0.0,0.0,25675.915922,0.5845689219197181
01/23/2025,22,0.0,0.0,25101.027543,0.571480318539137
01/23/2025,23,0.0,0.0,23878.882002,0.5436554766327489
01/23/2025,24,0.0,0.0,22665.661504,0.516033833037979
01/24/2025,1,0.0,0.0,22351.934496,0.5088911449484562
01/24/2025,2,0.0,0.0,21769.709663,0.4956355109926653
01/24/2025,3,0.0,0.0,21346.268975,0.48599494871504023
01/24/2025,4,0.0,0.0,21219.9543219999,0.48311911671935814
01/24/2025,5,0.0,0.0,21582.715076,0.4913781663098315
01/24/2025,6,0.0,0.0,23008.084952,0.5238298589497901
01/24/2025,7,7.583333333333333,0.0003504677396371,25465.549357,0.5797794625491709
01/24/2025,8,2699.833333333333,0.124774217898503,26846.564331,0.6112213179033726
01/24/2025,9,10817.666666666666,0.4999441562392885,27177.9778234,0.6187666778644526
01/24/2025,10,15573.75,0.7197490496932445,26784.9164365999,0.6098177674603206
01/24/2025,11,15849.25,0.7324814271354462,25129.9052337,0.5721377829338372
01/24/2025,12,15783.666666666666,0.7294504588816613,23702.7697315,0.53964589191469
01/24/2025,13,15457.0,0.7143533870203695,23999.334988,0.5463978548358065
01/24/2025,14,15258.166666666666,0.7051641999129608,24424.3096238,0.5560733408222663
01/24/2025,15,14709.833333333334,0.6798226864315067,24347.0248755,0.5543137828718582
01/24/2025,16,11596.0,0.5359152407251216,23785.444806,0.5415281725436232
01/24/2025,17,3682.8333333333335,0.1702040800606964,24407.8288249999,0.5556981190457105
01/24/2025,18,117.41666666666669,0.0054264730236122,26029.230343,0.5926129048806411
01/24/2025,19,0.0,0.0,26194.719053,0.5963806207856341
01/24/2025,20,0.0,0.0,25726.5707359999,0.5857221906132253
01/24/2025,21,0.0,0.0,25228.533943,0.5743832832868132
01/24/2025,22,0.0,0.0,24955.538402,0.5681679369842292
01/24/2025,23,0.0,0.0,23990.325958,0.5461927443746787
01/24/2025,24,0.0,0.0,22625.3559839999,0.5151161888750425
01/25/2025,1,0.0,0.0,22078.749732,0.5026714905664468
01/25/2025,2,0.0,0.0,21389.519966,0.48697965302929475
01/25/2025,3,0.0,0.0,20657.985866,0.4703246639148421
01/25/2025,4,0.0,0.0,20316.567739,0.4625515263554832
01/25/2025,5,0.0,0.0,20467.51616,0.46598820047443246
01/25/2025,6,0.0,0.0,21158.6529009999,0.48172345450832044
01/25/2025,7,0.0,0.0,22168.668934,0.5047186997539478
01/25/2025,8,686.1666666666666,0.0317115534963971,22722.990625,0.5173390570681318
01/25/2025,9,3998.0,0.1847696733717692,22707.992799,0.5169975984419782
01/25/2025,10,7620.833333333333,0.3522008218661059,22388.352992,0.5097202924269466
01/25/2025,11,8743.083333333334,0.4040661960385592,21376.214918,0.48667673423219804
01/25/2025,12,8665.583333333334,0.4004844927653445,21274.593236,0.4843630922468109
01/25/2025,13,9038.75,0.4177305865905651,22310.718769,0.5079527779133046
01/25/2025,14,8694.0,0.4017977839655232,22485.8804309999,0.5119407199297845
01/25/2025,15,9077.666666666666,0.4195291408148567,23668.887089,0.5388744787406407
01/25/2025,16,7373.75,0.3407817356240829,23428.991005,0.5334127146648172
01/25/2025,17,2207.25,0.1020092199974581,23622.830584,0.5378259007052151
01/25/2025,18,31.5,0.0014557890723388,25330.204137,0.5766980297550015
01/25/2025,19,0.0,0.0,26053.060779,0.5931554573770629
01/25/2025,20,0.0,0.0,25075.952881,0.5709094384904031
01/25/2025,21,0.0,0.0,24621.37254,0.5605599132515944
01/25/2025,22,0.0,0.0,24108.087728,0.548873851102921
01/25/2025,23,0.0,0.0,23138.595134,0.5268012114274603
01/25/2025,24,0.0,0.0,22238.718341,0.5063135291830323
01/26/2025,1,0.0,0.0,21430.12337,0.4879040791792579
01/26/2025,2,0.0,0.0,20928.653697,0.47648701475937216
01/26/2025,3,0.0,0.0,20524.593528,0.46728769279163496
01/26/2025,4,0.0,0.0,20271.3741239999,0.46152259391628536
01/26/2025,5,0.0,0.0,20158.705709,0.45895744866144905
01/26/2025,6,0.0,0.0,20491.274952,0.4665291218369944
01/26/2025,7,8.583333333333334,0.0003966832657431,21032.346158,0.47884780260125925
01/26/2025,8,1400.6666666666667,0.0647325468991307,21904.366221,0.4987012648757442
01/26/2025,9,4215.833333333333,0.1948369554751918,22484.999837,0.5119206712629041
01/26/2025,10,6501.916666666667,0.3004894994473393,22842.508742,0.520060150914085
01/26/2025,11,8982.5,0.4151309632471028,23419.531314,0.5331973439109028
01/26/2025,12,9059.0,0.4186664509942115,22889.579364,0.5211318175623253
01/26/2025,13,7675.083333333333,0.3547080141573561,22661.3159429999,0.5159348967462152
01/26/2025,14,7942.666666666667,0.3670745186845521,22989.420254,0.5234049158855986
01/26/2025,15,6525.083333333333,0.3015601591354615,22485.558251,0.511933384790669
01/26/2025,16,4648.666666666667,0.2148405756914035,22422.823803,0.5105050965556556
01/26/2025,17,1641.6666666666667,0.0758704886906756,23658.010518,0.5386268495848602
01/26/2025,18,46.91666666666666,0.0021682784331396,25599.5791289999,0.5828309462649278
01/26/2025,19,0.0,0.0,26294.3421929999,0.5986487615493332
01/26/2025,20,0.0,0.0,26026.597342,0.5925529587988476
01/26/2025,21,0.0,0.0,25514.869661,0.5809023481757487
01/26/2025,22,0.0,0.0,25060.24371,0.5705517845245769
01/26/2025,23,0.0,0.0,23794.4883649999,0.5417340691336786
01/26/2025,24,0.0,0.0,22454.063872,0.5112163457088115
01/27/2025,1,0.0,0.0,22509.308498,0.5124741116074374
01/27/2025,2,0.0,0.0,21884.567926,0.49825051297270956
01/27/2025,3,0.0,0.0,21313.083699,0.4852394126292445
01/27/2025,4,0.0,0.0,21078.407647,0.47989649410845003
01/27/2025,5,0.0,0.0,21644.482083,0.4927844286142371
01/27/2025,6,0.0,0.0,23053.266036,0.5248585060931005
01/27/2025,7,3.583333333333333,0.0001656056352131,25728.970383,0.5857768238759333
01/27/2025,8,1576.8333333333333,0.0728741820814702,27535.404521,0.6269042858826472
01/27/2025,9,6773.416666666667,0.3130370147851171,27103.9850349999,0.617082068650266
01/27/2025,10,11563.083333333334,0.5343939796574659,27258.153271,0.6205920489674871
01/27/2025,11,13250.75,0.6123903825490173,26930.139693,0.613124095565202
01/27/2025,12,13562.5,0.6267980728125614,26411.682865,0.6013202810517655
01/27/2025,13,12668.75,0.5854929463553281,24455.0626495,0.5567735013592392
01/27/2025,14,11718.083333333334,0.5415573862038953,23535.87193559,0.5358460950575001
01/27/2025,15,11309.0,0.5226513847327009,22901.9741815,0.5214140129521754
01/27/2025,16,10015.166666666666,0.4628561965392273,22837.9583504999,0.5199565512036946
01/27/2025,17,3943.4166666666665,0.1822470759051503,24500.934623,0.5578178781275963
01/27/2025,18,161.16666666666666,0.0074484022907495,26879.269181,0.6119659160304316
01/27/2025,19,15.333333333333334,0.0007086380669585,27741.111204,0.6315876527498038
01/27/2025,20,0.0,0.0,27298.847109,0.621518534047151
01/27/2025,21,0.0,0.0,26996.141912,0.6146267818227185
01/27/2025,22,0.0,0.0,26468.300957,0.6026093169366834
01/27/2025,23,0.0,0.0,24965.063217,0.5683847904298064
01/27/2025,24,0.0,0.0,23744.763524,0.5406019733290248
01/28/2025,1,0.0,0.0,23219.835137,0.5286508194848606
01/28/2025,2,0.0,0.0,22516.054613,0.5126277018117626
01/28/2025,3,0.0,0.0,22551.728236,0.513439890611626
01/28/2025,4,0.0,0.0,22288.555904,0.5074481913529242
01/28/2025,5,0.0,0.0,22500.360967,0.5122704013068429
01/28/2025,6,0.0,0.0,24458.712863,0.5568566065297404
01/28/2025,7,8.666666666666666,0.0004005345595852,26817.596166,0.6105617936614532
01/28/2025,8,2608.333333333333,0.1205454972598044,28340.253436,0.6452284486497746
01/28/2025,9,11043.75,0.5103927164330857,28103.7279839,0.6398434244519737
01/28/2025,10,15064.666666666666,0.6962214956114506,26690.0859798,0.6076587427125735
01/28/2025,11,14863.916666666666,0.6869437287456721,25101.4743331,0.5714904907023375
01/28/2025,12,14960.833333333334,0.6914227834841116,23825.740924,0.5424456026492666
01/28/2025,13,14358.25,0.6635740777114072,22942.553684,0.5223378949317131
01/28/2025,14,13954.666666666666,0.6449222616337958,22805.19493,0.5192106195898737
01/28/2025,15,13317.583333333334,0.6154791202104347,22963.296989,0.5228101620741098
01/28/2025,16,11139.25,0.5148062991762082,23000.0889,0.523647811169627
01/28/2025,17,4217.916666666667,0.194933237821246,24772.281254,0.5639956833530101
01/28/2025,18,174.66666666666666,0.0080723118931805,27687.187282,0.6303599555940339
01/28/2025,19,0.0,0.0,28133.625418,0.6405241055569086
01/28/2025,20,0.0,0.0,27581.706615,0.627958455293952
01/28/2025,21,0.0,0.0,26833.974745,0.6109346881785443
01/28/2025,22,0.0,0.0,26200.3158469999,0.5965080441595332
01/28/2025,23,0.0,0.0,24747.4612959999,0.5634306022032552
01/28/2025,24,0.0,0.0,23487.609394,0.534747291727871
01/29/2025,1,0.0,0.0,23136.429729,0.5267519112011231
01/29/2025,2,0.0,0.0,22508.2471679999,0.5124499480864225
01/29/2025,3,0.0,0.0,22269.929721,0.5070241251677541
01/29/2025,4,0.0,0.0,21875.321456,0.4980399966656815
01/29/2025,5,0.0,0.0,22123.7771709999,0.5036966396420607
01/29/2025,6,0.0,0.0,23490.057878,0.5348030368727206
01/29/2025,7,3.1666666666666665,0.0001463491660023,25893.06353,0.5895127667076363
01/29/2025,8,2598.833333333333,0.1201064497617974,27564.0424939999,0.6275562925745749
01/29/2025,9,11058.916666666666,0.5110936519123599,27583.5528692,0.6280004893475983
01/29/2025,10,14860.75,0.6867973795796698,26359.803453,0.6001391316807052
01/29/2025,11,15293.166666666666,0.7067817433266705,26136.648685,0.595058520630751
01/29/2025,12,15087.166666666666,0.6972613449488355,25326.3501782,0.5766102858728481
01/29/2025,13,14735.666666666666,0.6810165875225782,25246.7085682,0.5747970687615646
01/29/2025,14,13995.25,0.6467978417349308,23594.2963316,0.5371762554417735
01/29/2025,15,13427.583333333334,0.6205628280820942,23461.2865406,0.5341479938457376
01/29/2025,16,11212.916666666666,0.5182108429326832,23003.3771819999,0.5237226761703337
01/29/2025,17,5105.166666666667,0.2359379633587904,23966.41353,0.5456483251493273
01/29/2025,18,233.5,0.0107913253457499,26957.715499,0.6137519196799661
01/29/2025,19,10.75,0.0004968169056394,27520.202115,0.6265581695410529
01/29/2025,20,0.0,0.0,27227.586398,0.6198961266077805
01/29/2025,21,0.0,0.0,26770.271501,0.609484343163356
01/29/2025,22,0.0,0.0,26321.9077359999,0.5992763520042402
01/29/2025,23,0.0,0.0,25004.774817,0.5692889126924836
01/29/2025,24,0.0,0.0,23588.770331,0.5370504438359448
01/30/2025,1,0.0,0.0,22991.956244,0.5234626532977635
01/30/2025,2,0.0,0.0,22406.380125,0.5101307199160818
01/30/2025,3,0.0,0.0,22099.882977,0.5031526355539847
01/30/2025,4,0.0,0.0,21737.572038,0.49490382699524205
01/30/2025,5,0.0,0.0,21956.481583,0.49988778616956464
01/30/2025,6,0.0,0.0,23468.6793239999,0.5343163068841194
01/30/2025,7,17.583333333333332,0.000812623000697,25849.940955,0.5885309860671819
01/30/2025,8,3323.6666666666665,0.1536050036009597,27379.038212,0.6233442615799357
01/30/2025,9,12590.25,0.5818650275560074,28091.1886409999,0.6395579386222583
01/30/2025,10,16011.0,0.7399567884830909,27576.3733952,0.6278370327687218
01/30/2025,11,16035.916666666666,0.7411083253418986,26924.4558173999,0.6129946895863863
01/30/2025,12,16007.25,0.7397834802601934,26805.5368948,0.610287237724055
01/30/2025,13,15664.583333333334,0.7239469599812057,26256.0754845999,0.5977775354344496
01/30/2025,14,14412.833333333334,0.6660966751780261,25458.823103,0.5796263245243665
01/30/2025,15,13190.75,0.6096174509826576,24204.81436,0.5510760464661141
01/30/2025,16,10987.666666666666,0.5078007956773077,23781.8997959999,0.5414474625631011
01/30/2025,17,5242.666666666667,0.2422925981983647,24665.578041,0.5615663490936883
01/30/2025,18,195.0,0.009012027590669,27186.6429809999,0.6189639593110746
01/30/2025,19,28.25,0.0013055886124943,28253.654625,0.6432568354952688
01/30/2025,20,2.1666666666666665,0.0001001336398963,27926.625556,0.6358112966142999
01/30/2025,21,0.0,0.0,27500.1202329999,0.6261009611537619
01/30/2025,22,0.0,0.0,26942.0653959999,0.6133956105275878
01/30/2025,23,0.0,0.0,25667.498622,0.5843772834986615
01/30/2025,24,0.0,0.0,24164.290667,0.5501534351130789
01/31/2025,1,0.0,0.0,23603.814819,0.5373929648255644
01/31/2025,2,0.0,0.0,22634.222636,0.5153180577866124
01/31/2025,3,0.0,0.0,22154.466535,0.5043953507798615
01/31/2025,4,0.0,0.0,22058.648637,0.5022138447527881
01/31/2025,5,0.0,0.0,22309.40367,0.5079228367806501
01/31/2025,6,0.0,0.0,23697.978617,0.5395368116136575
01/31/2025,7,23.33333333333333,0.0010783622758065,26153.269833,0.5954369377667529
01/31/2025,8,2681.5,0.1239269332532264,27493.495689,0.6259501387816995
01/31/2025,9,8894.833333333334,0.411079402125144,28955.100445,0.659226798476459
01/31/2025,10,12221.666666666666,0.564830754892106,29173.902359,0.6642083071934025
01/31/2025,11,12284.583333333334,0.5677384817429416,28167.7982109999,0.6413021246477805
01/31/2025,12,13079.666666666666,0.6044836762910499,27302.616929,0.6216043623237323
01/31/2025,13,13928.083333333334,0.6436936988981449,27204.728002,0.6193757047483568
01/31/2025,14,12903.916666666666,0.5963612975779212,26809.7074389999,0.6103821893719013
01/31/2025,15,11904.0,0.5501496227657682,26376.670844,0.6005231550823404
01/31/2025,16,8725.583333333334,0.4032574243317042,25474.612817,0.5799858122294378
01/31/2025,17,3037.25,0.1403681066654342,25512.632914,0.5808514236912485
01/31/2025,18,129.33333333333334,0.005977208043042,27314.766536,0.6218809749550913
01/31/2025,19,0.0,0.0,27431.058313,0.6245286140467419
01/31/2025,20,0.0,0.0,26874.019645,0.6118463987516938
01/31/2025,21,0.0,0.0,26846.576208,0.6112215883095036
01/31/2025,22,0.0,0.0,26359.823051,0.6001395778724502
01/31/2025,23,0.0,0.0,24978.639104,0.568693875474788
01/31/2025,24,0.0,0.0,23671.1506559999,0.5389260138416607
02/01/2025,1,0.0,0.0,23059.118551,0.5249917515202339
02/01/2025,2,0.0,0.0,22180.150781,0.5049801093544009
02/01/2025,3,0.0,0.0,21298.646068,0.4849107080792536
02/01/2025,4,0.0,0.0,20845.151702,0.47458590745930224
02/01/2025,5,0.0,0.0,20699.018483,0.4712588620465116
02/01/2025,6,0.0,0.0,21160.822547,0.4817728512903896
02/01/2025,7,8.916666666666666,0.0004120884411117,22315.3215959999,0.5080575714336327
02/01/2025,8,2128.5,0.098369747316611,23163.380885,0.527365513779324
02/01/2025,9,9617.25,0.4444662684428834,23498.785935,0.5350017503630765
02/01/2025,10,13248.083333333334,0.6122671411460681,24138.346288,0.5495627540363851
02/01/2025,11,12920.166666666666,0.5971122998771436,24157.8270761,0.5500062771937422
02/01/2025,12,12563.666666666666,0.5806364648203564,24202.189733,0.5510162910369215
02/01/2025,13,12280.833333333334,0.5675651735200441,24193.640219,0.5508216424722082
02/01/2025,14,11818.916666666666,0.5462174517529164,24042.934478,0.5473904934993298
02/01/2025,15,11029.75,0.5097456990676018,23622.7673673,0.5378244614374484
02/01/2025,16,8438.75,0.3900012709269679,22522.0905343,0.512765122888302
02/01/2025,17,3355.333333333333,0.1550684952609829,22811.688143,0.5193584519217264
02/01/2025,18,120.5,0.0055689708957724,24549.7428559999,0.5589291053271335
02/01/2025,19,0.0,0.0,24958.3010789999,0.5682308354265029
02/01/2025,20,0.0,0.0,24481.475781,0.5573748546216656
02/01/2025,21,0.0,0.0,23977.5296969999,0.5459014092371063
02/01/2025,22,0.0,0.0,23515.596317,0.535384475828943
02/01/2025,23,0.0,0.0,22919.628386,0.5218159499005306
02/01/2025,24,0.0,0.0,21840.80402,0.49725413101589316
02/02/2025,1,0.0,0.0,21467.05394,0.48874488515308817
02/02/2025,2,0.0,0.0,21061.724444,0.4795166641533472
02/02/2025,3,0.0,0.0,20540.788216,0.46765640062405445
02/02/2025,4,0.0,0.0,19774.18938,0.45020308536679976
02/02/2025,5,0.0,0.0,19360.343377,0.4407809672795845
02/02/2025,6,0.0,0.0,19716.2101029999,0.4488830590996708
02/02/2025,7,27.916666666666668,0.0012901834371257,20374.574993,0.4638721895807919
02/02/2025,8,3623.0833333333335,0.1674427023758631,21341.574394,0.4858880662122944
02/02/2025,9,11514.583333333334,0.5321525266413252,23223.6307696999,0.5287372354445531
02/02/2025,10,13372.166666666666,0.6180017176770536,23813.19043911,0.542159863147548
02/02/2025,11,12755.0,0.5894790354819701,23474.5271709999,0.5344494460339253
02/02/2025,12,12073.916666666666,0.5580024109099452,23061.2147281,0.5250394756205629
02/02/2025,13,11461.583333333334,0.5297031037577075,22056.3551724,0.5021616289668837
02/02/2025,14,10980.833333333334,0.5074849895822502,21119.7871031,0.48083858879809943
02/02/2025,15,9950.083333333334,0.4598483360484955,20459.062475,0.46579573366850774
02/02/2025,16,9243.75,0.4272047694422941,20519.7819012,0.46717814548279885
02/02/2025,17,5794.916666666667,0.2678151224904007,21918.9831799,0.4990340522213592
02/02/2025,18,296.9166666666667,0.0137221599596384,24348.120516,0.5543387275471656
02/02/2025,19,27.58333333333333,0.001274778261757,25009.216754,0.5693900431966967
02/02/2025,20,0.0,0.0,24599.382702,0.5600592660329362
02/02/2025,21,0.0,0.0,24162.413087,0.5501106878584239
02/02/2025,22,0.0,0.0,23457.894955,0.534070776910466
02/02/2025,23,0.0,0.0,22788.794348,0.5188372241259018
02/02/2025,24,0.0,0.0,21525.336586,0.49007181828538027
02/03/2025,1,0.0,0.0,20966.945907,0.4773588214744909
02/03/2025,2,0.0,0.0,20064.186002,0.4568054988190749
02/03/2025,3,0.0,0.0,19955.31919,0.4543269054509938
02/03/2025,4,0.0,0.0,20138.970191,0.45850812601543967
02/03/2025,5,0.0,0.0,20084.166827,0.45726040642061094
02/03/2025,6,0.0,0.0,21454.00337,0.48844776010958374
02/03/2025,7,34.5,0.0015944356506568,23743.410085,0.5405711593016101
02/03/2025,8,3014.833333333333,0.1393321086218915,25327.419157,0.5766346235356825
02/03/2025,9,9161.333333333334,0.4233958398323917,26401.788515,0.6010950143259293
02/03/2025,10,11195.75,0.517417476401197,25739.6025054,0.5860188876195586
02/03/2025,11,12329.0,0.5697912213608162,25901.8650719999,0.5897131532462798
02/03/2025,12,12821.333333333334,0.5925446653803346,25508.760410933,0.5807632576079086
02/03/2025,13,12969.166666666666,0.5993768606563374,25158.1721968,0.5727813427661528
02/03/2025,14,12843.75,0.5935806634238773,25227.3816184,0.574357048072803
02/03/2025,15,10836.25,0.5008029947660917,24907.362136,0.5670710979089149
02/03/2025,16,8683.166666666666,0.4012971157660416,24776.1310605,0.5640833326988851
02/03/2025,17,3659.1666666666665,0.1691103126095211,24429.0295954999,0.5561808014003615
02/03/2025,18,134.66666666666666,0.0062236908489407,26285.574238,0.5984491396929095
02/03/2025,19,8.083333333333334,0.0003735755026901,27306.163987,0.6216851189314944
02/03/2025,20,13.583333333333334,0.0006277608962731,26822.600961,0.6106757388709042
02/03/2025,21,15.666666666666666,0.0007240432423272,26076.480479,0.5936886585614831
02/03/2025,22,15.416666666666666,0.0007124893608007,25465.857538,0.579786478970142
02/03/2025,23,14.333333333333334,0.0006624225408525,24280.532217,0.5527999306761662
02/03/2025,24,14.0,0.0006470173654839,22854.2325079999,0.5203270683347612
02/04/2025,1,14.5,0.0006701251285369,21740.308307,0.49496612420108554
02/04/2025,2,14.0,0.0006470173654839,21484.443059,0.48914078684469064
02/04/2025,3,13.25,0.0006123557209044,21373.248945,0.48660920730757645
02/04/2025,4,13.833333333333334,0.0006393147777996,21048.523525,0.4792161160828666
02/04/2025,5,13.333333333333334,0.0006162070147466,20776.284585,0.4730179954727267
02/04/2025,6,13.166666666666666,0.0006085044270622,21942.1023829999,0.49956041193031014
02/04/2025,7,34.0,0.0015713278876038,24074.882368,0.548117857760517
02/04/2025,8,2933.6666666666665,0.1355809484196215,25934.732837,0.5904614604930549
02/04/2025,9,11993.416666666666,0.5542820610584126,27950.28993974,0.6363500685643565
02/04/2025,10,15294.833333333334,0.706858769203514,27903.131397,0.635276400206329
02/04/2025,11,15011.5,0.6937643701401486,27812.6766901,0.633216999067311
02/04/2025,12,14469.666666666666,0.6687232575783835,27718.7185291,0.6310778340595977
02/04/2025,13,13898.666666666666,0.6423341921718602,27167.4620833,0.6185272638208751
02/04/2025,14,11895.666666666666,0.5497644933815515,26613.6294571,0.6059180411467854
02/04/2025,15,10583.25,0.4891104666612748,26637.588117,0.6064635129434267
02/04/2025,16,8983.333333333334,0.4151694761855246,25598.3998609,0.5828040976226474
02/04/2025,17,4170.75,0.1927534055065799,25392.7505449,0.5781220368419201
02/04/2025,18,186.83333333333331,0.0086346007941367,27086.609716,0.6166864811461381
02/04/2025,19,14.25,0.0006585712470104,27450.226276,0.6249650150499366
02/04/2025,20,0.0,0.0,26883.573657,0.6120639169314469
02/04/2025,21,0.0,0.0,26395.27178,0.6009466464638067
02/04/2025,22,0.0,0.0,25625.112966,0.5834122804464608
02/04/2025,23,0.0,0.0,24317.864496,0.5536498824424102
02/04/2025,24,0.0,0.0,22698.18594,0.5167743236419491
02/05/2025,1,0.0,0.0,22167.008559,0.5046808976507364
02/05/2025,2,0.0,0.0,21523.354313,0.49002668746340367
02/05/2025,3,0.0,0.0,21286.918084,0.4846436946264912
02/05/2025,4,0.0,0.0,21072.711617,0.479766811407882
02/05/2025,5,0.0,0.0,21308.227185,0.4851288433641833
02/05/2025,6,0.0,0.0,22907.952252,0.5215501169275101
02/05/2025,7,49.333333333333336,0.0022799659545624,25493.204688,0.5804090972261622
02/05/2025,8,3276.583333333333,0.1514290225801358,27118.545395,0.6174135673969467
02/05/2025,9,10069.083333333334,0.465347983655109,27830.381643,0.6336200914150517
02/05/2025,10,12820.666666666666,0.5925138550295972,26983.707822,0.6143436923076868
02/05/2025,11,13812.833333333334,0.6383673595144289,25642.3808389999,0.583805421705143
02/05/2025,12,13617.666666666666,0.6293476293360755,25088.6182456299,0.5711977934830705
02/05/2025,13,13221.833333333334,0.6110539835857857,24715.2807595499,0.5626979412319185
02/05/2025,14,12705.0,0.5871682591766704,24106.20873258,0.5488310716231042
02/05/2025,15,11862.5,0.5482316784323693,23646.1768377,0.5383574297224363
02/05/2025,16,10889.166666666666,0.5032485663558672,22914.3396767,0.5216955407551183
02/05/2025,17,6336.583333333333,0.2928485324644814,23873.8876889,0.543541770066897
02/05/2025,18,410.5,0.018971473466511,26261.414983,0.5978991009058751
02/05/2025,19,23.5,0.0010860648634908,27155.393172,0.6182524884053137
02/05/2025,20,12.25,0.0005661401947984,26800.276109,0.6101674643187791
02/05/2025,21,14.166666666666666,0.0006547199531682,26067.99742,0.5934955229915865
02/05/2025,22,14.833333333333334,0.0006855303039055,25443.934457,0.5792873516219975
02/05/2025,23,14.75,0.0006816790100634,24495.454524,0.5576931115730486
02/05/2025,24,15.083333333333334,0.000697084185432,23072.579335,0.5252982159912571
02/06/2025,1,15.0,0.0006932328915899,22232.56446,0.5061734224934513
02/06/2025,2,14.916666666666666,0.0006893815977477,21620.996494,0.49224972732124
02/06/2025,3,14.25,0.0006585712470104,21537.695706,0.4903532009428178
02/06/2025,4,14.833333333333334,0.0006855303039055,21384.150173,0.48685739783440796
02/06/2025,5,8.416666666666666,0.0003889806780587,21376.58374,0.4866851312794377
02/06/2025,6,0.0,0.0,22802.913465,0.51915867700136
02/06/2025,7,57.41666666666666,0.0026535414572525,24717.524907,0.5627490342040063
02/06/2025,8,3598.333333333333,0.1662988681047398,26449.7455449999,0.6021868620095981
02/06/2025,9,10497.25,0.4851359314161592,28235.02759,0.6428327499124374
02/06/2025,10,12240.083333333334,0.5656818908312248,28578.1307425,0.650644250798072
02/06/2025,11,11536.333333333334,0.5331577143341306,28689.464367,0.653179006599777
02/06/2025,12,12135.5,0.560848517059306,29126.533626,0.6631298533899771
02/06/2025,13,12656.916666666666,0.5849460626297405,28869.0346112,0.6572673197247982
02/06/2025,14,11834.916666666666,0.5469569001706123,28299.077389,0.6442909850174419
02/06/2025,15,11353.666666666666,0.5247156782321021,28303.041374,0.6443812338889913
02/06/2025,16,8918.833333333334,0.4121885747516878,27470.818204,0.6254338357606671
02/06/2025,17,3619.0,0.167253988977597,26634.44611,0.6063919782160879
02/06/2025,18,170.33333333333334,0.0078720446133878,27212.978445,0.6195635443013653
02/06/2025,19,27.58333333333333,0.001274778261757,27441.4558459999,0.6247653368446681
02/06/2025,20,10.083333333333334,0.0004660065549021,26658.37725,0.6069368234614381
02/06/2025,21,0.0,0.0,25996.914117,0.5918771546370774
02/06/2025,22,0.0,0.0,25368.830548,0.577577445293847
02/06/2025,23,0.0,0.0,24475.008302,0.557227608181147
02/06/2025,24,0.0,0.0,23031.88525,0.524371725288093
02/07/2025,1,0.0,0.0,22484.455179,0.5119082709208543
02/07/2025,2,0.0,0.0,21711.712757,0.49431508336242636
02/07/2025,3,0.0,0.0,21393.275425,0.487065154346
02/07/2025,4,0.0,0.0,20832.767083,0.47430394426082434
02/07/2025,5,0.0,0.0,20790.62957,0.4733445907319525
02/07/2025,6,0.0,0.0,22024.761316,0.5014423250623554
02/07/2025,7,38.833333333333336,0.0017947029304494,24174.117792,0.5503771713133481
02/07/2025,8,3302.583333333333,0.1526306262588916,25727.357008,0.5857400918315043
02/07/2025,9,10857.75,0.5017966285773706,27040.411834,0.6156346843511278
02/07/2025,10,13724.333333333334,0.6342772854540483,26701.6856538,0.6079228349048599
02/07/2025,11,14645.25,0.6768379337038278,26356.2181107,0.6000575034463165
02/07/2025,12,14865.0,0.6869937955656202,26364.1946047,0.6002391059454228
02/07/2025,13,14145.833333333334,0.6537571297077254,25990.8159159,0.5917383156233686
02/07/2025,14,12612.416666666666,0.5828894717180236,24775.8811605,0.5640776431735716
02/07/2025,15,11788.666666666666,0.54481943208821,24609.8821197,0.5602983084610358
02/07/2025,16,10134.083333333334,0.4683519928519986,23948.3770582,0.5452376850417887
02/07/2025,17,4576.583333333333,0.2115092065179296,23368.044081,0.5320251233607627
02/07/2025,18,284.75,0.0131598710586821,25276.360806,0.5754721674313028
02/07/2025,19,1.0,4.621552610599531e-05,26113.300269,0.5945269423839958
02/07/2025,20,0.0,0.0,26018.080584,0.5923590559968039
02/07/2025,21,0.0,0.0,25406.874019,0.5784435889163808
02/07/2025,22,0.0,0.0,24961.668558,0.5683075035217973
02/07/2025,23,0.0,0.0,24183.187307,0.5505836588490601
02/07/2025,24,0.0,0.0,22878.977546,0.5208904437652823
02/08/2025,1,0.0,0.0,22473.471803,0.5116582101134087
02/08/2025,2,0.0,0.0,21713.9367309999,0.49436571704137466
02/08/2025,3,0.0,0.0,21083.701632,0.4800170233668224
02/08/2025,4,0.0,0.0,20615.086728,0.46934797031107245
02/08/2025,5,0.0,0.0,20569.800169,0.46831692179648365
02/08/2025,6,0.0,0.0,21220.214632,0.48312504325131067
02/08/2025,7,54.583333333333336,0.0025225974666189,22529.971334,0.5129445466953626
02/08/2025,8,3744.75,0.1730655913854259,23453.70211,0.5339753175356623
02/08/2025,9,12358.5,0.571154579380943,25046.236186,0.5702328723101764
02/08/2025,10,14015.333333333334,0.6477260035508929,24307.229516,0.553407753639211
02/08/2025,11,13605.583333333334,0.6287891917289614,22883.23422,0.5209873563482141
02/08/2025,12,12463.583333333334,0.5760110609159147,21386.3214788,0.48690683240548693
02/08/2025,13,12486.416666666666,0.5770663154286683,20316.751379,0.46255570732558565
02/08/2025,14,11783.333333333334,0.5445729492823114,19824.049658,0.4513382646938244
02/08/2025,15,10687.5,0.4939284352578248,18995.091251,0.4324651961042412
02/08/2025,16,10056.416666666666,0.4647625869910996,19658.275296,0.44756404529029237
02/08/2025,17,6115.5,0.2826310499012143,21335.719371,0.485754763685003
02/08/2025,18,429.0,0.0198264606994719,24042.489913,0.5473803719954442
02/08/2025,19,0.0,0.0,25127.701208,0.5720876034219846
02/08/2025,20,0.0,0.0,24870.965727,0.5662424532897505
02/08/2025,21,0.0,0.0,24452.9001599999,0.556724267510695
02/08/2025,22,0.0,0.0,24001.472047,0.5464465097028619
02/08/2025,23,0.0,0.0,23160.204423,0.5272931946078288
02/08/2025,24,0.0,0.0,22015.985496,0.5012425241418373
02/09/2025,1,0.0,0.0,21531.186811,0.49020501157560703
02/09/2025,2,0.0,0.0,20922.096569,0.47633772726141127
02/09/2025,3,0.0,0.0,20608.639631,0.4692011879117901
02/09/2025,4,0.0,0.0,20493.529842,0.4665804593869518
02/09/2025,5,0.0,0.0,20390.7853279999,0.46424125365171487
02/09/2025,6,0.0,0.0,21132.961848,0.48113854095739755
02/09/2025,7,59.91666666666666,0.0027690802725175,22115.513872,0.5035085073938267
02/09/2025,8,2985.6666666666665,0.1379841557771333,22210.6903199999,0.505675409395238
02/09/2025,9,10925.916666666666,0.5049469869402625,22396.3209235,0.5099016999818332
02/09/2025,10,13485.166666666666,0.623224072127031,22084.62129733,0.5028051697164084
02/09/2025,11,13304.416666666666,0.6148706157833724,20254.453673,0.46113736248658854
02/09/2025,12,13749.833333333334,0.6354557813697512,19686.811055,0.44821372485480976
02/09/2025,13,14138.666666666666,0.653425918437299,19888.64011,0.45280880895821013
02/09/2025,14,13496.0,0.6237247403265127,19703.043698,0.4485832968166142
02/09/2025,15,12763.5,0.5898718674538711,19464.58689,0.44315430103705017
02/09/2025,16,10129.25,0.468128617809153,19726.2324155,0.44911123917438067
02/09/2025,17,5432.916666666667,0.2510851020400304,20961.269192,0.47722957852254805
02/09/2025,18,532.0833333333334,0.0245905111822316,23329.141729,0.5311394254157364
02/09/2025,19,9.583333333333334,0.0004428987918491,24070.4654529999,0.5480172969373837
02/09/2025,20,0.0,0.0,23984.518674,0.5460605287311365
02/09/2025,21,0.0,0.0,24058.578718,0.5477466691675644
02/09/2025,22,0.0,0.0,23697.992212,0.5395371211338521
02/09/2025,23,0.0,0.0,22822.8927239999,0.5196135489494457
02/09/2025,24,0.0,0.0,22044.0965369999,0.5018825340632467
02/10/2025,1,0.0,0.0,21828.444211,0.4969727326718492
02/10/2025,2,0.0,0.0,21194.525371,0.48254017049922254
02/10/2025,3,0.0,0.0,21093.626791,0.48024299152757416
02/10/2025,4,0.0,0.0,21001.5806529999,0.47814735794546354
02/10/2025,5,0.0,0.0,21101.689497,0.48042655683322844
02/10/2025,6,0.0,0.0,22408.03117,0.5101683096012414
02/10/2025,7,84.83333333333333,0.0039206171313252,24651.9144949999,0.5612552682980063
02/10/2025,8,4212.083333333333,0.1946636472522944,25911.998243,0.589943857259533
02/10/2025,9,11933.916666666666,0.5515322372551058,25982.331166,0.5915451415563999
02/10/2025,10,14917.916666666666,0.6894393671553958,25122.7500373999,0.5719748790904075
02/10/2025,11,14913.916666666666,0.6892545050509719,24096.5555583,0.5486112957950829
02/10/2025,12,14712.083333333334,0.6799266713652452,23689.7360979,0.5393491524657296
02/10/2025,13,15119.166666666666,0.6987402417842273,23244.7263618,0.5292175231806819
02/10/2025,14,15204.166666666666,0.702668561503237,22929.625634,0.5220435593265498
02/10/2025,15,15117.0,0.6986401081443311,23416.667089,0.5331321335041749
02/10/2025,16,12491.583333333334,0.5773050956468826,22595.2505741,0.5144307727417837
02/10/2025,17,7451.25,0.3443634388972975,22836.6886114,0.5199276427893267
02/10/2025,18,598.1666666666666,0.0276445871990695,25724.451197,0.5856739346276587
02/10/2025,19,0.0,0.0,26996.427423,0.614633282111081
02/10/2025,20,0.0,0.0,26794.563884,0.6100374129032753
02/10/2025,21,0.0,0.0,26679.923194,0.607427364453007
02/10/2025,22,0.0,0.0,26113.931084,0.5945413042803971
02/10/2025,23,0.0,0.0,24866.55325,0.5661419935074892
02/10/2025,24,0.0,0.0,23669.836392,0.5388960917196273
02/11/2025,1,0.0,0.0,22832.199474,0.5198254376637826
02/11/2025,2,0.0,0.0,22046.135076,0.5019289459049585
02/11/2025,3,0.0,0.0,21509.157269,0.489703460407717
02/11/2025,4,0.0,0.0,21525.575451,0.49007725657455203
02/11/2025,5,0.0,0.0,21851.055052,0.49748751839506233
02/11/2025,6,0.0,0.0,23344.247293,0.5314833369353603
02/11/2025,7,90.08333333333331,0.0041632486433817,26087.820494,0.5939468390432715
02/11/2025,8,3525.75,0.1629443911682129,27354.680366,0.6227897014302701
02/11/2025,9,11386.416666666666,0.5262292367120734,27258.6792185,0.6206040233236891
02/11/2025,10,14433.25,0.6670402421693568,26177.973476,0.5959993707486909
02/11/2025,11,14739.833333333334,0.6812091522146866,25738.394919,0.5859913942486457
02/11/2025,12,15027.5,0.6945038185578445,25367.347376,0.5775436776082192
02/11/2025,13,15174.416666666666,0.7012936496015836,25316.354313,0.5763827079293243
02/11/2025,14,16014.583333333334,0.740122394118304,25893.386981,0.5895201307838756
02/11/2025,15,14584.5,0.6740303404928886,25964.571285,0.5911407986491739
02/11/2025,16,11817.166666666666,0.5461365745822309,25274.30128365,0.5754252778572962
02/11/2025,17,5405.25,0.2498064724844311,24955.162872,0.5681593872145574
02/11/2025,18,372.0,0.0171921757114302,27270.162945,0.6208654757151099
02/11/2025,19,0.0,0.0,28281.008778,0.6438796131900476
02/11/2025,20,0.0,0.0,27952.399986,0.6363981084267379
02/11/2025,21,0.0,0.0,27377.637563,0.6233123727126251
02/11/2025,22,0.0,0.0,26548.832918,0.6044428048544995
02/11/2025,23,0.0,0.0,25033.677535,0.5699469468889319
02/11/2025,24,0.0,0.0,23393.151125,0.5325967406572305
02/12/2025,1,0.0,0.0,23539.120775,0.5359200620605533
02/12/2025,2,0.0,0.0,23791.0051059999,0.5416547650510284
02/12/2025,3,0.0,0.0,23333.565788,0.5312401488878025
02/12/2025,4,0.0,0.0,23208.25823,0.528387245633602
02/12/2025,5,0.0,0.0,22814.885451,0.5194312456984423
02/12/2025,6,0.0,0.0,23702.084819,0.5396302983692465
02/12/2025,7,49.333333333333336,0.0022799659545624,25950.248579,0.5908147106205782
02/12/2025,8,2516.5,0.1163013714457372,27181.137571,0.6188386164957241
02/12/2025,9,7515.666666666667,0.3473404890372921,28264.457564,0.6435027882559796
02/12/2025,10,9977.083333333334,0.4610961552533574,28391.90451,0.6464043994020632
02/12/2025,11,10887.916666666666,0.5031907969482348,28211.117462,0.6422883830516647
02/12/2025,12,11780.75,0.5444535591732043,27678.51594,0.6301625333458877
02/12/2025,13,10835.25,0.5007567792399856,27726.434036,0.6312534946110772
02/12/2025,14,9147.5,0.4227565250545921,27316.806681,0.6219274233609372
02/12/2025,15,6207.583333333333,0.286886729596808,26124.655606,0.5947854717049474
02/12/2025,16,4029.1666666666665,0.1862100572687394,25911.133713,0.5899241743250818
02/12/2025,17,1737.9166666666667,0.0803187330783776,26292.735194,0.5986121746686256
02/12/2025,18,92.5,0.0042749361648045,28004.822473,0.6375916220993576
02/12/2025,19,0.0,0.0,28527.2678749999,0.649486245307222
02/12/2025,20,0.0,0.0,28060.471551,0.6388585962408492
02/12/2025,21,0.0,0.0,27180.289047,0.6188192979732063
02/12/2025,22,0.0,0.0,26251.7407619999,0.5976788459027966
02/12/2025,23,0.0,0.0,24939.717373,0.5678077363240353
02/12/2025,24,0.0,0.0,24337.870034,0.5541053526899609
02/13/2025,1,0.0,0.0,24001.33253,0.5464433332902842
02/13/2025,2,0.0,0.0,23584.5299639999,0.5369539025178737
02/13/2025,3,0.0,0.0,23145.1627,0.5269507365695397
02/13/2025,4,0.0,0.0,22589.003649,0.514288547697812
02/13/2025,5,0.0,0.0,23124.302375,0.5264758052084466
02/13/2025,6,0.0,0.0,23303.189535,0.530548566413311
02/13/2025,7,53.91666666666666,0.0024917871158815,24947.715733,0.5679898366509147
02/13/2025,8,772.5833333333334,0.0357053452107235,26424.964332,0.6016226629753272
02/13/2025,9,1316.9166666666667,0.0608619965877536,27459.586748,0.6251781268642269
02/13/2025,10,2114.833333333333,0.0977381351264957,27690.557705,0.6304366907159867
02/13/2025,11,3290.5,0.1520721886517775,27469.519098,0.6254042587439723
02/13/2025,12,4189.75,0.1936315005025938,28110.661884,0.6400012899987557
02/13/2025,13,4479.666666666667,0.2070301517794903,28105.787089,0.6398903045263626
02/13/2025,14,5414.333333333333,0.2502262635132272,28427.0008199999,0.6472034443966926
02/13/2025,15,4974.083333333333,0.2298798781450628,27142.292242,0.6179542168052076
02/13/2025,16,2731.25,0.1262261556769996,26585.3306079999,0.6052737553592689
02/13/2025,17,1232.0,0.0569375281625862,27044.215718,0.6157212881698871
02/13/2025,18,147.25,0.0068052362191078,27946.251431,0.6362581229953075
02/13/2025,19,0.0,0.0,28027.778143,0.6381142586161856
02/13/2025,20,0.0,0.0,27484.9474019999,0.6257555181523482
02/13/2025,21,0.0,0.0,26679.789469,0.6074243199080989
02/13/2025,22,0.0,0.0,26156.367571,0.5955074646125547
02/13/2025,23,0.0,0.0,25189.975307,0.5735054107954992
02/13/2025,24,0.0,0.0,23736.503645,0.5404139189446404
02/14/2025,1,0.0,0.0,23360.0702389999,0.53184358124029
02/14/2025,2,0.0,0.0,22060.866627,0.5022643421927653
02/14/2025,3,0.0,0.0,21517.453443,0.48989234112792074
02/14/2025,4,0.0,0.0,21226.215961,0.48326167675775594
02/14/2025,5,0.0,0.0,21134.127395,0.48116507720854074
02/14/2025,6,0.0,0.0,22252.901379,0.5066364373612018
02/14/2025,7,53.91666666666666,0.0024917871158815,24182.709515,0.5505727808591496
02/14/2025,8,772.5833333333334,0.0357053452107235,25544.2703039999,0.5815717187343067
02/14/2025,9,1316.9166666666667,0.0608619965877536,26444.394086,0.6020650242287076
02/14/2025,10,2114.833333333333,0.0977381351264957,26477.5584859,0.6028200850239895
02/14/2025,11,3290.5,0.1520721886517775,26035.9413107,0.5927656948790717
02/14/2025,12,4189.75,0.1936315005025938,25007.97808,0.5693618420479241
02/14/2025,13,4479.666666666667,0.2070301517794903,24537.8864434,0.5586591679137063
02/14/2025,14,5414.333333333333,0.2502262635132272,23668.8289277,0.538873154570218
02/14/2025,15,4974.083333333333,0.2298798781450628,22601.486611,0.5145727498918398
02/14/2025,16,2731.25,0.1262261556769996,21991.4359889999,0.5006836004062906
02/14/2025,17,1232.0,0.0569375281625862,22634.162591,0.5153166907295998
02/14/2025,18,147.25,0.0068052362191078,25360.175244,0.5773803881861848
02/14/2025,19,0.0,0.0,26372.1681699999,0.6004206417662044
02/14/2025,20,0.0,0.0,26284.460529,0.5984237836483017
02/14/2025,21,0.0,0.0,25828.763132,0.5880488261630397
02/14/2025,22,0.0,0.0,25296.9868799999,0.57594176555112
02/14/2025,23,0.0,0.0,24503.45134,0.5578751767473586
02/14/2025,24,0.0,0.0,23149.139598,0.5270412794340478
02/15/2025,1,0.0,0.0,22471.506879,0.5116134742797261
02/15/2025,2,0.0,0.0,21600.252778,0.4917774508215207
02/15/2025,3,0.0,0.0,21099.675012,0.48038069263394334
02/15/2025,4,0.0,0.0,20991.174755,0.4779104446998412
02/15/2025,5,0.0,0.0,20807.7258789999,0.47373382595733793
02/15/2025,6,0.0,0.0,21584.332278,0.4914149854843661
02/15/2025,7,195.33333333333331,0.0090274327660377,22514.240718,0.512586404486758
02/15/2025,8,5113.666666666667,0.2363307953306913,22812.123719,0.5193683687711781
02/15/2025,9,13334.916666666666,0.6162801893296053,23582.93123,0.5369175038081413
02/15/2025,10,15258.916666666666,0.7051988615575402,23590.2099956,0.5370832209795413
02/15/2025,11,15018.166666666666,0.6940724736475219,21748.1489548,0.4951446338614817
02/15/2025,12,14344.666666666666,0.662946316815134,20887.7375241999,0.4755554677370382
02/15/2025,13,13800.916666666666,0.6378166244949991,20180.4392023,0.4594522596269673
02/15/2025,14,13017.583333333334,0.6016144623786361,19500.5767014,0.443973688564027
02/15/2025,15,12107.333333333334,0.5595467797406539,19372.4973899,0.44105768022098585
02/15/2025,16,10114.416666666666,0.4674430875052474,19624.2484375,0.44678934872055415
02/15/2025,17,5981.333333333333,0.2764304668153265,21296.451043,0.4848607334882114
02/15/2025,18,519.75,0.024020519693591,23771.976856,0.5412215449227864
02/15/2025,19,0.0,0.0,24844.325362,0.5656359265549339
02/15/2025,20,0.0,0.0,24655.032151,0.5613262486210621
02/15/2025,21,0.0,0.0,24058.861438,0.547753105912649
02/15/2025,22,0.0,0.0,23578.016805,0.5368056160712896
02/15/2025,23,0.0,0.0,22569.7573,0.5138503620642402
02/15/2025,24,0.0,0.0,21643.923177,0.4927717038850058
02/16/2025,1,0.0,0.0,21385.382612,0.48688545702963787
02/16/2025,2,0.0,0.0,20825.9746739999,0.4741493000713633
02/16/2025,3,0.0,0.0,20640.240957,0.4699206618782564
02/16/2025,4,0.0,0.0,20423.449864,0.4649849339415473
02/16/2025,5,0.0,0.0,20252.777005,0.46109918943725486
02/16/2025,6,0.0,0.0,20584.141778,0.4686434401936148
02/16/2025,7,139.66666666666666,0.0064547684794706,21156.050984,0.481664216122427
02/16/2025,8,4182.583333333333,0.1933002892321675,21454.24185,0.4884531896333804
02/16/2025,9,11792.833333333334,0.5450119967803184,21618.3419793,0.49218929143256074
02/16/2025,10,14024.916666666666,0.648168902342742,21332.5150659,0.4856818106038549
02/16/2025,11,14985.416666666666,0.6925589151675505,21326.264792,0.48553950931705664
02/16/2025,12,14995.083333333334,0.6930056652532418,20684.816964,0.4709355331075685
02/16/2025,13,14759.25,0.6821065036799112,19835.939992,0.451608974402828
02/16/2025,14,14347.833333333334,0.6630926659811364,20660.51591,0.4703822659531874
02/16/2025,15,13192.5,0.6096983281533431,20796.0022952,0.47346691268484703
02/16/2025,16,11240.25,0.5194740673129138,20728.7652664,0.4719361132556036
02/16/2025,17,5400.666666666667,0.249594651323112,20938.852369,0.47671921004752327
02/16/2025,18,517.0,0.0238934269967995,23130.687458,0.5266211757220836
02/16/2025,19,0.0,0.0,24201.487131,0.5510002947509497
02/16/2025,20,0.0,0.0,23863.974375,0.5433160715860024
02/16/2025,21,0.0,0.0,23342.786233,0.5314500726782387
02/16/2025,22,0.0,0.0,23036.864812,0.5244850960125811
02/16/2025,23,0.0,0.0,22436.396663,0.510814112684298
02/16/2025,24,0.0,0.0,21330.725011,0.48564105605136887
02/17/2025,1,0.0,0.0,20904.277085,0.4759320273602786
02/17/2025,2,0.0,0.0,20389.694858,0.46421642669425933
02/17/2025,3,0.0,0.0,20134.366629,0.4584033157612113
02/17/2025,4,0.0,0.0,19628.549456,0.44688727090394736
02/17/2025,5,0.0,0.0,19884.526551,0.4527151547042708
02/17/2025,6,0.0,0.0,21267.355489,0.4841983089544146
02/17/2025,7,139.33333333333334,0.006439363304102,22557.275393,0.513566183889617
02/17/2025,8,4325.666666666667,0.199912960759167,23417.67149,0.5331550009107955
02/17/2025,9,12374.083333333334,0.5718747713294281,23768.0942521,0.5411331488716792
02/17/2025,10,14977.166666666666,0.6921776370771761,23927.931881,0.5447722054370662
02/17/2025,11,14996.583333333334,0.6930749885424008,23666.855132,0.538828216752695
02/17/2025,12,14029.75,0.6483922773855877,22943.1470652,0.5223514045649985
02/17/2025,13,14009.916666666666,0.6474756694511521,22833.846443,0.5198629345498017
02/17/2025,14,13557.0,0.6265438874189784,21860.053969,0.49769239861141434
02/17/2025,15,13018.75,0.6016683804924264,22178.4785859999,0.5049420381427869
02/17/2025,16,11489.75,0.5310048410763596,21712.91651,0.49434248945752357
02/17/2025,17,5463.083333333333,0.2524792704108945,22229.051183,0.5060934349847472
02/17/2025,18,576.5833333333334,0.0266471020939484,24958.671399,0.5682392665790227
02/17/2025,19,14.0,0.0006470173654839,26195.7157529999,0.5964033128619826
02/17/2025,20,0.0,0.0,25886.169359,0.5893558056815431
02/17/2025,21,0.0,0.0,25397.7604719999,0.5782360988949578
02/17/2025,22,0.0,0.0,24801.73979,0.5646663719735511
02/17/2025,23,0.0,0.0,23321.5272989999,0.530966066103075
02/17/2025,24,0.0,0.0,22085.254546,0.5028195870206812
02/18/2025,1,0.0,0.0,21675.633455,0.49349365838433296
02/18/2025,2,0.0,0.0,21072.343241,0.4797584245148171
02/18/2025,3,0.0,0.0,20845.5648999999,0.474595314824168
02/18/2025,4,0.0,0.0,20354.87977,0.46342378433943443
02/18/2025,5,0.0,0.0,20749.093331,0.47239892653338633
02/18/2025,6,0.0,0.0,22077.444912,0.5026417834579247
02/18/2025,7,246.91666666666663,0.0114113836543386,23851.100429,0.5430229677778681
02/18/2025,8,5833.083333333333,0.2695790150701128,25167.0044209999,0.5729824278528298
02/18/2025,9,13925.25,0.6435627549075111,25518.0448827,0.5809746391090757
02/18/2025,10,16109.416666666666,0.7445051665106892,25023.5618566,0.5697166411333461
02/18/2025,11,15583.833333333334,0.7202150562481466,23661.4687414999,0.5387055836790687
02/18/2025,12,14995.666666666666,0.693032624310137,22834.9106602,0.5198871638042978
02/18/2025,13,14813.0,0.6845905882081085,22348.8219795,0.5088202816374691
02/18/2025,14,13885.166666666666,0.6417102825694292,22027.70668905,0.5015093829836277
02/18/2025,15,12972.75,0.5995424662915506,21771.5856617,0.495678222245534
02/18/2025,16,11614.416666666666,0.5367663766642403,22023.8649176,0.5014219165734084
02/18/2025,17,6910.25,0.3193608392739541,22621.229107,0.5150222314074275
02/18/2025,18,864.8333333333334,0.0399687274940016,24942.360013,0.567867901858948
02/18/2025,19,4.333333333333333,0.0002002672797926,26182.48035,0.5961019796870989
02/18/2025,20,0.0,0.0,25787.181518,0.5871021289024043
02/18/2025,21,0.0,0.0,25277.599474,0.5755003684434721
02/18/2025,22,0.0,0.0,24760.100522,0.5637183620922978
02/18/2025,23,0.0,0.0,23377.502044,0.5322404547729414
02/18/2025,24,0.0,0.0,22262.077435,0.5068453505380361
02/19/2025,1,0.0,0.0,21706.3875639999,0.49419384358502016
02/19/2025,2,0.0,0.0,20863.367118,0.47500062162668716
02/19/2025,3,0.0,0.0,20368.169779,0.46372636074048806
02/19/2025,4,0.0,0.0,20132.157757,0.458353025912638
02/19/2025,5,0.0,0.0,20529.975617,0.467410227932113
02/19/2025,6,0.0,0.0,22036.172925,0.5017021355396434
02/19/2025,7,192.66666666666663,0.0089041913630884,24004.863389,0.5465237210920416
02/19/2025,8,4851.5,0.2242146249032362,25113.163482,0.5717566199882953
02/19/2025,9,11957.666666666666,0.5526298560001233,24877.424797,0.5663895082808159
02/19/2025,10,15282.583333333334,0.7062926290087155,25274.9733424,0.5754405787587382
02/19/2025,11,15732.25,0.7270742105810447,24707.828674,0.5625282780491447
02/19/2025,12,15884.166666666666,0.7340951192553138,24912.0043,0.5671767870229117
02/19/2025,13,16043.333333333334,0.7414510904938514,24483.080274,0.5574113844477518
02/19/2025,14,15901.666666666666,0.7349038909621687,23811.743964,0.5421269309476529
02/19/2025,15,14341.583333333334,0.6628038189429739,23217.5726579999,0.5285993091545583
02/19/2025,16,13109.833333333334,0.6058778446619142,22942.544238,0.522337679872665
02/19/2025,17,7970.333333333333,0.3683531482401512,23123.025391,0.5264467318479302
02/19/2025,18,866.1666666666666,0.0400303481954762,24981.683436,0.5687631864150718
02/19/2025,19,0.0,0.0,26187.773146,0.5962224818752607
02/19/2025,20,0.0,0.0,25734.62362,0.5859055322993635
02/19/2025,21,0.0,0.0,25037.582364,0.5700358489435167
02/19/2025,22,0.0,0.0,24258.525637,0.5522989022889094
02/19/2025,23,0.0,0.0,23354.002697,0.5317054402486946
02/19/2025,24,0.0,0.0,22295.233202,0.5076002147862869
02/20/2025,1,0.0,0.0,21350.499184,0.4860912587638088
02/20/2025,2,0.0,0.0,20912.889382,0.4761281053186205
02/20/2025,3,0.0,0.0,20684.600382,0.47093060214009563
02/20/2025,4,0.0,0.0,20160.999414,0.4590096699205903
02/20/2025,5,0.0,0.0,20364.9866029999,0.4636538887099551
02/20/2025,6,0.0,0.0,21886.184823,0.4982873252032456
02/20/2025,7,304.75,0.014084181580802,23925.957862,0.5447272625356255
02/20/2025,8,5875.25,0.2715277697542489,25548.28494,0.5816631207877178
02/20/2025,9,13510.5,0.6243948654550496,25421.33633,0.5787728553610685
02/20/2025,10,15572.25,0.7196797264040855,24977.0778279999,0.5686583295791334
02/20/2025,11,16149.25,0.7463460849672447,24415.07505154,0.5558630953935612
02/20/2025,12,16022.666666666666,0.7404959696209942,23392.9676346,0.5325925630931025
02/20/2025,13,16176.0,0.7475823502905801,22814.092573,0.5194131940799888
02/20/2025,14,15628.166666666666,0.722263944572179,22722.9661368,0.5173384995401855
02/20/2025,15,14324.416666666666,0.6620104524114876,22126.4684593,0.5037579127629473
02/20/2025,16,13625.666666666666,0.6297173535449234,22018.5910168,0.5013018445761978
02/20/2025,17,9247.0,0.4273549699021386,22326.865682,0.5083203980423554
02/20/2025,18,1150.0,0.0531478550218946,24513.804609,0.5581108917775862
02/20/2025,19,8.75,0.0004043858534274,25688.6448519999,0.5848587241183948
02/20/2025,20,0.0,0.0,25403.391071,0.5783642919143324
02/20/2025,21,0.0,0.0,24870.595666,0.56623402803394
02/20/2025,22,0.0,0.0,24577.09392,0.5595518126940087
02/20/2025,23,0.0,0.0,23235.018105,0.5289964932774631
02/20/2025,24,0.0,0.0,22041.511328,0.5018236760718667
02/21/2025,1,0.0,0.0,21499.412385,0.48948159660541224
02/21/2025,2,0.0,0.0,20720.235225,0.4717419080276274
02/21/2025,3,0.0,0.0,20176.0282569999,0.45935183471723634
02/21/2025,4,0.0,0.0,19938.346286,0.45394047981292635
02/21/2025,5,0.0,0.0,19928.086162,0.45370688543430077
02/21/2025,6,0.0,0.0,21448.348217,0.48831900806418277
02/21/2025,7,366.3333333333333,0.0169302877301629,23396.336997,0.5326692740681542
02/21/2025,8,6870.416666666667,0.3175199208173986,24861.653473,0.5660304392647023
02/21/2025,9,14157.0,0.6542732030825756,25518.2472381999,0.5809792461788597
02/21/2025,10,16641.5,0.769095677692921,24825.943785,0.5652174293654776
02/21/2025,11,16974.333333333332,0.784477745298533,24096.792706,0.5486166949861282
02/21/2025,12,16633.583333333332,0.7687298047779151,23285.42988,0.530144228651474
02/21/2025,13,17547.666666666668,0.8109746469326371,23216.9989839999,0.5285862481991972
02/21/2025,14,16630.583333333332,0.7685911581995971,22179.2909759999,0.5049605339950058
02/21/2025,15,14965.5,0.6916384559392728,21737.4399352,0.4949008193832989
02/21/2025,16,13942.333333333334,0.6443522701451553,21863.9093370999,0.49778017457939183
02/21/2025,17,9164.833333333334,0.4235575941737627,22370.171452,0.5093063495215044
02/21/2025,18,1003.5833333333334,0.0463811317412084,24285.372257,0.5529101248742405
02/21/2025,19,0.0,0.0,25126.961226,0.5720707560977726
02/21/2025,20,0.0,0.0,24669.2434599999,0.5616498004509706
02/21/2025,21,0.0,0.0,24084.4090159999,0.5483347529383844
02/21/2025,22,0.0,0.0,23854.536397,0.5431011951764781
02/21/2025,23,0.0,0.0,22973.6787019999,0.5230465246948034
02/21/2025,24,0.0,0.0,22215.374,0.5057820437126502
02/22/2025,1,0.0,0.0,21415.58458,0.48757307152125895
02/22/2025,2,0.0,0.0,20729.976325,0.4719636856788166
02/22/2025,3,0.0,0.0,20212.823841,0.4601895674367112
02/22/2025,4,0.0,0.0,19686.213947,0.4482001303726932
02/22/2025,5,0.0,0.0,19489.841259,0.443729272512457
02/22/2025,6,0.0,0.0,20125.423967,0.45819971631415307
02/22/2025,7,462.4166666666667,0.0213708295301806,20902.333105,0.4758877683630033
02/22/2025,8,7167.083333333333,0.3312305268955105,21756.593554,0.4953368938091068
02/22/2025,9,13086.583333333334,0.6048033336799498,22684.741543,0.5164682322571656
02/22/2025,10,13664.5,0.6315120564753729,21015.1819276,0.47845702099522064
02/22/2025,11,13962.25,0.645272729373433,20632.957727609,0.4697548430787975
02/22/2025,12,13637.416666666666,0.6302603859766688,19872.0176941,0.452430362955665
02/22/2025,13,12924.166666666666,0.5972971619815677,18802.0108439,0.42806929428850277
02/22/2025,14,12478.083333333334,0.5766811860444516,18554.9023526,0.42244332383450706
02/22/2025,15,11667.916666666666,0.5392389073109111,18683.6763135,0.4253751474050207
02/22/2025,16,10493.083333333334,0.484943366724051,19032.5410019999,0.43331782237995725
02/22/2025,17,7406.0,0.3422721863410012,20148.353576,0.4587217594947699
02/22/2025,18,1040.5833333333333,0.0480911062071302,22703.154128,0.5168874354122118
02/22/2025,19,0.0,0.0,24050.070228,0.5475529546047977
02/22/2025,20,0.0,0.0,23678.474742,0.5390927628320427
02/22/2025,21,0.0,0.0,23160.001912,0.5272885839977417
02/22/2025,22,0.0,0.0,22719.374329,0.5172567241044126
02/22/2025,23,0.0,0.0,21851.8951529999,0.4975066451493837
02/22/2025,24,0.0,0.0,20814.686946,0.47389231001858906
02/23/2025,1,0.0,0.0,20214.636051,0.4602308263989702
02/23/2025,2,0.0,0.0,19391.497055,0.4414902495508623
02/23/2025,3,0.0,0.0,18810.596117,0.42826475698808864
02/23/2025,4,0.0,0.0,18515.226773,0.4215400216557739
02/23/2025,5,0.0,0.0,18593.148426,0.42331408014805083
02/23/2025,6,0.0,0.0,19433.074416,0.44243684998256144
02/23/2025,7,483.0,0.0223220991091957,20061.292131,0.4567396134556945
02/23/2025,8,7212.583333333333,0.3333333333333333,20805.2257279999,0.4736769044991455
02/23/2025,9,11861.916666666666,0.5482047193754742,21941.723234,0.49955177976611426
02/23/2025,10,12814.666666666666,0.5922365618729611,22264.7652749999,0.5069065451507544
02/23/2025,11,12890.75,0.595752793150859,20876.050223,0.47528938051805325
02/23/2025,12,12431.916666666666,0.5745475692558915,20066.970101,0.4568688849804836
02/23/2025,13,12011.833333333334,0.5551331969975314,19220.422947,0.4375953697270718
02/23/2025,14,11063.583333333334,0.5113093243675213,18152.66367236,0.41328547208048905
02/23/2025,15,10528.416666666666,0.4865763153131294,18482.3957988,0.42079255203280236
02/23/2025,16,9855.5,0.4554771175376367,18394.0698186,0.4187816160576313
02/23/2025,17,7798.166666666667,0.3603963751622357,20059.998138,0.456710152847735
02/23/2025,18,1187.0,0.0548578294878164,22898.557264,0.5213362192802639
02/23/2025,19,0.0,0.0,24600.481783,0.5600842890388233
02/23/2025,20,0.0,0.0,24260.506971,0.5523440117324775
02/23/2025,21,0.0,0.0,23494.456115,0.5349031724499381
02/23/2025,22,0.0,0.0,22895.93911,0.5212766112232096
02/23/2025,23,0.0,0.0,21802.510774,0.49638230071394673
02/23/2025,24,0.0,0.0,20475.0015189999,0.46615862120076784
02/24/2025,1,0.0,0.0,19844.2902919999,0.4517990874209371
02/24/2025,2,0.0,0.0,19121.9439389999,0.43535327765474907
02/24/2025,3,0.0,0.0,19066.824611,0.4340983644417707
02/24/2025,4,0.0,0.0,18961.386611,0.43169783555015834
02/24/2025,5,0.0,0.0,19259.660436,0.43848869780593164
02/24/2025,6,0.0,0.0,20717.5097,0.4716798554326681
02/24/2025,7,453.6666666666667,0.0209664436767532,22661.260001,0.5159336231030598
02/24/2025,8,6899.833333333333,0.3188794275436833,24405.6630229999,0.5556488097807917
02/24/2025,9,13094.5,0.6051692065949555,25025.620891,0.5697635195980933
02/24/2025,10,14292.0,0.6605122991068849,25452.685565,0.579486589919268
02/24/2025,11,14278.0,0.659865281741401,24545.752055,0.5588382459301331
02/24/2025,12,14257.666666666666,0.6589255660439124,24657.388582,0.561379897976101
02/24/2025,13,13590.166666666666,0.6280767023681606,23471.156871,0.5343727137123414
02/24/2025,14,12910.0,0.5966424420283994,23061.006246,0.5250347290651992
02/24/2025,15,12671.0,0.5855969312890665,23510.286299,0.5352635815439226
02/24/2025,16,11408.166666666666,0.5272344244048788,23046.779797,0.5247108325397573
02/24/2025,17,8122.583333333333,0.375389462089789,24051.846596,0.5475933975447826
02/24/2025,18,1045.0,0.048295224780765,25352.028488,0.5771949092966866
02/24/2025,19,0.5,2.3107763052997653e-05,26219.56882,0.5969463806030941
02/24/2025,20,0.0,0.0,25834.221994,0.5881731092103881
02/24/2025,21,0.0,0.0,25119.168745,0.5718933430609373
02/24/2025,22,0.0,0.0,24579.691547,0.5596109534085815
02/24/2025,23,0.0,0.0,23156.178597,0.527201537789361
02/24/2025,24,0.0,0.0,21836.693902,0.49716055510391705
02/25/2025,1,0.0,0.0,21146.9354719999,0.48145668136343983
02/25/2025,2,0.0,0.0,20381.461241,0.46402897022229506
02/25/2025,3,0.0,0.0,19967.634618,0.45460729336357353
02/25/2025,4,0.0,0.0,19799.1563919999,0.4507715145255754
02/25/2025,5,0.0,0.0,20207.5354,0.46006916439974077
02/25/2025,6,0.0,0.0,21623.916801,0.4923162145585347
02/25/2025,7,539.5833333333334,0.0249371276280266,23527.9447159999,0.53566561439914
02/25/2025,8,7301.666666666667,0.3374503664506091,25124.0310929999,0.5720040451498885
02/25/2025,9,14370.583333333334,0.6641440692000478,25527.1445179999,0.5811818123999246
02/25/2025,10,15641.333333333334,0.7228724489992413,24663.076512,0.561509396262283
02/25/2025,11,14478.916666666666,0.6691507511948639,24202.229563,0.5510171978548217
02/25/2025,12,14466.416666666666,0.668573057118539,23568.517019,0.536589332466165
02/25/2025,13,14214.25,0.6569190419521438,23294.892076,0.5303596564372448
02/25/2025,14,13154.666666666666,0.6079498407489996,22327.401654,0.5083326006284353
02/25/2025,15,12697.333333333334,0.5868139401431911,22219.000611,0.5058646115201213
02/25/2025,16,12079.083333333334,0.5582411911281595,22297.863386,0.5076600967328552
02/25/2025,17,9105.083333333334,0.4207962164889295,22728.094384,0.5174552554115689
02/25/2025,18,1503.25,0.0694734896188374,24728.917168,0.5630084041813512
02/25/2025,19,2.083333333333333,9.62823460541569e-05,25637.3825779999,0.58369162525663
02/25/2025,20,0.0,0.0,25424.82183,0.5788522104650322
02/25/2025,21,0.0,0.0,24754.618694,0.5635935561732472
02/25/2025,22,0.0,0.0,24146.333591,0.5497446026262441
02/25/2025,23,0.0,0.0,22777.075337,0.5185704149632979
02/25/2025,24,0.0,0.0,21464.962612,0.4886972714532281
02/26/2025,1,0.0,0.0,21176.283685,0.48212485823727974
02/26/2025,2,0.0,0.0,20451.545228,0.46562458694143694
02/26/2025,3,0.0,0.0,20053.6714169999,0.45656611107389716
02/26/2025,4,0.0,0.0,19823.899428,0.4513348443761459
02/26/2025,5,0.0,0.0,20110.105903,0.45785096676279996
02/26/2025,6,0.0,0.0,21497.1831289999,0.4894308426700659
02/26/2025,7,613.5,0.0283532252660281,23608.6079279999,0.5375020905357913
02/26/2025,8,7994.0,0.3694469156913265,24695.721895,0.5622526404917757
02/26/2025,9,15137.25,0.6995759725479775,24351.0096100999,0.5544045041538672
02/26/2025,10,15968.166666666666,0.7379772234482174,23365.9701535,0.5319779058217078
02/26/2025,11,15836.583333333334,0.7318960304714369,22288.84088,0.5074546794608303
02/26/2025,12,15449.25,0.713995216693048,21681.777597,0.493633543344074
02/26/2025,13,15756.25,0.7281833832075886,21890.430274,0.4983839822698006
02/26/2025,14,15485.833333333334,0.715685934689759,21402.135645,0.4872668768188849
02/26/2025,15,15260.166666666666,0.7052566309651728,22027.5130074,0.5015049733931897
02/26/2025,16,15288.666666666666,0.7065737734591936,22639.8887558,0.5154470595154317
02/26/2025,17,10674.333333333334,0.4933199308307626,23123.4326259999,0.5264560034519339
02/26/2025,18,1637.0833333333333,0.0756586675293564,25226.107087,0.5743280305511412
02/26/2025,19,0.9166666666666666,4.236423226382903e-05,26309.554178,0.5989950959780166
02/26/2025,20,0.0,0.0,25955.25862,0.5909287752668031
02/26/2025,21,0.0,0.0,25098.895791,0.5714317844976553
02/26/2025,22,0.0,0.0,24361.925452,0.5546530273984038
02/26/2025,23,0.0,0.0,22927.39792,0.5219928404982408
02/26/2025,24,0.0,0.0,21458.333808,0.48854635209285674
02/27/2025,1,0.0,0.0,20889.940838,0.4756056310409175
02/27/2025,2,0.0,0.0,20188.160124,0.4596280434583253
02/27/2025,3,0.0,0.0,19771.5111159999,0.45014210877286204
02/27/2025,4,0.0,0.0,19513.222626,0.4442616009614876
02/27/2025,5,0.0,0.0,19989.263563,0.45509972405618526
02/27/2025,6,0.0,0.0,21277.8997289999,0.48443837186114513
02/27/2025,7,748.3333333333334,0.0345846187026531,23236.458181,0.5290292797874891
02/27/2025,8,7494.833333333333,0.3463776655767505,24222.746986,0.5514843222947098
02/27/2025,9,13792.333333333334,0.637419941229256,25143.9342,0.5724571833295446
02/27/2025,10,15757.416666666666,0.7282373013213789,24982.643667,0.5687850481941091
02/27/2025,11,15962.083333333334,0.7376960789977394,24752.553349,0.5635465340337563
02/27/2025,12,15848.25,0.7324352116093401,24541.5984769,0.5587436805530145
02/27/2025,13,15272.0,0.7058035146907604,23763.0326608,0.5410179105690447
02/27/2025,14,13720.75,0.6341116798188351,23323.672024,0.5310148955035501
02/27/2025,15,13072.0,0.6041293572575707,23184.179912,0.5278390495560926
02/27/2025,16,11581.416666666666,0.5352412643027424,23416.108236,0.5331194099816056
02/27/2025,17,6788.0,0.3137109912074962,23735.761852,0.5403970303890143
02/27/2025,18,1350.0833333333333,0.0623948115369358,25506.909141,0.5807211093600252
02/27/2025,19,0.0,0.0,26317.5741649999,0.5991776886913042
02/27/2025,20,0.0,0.0,25768.560975,0.5866781911242882
02/27/2025,21,0.0,0.0,24842.320778,0.5655902877737766
02/27/2025,22,0.0,0.0,24065.627031,0.5479071395766544
02/27/2025,23,0.0,0.0,22724.114284,0.5173646396464604
02/27/2025,24,0.0,0.0,21373.209637,0.486608312374159
02/28/2025,1,0.0,0.0,20819.266025,0.47399656286326053
02/28/2025,2,0.0,0.0,20180.52651,0.45945424737954516
02/28/2025,3,0.0,0.0,19751.781782,0.44969292691927
02/28/2025,4,0.0,0.0,19337.041846,0.44025045647338273
02/28/2025,5,0.0,0.0,19607.435234,0.4464065590170098
02/28/2025,6,0.0,0.0,20939.2736,0.47672880030137427
02/28/2025,7,485.8333333333333,0.0224530430998293,22558.564959,0.5135955437071461
02/28/2025,8,4558.833333333333,0.2106888809295482,23627.875618,0.5379407620443544
02/28/2025,9,9022.083333333334,0.4169603278221319,23243.304778,0.5291851576864224
02/28/2025,10,11625.416666666666,0.5372747474514062,22976.580285,0.5231125856388953
02/28/2025,11,13326.5,0.6158912086515465,22067.7021706,0.5024199684366402
02/28/2025,12,14323.666666666666,0.6619757907669082,22316.4204055,0.5080825882582252
02/28/2025,13,15373.583333333334,0.7104982418843611,22658.5692703,0.5158723626771706
02/28/2025,14,15083.083333333334,0.6970726315505694,22345.9875685,0.5087557500122846
02/28/2025,15,14083.75,0.6508879157953115,22299.9003835999,0.5077064734811878
02/28/2025,16,11744.416666666666,0.5427743950580197,23185.22702,0.5278628892818711
02/28/2025,17,5534.833333333333,0.2557952344089997,23087.318588,0.5256337876321009
02/28/2025,18,699.0,0.0323046527480907,24362.71566,0.5546710182284119
02/28/2025,19,0.0,0.0,24870.069105,0.5662220397100558
02/28/2025,20,0.0,0.0,24470.055842,0.5571148544935339
02/28/2025,21,0.0,0.0,23819.604271,0.5423058881931473
02/28/2025,22,0.0,0.0,23199.907767,0.5281971289044356
02/28/2025,23,0.0,0.0,22237.883448,0.5062945210003287
02/28/2025,24,0.0,0.0,21117.945277,0.48079665555992745
03/01/2025,1,0.0,0.0,20700.277742,0.4712875318582637
03/01/2025,2,0.0,0.0,19815.402176,0.4511413856712642
03/01/2025,3,0.0,0.0,19253.637616,0.43835157500941635
03/01/2025,4,0.0,0.0,18823.379708,0.4285558036651316
03/01/2025,5,0.0,0.0,18882.959535,0.42991226998724286
03/01/2025,6,0.0,0.0,19393.670512,0.44153973309875943
03/01/2025,7,418.0833333333333,0.0193219412061482,20041.017956,0.45627802709365145
03/01/2025,8,4848.25,0.2240644244433917,20472.483786,0.4661012994495242
03/01/2025,9,11370.166666666666,0.525478234412851,20744.3884898,0.47229181043453156
03/01/2025,10,13538.083333333334,0.6256696437168067,20892.4436392,0.475662612836765
03/01/2025,11,15292.083333333334,0.7067316765067224,21387.632228,0.48693667450533945
03/01/2025,12,16013.416666666666,0.7400684760045136,21850.178833,0.49746756933471525
03/01/2025,13,15233.25,0.704012663054153,21300.0957539999,0.48494371338214753
03/01/2025,14,15263.333333333334,0.7054029801311751,21339.407039,0.4858387215899014
03/01/2025,15,14806.666666666666,0.6842978898761038,21313.619348,0.4852516078615162
03/01/2025,16,13946.416666666666,0.6445409835434214,21360.471328,0.48631829664183496
03/01/2025,17,8223.333333333334,0.3800456763449681,20929.6079114,0.47650873955722484
03/01/2025,18,905.1666666666666,0.04183275371361,22392.1252939999,0.5098061772117363
03/01/2025,19,0.0,0.0,23730.957265,0.5402876433567702
03/01/2025,20,0.0,0.0,23447.089564,0.5338247683245608
03/01/2025,21,0.0,0.0,22973.942727,0.5230525358069343
03/01/2025,22,0.0,0.0,22388.477272,0.509723121935574
03/01/2025,23,0.0,0.0,21518.067292,0.4899063167558688
03/01/2025,24,0.0,0.0,20611.085034,0.4692568629108715
03/02/2025,1,0.0,0.0,20350.583337,0.4633259665550742
03/02/2025,2,0.0,0.0,19482.702755,0.44356674870609786
03/02/2025,3,0.0,0.0,19122.5951189999,0.43536810320534414
03/02/2025,4,0.0,0.0,18739.28,0.4266410881087841
03/02/2025,5,0.0,0.0,18694.293898,0.42561688016125077
03/02/2025,6,0.0,0.0,18988.79997,0.43232196120026206
03/02/2025,7,686.1666666666666,0.0317115534963971,19501.918548,0.444004238664858
03/02/2025,8,6976.833333333333,0.3224380230538449,20715.270405,0.47162887293732164
03/02/2025,9,13561.666666666666,0.6267595598741397,22701.003839,0.5168384793349929
03/02/2025,10,13642.166666666666,0.6304799097256724,22879.0028774,0.5208910204905385
03/02/2025,11,13793.75,0.6374854132245728,22710.1086692,0.5170457708992138
03/02/2025,12,12972.416666666666,0.5995270611161819,22163.2484703,0.5045952909286876
03/02/2025,13,12124.583333333334,0.5603439975659823,21055.3782348,0.479372178687606
03/02/2025,14,11768.666666666666,0.5438951215660901,20836.653347,0.47439242364219
03/02/2025,15,10822.0,0.5001444235190813,19384.240572,0.4413250396920543
03/02/2025,16,9374.166666666666,0.4332320443052843,19212.789313,0.4374215731929476
03/02/2025,17,7862.5,0.3633695740083881,20395.9823553199,0.4643595754544061
03/02/2025,18,1277.0833333333333,0.0590210781311981,22627.490284,0.5151647809273728
03/02/2025,19,36.41666666666666,0.0016830154090266,24292.050071,0.5530621600554828
03/02/2025,20,7.916666666666667,0.0003658729150057,24223.527731,0.5515020976786272
03/02/2025,21,0.0,0.0,23771.354633,0.5412073786422373
03/02/2025,22,0.0,0.0,23290.294536,0.5302549832871439
03/02/2025,23,0.0,0.0,22217.678818,0.5058345179837755
03/02/2025,24,0.0,0.0,20905.674382,0.47596383991190766
03/03/2025,1,0.0,0.0,20572.475522,0.4683778321150763
03/03/2025,2,0.0,0.0,20040.171669,0.4562587595013783
03/03/2025,3,0.0,0.0,19562.492782,0.4453833448581117
03/03/2025,4,0.0,0.0,19677.016077,0.4479907205519806
03/03/2025,5,0.0,0.0,20263.505401,0.46134344506196945
03/03/2025,6,0.0,0.0,22014.837041,0.5012163770278156
03/03/2025,7,886.75,0.0409816177744913,23963.981596,0.5455929568017724
03/03/2025,8,7661.583333333333,0.3540841045549252,25077.945857,0.5709548129898082
03/03/2025,9,14505.333333333334,0.6703716113428306,25184.902774,0.5733899233809033
03/03/2025,10,15551.75,0.7187323081189125,24032.7658099999,0.5471589813184894
03/03/2025,11,15778.0,0.729188570900394,23578.737831,0.5368220318203043
03/03/2025,12,16110.833333333334,0.7445706385060061,22824.300353,0.5196455967318715
03/03/2025,13,16196.75,0.7485413224572796,22693.057724,0.5166575684809025
03/03/2025,14,16363.416666666666,0.7562439101416121,22059.782593,0.502239661765059
03/03/2025,15,14576.416666666666,0.6736567649901984,21637.198041,0.4926185913139401
03/03/2025,16,14019.083333333334,0.6478993117737905,21635.571057,0.4925815494305756
03/03/2025,17,10370.083333333334,0.4792588570130136,21960.7424209,0.49998479355287445
03/03/2025,18,1667.3333333333333,0.0770566871940628,24415.1228979999,0.5558641847238724
03/03/2025,19,14.333333333333334,0.0006624225408525,26183.626311,0.5961280700197035
03/03/2025,20,0.0,0.0,26172.760538,0.5958806867042366
03/03/2025,21,0.0,0.0,25701.614862,0.5851540150356138
03/03/2025,22,0.0,0.0,25143.2922369999,0.5724425676243048
03/03/2025,23,0.0,0.0,23707.295011,0.5397489198949473
03/03/2025,24,0.0,0.0,22366.170271,0.5092152538008813
03/04/2025,1,0.0,0.0,21991.431446,0.5006834969748662
03/04/2025,2,0.0,0.0,21511.201609,0.48975000432200105
03/04/2025,3,0.0,0.0,20966.623204,0.47735147442812326
03/04/2025,4,0.0,0.0,20855.993548,0.47483274602378
03/04/2025,5,0.0,0.0,21023.02107,0.47863549638186176
03/04/2025,6,0.0,0.0,22418.160489,0.5103989259152066
03/04/2025,7,985.3333333333334,0.045537698389774,24659.766011,0.5614340253969763
03/04/2025,8,9519.333333333334,0.439940998178338,26142.531348,0.5951924524436755
03/04/2025,9,16462.666666666668,0.7608308011076321,26944.5607845,0.6134524235569538
03/04/2025,10,17010.75,0.7861607607075597,26406.5361124,0.6012031038640886
03/04/2025,11,17063.083333333332,0.78857937324044,25153.2659539,0.5726696413128749
03/04/2025,12,16394.416666666668,0.7576765914508979,23881.5204179,0.5437155459966979
03/04/2025,13,15227.916666666666,0.7037661802482543,22324.4563385,0.508265544017416
03/04/2025,14,14386.0,0.6648565585608485,21866.3502533,0.49783574742656594
03/04/2025,15,13673.666666666666,0.6319356987980111,21846.5390741999,0.4973847021885427
03/04/2025,16,12683.083333333334,0.5861553688961807,22174.3455643,0.5048479407775082
03/04/2025,17,10412.583333333334,0.4812230168725183,23007.4251411,0.5238148368976983
03/04/2025,18,1716.8333333333333,0.0793443557363096,24809.4273489999,0.5648413962293719
03/04/2025,19,42.66666666666666,0.0019718624471891,26046.121026,0.5929974585760883
03/04/2025,20,14.083333333333334,0.0006508686593261,25815.891707,0.5877557797510371
03/04/2025,21,0.0,0.0,25253.4334,0.5749501744068455
03/04/2025,22,0.0,0.0,24359.417152,0.5545959204102324
03/04/2025,23,0.0,0.0,22946.385907,0.5224251439503839
03/04/2025,24,0.0,0.0,21518.931179,0.48992598505100515
03/05/2025,1,0.0,0.0,21287.395652,0.484654567516547
03/05/2025,2,0.0,0.0,20819.582975,0.47400377892987977
03/05/2025,3,0.0,0.0,20279.9730849999,0.46171836825113943
03/05/2025,4,0.0,0.0,20023.835462,0.45588682967643035
03/05/2025,5,0.0,0.0,20744.1116889999,0.472285508453103
03/05/2025,6,0.0,0.0,22344.050491,0.5087116481656634
03/05/2025,7,524.0833333333334,0.0242207869733837,24175.8641159999,0.5504169302353294
03/05/2025,8,3422.4166666666665,0.1581687868039267,25330.703154,0.5767093909789047
03/05/2025,9,5948.666666666667,0.2749207596291974,26418.501024,0.6014755114968338
03/05/2025,10,6788.916666666667,0.31375335543976,26555.1606,0.6045868685076221
03/05/2025,11,7566.0,0.3496666705179605,26292.836289,0.5986144763195322
03/05/2025,12,8301.916666666666,0.3836774464381308,26922.623516,0.6129529731990438
03/05/2025,13,7737.5,0.3575926332451387,26268.216931,0.5980539622717321
03/05/2025,14,6379.583333333333,0.2948358000870392,25797.579444,0.5873388606478457
03/05/2025,15,5538.5,0.255964691338055,25744.806812,0.5861373751511326
03/05/2025,16,5310.083333333333,0.2454082949166772,26125.051559,0.5947944864493111
03/05/2025,17,2705.25,0.1250245519982438,25724.29516,0.5856703821008027
03/05/2025,18,326.75,0.0151009231551339,26082.6071959999,0.5938281468026199
03/05/2025,19,0.0,0.0,27350.0062,0.6226832837200784
03/05/2025,20,0.0,0.0,27023.476562,0.6152491154886369
03/05/2025,21,0.0,0.0,26178.19192,0.5960043441087054
03/05/2025,22,0.0,0.0,25339.772716,0.5769158795846756
03/05/2025,23,0.0,0.0,24442.58007,0.5564893078736686
03/05/2025,24,0.0,0.0,23263.215215,0.5296384627497119
03/06/2025,1,0.0,0.0,22559.790751,0.5136234515687436
03/06/2025,2,0.0,0.0,21925.013126,0.4991713372592765
03/06/2025,3,0.0,0.0,21837.26832,0.49717363299808104
03/06/2025,4,0.0,0.0,21066.715874,0.4796303050790615
03/06/2025,5,0.0,0.0,21382.88672,0.48682863253698483
03/06/2025,6,0.0,0.0,22712.586798,0.5171021909733952
03/06/2025,7,920.4166666666666,0.0425375404867265,24449.704417,0.5566515093646621
03/06/2025,8,8259.333333333334,0.3817094352847839,26107.071898,0.5943851397650806
03/06/2025,9,14938.166666666666,0.6903752315590422,26413.6393037,0.6013648236988569
03/06/2025,10,16361.083333333334,0.7561360739140315,25789.6445901,0.587158206177563
03/06/2025,11,15630.0,0.7223486730367067,25946.2297883,0.5907232139762498
03/06/2025,12,14907.416666666666,0.6889541041312829,25073.5568416,0.5708548873626773
03/06/2025,13,14171.166666666666,0.6549279230357439,24474.2464068,0.5572102619545496
03/06/2025,14,12721.166666666666,0.5879154101820506,23557.7683915,0.5363446162266791
03/06/2025,15,11604.25,0.5362965188154961,23554.621219,0.5362729638953265
03/06/2025,16,10086.0,0.4661297963050687,24222.816579,0.5514859067330258
03/06/2025,17,6537.916666666667,0.3021532583871552,24396.411068,0.5554381685956293
03/06/2025,18,1233.75,0.0570184053332717,25685.886132,0.5847959157659637
03/06/2025,19,3.0,0.0001386465783179,26587.314819,0.6053189303040971
03/06/2025,20,6.75,0.0003119548012154,26400.814028,0.6010728279775729
03/06/2025,21,8.333333333333334,0.0003851293842166,25987.254402,0.5916572298951224
03/06/2025,22,8.083333333333334,0.0003735755026901,25344.102137,0.577014448413698
03/06/2025,23,8.666666666666666,0.0004005345595852,24282.407655,0.5528426291634614
03/06/2025,24,6.083333333333333,0.0002811444504781,23096.750646,0.5258485292597529
03/07/2025,1,0.0,0.0,22406.9782849999,0.5101443383492992
03/07/2025,2,0.0,0.0,21838.6724919999,0.49720560207426373
03/07/2025,3,0.0,0.0,21280.009382,0.4844864027700965
03/07/2025,4,0.0,0.0,20879.4581049999,0.47536696847685334
03/07/2025,5,0.0,0.0,21381.865689,0.48680538651169286
03/07/2025,6,0.0,0.0,23010.047524,0.5238745412349991
03/07/2025,7,568.0,0.0262504188282053,24679.0286209999,0.5618725812481175
03/07/2025,8,6142.333333333333,0.2838711665183918,24875.566117,0.5663471913263947
03/07/2025,9,12777.5,0.5905188848193551,24108.3242334,0.5488792356705884
03/07/2025,10,15490.666666666666,0.7159093097326047,23404.564532,0.5328565920699587
03/07/2025,11,15607.583333333334,0.721312674993164,22153.940745,0.5043833800094949
03/07/2025,12,16107.833333333334,0.7444319919276882,22633.711704,0.5153064252914243
03/07/2025,13,15910.416666666666,0.7353082768155962,22785.80405,0.5187691433889423
03/07/2025,14,16793.666666666668,0.7761281402487166,21959.357338,0.4999532590822024
03/07/2025,15,16694.166666666668,0.7715296954011701,21680.625277,0.4936073082347928
03/07/2025,16,15325.5,0.7082760453374312,20295.162845,0.4620641966786219
03/07/2025,17,11019.25,0.5092604360434888,21082.401553,0.47998742419763407
03/07/2025,18,2251.4166666666665,0.1040504057338062,23629.950035,0.5379879907279577
03/07/2025,19,1.0,4.621552610599531e-05,25396.560881,0.578208787556983
03/07/2025,20,0.0,0.0,25348.071797,0.5771048264891534
03/07/2025,21,0.0,0.0,24795.862616,0.5645325651298322
03/07/2025,22,0.0,0.0,24559.538631,0.5591521277754299
03/07/2025,23,0.0,0.0,23641.9956259999,0.5382622352053927
03/07/2025,24,0.0,0.0,22417.3829679999,0.5103812239327659
03/08/2025,1,0.0,0.0,22087.816716,0.5028779204783551
03/08/2025,2,0.0,0.0,21454.47571,0.4884585139726755
03/08/2025,3,0.0,0.0,20726.265261,0.47187919511231663
03/08/2025,4,0.0,0.0,20507.062683,0.4668885643946919
03/08/2025,5,0.0,0.0,20531.589086,0.46744696211665954
03/08/2025,6,0.0,0.0,21278.290019,0.48444725767481145
03/08/2025,7,1500.6666666666667,0.0693540995097303,21772.015356,0.49568800518509765
03/08/2025,8,11037.666666666666,0.5101115719826075,21978.724473,0.5003941946757763
03/08/2025,9,16230.083333333334,0.750081839994146,21820.9227379999,0.4968014897305545
03/08/2025,10,16280.5,0.7524118727686566,21106.5587786,0.48053741678089623
03/08/2025,11,14858.5,0.6866933946459313,19398.1411517,0.44164151708331756
03/08/2025,12,14169.5,0.6548508971589005,18874.3963164,0.4297173094070489
03/08/2025,13,13413.416666666666,0.6199081081289259,17981.9924197,0.4093997641480738
03/08/2025,14,12593.833333333334,0.5820306331912206,17038.0639959999,0.3879091492586959
03/08/2025,15,12159.583333333334,0.5619615409796922,16469.018208,0.37495356536347707
03/08/2025,16,12589.5,0.5818303659114279,17424.717965,0.3967121806481507
03/08/2025,17,11057.833333333334,0.5110435850924119,18920.3600276,0.43076377478671585
03/08/2025,18,2492.0,0.1151690910561403,21936.016867,0.4994218617209157
03/08/2025,19,22.0,0.0010167415743318,23737.7590609999,0.5404425012620093
03/08/2025,20,1.8333333333333333,8.472846452765806e-05,23781.779869,0.541444732160133
03/08/2025,21,0.0,0.0,23460.7641,0.534136099331858
03/08/2025,22,0.0,0.0,23031.411057,0.5243609292373647
03/08/2025,23,0.0,0.0,22160.18699,0.5045255895694883
03/08/2025,24,0.0,0.0,21202.419825,0.4827199051765733
03/09/2025,1,0.0,0.0,21061.132309,0.47950318289255667
03/09/2025,2,0.0,0.0,,
03/09/2025,3,,,20541.222077,0.46766627842774416
03/09/2025,4,0.0,0.0,20110.5325749999,0.45786068089302817
03/09/2025,5,0.0,0.0,19942.1825509999,0.45402782085665006
03/09/2025,6,0.0,0.0,20260.93286,0.46128487548558
03/09/2025,7,0.0,0.0,20788.0924959999,0.47328682864013166
03/09/2025,8,1694.1666666666667,0.0782968038112403,21286.622967,0.48463697563632724
03/09/2025,9,11335.75,0.5238876500560363,21837.3419129999,0.4971753085052272
03/09/2025,10,15324.166666666666,0.7082144246359564,21771.0071971,0.4956650522215856
03/09/2025,11,14543.666666666666,0.6721432065102271,20402.8219452,0.4645152938207822
03/09/2025,12,13561.75,0.6267634111679818,19134.7738316,0.4356453784899586
03/09/2025,13,12710.916666666666,0.5874417010394641,17884.2802339999,0.40717513047865966
03/09/2025,14,12110.166666666666,0.5596777237312875,16636.977109,0.37877752062110676
03/09/2025,15,11296.166666666666,0.5220582854810073,16163.8652182,0.3680060837308892
03/09/2025,16,10815.166666666666,0.4998286174240235,16137.6315322,0.3674088159415107
03/09/2025,17,10366.5,0.4790932513778003,16662.06089733,0.3793486084508954
03/09/2025,18,10254.25,0.4739055585724024,18899.1128744,0.43028003642748
03/09/2025,19,2548.333333333333,0.1177725656934447,21972.219595,0.5002460967644407
03/09/2025,20,8.5,0.0003928319719009,23803.0055179999,0.5419279809287694
03/09/2025,21,0.0,0.0,23766.056076,0.5410867452921895
03/09/2025,22,0.0,0.0,23451.4736,0.5339245805846556
03/09/2025,23,0.0,0.0,22407.473497,0.5101556129439776
03/09/2025,24,0.0,0.0,21290.559938,0.4847266094745159
03/10/2025,1,0.0,0.0,21114.09222,0.48070893220924243
03/10/2025,2,0.0,0.0,20577.373434,0.46848934389701996
03/10/2025,3,0.0,0.0,20269.2641559999,0.46147455583566566
03/10/2025,4,0.0,0.0,20074.392528,0.4570378729208788
03/10/2025,5,0.0,0.0,20433.663228,0.4652174637255204
03/10/2025,6,0.0,0.0,21961.693735,0.5000064523189934
03/10/2025,7,0.0,0.0,24041.940581,0.5473678652394635
03/10/2025,8,1759.75,0.0813277720650252,25459.905004,0.5796509563896178
03/10/2025,9,10970.583333333334,0.5070112804396637,26284.900518,0.5984338009694429
03/10/2025,10,16337.583333333334,0.7550500090505405,26071.479053,0.5935747900547562
03/10/2025,11,16254.833333333334,0.7512256742652694,24709.506246,0.5625664716800345
03/10/2025,12,15660.666666666666,0.7237659491706239,23106.479903,0.5260700372788961
03/10/2025,13,13934.333333333334,0.6439825459363073,21624.678166,0.4923335487139584
03/10/2025,14,12874.833333333334,0.5950171960270053,20368.757799,0.4637397483142171
03/10/2025,15,11955.833333333334,0.5525451275355956,20183.357174,0.4595186936960008
03/10/2025,16,11622.333333333334,0.5371322495792462,20118.260967,0.4580366348022634
03/10/2025,17,10757.916666666666,0.4971827785544553,20717.7726469999,0.471685842001744
03/10/2025,18,8463.25,0.3911335513165648,21764.631053,0.49551988522174556
03/10/2025,19,1590.4166666666667,0.0735019429777433,23718.792263,0.5400106802242418
03/10/2025,20,65.75,0.0030386708414691,25330.872646,0.5767132498385463
03/10/2025,21,5.833333333333333,0.0002695905689516,24983.727035,0.5688097134588547
03/10/2025,22,0.0,0.0,24291.4321189999,0.5530480910136774
03/10/2025,23,0.0,0.0,23045.990827,0.524692869895553
03/10/2025,24,0.0,0.0,21595.493603,0.4916690976937324
03/11/2025,1,0.0,0.0,21626.353053,0.49237168121489433
03/11/2025,2,0.0,0.0,20641.900319,0.469958440918286
03/11/2025,3,0.0,0.0,20401.919703,0.46449475228482423
03/11/2025,4,0.0,0.0,20173.7508949999,0.4592999855425776
03/11/2025,5,0.0,0.0,20240.529476,0.46082034739534056
03/11/2025,6,0.0,0.0,21275.078337,0.48437413664224566
03/11/2025,7,0.0,0.0,23598.207941,0.5372653118671363
03/11/2025,8,994.3333333333334,0.045953638124728,25424.666143,0.5788486659066988
03/11/2025,9,4850.666666666667,0.2241761119648146,25079.2400429999,0.5709842779918367
03/11/2025,10,7752.0,0.3582627583736756,23996.858143,0.546341463990167
03/11/2025,11,8878.833333333334,0.410339953707448,22891.399187,0.5211732498513398
03/11/2025,12,11008.083333333334,0.5087443626686385,23096.781954,0.5258492420555052
03/11/2025,13,10896.0,0.5035643724509249,22768.199452,0.5183683358420976
03/11/2025,14,11733.416666666666,0.5422660242708538,23047.321236,0.524723159594164
03/11/2025,15,10834.5,0.5007221175954062,21985.371807,0.5005455359125145
03/11/2025,16,10640.416666666666,0.4917524542370008,22587.121832,0.5142457039784961
03/11/2025,17,10398.0,0.4805490404501392,22858.135713,0.5204159334154022
03/11/2025,18,6711.666666666667,0.3101832060480718,22867.8723939999,0.5206376104582964
03/11/2025,19,1805.1666666666667,0.0834267272090058,24340.2796199999,0.554160212235946
03/11/2025,20,117.58333333333331,0.0054341756112966,25773.373837,0.5867877665551797
03/11/2025,21,8.833333333333334,0.0004082371472696,25406.814659,0.5784422374549057
03/11/2025,22,0.0,0.0,24787.295977,0.5643375266766796
03/11/2025,23,0.0,0.0,23411.081054,0.5330049550826659
03/11/2025,24,0.0,0.0,22169.110588,0.5047287549824906
03/12/2025,1,0.0,0.0,21711.800732,0.49431708630756227
03/12/2025,2,0.0,0.0,21195.527315,0.48256298196681274
03/12/2025,3,0.0,0.0,21024.61754,0.4786718435466372
03/12/2025,4,0.0,0.0,20687.031976,0.47098596274679977
03/12/2025,5,0.0,0.0,20486.0170159999,0.46640941331370595
03/12/2025,6,0.0,0.0,21301.261667,0.4849702579660911
03/12/2025,7,0.0,0.0,23155.510618,0.5271863297724365
03/12/2025,8,1598.0,0.0738524107173805,24994.685285,0.5690592022174286
03/12/2025,9,8726.5,0.4032997885639681,26129.562287,0.5948971831325393
03/12/2025,10,12547.0,0.5798662060519232,26249.3010349999,0.5976233001303887
03/12/2025,11,13185.0,0.6093517117075482,26687.303257,0.6075953878833967
03/12/2025,12,12746.75,0.5890977573915958,26397.976516,0.6010082257512759
03/12/2025,13,12261.0,0.5666485655856085,25349.561728,0.5771387480583411
03/12/2025,14,10276.833333333334,0.4749492592036295,24277.840669,0.5527386516426379
03/12/2025,15,9526.25,0.4402606555672378,24890.106445,0.5666782340003597
03/12/2025,16,8898.916666666666,0.4112681155234101,24464.779731,0.5569947321762397
03/12/2025,17,7811.333333333333,0.361004879589298,24445.2904529999,0.5565510157275599
03/12/2025,18,4973.833333333333,0.2298683242635363,24227.312895,0.5515882752952502
03/12/2025,19,963.1666666666666,0.0445132542277578,25151.492747,0.5726292703423115
03/12/2025,20,3.083333333333333,0.0001424978721601,26273.00441,0.5981629598025796
03/12/2025,21,0.0,0.0,25960.969568,0.5910587976085822
03/12/2025,22,0.0,0.0,25075.0930229999,0.570889861924346
03/12/2025,23,0.0,0.0,23886.309517,0.5438245804126992
03/12/2025,24,0.0,0.0,22442.091635,0.5109437712971598
03/13/2025,1,0.0,0.0,22237.4473379999,0.5062845919931855
03/13/2025,2,0.0,0.0,22066.412974,0.5023906170293175
03/13/2025,3,0.0,0.0,21402.396313,0.48727281150149576
03/13/2025,4,0.0,0.0,21532.913236,0.490244317452916
03/13/2025,5,0.0,0.0,20953.9414689999,0.47706274672783006
03/13/2025,6,0.0,0.0,22081.696089,0.5027385708895136
03/13/2025,7,0.0,0.0,24048.73277,0.5475225044201364
03/13/2025,8,709.6666666666666,0.032797618359888,25850.142365,0.588535571610573
03/13/2025,9,4215.083333333333,0.1948022938306123,26468.562645,0.6026152748418465
03/13/2025,10,7490.833333333333,0.3461928034723265,26146.285381,0.5952779212943419
03/13/2025,11,9112.25,0.4211274277593557,25447.181363,0.5793612746067027
03/13/2025,12,10690.583333333334,0.494070933129985,25260.737733,0.5751164736765628
03/13/2025,13,10984.583333333334,0.5076582978051477,24539.122928,0.5586873192159535
03/13/2025,14,11649.166666666666,0.5383723661964237,23496.865403,0.5349580252112975
03/13/2025,15,11624.416666666666,0.5372285319253003,23777.2871969999,0.5413424465616128
03/13/2025,16,12841.833333333334,0.5934920836655074,22999.8889364,0.5236432585567258
03/13/2025,17,11307.75,0.5225936153250684,22270.6206261,0.5070398551479691
03/13/2025,18,8592.666666666666,0.397114610653449,22856.398488,0.5203763816522453
03/13/2025,19,2198.333333333333,0.1015971315563463,24726.987331,0.5629644671807006
03/13/2025,20,2.083333333333333,9.62823460541569e-05,26516.654467,0.6037101913630369
03/13/2025,21,0.0,0.0,26452.011276,0.6022384463788613
03/13/2025,22,0.0,0.0,26001.465465,0.5919807761243
03/13/2025,23,0.0,0.0,24594.141722,0.5599399435504313
03/13/2025,24,0.0,0.0,22924.176242,0.5219194918846625
03/14/2025,1,0.0,0.0,22690.955458,0.51660970575332
03/14/2025,2,0.0,0.0,22023.829425,0.5014211085059969
03/14/2025,3,0.0,0.0,21745.320419,0.4950802359981985
03/14/2025,4,0.0,0.0,21381.771633,0.48680324511916434
03/14/2025,5,0.0,0.0,21443.159715,0.4882008803592265
03/14/2025,6,0.0,0.0,22577.489128,0.5140263942016002
03/14/2025,7,0.0,0.0,24716.328026,0.5627217845651634
03/14/2025,8,494.9166666666667,0.0228728341286255,26550.106912,0.6044718101410635
03/14/2025,9,3774.8333333333335,0.1744559084624479,27568.4576419999,0.6276568131680492
03/14/2025,10,4467.083333333333,0.2064486064093232,27704.122802,0.6307455301027926
03/14/2025,11,6725.333333333333,0.3108148182381871,28127.034768,0.6403740548565966
03/14/2025,12,9578.0,0.442652309043223,27429.828746,0.6245006202389337
03/14/2025,13,9649.333333333334,0.4459490165721174,26100.577889,0.5942372893105301
03/14/2025,14,12459.0,0.5757992397545956,27010.4268209999,0.6149520093191458
03/14/2025,15,11621.0,0.5370706288777715,26908.737188,0.6126368202792009
03/14/2025,16,10524.416666666666,0.4863914532087054,26128.238322,0.5948670401458174
03/14/2025,17,9375.083333333334,0.4332744085375482,25088.47738,0.5711945863659552
03/14/2025,18,5990.0,0.2768310013749119,24730.048929,0.5630341712196003
03/14/2025,19,1453.8333333333333,0.0671896723704328,25434.914361,0.5790819892189443
03/14/2025,20,1.5,6.932328915899296e-05,26406.634343,0.6012053403006042
03/14/2025,21,0.0,0.0,26129.645374,0.5948990747915618
03/14/2025,22,0.0,0.0,25561.72439,0.5819690995431226
03/14/2025,23,0.0,0.0,24462.317099,0.5569386649209295
03/14/2025,24,0.0,0.0,23366.420266,0.5319881536266807
03/15/2025,1,0.0,0.0,22946.193997,0.5224207746954701
03/15/2025,2,0.0,0.0,22313.413699,0.508014133945531
03/15/2025,3,0.0,0.0,21419.304473,0.4876577630994396
03/15/2025,4,0.0,0.0,20977.490315,0.4775988882061146
03/15/2025,5,0.0,0.0,20780.122848,0.47310538200533453
03/15/2025,6,0.0,0.0,21361.5828669999,0.4863436032815987
03/15/2025,7,0.0,0.0,22384.670158,0.5096364445787324
03/15/2025,8,2294.083333333333,0.1060222681809954,23150.996454,0.5270835548610813
03/15/2025,9,11162.75,0.5158923640396992,23691.599477,0.5393915764055386
03/15/2025,10,13477.083333333334,0.622850496624341,23328.7551189999,0.5311306233853961
03/15/2025,11,12904.75,0.5963998105163429,21552.8855081,0.49069903032879747
03/15/2025,12,12401.583333333334,0.5731456982973431,20855.1557404,0.4748136714837716
03/15/2025,13,12514.583333333334,0.5783680527473205,20972.227241,0.4774790627049131
03/15/2025,14,11832.833333333334,0.5468606178245582,19905.984294,0.453203687605315
03/15/2025,15,10801.416666666666,0.4991931539400661,18968.6411171,0.4318630004004725
03/15/2025,16,9006.25,0.4162285819921202,17867.27798,0.40678803662303553
03/15/2025,17,7697.916666666667,0.3557632686701097,17771.244178,0.4046016150646564
03/15/2025,18,8195.166666666666,0.3787439390263158,19201.237461,0.43715856977408885
03/15/2025,19,3007.0,0.1389700870007278,21561.546269,0.49089621167483777
03/15/2025,20,12.583333333333334,0.0005815453701671,23363.613008,0.5319242401994987
03/15/2025,21,0.0,0.0,23486.608397,0.534724501820827
03/15/2025,22,0.0,0.0,23334.742165,0.5312669317078097
03/15/2025,23,0.0,0.0,22523.064766,0.5127873034241901
03/15/2025,24,0.0,0.0,21773.871123,0.49573025581864155
03/16/2025,1,0.0,0.0,21403.7745379999,0.4873041898369289
03/16/2025,2,0.0,0.0,20785.185131,0.473220636056047
03/16/2025,3,0.0,0.0,20092.07007,0.457440341198954
03/16/2025,4,0.0,0.0,19843.869371,0.4517895042249229
03/16/2025,5,0.0,0.0,19593.516529,0.44608966896326896
03/16/2025,6,0.0,0.0,19991.337072,0.4551469320671634
03/16/2025,7,0.5,2.3107763052997653e-05,20807.685168,0.4737328990815297
03/16/2025,8,2507.1666666666665,0.1158700265354145,21097.951194,0.4803414461107461
03/16/2025,9,9898.083333333334,0.4574451286909837,21985.169985,0.5005409409890338
03/16/2025,10,13624.833333333334,0.6296788406065018,22355.069407,0.5089625181196861
03/16/2025,11,13639.833333333334,0.6303720734980918,21009.8899209999,0.4783365367794907
03/16/2025,12,13457.916666666666,0.6219646990406427,20863.465034,0.4750028509006392
03/16/2025,13,13127.666666666666,0.6067020215441378,20238.285525,0.460769258895873
03/16/2025,14,11424.916666666666,0.5280085344671542,18965.695804,0.43179594384409437
03/16/2025,15,10833.666666666666,0.5006836046569845,18960.84474,0.4316854986603176
03/16/2025,16,10447.083333333334,0.4828174525231752,18777.3608087,0.4275080818065052
03/16/2025,17,9436.166666666666,0.436097406923856,19138.0577066,0.4357201431555815
03/16/2025,18,7707.916666666667,0.3562254239311697,20382.1362989999,0.4640443394082837
03/16/2025,19,1814.8333333333333,0.0838734772946971,22207.359187,0.5055995687968952
03/16/2025,20,17.583333333333332,0.000812623000697,23900.062882,0.5441377061362466
03/16/2025,21,1.8333333333333333,8.472846452765806e-05,23703.383739,0.5396598711512406
03/16/2025,22,0.0,0.0,23265.541374,0.5296914228958262
03/16/2025,23,0.0,0.0,22105.1646579999,0.5032728846846258
03/16/2025,24,0.0,0.0,20897.602329,0.47578006180115895
03/17/2025,1,0.0,0.0,20846.571992,0.474618243497348
03/17/2025,2,0.0,0.0,20287.073062,0.4618800149052729
03/17/2025,3,0.0,0.0,19930.010143,0.4537506891101805
03/17/2025,4,0.0,0.0,20167.2749679999,0.45915254676468475
03/17/2025,5,0.0,0.0,20139.260236,0.45851472953032385
03/17/2025,6,0.0,0.0,21292.687541,0.48477504905485114
03/17/2025,7,0.0,0.0,23253.6077239999,0.5294197270024326
03/17/2025,8,998.5,0.0461462028168363,24834.1769,0.5654048744083033
03/17/2025,9,4761.833333333333,0.2200706327290653,24911.968746,0.5671759775575935
03/17/2025,10,9401.083333333334,0.4344760122163041,24743.384993,0.5633377961644246
03/17/2025,11,11291.75,0.5218541669073725,24665.342552,0.5615609876666111
03/17/2025,12,12736.333333333334,0.5886163456613249,25271.58978,0.5753635444893308
03/17/2025,13,11550.25,0.5338008804057723,24340.653911,0.5541687337970495
03/17/2025,14,11957.833333333334,0.5526375585878076,24230.136687,0.5516525651554515
03/17/2025,15,12429.166666666666,0.5744204765591,23963.058382,0.5455719377964788
03/17/2025,16,11252.083333333334,0.5200209510385014,22879.526678,0.5209029459678213
03/17/2025,17,9921.166666666666,0.4585119370852638,22994.817809,0.5235278031437177
03/17/2025,18,7912.416666666667,0.3656764990198457,23938.887124,0.5450216257346452
03/17/2025,19,2541.75,0.1174683134799135,24681.792119,0.5619354983822736
03/17/2025,20,16.083333333333332,0.000743299711538,26033.245097,0.5927043096205803
03/17/2025,21,0.0,0.0,25803.418546,0.5874718006984164
03/17/2025,22,0.0,0.0,25136.432962,0.572286401082709
03/17/2025,23,0.0,0.0,23873.8922409999,0.5435418737055029
03/17/2025,24,0.0,0.0,22651.199273,0.5157045684146679
03/18/2025,1,0.0,0.0,22069.12508,0.5024523641111108
03/18/2025,2,0.0,0.0,21538.270335,0.49036628364086277
03/18/2025,3,0.0,0.0,21027.689855,0.4787417915817065
03/18/2025,4,0.0,0.0,20783.056082,0.47317216355432884
03/18/2025,5,0.0,0.0,20989.56645,0.4778738280851574
03/18/2025,6,0.0,0.0,22449.167538,0.5111048698535223
03/18/2025,7,1.1666666666666667,5.391811379032786e-05,24741.8371669999,0.5633025564877195
03/18/2025,8,2701.6666666666665,0.1248589463630306,26353.2941169999,0.5999909322731533
03/18/2025,9,10606.833333333334,0.4902003828186079,25972.879961,0.5913299640050137
03/18/2025,10,12946.75,0.5983408626127947,25009.906923,0.5694057564179698
03/18/2025,11,12223.083333333334,0.5648962268874228,22534.4744919999,0.5130470710308228
03/18/2025,12,12130.5,0.5606174394287761,21794.731716,0.49620519328134627
03/18/2025,13,12007.0,0.5549098219546856,21129.956434,0.4810701160713199
03/18/2025,14,11321.5,0.5232290788090259,20043.578488,0.4563363232586384
03/18/2025,15,10387.666666666666,0.4800714800137106,19590.3851275,0.4460183756935561
03/18/2025,16,9840.583333333334,0.454787735939889,19418.455905,0.4421040272999626
03/18/2025,17,8671.833333333334,0.400773339803507,19054.794929,0.4338244821678475
03/18/2025,18,9283.916666666666,0.4290610930742182,20871.4353014,0.47518431163744734
03/18/2025,19,3423.333333333333,0.1582111510361906,23235.588079,0.5290094699941542
03/18/2025,20,100.0,0.0046215526105995,25179.5168439999,0.5732673007915765
03/18/2025,21,34.333333333333336,0.0015867330629725,25056.418462,0.5704646943071829
03/18/2025,22,0.0,0.0,24526.4974359999,0.5583998720117476
03/18/2025,23,0.0,0.0,23273.227983,0.5298664255228015
03/18/2025,24,0.0,0.0,21906.2031409999,0.498743086415714
03/19/2025,1,0.0,0.0,21718.224089,0.49446332821332334
03/19/2025,2,0.0,0.0,21021.820947,0.4786081729317301
03/19/2025,3,0.0,0.0,20385.207602,0.4641142644029406
03/19/2025,4,0.0,0.0,20508.590436,0.4669233470652257
03/19/2025,5,0.0,0.0,21094.400651,0.4802606101592635
03/19/2025,6,0.0,0.0,22748.286699,0.5179149780499539
03/19/2025,7,4.333333333333333,0.0002002672797926,24908.564166,0.5670984647761125
03/19/2025,8,3034.9166666666665,0.1402602704378535,26553.561517,0.6045504618521318
03/19/2025,9,11400.083333333334,0.5268608489021888,26591.493461,0.6054140663162436
03/19/2025,10,13993.583333333334,0.6467208158580876,24662.778521,0.561502611839163
03/19/2025,11,13920.25,0.6433316772769812,23634.542252,0.5380925426882096
03/19/2025,12,13942.083333333334,0.6443407162636288,22962.168664,0.522784473263988
03/19/2025,13,13160.25,0.6082078774364248,22371.681871,0.5093407375452526
03/19/2025,14,13254.25,0.6125521368903883,21927.8742722,0.4992364775703239
03/19/2025,15,12564.916666666666,0.5806942342279888,21290.3650312,0.4847221719908329
03/19/2025,16,11088.833333333334,0.5124762664016976,20547.931911,0.46781904261499097
03/19/2025,17,9289.083333333334,0.4292998732924326,21160.364172,0.48176241537135955
03/19/2025,18,8411.0,0.3887187900775265,22245.180817,0.5064606617192086
03/19/2025,19,2337.25,0.1080172383912375,24057.941511,0.5477321617431686
03/19/2025,20,8.333333333333334,0.0003851293842166,25336.054289,0.5768312213832221
03/19/2025,21,0.0,0.0,25172.430491,0.5731059643178913
03/19/2025,22,0.0,0.0,24744.176883,0.5633558252888767
03/19/2025,23,0.0,0.0,23280.669356,0.530035844810722
03/19/2025,24,0.0,0.0,22156.768722,0.5044477651504623
03/20/2025,1,0.0,0.0,21705.226742,0.49416741490893773
03/20/2025,2,0.0,0.0,21065.368251,0.47959962346572943
03/20/2025,3,0.0,0.0,20666.509674,0.4705187272257031
03/20/2025,4,0.0,0.0,20837.915147,0.474421151305418
03/20/2025,5,0.0,0.0,20781.060432,0.473126728175409
03/20/2025,6,0.0,0.0,21899.914783,0.4985999180602866
03/20/2025,7,6.416666666666667,0.0002965496258468,24057.142658,0.5477139740906464
03/20/2025,8,2979.0,0.13767605226976,25718.022627,0.5855275740364416
03/20/2025,9,11179.75,0.516678027983501,25694.198102,0.5849851561169871
03/20/2025,10,14897.916666666666,0.688515056633276,25166.6629205,0.5729746528398695
03/20/2025,11,14522.916666666666,0.6711842343435277,23541.46351323,0.5359733996694476
03/20/2025,12,12963.333333333334,0.5991072700873858,22061.5583446,0.5022800906713368
03/20/2025,13,12561.833333333334,0.5805517363558288,21543.1737902,0.4904779216259945
03/20/2025,14,12176.75,0.5627549075111784,20698.866682,0.4712554059615491
03/20/2025,15,10768.833333333334,0.4976872980477791,19258.280743,0.4384572860482347
03/20/2025,16,10620.583333333334,0.4908358463025654,19795.503567,0.4506883498985125
03/20/2025,17,9784.75,0.4522073690656376,19757.0983233,0.4498139697216193
03/20/2025,18,9458.25,0.4371179997920301,21326.5870178999,0.48554684550118693
03/20/2025,19,3200.583333333333,0.1479166425960801,23338.3060459999,0.5313480713283121
03/20/2025,20,19.08333333333333,0.000881946289856,25138.541303,0.5723344021210811
03/20/2025,21,0.0833333333333333,3.851293842166275e-06,25090.1286469999,0.5712321811054327
03/20/2025,22,4.0,0.0001848621044239,24407.432682,0.5556890999755796
03/20/2025,23,4.083333333333333,0.0001887133982661,23205.731774,0.5283297252839995
03/20/2025,24,3.583333333333333,0.0001656056352131,21757.694112,0.4953619504421603
03/21/2025,1,3.333333333333333,0.0001540517536866,21445.343021,0.4882505881413565
03/21/2025,2,3.0,0.0001386465783179,20940.476838,0.4767561946713593
03/21/2025,3,3.5,0.0001617543413709,20627.754868,0.46963638849116873
03/21/2025,4,2.6666666666666665,0.0001232414029493,20302.310907,0.4622269380939564
03/21/2025,5,1.9166666666666667,8.857975836982434e-05,20496.07444,0.46663839277924435
03/21/2025,6,2.0,9.24310522119906e-05,21832.616275,0.4970677189213005
03/21/2025,7,20.916666666666668,0.0009666747543837,23917.712946,0.5445395488169765
03/21/2025,8,2996.6666666666665,0.1384925265642992,25239.282725,0.574628003043833
03/21/2025,9,10500.5,0.4852861318760037,25076.784061,0.5709283621384628
03/21/2025,10,15164.416666666666,0.7008314943405237,23830.0972779999,0.5425447846675033
03/21/2025,11,15209.5,0.7029150443091357,22770.155025,0.5184128587796168
03/21/2025,12,14509.25,0.6705526221534125,21528.6325965,0.49014685924245743
03/21/2025,13,13919.083333333334,0.6432777591631909,21278.0525797,0.48444185184484834
03/21/2025,14,13423.5,0.6203741146838281,21301.9709881,0.48498640722721126
03/21/2025,15,13236.0,0.6117087035389539,20975.0934271999,0.4775443177626873
03/21/2025,16,12796.25,0.5913854259338425,20675.5982834,0.4707256494875942
03/21/2025,17,12414.0,0.5737195410798258,20584.2288176,0.46864542184230423
03/21/2025,18,11008.416666666666,0.5087597678440071,21381.1349155,0.48678874883931694
03/21/2025,19,3277.9166666666665,0.1514906432816104,22951.5608709999,0.5225429634328741
03/21/2025,20,20.83333333333333,0.0009628234605415,24366.818935,0.5547644383443827
03/21/2025,21,0.0,0.0,24183.440794,0.5505894300403493
03/21/2025,22,0.0,0.0,23756.383821,0.5408665350494445
03/21/2025,23,0.0,0.0,23000.410728,0.5236551382946875
03/21/2025,24,0.0,0.0,21955.3695769999,0.49986246889751007
03/22/2025,1,0.0,0.0,21199.123953,0.48264486737275436
03/22/2025,2,0.0,0.0,20581.016761,0.4685722922811422
03/22/2025,3,0.0,0.0,20043.292709,0.4563298168686641
03/22/2025,4,0.0,0.0,19593.070496,0.4460795140371217
03/22/2025,5,0.0,0.0,19610.580165,0.44647816031566523
03/22/2025,6,0.0,0.0,20163.474552,0.45906602190260554
03/22/2025,7,15.083333333333334,0.000697084185432,20636.374127,0.4698326249548136
03/22/2025,8,2996.25,0.1384732700950884,21167.292823,0.48192016141078936
03/22/2025,9,11468.333333333334,0.530015058558923,21473.7948989,0.48889835796741143
03/22/2025,10,13536.75,0.625608023015332,20681.262976,0.470854618723054
03/22/2025,11,12527.916666666666,0.578984259762067,19538.612699,0.44483966203810754
03/22/2025,12,11987.75,0.5540201730771452,19002.168778,0.43262633163454967
03/22/2025,13,11962.5,0.5528532310429689,19194.0810927,0.43699563924749335
03/22/2025,14,11986.416666666666,0.5539585523756706,19026.361101,0.43317712328762276
03/22/2025,15,11274.583333333334,0.5210608003758863,18830.3053097,0.42871348028051365
03/22/2025,16,11254.416666666666,0.520128787266082,19078.277695,0.4343591191890161
03/22/2025,17,10895.416666666666,0.5035374133940297,18912.969953,0.43059552342014523
03/22/2025,18,7873.833333333333,0.3638933499709227,20004.557268,0.4554479190211153
03/22/2025,19,2221.083333333333,0.1026485347752577,21635.534674,0.4925807210912419
03/22/2025,20,45.833333333333336,0.0021182116131914,23224.449176,0.5287558682711285
03/22/2025,21,0.0,0.0,23264.737002,0.529673109591082
03/22/2025,22,0.0,0.0,22866.25984,0.5206008971057474
03/22/2025,23,0.0,0.0,22085.181807,0.5028179309567284
03/22/2025,24,0.0,0.0,20920.025595,0.4762905769653057
03/23/2025,1,0.0,0.0,20231.5094719999,0.4606149870868683
03/23/2025,2,0.0,0.0,19586.416262,0.4459280157066474
03/23/2025,3,0.0,0.0,19078.899488,0.4343732756796656
03/23/2025,4,0.0,0.0,18614.860136,0.4238083951686441
03/23/2025,5,0.0,0.0,18530.712122,0.42189257981954037
03/23/2025,6,0.0,0.0,18691.489442,0.425553030527786
03/23/2025,7,7.0,0.0003235086827419,19395.993225,0.4415926147890743
03/23/2025,8,3378.0,0.1561160471860521,20014.592352,0.4556763898672216
03/23/2025,9,12548.666666666666,0.5799432319287664,20057.79695145,0.45666003797540144
03/23/2025,10,14953.5,0.6910838696260009,19441.627682,0.4426315839698397
03/23/2025,11,14070.333333333334,0.6502678574867227,18184.996477,0.41402159977340036
03/23/2025,12,13836.25,0.6394495730840776,17496.027209,0.39833569304843375
03/23/2025,13,13652.166666666666,0.6309420649867322,17098.808812,0.3892921391278505
03/23/2025,14,13855.416666666666,0.6403353706677758,16960.14104,0.3861350611007491
03/23/2025,15,13276.583333333334,0.6135842836400889,16611.6639059999,0.3782012096597741
03/23/2025,16,13358.916666666666,0.6173893619561491,17317.790154,0.39427773291941565
03/23/2025,17,12794.166666666666,0.5912891435877883,18093.311508,0.4119341890010878
03/23/2025,18,11558.25,0.5341706046146203,19704.6828252,0.4486206151667406
03/23/2025,19,3805.75,0.1758847384778916,22181.126738,0.5050023291705532
03/23/2025,20,173.08333333333334,0.0079991373101793,23742.1656769999,0.5405428276056639
03/23/2025,21,0.0,0.0,23668.664447,0.5388694098038864
03/23/2025,22,0.0,0.0,23097.581183,0.5258674382684978
03/23/2025,23,0.0,0.0,21972.675675,0.5002564804327281
03/23/2025,24,0.0,0.0,20785.076187,0.4732181557053236
03/24/2025,1,0.0,0.0,20446.13772,0.4655014730812952
03/24/2025,2,0.0,0.0,19911.696667,0.45333374239036556
03/24/2025,3,0.0,0.0,19489.062196,0.44371153542298364
03/24/2025,4,0.0,0.0,19211.815497,0.43739940212138784
03/24/2025,5,0.0,0.0,19448.450423,0.44278691873425563
03/24/2025,6,0.0,0.0,20672.307623,0.47065073033735727
03/24/2025,7,20.75,0.0009589721666994,22558.628864,0.5135969986455821
03/24/2025,8,4027.4166666666665,0.1861291800980539,24141.560181,0.549635925407248
03/24/2025,9,13390.333333333334,0.6188412997346459,24388.119461,0.555249391853265
03/24/2025,10,16451.833333333332,0.7603301329081504,23510.9750791,0.5352792631438203
03/24/2025,11,16108.916666666666,0.7444820587476363,22523.7495037,0.5128028929899257
03/24/2025,12,16015.833333333334,0.7401801635259365,21329.8568723,0.48562129095689366
03/24/2025,13,15580.25,0.7200494506129335,20773.7497567,0.4729602845092275
03/24/2025,14,16052.083333333334,0.7418554763472789,20638.017881,0.46987004864425863
03/24/2025,15,16001.25,0.7395061871035574,20821.9053489999,0.4740566529021088
03/24/2025,16,16525.416666666668,0.7637308253707834,22127.0943692,0.503772162983916
03/24/2025,17,16080.166666666666,0.7431533623720888,23985.3383734899,0.5460791910000333
03/24/2025,18,13310.166666666666,0.6151363550584819,24359.37138,0.5545948783095815
03/24/2025,19,4271.5,0.1974096197617589,25839.93877,0.5883032642394562
03/24/2025,20,102.0,0.0047139836628115,26723.836236,0.6084271418201763
03/24/2025,21,0.0,0.0,26045.977973,0.5929942016586627
03/24/2025,22,0.0,0.0,24973.485371,0.5685765393628913
03/24/2025,23,0.0,0.0,23424.160045,0.5333027271929928
03/24/2025,24,0.0,0.0,21786.131507,0.4960093905330164
03/25/2025,1,0.0,0.0,21026.8332,0.4787222879390194
03/25/2025,2,0.0,0.0,20323.454401,0.4627083164226105
03/25/2025,3,0.0,0.0,19443.129369,0.44266577319032624
03/25/2025,4,0.0,0.0,19085.316157,0.43451936531833874
03/25/2025,5,0.0,0.0,19515.536083,0.44431427191852396
03/25/2025,6,0.0,0.0,20729.151871,0.47194491516299863
03/25/2025,7,29.5,0.0013633580201268,22689.364286,0.5165734792092133
03/25/2025,8,4181.5,0.1932502224122194,23969.725564,0.5457237309167641
03/25/2025,9,13813.666666666666,0.6384058724528505,24262.9548393999,0.5523997428618316
03/25/2025,10,17126.75,0.7915217617358552,23779.1339644,0.5413844922993926
03/25/2025,11,17738.75,0.8198056637127243,22176.21023,0.5048903940096071
03/25/2025,12,18060.0,0.8346524014742753,22158.427857,0.5044855390223356
03/25/2025,13,18222.166666666668,0.8421470192911309,21639.7848539999,0.4926774858239219
03/25/2025,14,18028.75,0.833208166283463,21604.1068529999,0.49186519734922135
03/25/2025,15,18255.0,0.8436644290649443,22268.360234,0.5069883923305558
03/25/2025,16,18261.166666666668,0.8439494248092647,23191.358189,0.5280024788826209
03/25/2025,17,17205.583333333332,0.7951650857105445,24337.866959,0.5541052826807958
03/25/2025,18,13143.5,0.6074337673741493,24783.9618144,0.5642616171028008
03/25/2025,19,3716.0833333333335,0.1717407463037207,26220.0912259999,0.5969582743292261
03/25/2025,20,59.0,0.0027267160402537,27028.595174,0.6153656519934165
03/25/2025,21,0.0,0.0,26599.321705,0.6055922935767435
03/25/2025,22,0.0,0.0,25865.393468,0.5888827966469019
03/25/2025,23,0.0,0.0,24422.240886,0.5560262414381916
03/25/2025,24,0.0,0.0,22800.540709,0.5191046559716482
03/26/2025,1,0.0,0.0,22187.663067,0.5051511431333521
03/26/2025,2,0.0,0.0,21315.489478,0.4852941855004706
03/26/2025,3,0.0,0.0,20762.6568459999,0.4727077299024665
03/26/2025,4,0.0,0.0,20480.387845,0.4662812528059091
03/26/2025,5,0.0,0.0,20420.158279,0.4649099937407497
03/26/2025,6,0.0,0.0,21381.345731,0.48679354851968415
03/26/2025,7,17.833333333333332,0.0008241768822235,22875.908551,0.520820571317344
03/26/2025,8,2944.25,0.1360700627375766,24255.5148019999,0.5522303539817942
03/26/2025,9,11447.916666666666,0.5290714915675921,24501.177556,0.5578234090337707
03/26/2025,10,15882.5,0.7340180933784705,23866.1195734,0.5433649117644715
03/26/2025,11,17233.75,0.7964668230291967,23997.8781109999,0.5463646858139144
03/26/2025,12,17673.583333333332,0.8167939519281502,23409.149536,0.5329609798103384
03/26/2025,13,18186.83333333333,0.8405140707020523,24017.4204509999,0.5468096103361901
03/26/2025,14,18563.58333333333,0.8579257701624861,24358.202207,0.5545682595045416
03/26/2025,15,18680.166666666668,0.8633137302476768,24469.844338,0.5571100391379439
03/26/2025,16,18753.166666666668,0.8666874636534144,24784.007456,0.5642626562346076
03/26/2025,17,17786.166666666668,0.821997049908917,25063.376855,0.5706231174889171
03/26/2025,18,13914.0,0.6430428302388187,24326.1763465999,0.5538391200750268
03/26/2025,19,3816.5833333333335,0.1763854066773732,24642.45638,0.5610399334252143
03/26/2025,20,163.16666666666666,0.0075408333429615,25780.567806,0.5869515531447381
03/26/2025,21,0.0,0.0,25254.218435,0.5749680474620857
03/26/2025,22,0.0,0.0,24530.574605,0.5584926977669851
03/26/2025,23,0.0,0.0,23386.526432,0.5324459148928518
03/26/2025,24,0.0,0.0,22221.407813,0.5059194167890846
03/27/2025,1,0.0,0.0,21304.040297,0.4850335196136385
03/27/2025,2,0.0,0.0,20610.560079,0.46924491115112354
03/27/2025,3,0.0,0.0,20018.497375,0.4557652963386447
03/27/2025,4,0.0,0.0,19511.904156,0.4442315830805744
03/27/2025,5,0.0,0.0,19324.908101,0.4399742049754792
03/27/2025,6,0.0,0.0,20241.037106,0.46083190471320745
03/27/2025,7,45.083333333333336,0.0020835499686119,22247.029733,0.5065027563746095
03/27/2025,8,3279.5,0.1515638178646116,23905.2373119999,0.5442555134610477
03/27/2025,9,12335.583333333334,0.5700954735743473,24669.1318535,0.5616472594825578
03/27/2025,10,15792.083333333334,0.7298394395597201,24589.332657,0.5598304545666289
03/27/2025,11,16475.333333333332,0.7614161977716414,24231.495013,0.5516834904462122
03/27/2025,12,16803.25,0.7765710390405657,24873.52812,0.5663007918245119
03/27/2025,13,15874.416666666666,0.7336445178757803,24564.448521,0.5592639122629925
03/27/2025,14,15318.666666666666,0.7079602392423735,24041.862703,0.5473660921748281
03/27/2025,15,14475.833333333334,0.6690082533227037,22881.675868,0.5209518770238786
03/27/2025,16,13206.166666666666,0.6103299403434583,21528.603904,0.49014620599433795
03/27/2025,17,12181.333333333334,0.5629667286724975,20964.75428,0.4773089242464219
03/27/2025,18,10687.333333333334,0.4939207326701406,21799.5939674,0.49631589317098745
03/27/2025,19,3610.3333333333335,0.1668534544180117,23298.08527,0.5304323565496666
03/27/2025,20,56.75,0.0026227311065152,24777.8859219999,0.564123285995906
03/27/2025,21,0.0,0.0,24531.450438,0.5585126380391898
03/27/2025,22,0.0,0.0,23937.492963,0.5449898845809809
03/27/2025,23,0.0,0.0,23049.346811,0.5247692762817874
03/27/2025,24,0.0,0.0,22294.661885,0.5075872074932354
03/28/2025,1,0.0,0.0,21844.280964,0.49733329132362397
03/28/2025,2,0.0,0.0,20978.86552,0.4776301977845815
03/28/2025,3,0.0,0.0,20215.179071,0.4602431894483331
03/28/2025,4,0.0,0.0,20240.068535,0.4608098530556544
03/28/2025,5,0.0,0.0,20623.1586279999,0.4695317449384361
03/28/2025,6,0.0,0.0,21467.518135,0.4887554535772695
03/28/2025,7,14.083333333333334,0.0006508686593261,22967.565605,0.5229073465430414
03/28/2025,8,1759.0833333333333,0.0812969617142879,23685.818582,0.539259961565852
03/28/2025,9,6515.916666666667,0.3011365168128233,23404.257903,0.5328496109836947
03/28/2025,10,11253.5,0.5200864230338182,22592.8896131,0.514377020251292
03/28/2025,11,13265.25,0.6130605076775543,22268.059402,0.5069815432257974
03/28/2025,12,13352.333333333334,0.6170851097426181,22054.719867,0.5021243976284734
03/28/2025,13,15795.916666666666,0.7300165990764597,23351.9842899999,0.5316594867564169
03/28/2025,14,15884.916666666666,0.7341297808998933,23708.086216,0.5397669334238618
03/28/2025,15,14941.75,0.6905408371942554,24430.280872,0.5562092894728771
03/28/2025,16,15129.333333333334,0.6992100996329718,23571.532804,0.5366579934709582
03/28/2025,17,12888.25,0.595637254335594,22928.784645,0.5220244123549453
03/28/2025,18,10142.25,0.4687294196485309,22471.9325079999,0.5116231646637563
03/28/2025,19,3152.833333333333,0.1457098512245188,23161.0983099999,0.527313545919207
03/28/2025,20,74.66666666666667,0.0034507592825809,24459.25442,0.5568689362706778
03/28/2025,21,0.0,0.0,24524.9847329999,0.5583654319876962
03/28/2025,22,0.0,0.0,24185.270864,0.5506310956249457
03/28/2025,23,0.0,0.0,23273.131557,0.5298642301719896
03/28/2025,24,0.0,0.0,22443.665988,0.510979614919593
03/29/2025,1,0.0,0.0,21478.528511,0.48900612909933483
03/29/2025,2,0.0,0.0,20850.53559,0.4747084835579877
03/29/2025,3,0.0,0.0,20253.179507,0.4611083532840647
03/29/2025,4,0.0,0.0,19721.715277,0.4490083965419648
03/29/2025,5,0.0,0.0,19582.78915,0.44584543649280506
03/29/2025,6,0.0,0.0,19869.1699,0.45236552663465734
03/29/2025,7,41.91666666666666,0.0019372008026096,20644.792724,0.4700242929049392
03/29/2025,8,3569.833333333333,0.1649817256107189,21043.689364,0.47910605573320897
03/29/2025,9,12072.416666666666,0.5579330876207862,21242.009466,0.48362125077331314
03/29/2025,10,14345.583333333334,0.6629886810473979,21072.434255,0.47976049664949855
03/29/2025,11,13342.75,0.6166422109507689,19731.833362,0.4492387570891138
03/29/2025,12,12616.5,0.5830781851162898,19205.008263,0.4372444204080685
03/29/2025,13,11540.75,0.5333618329077654,18375.190721,0.418351791713122
03/29/2025,14,11360.333333333334,0.5250237817394754,17422.412483,0.39665969125959927
03/29/2025,15,11641.75,0.5380296010444708,17636.1860219999,0.40152671791632155
03/29/2025,16,11417.0,0.5276426615521485,17772.230471,0.40462407020267205
03/29/2025,17,11786.166666666666,0.544703893272945,18407.043762,0.41907699652738456
03/29/2025,18,9493.416666666666,0.4387432457934243,19827.1191525,0.4514081485139831
03/29/2025,19,2252.333333333333,0.1040927699660701,21818.168631,0.4967387864032546
03/29/2025,20,29.08333333333333,0.001344101550916,22793.0461489999,0.5189340257642262
03/29/2025,21,0.0,0.0,23206.272373,0.5283420332139515
03/29/2025,22,0.0,0.0,22861.190848,0.5204854903098356
03/29/2025,23,0.0,0.0,22026.903846,0.5014911044888065
03/29/2025,24,0.0,0.0,21185.450853,0.48233356905916813
03/30/2025,1,0.0,0.0,20951.0829739999,0.47699766677720473
03/30/2025,2,0.0,0.0,20209.15979,0.46010614722496745
03/30/2025,3,0.0,0.0,19596.978524,0.44616848892400524
03/30/2025,4,0.0,0.0,19577.90872,0.44573432272719404
03/30/2025,5,0.0,0.0,18918.370955,0.4307184891568308
03/30/2025,6,0.0,0.0,18984.235393,0.43221803852564294
03/30/2025,7,30.08333333333333,0.001390317077022,19416.453292,0.44205843339297257
03/30/2025,8,3007.333333333333,0.1389854921760965,20079.462814,0.4571533091775579
03/30/2025,9,9176.333333333334,0.4240890727239816,20257.8371698,0.46121439526246705
03/30/2025,10,13494.666666666666,0.623663119625038,21554.282286,0.49073083106196885
03/30/2025,11,14149.25,0.6539150327552541,21267.588358,0.4842036107314064
03/30/2025,12,14772.416666666666,0.6827150081069735,22710.710927,0.5170594826278989
03/30/2025,13,13458.916666666666,0.6220109145667486,22757.5998692,0.5181270129343182
03/30/2025,14,12830.5,0.5929683077029728,21994.216109,0.5007468959769803
03/30/2025,15,12190.583333333334,0.5633942222889781,20868.3246156,0.47511349000638803
03/30/2025,16,11889.916666666666,0.549498754106442,19912.966423,0.4533626511895016
03/30/2025,17,11969.166666666666,0.5531613345503421,19981.464509,0.45492216137049085
03/30/2025,18,10794.416666666666,0.4988696452573242,20088.2467084,0.4573532939296215
03/30/2025,19,3576.5,0.1652898291180922,21788.059352,0.4960532821813885
03/30/2025,20,174.08333333333334,0.0080453528362853,23408.738651,0.5329516251060228
03/30/2025,21,59.5,0.0027498238033067,23542.510629,0.5359972395721274
03/30/2025,22,0.0,0.0,23184.862084,0.5278545807080023
03/30/2025,23,0.0,0.0,22294.254948,0.5075779426738575
03/30/2025,24,0.0,0.0,21562.579793,0.49091974213086104
03/31/2025,1,0.0,0.0,20844.262464,0.47456566199267236
03/31/2025,2,0.0,0.0,20314.494495,0.4625043243778152
03/31/2025,3,0.0,0.0,19728.329678,0.4491589879862373
03/31/2025,4,0.0,0.0,19246.931398,0.4381988931483943
03/31/2025,5,0.0,0.0,19395.232238,0.44157528923965533
03/31/2025,6,0.0,0.0,20681.220824,0.47085365903969656
03/31/2025,7,49.5,0.0022876685422467,22540.355388,0.5131809626140926
03/31/2025,8,2719.25,0.1256715693637277,24156.2827679999,0.5499711176097987
03/31/2025,9,8314.333333333334,0.3842512892206137,24294.9420029999,0.5531280012732442
03/31/2025,10,12938.75,0.5979711384039468,25422.690954,0.5788036963676247
03/31/2025,11,14333.583333333334,0.662434094734126,25081.4969928,0.5710356624376918
03/31/2025,12,15615.083333333334,0.7216592914389589,26523.96675,0.6038766716320589
03/31/2025,13,16274.583333333334,0.7521384309058629,26216.3298914,0.596872639241515
03/31/2025,14,16056.916666666666,0.7420788513901245,25434.2891082,0.5790677539583081
03/31/2025,15,15388.166666666666,0.7111722183067402,25227.9284642,0.5743694982249506
03/31/2025,16,13624.166666666666,0.6296480302557644,24531.1911381,0.5585067345043964
03/31/2025,17,11014.083333333334,0.5090216558252745,24794.304512,0.5644970914517642
03/31/2025,18,7639.0,0.3530404039236982,23520.4662719999,0.5354953511080466
03/31/2025,19,2239.75,0.1035112245959029,24302.3547029999,0.5532967677570058
03/31/2025,20,122.5,0.0056614019479844,25501.243046,0.5805921081958327
03/31/2025,21,85.91666666666667,0.0039706839512734,25553.7094259999,0.5817866211895169
03/31/2025,22,89.83333333333333,0.0041516947618552,25001.932055,0.5692241909383439
03/31/2025,23,90.91666666666669,0.0042017615818034,23733.659701,0.5403491702796607
03/31/2025,24,92.0,0.0042518284017515,22490.032432,0.5120352494007413
04/01/2025,1,69.08333333333333,0.0031927225951558,21919.373688,0.49904294300055135
04/01/2025,2,0.0,0.0,21094.1798529999,0.48025558320523887
04/01/2025,3,0.0,0.0,20642.556684,0.46997338451685516
04/01/2025,4,0.0,0.0,20315.999813,0.46253859626603444
04/01/2025,5,0.0,0.0,20532.529551,0.4674683738790607
04/01/2025,6,0.0,0.0,21858.935538,0.49766693506004983
04/01/2025,7,37.833333333333336,0.0017484874043434,23630.232834,0.5379944292716516
04/01/2025,8,3310.5,0.1529964991738974,24841.961077,0.5655820983862423
04/01/2025,9,12355.166666666666,0.5710005276272564,26053.761097,0.5931714016627313
04/01/2025,10,13535.5,0.6255502536076996,26151.355135,0.5953933454388664
04/01/2025,11,14329.416666666666,0.6622415300420176,26384.714342,0.6007062830754608
04/01/2025,12,14553.916666666666,0.6726169156528136,25266.6727518999,0.5752515974871575
04/01/2025,13,14299.583333333334,0.6608627668465221,23556.5847861,0.5363176688361844
04/01/2025,14,14417.583333333334,0.6663161989270295,24100.0345958999,0.5486905037682384
04/01/2025,15,14705.333333333334,0.6796147165640297,24005.4707939,0.5465375500058238
04/01/2025,16,14726.083333333334,0.6805736887307291,23668.317337,0.5388615070782699
04/01/2025,17,13608.25,0.6289124331319107,22878.720124,0.520884582985029
04/01/2025,18,9662.25,0.4465459671176531,22804.1351359999,0.5191864910392904
04/01/2025,19,2639.083333333333,0.1219666246875638,24216.9637779999,0.5513526547944685
04/01/2025,20,55.5,0.0025649616988827,25910.266317,0.5899044261398121
04/01/2025,21,0.0,0.0,25816.256467,0.5877640843178774
04/01/2025,22,0.0,0.0,25344.51944,0.5770239492379553
04/01/2025,23,0.0,0.0,23946.467958,0.5451942201601798
04/01/2025,24,0.0,0.0,22840.097489,0.5200052534151615
04/02/2025,1,0.0,0.0,22232.084467,0.5061624943929157
04/02/2025,2,0.0,0.0,21339.871458,0.48584929511393743
04/02/2025,3,0.0,0.0,20923.0317809999,0.47635901942766573
04/02/2025,4,0.0,0.0,20565.195956,0.46821209672080283
04/02/2025,5,0.0,0.0,21059.303082,0.47946153650071666
04/02/2025,6,0.0,0.0,22252.802775,0.5066341924234107
04/02/2025,7,92.25,0.004263382283278,24537.090658,0.5586410501018717
04/02/2025,8,3292.4166666666665,0.1521607684101474,25510.394357,0.5808004579981016
04/02/2025,9,8763.833333333334,0.4050251682052586,24508.904349,0.5579993265382379
04/02/2025,10,12919.166666666666,0.5970660843510377,24037.4284633,0.5472651369166462
04/02/2025,11,15142.5,0.6998186040600339,23617.231145,0.5376984171120484
04/02/2025,12,15819.833333333334,0.7311219204091615,23610.731401,0.5375504360875593
04/02/2025,13,15691.166666666666,0.7251755227168567,23108.987644,0.5261271315401983
04/02/2025,14,15053.083333333334,0.6956861657673896,22898.863768,0.5213431975206269
04/02/2025,15,13652.583333333334,0.6309613214559432,22259.2204183,0.5067803042441746
04/02/2025,16,13751.166666666666,0.6355174020712258,22252.740842,0.506632782381909
04/02/2025,17,13539.5,0.6257351157121235,21715.178589,0.4943939906809403
04/02/2025,18,11312.916666666666,0.5228323955432828,21551.190861,0.49066044794555197
04/02/2025,19,3602.75,0.1665029866783746,23145.824499,0.5269658038851179
04/02/2025,20,139.91666666666666,0.0064663223609971,25049.838096,0.5703148777448394
04/02/2025,21,5.083333333333333,0.0002349289243721,25325.622763,0.5765937246595874
04/02/2025,22,1.0,4.621552610599531e-05,24631.878184,0.560799097435162
04/02/2025,23,0.0,0.0,23470.433227,0.5343562383587759
04/02/2025,24,0.0,0.0,22352.023049,0.5088931610530384
04/03/2025,1,0.0,0.0,21573.626846,0.49117125268581907
04/03/2025,2,0.0,0.0,21216.244264,0.48303464905667187
04/03/2025,3,0.0,0.0,20622.992453,0.46952796159762605
04/03/2025,4,0.0,0.0,20334.820497,0.4629670906959545
04/03/2025,5,0.0,0.0,20722.679151,0.47179754939954227
04/03/2025,6,0.0,0.0,22146.097105,0.5042048022250585
04/03/2025,7,180.08333333333334,0.0083226459929213,24080.523625,0.5482462934327937
04/03/2025,8,5594.666666666667,0.2585604633876751,24835.532153,0.5654357297354334
04/03/2025,9,14278.416666666666,0.6598845382106119,24351.721425,0.5544207101918532
04/03/2025,10,16997.75,0.7855599588681818,24446.719922,0.5565835607458115
04/03/2025,11,17570.416666666668,0.8120260501515485,23510.231362,0.5352623307818092
04/03/2025,12,17634.333333333332,0.8149799925284898,23396.660646,0.5326766426523009
04/03/2025,13,16818.583333333332,0.7772796771075242,21591.936899,0.49158812147348063
04/03/2025,14,16025.083333333334,0.740607657142417,20888.871302,0.47558128069219485
04/03/2025,15,15601.5,0.7210315305426858,20370.876685,0.4637879894327989
04/03/2025,16,14267.25,0.6593684648357616,20587.549205,0.46872101779333747
04/03/2025,17,14200.166666666666,0.6562681732928177,21356.088655,0.4862185154134449
04/03/2025,18,11921.0,0.55093528670957,22462.5593761,0.5114097646188901
04/03/2025,19,4190.75,0.1936777160286998,23359.492697,0.5318304322213702
04/03/2025,20,161.83333333333334,0.0074792126414869,25258.717044,0.5750704682295185
04/03/2025,21,0.0,0.0,25524.177809,0.5811142687186402
04/03/2025,22,0.0,0.0,25016.0055819999,0.5695446058567808
04/03/2025,23,0.0,0.0,23820.224145,0.5423200009935244
04/03/2025,24,0.0,0.0,23134.738643,0.5267134098941825
04/04/2025,1,0.0,0.0,22358.14788,0.5090326063552231
04/04/2025,2,0.0,0.0,21720.827025,0.4945225897990042
04/04/2025,3,0.0,0.0,21313.713573,0.485253753101703
04/04/2025,4,0.0,0.0,21062.6080119999,0.4795367805299046
04/04/2025,5,0.0,0.0,21740.99033,0.49498165196068117
04/04/2025,6,0.0,0.0,22655.656714,0.515806051901676
04/04/2025,7,204.16666666666663,0.0094356699133073,24395.208103,0.555410780441092
04/04/2025,8,5960.083333333333,0.2754483868855742,25138.517034,0.5723338495837068
04/04/2025,9,14872.75,0.6873519658929418,24760.4129933,0.5637254761914219
04/04/2025,10,17780.0,0.8217120541645966,24725.928748,0.5629403662012087
04/04/2025,11,17939.0,0.8290603228154498,23503.775599,0.5351153510819012
04/04/2025,12,18392.5,0.8500190639045188,22526.42155,0.512863728024191
04/04/2025,13,18342.416666666668,0.8477044363053768,21438.745766,0.4881003870636347
04/04/2025,14,17987.583333333332,0.8313056271254328,21159.544017,0.48174374273176945
04/04/2025,15,17510.5,0.8092569698790308,21575.8838599999,0.4912226385933243
04/04/2025,16,16969.833333333332,0.784269775431056,21560.616423,0.49087504167741985
04/04/2025,17,15725.25,0.7267507018983027,21425.814139,0.48780597002016785
04/04/2025,18,14181.25,0.655393929590646,22127.907188,0.5037906685987138
04/04/2025,19,5443.416666666667,0.2515703650641433,23197.960092,0.5281527857823262
04/04/2025,20,297.0,0.0137260112534806,24684.7534629999,0.5620029199174863
04/04/2025,21,8.75,0.0004043858534274,24536.104353,0.5586185946906495
04/04/2025,22,0.0,0.0,24103.6630869999,0.5487731143803375
04/04/2025,23,0.0,0.0,23096.269854,0.5258375829682179
04/04/2025,24,0.0,0.0,21924.550259,0.4991607990699474
04/05/2025,1,0.0,0.0,21579.824852,0.49131236397845923
04/05/2025,2,0.0,0.0,20829.907664,0.4742388432732987
04/05/2025,3,0.0,0.0,20374.441674,0.46386915427937025
04/05/2025,4,0.0,0.0,19995.854471,0.455249780630437
04/05/2025,5,0.0,0.0,20226.800848,0.46050778486422084
04/05/2025,6,0.0,0.0,20716.091999,0.47164757833892423
04/05/2025,7,230.83333333333331,0.0106680839428005,21404.846489,0.4873285951684615
04/05/2025,8,6515.416666666667,0.3011134090497703,21640.8158889999,0.49270095961236404
04/05/2025,9,14486.916666666666,0.6695204754037118,21536.6284609999,0.49032890275376667
04/05/2025,10,14498.416666666666,0.6700519539539308,21325.34232,0.4855185072050315
04/05/2025,11,13712.833333333334,0.6337458069038294,20104.0201563,0.45771241130100837
04/05/2025,12,13302.5,0.6147820360250026,19348.7485934,0.4405169864280528
04/05/2025,13,12790.5,0.591119686658733,18423.4955591,0.4194515580161978
04/05/2025,14,12312.0,0.5690055574170142,17994.0982502,0.4096753801107458
04/05/2025,15,11731.833333333334,0.5421928496878526,17621.2845574,0.4011874531702205
04/05/2025,16,12266.0,0.5668796432161385,18370.189765,0.418237933906983
04/05/2025,17,12512.916666666666,0.5782910268704771,19098.8924882,0.4348284604765141
04/05/2025,18,12369.166666666666,0.5716475449927403,20591.057546,0.4688008929231022
04/05/2025,19,5073.25,0.2344629178172407,22257.946437,0.5067512992467541
04/05/2025,20,188.16666666666663,0.0086962214956114,23627.677315,0.5379362472386792
04/05/2025,21,0.0,0.0,23614.894522,0.5376452187298683
04/05/2025,22,0.0,0.0,23032.200267,0.5243788973456989
04/05/2025,23,0.0,0.0,21892.793305,0.4984377818884132
04/05/2025,24,0.0,0.0,21093.009482,0.48022893712508596
04/06/2025,1,0.0,0.0,20550.484966,0.4678771685495627
04/06/2025,2,0.0,0.0,19847.3545749999,0.4518688525897906
04/06/2025,3,0.0,0.0,19334.692411,0.440196966397732
04/06/2025,4,0.0,0.0,19061.259445,0.4339716611491284
04/06/2025,5,0.0,0.0,19253.77654,0.43835473792103963
04/06/2025,6,0.0,0.0,19428.324538,0.44232870852150724
04/06/2025,7,285.0,0.0131714249402086,20070.9894,0.45696039319738385
04/06/2025,8,6602.0,0.305114903351781,20645.3831159999,0.4700377344824837
04/06/2025,9,14804.916666666666,0.6842170127054183,21455.4661667,0.4884810639065157
04/06/2025,10,15552.583333333334,0.7187708210573343,20868.02407,0.475106647422158
04/06/2025,11,15032.166666666666,0.6947194910130058,19914.4582632,0.45339661622584293
04/06/2025,12,14433.666666666666,0.6670594986385676,19148.7103836,0.4359626748700631
04/06/2025,13,14075.916666666666,0.6505258941741477,18608.2470437,0.42365783351981684
04/06/2025,14,13701.916666666666,0.6332412874105056,18415.8530609,0.4192775596689872
04/06/2025,15,13595.916666666666,0.62834244164327,18577.525508,0.4229583899222282
04/06/2025,16,13177.25,0.6089935413802267,18494.314897,0.4210639166223342
04/06/2025,17,13118.25,0.606266825339973,19405.9487979999,0.44181927539169213
04/06/2025,18,12218.0,0.5646612979630506,21089.6534709999,0.4801525301241346
04/06/2025,19,4728.583333333333,0.2185339664860409,22391.989072,0.5098030758171116
04/06/2025,20,158.25,0.0073136070062737,24150.74597,0.5498450601773192
04/06/2025,21,0.0,0.0,24154.371312,0.5499275990932031
04/06/2025,22,0.0,0.0,23543.902679,0.5360289326642154
04/06/2025,23,0.0,0.0,22249.233479,0.5065529295184739
04/06/2025,24,0.0,0.0,20903.375211,0.4759114942072067
04/07/2025,1,0.0,0.0,20209.917796,0.460123404905339
04/07/2025,2,0.0,0.0,19754.354262,0.44975149510685986
04/07/2025,3,0.0,0.0,18987.876029,0.4323009256432082
04/07/2025,4,0.0,0.0,18768.7927849999,0.42731301182759707
04/07/2025,5,0.0,0.0,19390.9857659999,0.4414786089277785
04/07/2025,6,0.0,0.0,20905.152498,0.475951958070256
04/07/2025,7,301.75,0.013945535002484,22793.305111,0.5189399216059822
04/07/2025,8,6341.333333333333,0.2930680562134849,23786.591613,0.5415542821372858
04/07/2025,9,15073.75,0.6966412866402468,24412.9341052,0.5558143520226271
04/07/2025,10,17686.333333333332,0.8173831998860016,25140.587929,0.5723809980812029
04/07/2025,11,18115.166666666668,0.8372019579977894,24723.023127,0.5628742133231327
04/07/2025,12,18784.58333333333,0.868139401431911,23714.894641,0.5399219422529261
04/07/2025,13,19096.58333333333,0.8825586455769815,23816.279049,0.5422301821717695
04/07/2025,14,18652.916666666668,0.8620543571612884,22921.07762,0.5218489449126487
04/07/2025,15,18306.33333333333,0.8460368260717187,22987.204242,0.5233544634791591
04/07/2025,16,17254.083333333332,0.7974065387266852,23267.052797,0.5297258337778511
04/07/2025,17,15581.333333333334,0.7200995174328816,23034.127562,0.5244227764721064
04/07/2025,18,11986.333333333334,0.5539547010818284,23514.2588391,0.5353540251912143
04/07/2025,19,4112.333333333333,0.1900536485232213,24911.264608,0.56715994630119
04/07/2025,20,135.41666666666666,0.0062583524935201,26116.0553129999,0.5945896670441697
04/07/2025,21,0.0,0.0,26029.3911119999,0.5926165651419238
04/07/2025,22,0.0,0.0,25240.018865,0.5746447628964313
04/07/2025,23,0.0,0.0,23696.014557,0.5394920954508426
04/07/2025,24,0.0,0.0,22399.145764,0.5099660137134523
04/08/2025,1,0.0,0.0,21595.40233,0.4916670196623441
04/08/2025,2,0.0,0.0,20891.880498,0.4756497916838537
04/08/2025,3,0.0,0.0,20517.744904,0.4671317687435707
04/08/2025,4,0.0,0.0,20155.149593,0.45887648582831553
04/08/2025,5,0.0,0.0,20154.007405,0.4588504813963873
04/08/2025,6,0.0,0.0,21374.950554,0.48664794819384827
04/08/2025,7,249.41666666666663,0.0115269224696036,23163.78589,0.5273747346124558
04/08/2025,8,6025.5,0.2784716525516747,24173.353465,0.550359769721454
04/08/2025,9,13885.0,0.6417025799817448,24479.6381283,0.5573330164001601
04/08/2025,10,15986.583333333334,0.7388283593873362,24868.631948,0.5661893196575104
04/08/2025,11,16565.5,0.7655832977088652,24388.081358,0.5552485243543334
04/08/2025,12,16949.5,0.7833300597335675,23195.638363,0.5280999264949441
04/08/2025,13,16599.0,0.7671315178334162,22051.3266559999,0.5020471436873792
04/08/2025,14,16165.166666666666,0.7470816820910985,22061.758405,0.5022846454881038
04/08/2025,15,15452.333333333334,0.7141377145652082,21490.295448,0.48927402940315584
04/08/2025,16,15831.0,0.7316379937840117,21887.240768,0.4983113661228425
04/08/2025,17,14627.666666666666,0.6760253107031307,22409.039663,0.5101912701712777
04/08/2025,18,13166.75,0.6085082783561138,23425.4708817,0.533332571284976
04/08/2025,19,5635.333333333333,0.2604398947826522,24982.56494,0.568783255800114
04/08/2025,20,184.08333333333331,0.0085075080973453,26270.890974,0.5981148427652822
04/08/2025,21,0.0,0.0,26346.070964,0.5998264812453948
04/08/2025,22,0.0,0.0,25629.8919499999,0.5835210845698726
04/08/2025,23,0.0,0.0,24218.061893,0.5513776558072349
04/08/2025,24,0.0,0.0,22610.275089,0.5147728389996785
04/09/2025,1,0.0,0.0,21984.13169,0.5005173019106605
04/09/2025,2,0.0,0.0,21377.728026,0.4867111834769687
04/09/2025,3,0.0,0.0,20681.898469,0.47086908712445497
04/09/2025,4,0.0,0.0,20256.641883,0.46118718191910735
04/09/2025,5,0.0,0.0,20338.1087459999,0.46304195494534345
04/09/2025,6,0.0,0.0,21434.634764,0.4880067910254466
04/09/2025,7,344.0833333333333,0.0159019922743045,23110.494991,0.5261614496230829
04/09/2025,8,7059.083333333333,0.326239250076063,24100.247194,0.548695344033433
04/09/2025,9,15556.166666666666,0.7189364266925473,24752.947661,0.5635555114171313
04/09/2025,10,17834.833333333332,0.824246205512742,24778.088083,0.5641278886374725
04/09/2025,11,18664.58333333333,0.8625935382991916,24635.857964,0.5608897059147637
04/09/2025,12,18892.75,0.8731383808390428,24479.354076,0.557326549322324
04/09/2025,13,18907.416666666668,0.8738162085552642,23416.774403,0.5331345767443489
04/09/2025,14,18629.08333333333,0.8609528871224287,23164.638936,0.5273941560882887
04/09/2025,15,18347.75,0.8479509191112754,23096.04696,0.5258325082941274
04/09/2025,16,18172.75,0.8398632020427262,23544.150732,0.5360345801384955
04/09/2025,17,17307.333333333332,0.7998675154918294,23843.175527,0.542842539884564
04/09/2025,18,14501.083333333334,0.6701751953568802,25062.9284243,0.570612907973835
04/09/2025,19,5665.0,0.2618109553904634,26824.1787139999,0.6107116599018427
04/09/2025,20,232.91666666666663,0.0107643662888547,27574.5706159999,0.627795988519447
04/09/2025,21,0.0,0.0,27265.642587,0.6207625597836673
04/09/2025,22,0.0,0.0,26545.270166,0.6043616909381728
04/09/2025,23,0.0,0.0,24926.612825,0.5675093823521701
04/09/2025,24,0.0,0.0,23278.008259,0.5299752590614486
04/10/2025,1,0.0,0.0,22451.21807,0.5111515547423591
04/10/2025,2,0.0,0.0,21502.177225,0.48954454429315936
04/10/2025,3,0.0,0.0,20819.086505,0.4739924756940556
04/10/2025,4,0.0,0.0,20270.016638,0.4614916877499818
04/10/2025,5,0.0,0.0,20123.931384,0.4581657343663294
04/10/2025,6,0.0,0.0,21012.868299,0.4784043461313314
04/10/2025,7,379.5833333333333,0.0175426434510673,22210.715333,0.5056759788714175
04/10/2025,8,7115.916666666667,0.3288658324764205,23682.391722,0.5391819415309735
04/10/2025,9,15892.0,0.7344571408764774,24428.473935,0.5561681505621066
04/10/2025,10,18315.166666666668,0.8464450632189885,25202.002785,0.5737792428904956
04/10/2025,11,18967.916666666668,0.876612247884677,24650.625739,0.561225926921918
04/10/2025,12,17649.5,0.8156809280077643,23406.1216326,0.5328920429034101
04/10/2025,13,17755.25,0.8205682198934732,22427.564559,0.5106130303342371
04/10/2025,14,17380.75,0.803260505366778,22632.79769,0.5152856157444456
04/10/2025,15,16034.083333333334,0.741023596877371,22803.4733641,0.5191714243407056
04/10/2025,16,15092.833333333334,0.6975232329301029,23586.5713926,0.5370003801477102
04/10/2025,17,14768.583333333334,0.6825378485902339,25171.0239773,0.573073941927735
04/10/2025,18,11919.0,0.5508428556573581,26153.149022,0.5954341872375707
04/10/2025,19,4372.333333333333,0.2020696853107801,26958.357177,0.6137665288965494
04/10/2025,20,199.16666666666663,0.0092045922827773,27799.01153,0.6329058815230807
04/10/2025,21,0.0,0.0,27603.826289,0.6284620585158459
04/10/2025,22,0.0,0.0,26749.980975,0.6090223845346925
04/10/2025,23,0.0,0.0,24981.005975,0.5687477625194798
04/10/2025,24,0.0,0.0,23462.322021,0.5341715688435269
04/11/2025,1,0.0,0.0,22569.144186,0.5138364031701901
04/11/2025,2,0.0,0.0,21900.409841,0.49861118914881275
04/11/2025,3,0.0,0.0,21626.64331,0.4923782895564267
04/11/2025,4,0.0,0.0,21245.808188,0.48370773706774406
04/11/2025,5,0.0,0.0,20574.077962,0.46841431520008425
04/11/2025,6,0.0,0.0,21591.845324,0.49158603656639543
04/11/2025,7,448.4166666666667,0.0207238121646967,22737.70151,0.517673982848815
04/11/2025,8,6693.5,0.3093436239904796,24062.1195879999,0.5478272848918403
04/11/2025,9,14580.583333333334,0.6738493296823068,25189.8855294,0.5735033668101939
04/11/2025,10,17138.833333333332,0.7920801993429692,25751.6203843999,0.5862925011721218
04/11/2025,11,19528.416666666668,0.9025160502670873,26165.210156,0.5957087855857242
04/11/2025,12,20479.416666666668,0.9464670155938888,25725.08892,0.5856884537999338
04/11/2025,13,20112.166666666668,0.929494363631462,24240.1125,0.5518796865663643
04/11/2025,14,20043.916666666668,0.926340153974728,25315.405747,0.5763611117297701
04/11/2025,15,19787.83333333333,0.9145051279977509,25004.585582,0.5692846043398516
04/11/2025,16,19742.166666666668,0.9123946189722438,25190.4737599999,0.5735167591786947
04/11/2025,17,17912.0,0.827812503610588,25638.129319,0.5837086264644041
04/11/2025,18,14310.166666666666,0.6613518811644772,26083.3268799,0.5938445319957668
04/11/2025,19,5211.5,0.2408522143013945,27094.708546,0.6168708688944192
04/11/2025,20,212.83333333333331,0.0098362044728926,27557.751903,0.6274130733799717
04/11/2025,21,0.0,0.0,27297.979185,0.6214987738407953
04/11/2025,22,0.0,0.0,26536.048347,0.6041517358655926
04/11/2025,23,0.0,0.0,25368.258896,0.5775644303737807
04/11/2025,24,0.0,0.0,24041.420687,0.547356028704556
04/12/2025,1,0.0,0.0,23060.689755,0.5250275234487285
04/12/2025,2,0.0,0.0,21988.748755,0.5006224195905004
04/12/2025,3,0.0,0.0,21151.171612,0.48155312644452214
04/12/2025,4,0.0,0.0,20551.383984,0.46789763667948814
04/12/2025,5,0.0,0.0,20169.06521,0.45919330557691773
04/12/2025,6,0.0,0.0,20345.544684,0.46321125049349005
04/12/2025,7,307.3333333333333,0.0142035716899092,20529.951578,0.4674096806311966
04/12/2025,8,6409.25,0.2962068606948504,21755.898287,0.4953210645206066
04/12/2025,9,13659.0,0.6312578710817899,23179.9005435,0.5277416202827556
04/12/2025,10,15900.0,0.7348268650853255,23022.101367,0.5241489735874381
04/12/2025,11,15560.333333333334,0.7191289913846557,21637.659978,0.4926291083297656
04/12/2025,12,14961.333333333334,0.6914458912471645,21925.4788019999,0.49918193940169087
04/12/2025,13,15040.75,0.6951161742787489,21269.735329,0.48425249126702874
04/12/2025,14,14994.416666666666,0.6929748549025044,20746.600908,0.4723421810201784
04/12/2025,15,14366.833333333334,0.6639707609771504,20048.452954,0.4564473012406201
04/12/2025,16,13800.5,0.6377973680257882,19819.099903,0.4512255725915092
04/12/2025,17,14112.083333333334,0.652197355701648,20424.704563,0.4650134999348303
04/12/2025,18,12691.166666666666,0.5865289443988708,22537.81162,0.5131230481185829
04/12/2025,19,5393.666666666667,0.24927114264037,23808.410278,0.5420510322246255
04/12/2025,20,212.41666666666663,0.0098169480036818,24649.130309,0.5611918801558529
04/12/2025,21,0.0,0.0,25013.333977,0.5694837808696865
04/12/2025,22,0.0,0.0,24407.552553,0.5556918291035863
04/12/2025,23,0.0,0.0,23394.039571,0.5326169680922316
04/12/2025,24,0.0,0.0,22299.4957709999,0.5076972615819085
04/13/2025,1,0.0,0.0,21609.467451,0.49198724319963166
04/13/2025,2,0.0,0.0,20789.456592,0.4733178852976856
04/13/2025,3,0.0,0.0,19999.444015,0.4553315045258041
04/13/2025,4,0.0,0.0,19410.832919,0.44193047319107065
04/13/2025,5,0.0,0.0,19058.572087,0.4339104775102021
04/13/2025,6,0.0,0.0,19399.2226339999,0.44166613941593647
04/13/2025,7,380.5833333333333,0.0175888589771733,19690.548257,0.448298810510596
04/13/2025,8,6635.5,0.3066631234763319,19639.783094,0.44714302947843576
04/13/2025,9,14900.0,0.6886113389793301,21470.6380614999,0.4888264855932668
04/13/2025,10,17337.666666666668,0.801269386450378,22368.947586,0.5092784855095499
04/13/2025,11,18114.25,0.8371595937655255,21540.695095,0.49042148865646645
04/13/2025,12,16902.666666666668,0.7811656325942701,20561.521995,0.4681284508860264
04/13/2025,13,15952.333333333334,0.7372454776182059,19970.708156,0.45467726924293833
04/13/2025,14,14933.416666666666,0.6901557078100388,19185.960133,0.43681074766772643
04/13/2025,15,14845.333333333334,0.6860848902188691,18702.0843409999,0.4257942467985136
04/13/2025,16,15217.166666666666,0.7032693633426149,18726.3118279999,0.42634583903769363
04/13/2025,17,15029.75,0.694607803491583,19776.251078,0.45025002447428264
04/13/2025,18,12754.166666666666,0.5894405225435485,21310.0261383,0.48516980050839426
04/13/2025,19,5548.583333333333,0.2564306978929571,23405.196343,0.5328709766424993
04/13/2025,20,491.3333333333333,0.0227072284934123,25149.358547,0.5725806805667043
04/13/2025,21,215.33333333333331,0.0099517432881576,25428.253436,0.5789303385530804
04/13/2025,22,57.16666666666666,0.002641987575726,24449.174853,0.5566394526708519
04/13/2025,23,0.0,0.0,23037.340632,0.5244959291055571
04/13/2025,24,0.0,0.0,21687.751918,0.49376956195376187
04/14/2025,1,0.0,0.0,21215.605179,0.48302009887545916
04/14/2025,2,0.0,0.0,20451.094167,0.4656143175417672
04/14/2025,3,0.0,0.0,20070.190488,0.45694220420159626
04/14/2025,4,0.0,0.0,19794.097024,0.450656326841277
04/14/2025,5,0.0,0.0,20114.733374,0.4579563213582077
04/14/2025,6,0.0,0.0,20977.791132,0.477605736969365
04/14/2025,7,478.1666666666667,0.02209872406635,22518.278873,0.5126783420021348
04/14/2025,8,5567.583333333333,0.257308792888971,23542.433704,0.5359954882046414
04/14/2025,9,12639.75,0.5841526960982542,24745.037972,0.5633754298813647
04/14/2025,10,15458.0,0.7143996025464755,24419.71756429,0.555968792447622
04/14/2025,11,17758.166666666668,0.8207030151779491,25064.7637541,0.5706546933093927
04/14/2025,12,17057.083333333332,0.7883020800838041,24251.7236652,0.5521440403811927
04/14/2025,13,16971.583333333332,0.7843506526017415,24042.0990413,0.5473714729380951
04/14/2025,14,17572.416666666668,0.8121184812037605,24703.0268055,0.5624189529095559
04/14/2025,15,17271.25,0.7981999052581715,25105.2922967,0.5715774150742806
04/14/2025,16,15158.25,0.7005464985962034,23644.3184452,0.5383151193135874
04/14/2025,17,13907.666666666666,0.6427501319068141,23417.0446274,0.5331407289995076
04/14/2025,18,11383.083333333334,0.5260751849583868,24427.309472,0.556141638990617
04/14/2025,19,4689.25,0.2167161557925385,25313.990838,0.5763288982020713
04/14/2025,20,204.33333333333331,0.0094433725009917,26421.556736,0.6015450815279463
04/14/2025,21,0.0,0.0,26400.9387369999,0.6010756672533302
04/14/2025,22,0.0,0.0,25481.395341,0.580140231365044
04/14/2025,23,0.0,0.0,24237.049727,0.5518099557759951
04/14/2025,24,0.0,0.0,23266.061787,0.5297032712469146
04/15/2025,1,0.0,0.0,22262.213392,0.506848445899353
04/15/2025,2,0.0,0.0,21499.840148,0.4894913355746668
04/15/2025,3,0.0,0.0,20947.881176,0.4769247707757265
04/15/2025,4,0.0,0.0,20511.616476,0.46699224154773844
04/15/2025,5,0.0,0.0,20631.766696,0.46972772661425694
04/15/2025,6,0.0,0.0,21841.947404,0.4972801626774023
04/15/2025,7,621.9166666666666,0.0287422059440869,23215.909963,0.5285614542314262
04/15/2025,8,7848.0,0.3626994488798511,24731.515504,0.5630675610378747
04/15/2025,9,16462.833333333332,0.7608385036953164,26468.79139311,0.602620482797678
04/15/2025,10,19017.666666666668,0.8789114703084502,27244.2819097,0.6202762367976182
04/15/2025,11,20062.416666666668,0.9271951412076888,26696.3581899,0.6078015434254029
04/15/2025,12,19853.58333333333,0.91754379883922,26017.351841,0.5923424645532441
04/15/2025,13,19920.58333333333,0.9206402390883216,25080.206456,0.5710062805177569
04/15/2025,14,19399.666666666668,0.8965658012809404,24657.332013,0.5613786100579038
04/15/2025,15,19287.166666666668,0.8913665545940159,24581.978776,0.5596630272272829
04/15/2025,16,17547.333333333332,0.8109592417572683,24040.0099769999,0.5473239107763619
04/15/2025,17,15385.25,0.7110374230222644,24507.5929262,0.5579694691023939
04/15/2025,18,11736.583333333334,0.5424123734368561,24086.3166776,0.54837818506709
04/15/2025,19,4241.75,0.1960347078601056,25372.323925,0.5776569797351092
04/15/2025,20,184.5,0.0085267645665561,26162.783746,0.595653543004227
04/15/2025,21,0.0,0.0,26254.718523,0.59774664120727
04/15/2025,22,0.0,0.0,25822.705895,0.5879109197875219
04/15/2025,23,0.0,0.0,24108.851322,0.5488912360064515
04/15/2025,24,0.0,0.0,22980.448586,0.5232006560529011
04/16/2025,1,0.0,0.0,22052.63379,0.5020769034792233
04/16/2025,2,0.0,0.0,21356.483373,0.4862275020403065
04/16/2025,3,0.0,0.0,20744.16524,0.47228672765986823
04/16/2025,4,0.0,0.0,20688.4819619999,0.4710189748798561
04/16/2025,5,0.0,0.0,21172.583359,0.48204061214506083
04/16/2025,6,0.0,0.0,21721.936604,0.4945478518150423
04/16/2025,7,617.75,0.0285496412519786,23109.567997,0.5261403445577425
04/16/2025,8,7238.25,0.3345195318367205,24895.7521749999,0.5668067715103561
04/16/2025,9,15209.0,0.7028919365460826,26119.5292939,0.5946687598903884
04/16/2025,10,17627.416666666668,0.8146603351395902,26890.4915257,0.6122214174880084
04/16/2025,11,19276.25,0.8908620351006921,27334.5933533,0.6223323762312666
04/16/2025,12,20061.75,0.9271643308569514,27101.769495,0.6170316269899512
04/16/2025,13,20225.83333333333,0.9347475284321768,26811.87469,0.610431531626507
04/16/2025,14,19429.33333333333,0.8979368618887514,26158.008516,0.5955448243489121
04/16/2025,15,18576.25,0.8585111668264953,24883.0861979999,0.566518402575731
04/16/2025,16,17403.25,0.8043003547041628,23886.501472,0.5438289506921372
04/16/2025,17,15291.916666666666,0.7067239739190381,23464.891903,0.53423007788191
04/16/2025,18,11712.416666666666,0.5412954982226279,23434.806544,0.5335451182516625
04/16/2025,19,4617.583333333333,0.2134040430882754,24277.1890949999,0.5527238171217606
04/16/2025,20,303.8333333333333,0.0140418173485382,25774.495861,0.5868133119091231
04/16/2025,21,24.5,0.0011322803895968,26128.9893959999,0.5948841400038998
04/16/2025,22,7.416666666666667,0.0003427651519527,25593.291027,0.5826877837379056
04/16/2025,23,9.666666666666666,0.0004467500856912,24476.973121,0.5572723416242727
04/16/2025,24,9.75,0.0004506013795334,23157.824488,0.5272390101323298
04/17/2025,1,10.083333333333334,0.0004660065549021,22251.703322,0.5066091609481221
04/17/2025,2,10.666666666666666,0.0004929656117972,21258.07822,0.48398709144014307
04/17/2025,3,10.25,0.0004737091425864,20629.26182,0.4696706975810061
04/17/2025,4,8.166666666666666,0.0003774267965322,20278.421936,0.4616830529190063
04/17/2025,5,9.083333333333334,0.0004197910287961,20490.126877,0.4665029833745118
04/17/2025,6,8.833333333333334,0.0004082371472696,21682.038502,0.49363948342251307
04/17/2025,7,652.0,0.0301325230211089,23149.12591,0.5270409677965027
04/17/2025,8,6628.166666666667,0.3063242096182212,26017.5625149999,0.592347261012049
04/17/2025,9,12503.083333333334,0.5778365741971015,27637.477139,0.629228194421803
04/17/2025,10,15299.916666666666,0.707093698127886,28444.28741,0.6475970117892144
04/17/2025,11,16998.083333333332,0.7855753640435503,28131.4809226,0.6404752813837866
04/17/2025,12,18108.166666666668,0.8368784493150474,27597.5981087,0.6283202602386373
04/17/2025,13,17745.833333333332,0.8201330236893084,27245.6772347,0.6203080044523128
04/17/2025,14,17184.25,0.7941791544869499,26248.1350003,0.5975967527756805
04/17/2025,15,16023.25,0.7405229286778894,25489.409401,0.5803226891370913
04/17/2025,16,15324.75,0.7082413836928516,24731.878426,0.5630758237585863
04/17/2025,17,14613.666666666666,0.6753782933376468,23933.1658836,0.5448913690636531
04/17/2025,18,10593.166666666666,0.4895687706284926,23171.427902,0.5275487218902498
04/17/2025,19,3990.5,0.1844230569259742,24201.592351,0.5510026903165899
04/17/2025,20,177.83333333333334,0.0082186610591828,25125.43179,0.5720359351100274
04/17/2025,21,0.0,0.0,25344.481887,0.5770230942609882
04/17/2025,22,0.0,0.0,25129.605924,0.5721309684875997
04/17/2025,23,0.0,0.0,24172.530849,0.5503410410517645
04/17/2025,24,0.0,0.0,22829.714067,0.519768851885307
04/18/2025,1,0.0,0.0,22520.775336,0.5127351794948636
04/18/2025,2,0.0,0.0,21739.620209,0.4949504581307005
04/18/2025,3,0.0,0.0,20947.443637,0.4769148092342452
04/18/2025,4,0.0,0.0,20495.9641439999,0.46663588164725334
04/18/2025,5,0.0,0.0,20687.292445,0.47099189289873616
04/18/2025,6,0.0,0.0,21759.827851,0.49541052972208455
04/18/2025,7,723.75,0.0334484870192141,23012.498977,0.5239303539756897
04/18/2025,8,7367.083333333333,0.3404736321167096,24972.2871089999,0.5685492582825317
04/18/2025,9,14194.666666666666,0.6560139878992347,26254.740396,0.5977471391944136
04/18/2025,10,15185.666666666666,0.701813574270276,26637.2848328,0.6064566080089204
04/18/2025,11,17375.25,0.803006319973195,26338.4410825,0.5996527701452191
04/18/2025,12,18347.25,0.8479278113482225,25574.7226658999,0.5822650339959655
04/18/2025,13,18840.58333333333,0.8707274708938467,24665.346917,0.5615610870454747
04/18/2025,14,18525.166666666668,0.8561503237012474,23764.04154,0.5410408799317767
04/18/2025,15,17638.416666666668,0.8151687059267562,22945.961722,0.5224154864422
04/18/2025,16,15851.75,0.7325969659507111,21514.067345,0.4898152491299804
04/18/2025,17,13595.166666666666,0.6283077799986906,21792.447632,0.49615319106551453
04/18/2025,18,12449.333333333334,0.5753524896689043,23842.7064758,0.5428318608982664
04/18/2025,19,5491.416666666667,0.2537887103172311,23697.006477,0.5395146786999385
04/18/2025,20,328.6666666666667,0.0151895029135037,24946.08656,0.5679527449301315
04/18/2025,21,1.8333333333333333,8.472846452765806e-05,25321.89843,0.5765089319950026
04/18/2025,22,6.583333333333333,0.0003042522135311,25106.473274,0.5716043026302754
04/18/2025,23,7.833333333333333,0.0003620216211636,23733.754409,0.540351326516409
04/18/2025,24,8.25,0.0003812780903744,22283.205723,0.5073263826685233
04/19/2025,1,8.583333333333334,0.0003966832657431,21975.420311,0.5003189681318021
04/19/2025,2,8.833333333333334,0.0004082371472696,21228.762453,0.4833196532711406
04/19/2025,3,9.0,0.0004159397349539,20713.193571,0.4715815892253764
04/19/2025,4,8.166666666666666,0.0003774267965322,20399.822474,0.46444700423566904
04/19/2025,5,8.25,0.0003812780903744,20161.831442,0.45902861287524255
04/19/2025,6,7.0,0.0003235086827419,20610.998774,0.46925489901149753
04/19/2025,7,1070.5833333333333,0.0494775719903101,21062.0868869999,0.47952491596856395
04/19/2025,8,9363.083333333334,0.4327198222242763,22052.080968,0.5020643172656862
04/19/2025,9,15650.833333333334,0.7233114964972482,22702.5842017,0.5168744597815167
04/19/2025,10,16883.75,0.7802913888920983,22193.0523494999,0.5052738420497397
04/19/2025,11,16206.75,0.7490034777183395,20592.218684,0.46882732879362465
04/19/2025,12,15424.583333333334,0.7128552337157669,19837.1349095,0.4516361793382578
04/19/2025,13,14889.916666666666,0.688145332424428,19311.4517199,0.4396678407461966
04/19/2025,14,14397.25,0.665376483229541,18893.6887846,0.4301565450460463
04/19/2025,15,13480.083333333334,0.622989143202659,18041.272454,0.41074940502738605
04/19/2025,16,13857.75,0.6404432068953565,18211.1220489999,0.41461640610883593
04/19/2025,17,14671.083333333334,0.6780318347948994,19132.1733189999,0.43558617207832767
04/19/2025,18,13627.666666666666,0.6298097845971353,20952.0099034,0.47701877037178575
04/19/2025,19,7390.75,0.3415673995678848,22388.355076,0.5097203398738084
04/19/2025,20,451.4166666666667,0.0208624587430147,23739.934,0.5404920185509112
04/19/2025,21,2.083333333333333,9.62823460541569e-05,23856.928724,0.5431556617832204
04/19/2025,22,6.0,0.0002772931566359,23300.8024999999,0.530494220290632
04/19/2025,23,7.333333333333333,0.0003389138581106,22412.257441,0.5102645299927443
04/19/2025,24,4.833333333333333,0.0002233750428456,21295.438568,0.4848376822591523
04/20/2025,1,6.833333333333333,0.0003158060950576,21056.107154,0.47938877414274794
04/20/2025,2,7.5,0.0003466164457949,20715.430697,0.47163252233864844
04/20/2025,3,6.25,0.0002888470381624,20016.253785,0.45571421605813933
04/20/2025,4,7.0,0.0003235086827419,19728.464601,0.44916205980626095
04/20/2025,5,6.0,0.0002772931566359,19492.556681,0.44379109509031234
04/20/2025,6,5.666666666666667,0.0002618879812673,19726.508397,0.44911752250263337
04/20/2025,7,1160.9166666666667,0.0536523745152183,19901.563637,0.45310304158729103
04/20/2025,8,9524.916666666666,0.4401990348657631,21129.952199,0.4810700196521934
04/20/2025,9,14607.166666666666,0.6750778924179578,21719.550103,0.4944935178500548
04/20/2025,10,15643.25,0.7229610287576111,20626.0468944,0.469597502700724
04/20/2025,11,15940.25,0.7366870400110918,19754.881284,0.44976349392642695
04/20/2025,12,15862.333333333334,0.7330860802686663,18394.671348,0.418795311202682
04/20/2025,13,14390.416666666666,0.6650606771344832,17208.890273,0.3917983866625287
04/20/2025,14,12425.666666666666,0.574258722217729,16686.5132552,0.3799053203719768
04/20/2025,15,12432.583333333334,0.5745783796066288,16179.184133,0.368354852652583
04/20/2025,16,13283.083333333334,0.6138846845597778,16586.036781,0.3776177515709331
04/20/2025,17,14004.833333333334,0.64724074052678,18125.604215,0.4126694037826834
04/20/2025,18,13825.916666666666,0.6389720126476489,20150.1998881999,0.458763794868912
04/20/2025,19,6684.166666666667,0.308912279080157,21523.199203,0.49002315604174945
04/20/2025,20,444.5,0.0205428013541149,23258.874545,0.5295396378123652
04/20/2025,21,1.9166666666666667,8.857975836982434e-05,23752.643717,0.5407813833232202
04/20/2025,22,6.583333333333333,0.0003042522135311,23552.420377,0.5362228568674345
04/20/2025,23,10.166666666666666,0.0004698578487442,22447.9075429999,0.5110761832851027
04/20/2025,24,10.833333333333334,0.0005006681994816,21364.061488,0.4864000345618022
04/21/2025,1,11.0,0.0005083707871659,20604.516594,0.4691073178702521
04/21/2025,2,10.333333333333334,0.0004775604364286,20911.152967,0.47608857199690224
04/21/2025,3,10.5,0.0004852630241129,20075.488534,0.45706282591760083
04/21/2025,4,10.166666666666666,0.0004698578487442,19806.073888,0.45092900659680074
04/21/2025,5,9.583333333333334,0.0004428987918491,20076.7445349999,0.45709142155378657
04/21/2025,6,9.833333333333334,0.0004544526733756,21258.157133,0.4839888880688389
04/21/2025,7,1035.5,0.0478561772827581,22062.952658,0.5023118352947237
04/21/2025,8,9224.0,0.4262920128017007,23875.046636,0.5435681560567431
04/21/2025,9,16590.5,0.7667386858615152,24595.4145416,0.559968922099186
04/21/2025,10,18392.916666666668,0.8500383203737296,23874.662167,0.5435594027709977
04/21/2025,11,19811.83333333333,0.9156143006242948,23480.047537,0.5345751293556452
04/21/2025,12,19931.33333333333,0.9211370559939612,22733.748183,0.5175839766301701
04/21/2025,13,20035.0,0.925928065533616,22507.721166,0.51243797248941
04/21/2025,14,19322.666666666668,0.8930072057707787,22856.001525,0.5203673439130014
04/21/2025,15,18637.916666666668,0.8613611242696985,22446.7468739999,0.5110497580924008
04/21/2025,16,18111.0,0.837009393305681,22100.045633,0.5031563387769916
04/21/2025,17,16577.833333333332,0.7661532891975058,22517.873602,0.5126691151129257
04/21/2025,18,15025.166666666666,0.6943959823302638,23999.120653,0.5463929750262504
04/21/2025,19,7096.083333333333,0.3279492245419849,25744.956752,0.5861407888663208
04/21/2025,20,457.3333333333333,0.0211359006058085,26880.549491,0.6119950651146823
04/21/2025,21,0.0,0.0,27041.530564,0.6156601547098877
04/21/2025,22,0.0,0.0,26234.011814,0.5972752072536223
04/21/2025,23,0.0,0.0,24766.344212,0.5638605134820744
04/21/2025,24,0.0,0.0,23168.8957749999,0.5274910724278077
04/22/2025,1,0.0,0.0,22229.202031,0.5060968693725604
04/22/2025,2,0.0,0.0,21382.327722,0.4868159057131704
04/22/2025,3,0.0,0.0,20704.708391,0.4713884053662314
04/22/2025,4,0.0,0.0,20278.857434,0.46169296799261583
04/22/2025,5,0.0,0.0,20770.044303,0.4728759216735954
04/22/2025,6,0.0,0.0,21768.133692,0.4955996305328894
04/22/2025,7,1168.25,0.053991288373329,22888.9258849999,0.5211169396699165
04/22/2025,8,9979.75,0.4612193966563067,24352.901213,0.5544475706708074
04/22/2025,9,16958.5,0.7837459994685214,24058.987712,0.5477559808190894
04/22/2025,10,18133.75,0.8380607965245924,23394.4503039999,0.5326263193359293
04/22/2025,11,19503.666666666668,0.901372215995964,22445.647222,0.5110247220864402
04/22/2025,12,19427.58333333333,0.8978559847180659,21941.028735,0.4995359679628299
04/22/2025,13,19731.08333333333,0.9118823968912356,21480.215587,0.4890445391097707
04/22/2025,14,19645.08333333333,0.90790786164612,22500.468564,0.5122728509901368
04/22/2025,15,19397.416666666668,0.8964618163472019,22417.663242,0.5103876049892617
04/22/2025,16,18882.0,0.8726415639334034,23096.205731,0.5258361230665306
04/22/2025,17,18326.916666666668,0.846988095650734,23664.504657,0.5387747029991478
04/22/2025,18,15245.833333333334,0.7045942084243202,24013.484374,0.5467199968518878
04/22/2025,19,6521.083333333333,0.3013752970310375,25394.34749,0.5781583948233961
04/22/2025,20,433.6666666666667,0.0200421331546333,26502.408857,0.6033858585951198
04/22/2025,21,0.0,0.0,26974.422056,0.6141322813404477
04/22/2025,22,0.0,0.0,26132.85481,0.5949721446889781
04/22/2025,23,0.0,0.0,24554.30474,0.5590329666896634
04/22/2025,24,0.0,0.0,23040.133916,0.5245595243837725
04/23/2025,1,0.0,0.0,22345.222254,0.5087383259377722
04/23/2025,2,0.0,0.0,21678.43276,0.4935573907439086
04/23/2025,3,0.0,0.0,21457.156504,0.4885195481676475
04/23/2025,4,0.0,0.0,20803.493454,0.4736374654564384
04/23/2025,5,0.0,0.0,21073.113815,0.4797759683334606
04/23/2025,6,0.0,0.0,22282.430643,0.50730873626084
04/23/2025,7,1211.25,0.0559785559958868,23573.243846,0.5366969491203045
04/23/2025,8,10138.166666666666,0.4685407062502647,25166.9800424,0.5729818728201718
04/23/2025,9,17491.166666666668,0.8083634697076484,26223.0873279999,0.5970264872070616
04/23/2025,10,18784.416666666668,0.8681316988442268,25747.445965,0.5861974612967906
04/23/2025,11,19912.916666666668,0.9202859200548424,25685.274645,0.5847819939141613
04/23/2025,12,19856.25,0.9176670402421694,24805.574474,0.564753677022321
04/23/2025,13,19203.25,0.8874883016949544,23808.573897,0.5420547573724537
04/23/2025,14,19345.33333333333,0.8940547576958479,23796.091699,0.541770572572573
04/23/2025,15,18066.0,0.8349296946309113,22968.500755,0.5229286372977313
04/23/2025,16,16467.0,0.7610310683874247,21697.774891,0.4939977570662104
04/23/2025,17,15840.0,0.7320539335189657,22038.324725,0.5017511260181138
04/23/2025,18,14244.833333333334,0.6583324667922189,23258.312224,0.5295268353331182
04/23/2025,19,6482.333333333333,0.2995844453944302,24869.3703982999,0.5662061321091875
04/23/2025,20,479.4166666666667,0.0221564934739825,26467.4204499999,0.6025892702505454
04/23/2025,21,11.416666666666666,0.0005276272563767,26542.107019,0.604289674912054
04/23/2025,22,0.0,0.0,25758.482993,0.5864487436104872
04/23/2025,23,0.0,0.0,24383.197613,0.5551373351154275
04/23/2025,24,0.0,0.0,22880.605138,0.5209274994911094
04/24/2025,1,0.0,0.0,22555.860839,0.5135339784442771
04/24/2025,2,0.0,0.0,21765.596808,0.4955418727668404
04/24/2025,3,0.0,0.0,21271.8849429999,0.48430143197638
04/24/2025,4,0.0,0.0,20869.021855,0.4751293642009296
04/24/2025,5,0.0,0.0,21065.941834,0.4796126823492747
04/24/2025,6,0.0,0.0,22185.664044,0.5051056309606392
04/24/2025,7,1305.5,0.0603343693313768,23568.410005,0.5365868960561534
04/24/2025,8,10382.916666666666,0.4798519562647071,25257.0920664,0.5750334720262803
04/24/2025,9,17977.916666666668,0.8308588770397416,26125.492154,0.5948045175673805
04/24/2025,10,19692.58333333333,0.9101030991361548,25894.688517,0.5895497631248862
04/24/2025,11,20601.416666666668,0.9521053097788202,25483.488383,0.5801878840878988
04/24/2025,12,20597.83333333333,0.951939704143607,24578.052733,0.5595736421891447
04/24/2025,13,20583.25,0.951265727721228,23711.60576,0.5398470636146593
04/24/2025,14,19878.166666666668,0.9186799305226592,23126.340858,0.5265222157751926
04/24/2025,15,19247.416666666668,0.8895294874313026,22631.771199,0.5152622454101973
04/24/2025,16,18208.666666666668,0.8415231096886999,22357.821847,0.5090251834940523
04/24/2025,17,17019.25,0.7865535926794607,23401.618755,0.5327895249518727
04/24/2025,18,13282.416666666666,0.6138538742090405,23514.376287,0.5353566991519989
04/24/2025,19,5343.333333333333,0.2469449611597015,24689.6139834,0.5621135803970925
04/24/2025,20,293.5833333333333,0.0135681082059517,25581.6894259999,0.582423647673207
04/24/2025,21,0.0,0.0,25894.343434,0.5895419065484004
04/24/2025,22,0.0,0.0,25404.720722,0.5783945643553997
04/24/2025,23,0.0,0.0,24424.122988,0.5560690916461618
04/24/2025,24,0.0,0.0,23303.741135,0.5305611248053197
04/25/2025,1,0.0,0.0,22849.612066,0.5202218737700618
04/25/2025,2,0.0,0.0,21921.0828129999,0.4990818550051572
04/25/2025,3,0.0,0.0,21111.084728,0.48064046001290633
04/25/2025,4,0.0,0.0,21075.805468,0.4798372497575457
04/25/2025,5,0.0,0.0,21179.098688,0.4821889479964887
04/25/2025,6,0.0,0.0,21988.618435,0.5006194525679359
04/25/2025,7,1291.4166666666667,0.0596835006720507,23382.497164,0.5323541797096537
04/25/2025,8,8705.416666666666,0.4023254112218999,24948.832046,0.5680152519813324
04/25/2025,9,14362.666666666666,0.663778196285042,26435.411693,0.6018605202177029
04/25/2025,10,16470.166666666668,0.7611774175534272,27251.150735,0.6204326207728841
04/25/2025,11,16978.333333333332,0.784662607402957,26557.772188,0.6046463270751877
04/25/2025,12,19493.83333333333,0.9009177633225882,26757.0139400999,0.6091825055149465
04/25/2025,13,19967.08333333333,0.9227892610522505,26269.845594,0.5980910423812391
04/25/2025,14,19530.83333333333,0.90262773778851,25220.979377,0.574211286910302
04/25/2025,15,19606.33333333333,0.9061170100095126,26010.104216,0.5921774563663659
04/25/2025,16,18311.58333333333,0.8462794575837752,25078.364454,0.570964343274833
04/25/2025,17,16284.25,0.7525851809915541,23421.572738,0.5332438214360079
04/25/2025,18,12586.166666666666,0.5816763141577412,22867.7216033,0.5206341773750465
04/25/2025,19,5241.416666666667,0.2422348287907322,23602.857879,0.5373711779734092
04/25/2025,20,402.5,0.0186017492576631,24846.069663,0.5656756394188555
04/25/2025,21,0.0,0.0,25364.996075,0.577490145048958
04/25/2025,22,0.0,0.0,25020.939339,0.5696569337293024
04/25/2025,23,0.0,0.0,24292.4197089999,0.553070575680762
04/25/2025,24,0.0,0.0,22975.143157,0.5230798662465989
04/26/2025,1,0.0,0.0,22295.534656,0.5076070780522488
04/26/2025,2,0.0,0.0,21662.863456,0.493202921159183
04/26/2025,3,0.0,0.0,20786.673165,0.4732545144358408
04/26/2025,4,0.0,0.0,20138.427809,0.45849577749155557
04/26/2025,5,0.0,0.0,20100.140573,0.4576240840205301
04/26/2025,6,0.0,0.0,20522.883528,0.4672487608657196
04/26/2025,7,1318.9166666666667,0.0609544276399656,21211.879757,0.4829352814173848
04/26/2025,8,8560.666666666666,0.3956357138180571,22932.495903,0.5221089073382837
04/26/2025,9,12870.5,0.5948169287472126,24172.0428259999,0.5503299301305453
04/26/2025,10,13165.416666666666,0.608446657654639,23638.386805,0.5381800724265566
04/26/2025,11,14012.916666666666,0.6476143160294701,23157.827723,0.5272390837842481
04/26/2025,12,15287.416666666666,0.7065160040515611,23986.673451,0.5461095869875856
04/26/2025,13,15993.333333333334,0.7391403141885516,23820.986092,0.5423373483994632
04/26/2025,14,15950.916666666666,0.737180005622889,22875.75889355,0.5208171640350305
04/26/2025,15,14839.75,0.6858268535314439,21978.7298647,0.5003943174297325
04/26/2025,16,13939.833333333334,0.6442367313298903,22002.9440771,0.5009456074433314
04/26/2025,17,12933.833333333334,0.5977439120672591,21169.4184043,0.4819685549626598
04/26/2025,18,10234.916666666666,0.4730120584010198,21491.540595,0.4893023779240667
04/26/2025,19,4153.833333333333,0.1919715928566201,21867.403768,0.4978597330150169
04/26/2025,20,228.0,0.0105371399521669,23211.4194379999,0.5284592175141019
04/26/2025,21,0.0,0.0,23650.245881,0.5384500704781683
04/26/2025,22,0.0,0.0,23381.8967329999,0.5323405095721021
04/26/2025,23,0.0,0.0,22724.370476,0.5173704724230477
04/26/2025,24,0.0,0.0,22239.8083019999,0.5063383445519789
04/27/2025,1,0.0,0.0,21893.352989,0.4984505243305325
04/27/2025,2,0.0,0.0,21221.414489,0.48315236064536504
04/27/2025,3,0.0,0.0,20517.809778,0.4671332457434314
04/27/2025,4,0.0,0.0,20012.762681,0.45563473336674126
04/27/2025,5,0.0,0.0,20044.143674,0.45634919096593685
04/27/2025,6,0.0,0.0,20122.759038,0.45813904332093813
04/27/2025,7,1166.0833333333333,0.0538911547334326,20296.859362,0.4621028216342699
04/27/2025,8,7882.0,0.364270776767455,21294.165861,0.48480870627398515
04/27/2025,9,11807.166666666666,0.5456744193211709,22185.943452,0.5051119923007306
04/27/2025,10,13335.333333333334,0.6162994457988161,21706.847481,0.4942043146110875
04/27/2025,11,13239.0,0.6118473501172719,21603.753426,0.4918571508031532
04/27/2025,12,14437.333333333334,0.667228955567623,22185.3370468,0.5050981861473264
04/27/2025,13,14731.416666666666,0.6808201715366277,22399.5342991999,0.5099748595752172
04/27/2025,14,14267.666666666666,0.6593877213049724,22358.312777,0.5090363605995433
04/27/2025,15,14318.5,0.6617370105486938,21550.26840867,0.49063944628135786
04/27/2025,16,14118.083333333334,0.652474648858284,21313.5320787,0.48524962098319907
04/27/2025,17,11476.333333333334,0.5303847827677709,21108.870777,0.48059005452968284
04/27/2025,18,9921.5,0.4585273422606324,21770.6628829999,0.49565721315080385
04/27/2025,19,4413.0,0.2039491167057573,22273.668703,0.5071092513491708
04/27/2025,20,274.0833333333333,0.0126669054468848,23593.766211,0.5371641860757352
04/27/2025,21,0.0,0.0,24130.2064469999,0.5493774325821288
04/27/2025,22,0.0,0.0,23743.7417629999,0.5405787106836686
04/27/2025,23,0.0,0.0,22736.2248989999,0.5176403645388375
04/27/2025,24,0.0,0.0,21487.856851,0.4892185093576931
04/28/2025,1,0.0,0.0,21135.102679,0.48118728170236197
04/28/2025,2,0.0,0.0,20967.561029,0.4773728260850949
04/28/2025,3,0.0,0.0,20133.739814,0.4583890449336425
04/28/2025,4,0.0,0.0,19642.3346499999,0.44720112128496026
04/28/2025,5,0.0,0.0,19915.197451,0.45341344546833834
04/28/2025,6,0.0,0.0,21661.914683,0.49318132024681666
04/28/2025,7,1601.3333333333333,0.0740064624710671,23343.860786,0.5314745372500447
04/28/2025,8,9830.25,0.4543101755034603,24626.720698,0.5606816758779332
04/28/2025,9,15605.75,0.7212279465286363,24564.8132273,0.5592722156072338
04/28/2025,10,17752.5,0.8204411271966817,24041.720439,0.5473628532207296
04/28/2025,11,18052.166666666668,0.8342903798531117,24768.4419008,0.5639082719995919
04/28/2025,12,18308.25,0.8461254058300887,24040.4817711,0.547334652210837
04/28/2025,13,18427.5,0.8516366073182285,23533.1597889999,0.5357843470515837
04/28/2025,14,17535.75,0.8104239119132073,22920.9793019,0.5218467064840023
04/28/2025,15,16655.25,0.7697311411768784,21653.8893889,0.4929986067056765
04/28/2025,16,15557.5,0.7189980473940221,21402.354284,0.487271854618505
04/28/2025,17,13935.75,0.6440480179316241,21559.5508559999,0.490850781691744
04/28/2025,18,13401.25,0.6193458192279696,22426.4546859999,0.5105877616246375
04/28/2025,19,7355.0,0.3399151945095955,23691.219865,0.539382933700123
04/28/2025,20,617.5,0.0285380873704521,25368.102036,0.5775608591095123
04/28/2025,21,4.333333333333333,0.0002002672797926,25812.60285,0.5876809016591834
04/28/2025,22,0.0,0.0,25127.366275,0.5720799779326615
04/28/2025,23,0.0,0.0,23898.63244,0.5441051389655038
04/28/2025,24,0.0,0.0,22551.064848,0.513424787118954
04/29/2025,1,0.0,0.0,21853.967549,0.49755382782046154
04/29/2025,2,0.0,0.0,21114.3957109999,0.48071584185200505
04/29/2025,3,0.0,0.0,20546.747534,0.4677920776573185
04/29/2025,4,0.0,0.0,20578.365635,0.46851193354370124
04/29/2025,5,0.0,0.0,21052.780056,0.47931302541008775
04/29/2025,6,0.0,0.0,22035.963316,0.5016973633279128
04/29/2025,7,1822.25,0.0842162424466499,23513.42756,0.5353350992869241
04/29/2025,8,11295.083333333334,0.5220082186610592,24616.559319,0.5604503296472751
04/29/2025,9,17391.583333333332,0.8037611735662595,24621.3463875,0.5605593178321836
04/29/2025,10,18613.58333333333,0.8602365464677858,24580.8323092,0.5596369253790244
04/29/2025,11,17895.166666666668,0.8270345422544705,24138.1412172,0.5495580851467985
04/29/2025,12,18439.0,0.8521680858684475,23882.16897212,0.5437303117656132
04/29/2025,13,17780.833333333332,0.8217505671030182,23158.8353717,0.5272620251319307
04/29/2025,14,17588.083333333332,0.8128425244460876,23150.0702119,0.5270624669144047
04/29/2025,15,16920.0,0.7819667017134406,21712.811733,0.4943401039777566
04/29/2025,16,16616.083333333332,0.7679210330710602,22191.6879769999,0.505242779097055
04/29/2025,17,15611.833333333334,0.7215090909791144,22257.327481,0.506737207346674
04/29/2025,18,13802.833333333334,0.6379052042533689,23739.3865577,0.5404795548181238
04/29/2025,19,7867.25,0.3635890977573916,25168.664266,0.5730202178894233
04/29/2025,20,612.6666666666666,0.0283147123276064,26379.503558,0.6005876480715727
04/29/2025,21,0.0,0.0,26700.85776,0.6079039860743994
04/29/2025,22,0.0,0.0,26072.7879699999,0.5936045904405278
04/29/2025,23,0.0,0.0,24808.101827,0.5648112177941091
04/29/2025,24,0.0,0.0,23252.5313059999,0.5293952199697834
04/30/2025,1,0.0,0.0,22562.215953,0.5136786666474532
04/30/2025,2,0.0,0.0,21850.869268,0.4974832886120657
04/30/2025,3,0.0,0.0,21346.176209,0.4859928366922102
04/30/2025,4,0.0,0.0,20786.1291,0.4732421275947454
04/30/2025,5,0.0,0.0,20992.895913,0.47794963066226487
04/30/2025,6,0.0,0.0,21873.3384109999,0.4979948482674179
04/30/2025,7,1627.8333333333333,0.075231173912876,23410.812337,0.5329988371467969
04/30/2025,8,9559.916666666666,0.4418165782794729,24949.795653,0.5680371906224643
04/30/2025,9,16018.75,0.7403149588104123,25290.86218,0.575802323231442
04/30/2025,10,17377.5,0.8031103049069335,24964.2165675,0.5683655145844203
04/30/2025,11,18396.416666666668,0.8502000747151006,24941.3073845,0.5678439364467969
04/30/2025,12,19087.75,0.8821504084297119,23698.2497149999,0.5395429837582468
04/30/2025,13,19536.5,0.9028896257697774,23729.135969,0.5402461775316579
04/30/2025,14,18996.25,0.8779216877910134,23689.321287,0.5393397083796315
04/30/2025,15,18321.5,0.846737761550993,22519.860768,0.5127143573348516
04/30/2025,16,17863.166666666668,0.8255556454190786,22971.381557,0.5229942251164685
04/30/2025,17,17341.833333333332,0.8014619511424863,23230.912417,0.528903018224219
04/30/2025,18,14552.083333333334,0.6725321871882859,23995.22345,0.5463042465943949
04/30/2025,19,6410.166666666667,0.2962492249271142,25780.024533,0.5869391843352716
04/30/2025,20,687.5833333333334,0.0317770254917139,26861.65956,0.6115649941239003
04/30/2025,21,115.5,0.0053378932652424,27302.432181,0.6216001561275633
04/30/2025,22,103.41666666666669,0.0047794556581283,26492.3144699999,0.603156037585267
04/30/2025,23,68.75,0.0031773174197871,24844.691313,0.5656442582375191
04/30/2025,24,0.0,0.0,23358.4203749999,0.5318060184432033
05/01/2025,1,0.0,0.0,22702.902777,0.5168817128516793
05/01/2025,2,0.0,0.0,21894.8550899999,0.49848472297664087
05/01/2025,3,0.0,0.0,21232.219593,0.48339836269708153
05/01/2025,4,0.0,0.0,20728.009423,0.47191890481159626
05/01/2025,5,0.0,0.0,21128.032444,0.48102631219053527
05/01/2025,6,0.0,0.0,21889.792329,0.49836945804320526
05/01/2025,7,1297.3333333333333,0.0599569425348445,23137.549948,0.5267774154602557
05/01/2025,8,9472.916666666666,0.4377958275082513,24992.1673969999,0.5690018769372631
05/01/2025,9,16820.083333333332,0.7773490003966832,25400.415801,0.5782965533229768
05/01/2025,10,19038.08333333333,0.8798550372997808,25486.955824,0.5802668280388507
05/01/2025,11,20098.0,0.9288396436782936,25764.771683,0.58659191952463
05/01/2025,12,20536.416666666668,0.9491013005819304,26072.9517629999,0.5936083195498503
05/01/2025,13,20370.33333333333,0.941425671954493,24831.704037,0.5653485742216866
05/01/2025,14,19714.25,0.911104435535118,23732.504068,0.540322859742619
05/01/2025,15,18003.583333333332,0.8320450755431287,21891.944723,0.4984184620453974
05/01/2025,16,16107.416666666666,0.7444127354584772,22378.036016,0.5094854036870039
05/01/2025,17,13756.666666666666,0.6357715874648088,22903.195918,0.5214418284813602
05/01/2025,18,11655.833333333334,0.538680469703797,24191.3147764,0.5507686986365219
05/01/2025,19,5418.583333333333,0.2504226794991777,25591.633786,0.5826500529871245
05/01/2025,20,442.9166666666667,0.0204696267711137,26629.993292,0.6062905999818831
05/01/2025,21,0.0,0.0,26978.7221069999,0.6142301814965647
05/01/2025,22,0.0,0.0,26500.127117,0.603333909745624
05/01/2025,23,0.0,0.0,25213.59038,0.5740430600776749
05/01/2025,24,0.0,0.0,23809.628624,0.542078770561591
05/02/2025,1,0.0,0.0,22787.503061,0.5188078251260074
05/02/2025,2,0.0,0.0,21867.2143159999,0.4978554197218985
05/02/2025,3,0.0,0.0,21359.0653829999,0.4862862871993876
05/02/2025,4,0.0,0.0,21111.137307,0.480641657089943
05/02/2025,5,0.0,0.0,21168.211656,0.481941080672944
05/02/2025,6,0.0,0.0,22207.0435349999,0.5055923822821099
05/02/2025,7,1828.3333333333333,0.084497386897128,23559.529926,0.5363847214492821
05/02/2025,8,10781.5,0.4982726947117884,25069.669478,0.5707663829464896
05/02/2025,9,17079.166666666668,0.7893226729519782,25741.837642,0.5860697754397467
05/02/2025,10,19048.08333333333,0.8803171925608407,25919.545304,0.5901156827681472
05/02/2025,11,20270.0,0.9367887141685248,25176.5199159999,0.5731990691080271
05/02/2025,12,20945.58333333333,0.9680111533469667,25054.968763,0.5704316887083131
05/02/2025,13,21262.416666666668,0.9826537725348832,24932.538835,0.5676443010552655
05/02/2025,14,20918.83333333333,0.9667748880236314,24566.518354,0.5593110365817137
05/02/2025,15,20603.75,0.9522131460064008,23330.855321,0.5311784391214633
05/02/2025,16,19658.75,0.9085394738362352,22278.953472,0.507229570784953
05/02/2025,17,18072.08333333333,0.8352108390813894,22940.527108,0.5222917554541144
05/02/2025,18,15476.166666666666,0.7152391846040677,23919.346852,0.5445767482949558
05/02/2025,19,7320.916666666667,0.3383400153281495,25241.551773,0.5746796629319231
05/02/2025,20,618.9166666666666,0.0286035593657689,26540.287316,0.6042482453551045
05/02/2025,21,0.0,0.0,26913.308416,0.6127408943785213
05/02/2025,22,0.25,1.1553881526498828e-05,26422.9701409999,0.6015772608137618
05/02/2025,23,0.75,3.466164457949648e-05,25311.936098,0.5762821175088226
05/02/2025,24,1.5833333333333333,7.317458300115923e-05,24056.071583,0.5476895887031904
05/03/2025,1,2.333333333333333,0.0001078362275806,23084.628993,0.52557255306293
05/03/2025,2,2.4166666666666665,0.0001116875214228,22240.683005,0.5063582590972407
05/03/2025,3,2.083333333333333,9.62823460541569e-05,21275.200558,0.48437691927319143
05/03/2025,4,2.1666666666666665,0.0001001336398963,20787.639174,0.47327650776380664
05/03/2025,5,1.6666666666666667,7.702587684332552e-05,20429.740471,0.4651281535004282
05/03/2025,6,4.666666666666667,0.0002156724551613,20901.926026,0.47587850031068185
05/03/2025,7,1762.25,0.0814433108802902,21249.929414,0.4838015658778681
05/03/2025,8,8535.0,0.39444951531467,22771.579587,0.5184452920791758
05/03/2025,9,12480.25,0.576781319684348,23597.085763,0.5372397630070428
05/03/2025,10,14724.666666666666,0.6805082167354123,23640.6048953299,0.5382305721507655
05/03/2025,11,16211.5,0.749223001467343,23430.022733,0.5334362042309346
05/03/2025,12,17190.583333333332,0.7944718528189545,23701.3916919999,0.5396145178025694
05/03/2025,13,16653.666666666668,0.7696579665938773,22777.584272,0.5185820019923715
05/03/2025,14,16505.75,0.762821920024032,22867.03159,0.5206184676986276
05/03/2025,15,16861.166666666668,0.7792476882608713,22925.098037,0.5219404785832876
05/03/2025,16,15316.083333333334,0.7078408491332664,22313.947532,0.5080262878325527
05/03/2025,17,13178.083333333334,0.6090320543186484,20777.356486,0.4730423996658966
05/03/2025,18,10641.416666666666,0.4917986697631069,21797.3529954,0.4962648724950329
05/03/2025,19,4812.666666666667,0.2224199219727867,22246.783645,0.5064971536378934
05/03/2025,20,602.3333333333334,0.0278371518911778,23543.257674,0.5360142477011306
05/03/2025,21,65.0,0.0030040091968896,24141.16264,0.5496268745085577
05/03/2025,22,0.0,0.0,23753.570949,0.5408024938071561
05/03/2025,23,0.0,0.0,22833.609223,0.5198575337126874
05/03/2025,24,0.0,0.0,22033.911937,0.5016506591552508
05/04/2025,1,0.0,0.0,21560.287583,0.49086755490869594
05/04/2025,2,0.0,0.0,20963.274984,0.47727524480649275
05/04/2025,3,0.0,0.0,20495.974028,0.4666361066783408
05/04/2025,4,0.0,0.0,20146.5135979999,0.458679868332673
05/04/2025,5,0.0,0.0,19785.2514549999,0.4504549379307562
05/04/2025,6,0.0,0.0,20079.877411,0.4571627483937502
05/04/2025,7,942.0,0.0435350255918475,20113.135622,0.45791994500587146
05/04/2025,8,6901.5,0.3189564534205266,20545.697712,0.46776817614133714
05/04/2025,9,12521.666666666666,0.5786954127239046,20855.548965,0.47482262411008463
05/04/2025,10,14322.0,0.6618987648900648,19975.871929,0.45479483393760467
05/04/2025,11,16423.5,0.759020693001814,21913.173325,0.49890177804560165
05/04/2025,12,16603.333333333332,0.7673317851132088,21999.780559,0.5008735829683015
05/04/2025,13,16112.75,0.7446592182643759,20804.825525,0.4736677929941495
05/04/2025,14,14734.416666666666,0.6809588181149457,19307.044595,0.43956750281630985
05/04/2025,15,11853.083333333334,0.5477964822282045,18847.578962,0.4291067531177242
05/04/2025,16,11731.666666666666,0.5421851471001683,19225.257131,0.43770543060037526
05/04/2025,17,11214.583333333334,0.5182878688095266,19991.558355,0.45515197006328173
05/04/2025,18,8624.75,0.398597358782683,21614.8696349,0.4921102358448805
05/04/2025,19,4059.9166666666665,0.1876311846964987,22675.377763,0.5162550451289509
05/04/2025,20,451.0833333333333,0.020847053567646,23772.853084,0.5412414941880384
05/04/2025,21,0.0,0.0,24453.272441,0.5567327433097101
05/04/2025,22,0.0,0.0,24262.177173,0.5523820375690434
05/04/2025,23,0.0,0.0,22971.949273,0.5230071504248035
05/04/2025,24,0.0,0.0,21652.66962,0.4929708359732505
05/05/2025,1,0.0,0.0,21286.074475,0.48462448800480146
05/05/2025,2,0.0,0.0,20663.36989,0.470447243109868
05/05/2025,3,0.0,0.0,20503.1869349999,0.46680032443328473
05/05/2025,4,0.0,0.0,20270.638613,0.4615058483842631
05/05/2025,5,0.0,0.0,20651.240636,0.4701710938594961
05/05/2025,6,0.0,0.0,21758.872593,0.49538878116437346
05/05/2025,7,982.3333333333334,0.045399051811456,22898.931887,0.5213447484000779
05/05/2025,8,6437.833333333333,0.2975278544827134,23749.712605,0.5407146500862416
05/05/2025,9,10610.166666666666,0.4903544345722945,23516.7498365,0.5354107382474903
05/05/2025,10,14794.916666666666,0.6837548574443584,24878.39854584,0.5664116778233299
05/05/2025,11,16948.833333333332,0.7832992493828301,25955.2141404,0.5909277625904921
05/05/2025,12,17364.666666666668,0.80251720565524,26372.4737267,0.6004275984391934
05/05/2025,13,17404.5,0.8043581241117953,25970.7205486,0.591280800213448
05/05/2025,14,16377.25,0.7568832249194116,24883.8918465,0.5665367449428186
05/05/2025,15,13622.083333333334,0.6295517479097102,23425.9073231,0.5333425078371697
05/05/2025,16,11245.083333333334,0.5196974423557594,23019.0865313,0.5240803341955554
05/05/2025,17,12054.833333333334,0.5571204646200891,24253.134451,0.5521761600351389
05/05/2025,18,10791.25,0.4987232960913219,25221.260452,0.5742176862033292
05/05/2025,19,5859.833333333333,0.2708152803934481,25918.150019,0.5900839160241409
05/05/2025,20,673.3333333333334,0.0311184542447035,26890.28615,0.6122167416567001
05/05/2025,21,0.0,0.0,27180.247441,0.6188183507207445
05/05/2025,22,0.0,0.0,26432.047535,0.6017839277323092
05/05/2025,23,0.0,0.0,24951.718016,0.5680809574610013
05/05/2025,24,0.0,0.0,23749.135462,0.5407015101514354
05/06/2025,1,0.0,0.0,22812.975419,0.5193877596023488
05/06/2025,2,0.0,0.0,22064.372637,0.5023441642521678
05/06/2025,3,0.0,0.0,20973.567669,0.47750958050818254
05/06/2025,4,0.0,0.0,20617.149386,0.46939493127507514
05/06/2025,5,0.0,0.0,20789.842763,0.47332667733321937
05/06/2025,6,0.0,0.0,22085.747298,0.5028308056080254
05/06/2025,7,1491.75,0.0689420110686185,23289.771639,0.5302430783823103
05/06/2025,8,9647.333333333334,0.4458565855199054,23971.3119028,0.5457598474224005
05/06/2025,9,16132.75,0.7455835287864958,23947.487512,0.5452174325583052
05/06/2025,10,18324.416666666668,0.8468725568354689,24183.227515,0.5505845742729649
05/06/2025,11,19481.0,0.9003246640708946,24009.835363,0.5466369190589544
05/06/2025,12,19896.58333333333,0.9195310664617776,24929.046195,0.5675647833934359
05/06/2025,13,19497.666666666668,0.901094922839328,24466.276933,0.5570288192857978
05/06/2025,14,19770.75,0.9137156127601068,25473.214476,0.5799539759088435
05/06/2025,15,18621.416666666668,0.8605985680889495,26105.00163,0.594338005542624
05/06/2025,16,17172.833333333332,0.7936515272305731,26061.093156,0.5933383321760615
05/06/2025,17,15832.666666666666,0.7317150196608551,25546.6179339,0.5816251677128723
05/06/2025,18,13144.666666666666,0.6074876854879396,25454.29551822,0.5795232440593197
05/06/2025,19,7305.416666666667,0.3376236746735065,25832.216604,0.5881274520788611
05/06/2025,20,799.5,0.0369493131217432,26900.292002,0.6124445469717781
05/06/2025,21,0.0,0.0,27129.535795,0.6176637881212622
05/06/2025,22,3.083333333333333,0.0001424978721601,26639.358781,0.6065038260192565
05/06/2025,23,0.0,0.0,25090.19058,0.5712335911469365
05/06/2025,24,0.0,0.0,23536.890302,0.535869280417517
05/07/2025,1,0.0,0.0,22887.667984,0.5210883007760352
05/07/2025,2,0.0,0.0,22198.0633919999,0.5053879294973236
05/07/2025,3,0.0,0.0,21270.917348,0.48427940253962437
05/07/2025,4,0.0,0.0,20986.45689,0.4778030320854211
05/07/2025,5,0.0,0.0,21232.08121,0.4833952121025178
05/07/2025,6,0.0,0.0,22182.299531,0.5050290303928866
05/07/2025,7,1658.8333333333333,0.0766638552221618,23760.280419,0.540955249707139
05/07/2025,8,10038.75,0.4639461126965604,24706.835235,0.5625056602166597
05/07/2025,9,15776.5,0.729119247611235,23534.521245,0.5358153436037082
05/07/2025,10,18306.0,0.8460214208963501,24580.132704,0.5596209973218218
05/07/2025,11,19863.83333333333,0.9180175079818064,24880.758941,0.5664654174312246
05/07/2025,12,19947.08333333333,0.9218649505301304,25164.911644,0.5729347811632876
05/07/2025,13,20270.25,0.9368002680500516,23875.181458,0.5435712255772787
05/07/2025,14,20833.25,0.9628196092477268,23809.155499,0.542067998826241
05/07/2025,15,20978.58333333333,0.9695362657084649,23444.80224,0.5337726923429748
05/07/2025,16,20411.83333333333,0.943343616287892,22900.192917,0.5213734585325557
05/07/2025,17,19031.75,0.8795623389677762,23454.462244,0.5339926236646527
05/07/2025,18,16097.25,0.743942877609733,24166.280136,0.5501987297678852
05/07/2025,19,9296.25,0.4296310845628588,25560.776346,0.5819475152280509
05/07/2025,20,1161.0,0.0536562258090605,26808.799659,0.6103615217557004
05/07/2025,21,58.333333333333336,0.0026959056895163,27323.399478,0.6220775229424451
05/07/2025,22,0.0,0.0,26749.753516,0.6090172059282968
05/07/2025,23,0.0,0.0,25373.5089559999,0.5776839595825334
05/07/2025,24,0.0,0.0,23839.969733,0.5427695529053197
05/08/2025,1,0.0,0.0,23072.989689,0.5253075586061854
05/08/2025,2,0.0,0.0,22265.954636,0.5069336235801944
05/08/2025,3,0.0,0.0,21379.534474,0.4867523112545744
05/08/2025,4,0.0,0.0,20898.516432,0.4758008733744191
05/08/2025,5,0.0,0.0,21062.1413609999,0.47952615618946004
05/08/2025,6,0.0,0.0,22042.219516,0.5018397995354633
05/08/2025,7,2550.1666666666665,0.1178572941579723,23445.54124,0.5337895173097884
05/08/2025,8,12268.666666666666,0.5670028846190878,25555.551399,0.581828557772194
05/08/2025,9,18158.666666666668,0.8392123333834002,25018.927072,0.5696111200276849
05/08/2025,10,19324.25,0.8930803803537799,25421.9003629999,0.5787856968177737
05/08/2025,11,20414.33333333333,0.9434591551031568,24669.9082619999,0.5616649361364748
05/08/2025,12,20982.666666666668,0.9697249791067308,24063.251404,0.547853053182288
05/08/2025,13,21018.33333333333,0.971373332871178,23506.774842,0.5351836354715374
05/08/2025,14,20885.25,0.9652228166052386,23618.736166,0.5377326822384068
05/08/2025,15,20673.75,0.9554482328338204,23906.5206,0.5442847303460465
05/08/2025,16,20284.58333333333,0.937462690590904,24821.258708,0.5651107632422779
05/08/2025,17,19274.58333333333,0.8907850092238487,25963.082852,0.5911069111852639
05/08/2025,18,16984.916666666668,0.7849668596164883,26960.9436024,0.6138254145819635
05/08/2025,19,9170.333333333334,0.4238117795673456,28340.1951003,0.6452271205087508
05/08/2025,20,1123.25,0.0519115896985592,28999.6614101,0.6602413272437031
05/08/2025,21,0.0,0.0,29101.807002,0.6625668971948289
05/08/2025,22,0.0,0.0,28270.6149229999,0.6436429741299082
05/08/2025,23,0.0,0.0,26647.985241,0.6067002264295671
05/08/2025,24,0.0,0.0,25030.322377,0.5698705593084114
05/09/2025,1,0.0,0.0,24119.604866,0.5491360641809164
05/09/2025,2,0.0,0.0,22936.151893,0.5221921440235627
05/09/2025,3,0.0,0.0,21913.69476,0.49891364966477686
05/09/2025,4,0.0,0.0,21492.1479259999,0.48931620515534985
05/09/2025,5,0.0,0.0,21409.42604,0.48743285875925524
05/09/2025,6,0.75,3.466164457949648e-05,22315.329281,0.5080577463996295
05/09/2025,7,2699.833333333333,0.124774217898503,23736.228523,0.5404076551848032
05/09/2025,8,12607.0,0.5826391376182829,26469.2468319999,0.6026308518696782
05/09/2025,9,18249.08333333333,0.8433909872021506,27120.7194556,0.6174630646871307
05/09/2025,10,19751.166666666668,0.9128105587071976,27445.240469,0.6248515021442338
05/09/2025,11,20527.916666666668,0.9487084686100296,26962.101013,0.6138517655899944
05/09/2025,12,20893.5,0.965604094695613,27274.160256,0.6209564833266376
05/09/2025,13,21186.83333333333,0.9791606490200382,27522.242942,0.6266046334741348
05/09/2025,14,21138.416666666668,0.9769230472977396,27717.440132,0.6310487285267395
05/09/2025,15,20967.75,0.9690355975089832,27386.606082,0.6235165608513841
05/09/2025,16,20445.0,0.944876431237074,28402.169863,0.6466381128304202
05/09/2025,17,19536.08333333333,0.9028703693005664,29972.769351,0.6823962782745258
05/09/2025,18,16995.75,0.7854675278159697,31520.32781444,0.7176298639167702
05/09/2025,19,9257.833333333334,0.4278556381016202,32308.9054148,0.7355835742768163
05/09/2025,20,1193.4166666666667,0.0551543791136632,32238.525713,0.7339812249572735
05/09/2025,21,35.833333333333336,0.0016560563521314,31601.550199,0.7194790708514801
05/09/2025,22,0.0,0.0,30402.117086,0.6921713275206783
05/09/2025,23,0.0,0.0,28594.280722,0.6510119407427665
05/09/2025,24,0.0,0.0,26744.489304,0.6088973545180123
05/10/2025,1,0.0,0.0,25390.584203,0.5780727152849856
05/10/2025,2,0.0,0.0,24139.14427,0.5495809218586691
05/10/2025,3,0.0,0.0,23064.7131529999,0.5251191249884126
05/10/2025,4,0.0,0.0,22160.45364,0.5045316604455382
05/10/2025,5,0.0,0.0,21607.313355,0.49193820044765124
05/10/2025,6,0.9166666666666666,4.236423226382903e-05,21660.793227,0.4931557878246475
05/10/2025,7,2640.833333333333,0.1220475018582492,22153.785195,0.5043798385702691
05/10/2025,8,12248.833333333334,0.5660862766846523,24782.402922,0.5642261254750658
05/10/2025,9,18059.5,0.8346292937112223,25932.18535646,0.5904034614733742
05/10/2025,10,19598.33333333333,0.9057472858006648,26259.1142898,0.5978467205449299
05/10/2025,11,20527.416666666668,0.9486853608469766,26129.3046205,0.5948913167857036
05/10/2025,12,20861.75,0.9641367517417476,25510.712809,0.5808077082610675
05/10/2025,13,20748.166666666668,0.9588874382348752,25215.01456,0.5740754846801602
05/10/2025,14,20645.33333333333,0.9541349416336418,26108.512834,0.5944179458549056
05/10/2025,15,20546.83333333333,0.9495827123122011,26481.6664273,0.6029136113808603
05/10/2025,16,20035.666666666668,0.9259588758843534,27784.3860147,0.6325728993721259
05/10/2025,17,19036.08333333333,0.8797626062475689,29377.2093817,0.6688370404950493
05/10/2025,18,16420.833333333332,0.7588974515988646,31185.756753,0.7100126149241477
05/10/2025,19,8797.583333333334,0.4065849422113359,32753.803676,0.7457126655896135
05/10/2025,20,1210.5833333333333,0.0559477456451494,32607.32383,0.7423777284477678
05/10/2025,21,16.666666666666668,0.0007702587684332,31697.719123,0.7216685687605572
05/10/2025,22,0.0,0.0,30387.680317,0.6918426425960208
05/10/2025,23,0.0,0.0,28202.631126,0.6420951728736272
05/10/2025,24,0.0,0.0,26691.212348,0.6076843869718226
05/11/2025,1,0.0,0.0,24631.426214,0.5607888073401
05/11/2025,2,0.0,0.0,23495.844207,0.5349347754294163
05/11/2025,3,0.0,0.0,22185.995203,0.5051131705265188
05/11/2025,4,0.0,0.0,21576.219473,0.4912302795643513
05/11/2025,5,0.0,0.0,21285.345567,0.4846078928046523
05/11/2025,6,0.0,0.0,21015.974242,0.4784750597820759
05/11/2025,7,2103.5,0.0972143591639611,20602.098582,0.4690522664877689
05/11/2025,8,10363.25,0.4789430509179559,21527.57296,0.4901227342777118
05/11/2025,9,15898.166666666666,0.7347421366207977,21835.5577859999,0.4971346889144743
05/11/2025,10,18683.0,0.8634446742383104,22477.67902,0.5117539966985278
05/11/2025,11,19813.666666666668,0.9156990290888224,23570.316957,0.5366303120292458
05/11/2025,12,20060.416666666668,0.9271027101554769,22419.198069,0.5104225487150259
05/11/2025,13,19567.166666666668,0.9043069019036946,22161.502242,0.5045555341855257
05/11/2025,14,19136.166666666668,0.8843880101520106,23037.167389,0.5244919848461177
05/11/2025,15,18729.58333333333,0.8655975474960812,23887.3082799999,0.543847319457798
05/11/2025,16,18054.25,0.8343866621991658,24434.516438,0.5563057214855796
05/11/2025,17,17853.916666666668,0.8251281518025981,25485.6006319999,0.5802359741005179
05/11/2025,18,13990.25,0.6465667641044008,27036.2456056,0.6155398309619963
05/11/2025,19,7910.916666666667,0.3656071757306867,27850.975837,0.6340889637162759
05/11/2025,20,1252.8333333333333,0.0579003516231277,28220.4381389999,0.6425005888449048
05/11/2025,21,0.0,0.0,27672.899609,0.6300346651690409
05/11/2025,22,0.0,0.0,26960.022642,0.6138044468848503
05/11/2025,23,0.0,0.0,25354.002679,0.577239856114087
05/11/2025,24,0.0,0.0,23787.272902,0.5415697931857507
05/12/2025,1,0.0,0.0,23046.584313,0.5247063819148416
05/12/2025,2,0.0,0.0,22155.793277,0.5044255569911205
05/12/2025,3,0.0,0.0,21197.8455909999,0.4826157626390229
05/12/2025,4,0.0,0.0,21136.520444,0.4812195602532072
05/12/2025,5,0.0,0.0,21173.724797,0.482066599501583
05/12/2025,6,5.166666666666667,0.0002387802182143,21846.552345,0.49738500432761074
05/12/2025,7,2573.583333333333,0.1189395077276211,23327.466737,0.5311012905242436
05/12/2025,8,11268.0,0.5207565481623552,25540.43907,0.5814844922324072
05/12/2025,9,15690.583333333334,0.7251485636599616,25832.8307500999,0.5881414344709444
05/12/2025,10,17159.5,0.7930353202158265,26436.8739632,0.6018938120276996
05/12/2025,11,18257.08333333333,0.8437607114109985,26442.074057,0.6020122036455794
05/12/2025,12,18782.416666666668,0.8680392677920148,27229.287643,0.6199348592067886
05/12/2025,13,18772.166666666668,0.8675655586494283,27085.7649189999,0.6166672474770029
05/12/2025,14,18018.5,0.8327344571408765,26105.78859,0.59435592242474
05/12/2025,15,17364.333333333332,0.8025018004798712,25021.8349969999,0.5696773253614063
05/12/2025,16,15101.75,0.6979353213712146,23838.1311729999,0.542727694027124
05/12/2025,17,12952.916666666666,0.598625858357115,23703.7381058,0.5396679390939332
05/12/2025,18,10497.916666666666,0.4851667417668965,24251.9880462,0.5521500595984474
05/12/2025,19,6308.5,0.2915506464396714,25563.120698,0.5820008895779827
05/12/2025,20,1145.75,0.0529514390359441,26227.833213,0.597134537758656
05/12/2025,21,0.0,0.0,26811.90128,0.6104321370065713
05/12/2025,22,0.0,0.0,26397.052309,0.6009871841381447
05/12/2025,23,0.0,0.0,25095.219566,0.5713480871179196
05/12/2025,24,0.0,0.0,24009.952,0.54663957455781
05/13/2025,1,0.0,0.0,22964.574063,0.522839237483675
05/13/2025,2,0.0,0.0,22228.876848,0.5060894658635166
05/13/2025,3,0.0,0.0,21373.773731,0.4866211552196662
05/13/2025,4,0.0,0.0,20993.888545,0.47797223012161294
05/13/2025,5,0.0,0.0,21086.348512,0.48007728543469763
05/13/2025,6,0.4166666666666667,1.925646921083138e-05,21920.245232,0.4990627856242005
05/13/2025,7,2635.583333333333,0.1218048703461928,23141.602985,0.5268696917972242
05/13/2025,8,11451.833333333334,0.529252502378174,25188.689247,0.5734761307998018
05/13/2025,9,16114.25,0.744728541553535,25951.21526308,0.5908367193182309
05/13/2025,10,17409.416666666668,0.8045853504484832,26167.1569168,0.5957531078940519
05/13/2025,11,17531.166666666668,0.8102120907518882,25754.456759,0.5863570775029985
05/13/2025,12,17743.333333333332,0.8200174848740434,25232.1777259999,0.5744662420527802
05/13/2025,13,17895.75,0.8270615013113656,24703.130179,0.5624213064355462
05/13/2025,14,17134.25,0.7918683781816501,23589.667855,0.5370708779516613
05/13/2025,15,17303.5,0.7996903559750899,23075.051709,0.5253545050447092
05/13/2025,16,16679.0,0.7708287599218958,22681.54744,0.5163955114493516
05/13/2025,17,15801.0,0.7302515280008319,23216.605965,0.5285773002538244
05/13/2025,18,14865.333333333334,0.6870092007409889,23618.676216,0.5377313173442789
05/13/2025,19,9375.833333333334,0.4333090701821277,24832.820428,0.5653739913279465
05/13/2025,20,1317.5,0.0608889556446488,25751.120617,0.5862811228637079
05/13/2025,21,10.666666666666666,0.0004929656117972,26594.232479,0.6054764261091422
05/13/2025,22,0.0,0.0,26154.404831,0.5954627785024548
05/13/2025,23,0.0,0.0,24714.368062,0.5626771616568332
05/13/2025,24,0.0,0.0,23493.7182699999,0.5348863737792475
05/14/2025,1,0.0,0.0,22937.99771,0.5222341681233856
05/14/2025,2,0.0,0.0,22403.7828769999,0.5100715878302786
05/14/2025,3,0.0,0.0,21489.354528,0.489252607281675
05/14/2025,4,0.0,0.0,21100.971451,0.48041020893049413
05/14/2025,5,0.0,0.0,21405.043933,0.48733309041710504
05/14/2025,6,7.083333333333333,0.0003273599765841,22320.651036,0.508178907903372
05/14/2025,7,2930.9166666666665,0.13545385572283,23238.559489,0.5290771207040863
05/14/2025,8,12172.75,0.5625700454067544,25145.489933,0.5724926030265622
05/14/2025,9,16778.916666666668,0.7754464612386531,25784.60218215,0.5870434046262506
05/14/2025,10,17517.25,0.8095689246802463,25010.4464292,0.5694180394679167
05/14/2025,11,18141.5,0.8384189668519139,24277.3757501,0.5527280667372745
05/14/2025,12,18163.83333333333,0.8394511136016144,23417.377249,0.5331483018647059
05/14/2025,13,17551.833333333332,0.8111672116247453,23044.5488989999,0.5246600412206552
05/14/2025,14,15950.583333333334,0.7371646004475204,22660.2087066,0.5159096880646411
05/14/2025,15,16058.833333333334,0.7421674311484944,21867.903317,0.49787110635107484
05/14/2025,16,16205.916666666666,0.7489649647799178,22406.766584,0.5101395185085715
05/14/2025,17,16079.583333333334,0.7431264033151938,23778.6534264,0.5413735517907285
05/14/2025,18,15265.25,0.7054915598895449,24752.8292372,0.5635528152378284
05/14/2025,19,8774.666666666666,0.4055258364047401,25905.84076,0.5898036685624682
05/14/2025,20,1551.0833333333333,0.0716841322842408,26606.536684,0.6057565585053449
05/14/2025,21,250.83333333333331,0.0115923944649204,27130.148577,0.6176777394565992
05/14/2025,22,48.41666666666666,0.0022376017222986,26684.2350099999,0.6075255324653278
05/14/2025,23,46.41666666666666,0.0021451706700866,25714.122617,0.5854387816970329
05/14/2025,24,47.16666666666666,0.0021798323146661,24124.367034,0.5492444854509586
05/15/2025,1,47.833333333333336,0.0022106426654034,23469.224692,0.5343287233908893
05/15/2025,2,47.0,0.0021721297269817,22552.374673,0.5134546081773528
05/15/2025,3,46.16666666666666,0.0021336167885601,21668.07953,0.49332167660160214
05/15/2025,4,47.0,0.0021721297269817,21189.3972159999,0.48242341672697336
05/15/2025,5,46.833333333333336,0.0021644271392974,21474.124516,0.48890586242853284
05/15/2025,6,67.41666666666667,0.0031156967183125,22361.27832,0.5091038777342654
05/15/2025,7,3112.833333333333,0.143861230180279,23787.882449,0.5415836708691694
05/15/2025,8,12378.833333333334,0.5720942950784317,25384.599246,0.577936454523272
05/15/2025,9,16847.583333333332,0.7786199273645981,26266.850859,0.5980228606261772
05/15/2025,10,18508.916666666668,0.855399321402025,25893.469035,0.5895219989243721
05/15/2025,11,18587.5,0.8590310914951879,25328.5624189999,0.57666065241959
05/15/2025,12,18290.75,0.8453166341232337,24156.1832026,0.5499688507836159
05/15/2025,13,17847.833333333332,0.8248470073521199,23531.5632194,0.5357479976191966
05/15/2025,14,17062.416666666668,0.7885485628897029,22874.7639663999,0.5207945123215225
05/15/2025,15,16966.916666666668,0.7841349801465803,22817.9101972,0.5195001107247412
05/15/2025,16,17210.333333333332,0.7953846094595479,23822.8972888,0.5423808610148007
05/15/2025,17,16279.333333333334,0.7523579546548663,24364.9301515999,0.5547214360195858
05/15/2025,18,15331.25,0.7085417846125406,25670.740983,0.5844511030064057
05/15/2025,19,9649.166666666666,0.445941313984433,26605.5795589999,0.605734767441254
05/15/2025,20,1530.25,0.0707213088236993,27462.9137869999,0.6252538742536194
05/15/2025,21,52.91666666666666,0.0024455715897755,28013.459788,0.6377882696477126
05/15/2025,22,28.416666666666668,0.0013132912001787,27446.511992,0.6248804511730265
05/15/2025,23,30.75,0.0014211274277593,26070.3773139999,0.5935497065336276
05/15/2025,24,31.08333333333333,0.001436532603128,24436.605473,0.5563532829802313
05/16/2025,1,31.666666666666668,0.0014634916600231,23901.939603,0.5441804338338697
05/16/2025,2,29.75,0.0013749119016533,22891.705977,0.5211802346031245
05/16/2025,3,30.25,0.0013980196647063,22001.599022,0.5009149842939131
05/16/2025,4,30.83333333333333,0.0014249787216015,21695.149797,0.49393799100473157
05/16/2025,5,30.58333333333333,0.001413424840075,21468.631741,0.48878080727685486
05/16/2025,6,54.333333333333336,0.0025110435850924,22365.783613,0.5092064506777172
05/16/2025,7,3076.333333333333,0.1421743634774102,23494.581091,0.5349060178045424
05/16/2025,8,11981.916666666666,0.5537505825081936,25430.045622,0.5789711416247637
05/16/2025,9,17743.833333333332,0.8200405926370964,27082.3793171,0.6165901667738768
05/16/2025,10,19355.33333333333,0.8945169129569078,26512.2040111,0.6036088669072543
05/16/2025,11,20289.83333333333,0.9377053221029604,25894.1434714,0.5895373539582665
05/16/2025,12,20666.666666666668,0.9551208728572363,25239.094613,0.5746237202587757
05/16/2025,13,20775.83333333333,0.9601660677904742,25093.384002,0.5713062964502817
05/16/2025,14,19624.5,0.906956592067105,24830.315222,0.565316954781517
05/16/2025,15,19606.916666666668,0.906143969066408,23862.005767,0.5432712518779249
05/16/2025,16,18787.25,0.8682626428348603,24394.4902959999,0.5553944379797182
05/16/2025,17,16116.75,0.7448440803687999,24867.95792,0.5661739739217438
05/16/2025,18,13882.833333333334,0.6416024463418486,26180.1661817,0.5960492925357473
05/16/2025,19,7563.666666666667,0.3495588342903798,26453.437077,0.602270907886991
05/16/2025,20,1196.25,0.0552853231042968,27431.7796089999,0.6245450359429003
05/16/2025,21,11.666666666666666,0.0005391811379032,27618.179396,0.6287888386903361
05/16/2025,22,0.0,0.0,27132.24759,0.6177255281224537
05/16/2025,23,0.0,0.0,25731.546373,0.5858354719764237
05/16/2025,24,0.0,0.0,24641.044562,0.5610077902709558
05/17/2025,1,0.0,0.0,23737.972096,0.5404473514741972
05/17/2025,2,0.0,0.0,22718.037153,0.517226280340104
05/17/2025,3,0.0,0.0,21694.381667,0.4939205028291449
05/17/2025,4,0.0,0.0,21140.548637,0.4813112709616566
05/17/2025,5,0.0,0.0,20888.278366,0.4755677811948706
05/17/2025,6,8.333333333333334,0.0003851293842166,21257.059057,0.4839638879439959
05/17/2025,7,2402.0,0.1110096937066007,21645.838491,0.49281531023749264
05/17/2025,8,8568.416666666666,0.3959938841453786,22293.348567,0.5075573069089785
05/17/2025,9,12668.416666666666,0.5854775411799594,21969.3274875,0.5001802515510319
05/17/2025,10,15949.416666666666,0.73711068233373,22478.188305,0.5117655916961241
05/17/2025,11,17624.666666666668,0.8145332424427987,22756.541386,0.5181029142269937
05/17/2025,12,17987.5,0.8313017758315906,22558.951866,0.513604352499345
05/17/2025,13,17487.916666666668,0.8082132692478039,22549.810403,0.5133962269085418
05/17/2025,14,17230.416666666668,0.79631277127551,22797.439611,0.5190340526280272
05/17/2025,15,17608.25,0.8137745375558919,22501.6656539999,0.512300105387324
05/17/2025,16,17153.083333333332,0.7927387705899797,22054.631925,0.5021223954346553
05/17/2025,17,16717.916666666668,0.7726273141461875,22084.482857,0.5028020178166007
05/17/2025,18,14439.833333333334,0.667344494382888,22927.633335,0.5219982002405444
05/17/2025,19,7926.916666666667,0.3663466241483826,23040.409033,0.5245657880297737
05/17/2025,20,1129.75,0.0522119906182482,24277.078716,0.5527213041000958
05/17/2025,21,0.0,0.0,24700.885157,0.5623701935523987
05/17/2025,22,0.0,0.0,24447.625769,0.5566041843530013
05/17/2025,23,0.0,0.0,23569.9704799999,0.5366224237152697
05/17/2025,24,0.0,0.0,22600.3581849999,0.5145470587822276
05/18/2025,1,0.0,0.0,21836.065402,0.49714624591360257
05/18/2025,2,0.0,0.0,21017.039223,0.4784993064261655
05/18/2025,3,0.0,0.0,20209.210906,0.46010731099357854
05/18/2025,4,0.0,0.0,19794.874505,0.450674027913027
05/18/2025,5,0.0,0.0,19619.671297,0.44668514001011567
05/18/2025,6,10.916666666666666,0.0005045194933237,20246.04958,0.46094602475204977
05/18/2025,7,2944.0,0.1360585088560502,20588.61093,0.46874519030739736
05/18/2025,8,11152.75,0.5154302087786392,21876.815339,0.4980740082108757
05/18/2025,9,13713.583333333334,0.6337804685484089,22245.8698697,0.5064763495254473
05/18/2025,10,14113.833333333334,0.6522782328723334,21959.4863276,0.4999561958152731
05/18/2025,11,14359.166666666666,0.663616441943671,21475.8758083,0.4889457344648367
05/18/2025,12,13531.416666666666,0.6253615402094334,20069.8831771,0.45693520759037304
05/18/2025,13,12544.583333333334,0.5797545185305003,19345.2849438,0.440438128796694
05/18/2025,14,12654.0,0.5848112673452647,19592.8452828,0.44607438656132203
05/18/2025,15,12990.833333333334,0.6003781970553007,18906.840505,0.43045597300176064
05/18/2025,16,12922.833333333334,0.597235541280093,18952.264,0.43149013916676293
05/18/2025,17,12831.333333333334,0.5930068206413945,19719.632761,0.44896098346674296
05/18/2025,18,13128.916666666666,0.6067597909517702,21525.2565147,0.4900699952854273
05/18/2025,19,9446.416666666666,0.4365711160664425,23499.702653,0.535022621472586
05/18/2025,20,1438.3333333333333,0.0664733317157899,24819.906897,0.5650799862798782
05/18/2025,21,0.3333333333333333,1.54051753686651e-05,25511.311517,0.5808213391707171
05/18/2025,22,0.0,0.0,25327.105562,0.5766274838530465
05/18/2025,23,0.0,0.0,23963.794959,0.5455887075983472
05/18/2025,24,0.0,0.0,22300.020092,0.5077091989072487
05/19/2025,1,0.0,0.0,21547.178555,0.4905690989397382
05/19/2025,2,0.0,0.0,20931.946489,0.47656198244019
05/19/2025,3,0.0,0.0,20122.748819,0.4581388106628382
05/19/2025,4,0.0,0.0,19881.180232,0.45263896836310297
05/19/2025,5,0.0,0.0,20487.329278,0.4664392898557933
05/19/2025,6,13.916666666666666,0.0006431660716417,21644.9509,0.4927951022684546
05/19/2025,7,3465.833333333333,0.1601753108956954,23021.940237,0.5241453051071908
05/19/2025,8,13325.75,0.615856547006967,25727.715094,0.5857482444499975
05/19/2025,9,17627.333333333332,0.814656483845748,26836.7059329999,0.610996869704201
05/19/2025,10,19049.0,0.8803595567931046,26679.5697218,0.6074193168778588
05/19/2025,11,19349.5,0.8942473223879562,26060.4504206,0.5933236988854323
05/19/2025,12,19716.916666666668,0.9112276769380674,25564.3783124,0.5820295219467844
05/19/2025,13,19149.25,0.8849926632852306,24821.8339392,0.5651238596507355
05/19/2025,14,18992.0,0.8777252718050629,24774.8030208,0.5640530969426202
05/19/2025,15,18430.08333333333,0.8517559974273357,25222.0264375,0.5742351255546382
05/19/2025,16,17573.166666666668,0.81215314284834,25670.1334104,0.5844372702745628
05/19/2025,17,16951.25,0.783410936904253,26342.656152,0.5997487355098401
05/19/2025,18,16415.583333333332,0.7586548200868081,28154.6377231999,0.6410024970828455
05/19/2025,19,10830.5,0.5005372554909822,29168.396306,0.6640829497387348
05/19/2025,20,1875.4166666666667,0.086673367917952,29488.5500929999,0.6713719576434027
05/19/2025,21,51.41666666666666,0.0023762483006165,29657.373019,0.6752155843380458
05/19/2025,22,42.833333333333336,0.0019795650348734,28982.964307,0.6598611808221304
05/19/2025,23,47.333333333333336,0.0021875349023504,27067.7250299999,0.6162565295693606
05/19/2025,24,47.0,0.0021721297269817,25347.749472,0.5770974880487905
05/20/2025,1,47.75,0.0022067913715612,24481.94353,0.5573855039605048
05/20/2025,2,47.583333333333336,0.0021990887838769,23521.228491,0.5355127047066682
05/20/2025,3,47.083333333333336,0.0021759810208239,22558.545693,0.5135951050741141
05/20/2025,4,48.41666666666666,0.0022376017222986,22214.650429,0.5057655700210909
05/20/2025,5,48.0,0.0022183452530877,22252.969384,0.5066379856451912
05/20/2025,6,78.08333333333333,0.0036086623301098,23288.530197,0.5302148142139056
05/20/2025,7,3654.25,0.1688830862728333,24280.069916,0.552789405373077
05/20/2025,8,13463.833333333334,0.6222381409034365,27526.14081,0.6266933770461837
05/20/2025,9,18569.33333333333,0.8581915094375955,28215.765029,0.6423941951768871
05/20/2025,10,20161.5,0.9317743295860244,27969.5929947,0.6367895452343224
05/20/2025,11,20881.83333333333,0.9650649135577096,28003.3882403,0.637558968624959
05/20/2025,12,20852.75,0.9637208120067936,26860.0829418,0.6115290989291874
05/20/2025,13,20381.08333333333,0.9419224888601324,26366.4342468,0.6002900963432672
05/20/2025,14,20733.75,0.9582211644001802,26263.252895,0.5979409450309177
05/20/2025,15,20879.25,0.9649455234486024,26354.71808,0.6000233519351568
05/20/2025,16,20701.0,0.9567076059202088,27078.705208,0.6165065175672768
05/20/2025,17,19448.25,0.8988111055909233,28419.1157935999,0.6470239243594734
05/20/2025,18,17894.666666666668,0.8270114344914175,30062.4859582,0.6844388749440475
05/20/2025,19,10623.5,0.4909706415870412,30740.558941,0.6998767036759391
05/20/2025,20,1790.75,0.0827604533743111,31159.829781,0.7094223301562459
05/20/2025,21,60.25,0.0027844854478862,31149.230776,0.7091810204033595
05/20/2025,22,47.583333333333336,0.0021990887838769,30448.259101,0.6932218523800716
05/20/2025,23,52.75,0.0024378690020912,28470.292298,0.6481890704869053
05/20/2025,24,52.333333333333336,0.0024186125328804,26340.1643659999,0.5996920044993415
05/21/2025,1,53.16666666666666,0.002457125471302,25327.399115,0.5766341672352969
05/21/2025,2,17.666666666666668,0.0008164742945392,24190.200686,0.550743333908501
05/21/2025,3,0.0,0.0,23234.045719,0.528974354763011
05/21/2025,4,0.0,0.0,22469.981759,0.5115787515552513
05/21/2025,5,0.0,0.0,22500.0712849999,0.5122638060564528
05/21/2025,6,20.08333333333333,0.000928161815962,23330.003285,0.5311590406405106
05/21/2025,7,3584.583333333333,0.1656634046207823,24234.519983,0.5517523605678122
05/21/2025,8,13465.083333333334,0.622295910311069,26642.794083,0.606582038254906
05/21/2025,9,18637.416666666668,0.8613380165066454,27774.210311,0.6323412270080414
05/21/2025,10,20439.83333333333,0.9446376510188598,27981.7116026,0.6370654521027197
05/21/2025,11,21174.5,0.9785906575313976,27128.907638,0.6176494867401002
05/21/2025,12,21432.75,0.9905258171482708,26800.4075539999,0.6101704569544505
05/21/2025,13,21340.75,0.9862739887465194,27136.1776059999,0.6178150036147075
05/21/2025,14,21242.0,0.9817102055435524,27643.322761,0.6293612829145708
05/21/2025,15,21129.166666666668,0.9764955536812592,28053.1232749999,0.6386912965117024
05/21/2025,16,20699.83333333333,0.9566536878064184,28439.917954,0.6474975314750142
05/21/2025,17,19875.0,0.9185335813566567,30313.129801,0.6901453354814833
05/21/2025,18,17824.5,0.8237686450763134,31387.5289959999,0.714606405576917
05/21/2025,19,10498.25,0.4851821469422652,31924.1014822,0.7268226630511447
05/21/2025,20,1727.0833333333333,0.079818064878896,32020.969627,0.7290280802657095
05/21/2025,21,3.333333333333333,0.0001540517536866,31846.487573,0.7250556110260155
05/21/2025,22,0.0,0.0,30957.25235,0.7048102076206884
05/21/2025,23,0.0,0.0,28836.264408,0.6565212336878323
05/21/2025,24,0.0,0.0,26692.234911,0.6077076678764773
05/22/2025,1,0.0,0.0,25435.873892,0.5791038350609358
05/22/2025,2,0.0,0.0,23990.4456799999,0.5461954701103691
05/22/2025,3,0.0,0.0,23145.499408,0.5269584024706573
05/22/2025,4,0.0,0.0,22575.071334,0.5139713477823684
05/22/2025,5,0.0,0.0,22559.760623,0.5136227656382967
05/22/2025,6,30.916666666666668,0.0014288300154436,23465.206672,0.5342372442932483
05/22/2025,7,3703.8333333333335,0.1711746061089223,24368.7407189999,0.554808192000704
05/22/2025,8,12761.083333333334,0.5897601799324483,26168.7470637999,0.5957893111017679
05/22/2025,9,17138.416666666668,0.7920609428737585,27031.341812,0.6154281852724411
05/22/2025,10,19364.666666666668,0.8949482578672305,27389.749189,0.6235881206226518
05/22/2025,11,20869.25,0.9644833681875428,27357.491082,0.6228536935864578
05/22/2025,12,21247.08333333333,0.9819451344679244,27023.6852799999,0.6152538674147827
05/22/2025,13,21446.5,0.9911612806322284,27293.406126,0.6213946580547168
05/22/2025,14,21332.08333333333,0.985873454186934,27308.352667,0.621734949064601
05/22/2025,15,21008.5,0.9709188801978024,26887.447814,0.6121521206702236
05/22/2025,16,20220.416666666668,0.934497194332436,28150.323887,0.6409042830762108
05/22/2025,17,19267.08333333333,0.8904383927780537,28872.05766,0.657336146106038
05/22/2025,18,16725.166666666668,0.772962376710456,30135.236866,0.6860952100041295
05/22/2025,19,10252.083333333334,0.4738054249325061,29998.8402251,0.6829898392914897
05/22/2025,20,1791.75,0.0828066689004171,30080.481887,0.6848485920006666
05/22/2025,21,4.0,0.0001848621044239,30101.318988,0.6853229946161178
05/22/2025,22,0.0,0.0,29723.509891,0.6767213362684398
05/22/2025,23,0.0,0.0,27814.584155,0.6332604267177045
05/22/2025,24,0.0,0.0,26375.647999,0.600499867757333
05/23/2025,1,0.0,0.0,24879.529948,0.5664374366917939
05/23/2025,2,0.0,0.0,23554.313174,0.5362659505706958
05/23/2025,3,0.0,0.0,22764.120833,0.5182754770744106
05/23/2025,4,0.0,0.0,22263.679675,0.5068818290696026
05/23/2025,5,0.0,0.0,22395.570559,0.5098846162770827
05/23/2025,6,28.916666666666668,0.0013363989632316,23159.955492,0.5272875271439399
05/23/2025,7,3965.1666666666665,0.1832522635979557,24332.59972,0.5539853623541724
05/23/2025,8,13599.833333333334,0.6285234524538519,26067.763546,0.5934901983335504
05/23/2025,9,18003.416666666668,0.8320373729554444,26330.474865,0.5994714016133272
05/23/2025,10,19204.83333333333,0.8875614762779556,25519.6384899999,0.581010921098162
05/23/2025,11,20522.166666666668,0.94844272933492,26820.697102,0.6106323933167865
05/23/2025,12,20437.08333333333,0.9445105583220682,25027.065083,0.569796399817948
05/23/2025,13,20279.5,0.937227761666532,25087.128449,0.5711638749731149
05/23/2025,14,19993.58333333333,0.9240139724940594,24588.301209,0.5598069713753299
05/23/2025,15,19542.75,0.9031784728079398,24464.968477,0.5569990293957069
05/23/2025,16,19308.75,0.8923640396991369,24662.11699,0.5614875506251964
05/23/2025,17,18374.166666666668,0.8491717792592421,25534.291875,0.5813445377643797
05/23/2025,18,15929.416666666666,0.7361863718116101,26499.293148,0.6033149225998207
05/23/2025,19,9139.666666666666,0.4223945034334284,27261.1604953,0.6206605150690416
05/23/2025,20,1544.0,0.0713567723076567,27836.849422,0.6337673446857327
05/23/2025,21,5.083333333333333,0.0002349289243721,28156.240863,0.6410389961003481
05/23/2025,22,0.0,0.0,27952.695958,0.6364048468828648
05/23/2025,23,0.0,0.0,26666.954344,0.6071320999457518
05/23/2025,24,0.0,0.0,25190.943226,0.5735274476088326
05/24/2025,1,0.0,0.0,24100.59515,0.5487032660201078
05/24/2025,2,0.0,0.0,23084.2520679999,0.5255639715330006
05/24/2025,3,0.0,0.0,22173.01307,0.5048176036024379
05/24/2025,4,0.0,0.0,21611.117146,0.4920248021490602
05/24/2025,5,0.0,0.0,21377.760575,0.4867119245268263
05/24/2025,6,10.25,0.0004737091425864,21574.725489,0.491196265719669
05/24/2025,7,2878.1666666666665,0.1330159867207388,21666.330369,0.493281853089049
05/24/2025,8,11845.583333333334,0.5474498657824096,22207.9124950999,0.5056121660775699
05/24/2025,9,16191.25,0.7482871370636965,23492.39093,0.5348561539532005
05/24/2025,10,16634.0,0.7687490612471259,22881.851751,0.5209558813887474
05/24/2025,11,17454.083333333332,0.8066496439478842,22704.96643,0.516928696469054
05/24/2025,12,17483.5,0.808009150674169,22017.593427,0.5012791322415852
05/24/2025,13,16943.333333333332,0.7830450639892471,21466.711086,0.4887370793247093
05/24/2025,14,17110.5,0.7907707594366328,21793.759397,0.4961830562922972
05/24/2025,15,16700.25,0.7718108398516481,21134.607323,0.4811760038292078
05/24/2025,16,16871.5,0.7797252486972999,21611.955256,0.49204388357387246
05/24/2025,17,16812.916666666668,0.7770177891262571,22347.577385,0.5087919456954406
05/24/2025,18,16056.916666666666,0.7420788513901245,23518.532023,0.5354513136584759
05/24/2025,19,10122.75,0.467828216889464,24364.395346,0.5547092599891797
05/24/2025,20,1792.4166666666667,0.0828374792511544,25556.798641,0.581856953990406
05/24/2025,21,1.25,5.776940763249413e-05,26112.944624,0.5945188453402577
05/24/2025,22,0.0,0.0,25988.521948,0.5916860883787285
05/24/2025,23,0.0,0.0,24803.389598,0.5647039334956743
05/24/2025,24,0.0,0.0,23490.695475,0.5348175531763275
05/25/2025,1,0.0,0.0,22851.375732,0.520262027520969
05/25/2025,2,0.0,0.0,21824.598051,0.4968851663465987
05/25/2025,3,0.0,0.0,21109.8142339999,0.48061153441156845
05/25/2025,4,0.0,0.0,20595.486133,0.4689017194850866
05/25/2025,5,0.0,0.0,20459.955124,0.46581605679408455
05/25/2025,6,22.25,0.0010282954558583,20387.379441,0.464163711113495
05/25/2025,7,3583.75,0.1656248916823607,20337.1366859999,0.4630198238530012
05/25/2025,8,12370.833333333334,0.5717245708695836,22187.604476,0.5051498091798601
05/25/2025,9,15875.75,0.733706138577255,22784.506045,0.5187395914389437
05/25/2025,10,17395.25,0.8039306304953149,22475.955477,0.5117147564363127
05/25/2025,11,17749.25,0.8202909267368372,21128.344116,0.48103340809182993
05/25/2025,12,17376.5,0.8030640893808275,19872.345768,0.45243783228243084
05/25/2025,13,17306.916666666668,0.7998482590226187,19702.135859,0.4485626278571458
05/25/2025,14,16644.083333333332,0.7692150678020281,19737.255627,0.44936220692494594
05/25/2025,15,16190.416666666666,0.7482486241252748,19750.018858,0.4496527900616313
05/25/2025,16,16744.25,0.7738443230003119,20164.396665,0.45908701584120293
05/25/2025,17,16940.25,0.7829025661170871,21649.550094,0.4928998130755178
05/25/2025,18,15853.583333333334,0.7326816944152388,22966.584001,0.5228849981604646
05/25/2025,19,10397.083333333334,0.4805066762178754,24405.2341511,0.5556390455649823
05/25/2025,20,1843.25,0.0851867684948758,24940.342667,0.5678219725226804
05/25/2025,21,3.75,0.0001733082228974,25509.183161,0.5807728824466742
05/25/2025,22,0.0,0.0,25272.584611,0.5753861940137696
05/25/2025,23,0.0,0.0,24104.906949,0.5488014336453882
05/25/2025,24,0.0,0.0,22692.076515,0.516635229091373
05/26/2025,1,0.0,0.0,22166.388924,0.504666790291722
05/26/2025,2,0.0,0.0,21226.885292,0.4832769155559459
05/26/2025,3,0.0,0.0,20411.996613,0.46472417539217814
05/26/2025,4,0.0,0.0,20010.442022,0.45558189844027186
05/26/2025,5,0.0,0.0,19852.846288,0.4519938835626959
05/26/2025,6,42.0,0.0019410520964518,20070.929758,0.4569590353155561
05/26/2025,7,3673.25,0.1697611812688472,20773.708128,0.4729593367399501
05/26/2025,8,11747.916666666666,0.5429361493993907,23588.755598,0.5370501084066673
05/26/2025,9,15222.583333333334,0.7035196974423558,24189.454068,0.5507263355010957
05/26/2025,10,16785.916666666668,0.7757699699213951,24023.206142,0.5469413343674092
05/26/2025,11,17830.5,0.8240459382329494,23101.803555,0.5259635698906562
05/26/2025,12,17612.0,0.8139478457787894,21390.22702,0.48699575067487727
05/26/2025,13,17098.666666666668,0.7902238757110451,20645.3083339999,0.4700360319051247
05/26/2025,14,17175.25,0.793763214751996,21036.533729,0.4789431419018072
05/26/2025,15,16875.416666666668,0.7799062595078817,21210.42259,0.4829021057930045
05/26/2025,16,16790.75,0.7759933449642408,21661.471387,0.49317122763451815
05/26/2025,17,16768.166666666668,0.7749496443330137,22974.339625,0.5230615720663097
05/26/2025,18,15393.333333333334,0.7114109985249545,24432.984497,0.5562708434659781
05/26/2025,19,9219.5,0.4260840429342237,25276.179869,0.575468048000964
05/26/2025,20,1727.1666666666667,0.0798219161727382,26482.954158,0.6029429294137325
05/26/2025,21,96.08333333333331,0.0044405418000177,27210.970253,0.6195178233761209
05/26/2025,22,95.0,0.0043904749800695,26905.770344,0.6125692735243411
05/26/2025,23,80.33333333333333,0.0037126472638482,25448.626982,0.5793941873153634
05/26/2025,24,0.0,0.0,23619.416132,0.5377481631658553
05/27/2025,1,0.0,0.0,22839.774766,0.5199979059134496
05/27/2025,2,0.0,0.0,21674.464964,0.49346705510652905
05/27/2025,3,0.0,0.0,21108.382375,0.48057893497969406
05/27/2025,4,0.0,0.0,20939.4525599999,0.4767328747209403
05/27/2025,5,0.0,0.0,20958.377758,0.4771637486428539
05/27/2025,6,36.583333333333336,0.0016907179967109,21735.525615,0.49485723565686346
05/27/2025,7,3391.4166666666665,0.1567361054946409,22998.960291,0.523622115893618
05/27/2025,8,12353.583333333334,0.5709273530442552,25182.158098,0.5733274347711411
05/27/2025,9,17585.75,0.812734688218507,26324.6443226999,0.5993386564432257
05/27/2025,10,18985.5,0.8774248708853739,26199.200446,0.5964826495928115
05/27/2025,11,20065.83333333333,0.9273530442552176,25076.412337,0.5709198990207851
05/27/2025,12,20554.08333333333,0.9499177748764696,24003.307978,0.5464883087260652
05/27/2025,13,20884.83333333333,0.9652035601360276,23990.081061,0.5461871687537074
05/27/2025,14,20645.666666666668,0.9541503468090106,23578.854127,0.5368246795555418
05/27/2025,15,20262.666666666668,0.9364498003104144,23709.815812,0.5398063114959878
05/27/2025,16,19891.5,0.9192961375374056,24242.436191,0.5519325905230088
05/27/2025,17,19402.58333333333,0.8967005965654161,25966.061202,0.5911747198996207
05/27/2025,18,16965.0,0.7840464003882104,27391.158178,0.6236201993684785
05/27/2025,19,10533.5,0.4868112442375016,28691.9050373,0.6532345738484924
05/27/2025,20,2054.083333333333,0.0949305419155565,29282.780915,0.6666871679395759
05/27/2025,21,85.08333333333333,0.0039321710128517,29669.648661,0.6754950664344825
05/27/2025,22,34.666666666666664,0.0016021382383411,29121.656978,0.6630188257299472
05/27/2025,23,31.916666666666668,0.0014750455415496,27255.143411,0.6205235228584022
05/27/2025,24,33.25,0.0015366662430243,25448.164287,0.5793836530419941
05/28/2025,1,35.166666666666664,0.0016252460013941,24537.484459,0.5586500158512034
05/28/2025,2,34.166666666666664,0.0015790304752881,23305.29859,0.5305965837074696
05/28/2025,3,34.833333333333336,0.0016098408260255,22529.238858,0.5129278702618149
05/28/2025,4,35.583333333333336,0.0016445024706049,22071.01648,0.5024954260085822
05/28/2025,5,30.83333333333333,0.0014249787216015,22239.594646,0.5063334802013594
05/28/2025,6,81.41666666666667,0.0037627140837964,23061.706734,0.5250506772212931
05/28/2025,7,3782.4166666666665,0.174806376202085,24440.9930199999,0.5564531751759916
05/28/2025,8,13210.583333333334,0.6105340589170932,26764.3144069999,0.6093487167643604
05/28/2025,9,18331.916666666668,0.847219173281264,28375.6933705,0.646035317014919
05/28/2025,10,19840.5,0.916939145706,28066.991798,0.6390070440614067
05/28/2025,11,20112.916666666668,0.9295290252760416,27321.773343,0.6220405003884404
05/28/2025,12,20591.25,0.951635451930076,26579.120721,0.6051323735694312
05/28/2025,13,19111.916666666668,0.8832672836439402,25860.8304809999,0.5887789101721415
05/28/2025,14,18425.33333333333,0.8515364736783322,25839.45326,0.5882922105322332
05/28/2025,15,18243.666666666668,0.8431406531024098,24652.215637,0.5612621244606016
05/28/2025,16,17804.75,0.82285588843572,24993.41372,0.5690302522324131
05/28/2025,17,16753.666666666668,0.7742795192044768,25865.8494569999,0.5888931782433711
05/28/2025,18,13588.083333333334,0.6279804200221064,27092.274609,0.6168154549441464
05/28/2025,19,8305.416666666666,0.3838392007795018,27768.3331658,0.6322074208200181
05/28/2025,20,2088.9166666666665,0.096540382741582,28345.19107687,0.6453408649471706
05/28/2025,21,218.75,0.0101096463356864,28806.718261,0.6558485504094193
05/28/2025,22,0.0,0.0,28367.242486,0.6458429139685606
05/28/2025,23,0.0,0.0,26811.948404,0.6104332098884876
05/28/2025,24,0.0,0.0,25159.683686,0.5728157551553669
05/29/2025,1,0.0,0.0,24331.995574,0.5539716076364449
05/29/2025,2,0.0,0.0,23377.930202,0.5322502027352431
05/29/2025,3,0.0,0.0,22429.297916,0.5106524940338328
05/29/2025,4,0.0,0.0,22002.554269,0.500936732601185
05/29/2025,5,0.0,0.0,22095.710912,0.5030576492817661
05/29/2025,6,8.0,0.0003697242088479,23010.793358,0.5238915217929132
05/29/2025,7,2490.833333333333,0.1151151729423499,24361.4036629999,0.5546411477196347
05/29/2025,8,10413.25,0.4812538272232556,26932.898265,0.6131869005480884
05/29/2025,9,15957.333333333334,0.7374765552487358,27524.117209,0.6266473053010292
05/29/2025,10,18881.25,0.872606902288824,27213.1287905,0.6195669672486562
05/29/2025,11,19946.08333333333,0.9218187350040246,26900.6561165,0.6124528368423855
05/29/2025,12,20137.416666666668,0.9306613056656384,26374.149668,0.6004657549435969
05/29/2025,13,19865.5,0.9180945338586498,26088.605571,0.5939647130547346
05/29/2025,14,19597.5,0.905708772862243,25542.966133,0.5815420264017049
05/29/2025,15,18989.666666666668,0.8776174355774823,26707.0877879999,0.6080458264185762
05/29/2025,16,18964.916666666668,0.8764736013063589,26689.5951389999,0.6076475676379153
05/29/2025,17,17482.5,0.8079629351480629,27938.513109,0.6360819430076977
05/29/2025,18,14572.0,0.6734526464165637,28952.9216099,0.6591771924842398
05/29/2025,19,8698.333333333334,0.4019980512453159,29813.221567,0.6787638206683048
05/29/2025,20,2031.0833333333333,0.0938675848151186,30405.942512,0.6922584217906353
05/29/2025,21,49.833333333333336,0.0023030737176154,30791.643364,0.7010397533669693
05/29/2025,22,0.0,0.0,30134.613746,0.6860810233013949
05/29/2025,23,0.0,0.0,28393.883323,0.6464494514494995
05/29/2025,24,0.0,0.0,26330.935192,0.5994818819739476
05/30/2025,1,0.0,0.0,25493.659243,0.5804194461744571
05/30/2025,2,0.0,0.0,24126.855585,0.5493011428095367
05/30/2025,3,0.0,0.0,23042.538245,0.5246142642425468
05/30/2025,4,0.0,0.0,22607.811197,0.5147167430576859
05/30/2025,5,0.0,0.0,22928.317855,0.5220137848498588
05/30/2025,6,31.83333333333333,0.0014711942477075,24027.308367,0.5470347305778116
05/30/2025,7,3753.1666666666665,0.1734545720634847,25525.3132769999,0.5811401201549276
05/30/2025,8,12976.25,0.5997042206329216,28400.222977,0.646593787671638
05/30/2025,9,18185.5,0.8404524500005777,29554.506146,0.6728735928299907
05/30/2025,10,19907.666666666668,0.920043288542786,29655.1584896,0.6751651656862692
05/30/2025,11,20679.916666666668,0.9557332285781408,28977.334935,0.6597330157381224
05/30/2025,12,20407.416666666668,0.9431394977142572,28281.974355,0.6439015966825794
05/30/2025,13,20670.166666666668,0.9552826271986076,28823.36329,0.6562275112491186
05/30/2025,14,20181.25,0.9326870862266178,29635.518383,0.6747180152914622
05/30/2025,15,20025.58333333333,0.9254928693294512,30485.62397,0.6940725461296289
05/30/2025,16,19980.58333333333,0.9234131706546814,32468.501265,0.7392171262162172
05/30/2025,17,18491.416666666668,0.8545905496951701,34224.606517,0.7791987400000354
05/30/2025,18,16142.25,0.7460225762845027,35511.8208225,0.8085050160110514
05/30/2025,19,10017.416666666666,0.4629601814729658,36265.244349,0.8256583662546424
05/30/2025,20,2068.583333333333,0.0956006670440934,35661.801448,0.8119196561284175
05/30/2025,21,6.75,0.0003119548012154,34732.446706,0.7907608432836372
05/30/2025,22,0.0,0.0,33655.909833,0.7662511042282438
05/30/2025,23,0.0,0.0,31641.610996,0.7203911433549373
05/30/2025,24,0.0,0.0,29243.6338889999,0.6657958994506635
05/31/2025,1,0.0,0.0,27860.090007,0.6342964679216674
05/31/2025,2,0.0,0.0,26331.845143,0.5995025990177596
05/31/2025,3,0.0,0.0,25032.720773,0.5699251640893398
05/31/2025,4,0.0,0.0,24622.955588,0.5605959548349022
05/31/2025,5,0.0,0.0,24007.4731149999,0.5465831372670635
05/31/2025,6,14.25,0.0006585712470104,23665.944037,0.5388074736631968
05/31/2025,7,2653.75,0.122644452403785,23741.8597549999,0.540535862615816
05/31/2025,8,10287.5,0.4754422248154267,25710.195182,0.585349364966941
05/31/2025,9,15461.833333333334,0.7145767620632152,27275.993661,0.6209982248398731
05/31/2025,10,16736.5,0.7734861526729905,27969.319075,0.6367833088474996
05/31/2025,11,18028.83333333333,0.833212017577305,28451.6530554,0.6477647069711039
05/31/2025,12,18082.416666666668,0.835688399517818,28836.392948,0.6565241601847663
05/31/2025,13,18539.83333333333,0.8568281514174686,28838.092186977,0.6565628471122312
05/31/2025,14,18635.08333333333,0.8612301802790647,30017.5281897,0.683415312071206
05/31/2025,15,17962.75,0.8301579415604673,30542.374806,0.6953646042248237
05/31/2025,16,15600.333333333334,0.7209776124288955,30991.7823346,0.7055963589670647
05/31/2025,17,14262.416666666666,0.6591450897929159,32138.7949767,0.7317106345262151
05/31/2025,18,11471.166666666666,0.5301460025495565,33191.957727,0.7556882100650636
05/31/2025,19,6362.416666666667,0.294042433555553,34232.130934,0.7793700499679885
05/31/2025,20,1172.25,0.054176150477753,34292.231678,0.7807383761158612
05/31/2025,21,1.5833333333333333,7.317458300115923e-05,33673.07711,0.7666419551968587
05/31/2025,22,0.0,0.0,32577.764706,0.7417047497192947
05/31/2025,23,0.0,0.0,30434.349577,0.6929051713520686
05/31/2025,24,0.0,0.0,28397.977075,0.6465426547533473
06/01/2025,1,0.0,0.0,26955.16256,0.6136937963863904
06/01/2025,2,0.0,0.0,25565.4296899999,0.5820534588794325
06/01/2025,3,0.0,0.0,24384.63288,0.5551700121379495
06/01/2025,4,0.0,0.0,23227.175321,0.5288179349817569
06/01/2025,5,0.0,0.0,22638.169377,0.5154079140604246
06/01/2025,6,3.5,0.0001617543413709,22368.1752639999,0.5092609018938244
06/01/2025,7,1291.5833333333333,0.0596912032597351,22402.297689,0.5100377742459614
06/01/2025,8,5185.0,0.2396275028595856,23154.631341,0.5271663110899669
06/01/2025,9,9568.583333333334,0.4422171128390583,24539.337815,0.5586922115930085
06/01/2025,10,11922.666666666666,0.5510123125864134,25289.288282,0.5757664899680887
06/01/2025,11,13331.166666666666,0.6161068811067077,25314.01053,0.576329346533934
06/01/2025,12,14935.25,0.6902404362745664,26245.3972274,0.5975344213302326
06/01/2025,13,14866.166666666666,0.6870477136794105,26103.5617455,0.5943052233925183
06/01/2025,14,14585.5,0.6740765560189946,25931.5710881,0.5903894762977698
06/01/2025,15,15124.583333333334,0.6989905758839683,26703.0915523,0.6079548432886297
06/01/2025,16,14534.416666666666,0.6717157128937467,26669.8794003,0.6071986953113481
06/01/2025,17,13304.5,0.6148744670772146,27595.9335822,0.6282823636173612
06/01/2025,18,11713.833333333334,0.5413609702179447,28888.672708,0.6577144243620702
06/01/2025,19,7247.166666666667,0.3349316202778323,29975.190741,0.682451406564638
06/01/2025,20,1675.6666666666667,0.0774418165782794,29973.291802,0.6824081730251844
06/01/2025,21,10.916666666666666,0.0005045194933237,29938.175236,0.6816086668579846
06/01/2025,22,0.0,0.0,29090.237817,0.6623034991519514
06/01/2025,23,0.0,0.0,27179.998836,0.6188126906789655
06/01/2025,24,0.0,0.0,25319.963083,0.576464869547035
06/02/2025,1,0.0,0.0,24042.48578,0.5473802778985729
06/02/2025,2,0.0,0.0,23087.401589,0.5256356773331436
06/02/2025,3,0.0,0.0,22165.8330829999,0.5046541353439813
06/02/2025,4,0.0,0.0,21957.512806,0.49991126423824184
06/02/2025,5,0.0,0.0,21871.069282,0.4979431865351862
06/02/2025,6,23.0,0.0010629571004378,22747.933572,0.517906938334046
06/02/2025,7,3398.6666666666665,0.1570711680589094,24082.310472,0.5482869749503527
06/02/2025,8,12169.0,0.562396737183857,25828.792582,0.5880494966573193
06/02/2025,9,16893.75,0.7807535441531582,26161.5390144,0.5956252039408144
06/02/2025,10,18579.5,0.8586613672863398,26901.54165291,0.6124729980341455
06/02/2025,11,19279.0,0.8909891277974835,27221.6467211,0.6197608967475282
06/02/2025,12,19154.166666666668,0.8852198896219186,27686.9501308,0.6303545563233035
06/02/2025,13,19717.25,0.911243082113436,28555.6870323,0.6501332701765686
06/02/2025,14,19828.0,0.916361451629675,28250.4810605,0.6431845822917591
06/02/2025,15,19143.166666666668,0.8847115188347526,29191.2550777,0.6646033801517987
06/02/2025,16,18855.58333333333,0.8714207037854367,29175.8911692,0.6642535868491721
06/02/2025,17,17723.166666666668,0.8190854717642393,29423.4934578,0.6698907996890746
06/02/2025,18,15563.5,0.719275340550658,30222.2361538,0.6880759408972952
06/02/2025,19,9770.25,0.4515372439371006,31074.375843,0.7074767825636223
06/02/2025,20,1934.25,0.0893923813705214,30980.435005,0.7053380119522555
06/02/2025,21,40.25,0.0018601749257663,30887.079563,0.7032125691734639
06/02/2025,22,0.0,0.0,30162.373448,0.6867130342146666
06/02/2025,23,0.0,0.0,28313.55918,0.6446206949673442
06/02/2025,24,0.0,0.0,26757.696333,0.6091980416961347
06/03/2025,1,0.0,0.0,25216.991446,0.5741204928551866
06/03/2025,2,0.0,0.0,24291.203801,0.5530428928502521
06/03/2025,3,0.0,0.0,23465.547814,0.5342450111441668
06/03/2025,4,0.0,0.0,23020.932907,0.5241223710154176
06/03/2025,5,0.0,0.0,23009.942875,0.5238721586694347
06/03/2025,6,35.583333333333336,0.0016445024706049,23658.0956339999,0.5386287874385458
06/03/2025,7,2798.0,0.1293110420445749,24845.122311,0.5656540708586919
06/03/2025,8,9386.833333333334,0.4338174409692936,26795.010319,0.6100475769818402
06/03/2025,9,14524.916666666666,0.6712766653957397,28439.771287,0.6474941922768983
06/03/2025,10,16661.75,0.7700315420965673,29335.5904229999,0.667889492999854
06/03/2025,11,17388.166666666668,0.8036032705187308,29590.307998,0.6736887010461863
06/03/2025,12,18593.166666666668,0.8592929794764552,28761.2106644,0.6548124694857851
06/03/2025,13,18103.916666666668,0.836682033329097,27045.4890388,0.6157502781295666
06/03/2025,14,17069.75,0.7888874767478135,26197.5944741,0.5964460860963011
06/03/2025,15,14883.75,0.6878603366801077,26926.21083,0.6130346463235368
06/03/2025,16,14415.083333333334,0.6662006601117646,27583.2837583,0.6279943624437259
06/03/2025,17,14095.75,0.6514425021085833,28383.6212166,0.6462158119371606
06/03/2025,18,13386.083333333334,0.6186448837486954,29281.3189839,0.6666538838499394
06/03/2025,19,8056.25,0.3723238321914247,29040.720337,0.661176124378342
06/03/2025,20,1789.0,0.0826795762036256,29094.721974,0.6624055908876921
06/03/2025,21,2.9166666666666665,0.0001347952844758,29453.1462279999,0.6705659104800722
06/03/2025,22,0.0,0.0,29184.4264349999,0.6644479110221482
06/03/2025,23,0.0,0.0,27514.244242,0.6264225254064045
06/03/2025,24,0.0,0.0,26029.813712,0.5926261865640851
06/04/2025,1,0.0,0.0,25049.037327,0.5702966464703462
06/04/2025,2,0.0,0.0,24065.440387,0.5479028902138587
06/04/2025,3,0.0,0.0,23172.0812999999,0.5275635979385103
06/04/2025,4,0.0,0.0,22708.987284,0.517020240088963
06/04/2025,5,0.0,0.0,22737.738185,0.5176748178361735
06/04/2025,6,15.166666666666666,0.0007009354792742,23408.78797,0.532952747961961
06/04/2025,7,2706.0,0.1250592136428233,24661.665524,0.5614772720048075
06/04/2025,8,10359.833333333334,0.4787851478704271,27805.7213649999,0.6330586457330923
06/04/2025,9,15680.583333333334,0.7246864083989016,29281.75929,0.6666639083905624
06/04/2025,10,18716.33333333333,0.8649851917751769,30261.286035,0.6889649976703243
06/04/2025,11,20312.916666666668,0.9387721304972406,30065.6949269,0.6845119342023475
06/04/2025,12,20923.666666666668,0.9669982630664772,29452.4312170399,0.6705496316767252
06/04/2025,13,20994.916666666668,0.9702911193015294,28516.437091,0.6492396585936029
06/04/2025,14,20684.416666666668,0.955941198445618,27919.8832019999,0.6356577920374422
06/04/2025,15,20350.5,0.9405090640200576,27302.362177,0.6215985623319248
06/04/2025,16,19123.75,0.8838141673695278,27201.018969,0.6192912604220566
06/04/2025,17,18125.08333333333,0.8376602619650071,28228.5922809999,0.6426862358930023
06/04/2025,18,15460.75,0.714526695243267,29584.925357,0.6735661533382092
06/04/2025,19,9350.083333333334,0.4321190203848983,30184.453696,0.6872157398166125
06/04/2025,20,2278.4166666666665,0.1052982249386681,30319.75081,0.6902960773714673
06/04/2025,21,201.91666666666663,0.0093316849795688,30555.42462,0.6956617120563187
06/04/2025,22,8.583333333333334,0.0003966832657431,29717.603594,0.6765868663753182
06/04/2025,23,0.0,0.0,28089.975694,0.6395303232054518
06/04/2025,24,0.0,0.0,26621.548665,0.6060983394013296
06/05/2025,1,0.0,0.0,25432.713335,0.579031878001886
06/05/2025,2,0.0,0.0,24360.102312,0.5546115195905599
06/05/2025,3,0.0,0.0,23446.954445,0.5338216920421645
06/05/2025,4,0.0,0.0,22904.595827,0.5214737005009369
06/05/2025,5,0.0,0.0,22933.643031,0.5221350242402202
06/05/2025,6,42.833333333333336,0.0019795650348734,23790.786275,0.5416497828801067
06/05/2025,7,3716.6666666666665,0.1717677053606159,25487.4404379999,0.5802778613466527
06/05/2025,8,12980.25,0.5998890827373456,29152.015871,0.6637100129657054
06/05/2025,9,18133.25,0.8380376887615394,31017.155165,0.7061740274778217
06/05/2025,10,19848.75,0.9173204237963744,31042.9832869,0.7067620617049222
06/05/2025,11,20684.5,0.95594504973946,30316.1838806,0.6902148683474053
06/05/2025,12,20638.75,0.9538306894201108,28436.839232,0.6474274375704424
06/05/2025,13,20188.83333333333,0.9330375539662548,27845.5692859999,0.63396587164435
06/05/2025,14,20078.0,0.9279153331561738,26480.822168,0.6028943899536552
06/05/2025,15,19614.916666666668,0.906513693275256,26588.868239,0.6053542973405622
06/05/2025,16,19370.08333333333,0.8951985919669713,27201.002836,0.6192908931186877
06/05/2025,17,18347.416666666668,0.8479355139359068,27773.6417039999,0.6323282814141217
06/05/2025,18,16563.5,0.7654908666566533,28885.810682,0.657649264020433
06/05/2025,19,10278.083333333334,0.475007028611262,29376.06866051,0.6688110694582897
06/05/2025,20,2331.4166666666665,0.1077476478222859,29961.6696197,0.6821435683817472
06/05/2025,21,43.583333333333336,0.0020142266794529,29894.875427,0.6806228510941632
06/05/2025,22,0.0,0.0,29491.9785839999,0.6714500148115976
06/05/2025,23,0.0,0.0,28124.4743739999,0.6403157618334819
06/05/2025,24,0.0,0.0,26334.325675,0.5995590738060955
06/06/2025,1,0.0,0.0,25223.364432,0.5742655879539066
06/06/2025,2,0.0,0.0,24186.461201,0.5506581962751785
06/06/2025,3,0.0,0.0,23165.972981,0.5274245285684687
06/06/2025,4,0.0,0.0,22632.343654,0.5152752786123317
06/06/2025,5,0.0,0.0,22736.459451,0.5176457046330428
06/06/2025,6,43.66666666666666,0.0020180779732951,23550.438414,0.5361777331032925
06/06/2025,7,3808.5833333333335,0.1760156824685253,25025.224012,0.5697544837712949
06/06/2025,8,13052.083333333334,0.603208898029293,27866.582386,0.6344442812656685
06/06/2025,9,18101.25,0.8365587919261476,29321.881881,0.6675773877708793
06/06/2025,10,19811.416666666668,0.915595044155084,30195.699257,0.6874717698445236
06/06/2025,11,20388.75,0.942276807893612,29414.0657569,0.6696761572604253
06/06/2025,12,20660.916666666668,0.9548551335821268,28217.1787000999,0.6424263805210567
06/06/2025,13,20800.416666666668,0.9613021994739132,28088.167727,0.6394891608444568
06/06/2025,14,20331.5,0.9396309690240436,27158.269151,0.618317966417806
06/06/2025,15,19694.166666666668,0.910176273719156,26395.989845,0.600962994799118
06/06/2025,16,19396.916666666668,0.8964387085841489,27231.597969,0.6199874588796963
06/06/2025,17,18699.416666666668,0.8642033791252172,28140.316474,0.640676442221521
06/06/2025,18,16578.416666666668,0.7661802482544011,28930.0620229,0.6586567435090712
06/06/2025,19,10479.75,0.4843271597093043,29695.471896,0.6760829894005137
06/06/2025,20,2331.083333333333,0.1077322426469172,29915.858381,0.681100574375223
06/06/2025,21,68.33333333333333,0.0031580609505763,29928.458106,0.6813874349367744
06/06/2025,22,15.25,0.0007047867731164,29403.652011,0.6694390653400278
06/06/2025,23,18.416666666666668,0.0008511359391187,28178.767441,0.641551863390302
06/06/2025,24,2.083333333333333,9.62823460541569e-05,26769.565294,0.6094682648015988
06/07/2025,1,0.0,0.0,25435.662532,0.5790990229838239
06/07/2025,2,0.0,0.0,24420.323817,0.5559825951292545
06/07/2025,3,0.0,0.0,23381.493107,0.5323313201349527
06/07/2025,4,0.0,0.0,22422.9788449999,0.5105086264291373
06/07/2025,5,0.0,0.0,22253.778935,0.5066564168613062
06/07/2025,6,61.0,0.0028191470924657,22292.351576,0.5075346082073702
06/07/2025,7,4022.75,0.1859135076428926,22915.83671,0.5217296240238483
06/07/2025,8,13187.25,0.6094556966412866,26219.004095,0.5969335233914785
06/07/2025,9,17809.166666666668,0.8230600070093549,27506.7580299999,0.626252085259636
06/07/2025,10,19498.666666666668,0.901141138365434,27788.2394301,0.6326606308825783
06/07/2025,11,20455.916666666668,0.945380950730398,27103.921529,0.6170806227959483
06/07/2025,12,20576.33333333333,0.950946070332328,25756.173422,0.5863961611268216
06/07/2025,13,20197.5,0.9334380885258402,25085.7558079999,0.5711326237697675
06/07/2025,14,19631.666666666668,0.9072878033375312,24215.86087,0.5513275446584782
06/07/2025,15,19320.0,0.8928839643678294,24056.643904,0.5477026188545189
06/07/2025,16,18701.33333333333,0.8642919588835869,23523.15695,0.5355566103341061
06/07/2025,17,18694.916666666668,0.8639954092577402,24562.9525,0.5592298520415074
06/07/2025,18,17131.75,0.7917528393663852,26547.410136,0.6044104120805711
06/07/2025,19,11289.833333333334,0.5217655871490028,27956.848485,0.6364993883293708
06/07/2025,20,2537.0,0.1172487897309101,28695.42129227,0.6533146291572592
06/07/2025,21,53.0,0.0024494228836177,28762.427621,0.6548401761899916
06/07/2025,22,16.833333333333332,0.0007779613561175,28353.599698,0.6455323057745875
06/07/2025,23,21.666666666666668,0.0010013363989632,27101.371777,0.6170225720614652
06/07/2025,24,22.25,0.0010282954558583,25998.243889,0.591907429832977
06/08/2025,1,23.0,0.0010629571004378,24572.219895,0.5594408447523658
06/08/2025,2,21.5,0.0009936338112788,23472.713708,0.5344081585443566
06/08/2025,3,21.75,0.0010051876928053,22366.888053,0.5092315956930726
06/08/2025,4,22.0,0.0010167415743318,21711.439113,0.4943088532525228
06/08/2025,5,22.75,0.0010514032189113,21373.3377799999,0.4866112298325091
06/08/2025,6,95.0,0.0043904749800695,21066.81119,0.4796324751582723
06/08/2025,7,4159.75,0.1922450347194139,21607.329421,0.49193856622561716
06/08/2025,8,13218.75,0.6109114857136255,24353.9008652,0.55447032996051
06/08/2025,9,16977.5,0.7846240944645354,25189.6818144,0.5734987287883881
06/08/2025,10,18581.916666666668,0.8587730548077627,24113.25057,0.5489913946013165
06/08/2025,11,19809.58333333333,0.9155103156905562,24055.95638,0.5476869658525112
06/08/2025,12,20313.666666666668,0.93880679214182,24154.556854,0.5499318233665353
06/08/2025,13,19843.5,0.917077792284318,23443.55481,0.5337442918445277
06/08/2025,14,20084.33333333333,0.9282080314881784,23400.04539,0.5327537038234413
06/08/2025,15,19688.5,0.9099143857378886,23241.592507,0.5291461740561774
06/08/2025,16,19284.416666666668,0.8912394618972245,24317.783349,0.5536480349517715
06/08/2025,17,18453.166666666668,0.8528228058216158,25282.186821,0.5756048095274205
06/08/2025,18,17088.916666666668,0.7897732743315117,27123.407109,0.6175242550514902
06/08/2025,19,10998.416666666666,0.5082976125829473,28318.629811,0.6447361390787101
06/08/2025,20,2354.583333333333,0.1088183075104081,28972.888457,0.6596317818480172
06/08/2025,21,27.166666666666668,0.0012555217925462,29141.856359,0.6634787092414249
06/08/2025,22,0.0,0.0,28537.362756,0.6497160775640756
06/08/2025,23,0.0,0.0,26746.4151629999,0.6089412009507067
06/08/2025,24,0.0,0.0,25038.293147,0.5700520314880183
06/09/2025,1,0.0,0.0,24228.937433,0.5516252614900237
06/09/2025,2,0.0,0.0,23105.043346,0.5260373308866756
06/09/2025,3,0.0,0.0,22180.630515,0.5049910315582296
06/09/2025,4,0.0,0.0,21806.574217,0.4964748139664831
06/09/2025,5,0.0,0.0,21937.841697,0.49946340800534145
06/09/2025,6,60.0,0.0027729315663597,22731.138061,0.5175245514393316
06/09/2025,7,3952.4166666666665,0.1826630156401043,24790.2193889999,0.5644040846061532
06/09/2025,8,13335.416666666666,0.6163032970926583,28547.560622,0.649948254501857
06/09/2025,9,18278.08333333333,0.8447312374592244,30428.9855977,0.6927830485188998
06/09/2025,10,19931.5,0.9211447585816456,30272.205349,0.6892135999648821
06/09/2025,11,20626.666666666668,0.9532722518129968,29280.902843,0.6666444094834545
06/09/2025,12,20919.916666666668,0.9668249548435798,27929.846068,0.6358846186813135
06/09/2025,13,20978.666666666668,0.969540117002307,27275.576209,0.6209887206233017
06/09/2025,14,20864.0,0.9642407366754862,27325.759829,0.6221312615449399
06/09/2025,15,20534.666666666668,0.949020423411245,27807.3265609999,0.633095191564526
06/09/2025,16,20059.666666666668,0.9270680485108972,28273.0178399999,0.6436976818413847
06/09/2025,17,19073.5,0.8814918371827015,28803.7476,0.6557809167521259
06/09/2025,18,16954.75,0.783572691245624,30286.4967629999,0.6895389755619984
06/09/2025,19,11015.5,0.5090871278205913,31581.825497,0.7190299944555939
06/09/2025,20,2528.833333333333,0.1168713629343778,31987.532697,0.7282668147209171
06/09/2025,21,43.91666666666666,0.0020296318548216,31708.68139,0.7219181489750062
06/09/2025,22,0.0,0.0,30943.6653356,0.704500869235875
06/09/2025,23,0.0,0.0,28908.555089,0.6581670906685683
06/09/2025,24,0.0,0.0,27015.1423699999,0.6150593692047119
06/10/2025,1,0.0,0.0,25678.398974,0.5846254540814185
06/10/2025,2,0.0,0.0,24444.444917,0.5565317652334624
06/10/2025,3,0.0,0.0,23218.744156,0.5286259808933594
06/10/2025,4,0.0,0.0,22790.824555,0.5188834462712332
06/10/2025,5,0.0,0.0,22875.199971,0.5208044389290019
06/10/2025,6,50.16666666666666,0.002318478892984,23495.200582,0.5349201218850788
06/10/2025,7,3925.25,0.181407493847558,24894.671908,0.5667821768467252
06/10/2025,8,13098.916666666666,0.6053733251685903,27885.085779,0.6348655518653514
06/10/2025,9,17999.0,0.8318332543818096,29929.1170421,0.6814024370721126
06/10/2025,10,19879.5,0.9187415512241336,30086.8893791999,0.6849944727092218
06/10/2025,11,20650.916666666668,0.9543929783210672,29134.2107489999,0.6633046400472137
06/10/2025,12,20995.5,0.9703180783584244,28213.0590449999,0.6423325874759399
06/10/2025,13,21076.0,0.9740384282099572,27743.756112,0.6316478699207445
06/10/2025,14,20640.83333333333,0.9539269717661648,28117.4812939999,0.640156548925599
06/10/2025,15,20044.416666666668,0.9263632617377808,28351.572525,0.6454861527049656
06/10/2025,16,19765.166666666668,0.9134575760726816,28889.537117,0.6577341045416892
06/10/2025,17,19132.666666666668,0.8842262558106396,29755.309702,0.6774453291842131
06/10/2025,18,16930.833333333332,0.7824673699129222,30957.9428449999,0.7048259282640691
06/10/2025,19,10960.083333333334,0.5065260174155508,32060.37961,0.72992533555137
06/10/2025,20,2503.75,0.1157121234878857,32293.239135,0.7352268968238679
06/10/2025,21,77.08333333333333,0.0035624468040038,31958.64167012,0.7276090466986312
06/10/2025,22,0.0,0.0,31088.9345101,0.707808242767694
06/10/2025,23,1.4166666666666667,6.547199531682669e-05,29180.2743129999,0.6643533787963615
06/10/2025,24,0.8333333333333334,3.851293842166276e-05,27424.519902,0.6243797526826156
06/11/2025,1,0.4166666666666667,1.925646921083138e-05,25886.475684,0.5893627798465758
06/11/2025,2,0.0,0.0,24708.689505,0.562547876767693
06/11/2025,3,0.0,0.0,23443.54759,0.5337441274652849
06/11/2025,4,0.0,0.0,23008.061324,0.5238293210061962
06/11/2025,5,0.0,0.0,23174.387281,0.5276160986879008
06/11/2025,6,69.91666666666667,0.0032312355335775,23847.253128,0.5429353754752331
06/11/2025,7,4262.666666666667,0.1970013826144893,25321.028049,0.5764891158496166
06/11/2025,8,13462.416666666666,0.6221726689081196,28111.783011,0.6400268149305134
06/11/2025,9,17710.25,0.8184885212187034,29512.0362722,0.6719066723736083
06/11/2025,10,19413.58333333333,0.897208967352582,29779.0778241,0.6779864629671037
06/11/2025,11,20383.25,0.9420226225000288,28634.9917399999,0.6519388169630638
06/11/2025,12,20926.0,0.967106099294058,27762.42821,0.6320729814622762
06/11/2025,13,20914.5,0.9665746207438388,27448.020765,0.6249148017219499
06/11/2025,14,20738.5,0.9584406881491836,27256.507111,0.6205545705001393
06/11/2025,15,20392.25,0.9424385622349828,26820.420667,0.610626099663605
06/11/2025,16,20164.666666666668,0.9319206787520268,27440.4424689999,0.6247422650795872
06/11/2025,17,19573.166666666668,0.9045841950603306,28395.085811,0.6464768287440785
06/11/2025,18,17537.75,0.8105163429654192,29512.907131,0.6719264993971664
06/11/2025,19,11430.25,0.5282550172730529,30787.6342322,0.7009484766288276
06/11/2025,20,2894.0,0.1337477325507504,31197.894724,0.7102889626362728
06/11/2025,21,76.58333333333333,0.0035393390409508,30944.406422,0.7045177417041918
06/11/2025,22,26.33333333333333,0.0012170088541245,30345.749321,0.6908879908826719
06/11/2025,23,0.0,0.0,28526.1648389999,0.6494611322570267
06/11/2025,24,0.0,0.0,26973.111573,0.6141024453012259
06/12/2025,1,0.0,0.0,25522.293636,0.5810713713597819
06/12/2025,2,0.0,0.0,24339.597076,0.5541446726146373
06/12/2025,3,0.0,0.0,23284.471737,0.5301224144103674
06/12/2025,4,0.0,0.0,22979.632604,0.5231820784208706
06/12/2025,5,0.0,0.0,22896.711685,0.5212942005990364
06/12/2025,6,59.5,0.0027498238033067,23658.526648,0.5386386004239962
06/12/2025,7,4339.75,0.2005638294184931,24643.440417,0.5610623372004084
06/12/2025,8,13851.333333333334,0.6401466572695097,27839.27276,0.6338225173263665
06/12/2025,9,18186.33333333333,0.8404909629389993,28929.0650365,0.658634044912192
06/12/2025,10,19977.166666666668,0.9232552676071528,29198.505128,0.6647684435559869
06/12/2025,11,20835.83333333333,0.962938999356834,28524.178089,0.6494158995062617
06/12/2025,12,21056.416666666668,0.973133374157048,27886.675197,0.634901738475775
06/12/2025,13,20759.5,0.9594112141974096,27263.154598,0.6207059152202604
06/12/2025,14,20411.0,0.9433051033494704,26424.465074,0.6016112962645268
06/12/2025,15,20166.416666666668,0.9320015559227124,26472.260432,0.602699463128124
06/12/2025,16,20287.916666666668,0.9376167423445908,27306.1436819999,0.621684656643331
06/12/2025,17,19677.916666666668,0.9094252714199336,28036.927661,0.6383225675968505
06/12/2025,18,18043.0,0.8338667375304734,29087.325038,0.6622371833061996
06/12/2025,19,12029.333333333334,0.5559419687043863,30089.0318109,0.6850432498976585
06/12/2025,20,3120.4166666666665,0.1442116979199162,30351.057053,0.6910088331218546
06/12/2025,21,273.9166666666667,0.0126592028592005,30329.391699,0.6905155734979618
06/12/2025,22,50.0,0.0023107763052997,29760.306847,0.6775591002245218
06/12/2025,23,0.0,0.0,28293.2868529999,0.6441591506790993
06/12/2025,24,0.0,0.0,26493.659397,0.6031866578182082
06/13/2025,1,0.0,0.0,25557.827973,0.5818803890062927
06/13/2025,2,0.0,0.0,24159.83875,0.5500520773921285
06/13/2025,3,0.0,0.0,23146.118157,0.5269724896579252
06/13/2025,4,0.0,0.0,22401.859667,0.5100278017079186
06/13/2025,5,0.0,0.0,22430.418163,0.5106779989304474
06/13/2025,6,50.41666666666666,0.0023300327745105,23135.533586,0.5267315085269211
06/13/2025,7,4086.8333333333335,0.1888751526075185,24167.65352,0.550229997887266
06/13/2025,8,13508.25,0.6242908805213111,26480.684482,0.6028912552278356
06/13/2025,9,17553.916666666668,0.8112634939707996,28302.4199774,0.6443670864232631
06/13/2025,10,19529.416666666668,0.9025622657931932,28092.401772,0.6395855582282358
06/13/2025,11,20891.58333333333,0.9655155149372432,27693.776758,0.6305099795656437
06/13/2025,12,21350.08333333333,0.986705333656842,28073.954605,0.6391655677375977
06/13/2025,13,21106.08333333333,0.9754287452869792,27175.957284,0.6187206758233826
06/13/2025,14,20661.08333333333,0.9548628361698112,26627.504232,0.6062339310347961
06/13/2025,15,19816.416666666668,0.915826121785614,26566.145464,0.6048369631926733
06/13/2025,16,19360.0,0.8947325854120692,27175.829328,0.6187177626224981
06/13/2025,17,18498.58333333333,0.8549217609655964,28325.72334,0.6448976389298833
06/13/2025,18,17451.833333333332,0.8065456590141458,29002.182888,0.6602987342558667
06/13/2025,19,11885.666666666666,0.5493023381204916,29839.606539,0.6793645328175335
06/13/2025,20,2979.083333333333,0.1376799035636022,30080.049917,0.6848387572497674
06/13/2025,21,30.0,0.0013864657831798,29899.244784,0.6807223291544098
06/13/2025,22,0.0,0.0,29467.327219,0.670888772053769
06/13/2025,23,0.0,0.0,28056.040929,0.6387577233475962
06/13/2025,24,0.0,0.0,26330.2520039999,0.5994663276905522
06/14/2025,1,0.0,0.0,25150.039419,0.5725961821212433
06/14/2025,2,0.0,0.0,23863.612492,0.5433078325204198
06/14/2025,3,0.0,0.0,22831.751502,0.5198152385920187
06/14/2025,4,0.0,0.0,22087.78321,0.5028771576402793
06/14/2025,5,0.0,0.0,21811.061021,0.4965769659670237
06/14/2025,6,50.333333333333336,0.0023261814806684,21882.92411,0.49821308787169766
06/14/2025,7,4178.916666666667,0.1931308323031122,22163.409295,0.5045989524581062
06/14/2025,8,13112.416666666666,0.6059972347710213,24552.191369,0.5589848511322344
06/14/2025,9,17093.333333333332,0.7899773929051465,26322.0469433,0.5992795213658159
06/14/2025,10,18735.166666666668,0.8658555841835065,25610.6658844,0.5830833607326926
06/14/2025,11,20101.916666666668,0.9290206544888756,24746.420935,0.5634069160878323
06/14/2025,12,20422.666666666668,0.9438442844873736,23660.518624,0.5386839521561934
06/14/2025,13,20192.58333333333,0.9332108621891524,23089.940286,0.525693476376141
06/14/2025,14,19788.25,0.9145243844669616,23391.367666,0.5325561362749727
06/14/2025,15,19572.916666666668,0.904572641178804,24070.268723,0.548012817944529
06/14/2025,16,18994.666666666668,0.8778485132080123,25661.359853,0.5842375208671299
06/14/2025,17,17386.333333333332,0.803518542054203,26432.17284,0.6017867805773247
06/14/2025,18,15426.333333333334,0.7129361108864524,27832.8411432,0.6336760873680196
06/14/2025,19,9764.333333333334,0.4512638020743069,29457.09847,0.6706558919962987
06/14/2025,20,2664.583333333333,0.1231451206032666,30034.984239,0.6838127375788793
06/14/2025,21,392.1666666666667,0.0181241888212344,29997.934111,0.6829692096031785
06/14/2025,22,363.25,0.0167877898580027,29508.459985,0.6718252502985662
06/14/2025,23,55.833333333333336,0.0025803668742514,27587.764409,0.6280963743508047
06/14/2025,24,0.0,0.0,25717.291013,0.5855109172282272
06/15/2025,1,0.0,0.0,24670.158225,0.5616706270961248
06/15/2025,2,0.0,0.0,23277.656398,0.5299672481688261
06/15/2025,3,0.0,0.0,22226.216515,0.5060288975083903
06/15/2025,4,0.0,0.0,21486.853787,0.4891956723908298
06/15/2025,5,0.0,0.0,21026.142425,0.4787065609208181
06/15/2025,6,51.91666666666666,0.0023993560636695,20936.766243,0.47667171478267994
06/15/2025,7,4337.583333333333,0.2004636957785968,21302.6398219999,0.4850016347078197
06/15/2025,8,13796.75,0.6376240598028908,23639.7343799999,0.5382107529470604
06/15/2025,9,17915.666666666668,0.8279819605396433,24062.9481649999,0.5478461492768574
06/15/2025,10,19503.75,0.901376067289806,23896.675392,0.5440605824463526
06/15/2025,11,20757.33333333333,0.9593110805575132,23703.722896,0.5396675928092509
06/15/2025,12,21068.58333333333,0.9736956630580044,23345.568118,0.5315134084330486
06/15/2025,13,21128.83333333333,0.9764801485058904,23687.031178,0.5392875689913708
06/15/2025,14,20634.33333333333,0.9536265708464758,24057.773315,0.5477283323898288
06/15/2025,15,20187.666666666668,0.9329836358524648,24789.602194,0.5643900327991289
06/15/2025,16,19763.5,0.9133805501958384,26648.338987,0.606708280238377
06/15/2025,17,19083.33333333333,0.8819462898560771,28589.421764,0.6509013158346486
06/15/2025,18,16992.5,0.7853173273561252,30286.3296659999,0.6895351712298202
06/15/2025,19,11445.333333333334,0.528952101458485,31900.320836,0.7262812441294627
06/15/2025,20,2901.1666666666665,0.1340789438211767,32325.024842,0.7359505686309377
06/15/2025,21,190.83333333333331,0.0088194628985607,31630.888912,0.7201470314368403
06/15/2025,22,0.0,0.0,30745.728396,0.6999943977338821
06/15/2025,23,0.0,0.0,28657.202533,0.6524444947101983
06/15/2025,24,0.0,0.0,26302.975749,0.5988453235157553
06/16/2025,1,0.0,0.0,24954.213859,0.568137780838061
06/16/2025,2,0.0,0.0,23536.278558,0.5358553527145421
06/16/2025,3,0.0,0.0,22649.19746,0.5156589927214444
06/16/2025,4,0.0,0.0,21929.030196,0.4992627947280698
06/16/2025,5,0.0,0.0,22039.992074,0.5017890868998349
06/16/2025,6,64.5,0.0029809014338366,22857.546758,0.5204025245543336
06/16/2025,7,4441.333333333333,0.2052585566120938,24357.439227,0.5545508885800767
06/16/2025,8,13878.416666666666,0.6413983277682137,27415.290252,0.6241696193200283
06/16/2025,9,17819.333333333332,0.823529864858099,28874.80896475,0.6573987856339312
06/16/2025,10,19360.25,0.8947441392935956,29614.9611611,0.6742499847417341
06/16/2025,11,20730.666666666668,0.95807866652802,29607.705194,0.6740847866285289
06/16/2025,12,21229.916666666668,0.9811517679364384,29130.459284,0.66321922966274
06/16/2025,13,21148.75,0.9774006077341684,28874.348639,0.6573883053017698
06/16/2025,14,21131.58333333333,0.976607241202682,28977.628394,0.6597396969802553
06/16/2025,15,20898.83333333333,0.9658505775015116,29894.612273,0.680616859812273
06/16/2025,16,20422.0,0.9438134741366362,30719.65856,0.6994008603515569
06/16/2025,17,19596.5,0.9056625573361372,32075.8443007,0.7302774233833205
06/16/2025,18,17991.25,0.8314750840544881,33351.8528992,0.7593285767307385
06/16/2025,19,12241.333333333334,0.5657396602388572,34651.122624,0.7889093209821438
06/16/2025,20,3292.6666666666665,0.1521723222916738,34718.587558,0.7904453091765112
06/16/2025,21,191.91666666666663,0.0088695297185089,33813.024365,0.7698281634797296
06/16/2025,22,0.0,0.0,32864.535273,0.7482337149059215
06/16/2025,23,0.0,0.0,30658.4078229999,0.6980063520736942
06/16/2025,24,0.0,0.0,28243.858847,0.643033812978673
06/17/2025,1,0.0,0.0,26390.576657,0.600839751621234
06/17/2025,2,0.0,0.0,25035.647846,0.5699918053695647
06/17/2025,3,0.0,0.0,23808.859463,0.5420612589130127
06/17/2025,4,0.0,0.0,23310.049094,0.5307047394207962
06/17/2025,5,0.0,0.0,23267.2822519999,0.529731057827592
06/17/2025,6,49.91666666666666,0.0023069250114575,23932.072654,0.5448664792778077
06/17/2025,7,4157.916666666667,0.1921603062548863,25224.042686,0.5742810299038948
06/17/2025,8,13597.416666666666,0.628411764932429,28912.317194,0.6582527432961388
06/17/2025,9,17993.5,0.8315790689882266,31103.483203,0.7081394758870784
06/17/2025,10,19279.33333333333,0.8910045329728522,31040.174754,0.7066981192518267
06/17/2025,11,20388.25,0.9422537001305588,30129.1344543,0.6859562751268143
06/17/2025,12,21135.666666666668,0.9767959546009484,29198.1724395,0.6647608691676623
06/17/2025,13,21117.5,0.975956372543356,28691.048424,0.6532150711551978
06/17/2025,14,21200.5,0.9797922612101536,29423.040621,0.6698804898593966
06/17/2025,15,20973.33333333333,0.9692936341964082,30436.013863,0.6929430624978312
06/17/2025,16,20644.75,0.9541079825767468,31803.7148409,0.7240817953316809
06/17/2025,17,19454.75,0.8991115065106122,32791.45555,0.7465698936417422
06/17/2025,18,17779.75,0.8217005002830701,34418.7533016,0.7836189202542696
06/17/2025,19,11966.333333333334,0.5530303905597086,34996.3233861,0.7967685785821329
06/17/2025,20,3176.0,0.1467805109126411,34666.5364369999,0.7892602504709065
06/17/2025,21,61.75,0.0028538087370452,33804.124417,0.7696255365111998
06/17/2025,22,0.0,0.0,32868.9331439999,0.7483338421503385
06/17/2025,23,0.0,0.0,30923.772997,0.7040479762226252
06/17/2025,24,0.0,0.0,28540.6585119999,0.649791112726896
06/18/2025,1,0.0,0.0,26945.983461,0.6134848139289418
06/18/2025,2,0.0,0.0,25525.707216,0.5811490890461364
06/18/2025,3,0.0,0.0,24708.0991379999,0.5625344357593242
06/18/2025,4,0.0,0.0,24102.445368,0.5487453903184137
06/18/2025,5,0.0,0.0,23973.31884,0.545805539779352
06/18/2025,6,42.16666666666666,0.0019487546841361,24310.60401,0.5534845814464681
06/18/2025,7,4199.916666666667,0.1941013583513381,25916.183868,0.590039152255094
06/18/2025,8,13894.25,0.6421300735982253,29594.929006,0.6737939084971277
06/18/2025,9,18735.58333333333,0.8658748406527172,31200.401237,0.7103460289394434
06/18/2025,10,20232.33333333333,0.9350479293518658,30712.1014832,0.6992288068111395
06/18/2025,11,20876.416666666668,0.964814579457969,30161.3237209,0.6866891348592933
06/18/2025,12,21106.5,0.97544800175619,29728.733505,0.6768402633756082
06/18/2025,13,21166.25,0.9782093794410232,30052.315157,0.684207314196201
06/18/2025,14,20960.0,0.9686774271816616,30365.220096,0.6913312860696974
06/18/2025,15,20466.416666666668,0.9458662137545109,30775.857508,0.7006803534977872
06/18/2025,16,20209.5,0.9339926748391122,32524.8791629999,0.7405006935543412
06/18/2025,17,19401.666666666668,0.8966582323331523,34203.2314175,0.778712088660757
06/18/2025,18,17521.833333333332,0.8097807458415655,35815.3737513999,0.8154160687240939
06/18/2025,19,11816.583333333334,0.5461096155253358,36284.0749608,0.8260870867128512
06/18/2025,20,3053.1666666666665,0.141103703789288,36031.9102814,0.8203460009720001
06/18/2025,21,62.66666666666666,0.002896172969309,34999.443028,0.796839604118585
06/18/2025,22,11.5,0.0005314785502189,33981.97367,0.7736746674713677
06/18/2025,23,15.25,0.0007047867731164,31806.9509469999,0.7241554724328126
06/18/2025,24,17.5,0.0008087717068549,29301.367408,0.6671103304942549
06/19/2025,1,20.33333333333333,0.0009397156974885,27337.462385,0.6223976960731339
06/19/2025,2,19.916666666666668,0.0009204592282777,25898.0193369999,0.5896255965970928
06/19/2025,3,20.0,0.0009243105221199,24412.948303,0.5558146752668948
06/19/2025,4,20.08333333333333,0.000928161815962,23408.63965,0.53294937112965
06/19/2025,5,18.58333333333333,0.000858838526803,23258.148169,0.5295231002587871
06/19/2025,6,85.25,0.0039398736005361,23679.532517,0.5391168454156304
06/19/2025,7,4171.166666666667,0.1927726619757908,24945.281682,0.5679344201051801
06/19/2025,8,13509.0,0.6243255421658906,28414.432178,0.6469172915082739
06/19/2025,9,18401.08333333333,0.8504157471702618,29840.8475718999,0.6793927876718712
06/19/2025,10,20073.416666666668,0.9277035119948548,29140.639447,0.6634510035526359
06/19/2025,11,20781.0,0.9604048480086884,28402.334962,0.6466418716737165
06/19/2025,12,21104.0,0.975332462940925,28186.817539,0.6417351416469961
06/19/2025,13,21154.166666666668,0.9776509418339092,27827.416516,0.6335525837514884
06/19/2025,14,20978.83333333333,0.9695478195899913,28148.18694,0.6408556307590828
06/19/2025,15,20543.75,0.9494402144400412,28419.385507,0.647030064980591
06/19/2025,16,20264.83333333333,0.9365499339503104,28865.442914,0.6571855468070786
06/19/2025,17,19351.58333333333,0.8943436047340103,29459.530561,0.6707112639183053
06/19/2025,18,16840.833333333332,0.7783079725633826,30552.770588,0.6956012871573708
06/19/2025,19,10956.25,0.5063488578988111,31760.85520859,0.7231060011621782
06/19/2025,20,2904.333333333333,0.134225292987179,31337.31909,0.713463266196448
06/19/2025,21,55.16666666666666,0.002549556523514,31010.5850909999,0.7060244452355818
06/19/2025,22,19.33333333333333,0.0008935001713825,30470.986567,0.6937392933289339
06/19/2025,23,21.916666666666668,0.0010128902804897,28739.0017539999,0.6543068346001966
06/19/2025,24,23.83333333333333,0.0011014700388595,27128.979485,0.6176511224957032
06/20/2025,1,23.75,0.0010976187450173,25577.162587,0.5823205841874908
06/20/2025,2,23.83333333333333,0.0011014700388595,24427.484202,0.5561456171048949
06/20/2025,3,22.916666666666668,0.0010591058065957,23242.418798,0.5291649863953566
06/20/2025,4,24.58333333333333,0.001136131683439,22481.192688,0.5118339931092102
06/20/2025,5,23.916666666666668,0.0011053213327017,22448.053558,0.5110795076390012
06/20/2025,6,78.91666666666667,0.0036471752685314,23225.442913,0.5287784928882416
06/20/2025,7,4090.4166666666665,0.1890407582427316,24273.9051889999,0.5526490517503542
06/20/2025,8,13724.416666666666,0.6342811367478904,26934.198587,0.6132165052497084
06/20/2025,9,18313.416666666668,0.846364186048303,29410.5335106,0.6695957378737198
06/20/2025,10,18768.58333333333,0.867399953014215,29057.9403791999,0.6615681766632453
06/20/2025,11,19385.0,0.895887973564719,27949.721911,0.6363371361358049
06/20/2025,12,18871.58333333333,0.8721601522031326,27327.885379,0.6221796543841969
06/20/2025,13,18649.916666666668,0.8619157105829705,25399.518193,0.5782761172948149
06/20/2025,14,18713.33333333333,0.8648465451968588,24908.79365,0.5671036894861047
06/20/2025,15,18642.75,0.861584499312544,24450.644929,0.5566729221971219
06/20/2025,16,18635.75,0.8612609906298021,25066.400841,0.5706919652075844
06/20/2025,17,19085.166666666668,0.8820310183206048,26177.387091,0.5959860203993472
06/20/2025,18,17920.083333333332,0.828186079113278,27773.055835,0.6323149428126595
06/20/2025,19,11985.166666666666,0.5539007829680381,28495.4394953999,0.6487616019641862
06/20/2025,20,3027.0,0.1398943975228478,28582.675662,0.6507477259262971
06/20/2025,21,62.583333333333336,0.0028923216754668,28671.885448,0.65277878369207
06/20/2025,22,0.0,0.0,28347.595963,0.6453956174902395
06/20/2025,23,0.0,0.0,27085.072674,0.6166514869910079
06/20/2025,24,0.0,0.0,25971.456921,0.5912975653571456
06/21/2025,1,0.0,0.0,24682.819072,0.5619588792349721
06/21/2025,2,0.0,0.0,23694.359664,0.5394544181574662
06/21/2025,3,0.0,0.0,22406.836262,0.5101411048821001
06/21/2025,4,0.0,0.0,21879.446195,0.49813390545700775
06/21/2025,5,0.0,0.0,21824.797821,0.4968897145517683
06/21/2025,6,60.66666666666666,0.002803741917097,21969.058951,0.5001741377246438
06/21/2025,7,3979.25,0.1839031322572818,22509.368091,0.512475468373672
06/21/2025,8,12590.916666666666,0.5818958379067447,24488.9224699999,0.5575443949400622
06/21/2025,9,15891.333333333334,0.7344263305257401,24946.6717893,0.5679660689674129
06/21/2025,10,17362.0,0.8023939642522906,24501.076554,0.5578211095002145
06/21/2025,11,17632.0,0.8148721563009093,23590.188809,0.5370827386198094
06/21/2025,12,17379.25,0.803191182077619,23584.56599,0.5369547227293163
06/21/2025,13,17019.0,0.7865420387979342,22679.3320279999,0.5163450727032348
06/21/2025,14,16365.916666666666,0.756359448956877,21532.650216,0.4902383292218316
06/21/2025,15,16586.916666666668,0.7665730802263021,20786.359805,0.4732473801034988
06/21/2025,16,17036.333333333332,0.7873431079171047,21125.8297959999,0.4809761640450631
06/21/2025,17,17291.833333333332,0.7991511748371865,21688.0104799999,0.49377544868863
06/21/2025,18,16800.25,0.7764323924622477,23417.065052,0.533141194010627
06/21/2025,19,11388.5,0.5263255190581276,24980.068566,0.5687264203336668
06/21/2025,20,2831.333333333333,0.1308515595814414,25623.9512469999,0.583385831348188
06/21/2025,21,31.58333333333333,0.001459640366181,26262.689822,0.5979281254307299
06/21/2025,22,0.0,0.0,26229.900598,0.5971816063432516
06/21/2025,23,0.0,0.0,25583.287805,0.582460038300585
06/21/2025,24,0.0,0.0,24086.070146,0.5483725722308402
06/22/2025,1,0.0,0.0,23441.798383,0.5337043029054401
06/22/2025,2,0.0,0.0,22581.430537,0.5141161290806586
06/22/2025,3,0.0,0.0,21520.565077,0.48996318434684677
06/22/2025,4,0.0,0.0,20822.533861,0.47407096236563206
06/22/2025,5,0.0,0.0,20524.528942,0.46728622234873013
06/22/2025,6,50.583333333333336,0.0023377353621949,20363.584951,0.463621977007137
06/22/2025,7,3784.75,0.1749142124296657,20180.7603,0.4594595701251357
06/22/2025,8,12698.083333333334,0.5868486017877707,22166.332441,0.5046655043315047
06/22/2025,9,15862.416666666666,0.7330899315625083,23678.128588,0.539084881871877
06/22/2025,10,17350.5,0.8018624857020716,23636.59553355,0.5381392901766235
06/22/2025,11,17309.5,0.7999676491317258,22485.8461284,0.511939938955353
06/22/2025,12,17615.0,0.8140864923571074,21813.030194,0.49662179853857363
06/22/2025,13,17962.416666666668,0.8301425363850986,21570.918372,0.49110958829452583
06/22/2025,14,17172.0,0.7936130142921515,21043.25761,0.4790962259000267
06/22/2025,15,16668.333333333332,0.7703357943100985,20933.563615,0.47659879988441667
06/22/2025,16,16246.0,0.7508174371179998,21287.083914,0.4846474701126166
06/22/2025,17,17073.0,0.7890376772076579,22909.084017,0.521575884056828
06/22/2025,18,16760.333333333332,0.77458762271185,25433.5411312,0.579050724610267
06/22/2025,19,12052.5,0.5570126283925084,26892.462411,0.6122662890438488
06/22/2025,20,3110.4166666666665,0.1437495426588562,27550.506877,0.6272481243650674
06/22/2025,21,71.33333333333333,0.0032967075288943,27846.754592,0.6339928577527612
06/22/2025,22,19.5,0.0009012027590669,27757.398385,0.6319584663896055
06/22/2025,23,23.416666666666668,0.0010822135696487,26198.687457,0.5964709702654762
06/22/2025,24,24.08333333333333,0.001113023920386,24454.033696,0.5567500749607408
06/23/2025,1,24.916666666666668,0.0011515368588077,23373.362018,0.5321461979393043
06/23/2025,2,24.83333333333333,0.0011476855649655,22417.384301,0.5103812542814566
06/23/2025,3,24.416666666666668,0.0011284290957547,21471.963674,0.48885666608896633
06/23/2025,4,23.25,0.0010745109819643,21110.103339,0.48061811652527936
06/23/2025,5,23.5,0.0010860648634908,21432.29137,0.4879534384865002
06/23/2025,6,81.41666666666667,0.0037627140837964,22471.3372959999,0.5116096133482663
06/23/2025,7,3497.4166666666665,0.1616349512618764,23431.9144969999,0.5334792744156676
06/23/2025,8,12002.25,0.5546902982056822,25595.9924719999,0.5827492880984907
06/23/2025,9,17634.666666666668,0.8149953977038586,27767.6440022,0.6321917304888961
06/23/2025,10,19550.5,0.9035366431352612,28541.4349764,0.6498087906535046
06/23/2025,11,20852.83333333333,0.9637246633006358,28209.8543723,0.6422596260255684
06/23/2025,12,21258.08333333333,0.9824535052550905,27658.979398,0.6297177408278847
06/23/2025,13,21467.666666666668,0.9921395092681388,27264.67782,0.6207405947325741
06/23/2025,14,21456.166666666668,0.9916080307179196,27306.195084,0.6216858269233658
06/23/2025,15,21077.75,0.9741193053806426,27039.882532,0.6156226336223262
06/23/2025,16,20367.83333333333,0.941310133139228,27647.988814,0.6294675159144029
06/23/2025,17,19151.0,0.8850735404559161,28041.07388,0.6384169654278075
06/23/2025,18,16846.416666666668,0.7785660092508079,29270.253157,0.6664019458656925
06/23/2025,19,10378.25,0.4796362838095458,29916.574583,0.6811168802952255
06/23/2025,20,2557.5,0.118196208016083,30126.348201,0.6858928399180092
06/23/2025,21,33.333333333333336,0.0015405175368665,30063.938391,0.684471942783911
06/23/2025,22,0.0,0.0,29497.923847,0.6715853718517536
06/23/2025,23,0.0,0.0,27794.447452,0.6328019702092984
06/23/2025,24,0.0,0.0,26019.442702,0.5923900676208179
06/24/2025,1,0.0,0.0,24718.6977679999,0.5627757369745076
06/24/2025,2,6.333333333333333,0.0002926983320046,23727.314482,0.5402047073580091
06/24/2025,3,0.0,0.0,22761.2176909999,0.5182093806362413
06/24/2025,4,0.0,0.0,22129.265302,0.5038215890628264
06/24/2025,5,0.0,0.0,22339.4404799999,0.5086066910857074
06/24/2025,6,51.91666666666666,0.0023993560636695,23238.110457,0.5290668974990819
06/24/2025,7,3571.6666666666665,0.1650664540752465,24221.627806,0.5514588416907065
06/24/2025,8,12095.5,0.5589998960150663,26344.081024,0.5997811758672335
06/24/2025,9,17515.916666666668,0.8095073039787717,28947.95706329,0.6590641636182611
06/24/2025,10,19374.33333333333,0.8953950079529217,28851.108399,0.6568591899205221
06/24/2025,11,20392.58333333333,0.9424539674103516,28840.18075,0.6566103978612844
06/24/2025,12,20669.83333333333,0.9552672220232388,28051.537011,0.6386551817090556
06/24/2025,13,20649.58333333333,0.9543313576195922,26857.664455,0.6114740367368338
06/24/2025,14,20502.0,0.9475107162251158,26645.654076,0.606647152310809
06/24/2025,15,20029.33333333333,0.9256661775523488,26280.2318739999,0.5983275089797723
06/24/2025,16,19467.75,0.8997123083499902,26100.341684,0.594231911582132
06/24/2025,17,18178.33333333333,0.8401212387301513,26868.230272,0.6117145908916166
06/24/2025,18,16083.583333333334,0.7433112654196178,28253.542946,0.6432542928762313
06/24/2025,19,10782.833333333334,0.4983343154132631,29519.289982,0.6720718190943947
06/24/2025,20,2786.9166666666665,0.1287988199635667,29548.429135,0.6727352362556991
06/24/2025,21,143.83333333333334,0.0066473331715789,29614.490934,0.6742392789834766
06/24/2025,22,49.25,0.0022761146607202,29671.0542709999,0.6755270682499105
06/24/2025,23,49.25,0.0022761146607202,28043.605036,0.6384745927832882
06/24/2025,24,46.0,0.0021259142008757,26190.289574,0.5962797739153
06/25/2025,1,46.583333333333336,0.0021528732577709,25039.221801,0.5700731743469242
06/25/2025,2,46.16666666666666,0.0021336167885601,24101.5363979999,0.5487246956092305
06/25/2025,3,47.083333333333336,0.0021759810208239,23042.470981,0.5246127328290586
06/25/2025,4,47.333333333333336,0.0021875349023504,22523.854212,0.5128052769055854
06/25/2025,5,49.25,0.0022761146607202,22513.730381,0.5125747855380586
06/25/2025,6,94.58333333333331,0.0043712185108587,23276.008445,0.5299297288798741
06/25/2025,7,3397.833333333333,0.1570326551204877,24451.0346049999,0.5566817940317179
06/25/2025,8,12425.083333333334,0.5742317631608339,26986.578274,0.6144090444858198
06/25/2025,9,17667.583333333332,0.8165166587715142,29601.183618,0.6739363085503517
06/25/2025,10,19526.75,0.902439024390244,29836.808199,0.6793008224283137
06/25/2025,11,20553.08333333333,0.9498715593503636,28933.6510127,0.6587384547868516
06/25/2025,12,20828.0,0.9625769777356704,28853.1665916,0.6569060492198334
06/25/2025,13,20633.5,0.9535880579080542,27557.0043913,0.6273960546255125
06/25/2025,14,20602.666666666668,0.9521630791864528,26948.294443,0.613537428537138
06/25/2025,15,20169.25,0.932132499913346,26727.347019,0.6085070725474633
06/25/2025,16,19861.0,0.9178865639911729,27813.400722,0.6332334832522766
06/25/2025,17,19191.916666666668,0.8869645257324199,29434.710379,0.6701461776686981
06/25/2025,18,17159.25,0.7930237663343,30949.5620321,0.7046351205524147
06/25/2025,19,11344.25,0.5242804820279373,31677.486242,0.7212079225476068
06/25/2025,20,2980.0,0.137722267795866,32134.657636,0.7316164388293621
06/25/2025,21,160.66666666666666,0.0074252945276965,31797.355556,0.7239370121687563
06/25/2025,22,26.83333333333333,0.0012401166171775,31226.131776,0.710931841476349
06/25/2025,23,19.5,0.0009012027590669,29425.211596,0.6699299168990832
06/25/2025,24,20.416666666666668,0.0009435669913307,27288.117255,0.6212742452278469
06/26/2025,1,21.666666666666668,0.0010013363989632,26054.38525,0.5931856118839921
06/26/2025,2,19.416666666666668,0.0008973514652247,24797.535711,0.5645706568319312
06/26/2025,3,17.5,0.0008087717068549,23652.3563169999,0.538498119213839
06/26/2025,4,18.58333333333333,0.000858838526803,22979.706691,0.5231837651750199
06/26/2025,5,18.916666666666668,0.0008742437021717,22974.298835,0.5230606433918897
06/26/2025,6,65.91666666666667,0.0030463734291535,23643.399618,0.5382942001834825
06/26/2025,7,3517.4166666666665,0.1625592617839963,24772.70973,0.5640054385552841
06/26/2025,8,12696.75,0.5867869810862959,28347.128499,0.6453849746400546
06/26/2025,9,18002.416666666668,0.8319911574293385,29663.9039319999,0.6753642749936432
06/26/2025,10,19782.33333333333,0.9142509426041678,30059.8945169999,0.6843798750628685
06/26/2025,11,20572.75,0.950780464697115,29148.5389216999,0.6636308525373061
06/26/2025,12,20960.166666666668,0.968685129769346,29066.617572153,0.6617657321212588
06/26/2025,13,21035.33333333333,0.97215899681498,28158.9085598,0.6410997321086417
06/26/2025,14,20945.58333333333,0.9680111533469667,28691.6643442,0.6532290939385873
06/26/2025,15,20555.83333333333,0.9499986520471552,28382.291383,0.646185535338801
06/26/2025,16,20276.0,0.9370660073251608,29136.171691,0.6633492852218758
06/26/2025,17,19330.0,0.8933461196288893,30028.261112,0.6836596707471347
06/26/2025,18,17411.916666666668,0.8047008892637482,31388.7320973,0.714633796834627
06/26/2025,19,11373.916666666666,0.5256515426357484,32617.972004,0.7426201576415111
06/26/2025,20,2997.083333333333,0.1385117830335101,32827.309312,0.7473861837037122
06/26/2025,21,94.0,0.0043442594539635,32317.916087,0.7357887221262535
06/26/2025,22,6.916666666666667,0.0003196573888998,31604.541454,0.7195471733766576
06/26/2025,23,0.0,0.0,29798.92331,0.6784382892751808
06/26/2025,24,0.0,0.0,27549.37688,0.6272223974881735
06/27/2025,1,4.166666666666667,0.0001925646921083,26102.564566,0.5942825203992913
06/27/2025,2,8.833333333333334,0.0004082371472696,24714.288946,0.5626753604063942
06/27/2025,3,0.0,0.0,23592.024485,0.5371245318373746
06/27/2025,4,0.0,0.0,22941.616129,0.5223165494218877
06/27/2025,5,0.0,0.0,22951.354625,0.5225382677872669
06/27/2025,6,28.416666666666668,0.0013132912001787,23667.0826969999,0.5388333977724125
06/27/2025,7,3358.583333333333,0.1552186957208274,24614.372104,0.5604005328681284
06/27/2025,8,12295.166666666666,0.5682275960608967,27436.835344,0.6246601409139362
06/27/2025,9,17818.583333333332,0.8234952032135195,30141.0545829999,0.6862276631779519
06/27/2025,10,19903.08333333333,0.9198314673814668,30708.864019,0.69915509878986
06/27/2025,11,20864.58333333333,0.9642676957323812,30326.5450389999,0.6904507629972424
06/27/2025,12,21316.916666666668,0.98517251870766,30292.3032872999,0.6896711739092926
06/27/2025,13,21406.75,0.989324213469515,29874.38283532,0.6801562919941059
06/27/2025,14,21142.25,0.9771002068144792,29587.3125751,0.6736205036295618
06/27/2025,15,20718.666666666668,0.9575240802147482,29806.5991486,0.6786130466902176
06/27/2025,16,20315.916666666668,0.9389107770755586,31151.99060977,0.7092438541132262
06/27/2025,17,18997.25,0.8779679033171194,32098.2185412,0.7307868223737047
06/27/2025,18,16653.25,0.7696387101246663,33389.6907539999,0.7601900390464482
06/27/2025,19,10653.666666666666,0.4923648099579053,34544.88997,0.7864907000375159
06/27/2025,20,2736.75,0.1264803410705826,34349.044147,0.7820318374223952
06/27/2025,21,87.66666666666667,0.0040515611219589,33594.312769,0.7648487110514907
06/27/2025,22,0.0,0.0,32586.645109,0.7419069317027415
06/27/2025,23,3.9166666666666665,0.0001810108105818,30394.599602,0.6920001753977792
06/27/2025,24,0.0,0.0,28310.620948,0.6445537996278436
06/28/2025,1,0.0,0.0,26779.1426989999,0.6096863155746496
06/28/2025,2,0.0,0.0,25113.806816,0.5717712669073752
06/28/2025,3,0.0,0.0,23840.1966259999,0.5427747186254733
06/28/2025,4,0.0,0.0,22976.2154129999,0.5231042785221254
06/28/2025,5,0.0,0.0,22622.579377,0.5150529732855594
06/28/2025,6,27.58333333333333,0.001274778261757,22637.094167,0.515383434530563
06/28/2025,7,3465.5,0.1601599057203267,23566.262552,0.5365380045467366
06/28/2025,8,12537.5,0.5794271585539161,26267.573165,0.5980393055172183
06/28/2025,9,18071.666666666668,0.8351915826121786,27854.2882442999,0.6341643779827092
06/28/2025,10,19885.08333333333,0.9189995879115588,28055.1656879,0.6387377965513019
06/28/2025,11,20764.58333333333,0.9596461431217818,27699.886053,0.6306490711564826
06/28/2025,12,21125.08333333333,0.976306840282993,28146.346298,0.6408137244795621
06/28/2025,13,21175.75,0.9786484269390302,27471.06514,0.6254394578039758
06/28/2025,14,21063.25,0.9734491802521056,28049.61213,0.6386113575426884
06/28/2025,15,20798.25,0.9612020658340168,28772.865658,0.6550778211509186
06/28/2025,16,20312.666666666668,0.938760576615714,30371.432048,0.6914727148738221
06/28/2025,17,19272.916666666668,0.8907079833470055,31852.2544849,0.725186907509554
06/28/2025,18,17015.916666666668,0.786399540925774,33412.6603144,0.7607129918089064
06/28/2025,19,11546.833333333334,0.5336429773582435,34460.555429,0.78457063798938
06/28/2025,20,2904.583333333333,0.1342368468687055,34507.777813,0.7856457598346617
06/28/2025,21,53.41666666666666,0.0024686793528285,33620.612111,0.7654474736446868
06/28/2025,22,0.0,0.0,32402.034336,0.737703859809407
06/28/2025,23,0.25,1.1553881526498828e-05,30289.105168,0.6895983616615428
06/28/2025,24,0.0,0.0,28103.670749,0.6398421213730927
06/29/2025,1,0.0,0.0,26427.302842,0.6016759043192291
06/29/2025,2,0.0,0.0,24775.4689259999,0.5640682577449062
06/29/2025,3,0.0,0.0,23555.053299,0.5362828011506187
06/29/2025,4,0.0,0.0,22741.361335,0.5177573068463374
06/29/2025,5,0.0,0.0,22106.2868949999,0.5032984348879845
06/29/2025,6,26.75,0.0012362653233353,21877.929108,0.4980993656215159
06/29/2025,7,3283.583333333333,0.1517525312628777,22293.523223,0.507561283338483
06/29/2025,8,12412.416666666666,0.5736463664968245,25280.838206,0.5755741053290181
06/29/2025,9,17909.083333333332,0.8276777083261121,27166.1801963999,0.6184980788350115
06/29/2025,10,19583.08333333333,0.9050424990275484,27296.899295,0.6214741877603996
06/29/2025,11,20609.666666666668,0.9524865878691948,26917.100571,0.6128272311606964
06/29/2025,12,21077.58333333333,0.9741116027929584,26751.467058,0.6090562184956633
06/29/2025,13,21213.25,0.980381509168005,26485.369116,0.6029979112651621
06/29/2025,14,21065.75,0.9735647190673706,26904.756609,0.6125461936085997
06/29/2025,15,20704.916666666668,0.9568886167307908,28051.391126,0.6386518603148963
06/29/2025,16,20072.166666666668,0.9276457425872222,28448.237036,0.647686933746422
06/29/2025,17,19205.33333333333,0.8875845840410085,30212.624315,0.6878571061627505
06/29/2025,18,17673.083333333332,0.8167708441650972,32824.695929,0.7473266842690081
06/29/2025,19,12145.583333333334,0.5613145236142082,34113.345772,0.7766656434610759
06/29/2025,20,3160.75,0.1460757241395246,33960.05305807,0.7731755963370538
06/29/2025,21,42.75,0.0019757137410312,33074.088549,0.7530046579565296
06/29/2025,22,8.166666666666666,0.0003774267965322,32013.579039,0.7288598172104543
06/29/2025,23,0.0,0.0,29972.221228,0.6823837990440997
06/29/2025,24,0.0,0.0,27621.634488,0.6288675014890347
06/30/2025,1,0.0,0.0,26135.17144,0.5950248878863659
06/30/2025,2,0.0,0.0,25206.470767,0.5738809663666447
06/30/2025,3,0.0,0.0,23950.328831,0.5452821214593636
06/30/2025,4,0.0,0.0,22996.818217,0.5235733468490139
06/30/2025,5,0.0,0.0,22803.602241,0.5191743585079122
06/30/2025,6,19.83333333333333,0.0009166079344355,23465.654109,0.5342474311845556
06/30/2025,7,3641.75,0.1683053921965084,25045.394051,0.5702136992473514
06/30/2025,8,13136.583333333334,0.6071141099852496,28291.5718762,0.6441201054453449
06/30/2025,9,18327.33333333333,0.8470073521199446,30291.18315,0.689645671510243
06/30/2025,10,19819.33333333333,0.9159609170700896,30558.899918,0.6957408348892248
06/30/2025,11,20774.75,0.960116000970526,30410.470396,0.6923615090680862
06/30/2025,12,20967.416666666668,0.9690201923336146,29735.480063,0.6769938636658066
06/30/2025,13,20999.166666666668,0.97048753528748,29787.8811919999,0.6781868910763926
06/30/2025,14,21035.33333333333,0.97215899681498,30020.012167,0.6834718652994042
06/30/2025,15,20914.416666666668,0.9665707694499968,30425.061305,0.692693703330206
06/30/2025,16,20374.666666666668,0.9416259392342858,31766.9786739999,0.7232454153736887
06/30/2025,17,19573.25,0.9045880463541728,33581.2143669999,0.7645504970068845
06/30/2025,18,17914.333333333332,0.8279203398381686,35103.416137,0.7992067815319015
06/30/2025,19,12296.333333333334,0.568281514174687,36053.129091,0.8208290940265954
06/30/2025,20,3282.75,0.1517140183244561,35793.005193,0.8149067990992652
06/30/2025,21,64.58333333333333,0.0029847527276788,34772.14527765,0.7916646689271581
06/30/2025,22,0.4166666666666667,1.925646921083138e-05,33489.888495,0.7624712618707149
06/30/2025,23,7.083333333333333,0.0003273599765841,31292.478469,0.7124423704451217
06/30/2025,24,6.916666666666667,0.0003196573888998,28781.081669,0.6552648767834164
07/01/2025,1,9.25,0.0004274936164804,27190.429109,0.6190501588752886
07/01/2025,2,9.833333333333334,0.0004544526733756,25401.267751,0.5783159498459496
07/01/2025,3,8.25,0.0003812780903744,24393.671686,0.5553758005154669
07/01/2025,4,8.083333333333334,0.0003735755026901,23600.686209,0.5373217351105131
07/01/2025,5,6.666666666666667,0.0003081035073733,23657.282233,0.5386102685686818
07/01/2025,6,33.916666666666664,0.0015674765937616,24297.326757,0.5531822954639215
07/01/2025,7,3266.4166666666665,0.1509591647313915,25242.238949,0.5746953080109423
07/01/2025,8,11257.0,0.5202481773751892,27463.40807,0.6252651276975617
07/01/2025,9,16499.833333333332,0.7625484781612382,29424.4820084,0.6699133062263394
07/01/2025,10,18085.75,0.8358424512715047,29146.902404,0.6635935935982117
07/01/2025,11,18836.666666666668,0.8705464600832651,28838.982802,0.6565831239298303
07/01/2025,12,19094.83333333333,0.882477768406296,28218.3236569999,0.6424524479931075
07/01/2025,13,18708.75,0.8646347240355398,27591.6146349999,0.6281840332475213
07/01/2025,14,18225.166666666668,0.8422856658694489,28004.4756719999,0.637583726408806
07/01/2025,15,18097.25,0.8363739298217236,29305.75221,0.6672101601940311
07/01/2025,16,18252.416666666668,0.8435450389558373,31286.030256,0.712295562637635
07/01/2025,17,18048.25,0.8341093690425299,32896.721394,0.7489665030218705
07/01/2025,18,16032.416666666666,0.7409465710005276,34926.6056009999,0.7951812992578664
07/01/2025,19,10829.833333333334,0.5005064451402449,35611.2482005,0.8107686998205533
07/01/2025,20,2937.6666666666665,0.1357658105240455,35014.362155,0.7971792709882254
07/01/2025,21,61.333333333333336,0.0028345522678343,34277.276025,0.7803978776511764
07/01/2025,22,12.333333333333334,0.0005699914886406,33386.972825,0.7601281593912042
07/01/2025,23,2.833333333333333,0.0001309439906336,31168.54138,0.7096206689438902
07/01/2025,24,0.0,0.0,28834.660853,0.6564847252173873
07/02/2025,1,0.0,0.0,27318.62926,0.6219689183963775
07/02/2025,2,0.0,0.0,26117.39213,0.5946201026350529
07/02/2025,3,0.0,0.0,25339.05182,0.576899466795398
07/02/2025,4,0.0,0.0,24583.833872,0.5597052625840301
07/02/2025,5,0.0,0.0,24447.233214,0.5565952469716108
07/02/2025,6,5.5,0.0002541853935829,24431.56335,0.5562384879164349
07/02/2025,7,2502.1666666666665,0.1156389489048845,25110.179426,0.571688681364249
07/02/2025,8,9534.083333333334,0.4406226771884015,26971.395634,0.6140633781608615
07/02/2025,9,14705.583333333334,0.6796262704455562,29220.556523,0.6652704922556762
07/02/2025,10,16657.833333333332,0.7698505312859855,28705.0529719999,0.6535339156143846
07/02/2025,11,17104.666666666668,0.7905011688676812,28451.9173973,0.6477707252981607
07/02/2025,12,18233.666666666668,0.8426784978413498,29019.7058829,0.6606976839279493
07/02/2025,13,19403.58333333333,0.8967468120915221,29046.3981374,0.6613053920418125
07/02/2025,14,19419.08333333333,0.8974631527461651,28978.3373227,0.659755837307523
07/02/2025,15,19581.666666666668,0.9049770270322316,29610.137291,0.6741401586871387
07/02/2025,16,18800.916666666668,0.8688942550249757,30245.114174,0.6885968095449648
07/02/2025,17,17524.333333333332,0.8098962846568304,31139.2112289,0.7089529032890892
07/02/2025,18,15929.083333333334,0.7361709666362415,33265.867655,0.7573709327792747
07/02/2025,19,10823.666666666666,0.5002214493959245,34132.689633,0.7771060491706477
07/02/2025,20,2811.6666666666665,0.1299426542346901,33855.755603,0.770801034469253
07/02/2025,21,43.75,0.0020219292671372,33314.458303,0.7584772061758316
07/02/2025,22,0.0,0.0,32433.3268729999,0.7384163035124373
07/02/2025,23,0.0,0.0,30582.201268,0.6962713415745619
07/02/2025,24,0.0,0.0,28522.723883,0.6493827912955846
07/03/2025,1,0.0,0.0,27152.964621,0.6181971970792238
07/03/2025,2,0.0,0.0,25619.643448,0.5832877547917423
07/03/2025,3,6.416666666666667,0.0002965496258468,24602.341754,0.5601266353857103
07/03/2025,4,0.0,0.0,23891.530898,0.5439434566806919
07/03/2025,5,7.666666666666667,0.0003543190334792,23744.916892,0.5406054650902025
07/03/2025,6,11.416666666666666,0.0005276272563767,24448.06493,0.5566141828228942
07/03/2025,7,2928.833333333333,0.1353575733767759,25408.082654,0.5784711061609883
07/03/2025,8,11833.25,0.5468798742937689,27735.806134,0.6314668711169291
07/03/2025,9,16901.75,0.7811232683620062,29724.148253,0.6767358699889608
07/03/2025,10,18992.58333333333,0.877752230861958,30074.0213758,0.6847015041975009
07/03/2025,11,20066.33333333333,0.9273761520182704,30312.9605771,0.6901414827257301
07/03/2025,12,20527.416666666668,0.9486853608469766,30282.8016761,0.6894548487494618
07/03/2025,13,20276.25,0.9370775612066874,29158.131381,0.6638492460547429
07/03/2025,14,19878.166666666668,0.9186799305226592,28638.651021,0.6520221285752271
07/03/2025,15,19362.5,0.8948481242273342,28111.722189,0.6400254301833801
07/03/2025,16,18440.33333333333,0.8522297065699221,29108.966543,0.6627298999549455
07/03/2025,17,17463.333333333332,0.8070771375643647,30253.382908,0.6887850655329774
07/03/2025,18,15806.0,0.7304826056313618,31814.4638736,0.7243265207964398
07/03/2025,19,10452.25,0.4830562327413895,32680.570806,0.7440453575958096
07/03/2025,20,2633.4166666666665,0.1217047367062964,32034.6322159999,0.7293391392731688
07/03/2025,21,99.33333333333331,0.0045907422598622,31471.088115,0.7165088134309868
07/03/2025,22,0.0,0.0,30788.2826839999,0.7009632400659233
07/03/2025,23,0.0,0.0,29331.545508,0.6677974015781524
07/03/2025,24,0.0,0.0,27728.781431,0.6313069382416233
07/04/2025,1,0.0,0.0,26272.227552,0.5981452729148002
07/04/2025,2,0.0,0.0,24851.077763,0.5657896598739295
07/04/2025,3,0.0,0.0,23720.379765,0.5400468232126947
07/04/2025,4,0.0,0.0,22778.084492,0.5185933906052261
07/04/2025,5,0.0,0.0,22604.518472,0.5146417769022711
07/04/2025,6,10.833333333333334,0.0005006681994816,22548.18895,0.5133593109506055
07/04/2025,7,3140.083333333333,0.1451206032666674,23089.931495,0.5256932762296141
07/04/2025,8,12290.083333333334,0.5679926671365245,25626.304876,0.583439416909512
07/04/2025,9,17406.416666666668,0.8044467038701653,27397.1819904,0.6237573447591711
07/04/2025,10,19321.666666666668,0.8929609902446728,27410.4715039,0.624059909879073
07/04/2025,11,20468.75,0.9459740499820914,26167.555588,0.5957621845242407
07/04/2025,12,21201.166666666668,0.979823071560891,26209.317997,0.5967129979822713
07/04/2025,13,21258.33333333333,0.9824650591366167,25635.844376,0.5836566046915407
07/04/2025,14,21277.666666666668,0.9833585593079996,25707.890578,0.5852968955679982
07/04/2025,15,20823.83333333333,0.962384413043562,25452.798388,0.5794891585839917
07/04/2025,16,20263.166666666668,0.9364729080734674,26146.705898,0.5952874952924063
07/04/2025,17,19292.5,0.8916130373999145,27078.814088,0.6165089964608989
07/04/2025,18,17616.5,0.8141558156462664,28746.8877236,0.6544863761114489
07/04/2025,19,11990.583333333334,0.554151117067779,29664.177614,0.675370505968703
07/04/2025,20,2939.1666666666665,0.1358351338132045,29512.202586,0.6719104588745092
07/04/2025,21,38.333333333333336,0.0017715951673964,29043.854563,0.6612474819540343
07/04/2025,22,0.0,0.0,28291.249839,0.6441127735573845
07/04/2025,23,0.0,0.0,27393.1848939999,0.6236663420334839
07/04/2025,24,0.0,0.0,26122.57845,0.5947381806619612
07/05/2025,1,0.0,0.0,24944.14759,0.567908599996569
07/05/2025,2,0.0,0.0,23712.227195,0.5398612119546483
07/05/2025,3,0.0,0.0,22712.941751,0.5171102722622252
07/05/2025,4,0.0,0.0,22026.650591,0.5014853385795096
07/05/2025,5,0.0,0.0,21892.585888,0.49843305958240297
07/05/2025,6,11.583333333333334,0.0005353298440611,21737.274335,0.49489704912907784
07/05/2025,7,3347.4166666666665,0.1547026223459771,22339.314849,0.5086038308185842
07/05/2025,8,12904.416666666666,0.5963844053409743,24275.443883,0.5526840835169146
07/05/2025,9,18495.83333333333,0.8547946682688049,25769.42073515,0.5866977654625717
07/05/2025,10,20306.416666666668,0.9384717295775516,25570.315918,0.5821647046493186
07/05/2025,11,21094.416666666668,0.974889564149076,25544.458808,0.5815760104441118
07/05/2025,12,21402.666666666668,0.989135500071249,25405.677459,0.5784163465858116
07/05/2025,13,21488.166666666668,0.9930869275533116,25604.301985,0.582938472510486
07/05/2025,14,21461.166666666668,0.9918391083484496,25728.7545929999,0.5857719109400871
07/05/2025,15,21230.166666666668,0.9811633218179648,25644.975687,0.5838644991496468
07/05/2025,16,20747.0,0.9588335201210848,26372.273143,0.6004230317083465
07/05/2025,17,19818.666666666668,0.9159301067193524,27422.064198,0.6243238431585233
07/05/2025,18,16833.333333333332,0.7779613561175877,29816.93224806,0.67884830251633
07/05/2025,19,11454.666666666666,0.5293834463688075,30912.1051999999,0.7037823330598166
07/05/2025,20,3166.583333333333,0.1463453147084763,31005.7193989999,0.7059136670130844
07/05/2025,21,37.083333333333336,0.0017138257597639,30375.2808009999,0.691560340234441
07/05/2025,22,0.0,0.0,29711.8764109999,0.6764564744079128
07/05/2025,23,0.0,0.0,27982.732731,0.6370887003455377
07/05/2025,24,0.0,0.0,26419.765241,0.6015042941884039
07/06/2025,1,0.0,0.0,24753.74146,0.5635735840041839
07/06/2025,2,0.0,0.0,23321.113911,0.5309566544124397
07/06/2025,3,5.666666666666667,0.0002618879812673,22477.342096,0.5117463258796933
07/06/2025,4,0.0,0.0,21723.8106459999,0.4945905185193127
07/06/2025,5,0.0,0.0,21516.731105,0.48987589550832905
07/06/2025,6,12.75,0.0005892479578514,21228.678916,0.4833177513668745
07/06/2025,7,3490.9166666666665,0.1613345503421874,21749.452652,0.49517431540698253
07/06/2025,8,13256.583333333334,0.612659973117969,23735.295101,0.5403864037718489
07/06/2025,9,18594.166666666668,0.8593391950025612,25105.345266,0.5715786210373586
07/06/2025,10,20022.58333333333,0.9253542227511332,25395.3056799999,0.5781802101345592
07/06/2025,11,20832.75,0.9627965014846738,25665.406803,0.5843296586201023
07/06/2025,12,21193.416666666668,0.9794649012335694,25273.756511,0.575412874904986
07/06/2025,13,21315.58333333333,0.9851108980061852,25090.097177,0.5712314646213948
07/06/2025,14,21204.5,0.9799771233145776,24448.547883,0.5566251783143659
07/06/2025,15,20848.83333333333,0.963539801196212,25177.576115,0.5732231158104971
07/06/2025,16,20342.83333333333,0.940154744986578,26793.231477,0.6100070777157823
07/06/2025,17,19514.916666666668,0.9018921406646564,28625.035947,0.6517121513516603
07/06/2025,18,17725.166666666668,0.8191779028164512,30325.258233,0.69042146601721
07/06/2025,19,12398.083333333334,0.5729839439559721,31898.2101447,0.7262331895813213
07/06/2025,20,3265.0,0.1508936927360747,32178.6436445,0.7326178774400238
07/06/2025,21,43.583333333333336,0.0020142266794529,31476.1367719999,0.7166237572557189
07/06/2025,22,3.0,0.0001386465783179,30660.627404,0.6980568857363018
07/06/2025,23,0.0,0.0,28691.2755,0.6532202410417529
07/06/2025,24,0.0,0.0,26695.779595,0.6077883704348873
07/07/2025,1,0.0,0.0,25237.5794069999,0.5745892232484001
07/07/2025,2,0.0,0.0,24293.287785,0.5530903393477355
07/07/2025,3,0.0,0.0,23783.385201,0.5414812810879069
07/07/2025,4,0.0,0.0,23294.108462,0.5303418157342072
07/07/2025,5,0.0,0.0,23240.908144,0.5291305930213147
07/07/2025,6,7.916666666666667,0.0003658729150057,23622.058652,0.5378083259687031
07/07/2025,7,3298.333333333333,0.1524342102729412,25110.0825759999,0.5716864763601386
07/07/2025,8,12343.833333333334,0.5704767516647218,27843.1122974,0.6339099328735044
07/07/2025,9,18109.916666666668,0.8369593264857329,30234.7480746,0.68836080240235
07/07/2025,10,19956.5,0.9223001467342954,30566.730804,0.6959191223006886
07/07/2025,11,20858.33333333333,0.9639788486942188,30379.477636,0.6916558904504075
07/07/2025,12,21210.25,0.980242862589687,29102.525265,0.6625832500380474
07/07/2025,13,21201.58333333333,0.9798423280301016,28844.4816469999,0.6567083172784595
07/07/2025,14,21163.25,0.9780707328627052,29132.314145,0.6632614596691934
07/07/2025,15,20770.25,0.9599080311030492,29178.453907,0.6643119332340668
07/07/2025,16,20117.916666666668,0.9297601029065716,30360.834742,0.6912314438024223
07/07/2025,17,19064.166666666668,0.8810604922723789,31454.6283929999,0.7161340715143235
07/07/2025,18,17288.25,0.7989855692019734,33138.751541,0.7544768537541936
07/07/2025,19,11450.0,0.5291677739136463,34409.1286779999,0.7833997944455201
07/07/2025,20,2883.0,0.1332393617635844,34138.382556,0.7772356611335
07/07/2025,21,25.0,0.0011553881526498,33319.6564262,0.758595552928651
07/07/2025,22,0.0,0.0,32342.761601,0.736354385114777
07/07/2025,23,0.0,0.0,30055.104285,0.6842708148538994
07/07/2025,24,0.0,0.0,28125.712545,0.6403439515303512
07/08/2025,1,0.0,0.0,26550.483596,0.6044803861840936
07/08/2025,2,0.0,0.0,25304.573332,0.5761144878828323
07/08/2025,3,0.0,0.0,24294.0547299999,0.5531078005441784
07/08/2025,4,0.0,0.0,23805.34537,0.5419812528262669
07/08/2025,5,0.0,0.0,23972.7621159999,0.5457928647281665
07/08/2025,6,7.5,0.0003466164457949,24404.918511,0.555631859321129
07/08/2025,7,3023.083333333333,0.139713386712266,25509.408613,0.5807780153592832
07/08/2025,8,11902.416666666666,0.550076448182767,28327.963101,0.6449486320347487
07/08/2025,9,17325.083333333332,0.8006878410802108,30708.61411032,0.6991494090669271
07/08/2025,10,19216.0,0.8880775496528058,31139.4249267,0.7089577685913804
07/08/2025,11,20304.666666666668,0.938390852406866,30946.210288,0.7045588106968661
07/08/2025,12,20811.666666666668,0.9618221241426058,31227.4668169999,0.710962236632666
07/08/2025,13,21028.916666666668,0.9718624471891332,30012.921612,0.683310433157908
07/08/2025,14,20573.666666666668,0.9508228289293787,29478.219591,0.6711367609542052
07/08/2025,15,20289.25,0.9376783630460652,29486.082821,0.6713157847482489
07/08/2025,16,19506.416666666668,0.9014993086927554,30689.107034,0.6987052874001937
07/08/2025,17,18544.0,0.857020716109577,32333.612779,0.7361460919800892
07/08/2025,18,16956.75,0.7836651222978359,33946.107539,0.7728580958018002
07/08/2025,19,11854.833333333334,0.54787735939889,35374.121191,0.80536997984022
07/08/2025,20,3193.083333333333,0.1475700261502852,35214.18918,0.8017287744579179
07/08/2025,21,57.833333333333336,0.0026727979264633,34441.9795778,0.7841477177187763
07/08/2025,22,0.0,0.0,33529.451553,0.7633720022467608
07/08/2025,23,0.0,0.0,31299.779278,0.7126085894831975
07/08/2025,24,0.0,0.0,28935.016007,0.6587695318961863
07/09/2025,1,14.083333333333334,0.0006508686593261,27598.927205,0.6283505200507342
07/09/2025,2,0.0,0.0,26195.108178,0.5963894800755007
07/09/2025,3,0.0,0.0,25038.095309,0.5700475272690948
07/09/2025,4,0.0,0.0,24515.581966,0.5581513572343402
07/09/2025,5,0.0,0.0,24423.12515,0.5560463736607282
07/09/2025,6,18.83333333333333,0.0008703924083295,24870.24598,0.5662260666599951
07/09/2025,7,3014.583333333333,0.139320554740365,26108.865581,0.5944259769192745
07/09/2025,8,12141.833333333334,0.5611412153913108,30101.346147,0.6853236129507236
07/09/2025,9,17721.5,0.8190084458873959,31582.1050712,0.7190363595795952
07/09/2025,10,19726.83333333333,0.9116859809052852,31543.00154872,0.7181460815443796
07/09/2025,11,20537.25,0.949139813520352,30181.896876,0.6871575281635021
07/09/2025,12,20909.75,0.9663550969948356,30082.275141,0.6848894193877282
07/09/2025,13,20945.08333333333,0.9679880455839138,30410.3801289999,0.692359453940507
07/09/2025,14,20648.08333333333,0.9542620343304332,29666.5237779999,0.6754239215728136
07/09/2025,15,20253.25,0.9360146041062496,30644.661035,0.697693376090077
07/09/2025,16,19809.916666666668,0.915525720865925,32116.742848,0.7312085691222251
07/09/2025,17,18691.0,0.8638143984471583,33887.01636,0.771512754630411
07/09/2025,18,17281.333333333332,0.7986659118130736,35587.494008,0.8102278831757653
07/09/2025,19,11949.583333333334,0.5522562804974331,36981.17006,0.8419579959280392
07/09/2025,20,3157.6666666666665,0.1459332262673645,36781.0612263,0.8374020764610188
07/09/2025,21,56.083333333333336,0.0025919207557779,35788.966372,0.8148148464209278
07/09/2025,22,0.0,0.0,34754.325139,0.7912589541214726
07/09/2025,23,5.833333333333333,0.0002695905689516,32344.758513,0.7363998492259136
07/09/2025,24,0.0,0.0,29838.381308,0.6793366377283399
07/10/2025,1,3.75,0.0001733082228974,28203.9348819999,0.6421248557578375
07/10/2025,2,0.0,0.0,26614.650164,0.6059412797932252
07/10/2025,3,0.0,0.0,25371.612241,0.5776407766773529
07/10/2025,4,0.0,0.0,25071.331374,0.5708042196786247
07/10/2025,5,4.833333333333333,0.0002233750428456,24622.723592,0.560590672933683
07/10/2025,6,4.25,0.0001964159859504,24711.160984,0.5626041454444937
07/10/2025,7,2987.25,0.1380573303601344,26091.587631,0.5940326062354334
07/10/2025,8,12374.083333333334,0.5718747713294281,30509.23932,0.6946102017183211
07/10/2025,9,18045.83333333333,0.833997681521107,32467.40793,0.739192234030708
07/10/2025,10,19969.33333333333,0.922893245985989,32783.552638,0.7463899663993451
07/10/2025,11,20831.33333333333,0.9627310294893568,31653.18907317,0.7206547438476998
07/10/2025,12,21265.58333333333,0.9828001217008854,31535.1683271,0.7179677409573691
07/10/2025,13,21356.58333333333,0.987005734576531,31639.8955579999,0.7203520876209417
07/10/2025,14,21093.25,0.9748356460352856,31940.451466,0.7271949065353657
07/10/2025,15,20535.25,0.94904738246814,32832.478162,0.7475038639874942
07/10/2025,16,19902.75,0.919816062206098,34416.541197,0.7835685568084192
07/10/2025,17,18967.416666666668,0.8765891401216239,36427.4228947999,0.8293507189623222
07/10/2025,18,17366.583333333332,0.8026057854136096,38495.167141,0.8764274825908867
07/10/2025,19,11834.25,0.546926089819875,39655.3778089,0.902842240350431
07/10/2025,20,3171.5,0.1465725410451641,39173.6841813,0.8918754212723058
07/10/2025,21,53.083333333333336,0.0024532741774599,37983.374162,0.8647753853146308
07/10/2025,22,0.0,0.0,36555.795873,0.8322734132762476
07/10/2025,23,0.0,0.0,33840.325644,0.7704497373811453
07/10/2025,24,0.0,0.0,31069.369278,0.7073627970562129
07/11/2025,1,0.0,0.0,29171.033814,0.6641429984323354
07/11/2025,2,0.0,0.0,27359.850047,0.6229074006336022
07/11/2025,3,0.0,0.0,25939.102408,0.5905609434254839
07/11/2025,4,0.0,0.0,25112.536073,0.5717423356370048
07/11/2025,5,0.0,0.0,24917.614396,0.5673045132462157
07/11/2025,6,2.833333333333333,0.0001309439906336,25426.2143779999,0.5788839148951874
07/11/2025,7,2893.0,0.1337015170246444,26407.075815,0.6012153913855152
07/11/2025,8,12177.75,0.5628011230372844,29611.362721,0.6741680583070068
07/11/2025,9,17954.916666666668,0.8297959199393037,32516.1624595,0.7403022385514852
07/11/2025,10,19566.08333333333,0.9042568350837464,32849.7550844,0.7478972112757523
07/11/2025,11,20494.666666666668,0.9471718023670052,32113.8490829999,0.7311426861721665
07/11/2025,12,20954.83333333333,0.9684386469634472,31842.3859639999,0.7249622288402111
07/11/2025,13,21049.5,0.9728137167681482,32228.108822,0.7337440614317297
07/11/2025,14,20813.916666666668,0.9619261090763442,32510.102516,0.7401642705565187
07/11/2025,15,20218.83333333333,0.9344240197494348,32887.812342,0.7487636687806777
07/11/2025,16,20089.166666666668,0.9284314065310242,34636.456002,0.7885754029463942
07/11/2025,17,19109.83333333333,0.883171001297886,36116.640585,0.8222750734296235
07/11/2025,18,17348.5,0.8017700546498596,37845.05304,0.8616261995402303
07/11/2025,19,11394.166666666666,0.5265874070393949,37923.1019016,0.8634031542171804
07/11/2025,20,2884.1666666666665,0.1332932798773748,36925.5514681,0.8406917158699317
07/11/2025,21,33.666666666666664,0.0015559227122351,35876.053861,0.8167975854091718
07/11/2025,22,0.0,0.0,34759.29409,0.7913720832631153
07/11/2025,23,0.0,0.0,32600.513939,0.7422226862419764
07/11/2025,24,0.0,0.0,30397.196726,0.6920593046604464
07/12/2025,1,0.0,0.0,28790.052266,0.655469112232434
07/12/2025,2,0.0,0.0,26944.330541,0.613447181555267
07/12/2025,3,0.0,0.0,25561.045058,0.5819536330500841
07/12/2025,4,0.0,0.0,24717.207809,0.5627418147678404
07/12/2025,5,0.0,0.0,24344.868791,0.5542646948472844
07/12/2025,6,2.583333333333333,0.0001193901091071,24214.13425,0.5512882343415636
07/12/2025,7,2783.583333333333,0.1286447682098801,24609.7963479999,0.5602963556788874
07/12/2025,8,12005.5,0.5548404986655266,26960.684864,0.6138195238309575
07/12/2025,9,17880.5,0.8263567145382491,29012.5658183,0.6605351245910851
07/12/2025,10,19930.33333333333,0.9210908404678552,29733.9111795,0.6769581445686185
07/12/2025,11,20833.0,0.9628080553662004,29385.4194985,0.669023961933069
07/12/2025,12,21172.33333333333,0.9784905238915012,29403.2270679,0.6694293905720236
07/12/2025,13,21195.916666666668,0.9795804400488344,28975.165738,0.659683629178532
07/12/2025,14,20864.08333333333,0.9642445879693282,28481.00793,0.6484330355109753
07/12/2025,15,20646.75,0.9542004136289588,29022.946302,0.6607714592240519
07/12/2025,16,20046.916666666668,0.926478800553046,29856.3479109999,0.6797456871183643
07/12/2025,17,19001.33333333333,0.8781566167153855,31370.624957,0.7142215478026401
07/12/2025,18,17065.083333333332,0.788671804292652,33210.415341,0.7561084384047251
07/12/2025,19,11374.25,0.5256669478111171,34408.0630824,0.7833755338087067
07/12/2025,20,2883.1666666666665,0.1332470643512688,34507.3370636,0.7856357252013354
07/12/2025,21,117.41666666666669,0.0054264730236122,33516.291621,0.7630723873358402
07/12/2025,22,0.0,0.0,32412.524965,0.7379427021433443
07/12/2025,23,0.0,0.0,30656.891474,0.6979718290404042
07/12/2025,24,0.0,0.0,28471.884228,0.6482253142885558
07/13/2025,1,0.0,0.0,27116.3192189999,0.6173628835846016
07/13/2025,2,0.0,0.0,25421.781166,0.5787829830348676
07/13/2025,3,0.0,0.0,24331.381333,0.5539576230837513
07/13/2025,4,0.0,0.0,23643.1619169999,0.5382887883953388
07/13/2025,5,0.0,0.0,23189.364207,0.5279570814794042
07/13/2025,6,0.0,0.0,23092.92485,0.5257614265659288
07/13/2025,7,2227.6666666666665,0.1029527869887888,23040.608093,0.5245703200702255
07/13/2025,8,10925.5,0.5049277304710518,25261.22311,0.575127524355747
07/13/2025,9,16934.916666666668,0.7826560833111884,27671.91346977,0.6300122135319389
07/13/2025,10,19372.08333333333,0.8952910230191833,28334.0485,0.6450871795803821
07/13/2025,11,20419.166666666668,0.9436825301460026,28076.743402,0.6392290608593503
07/13/2025,12,20803.666666666668,0.9614523999337578,27789.705145,0.632694001118777
07/13/2025,13,20832.25,0.9627733937216209,26693.3733819999,0.6077335876826907
07/13/2025,14,20676.666666666668,0.9555830281182964,26292.36952,0.5986038492925572
07/13/2025,15,20352.08333333333,0.9405822386030588,26994.442003,0.6145880796407005
07/13/2025,16,19795.58333333333,0.9148632983250724,28670.412052,0.6527452385786688
07/13/2025,17,18442.08333333333,0.8523105837406076,30300.962888,0.6898683288408202
07/13/2025,18,16043.666666666666,0.7414664956692201,32335.879872,0.7361977073582876
07/13/2025,19,10274.0,0.4748183152129958,34039.740602,0.7749898592356823
07/13/2025,20,2427.583333333333,0.1121920409161457,34180.4670982999,0.7781938086674176
07/13/2025,21,29.416666666666668,0.0013595067262846,33437.0585404,0.7612684712984367
07/13/2025,22,0.0,0.0,32428.849032,0.7383143555743854
07/13/2025,23,19.33333333333333,0.0008935001713825,30474.8425,0.6938270821581095
07/13/2025,24,0.0,0.0,28715.463945,0.6537709444035927
07/14/2025,1,0.0,0.0,27007.807092,0.614892365403741
07/14/2025,2,0.0,0.0,25425.154014,0.5788597733673001
07/14/2025,3,0.0,0.0,24446.335556,0.5565748098050884
07/14/2025,4,0.0,0.0,24137.220705,0.5495371276539479
07/14/2025,5,0.0,0.0,24117.2427379999,0.5490822851210905
07/14/2025,6,1.25,5.776940763249413e-05,24586.36192,0.5597628191790279
07/14/2025,7,1813.8333333333333,0.0838272617685911,26131.724867,0.5949464190415135
07/14/2025,8,9628.583333333334,0.444990044405418,28771.083302,0.6550372418808913
07/14/2025,9,15795.0,0.7299742348441959,30796.04974,0.7011400742464938
07/14/2025,10,18513.166666666668,0.8555957373879756,32241.4264323,0.7340472662373253
07/14/2025,11,19758.0,0.9131263648022552,32104.8711022,0.7309382826146398
07/14/2025,12,20264.83333333333,0.9365499339503104,32164.7902887,0.7323024752051209
07/14/2025,13,20409.08333333333,0.9432165235911004,31816.633568,0.7243759186804395
07/14/2025,14,20205.33333333333,0.9338001101470038,32158.505885,0.7321593968780624
07/14/2025,15,19922.58333333333,0.9207326701405336,32869.827592,0.7483542062341251
07/14/2025,16,19364.666666666668,0.8949482578672305,33572.9905,0.7643632625152018
07/14/2025,17,18118.416666666668,0.8373521584576339,34932.9570396,0.795325903782448
07/14/2025,18,15688.25,0.7250407274323809,36256.3506124,0.8254558807023491
07/14/2025,19,9902.416666666666,0.4576453959707763,36759.4420954999,0.8369098692103389
07/14/2025,20,2379.1666666666665,0.1099544391938471,36044.27256,0.8206274555419413
07/14/2025,21,15.083333333333334,0.000697084185432,35222.363161,0.8019148731846577
07/14/2025,22,0.0,0.0,34125.413215,0.7769403854475455
07/14/2025,23,0.0,0.0,31874.502969,0.7256934433778048
07/14/2025,24,0.0,0.0,29421.60707,0.6698478519054037
07/15/2025,1,0.0,0.0,27996.053791,0.6373919836911711
07/15/2025,2,0.0,0.0,26674.428753,0.6073022713711603
07/15/2025,3,0.0,0.0,25495.139658,0.5804531510908921
07/15/2025,4,0.0,0.0,25195.5863679999,0.5736331589891567
07/15/2025,5,5.5,0.0002541853935829,24838.97726,0.5655141652035588
07/15/2025,6,0.0,0.0,25709.400034,0.5853312616669248
07/15/2025,7,1986.25,0.0917955887280331,26328.7509809999,0.5994321535874918
07/15/2025,8,10319.5,0.4769211216508185,28502.489297,0.6489221062645445
07/15/2025,9,16596.083333333332,0.7669967225489402,31410.1274309999,0.715120908850146
07/15/2025,10,19180.08333333333,0.8864176420068322,31843.4795431,0.724987126583198
07/15/2025,11,20334.83333333333,0.9397850207777302,32068.2360958,0.7301042057988086
07/15/2025,12,20955.25,0.9684579034326584,31562.324735,0.718586016548298
07/15/2025,13,21044.75,0.9725941930191448,31251.523168,0.7115099325829165
07/15/2025,14,20980.33333333333,0.9696171428791502,31115.462005,0.7084121997654514
07/15/2025,15,20582.58333333333,0.9512349173704906,30670.9578979999,0.6982920822433617
07/15/2025,16,19931.666666666668,0.92115246116933,31290.6641049999,0.7124010624422941
07/15/2025,17,18700.5,0.8642534459451653,32192.157094,0.7329255409574473
07/15/2025,18,16112.5,0.7446476643828495,33326.237439,0.7587453842168246
07/15/2025,19,10463.166666666666,0.4835607522347132,34555.3509537,0.7867288674307379
07/15/2025,20,2587.1666666666665,0.1195672686238941,34265.515726,0.780130128476083
07/15/2025,21,30.0,0.0013864657831798,33746.760814,0.7683195274221761
07/15/2025,22,0.0,0.0,32836.460737,0.7475945361014429
07/15/2025,23,0.0,0.0,30752.263129,0.7001431753602166
07/15/2025,24,0.0,0.0,28610.074953,0.6513715312873168
07/16/2025,1,0.0,0.0,27221.289963,0.6197527743616107
07/16/2025,2,0.0,0.0,25849.264785,0.5885155915640555
07/16/2025,3,0.0,0.0,24814.608511,0.5649593568230228
07/16/2025,4,0.0,0.0,24404.841914,0.5556301154212874
07/16/2025,5,0.0,0.0,24416.920503,0.5559051111710589
07/16/2025,6,16.5,0.0007625561807489,24823.7049889999,0.5651664582309657
07/16/2025,7,1856.5833333333333,0.0858029755096224,25627.066352,0.5834567535920958
07/16/2025,8,10117.75,0.467597139258934,27018.754063,0.6151415973709743
07/16/2025,9,16515.916666666668,0.7632917778727765,28489.066305,0.6486165022118511
07/16/2025,10,19131.666666666668,0.8841800402845337,29835.4917399999,0.6792708503322539
07/16/2025,11,19987.416666666668,0.9237289767497392,29891.051639,0.6805357941168932
07/16/2025,12,20284.166666666668,0.9374434341216932,30203.223494,0.6876430757143792
07/16/2025,13,20370.5,0.9414333745421776,30087.646833,0.6850117178175432
07/16/2025,14,20489.166666666668,0.9469176169734222,30489.1379949999,0.6941525506682023
07/16/2025,15,20261.916666666668,0.9364151386658348,30366.0545409999,0.6913502840526894
07/16/2025,16,19884.5,0.9189726288546636,30846.099229,0.7022795613797375
07/16/2025,17,18811.0,0.8693602615798778,31508.449993,0.7173594390838245
07/16/2025,18,16637.0,0.7688877078254439,32358.831111,0.7367202429936164
07/16/2025,19,10751.333333333334,0.4968785263409243,33495.5205432,0.7625994878843253
07/16/2025,20,2678.1666666666665,0.1237728814995397,33156.9791662699,0.7548918458925676
07/16/2025,21,29.08333333333333,0.001344101550916,32686.217445,0.7441739158012005
07/16/2025,22,0.0,0.0,32112.5075,0.7311121420727739
07/16/2025,23,0.0,0.0,30263.9049549999,0.6890246231670577
07/16/2025,24,0.0,0.0,28222.4661619999,0.6425467612666537
07/17/2025,1,0.0,0.0,26731.295111,0.6085969595797737
07/17/2025,2,0.0,0.0,25554.220576,0.5817982586479588
07/17/2025,3,0.0,0.0,24531.693942,0.5585181819454401
07/17/2025,4,0.0,0.0,24314.4842569999,0.5535729238375401
07/17/2025,5,0.0,0.0,24039.750537,0.547318004051885
07/17/2025,6,0.0,0.0,24629.347552,0.5607414820096982
07/17/2025,7,1239.8333333333333,0.0572995497837498,25743.2262619999,0.5861013904403085
07/17/2025,8,7868.166666666667,0.3636314619896554,26887.305089,0.6121488712204423
07/17/2025,9,13682.25,0.6323323820637543,28288.253456,0.6440445542819635
07/17/2025,10,16862.083333333332,0.779290052493135,30144.4486999999,0.6863049377461343
07/17/2025,11,19054.666666666668,0.880621444774372,31522.963617,0.7176898737822635
07/17/2025,12,19552.25,0.9036175203059468,31524.838313,0.7177325553762901
07/17/2025,13,19530.166666666668,0.9025969274377728,31203.7560720999,0.7104224091684301
07/17/2025,14,18981.916666666668,0.8772592652501608,30970.7453417,0.7051174053711212
07/17/2025,15,18529.916666666668,0.856369847450251,31572.2551382,0.7188121041048428
07/17/2025,16,16759.166666666668,0.7745337045980598,31187.9248596,0.7100619766583743
07/17/2025,17,15234.0,0.7040473246987325,31774.8958949999,0.7234256683920671
07/17/2025,18,13246.75,0.6122055204445933,32947.325054,0.7501186070816149
07/17/2025,19,8747.416666666666,0.4042664633183517,33828.238621,0.7701745496127403
07/17/2025,20,2147.75,0.0992593961941514,33629.167681,0.7656422600876125
07/17/2025,21,17.916666666666668,0.0008280281760657,33193.379159,0.7557205721032609
07/17/2025,22,5.333333333333333,0.0002464828058986,32687.387869,0.7442005630880177
07/17/2025,23,0.0,0.0,30707.805051,0.699130989044993
07/17/2025,24,0.0,0.0,29279.00429,0.6666011847321432
07/18/2025,1,2.25,0.0001039849337384,27751.823888,0.631831550656144
07/18/2025,2,0.0,0.0,25781.286738,0.5869679212192189
07/18/2025,3,0.0,0.0,24762.810941,0.5637800707658108
07/18/2025,4,0.0,0.0,24174.230829,0.5503797448502543
07/18/2025,5,4.75,0.0002195237490034,24247.771007,0.5520540493892565
07/18/2025,6,3.333333333333333,0.0001540517536866,24819.980205,0.5650816552983723
07/18/2025,7,2072.333333333333,0.0957739752669909,25555.536384,0.5818282159225638
07/18/2025,8,10277.166666666666,0.4749646643789981,28060.424499,0.6388575249981719
07/18/2025,9,16408.833333333332,0.7583428652855927,29975.626576,0.6824613293107967
07/18/2025,10,18585.25,0.8589271065614493,30999.351415,0.7057686857959419
07/18/2025,11,19947.5,0.9218842069993416,31835.850028,0.7248134238249274
07/18/2025,12,19870.83333333333,0.9183410166645484,31817.22723,0.7243894347067569
07/18/2025,13,19550.416666666668,0.9035327918414192,31458.713926,0.7162270876944898
07/18/2025,14,19861.58333333333,0.917913523048068,31534.687184,0.7179567866722675
07/18/2025,15,19558.666666666668,0.9039140699317936,30762.6452446,0.7003795471469906
07/18/2025,16,19253.75,0.8898221857633072,31089.6307385,0.7078240939445881
07/18/2025,17,18387.416666666668,0.8497841349801466,31680.1505968,0.7212685824678908
07/18/2025,18,16534.416666666668,0.7641467651057373,32420.4015644,0.7381220303213006
07/18/2025,19,10536.416666666666,0.4869460395219774,33056.081768,0.7525946938256144
07/18/2025,20,2344.0,0.108329193192453,32963.657946,0.7504904614332678
07/18/2025,21,14.25,0.0006585712470104,32596.451768,0.7421302019493289
07/18/2025,22,0.0,0.0,31912.71022,0.7265633158136874
07/18/2025,23,0.0,0.0,30391.450228,0.6919284729444182
07/18/2025,24,4.5,0.0002079698674769,28493.061039,0.6487074511522835
07/19/2025,1,0.0,0.0,27149.413391,0.6181163454866694
07/19/2025,2,0.0,0.0,25749.997054,0.5862555424710312
07/19/2025,3,0.0,0.0,24566.200833,0.5593038075150186
07/19/2025,4,0.0,0.0,23940.0244849999,0.5450475202692575
07/19/2025,5,0.0,0.0,23446.380191,0.5338086178818227
07/19/2025,6,0.0,0.0,23453.807004,0.5339777056791927
07/19/2025,7,2095.4166666666665,0.096840783661271,23727.37772,0.5402061471107172
07/19/2025,8,11132.5,0.5144943443749928,26761.860001,0.6092928367921066
07/19/2025,9,17531.416666666668,0.8102236446334147,29568.104401,0.6731831871318839
07/19/2025,10,19542.58333333333,0.9031707702202556,30519.283309,0.6948388753064159
07/19/2025,11,20647.75,0.9542466291550646,30140.066486,0.6862051669678951
07/19/2025,12,21184.58333333333,0.9790566640862998,29731.4208169,0.6769014459649662
07/19/2025,13,21159.666666666668,0.977905127227492,28095.1654135,0.639648478629484
07/19/2025,14,20922.75,0.9669558988342134,27011.676937,0.6149804709703163
07/19/2025,15,20390.08333333333,0.9423384285950864,26807.9345709999,0.6103418261171447
07/19/2025,16,19880.25,0.9187762128687132,27695.739799,0.6305546725286734
07/19/2025,17,18722.0,0.8652470797564442,28611.1874939999,0.6513968607398232
07/19/2025,18,16558.833333333332,0.7652751942014919,30330.2319127999,0.6905347028204242
07/19/2025,19,10794.666666666666,0.4988811991388506,31792.945365,0.7238366044323328
07/19/2025,20,2488.5,0.1150073367147693,31771.0185409999,0.7233373918665259
07/19/2025,21,12.916666666666666,0.0005969505455357,31278.6849579999,0.7121283307092341
07/19/2025,22,1.9166666666666667,8.857975836982434e-05,30591.327039,0.696479109902335
07/19/2025,23,0.0,0.0,28979.002668,0.6597709853624514
07/19/2025,24,0.0,0.0,27241.581679,0.6202147600832517
07/20/2025,1,4.5,0.0002079698674769,26014.045871,0.5922671968461575
07/20/2025,2,4.416666666666667,0.0002041185736348,24739.88713,0.5632581595894668
07/20/2025,3,3.0,0.0001386465783179,23749.5199599999,0.5407102640974276
07/20/2025,4,0.6666666666666666,3.08103507373302e-05,23076.262962,0.5253820818938675
07/20/2025,5,0.0,0.0,22540.363269,0.51318114204246
07/20/2025,6,0.0,0.0,22372.403073,0.5093571573012958
07/20/2025,7,2198.833333333333,0.1016202393193993,22407.534496,0.5101570017209068
07/20/2025,8,11194.75,0.517371260875091,24838.851869,0.5655113104005631
07/20/2025,9,17483.166666666668,0.8079937454988004,27112.9808926,0.6172868792126238
07/20/2025,10,19498.83333333333,0.901148840953118,28306.0583888,0.644449922892897
07/20/2025,11,20242.0,0.935494679437557,27778.986131517,0.6324499591077798
07/20/2025,12,20507.33333333333,0.9477571990310144,27360.4432031,0.622920905141989
07/20/2025,13,20793.83333333333,0.960997947260382,26775.49746,0.6096033236596275
07/20/2025,14,20701.666666666668,0.9567384162709462,25829.219582,0.5880592182551941
07/20/2025,15,20148.916666666668,0.9311927842158574,26089.283664,0.5939801513392022
07/20/2025,16,19401.58333333333,0.8966543810393101,26302.207016,0.5988278216115419
07/20/2025,17,18713.83333333333,0.8648696529599118,27422.007011,0.6243225411701916
07/20/2025,18,15963.583333333334,0.7377654022868984,29390.3491943,0.6691361973434027
07/20/2025,19,10710.666666666666,0.494999094945947,30848.442714,0.7023329159904999
07/20/2025,20,2465.5,0.1139443796143314,31085.09229,0.7077207661429669
07/20/2025,21,11.166666666666666,0.0005160733748502,30655.587924,0.6979421508462365
07/20/2025,22,0.0,0.0,29947.502637,0.6818210257379346
07/20/2025,23,0.0,0.0,28101.412363,0.6397907042289755
07/20/2025,24,0.0,0.0,26336.012778,0.5995974844312462
07/21/2025,1,0.0,0.0,25329.431455,0.5766804379430833
07/21/2025,2,0.0,0.0,23976.697807,0.545882469424331
07/21/2025,3,0.0,0.0,23040.944292,0.5245779743828343
07/21/2025,4,0.0,0.0,22668.997165,0.5161097767262426
07/21/2025,5,0.75,3.466164457949648e-05,22805.9378589999,0.5192275340090458
07/21/2025,6,0.0,0.0,24041.388443,0.5473552945986968
07/21/2025,7,2202.5,0.1017896962484546,25078.484341,0.570967072767115
07/21/2025,8,11493.083333333334,0.5311588928300462,27823.783407,0.6334698680026987
07/21/2025,9,17821.0,0.8236068907349424,30223.104926,0.6880957204147968
07/21/2025,10,19707.25,0.910780926852376,31298.0344824,0.7125688653586146
07/21/2025,11,20774.25,0.960092893207473,31375.0993487,0.7143234172097632
07/21/2025,12,21165.25,0.9781631639149172,30831.36402754,0.7019440819811481
07/21/2025,13,21109.416666666668,0.975582797040666,30330.5468406,0.6905418728471974
07/21/2025,14,20915.916666666668,0.9666400927391556,29872.608869,0.6801159037336693
07/21/2025,15,20525.25,0.9485852272070804,28200.409089,0.6420445832947587
07/21/2025,16,20337.0,0.9398851544176268,28429.183195,0.6472531309825543
07/21/2025,17,19335.416666666668,0.8935964537286302,29473.954164,0.6710396490899003
07/21/2025,18,17157.25,0.792931335282088,30035.449268,0.6838233249909124
07/21/2025,19,11446.833333333334,0.529021424747644,31459.3428944999,0.7162414075512391
07/21/2025,20,2556.583333333333,0.1181538437838191,31309.833331,0.712837492200475
07/21/2025,21,9.916666666666666,0.0004583039672177,31209.212565,0.7105466382779881
07/21/2025,22,7.666666666666667,0.0003543190334792,30665.574837,0.6981695249731595
07/21/2025,23,0.0,0.0,29085.242015,0.6621897586880032
07/21/2025,24,0.0,0.0,27124.11236,0.6175403116477964
07/22/2025,1,0.0,0.0,26166.047389,0.5957278470436947
07/22/2025,2,0.0,0.0,24811.245052,0.5648827802519075
07/22/2025,3,2.75,0.0001270926967914,23749.646459,0.5407131441264921
07/22/2025,4,0.0,0.0,23291.764634,0.5302884533142925
07/22/2025,5,0.0,0.0,23462.010775,0.5341644826410629
07/22/2025,6,0.0,0.0,24263.055086,0.5524020251970411
07/22/2025,7,2230.583333333333,0.1030875822732647,25344.017947,0.5770125316424448
07/22/2025,8,11616.333333333334,0.5368549564226102,27812.9070569999,0.633222243878469
07/22/2025,9,17925.5,0.8284364132130189,30089.030052,0.6850432098524161
07/22/2025,10,19978.5,0.9233168883086272,30528.0014467,0.695037362962004
07/22/2025,11,20460.416666666668,0.9455889205978748,30126.4845361,0.6858959438876073
07/22/2025,12,20893.58333333333,0.9656079459894552,29418.6788646,0.6697811848435923
07/22/2025,13,21322.58333333333,0.9854344066889272,29907.4513248,0.680909169176893
07/22/2025,14,21052.33333333333,0.9729446607587818,29288.4608,0.6668164830635686
07/22/2025,15,20877.166666666668,0.9648492411025484,29450.840445,0.6705134142385933
07/22/2025,16,19878.25,0.9186837818165012,29140.715165,0.6634527274401016
07/22/2025,17,19374.25,0.8953911566590796,29651.798363,0.6750886649845983
07/22/2025,18,17960.5,0.8300539566267288,30033.75212,0.6837846856691561
07/22/2025,19,11905.583333333334,0.5502227973487693,30785.015485,0.7008888550662655
07/22/2025,20,2759.083333333333,0.1275124878202832,30891.845513,0.7033210765490873
07/22/2025,21,68.91666666666667,0.0031850200074715,30731.677039,0.6996744875644473
07/22/2025,22,0.0,0.0,30244.878295,0.6885914392386765
07/22/2025,23,0.0,0.0,28862.123236,0.6571099670071028
07/22/2025,24,0.0,0.0,26906.111233,0.6125770346151559
07/23/2025,1,0.0,0.0,25805.81268,0.5875263084455037
07/23/2025,2,0.0,0.0,24503.223291,0.5578699847083101
07/23/2025,3,0.0,0.0,23745.302573,0.5406142459698041
07/23/2025,4,0.0,0.0,23347.3537039999,0.5315540612411559
07/23/2025,5,0.0,0.0,23450.949641,0.5339126515010469
07/23/2025,6,0.0,0.0,24155.537496,0.5499541498470578
07/23/2025,7,2393.4166666666665,0.1106130104408576,25467.506443,0.5798240199334761
07/23/2025,8,12130.416666666666,0.5606135881349339,28096.2529149999,0.6396732380024822
07/23/2025,9,18697.0,0.8640916916037943,30898.579013,0.7034743795450817
07/23/2025,10,20406.166666666668,0.9430817283066246,30174.77045089,0.6869952793597457
07/23/2025,11,21190.25,0.9793185520675672,29172.1519336,0.6641684548939913
07/23/2025,12,21453.166666666668,0.9914693841396016,29605.339591,0.674030928452657
07/23/2025,13,21481.08333333333,0.9927595675767272,29208.474371,0.6649954153863421
07/23/2025,14,21078.08333333333,0.9741347105560112,29142.192483,0.6634863618464929
07/23/2025,15,20354.33333333333,0.9406862235367972,28525.865894,0.6494543261139922
07/23/2025,16,20153.25,0.93139305149565,28908.956379,0.6581762269215218
07/23/2025,17,19605.83333333333,0.9060939022464596,30213.424906,0.6878753333846807
07/23/2025,18,18298.666666666668,0.8456825070382396,31402.2289314,0.7149410820657804
07/23/2025,19,12193.166666666666,0.5635136123980851,32178.729337,0.7326198284190072
07/23/2025,20,2658.6666666666665,0.1228716787404728,31934.002236,0.7270480755736285
07/23/2025,21,29.33333333333333,0.0013556554324425,31611.0094469999,0.719694431519519
07/23/2025,22,3.1666666666666665,0.0001463491660023,31373.628345,0.7142899265623541
07/23/2025,23,9.333333333333334,0.0004313449103226,29534.239501,0.6724121779050248
07/23/2025,24,10.0,0.0004621552610599,27559.084028,0.627443402147112
07/24/2025,1,11.0,0.0005083707871659,26055.724118,0.5932160941704168
07/24/2025,2,18.166666666666668,0.0008395820575922,24790.352183,0.5644071079547929
07/24/2025,3,10.083333333333334,0.0004660065549021,23913.46377,0.5444428069425712
07/24/2025,4,13.583333333333334,0.0006277608962731,23391.822744,0.5325664971305175
07/24/2025,5,11.833333333333334,0.0005468837255876,23341.610639,0.5314233076849554
07/24/2025,6,15.416666666666666,0.0007124893608007,23962.543096,0.5455602061728665
07/24/2025,7,2367.25,0.1094037041744174,25284.525769,0.5756580608433596
07/24/2025,8,12053.916666666666,0.5570781003878252,27673.780235,0.6300547145644744
07/24/2025,9,18477.166666666668,0.8539319784481597,30224.938166,0.688137458171443
07/24/2025,10,20221.0,0.9345241533893311,31102.137742,0.7081088434964503
07/24/2025,11,21214.58333333333,0.9804431298694796,31113.0405580999,0.7083570701798827
07/24/2025,12,21517.33333333333,0.9944348803980696,30657.16065571,0.6979779575564226
07/24/2025,13,21599.0,0.9982091483633928,30140.1518816,0.6862071111872943
07/24/2025,14,21237.08333333333,0.9814829792068644,28866.02766,0.6571988598409683
07/24/2025,15,20695.83333333333,0.9564688257019944,28756.465476,0.6547044347938301
07/24/2025,16,20144.916666666668,0.9310079221114334,28786.529634,0.6553889117364978
07/24/2025,17,18356.25,0.8483437510831764,29785.4557978,0.6781316716218277
07/24/2025,18,16820.916666666668,0.777387513335105,31889.11262,0.7260260643429395
07/24/2025,19,12034.666666666666,0.5561884515102848,32314.807635,0.7357179513525837
07/24/2025,20,2585.5,0.1194902427470508,32158.4579319999,0.7321583051221283
07/24/2025,21,10.416666666666666,0.0004814117302707,31697.411781,0.7216615714412737
07/24/2025,22,0.0,0.0,31093.961235,0.7079226872597427
07/24/2025,23,0.0,0.0,29400.772407,0.669373504796406
07/24/2025,24,0.0,0.0,27349.15847,0.6226639832747239
07/25/2025,1,0.0,0.0,26214.800256,0.5968378137139886
07/25/2025,2,5.166666666666667,0.0002387802182143,24833.6871039999,0.5653937231208241
07/25/2025,3,0.0,0.0,23805.491969,0.5419845904762126
07/25/2025,4,0.0,0.0,23241.526329,0.5291446673678772
07/25/2025,5,4.5,0.0002079698674769,23351.269803,0.5316432198821787
07/25/2025,6,0.0,0.0,23948.239465,0.545234552428766
07/25/2025,7,2027.9166666666667,0.0937212356491163,25096.481072,0.5713768080875884
07/25/2025,8,11188.416666666666,0.5170785625430864,27721.199386,0.6311343162449997
07/25/2025,9,17776.0,0.8215271920601727,29889.141108,0.6804922966599629
07/25/2025,10,19821.916666666668,0.9160803071791968,30235.6821959999,0.6883820697386873
07/25/2025,11,20542.166666666668,0.94936703985704,30679.9576675,0.6984969818687609
07/25/2025,12,20574.0,0.9508382341047474,29571.2484988,0.6732547694609015
07/25/2025,13,21111.58333333333,0.975682930680562,28941.124052,0.6589085950280151
07/25/2025,14,20823.5,0.9623690078681932,27911.608852,0.6354694081887912
07/25/2025,15,20062.25,0.9271874386200044,27894.3631509999,0.635076771724643
07/25/2025,16,19860.08333333333,0.917844199758909,27910.978734,0.6354550621611339
07/25/2025,17,19075.33333333333,0.8815765656472291,28556.848887,0.6501597223643492
07/25/2025,18,17855.666666666668,0.8252090289732836,29539.296352,0.6725273082842627
07/25/2025,19,11661.75,0.5389539115665908,30214.309008,0.6878954619189295
07/25/2025,20,2344.5,0.108352300955506,30290.1618739999,0.6896224199069828
07/25/2025,21,8.75,0.0004043858534274,30012.201509,0.6832940384230265
07/25/2025,22,0.0,0.0,29481.299887,0.6712068906943626
07/25/2025,23,0.0,0.0,28087.22421,0.6394676795965365
07/25/2025,24,0.0,0.0,26426.799328,0.6016644407111909
07/26/2025,1,0.0,0.0,25438.097947,0.5791544705840302
07/26/2025,2,5.5,0.0002541853935829,24168.993726,0.5502605106362153
07/26/2025,3,1.3333333333333333,6.16207014746604e-05,23157.867115,0.5272399806301111
07/26/2025,4,0.0,0.0,22729.246772,0.5174814920690202
07/26/2025,5,0.0,0.0,22473.953304,0.5116691725468941
07/26/2025,6,0.0,0.0,22654.254046,0.5157741170673721
07/26/2025,7,2079.5,0.0961051865374172,22662.044144,0.5159514758499504
07/26/2025,8,10780.833333333334,0.4982418843610511,24597.1107,0.5600075388905132
07/26/2025,9,16708.0,0.7721690101789697,26431.3329513,0.6017676586564794
07/26/2025,10,18326.25,0.8469572852999966,26022.5398089999,0.5924605801005091
07/26/2025,11,19731.416666666668,0.9118978020666044,26363.6021,0.6002256162675954
07/26/2025,12,19981.08333333333,0.9234362784177343,26319.034211,0.5992109298624789
07/26/2025,13,20151.166666666668,0.931296769149596,25737.28819,0.5859661971191507
07/26/2025,14,20294.916666666668,0.9379402510273328,25029.760246,0.5698577611549338
07/26/2025,15,20322.0,0.9391919215260368,24631.650727,0.5607939188743005
07/26/2025,16,19957.416666666668,0.9223425109665592,25141.442387,0.5724004517043337
07/26/2025,17,18831.75,0.8703192337465772,26092.141977,0.5940452271461957
07/26/2025,18,16481.25,0.7616896396344351,27050.099594,0.6158552475994349
07/26/2025,19,10076.416666666666,0.4656868975132195,27880.7844979999,0.6347676237055637
07/26/2025,20,2133.083333333333,0.0985815684779301,28393.303771,0.646436256668489
07/26/2025,21,6.583333333333333,0.0003042522135311,28395.5643749999,0.6464877243102715
07/26/2025,22,0.0,0.0,28075.572935,0.639202412593543
07/26/2025,23,0.0,0.0,26927.199065,0.6130571456754706
07/26/2025,24,0.0,0.0,25375.304227,0.577724832891056
07/27/2025,1,0.0,0.0,24362.1328149999,0.5546577484749826
07/27/2025,2,0.0,0.0,23085.8404989999,0.5256001356721898
07/27/2025,3,0.0,0.0,22183.432126,0.5050548164189872
07/27/2025,4,0.0,0.0,21762.457797,0.4954704062500572
07/27/2025,5,0.0,0.0,21442.675194,0.4881898491687724
07/27/2025,6,0.0,0.0,21433.816208,0.4879881547906223
07/27/2025,7,2043.1666666666667,0.0944260224222327,21278.60718,0.48445447854531154
07/27/2025,8,11281.833333333334,0.5213958629401547,23340.1734021,0.5313905858133101
07/27/2025,9,17112.833333333332,0.7908785956642134,25498.3929845,0.5805272202524572
07/27/2025,10,18605.25,0.8598514170835693,24396.113824,0.5554314011796136
07/27/2025,11,20303.0,0.9383138265300228,25278.625758,0.5755237340649084
07/27/2025,12,21087.5,0.974569906760176,25341.75891,0.5769610996768753
07/27/2025,13,21256.25,0.9823687767905628,24872.819969,0.566284669203302
07/27/2025,14,21160.5,0.9779436401659136,24110.042274,0.5489183506585175
07/27/2025,15,20788.0,0.9607283566914304,23845.06138,0.5428854754923319
07/27/2025,16,20042.916666666668,0.9262939384486218,24483.662598,0.5574246423394634
07/27/2025,17,19293.666666666668,0.8916669555137049,25802.15581,0.5874430517250815
07/27/2025,18,17610.833333333332,0.813893927664999,27809.928907,0.6331544397175564
07/27/2025,19,11729.25,0.5420734595787455,29424.0842869,0.6699042512181681
07/27/2025,20,2363.583333333333,0.109234247245362,29686.167531,0.6758711549859705
07/27/2025,21,7.5,0.0003466164457949,29512.812587,0.6719243468942403
07/27/2025,22,0.0,0.0,28962.996623,0.6594065724044765
07/27/2025,23,0.0,0.0,27332.748635,0.6222903771457753
07/27/2025,24,0.0,0.0,25726.454481,0.5857195438114455
07/28/2025,1,0.0,0.0,24648.980338,0.5611884657348812
07/28/2025,2,0.0,0.0,23375.045686,0.532184530359095
07/28/2025,3,0.0,0.0,23293.328106,0.5303240492067338
07/28/2025,4,0.0,0.0,22988.841644,0.5233917425512981
07/28/2025,5,0.0,0.0,22702.772497,0.5168787467398032
07/28/2025,6,0.0,0.0,23291.350576,0.5302790263696255
07/28/2025,7,2092.0,0.0966828806137421,24772.800077,0.5640074955042377
07/28/2025,8,11543.666666666666,0.5334966281922412,27510.854968,0.6263453610998111
07/28/2025,9,17738.25,0.8197825559496713,29530.6222614,0.672329823458168
07/28/2025,10,19751.83333333333,0.912841369057935,29615.763307,0.6742682473643963
07/28/2025,11,20886.916666666668,0.965299842482082,30080.137679,0.6848407553454879
07/28/2025,12,21240.416666666668,0.9816370309605512,29781.928988,0.6780513760090494
07/28/2025,13,21081.5,0.97429261360354,29237.721456,0.6656612898579553
07/28/2025,14,21250.33333333333,0.9820953349277688,28803.527277,0.6557759006125274
07/28/2025,15,20979.5,0.9695786299407286,28816.5030009999,0.6560713216215692
07/28/2025,16,19949.0,0.9219535302885004,29651.7474999999,0.6750875069760885
07/28/2025,17,19066.83333333333,0.8811837336753282,30631.865016,0.6974020464621713
07/28/2025,18,17904.916666666668,0.8274851436340039,32913.024735,0.7493376845797558
07/28/2025,19,11668.5,0.5392658663678063,33790.348383,0.7693118946778111
07/28/2025,20,2649.9166666666665,0.1224672928870454,33780.947267,0.7690978575131135
07/28/2025,21,33.0,0.0015251123614978,32908.5671886,0.7492361986930839
07/28/2025,22,0.0,0.0,32064.555769,0.7300204150325387
07/28/2025,23,0.0,0.0,30059.33259,0.6843670815539037
07/28/2025,24,0.0,0.0,27893.8210589999,0.6350644298032493
07/29/2025,1,0.0,0.0,26578.163861,0.6051105885386526
07/29/2025,2,0.0,0.0,25022.83544,0.5697001026554193
07/29/2025,3,0.0,0.0,24004.529649,0.5465161227639979
07/29/2025,4,0.0,0.0,23648.280712,0.5384053290665197
07/29/2025,5,0.0,0.0,23690.425848,0.5393648561498192
07/29/2025,6,0.0,0.0,24398.758317,0.5554916089021631
07/29/2025,7,1969.0833333333333,0.0910022221965469,25474.387252,0.5799806767441342
07/29/2025,8,11479.916666666666,0.530550388402984,28249.5204299,0.6431627114149456
07/29/2025,9,18164.916666666668,0.8395011804215626,30797.0952634,0.7011638778953544
07/29/2025,10,20291.33333333333,0.9377746453921194,32129.7748642,0.7315052717475031
07/29/2025,11,21057.83333333333,0.9731988461523648,31831.958826,0.7247248320190879
07/29/2025,12,21369.58333333333,0.9876065364159088,30998.914943,0.7057587485470715
07/29/2025,13,21556.5,0.996244988503888,30420.234321,0.6925838063808012
07/29/2025,14,21350.5,0.9867245901260528,30255.6115829999,0.6888358062405711
07/29/2025,15,20936.08333333333,0.96757210584896,30197.603117,0.6875151154214084
07/29/2025,16,20377.5,0.9417568832249196,31338.8158759999,0.7134973438348451
07/29/2025,17,19665.416666666668,0.9088475773436088,32550.43604,0.7410825522923497
07/29/2025,18,17756.166666666668,0.8206105841257371,34024.372865,0.7746399787687994
07/29/2025,19,11323.75,0.5233330637427643,34808.281928,0.7924873995670721
07/29/2025,20,2177.083333333333,0.1006150516265939,34137.610619,0.7772180862831519
07/29/2025,21,2.333333333333333,0.0001078362275806,33221.1908778,0.7563537672938451
07/29/2025,22,0.0,0.0,32626.1601281,0.7428065783671524
07/29/2025,23,0.0,0.0,30677.373391,0.6984381451078003
07/29/2025,24,0.0,0.0,28455.84117,0.6478600586479062
07/30/2025,1,0.0,0.0,26871.943543,0.611799131705345
07/30/2025,2,0.0,0.0,25495.570275,0.5804629550377587
07/30/2025,3,0.0,0.0,24626.095404,0.560667439679288
07/30/2025,4,3.1666666666666665,0.0001463491660023,23937.920971,0.5449996291282014
07/30/2025,5,0.0,0.0,23607.814855,0.5374840344777343
07/30/2025,6,0.0,0.0,24234.113798,0.5517431128693748
07/30/2025,7,1877.0833333333333,0.0867503937947953,25533.737924,0.5813319258466647
07/30/2025,8,11279.666666666666,0.5212957293002584,27870.136809,0.6345252055539187
07/30/2025,9,18161.416666666668,0.8393394260801917,30802.2568544,0.7012813929119726
07/30/2025,10,20336.5,0.9398620466545736,31537.5174549999,0.718021224041208
07/30/2025,11,21156.5,0.9777587780614898,31920.399964,0.7267383898158603
07/30/2025,12,21581.83333333333,0.9974157818319064,31609.975851,0.719670899424259
07/30/2025,13,21637.75,1.0,30928.1619139999,0.7041478996094606
07/30/2025,14,21525.416666666668,0.99480845590076,30040.018949,0.6839273638693618
07/30/2025,15,21067.58333333333,0.9736494475318984,30655.1856999999,0.6979329933287083
07/30/2025,16,20724.08333333333,0.9577744143144888,31583.134858,0.7190598049500082
07/30/2025,17,19697.58333333333,0.9103341767666848,32747.786107,0.7455756623437081
07/30/2025,18,17990.916666666668,0.8314596788791195,34006.866402,0.7742414054819252
07/30/2025,19,11264.0,0.5205716860579311,34974.083669,0.7962622423139959
07/30/2025,20,2179.75,0.1007382930295432,34450.5074266,0.784341873027372
07/30/2025,21,20.25,0.0009358644036464,33763.359587,0.7686974351418959
07/30/2025,22,5.333333333333333,0.0002464828058986,32851.489643,0.7479367023324254
07/30/2025,23,0.0,0.0,30569.191809,0.6959751525137513
07/30/2025,24,0.0,0.0,28345.974762,0.6453587072696396
07/31/2025,1,0.0,0.0,27099.053351,0.6169697879741715
07/31/2025,2,1.1666666666666667,5.391811379032786e-05,25576.684048,0.5823096891904759
07/31/2025,3,8.333333333333334,0.0003851293842166,24394.935915,0.5554045834802435
07/31/2025,4,0.0,0.0,23709.231247,0.5397930025829628
07/31/2025,5,0.0,0.0,23298.110083,0.5304329214724021
07/31/2025,6,0.0,0.0,23765.633692,0.5410771287877475
07/31/2025,7,1778.25,0.0821827592979861,24726.648038,0.56295674242635
07/31/2025,8,11035.166666666666,0.5099960331673425,27364.021563,0.6230023744066234
07/31/2025,9,18173.58333333333,0.8399017149811479,30517.2017131,0.6947914831793022
07/31/2025,10,20285.33333333333,0.9374973522354836,31136.2792718,0.708886150811543
07/31/2025,11,20956.33333333333,0.9685079702526064,30661.2021647999,0.6980699714350623
07/31/2025,12,21296.83333333333,0.9842443568916978,30259.6261331,0.6889272063382789
07/31/2025,13,21343.916666666668,0.9864203379125218,30353.4740486,0.6910638613637474
07/31/2025,14,21240.166666666668,0.9816254770790248,30253.070975,0.6887779636894413
07/31/2025,15,21049.916666666668,0.9728329732373592,31109.994927,0.7082877296627209
07/31/2025,16,20573.08333333333,0.9507958698724835,32198.4978886,0.7330699031478632
07/31/2025,17,19587.75,0.9052581714827096,33396.2698161,0.7603398259226314
07/31/2025,18,17831.583333333332,0.8240960050528975,34337.96820172,0.7817796690708848
07/31/2025,19,11081.666666666666,0.5121450551312713,35272.3770309999,0.8030535493727124
07/31/2025,20,2128.083333333333,0.0983504908474001,35143.638025,0.8001225216276848
07/31/2025,21,143.25,0.0066203741146838,34392.625947,0.7830240733340065
07/31/2025,22,112.58333333333331,0.0052030979807666,33306.524483,0.7582965752445654
07/31/2025,23,0.0,0.0,30948.874369,0.7046194643834885
07/31/2025,24,0.0,0.0,28797.575601,0.6556403975662679
08/01/2025,1,0.0,0.0,27369.889876,0.6231359795101111
08/01/2025,2,3.6666666666666665,0.0001694569290553,25973.878962,0.5913527084687104
08/01/2025,3,0.0,0.0,24626.479814,0.5606761916217681
08/01/2025,4,0.0,0.0,24084.47137,0.5483361725648829
08/01/2025,5,0.0,0.0,23774.4900309999,0.5412787629010953
08/01/2025,6,0.0,0.0,24547.071206,0.558868279315515
08/01/2025,7,1707.0,0.0788899030629339,25565.5165859999,0.5820554372587509
08/01/2025,8,11063.0,0.5112823653106261,27538.74125,0.626980253886289
08/01/2025,9,18368.33333333333,0.8489021886902904,30535.5987382,0.6952103320788665
08/01/2025,10,20172.33333333333,0.932274997785506,31517.7039300999,0.7175701253958702
08/01/2025,11,21077.5,0.974107751499116,30347.5842771,0.6909297677101239
08/01/2025,12,21478.83333333333,0.9926555826429888,30374.5799319999,0.6915443834040408
08/01/2025,13,21558.166666666668,0.9963220143807312,30195.97997,0.6874781608958215
08/01/2025,14,21454.75,0.9915425587226028,30749.4767559999,0.7000797374261745
08/01/2025,15,21105.5,0.975401786230084,30897.173235,0.7034423739047605
08/01/2025,16,20875.666666666668,0.9647799178133896,32288.1430579999,0.7351108733781213
08/01/2025,17,19843.416666666668,0.9170739409904758,33453.3863769999,0.7616402105527433
08/01/2025,18,17873.166666666668,0.8260178006801385,34126.4124114999,0.7769631343622291
08/01/2025,19,10884.25,0.5030213400191794,34689.0949589999,0.7897738450365571
08/01/2025,20,1920.4166666666667,0.0887530665927218,34031.993612,0.7748134819019125
08/01/2025,21,0.0,0.0,33448.031795,0.7615183016698618
08/01/2025,22,0.0,0.0,32429.640629,0.7383323780280456
08/01/2025,23,0.0,0.0,30492.654365,0.6942326085958833
08/01/2025,24,0.0,0.0,28449.5399469999,0.6477165973923416
08/02/2025,1,0.0,0.0,26920.1471509999,0.6128965932816619
08/02/2025,2,0.0,0.0,25485.381082,0.5802309755599736
08/02/2025,3,0.0,0.0,24511.281747,0.5580534532533299
08/02/2025,4,0.0,0.0,23578.997431,0.5368279421875368
08/02/2025,5,0.0,0.0,23233.943459,0.5289720265883069
08/02/2025,6,0.0,0.0,23187.085783,0.5279052081259705
08/02/2025,7,1498.1666666666667,0.0692385606944653,23607.349533,0.5374734403949093
08/02/2025,8,10000.333333333334,0.4621706662353217,26259.108749,0.597846594396383
08/02/2025,9,17262.5,0.797795519404744,28488.0721783,0.6485938687223571
08/02/2025,10,19266.58333333333,0.8904152850150008,28497.4524684,0.6488074317394549
08/02/2025,11,20530.33333333333,0.9488201561314524,28552.620173,0.6500634463525568
08/02/2025,12,21067.83333333333,0.9736610014134248,28130.631479,0.6404559419245444
08/02/2025,13,21286.83333333333,0.9837822016306378,27692.2734639999,0.6304757537582514
08/02/2025,14,21289.58333333333,0.9839092943274292,27513.1516419999,0.6263976499547911
08/02/2025,15,21072.416666666668,0.973872822574744,27591.475907,0.628180874798273
08/02/2025,16,20608.83333333333,0.952448074930773,28843.4028029999,0.6566837550125635
08/02/2025,17,19909.0,0.9201049092442606,31007.3706089999,0.7059512604548334
08/02/2025,18,17920.416666666668,0.8282014842886468,32371.2046046,0.7370019528977968
08/02/2025,19,10817.333333333334,0.4999287510639199,33167.659465,0.7551350064767275
08/02/2025,20,1823.1666666666667,0.0842586066789137,32771.703652,0.7461201980688635
08/02/2025,21,2.583333333333333,0.0001193901091071,32313.256059,0.7356826262988504
08/02/2025,22,3.5,0.0001617543413709,31373.6974,0.7142914987519121
08/02/2025,23,0.0,0.0,29553.884853,0.6728594477229453
08/02/2025,24,0.0,0.0,27337.928076,0.6224082985570587
08/03/2025,1,0.0,0.0,25969.945901,0.5912631636503055
08/03/2025,2,0.0,0.0,24660.173668,0.5614433066087441
08/03/2025,3,0.0,0.0,23554.8486549999,0.5362781419780742
08/03/2025,4,0.0,0.0,22778.538065,0.5186037171961226
08/03/2025,5,0.0,0.0,22425.65311,0.5105695119770097
08/03/2025,6,0.0,0.0,22126.494159,0.5037584978733664
08/03/2025,7,1455.25,0.0672551443657496,22041.923739,0.501833065518942
08/03/2025,8,10272.583333333334,0.474752843217679,24947.650065,0.5679883415738908
08/03/2025,9,17555.0,0.8113135607907477,27772.4052227,0.6323001301870086
08/03/2025,10,19574.33333333333,0.9046381131741208,27370.257386,0.6231443466867738
08/03/2025,11,20375.33333333333,0.941656749585023,27026.625889,0.6153208168719393
08/03/2025,12,20693.33333333333,0.9563532868867296,26666.015851,0.6071107330802851
08/03/2025,13,20649.25,0.9543159524442236,25818.346304,0.58781166407183
08/03/2025,14,20333.75,0.9397349539577822,24995.931307,0.5690875706596465
08/03/2025,15,19753.25,0.9129068410532518,25317.352086,0.5764054244348894
08/03/2025,16,20188.5,0.9330221487908864,27624.5518949999,0.6289339227014235
08/03/2025,17,19491.0,0.9007868193319546,29276.5070749999,0.6665443301184717
08/03/2025,18,16945.0,0.7831220898660906,31665.9654129,0.7209456254335694
08/03/2025,19,9813.166666666666,0.4535206602658163,32854.7005694,0.7480098061620888
08/03/2025,20,1569.5,0.0725352682233596,32737.475536,0.7453409194277336
08/03/2025,21,0.4166666666666667,1.925646921083138e-05,32216.801848,0.7334866332012653
08/03/2025,22,11.666666666666666,0.0005391811379032,31128.85673,0.7087171602574723
08/03/2025,23,1.0833333333333333,5.006681994816159e-05,29320.758317,0.6675518073554353
08/03/2025,24,0.0,0.0,27091.047837,0.616787524770685
08/04/2025,1,0.0,0.0,25691.714464,0.5849286106137027
08/04/2025,2,0.0,0.0,24477.962457,0.5572948660429028
08/04/2025,3,0.0,0.0,23750.136403,0.5407242987835159
08/04/2025,4,0.0,0.0,23446.142085,0.5338031968729618
08/04/2025,5,0.0,0.0,23079.553542,0.525456999213621
08/04/2025,6,0.0,0.0,23661.441624,0.5387049662893043
08/04/2025,7,1512.1666666666667,0.0698855780599492,24946.908472,0.5679714575717063
08/04/2025,8,9523.583333333334,0.4401374141642885,28186.394137,0.6417255019655361
08/04/2025,9,16954.25,0.783549583482571,30973.489294,0.7051798775042549
08/04/2025,10,19291.916666666668,0.8915860783430194,31199.973865,0.7103362988721672
08/04/2025,11,20276.33333333333,0.9370814125005296,31549.4676506,0.7182932966317206
08/04/2025,12,20815.83333333333,0.962014688834714,30937.85673488,0.7043686236142945
08/04/2025,13,20785.75,0.960624371757692,30842.5751466999,0.702199327864517
08/04/2025,14,20550.33333333333,0.9497444666535724,31326.9281633,0.7132266938055264
08/04/2025,15,18950.75,0.8758188813531906,30419.316718,0.6925629151223124
08/04/2025,16,18001.583333333332,0.8319526444909167,31157.518375,0.7093697058947535
08/04/2025,17,16441.666666666668,0.7598602750594062,32442.0335175,0.7386145294999512
08/04/2025,18,14535.0,0.6717426719506419,34216.571119,0.7790157964213009
08/04/2025,19,8118.666666666667,0.3752084512792072,34871.559984,0.793928064238567
08/04/2025,20,1415.5833333333333,0.0654219284968785,34050.085695,0.7752253881212162
08/04/2025,21,0.0,0.0,33576.636927,0.7644462814776695
08/04/2025,22,0.0,0.0,32634.1904809999,0.7429894070830427
08/04/2025,23,0.0,0.0,30480.973184,0.6939666607167634
08/04/2025,24,0.0,0.0,28136.931202,0.6405993690292946
08/05/2025,1,0.0,0.0,26612.204886,0.605885607640045
08/05/2025,2,0.0,0.0,25192.266698,0.5735575793713209
08/05/2025,3,2.5,0.0001155388152649,24289.7461559999,0.5530097063431441
08/05/2025,4,0.0,0.0,23837.7397409999,0.5427187822133083
08/05/2025,5,0.0,0.0,23656.0992229999,0.5385833347337805
08/05/2025,6,0.5,2.3107763052997653e-05,24264.06548,0.5524250290475401
08/05/2025,7,1225.0,0.0566140194798442,25288.7276419999,0.5757537257605161
08/05/2025,8,8776.0,0.4055874571062148,27549.5287079999,0.6272258541878484
08/05/2025,9,16066.5,0.7425217501819736,31007.92656,0.7059639179069669
08/05/2025,10,18946.08333333333,0.8756032088980292,32470.436254,0.7392611805135241
08/05/2025,11,20103.0,0.9290707213088236,31548.8503949999,0.7182792434449989
08/05/2025,12,20681.58333333333,0.955810254454984,31377.7072223,0.7143827912108109
08/05/2025,13,20916.0,0.966643944032998,30715.0626099999,0.6992962234013146
08/05/2025,14,20742.416666666668,0.9586216989597656,29575.667288,0.673355372954334
08/05/2025,15,20622.416666666668,0.953075835827046,30294.9565539999,0.689731581384496
08/05/2025,16,20390.83333333333,0.942373090239666,31711.049204,0.7219720574891753
08/05/2025,17,19338.916666666668,0.8937582080700012,33177.910691,0.7553683982727352
08/05/2025,18,16908.25,0.7814236692816952,35005.1490073999,0.7969695133392114
08/05/2025,19,9916.25,0.4582847107485759,35669.2951562,0.8120902669427295
08/05/2025,20,1527.4166666666667,0.0705903648330656,34940.4743842999,0.7954970527338728
08/05/2025,21,0.0,0.0,34420.697447,0.7836631830172411
08/05/2025,22,0.0,0.0,33412.3093929999,0.7607050023083505
08/05/2025,23,0.0,0.0,31306.890208,0.7127704855065594
08/05/2025,24,0.0,0.0,28920.2063859999,0.6584323581724381
08/06/2025,1,0.0,0.0,27307.709872,0.6217203144170462
08/06/2025,2,0.0,0.0,25843.579908,0.58838616278616
08/06/2025,3,0.0,0.0,24898.427452,0.5668676800986431
08/06/2025,4,0.0,0.0,24852.852175,0.5658300582812553
08/06/2025,5,0.0,0.0,24647.651867,0.5611582201591194
08/06/2025,6,0.0,0.0,25033.386223,0.569940314527995
08/06/2025,7,1294.6666666666667,0.0598337011318952,26064.030296,0.5934052026537708
08/06/2025,8,9515.583333333334,0.4397676899554406,28807.835478,0.655873986321393
08/06/2025,9,16225.833333333334,0.7498854240081956,32641.611773,0.743158369182659
08/06/2025,10,18789.166666666668,0.8683512225932303,33871.5910949999,0.7711615644115761
08/06/2025,11,19378.166666666668,0.8955721674696615,33953.002621,0.77301507756882
08/06/2025,12,20505.0,0.9476493628034338,33490.2238402,0.7624788967446813
08/06/2025,13,20311.58333333333,0.938710509795766,33247.2196343,0.7569463694106435
08/06/2025,14,20395.0,0.9425656549317744,33251.1710806,0.7570363328110001
08/06/2025,15,20066.5,0.9273838546059548,33737.123627,0.7681001155798862
08/06/2025,16,19773.916666666668,0.9138619619261092,35618.575819,0.8109355292360958
08/06/2025,17,18167.08333333333,0.8396013140614589,37401.881834,0.8515364284526367
08/06/2025,18,15341.75,0.7090270476366536,39126.3138883,0.8907969319520357
08/06/2025,19,8758.166666666666,0.4047632802239912,39908.5877135,0.9086071229509614
08/06/2025,20,1158.4166666666667,0.0535368356999534,38778.9236293,0.8828878256204076
08/06/2025,21,0.0,0.0,37764.468541,0.8597915154788331
08/06/2025,22,0.0,0.0,36261.6398339999,0.8255763015113999
08/06/2025,23,0.0,0.0,33776.115435,0.7689878501882835
08/06/2025,24,0.0,0.0,31206.763183,0.7104908726881856
08/07/2025,1,0.0,0.0,29080.735703,0.6620871625447662
08/07/2025,2,0.0,0.0,27583.658487,0.628002893970034
08/07/2025,3,0.0,0.0,26322.905745,0.5992990738828687
08/07/2025,4,0.0,0.0,25941.444486,0.5906142660027844
08/07/2025,5,0.0,0.0,25498.740079,0.5805351226251821
08/07/2025,6,0.0,0.0,25908.793696,0.5898708986709973
08/07/2025,7,1160.0833333333333,0.0536138615767967,26908.699872,0.6126359706980621
08/07/2025,8,8691.916666666666,0.401701501619469,29345.23134,0.6681089897638326
08/07/2025,9,16879.25,0.7800834190246213,34294.499139,0.7807899998723921
08/07/2025,10,19362.58333333333,0.8948519755211762,35695.22495,0.8126806159551392
08/07/2025,11,20328.916666666668,0.9395115789149364,35856.936246,0.8163623306893723
08/07/2025,12,20812.0,0.9618375293179744,36155.189536,0.8231527254205265
08/07/2025,13,20899.58333333333,0.965885239146091,35423.881513,0.8065028834481881
08/07/2025,14,20345.25,0.940266432508001,35598.6025451,0.8104807935520253
08/07/2025,15,19981.666666666668,0.9234632374746296,36622.268,0.8337867980270055
08/07/2025,16,19631.83333333333,0.9072955059252156,38367.921503,0.8735304546659388
08/07/2025,17,17962.166666666668,0.8301309825035721,39692.379678,0.903684669605711
08/07/2025,18,14790.083333333334,0.6835314824015128,40855.775583,0.9301719463212789
08/07/2025,19,8112.0,0.3749003477718339,41290.9583149999,0.9400798421586104
08/07/2025,20,1224.9166666666667,0.056610168186002,39914.2345359999,0.9087356853341327
08/07/2025,21,0.0,0.0,38675.485875,0.8805328367389734
08/07/2025,22,0.0,0.0,37014.2800129999,0.8427118171194142
08/07/2025,23,0.0,0.0,34357.0234119999,0.782213503009433
08/07/2025,24,0.0,0.0,31690.538059,0.7215050759818197
08/08/2025,1,0.0,0.0,29454.608426,0.6705992006462789
08/08/2025,2,0.0,0.0,27971.361035,0.6368297985758282
08/08/2025,3,0.0,0.0,26757.644139,0.6091968533844732
08/08/2025,4,0.0,0.0,26127.969138,0.594860911577662
08/08/2025,5,0.0,0.0,25687.177784,0.584825323075889
08/08/2025,6,0.0,0.0,26025.585865,0.5925299302914622
08/08/2025,7,1024.9166666666667,0.047367062964803,27157.5873359999,0.6183024433937874
08/08/2025,8,8690.916666666666,0.401655286093363,30240.992887,0.6885029793460411
08/08/2025,9,16634.833333333332,0.7687875741855476,33906.861612,0.7719645756132382
08/08/2025,10,19493.83333333333,0.9009177633225882,35172.177811,0.8007722928757494
08/08/2025,11,20447.58333333333,0.9449958213461812,36026.062522,0.8202128638166016
08/08/2025,12,20816.666666666668,0.9620532017731356,35831.2862219999,0.8157783512542276
08/08/2025,13,20835.83333333333,0.962938999356834,35398.186591,0.8059178818109346
08/08/2025,14,20578.916666666668,0.9510654604414354,35684.1707377,0.8124289424029077
08/08/2025,15,19955.5,0.9222539312081894,35961.8103884999,0.81875002211992
08/08/2025,16,19627.58333333333,0.907099089939265,37428.1134067999,0.8521336481303486
08/08/2025,17,18539.916666666668,0.8568320027113109,39012.2217008,0.8881993713723491
08/08/2025,18,15841.833333333334,0.7321386619834934,40146.621054,0.9140264775578134
08/08/2025,19,8437.166666666666,0.3899280963439667,40675.645052,0.9260708770300652
08/08/2025,20,1245.9166666666667,0.0575806942342279,39345.353553,0.895783853588651
08/08/2025,21,0.0,0.0,38067.322486,0.8666866542799415
08/08/2025,22,0.0,0.0,36541.377275,0.8319451420545291
08/08/2025,23,0.9166666666666666,4.236423226382903e-05,34280.076838,0.780461644343702
08/08/2025,24,0.0,0.0,31569.846057,0.718757256051742
08/09/2025,1,4.916666666666667,0.0002272263366878,29729.136112,0.6768494296129749
08/09/2025,2,0.0,0.0,27934.930884,0.636000385745527
08/09/2025,3,0.0,0.0,26358.817431,0.6001166827126029
08/09/2025,4,0.0,0.0,25452.282982,0.5794774242283145
08/09/2025,5,0.0,0.0,24790.037867,0.5643999518569999
08/09/2025,6,4.666666666666667,0.0002156724551613,24587.450083,0.5597875936125366
08/09/2025,7,880.25,0.0406812168548023,24873.7222439999,0.5663052114860221
08/09/2025,8,8390.166666666666,0.3877559666169849,27437.905394,0.6246845029650039
08/09/2025,9,15939.0,0.7366292706034593,29873.202511,0.6801294193046425
08/09/2025,10,18876.916666666668,0.8724066350090314,31615.045079,0.719786311593232
08/09/2025,11,19967.75,0.9228200714029878,32311.2035579999,0.7356358965813784
08/09/2025,12,20429.416666666668,0.944156239288589,31988.21248,0.7282822914819665
08/09/2025,13,20666.916666666668,0.955132426738763,32273.896861,0.7347865272458554
08/09/2025,14,20207.0,0.9338771360238473,31859.6486546,0.7253552521101186
08/09/2025,15,19856.08333333333,0.9176593376544848,32270.7586026,0.734715077863673
08/09/2025,16,18997.08333333333,0.877960200729435,33438.1886588,0.7612942009392696
08/09/2025,17,17799.25,0.822601703042137,35194.382369,0.8012778286693387
08/09/2025,18,15051.25,0.695601437302862,36880.681204,0.8396701452279779
08/09/2025,19,7764.5,0.3588404524500005,37600.131459,0.856050018928213
08/09/2025,20,992.8333333333334,0.045884314835569,36481.358416,0.8305786801994949
08/09/2025,21,0.0,0.0,35606.407553,0.8106584917914
08/09/2025,22,0.0,0.0,34023.683469,0.7746242831465783
08/09/2025,23,0.0,0.0,31954.65129,0.7275181968838911
08/09/2025,24,0.0,0.0,29830.817121,0.6791644223085191
08/10/2025,1,0.0,0.0,28093.690374,0.6396148960981763
08/10/2025,2,7.666666666666667,0.0003543190334792,26484.076555,0.6029684832598444
08/10/2025,3,0.0,0.0,25250.7218279999,0.5748884394827392
08/10/2025,4,0.0,0.0,24397.690864,0.5554673059775349
08/10/2025,5,0.0,0.0,23758.260125,0.5409092532531419
08/10/2025,6,0.0,0.0,23428.31833,0.5333973997330832
08/10/2025,7,814.4166666666666,0.037638694719491,23386.2534529999,0.5324396999231393
08/10/2025,8,7834.583333333333,0.3620793905712624,25265.259265,0.5752194163367077
08/10/2025,9,15105.833333333334,0.6981240347694808,28517.998006,0.649275196270293
08/10/2025,10,18480.416666666668,0.8540821789080042,29824.449759,0.6790194552525777
08/10/2025,11,19732.75,0.911959422768079,29530.9292323999,0.672336812330815
08/10/2025,12,20176.83333333333,0.932482967652983,29356.9599761,0.6683760180630914
08/10/2025,13,20444.416666666668,0.944849472180179,30364.3539768999,0.6913115669558734
08/10/2025,14,20214.416666666668,0.9342199011758,30651.050506,0.6978388465062232
08/10/2025,15,19804.08333333333,0.9152561302969732,31567.213446,0.7186973188491597
08/10/2025,16,19108.75,0.8831209344779378,33351.752043,0.7593262805166412
08/10/2025,17,17044.833333333332,0.7877359398890057,34241.203803,0.7795766138649166
08/10/2025,18,13623.5,0.6296172199050271,36410.1746066,0.8289580235948576
08/10/2025,19,7545.0,0.3486961444697346,37097.47775947,0.8446059975298783
08/10/2025,20,806.5,0.0372728218044852,36154.1076861,0.8231280947186795
08/10/2025,21,0.0,0.0,35411.2934651,0.8062162887416028
08/10/2025,22,0.6666666666666666,3.08103507373302e-05,34113.340564,0.7766655248894558
08/10/2025,23,0.0,0.0,31644.838115,0.720464615844895
08/10/2025,24,0.0,0.0,29373.52244,0.6687530991259742
08/11/2025,1,0.0,0.0,27738.982673,0.6315391920414993
08/11/2025,2,0.0,0.0,26241.045317,0.5974353404803596
08/11/2025,3,0.0,0.0,25228.5803329999,0.5743843394575965
08/11/2025,4,0.0,0.0,24907.787911,0.5670807916169596
08/11/2025,5,0.0,0.0,24549.358515,0.558920354955593
08/11/2025,6,0.0,0.0,25203.876827,0.5738219095947683
08/11/2025,7,845.3333333333334,0.0390675247349347,26477.685359,0.6028229735702643
08/11/2025,8,8213.25,0.3795796697900659,29380.927365,0.6689216885946926
08/11/2025,9,15931.416666666666,0.7362788028638221,33207.181911,0.7560348222309167
08/11/2025,10,18664.416666666668,0.8625858357115074,34323.2346695,0.78144422767623
08/11/2025,11,19910.0,0.9201511247703666,34122.9412781,0.7768841063456402
08/11/2025,12,20295.08333333333,0.9379479536150168,34292.317716,0.7807403349609149
08/11/2025,13,20380.666666666668,0.9419032323909218,33947.182006,0.7728825584156263
08/11/2025,14,20232.916666666668,0.935074888408761,34233.15763,0.7793934249695146
08/11/2025,15,19885.5,0.9190188443807698,34927.9183119999,0.7952111860224279
08/11/2025,16,19227.08333333333,0.8885897717338139,36218.368606,0.8245911364571568
08/11/2025,17,18076.75,0.8354265115365507,37682.424251,0.8579235960519013
08/11/2025,18,15559.75,0.7191020323277605,38654.608845,0.8800575250516686
08/11/2025,19,8140.583333333333,0.3762213415596969,38935.005355,0.8864413707558955
08/11/2025,20,1116.75,0.0516111887788702,37800.848491,0.8606197853725185
08/11/2025,21,61.583333333333336,0.0028461061493608,36783.4106,0.8374555651410398
08/11/2025,22,65.5,0.0030271169599426,35480.7000686999,0.8077964833318856
08/11/2025,23,71.33333333333333,0.0032967075288943,32817.390425,0.7471603583388898
08/11/2025,24,69.08333333333333,0.0031927225951558,30260.479105,0.6889466261270617
08/12/2025,1,74.83333333333333,0.0034584618702653,28454.010257,0.6478183738705534
08/12/2025,2,70.83333333333333,0.0032735997658413,27132.669266,0.6177351285077124
08/12/2025,3,70.91666666666667,0.0032774510596835,26032.970813,0.5926980649396635
08/12/2025,4,70.58333333333333,0.0032620458843148,25672.247708,0.5844854069280868
08/12/2025,5,72.58333333333333,0.0033544769365268,25184.300127,0.5733762027912208
08/12/2025,6,69.83333333333333,0.0032273842397353,25602.497843,0.5828973972340623
08/12/2025,7,928.5,0.0429111159894166,27074.981438,0.6164217377206302
08/12/2025,8,8269.833333333334,0.3821946983088969,29447.112618,0.6704285420253834
08/12/2025,9,16133.25,0.7456066365495488,32751.3968446,0.7456578687581776
08/12/2025,10,18941.08333333333,0.8753721312674992,34235.3570541,0.7794434997157822
08/12/2025,11,20043.0,0.926297789742464,33973.123393,0.7734731713728333
08/12/2025,12,20543.33333333333,0.9494209579708304,33777.551701,0.7690205499552464
08/12/2025,13,20635.33333333333,0.9536727863725818,33017.520148,0.7517167533969514
08/12/2025,14,20369.25,0.941375605134545,33056.488959,0.7526039644278633
08/12/2025,15,19839.0,0.9168698224168408,32954.845835,0.7502898342679992
08/12/2025,16,19361.666666666668,0.8948096112889126,34297.310283,0.7808540017729448
08/12/2025,17,18184.666666666668,0.8404139370621561,35952.090014,0.8185287163305053
08/12/2025,18,15387.666666666666,0.7111491105436871,37184.770944,0.8465934196310669
08/12/2025,19,8056.666666666667,0.3723430886606355,37862.037003,0.8620128769608526
08/12/2025,20,1057.3333333333333,0.0488652162694057,36647.965741,0.8343718638450187
08/12/2025,21,22.33333333333333,0.0010321467497005,35847.9356739,0.8161574127910141
08/12/2025,22,0.0,0.0,34510.970888,0.7857184572377857
08/12/2025,23,0.25,1.1553881526498828e-05,32234.599727,0.7338918412168661
08/12/2025,24,0.0,0.0,29845.448372,0.6794975350453496
08/13/2025,1,0.0,0.0,28205.811509,0.6421675813153453
08/13/2025,2,0.0,0.0,26750.125046,0.6090256646291362
08/13/2025,3,0.0,0.0,25748.222635,0.5862151439043348
08/13/2025,4,0.0,0.0,25230.488365,0.574427780019276
08/13/2025,5,0.0,0.0,24957.634068,0.5682156494482381
08/13/2025,6,0.0,0.0,25454.030192,0.5795172033220445
08/13/2025,7,818.75,0.0378389619992836,26850.796669,0.6113176764235272
08/13/2025,8,8358.333333333334,0.3862847723692775,29872.346122,0.6801099217180328
08/13/2025,9,16178.583333333334,0.7477017403996873,32648.012896,0.7433041048823144
08/13/2025,10,18923.08333333333,0.8745402517975913,34032.8252109999,0.7748324150894302
08/13/2025,11,20239.916666666668,0.935398397091503,33950.103961,0.7729490831732799
08/13/2025,12,20632.0,0.9535187346188952,33376.0703725,0.7598799409859264
08/13/2025,13,20815.0,0.9619761758962924,32805.1981818,0.7468827750002912
08/13/2025,14,20638.08333333333,0.9537998790693732,31269.932888,0.7119290705099115
08/13/2025,15,20102.58333333333,0.9290514648396128,31757.607749,0.7230320655737741
08/13/2025,16,19642.33333333333,0.9077807689493284,33255.6726139999,0.757138820158854
08/13/2025,17,18478.0,0.8539704913865813,35028.874509,0.7975096767723099
08/13/2025,18,15995.25,0.7392288939469215,36302.6799343,0.8265106700169204
08/13/2025,19,8458.25,0.3909024736860348,36507.2320832,0.8311677513659201
08/13/2025,20,1046.1666666666667,0.0483491428945554,35616.262698,0.8108828659288414
08/13/2025,21,11.833333333333334,0.0005468837255876,34908.550445,0.7947702337632598
08/13/2025,22,0.0,0.0,33686.660549,0.7669512121797961
08/13/2025,23,0.0,0.0,31436.404211,0.7157191577695943
08/13/2025,24,9.25,0.0004274936164804,29065.103975,0.6617312717398399
08/14/2025,1,0.0,0.0,27757.438432,0.6319593781479897
08/14/2025,2,0.0,0.0,26431.548323,0.6017725620688003
08/14/2025,3,0.0,0.0,25320.113047,0.5764682838086362
08/14/2025,4,0.1666666666666666,7.70258768433255e-06,24698.2165289999,0.5623094363432786
08/14/2025,5,0.0,0.0,24650.049628,0.5612128104828707
08/14/2025,6,3.1666666666666665,0.0001463491660023,25330.135117,0.5766964583622959
08/14/2025,7,835.3333333333334,0.0386053694738747,26752.895363,0.6090887370128822
08/14/2025,8,8835.5,0.4083372809095215,29102.783527,0.6625891299427554
08/14/2025,9,16982.416666666668,0.7848513208012232,32500.5680989999,0.7399471985002067
08/14/2025,10,19369.75,0.8951831867916027,33749.28713,0.7683770445843694
08/14/2025,11,20310.666666666668,0.938668145563502,33226.7180021,0.7564796044831856
08/14/2025,12,20788.58333333333,0.9607553157483256,32468.4628885,0.739216252490454
08/14/2025,13,21005.166666666668,0.9707648284441158,31667.4843899999,0.7209802083013591
08/14/2025,14,20847.416666666668,0.9634743292008952,31098.255231,0.7080204495604168
08/14/2025,15,20656.5,0.954651015008492,31709.2458239999,0.7219309995613618
08/14/2025,16,20180.416666666668,0.9326485732881964,33210.429131,0.7561087523645252
08/14/2025,17,19122.166666666668,0.8837409927865267,34350.337773,0.7820612896747894
08/14/2025,18,16624.0,0.768286905986066,35375.1027903,0.8053923281157909
08/14/2025,19,8498.083333333334,0.3927433921425903,35404.255924,0.8060560635786019
08/14/2025,20,888.3333333333334,0.0410547923574925,34622.593063,0.7882597825287824
08/14/2025,21,0.0,0.0,34140.824009,0.7772912462021093
08/14/2025,22,0.0,0.0,33077.707337,0.7530870476561314
08/14/2025,23,6.666666666666667,0.0003081035073733,30904.81755,0.7036164136154349
08/14/2025,24,0.0,0.0,28673.648337,0.6528189197528564
08/15/2025,1,0.0,0.0,27294.009016,0.6214083841768309
08/15/2025,2,0.0,0.0,26095.822564,0.5941290238364931
08/15/2025,3,0.0,0.0,25285.8917129999,0.5756891595747096
08/15/2025,4,0.0,0.0,24649.682068,0.5612044421678476
08/15/2025,5,0.0,0.0,24224.324141,0.5515202297108601
08/15/2025,6,0.0,0.0,24976.764116,0.5686511872327364
08/15/2025,7,799.25,0.0369377592402167,26334.927594,0.5995727778212505
08/15/2025,8,8850.916666666666,0.4090497702703223,27932.731039,0.6359503014165414
08/15/2025,9,16891.75,0.7806611131009462,30668.587917,0.6982381243926549
08/15/2025,10,19519.916666666668,0.9021232182951864,32262.2054819999,0.7345203471867444
08/15/2025,11,20647.33333333333,0.9542273726858538,32389.4807479999,0.737418049658535
08/15/2025,12,21073.416666666668,0.97391903810085,31877.6535036,0.7257651722547876
08/15/2025,13,21088.58333333333,0.9746199735801242,31608.021449826,0.7196264031659462
08/15/2025,14,20919.83333333333,0.9668211035497376,31379.0719627,0.7144138625395515
08/15/2025,15,20406.416666666668,0.9430932821881512,31165.512229,0.709551703632593
08/15/2025,16,19888.58333333333,0.9191613422529298,31874.489295,0.7256931320590007
08/15/2025,17,18790.08333333333,0.868393586825494,33586.3104602,0.7646665208214599
08/15/2025,18,16147.416666666666,0.7462613565027171,34324.0095131,0.7814618687017453
08/15/2025,19,8314.583333333334,0.3842628431021402,34754.963512,0.7912734880924331
08/15/2025,20,1034.75,0.0478215156381786,33825.7001469999,0.7701167556468282
08/15/2025,21,57.833333333333336,0.0026727979264633,33178.362316,0.7553786805131103
08/15/2025,22,0.0,0.0,32110.072085,0.7310566944725675
08/15/2025,23,0.0,0.0,30243.0129109999,0.6885489696528897
08/15/2025,24,0.0,0.0,28464.291678,0.6480524531224108
08/16/2025,1,0.0,0.0,27009.234017,0.6149248525022127
08/16/2025,2,0.0,0.0,25854.561397,0.5886361806318837
08/16/2025,3,0.0,0.0,24645.203662,0.5611024813663209
08/16/2025,4,0.0,0.0,23834.460387,0.5426441204782356
08/16/2025,5,0.0,0.0,23507.405871,0.5351980022401213
08/16/2025,6,5.083333333333333,0.0002349289243721,23583.494064,0.5369303179669662
08/16/2025,7,829.5833333333334,0.0383396301987652,23755.217139,0.5408399729575201
08/16/2025,8,8686.25,0.4014396136382017,25389.549306,0.5780491535695856
08/16/2025,9,16640.416666666668,0.7690456108729729,28390.465696,0.6463716416242539
08/16/2025,10,19649.83333333333,0.9081273853951234,29965.361883,0.6822276309087971
08/16/2025,11,20699.33333333333,0.9566305800433657,29880.5868309,0.6802975396527604
08/16/2025,12,20778.916666666668,0.9603085656626345,28791.9409906,0.6555121132185168
08/16/2025,13,20690.0,0.956199235133043,27651.8655799999,0.6295557790528233
08/16/2025,14,20447.0,0.944968862289286,27654.643712,0.6296190293623034
08/16/2025,15,20273.25,0.9369389146283694,27793.6842489999,0.6327845942077439
08/16/2025,16,19563.666666666668,0.9041451475623236,28282.402615,0.6439113469671365
08/16/2025,17,18847.0,0.8710240205196936,29784.474387,0.6781093276378756
08/16/2025,18,16510.833333333332,0.7630568489484042,31051.191455,0.7069489387764833
08/16/2025,19,8360.583333333334,0.386388757303016,31894.438529,0.7261473204216644
08/16/2025,20,831.0,0.0384051021940821,31506.296731,0.7173104153196957
08/16/2025,21,0.0,0.0,31267.042521,0.7118632649228284
08/16/2025,22,21.75,0.0010051876928053,30414.260846,0.6924478070321715
08/16/2025,23,0.0,0.0,28861.939903,0.6571057930265333
08/16/2025,24,0.0,0.0,27108.346776,0.6171813733154576
08/17/2025,1,0.0,0.0,25818.221616,0.5878088252741819
08/17/2025,2,0.0,0.0,24586.921592,0.5597755613479407
08/17/2025,3,0.0,0.0,23684.031626,0.5392192775666672
08/17/2025,4,0.0,0.0,23107.272653,0.5260880859831472
08/17/2025,5,0.0,0.0,22612.164343,0.5148158520387213
08/17/2025,6,0.0,0.0,22362.243561,0.5091258535770152
08/17/2025,7,891.5,0.0412011415234948,22378.383019,0.5094933039765294
08/17/2025,8,8904.5,0.4115261522108352,23819.693909,0.5423079290001503
08/17/2025,9,16348.583333333334,0.7555583798377065,26235.6606128,0.5973127457990788
08/17/2025,10,17820.75,0.8235953368534159,26375.0801689,0.6004869398512594
08/17/2025,11,18929.916666666668,0.8748560578926491,26584.3765072,0.6052520331477733
08/17/2025,12,19574.666666666668,0.9046535183494896,26979.7873616,0.6142544343697648
08/17/2025,13,19759.83333333333,0.913211093266783,26509.5155875,0.6035476590075911
08/17/2025,14,20005.75,0.9245762613950156,26762.7509258,0.609313120662463
08/17/2025,15,19502.916666666668,0.9013375543513844,26258.776054,0.5978390198600717
08/17/2025,16,19665.58333333333,0.9088552799312928,27280.173756,0.6210933939327731
08/17/2025,17,18796.666666666668,0.8686978390390252,29280.0639833,0.6666253109900664
08/17/2025,18,16600.666666666668,0.7672085437102595,31372.6627373999,0.7142679423731434
08/17/2025,19,8291.166666666666,0.3831806295324914,32104.714138,0.7309347089780283
08/17/2025,20,817.25,0.0377696387101246,31714.270894,0.7220454063759602
08/17/2025,21,2.333333333333333,0.0001078362275806,31547.172393,0.718241040024212
08/17/2025,22,0.0,0.0,30656.4230269999,0.6979611638100515
08/17/2025,23,0.0,0.0,28776.549885,0.6551617007138538
08/17/2025,24,0.0,0.0,26678.449594,0.6073938146950956
08/18/2025,1,0.0,0.0,25307.067627,0.5761712760162538
08/18/2025,2,0.0,0.0,24442.300273,0.5564829376771333
08/18/2025,3,0.0,0.0,23584.800423,0.5369600601142217
08/18/2025,4,0.0,0.0,22878.83468,0.5208871911053246
08/18/2025,5,0.0,0.0,22659.205769,0.5158868539755529
08/18/2025,6,0.75,3.466164457949648e-05,23325.745952,0.5310621130539885
08/18/2025,7,859.6666666666666,0.0397299472757873,24591.309263,0.559875456366837
08/18/2025,8,8859.666666666666,0.4094541561237497,26713.528617,0.6081924661130003
08/18/2025,9,16886.583333333332,0.7804223328827319,30196.850847,0.6874979883337428
08/18/2025,10,19307.58333333333,0.8923101215853465,30427.7734833,0.6927554520580684
08/18/2025,11,20367.08333333333,0.9412754714946484,30698.69356851,0.698923546026701
08/18/2025,12,20735.0,0.9582789338078128,31098.4565511,0.7080250330570358
08/18/2025,13,20671.75,0.9553558017816084,30078.339491,0.6847998156250215
08/18/2025,14,20573.0,0.9507920185786416,29599.542512,0.6738989451484738
08/18/2025,15,20069.916666666668,0.9275417576534838,29904.526081,0.6808425695424453
08/18/2025,16,19638.916666666668,0.9076228659017996,31195.714865,0.7102393333327093
08/18/2025,17,18591.416666666668,0.8592121023057697,32983.688285,0.7509464963303475
08/18/2025,18,16105.416666666666,0.7443203044062653,34364.9478252,0.782393919774128
08/18/2025,19,7970.25,0.3683492969463091,35344.110938,0.8046867301639069
08/18/2025,20,733.5833333333334,0.0339029396925897,34587.912508,0.7874702031147699
08/18/2025,21,0.0,0.0,33967.178628,0.7733378256707492
08/18/2025,22,0.0,0.0,32528.872205,0.7405916039726598
08/18/2025,23,0.0,0.0,30411.693809,0.6923893627664954
08/18/2025,24,0.0,0.0,28117.799182,0.6401637863478618
08/19/2025,1,27.5,0.0012709269679148,26673.047988,0.6072708352070162
08/19/2025,2,14.416666666666666,0.0006662738346947,25520.729373,0.581035757458479
08/19/2025,3,0.0,0.0,24650.087411,0.5612136706962958
08/19/2025,4,0.0,0.0,24439.9551569999,0.5564295459330522
08/19/2025,5,0.0,0.0,24090.130293,0.5484650104426585
08/19/2025,6,5.166666666666667,0.0002387802182143,24460.36963,0.5568943264888649
08/19/2025,7,573.75,0.0265161581033148,25890.937484,0.5894643625758441
08/19/2025,8,7496.583333333333,0.346458542747436,27613.286901,0.628677450238359
08/19/2025,9,15492.833333333334,0.716009443372501,30807.503304,0.7014008399219993
08/19/2025,10,18724.25,0.8653510646901826,33078.530427,0.7531057871174774
08/19/2025,11,19468.25,0.8997354161130432,33022.386596,0.7518275488314581
08/19/2025,12,20494.5,0.9471640997793208,33023.1129317999,0.7518440854697923
08/19/2025,13,20665.0,0.955043846980393,32177.263171,0.7325864479125209
08/19/2025,14,20258.25,0.9362456817367796,31722.7457429999,0.7222383550270756
08/19/2025,15,19581.75,0.9049808783260735,32103.9182559999,0.7309165889668789
08/19/2025,16,19051.08333333333,0.8804558391391587,33624.11356,0.7655271918628529
08/19/2025,17,17788.5,0.8221048861364976,35211.2288549,0.8016613761202113
08/19/2025,18,15152.083333333334,0.7002615028518832,36743.3275442,0.83654298586685
08/19/2025,19,7600.5,0.3512611061686173,37779.9910479999,0.8601449196265172
08/19/2025,20,682.75,0.0315536504488683,36511.148375,0.8312569143964583
08/19/2025,21,0.0,0.0,35715.664117,0.8131459587243873
08/19/2025,22,0.0,0.0,34437.200395,0.7840389090692412
08/19/2025,23,0.0,0.0,32020.373731,0.7290145133774493
08/19/2025,24,0.0,0.0,29413.682791,0.6696674381960703
08/20/2025,1,0.0,0.0,28080.396423,0.6393122299487882
08/20/2025,2,0.0,0.0,26827.4786489999,0.6107867902088282
08/20/2025,3,2.833333333333333,0.0001309439906336,25860.177091,0.5887640343060188
08/20/2025,4,0.0,0.0,25647.218556,0.5839155630149951
08/20/2025,5,0.0,0.0,25175.654818,0.573179373241804
08/20/2025,6,0.0,0.0,25434.906088,0.5790818008658314
08/20/2025,7,642.0,0.0296703677600489,26968.370761,0.6139945102476807
08/20/2025,8,7725.0,0.3570149391688137,29432.645946,0.6700991762929009
08/20/2025,9,16015.833333333334,0.7401801635259365,32498.1252479999,0.7398915816030406
08/20/2025,10,19237.0,0.8890480757010317,34220.2384303,0.7790992908609734
08/20/2025,11,20417.666666666668,0.9436132068568436,34020.4981952,0.7745517633549984
08/20/2025,12,20745.25,0.9587526429503992,33914.0981293999,0.772129330911073
08/20/2025,13,20486.75,0.9468059294519994,33329.008935,0.7588084834431091
08/20/2025,14,20363.666666666668,0.94111756844712,33367.764525,0.7596908400271347
08/20/2025,15,20099.33333333333,0.9289012643797684,34792.595363,0.7921302602767533
08/20/2025,16,19590.75,0.9053968180610276,37080.515984,0.8442198252573696
08/20/2025,17,18474.83333333333,0.8538241422205789,39126.2139449999,0.8907946565221204
08/20/2025,18,15301.083333333334,0.7071476162416764,40624.142686,0.9248983119437643
08/20/2025,19,7181.083333333333,0.3318775442609945,40942.0469680999,0.9321361049021674
08/20/2025,20,722.3333333333334,0.0333830150238972,39446.6273229999,0.8980895745891182
08/20/2025,21,16.333333333333332,0.0007548535930645,38491.087405,0.8763345983922283
08/20/2025,22,0.0,0.0,36552.223003,0.8321920690013089
08/20/2025,23,30.08333333333333,0.001390317077022,33799.893008,0.7695291991417815
08/20/2025,24,0.0,0.0,31190.719512,0.7101256030912374
08/21/2025,1,0.0,0.0,29356.81113,0.6683726292529523
08/21/2025,2,0.0,0.0,28049.934976,0.6386187078447668
08/21/2025,3,0.0,0.0,27132.8588299999,0.6177394443507535
08/21/2025,4,2.1666666666666665,0.0001001336398963,26354.673646,0.6000223402970304
08/21/2025,5,1.75,8.087717068549179e-05,25597.180264,0.5827763308061811
08/21/2025,6,0.0,0.0,26207.7543129999,0.5966773972631796
08/21/2025,7,562.8333333333334,0.026011638609991,27645.562292,0.6294122707829783
08/21/2025,8,7130.916666666667,0.3295590653680104,30745.266227,0.6999838754360643
08/21/2025,9,15580.083333333334,0.7200417480252491,35005.443377,0.7969762153131663
08/21/2025,10,18483.416666666668,0.8542208254863222,36313.840219,0.8267647585415601
08/21/2025,11,19541.0,0.9030975956372544,36451.609198,0.8299013735613578
08/21/2025,12,19489.25,0.9007059421612691,35687.5473784,0.8125058190845306
08/21/2025,13,19384.916666666668,0.895884122270877,35964.90733,0.8188205308316427
08/21/2025,14,18779.58333333333,0.867908323801381,36934.771015,0.8409016192131383
08/21/2025,15,18901.08333333333,0.8735235102232595,39032.1117919999,0.888652213218573
08/21/2025,16,17479.25,0.8078127346882185,41223.53421,0.9385447835265861
08/21/2025,17,15563.833333333334,0.7192907457260267,42589.334472,0.9696402423659303
08/21/2025,18,12624.166666666666,0.5834325041497691,43914.98619,0.9998216309476047
08/21/2025,19,5622.5,0.2598467955309586,43922.8206619,1.0
08/21/2025,20,503.75,0.0232810712758951,42308.901082,0.9632555570070671
08/21/2025,21,13.833333333333334,0.0006393147777996,41076.166433,0.9351896306748516
08/21/2025,22,30.666666666666668,0.0014172761339171,39103.518706,0.8902779492920772
08/21/2025,23,21.83333333333333,0.0010090389866475,36358.651404,0.8277849841173476
08/21/2025,24,21.166666666666668,0.0009782286359102,33282.64915,0.7577530005687997
08/22/2025,1,21.0,0.0009705260482259,31214.524669,0.7106675800554046
08/22/2025,2,21.166666666666668,0.0009782286359102,29775.9531139999,0.6779153220418851
08/22/2025,3,21.666666666666668,0.0010013363989632,29073.675004,0.6619264101410363
08/22/2025,4,20.08333333333333,0.000928161815962,27866.696142,0.6344468711721974
08/22/2025,5,20.58333333333333,0.000951269579015,27286.910108,0.6212467618608453
08/22/2025,6,6.666666666666667,0.0003081035073733,27477.806689,0.6255929440532286
08/22/2025,7,350.5,0.0161985419001513,28987.438929,0.6599630554725415
08/22/2025,8,6479.5,0.2994535014037966,31994.102259,0.7284163853063441
08/22/2025,9,13707.75,0.6335108779794572,34209.1803972,0.7788475303197933
08/22/2025,10,17514.583333333332,0.8094456832772969,36719.3668713,0.8359974682398188
08/22/2025,11,18913.33333333333,0.8740896504180579,37166.2392117,0.8461715038246425
08/22/2025,12,19298.916666666668,0.8919095870257614,36746.7651063999,0.8366212495609412
08/22/2025,13,18554.58333333333,0.857509830427532,36555.934384,0.8322765667850138
08/22/2025,14,17883.666666666668,0.8265030637042515,37600.383989,0.856055768331284
08/22/2025,15,17055.166666666668,0.7882135003254344,38584.658679,0.8784649550630867
08/22/2025,16,16134.166666666666,0.7456490007818126,40954.737746,0.932425038484047
08/22/2025,17,15565.916666666666,0.7193870280720808,42307.5136473,0.963223968992475
08/22/2025,18,11701.833333333334,0.5408063839046728,43264.1992868,0.9850050300692254
08/22/2025,19,4699.583333333333,0.2171937162289671,42257.5978548,0.9620875257552741
08/22/2025,20,304.0,0.0140495199362225,40880.931076,0.9307446666662138
08/22/2025,21,0.0,0.0,39651.493661,0.9027538091467546
08/22/2025,22,0.0,0.0,38102.842359,0.8674953426215538
08/22/2025,23,0.0,0.0,35772.410706,0.8144379201272492
08/22/2025,24,0.0,0.0,33155.5683549999,0.7548597256587407
08/23/2025,1,0.0,0.0,31165.376845,0.7095486213168865
08/23/2025,2,0.0,0.0,29464.304594,0.670819955321272
08/23/2025,3,0.0,0.0,27687.407712,0.6303649741697237
08/23/2025,4,8.416666666666666,0.0003889806780587,27037.468003,0.6155676615380289
08/23/2025,5,0.0,0.0,26428.503276,0.6017032348499625
08/23/2025,6,0.0,0.0,26686.684039,0.6075812900183082
08/23/2025,7,280.8333333333333,0.0129788602481003,26452.418735,0.6022477230827218
08/23/2025,8,5470.5,0.2528220355628473,30038.786695,0.6838993088860653
08/23/2025,9,11874.583333333334,0.5487901160394835,32714.445252,0.7448165841584375
08/23/2025,10,12982.583333333334,0.5999969189649262,32544.0480549,0.740937115705998
08/23/2025,11,13989.166666666666,0.6465166972844527,32784.6390811999,0.7464147016778069
08/23/2025,12,14172.5,0.6549895437372185,32245.7209074,0.7341450394457687
08/23/2025,13,13752.333333333334,0.6355713201850162,32391.954347,0.7374743666018192
08/23/2025,14,14327.166666666666,0.662137545108279,33550.3795347,0.7638484739620246
08/23/2025,15,12387.833333333334,0.5725102348133856,34131.8051239,0.7770859113678683
08/23/2025,16,11763.916666666666,0.5436755978170866,35739.4121756999,0.8136866357196719
08/23/2025,17,12477.583333333334,0.5766580782813987,37386.6537646,0.851189727827073
08/23/2025,18,10018.916666666666,0.4630295047621248,38226.8579968,0.8703188324596637
08/23/2025,19,4033.9166666666665,0.1864295810177429,37765.0070587999,0.8598037760256692
08/23/2025,20,231.25,0.0106873404120114,36706.390624,0.8357020353166947
08/23/2025,21,0.0,0.0,36416.559427,0.8291033881298256
08/23/2025,22,0.0,0.0,35097.595555,0.7990742631300255
08/23/2025,23,0.0,0.0,32953.963161,0.7502697382453235
08/23/2025,24,0.0,0.0,30885.033022,0.7031659751485547
08/24/2025,1,0.0,0.0,29202.887799,0.6648682247388424
08/24/2025,2,0.0,0.0,27727.806585,0.6312847437198392
08/24/2025,3,0.0,0.0,26398.703392,0.6010247746884582
08/24/2025,4,0.0,0.0,25664.218106,0.5843025953080907
08/24/2025,5,0.0,0.0,25434.885679,0.5790813362098806
08/24/2025,6,9.833333333333334,0.0004544526733756,25295.6968179999,0.5759123944410556
08/24/2025,7,486.0833333333333,0.0224645969813558,25221.432866,0.5742216115887531
08/24/2025,8,5888.916666666667,0.2721593819443642,26859.097975,0.6115066739850432
08/24/2025,9,13199.75,0.6100333907176115,30619.795881,0.6971272659535854
08/24/2025,10,16436.75,0.7596330487227184,32435.733799,0.7384711024976534
08/24/2025,11,17620.416666666668,0.8143368264568482,32590.8231834,0.7420020547922206
08/24/2025,12,17732.25,0.8195052627930354,32675.4319202,0.7439283595132057
08/24/2025,13,19337.916666666668,0.8937119925438952,31996.392756,0.7284685335282817
08/24/2025,14,18579.916666666668,0.8586806237555508,31637.82025,0.7203048386517584
08/24/2025,15,17470.25,0.8073967949532646,32793.588078,0.7466184453505775
08/24/2025,16,16453.666666666668,0.7604148613726782,34933.617844,0.7953409484537611
08/24/2025,17,14502.833333333334,0.6702560725275657,36168.380223,0.8234530405369336
08/24/2025,18,10659.583333333334,0.4926382518206992,38060.0202539999,0.8665204028441263
08/24/2025,19,4555.75,0.2105463830573881,38917.70626619,0.8860475188003673
08/24/2025,20,288.6666666666667,0.0133408818692639,37811.3469272,0.8608588054546032
08/24/2025,21,0.0,0.0,36923.760838,0.8406509482217477
08/24/2025,22,0.0,0.0,35252.383369,0.8025983495085278
08/24/2025,23,0.0,0.0,32886.558163,0.748735114626343
08/24/2025,24,0.0,0.0,30369.487126,0.6914284344298367
08/25/2025,1,0.0,0.0,28990.483865,0.6600323801642192
08/25/2025,2,0.0,0.0,27859.857538,0.6342911752515589
08/25/2025,3,0.0,0.0,27315.239291,0.6218917382665744
08/25/2025,4,0.0,0.0,27061.693278,0.6161192034161445
08/25/2025,5,0.0,0.0,26672.291481,0.6072536116546896
08/25/2025,6,0.0,0.0,27087.620207,0.6167094872050564
08/25/2025,7,190.08333333333331,0.0087848012539812,27995.422929,0.637377620724711
08/25/2025,8,4613.583333333333,0.2132191809838515,30080.796196,0.6848557479390891
08/25/2025,9,10578.416666666666,0.4888870916184292,34243.623103,0.779631694571564
08/25/2025,10,13380.583333333334,0.6183906983551124,34975.907465,0.7963037650571283
08/25/2025,11,14690.083333333334,0.6789099297909132,35182.436417,0.8010058526937529
08/25/2025,12,15989.416666666666,0.7389593033779698,35287.4881863,0.8033975881906292
08/25/2025,13,17542.833333333332,0.8107512718897913,35122.1161699999,0.7996325290753902
08/25/2025,14,16929.5,0.7824057492114476,35489.9738939999,0.8080076224427224
08/25/2025,15,15369.666666666666,0.7103172310737792,36279.2468141,0.8259771632920135
08/25/2025,16,11654.666666666666,0.5386265515900066,37347.7583917999,0.8503041887789436
08/25/2025,17,9853.416666666666,0.4553808351915825,38647.433394,0.8798941600652703
08/25/2025,18,7684.333333333333,0.3551355077738366,40041.4925475,0.9116329949691327
08/25/2025,19,3644.0833333333335,0.168413228424089,40188.464364,0.9149791329057495
08/25/2025,20,219.25,0.0101327540987394,39048.518246,0.8890257423715933
08/25/2025,21,0.0,0.0,37974.320037,0.8645692481662519
08/25/2025,22,0.0,0.0,36427.91338,0.8293618859409612
08/25/2025,23,0.0,0.0,33544.7015449999,0.7637192019887193
08/25/2025,24,0.0,0.0,31162.383191,0.7094804641731766
08/26/2025,1,0.0,0.0,29387.338842,0.669067660026021
08/26/2025,2,0.0,0.0,27940.242108,0.6361213074878004
08/26/2025,3,0.0,0.0,27079.751607,0.6165303411511047
08/26/2025,4,0.0,0.0,26771.68819,0.6095165972166853
08/26/2025,5,0.0,0.0,26414.849778,0.6013923828191902
08/26/2025,6,0.0,0.0,26564.045473,0.6047891522604892
08/26/2025,7,214.91666666666663,0.0099324868189468,27673.237704,0.6300423626482763
08/26/2025,8,4658.25,0.2152834744832526,29215.006544,0.665144134728624
08/26/2025,9,12094.416666666666,0.558949829195118,32909.740998,0.7492629230560076
08/26/2025,10,16571.916666666668,0.7658798473347121,35308.2933969999,0.8038712647529807
08/26/2025,11,18549.08333333333,0.8572556450339491,35870.213087,0.8166646072918291
08/26/2025,12,19146.5,0.8848655705884392,35022.895292,0.797373546694371
08/26/2025,13,18707.25,0.8645654007463808,34073.1012102,0.7757493871461688
08/26/2025,14,17395.333333333332,0.803934481789157,33709.1063983,0.7674622415026344
08/26/2025,15,17039.916666666668,0.787508713552318,33565.836449,0.7642003847470579
08/26/2025,16,16906.666666666668,0.7813504946986941,34759.94565,0.7913869174652494
08/26/2025,17,16044.5,0.7415050086076418,36592.782801,0.833115502364394
08/26/2025,18,13758.0,0.6358332081662834,38249.5851771,0.8708362669039347
08/26/2025,19,5672.333333333333,0.262149869248574,38779.712557,0.882905787301559
08/26/2025,20,336.1666666666667,0.0155361193592987,37427.788466,0.8521262501355249
08/26/2025,21,0.0,0.0,36608.282674,0.8334683911990914
08/26/2025,22,0.0,0.0,35338.36744,0.8045559667495031
08/26/2025,23,0.0,0.0,32785.16985,0.7464267858015516
08/26/2025,24,0.0,0.0,30357.900565,0.6911646407839507
08/27/2025,1,0.0,0.0,28730.3683739999,0.6541102766408056
08/27/2025,2,0.0,0.0,27387.115434,0.6235281573743834
08/27/2025,3,0.0,0.0,26146.808909,0.5952898405652838
08/27/2025,4,0.0,0.0,25384.924262,0.5779438542301921
08/27/2025,5,0.0,0.0,24911.849889,0.567173271515536
08/27/2025,6,3.25,0.0001502004598444,25752.9136339999,0.5863219448549388
08/27/2025,7,451.4166666666667,0.0208624587430147,27286.492129,0.6212372456459551
08/27/2025,8,7331.5,0.3388291296461046,29282.261414,0.6666753403521812
08/27/2025,9,16259.916666666666,0.7514606031896416,33593.973006,0.7648409755965523
08/27/2025,10,19230.25,0.8887361208998162,34979.013425,0.7963744790949154
08/27/2025,11,20157.916666666668,0.9316087239508112,35188.374214,0.8011410397539309
08/27/2025,12,20470.33333333333,0.9460472245650926,34968.626101,0.7961379887274148
08/27/2025,13,20374.0,0.9415951288835483,34416.2896383,0.7835628295191375
08/27/2025,14,19699.33333333333,0.9104150539373702,34400.4512135,0.7832022328051441
08/27/2025,15,18579.416666666668,0.8586575159924977,35630.805898524,0.8112139740021581
08/27/2025,16,17327.916666666668,0.8008187850708446,36966.3102677,0.8416196799438637
08/27/2025,17,15155.666666666666,0.7004271084870962,37941.522107,0.8638225308674594
08/27/2025,18,11840.583333333334,0.5472187881518796,38453.947469,0.875489025739099
08/27/2025,19,5279.333333333333,0.2439871674889178,38963.515025,0.8870904563467198
08/27/2025,20,637.9166666666666,0.0294816543617828,37734.677134,0.8591132483149521
08/27/2025,21,0.0,0.0,36371.749894,0.828083200165466
08/27/2025,22,0.0,0.0,34852.919217,0.7935036660164335
08/27/2025,23,0.0,0.0,32667.625077,0.7437506194891736
08/27/2025,24,0.0,0.0,30133.047474,0.6860453636607707
08/28/2025,1,0.0,0.0,28628.142656,0.6517828824420862
08/28/2025,2,4.333333333333333,0.0002002672797926,27482.5813109999,0.6257016488660787
08/28/2025,3,0.0,0.0,27016.749139,0.6150959508489663
08/28/2025,4,0.0,0.0,26391.1629279999,0.6008530993751138
08/28/2025,5,0.0,0.0,26063.917401,0.5934026323498081
08/28/2025,6,0.0,0.0,26287.662789,0.5984966901682325
08/28/2025,7,111.91666666666669,0.0051722876300293,27977.3437839999,0.6369660090675439
08/28/2025,8,2924.75,0.1351688599785097,29419.71127,0.6698046898322165
08/28/2025,9,8061.25,0.3725549098219546,31195.614241,0.7102370424051576
08/28/2025,10,11214.416666666666,0.5182801662218423,31913.637086,0.726584417964825
08/28/2025,11,13163.666666666666,0.6083657804839535,32882.454958,0.7486416961040768
08/28/2025,12,14314.416666666666,0.6615482971504276,33699.12096,0.7672349009505133
08/28/2025,13,14662.75,0.6776467054106827,33764.888237,0.7687322382346155
08/28/2025,14,13846.416666666666,0.6399194309328219,32438.632073,0.7385370881050511
08/28/2025,15,12752.75,0.5893750505482317,32188.1671519999,0.7328347011174741
08/28/2025,16,12037.25,0.5563078416193921,33094.823718,0.7534767398649209
08/28/2025,17,10792.666666666666,0.4987887680866387,34255.829237,0.7799095941648975
08/28/2025,18,9839.833333333334,0.4547530742953095,34893.239461,0.7944216454037403
08/28/2025,19,4337.75,0.2004713983662811,35866.2833879999,0.8165751390167758
08/28/2025,20,502.3333333333333,0.0232155992805783,35632.820813,0.8112598479794126
08/28/2025,21,21.5,0.0009936338112788,34968.738559,0.7961405490821074
08/28/2025,22,0.0,0.0,33923.006398,0.7723321473164372
08/28/2025,23,0.0,0.0,31617.8416039999,0.7198499806599667
08/28/2025,24,0.0,0.0,29258.813474,0.6661414962218033
08/29/2025,1,0.0,0.0,27936.818306,0.6360433570750444
08/29/2025,2,0.0,0.0,26739.830863,0.6087912948221685
08/29/2025,3,0.0,0.0,25803.652756,0.5874771330062343
08/29/2025,4,0.0,0.0,25553.133403,0.5817735067539861
08/29/2025,5,0.0,0.0,25159.671723,0.5728154827912559
08/29/2025,6,0.0,0.0,25575.009726,0.5822715695530125
08/29/2025,7,439.3333333333333,0.0203040211359006,27014.683805,0.6150489289599146
08/29/2025,8,6920.0,0.3198114406534875,29017.498356,0.6606474247035475
08/29/2025,9,16055.333333333334,0.7420056768071234,32549.8591729999,0.7410694186412906
08/29/2025,10,19357.166666666668,0.8946016414214356,34645.455942,0.7887803064536002
08/29/2025,11,20667.08333333333,0.9551401293264472,34597.9542645,0.7876988258750723
08/29/2025,12,21320.916666666668,0.985357380812084,34223.6669451,0.7791773485710278
08/29/2025,13,21423.08333333333,0.9900790670625796,33938.0106878,0.7726737531052706
08/29/2025,14,21462.0,0.9918776212868712,33918.717889,0.7722345099394342
08/29/2025,15,21162.08333333333,0.9780168147489148,34320.221118,0.7813756175219961
08/29/2025,16,19882.58333333333,0.9188840490962938,35270.861538,0.8030190458281525
08/29/2025,17,18871.416666666668,0.8721524496154484,36869.7640558,0.8394215922426395
08/29/2025,18,14939.75,0.6904484061420434,38419.245507,0.874698958947462
08/29/2025,19,5680.75,0.2625388499266328,38220.041576,0.8701636415885567
08/29/2025,20,263.0833333333333,0.0121585346597189,36910.534973,0.8403498322004929
08/29/2025,21,4.25,0.0001964159859504,35705.940585,0.8129245810475105
08/29/2025,22,0.0,0.0,34266.21437,0.7801460346494452
08/29/2025,23,0.0,0.0,32246.880014,0.7341714290669846
08/29/2025,24,0.0,0.0,30188.0653269999,0.6872979665713034
08/30/2025,1,0.0,0.0,28691.8203069999,0.6532326447761144
08/30/2025,2,0.0,0.0,27146.941761,0.6180600733720202
08/30/2025,3,0.0,0.0,25640.53753,0.5837634547054805
08/30/2025,4,0.0,0.0,24678.799821,0.5618673721108979
08/30/2025,5,0.0,0.0,24096.004625,0.5485987525819719
08/30/2025,6,0.0,0.0,23869.084875,0.5434324234031895
08/30/2025,7,427.25,0.0197455835287864,24267.303358,0.5524987464898903
08/30/2025,8,7115.25,0.3288350221256831,26452.456392,0.6022485804274786
08/30/2025,9,16680.416666666668,0.7708942319172126,31043.515753,0.7067741844714471
08/30/2025,10,19949.666666666668,0.9219843406392378,32379.491844,0.7371906302021027
08/30/2025,11,20856.0,0.9638710124666382,32325.823684,0.7359687560330207
08/30/2025,12,21023.58333333333,0.9716159643832344,31654.376554,0.7206817794709158
08/30/2025,13,21046.416666666668,0.9726712188959882,31155.4265887999,0.7093220817629564
08/30/2025,14,20922.75,0.9669558988342134,31402.2953012,0.714942593120831
08/30/2025,15,20346.916666666668,0.9403434583848445,32099.1787052,0.7308086826273389
08/30/2025,16,19887.666666666668,0.919118978020666,34117.5228923,0.7767607448283619
08/30/2025,17,18610.166666666668,0.8600786434202571,36347.0877579999,0.8275217121820339
08/30/2025,18,15036.75,0.6949313121743249,38300.016788,0.8719844538860094
08/30/2025,19,5518.0,0.2550172730528821,39010.15986,0.8881524290137088
08/30/2025,20,344.8333333333333,0.015936653918884,37707.294661,0.8584898258528388
08/30/2025,21,0.0,0.0,36405.574101,0.8288532829263242
08/30/2025,22,0.0,0.0,34780.102611,0.7918458351917579
08/30/2025,23,0.0,0.0,32677.76662,0.7439815141094911
08/30/2025,24,0.0,0.0,30339.57506,0.690747420197389
08/31/2025,1,0.0,0.0,28811.609768,0.6559599163673947
08/31/2025,2,0.0,0.0,26903.670378,0.6125214631613372
08/31/2025,3,0.0,0.0,25660.265704,0.5842126101491133
08/31/2025,4,0.0,0.0,24476.809374,0.5572686135622418
08/31/2025,5,0.0,0.0,23607.0323079999,0.5374662180673055
08/31/2025,6,16.75,0.0007741100622754,23451.870498,0.533933616844031
08/31/2025,7,401.5833333333333,0.0185593850253992,23747.541284,0.540665215169101
08/31/2025,8,7050.0,0.3258194590472669,26148.040793,0.5953178871247131
08/31/2025,9,16535.25,0.7641852780441589,30605.221314,0.696795443753181
08/31/2025,10,19536.08333333333,0.9028703693005664,31856.546218,0.7252846182903127
08/31/2025,11,20235.5,0.935194278517868,32364.912195,0.7368586922987467
08/31/2025,12,20343.83333333333,0.9402009605126842,32148.417374,0.7319297096483269
08/31/2025,13,20210.666666666668,0.9340465929529026,31505.0459339999,0.7172819381640566
08/31/2025,14,19964.83333333333,0.922685276118512,31825.6449209,0.7245810820275151
08/31/2025,15,19772.33333333333,0.913788787343108,33428.524273,0.761074169856239
08/31/2025,16,19411.58333333333,0.89711653630037,35654.868517,0.811761812645337
08/31/2025,17,17891.75,0.8268766392069415,37140.7388929999,0.8455909327612221
08/31/2025,18,14569.75,0.6733486614828251,39104.510136,0.8903005213852409
08/31/2025,19,5294.5,0.2446881029681921,39634.264958,0.9023615596796127
08/31/2025,20,317.9166666666667,0.0146926860078643,38171.695305,0.8690629319740228
08/31/2025,21,0.0,0.0,36729.916568,0.8362376553803763
08/31/2025,22,0.0,0.0,34970.990617,0.7961918221553315
08/31/2025,23,0.0,0.0,32976.688212,0.7507871242113782
08/31/2025,24,0.0,0.0,30402.646402,0.6921833785682209
09/01/2025,1,0.0,0.0,28562.022861,0.6502775193073057
09/01/2025,2,0.0,0.0,26934.123459,0.6132147947948954
09/01/2025,3,0.0,0.0,25664.4116389999,0.5843070015141809
09/01/2025,4,0.0,0.0,24555.848426,0.5590681121101245
09/01/2025,5,0.0,0.0,23956.521252,0.5454231055971462
09/01/2025,6,0.0,0.0,24018.926757,0.5468439047184134
09/01/2025,7,330.0833333333333,0.0152549749088206,24649.220151,0.5611939256073664
09/01/2025,8,6915.916666666667,0.3196227272552214,26830.76583,0.6108616301428434
09/01/2025,9,16317.833333333334,0.7541372524099471,31150.539457,0.7092108154160721
09/01/2025,10,19348.666666666668,0.8942088094495346,32695.150372,0.7443772936094876
09/01/2025,11,20417.916666666668,0.94362476073837,33068.329778,0.7528735468185558
09/01/2025,12,20687.58333333333,0.95608754761162,34135.368429,0.7771670378767379
09/01/2025,13,20586.666666666668,0.9514236307687568,33806.4843186,0.7696792648821114
09/01/2025,14,20159.25,0.931670344652286,34376.2327805999,0.7826508467025411
09/01/2025,15,19673.83333333333,0.9092365580216674,35280.8344344,0.803246100836226
09/01/2025,16,19080.83333333333,0.8818307510408121,37743.847833,0.8593220395278524
09/01/2025,17,17652.916666666668,0.8158388310552931,39638.313764,0.9024537396885234
09/01/2025,18,12872.333333333334,0.5949016572117403,41268.35568,0.9395652432631094
09/01/2025,19,4415.083333333333,0.2040453990518114,41556.627575,0.946128389496795
09/01/2025,20,294.5833333333333,0.0136143237320577,40532.006719,0.922800633206116
09/01/2025,21,0.0,0.0,38817.078537,0.8837565063454844
09/01/2025,22,4.083333333333333,0.0001887133982661,37005.472075,0.8425112849617074
09/01/2025,23,4.416666666666667,0.0002041185736348,34097.001397,0.7762935276735718
09/01/2025,24,0.0,0.0,31645.3479,0.7204762222260955
09/02/2025,1,0.0,0.0,29801.533626,0.6784977188828577
09/02/2025,2,0.0,0.0,28938.011448,0.6588377297248972
09/02/2025,3,0.0,0.0,28351.758069,0.6454903770238323
09/02/2025,4,0.0,0.0,27985.729127,0.6371569199169324
09/02/2025,5,0.0,0.0,27706.865791,0.6308079803042747
09/02/2025,6,0.0,0.0,27365.997404,0.6230473587899173
09/02/2025,7,83.08333333333333,0.0038397399606397,28436.0645359999,0.6474097999053648
09/02/2025,8,3021.333333333333,0.1396325095415805,30484.622556,0.6940497467286589
09/02/2025,9,8001.25,0.3697819782555949,32963.232697,0.7504807797007745
09/02/2025,10,9407.5,0.4347725618421508,33652.478788,0.7661729889125994
09/02/2025,11,10990.333333333334,0.5079240370802571,34943.341589,0.7955623309800531
09/02/2025,12,12732.833333333334,0.5884545913199539,36098.065861,0.821852178822217
09/02/2025,13,12906.916666666666,0.5964999441562393,36033.582698,0.820384077228825
09/02/2025,14,12403.083333333334,0.5732150215865021,36524.951313,0.8315711687588148
09/02/2025,15,13567.083333333334,0.6270098939738805,38515.3636857,0.8768873015277321
09/02/2025,16,13763.833333333334,0.6361027987352351,40236.7502311,0.9160784672921197
09/02/2025,17,12266.166666666666,0.5668873458038227,40732.9006687,0.9273744275725209
09/02/2025,18,9850.583333333334,0.455249891200949,42242.0091997,0.9617326156000271
09/02/2025,19,3148.583333333333,0.1455134352385684,42416.44216,0.9657039671132351
09/02/2025,20,241.5,0.0111610495545978,40902.125214,0.9312271980173568
09/02/2025,21,0.0,0.0,39331.43948,0.8954670689926182
09/02/2025,22,0.0,0.0,37572.513412,0.85542123310381
09/02/2025,23,0.0,0.0,34769.3635979999,0.7916013378475921
09/02/2025,24,0.0,0.0,32166.392721,0.7323389581148215
09/03/2025,1,1.4166666666666667,6.547199531682669e-05,30207.580746,0.6877422781775712
09/03/2025,2,0.0,0.0,28508.712594,0.6490637933626456
09/03/2025,3,0.0,0.0,26928.6116579999,0.6130893064743131
09/03/2025,4,0.0,0.0,27019.112557,0.6151497592784884
09/03/2025,5,0.0,0.0,26686.859471,0.6075852841151661
09/03/2025,6,0.0,0.0,26753.479806,0.6091020431483078
09/03/2025,7,231.75,0.0107104481750644,28166.425498,0.6412708718051986
09/03/2025,8,6091.75,0.2815334311561969,30816.657875,0.7016092639453667
09/03/2025,9,15359.833333333334,0.7098627784004037,35618.1563249999,0.8109259785288832
09/03/2025,10,18294.916666666668,0.845509198815342,36772.3618285,0.8372040154606344
09/03/2025,11,19357.916666666668,0.894636303066015,37392.4610847,0.8513219442925114
09/03/2025,12,19999.83333333333,0.9243028195322218,37731.20822293,0.8590342708946105
09/03/2025,13,20395.5,0.9425887626948272,37019.8560309999,0.8428387674817993
09/03/2025,14,20468.166666666668,0.9459470909251964,37205.685741,0.8470695911675216
09/03/2025,15,20293.83333333333,0.9378901842073843,37748.909724,0.8594372846538192
09/03/2025,16,19352.5,0.8943859689662742,39395.16164,0.8969178446723156
09/03/2025,17,17056.25,0.7882635671453825,40894.2026139999,0.9310468225341636
09/03/2025,18,12710.166666666666,0.5874070393948847,42244.0815575,0.9617797974013954
09/03/2025,19,4026.3333333333335,0.1860791132781057,42041.5326999999,0.9571683254046572
09/03/2025,20,251.33333333333331,0.0116155022279734,40729.952378,0.9273073032245038
09/03/2025,21,0.0,0.0,39271.155691,0.8940945754211319
09/03/2025,22,0.4166666666666667,1.925646921083138e-05,37485.213634,0.8534336608877177
09/03/2025,23,0.0,0.0,34614.657586,0.7880791138722523
09/03/2025,24,0.0,0.0,31849.879863,0.7251328439985085
09/04/2025,1,0.0,0.0,29834.233358,0.6792422004873455
09/04/2025,2,0.0,0.0,28439.444245,0.6474867464436146
09/04/2025,3,0.0,0.0,27413.04474,0.624118495280949
09/04/2025,4,0.0,0.0,26679.130761,0.607409322965961
09/04/2025,5,0.0,0.0,26516.372493,0.6037037716022895
09/04/2025,6,0.0,0.0,26532.488444,0.6040706868130419
09/04/2025,7,228.33333333333331,0.0105525451275355,27992.4168509999,0.6373091807212049
09/04/2025,8,5869.166666666667,0.2712466253037708,29929.574694,0.6814128565281744
09/04/2025,9,14984.0,0.6924934431722337,33851.637412,0.7707072747576056
09/04/2025,10,18382.166666666668,0.8495415034680902,36407.160885,0.8288894095679217
09/04/2025,11,19654.83333333333,0.9083584630256534,37246.1227269999,0.8479902284442385
09/04/2025,12,20263.0,0.9364652054857828,37093.479135,0.8445149600143058
09/04/2025,13,19942.08333333333,0.9216338728996004,36855.2178759999,0.8390904163395236
09/04/2025,14,18477.75,0.8539589375050548,35465.217575,0.8074439901753309
09/04/2025,15,18105.33333333333,0.8367475053244137,35602.1943062,0.8105625679245695
09/04/2025,16,16551.5,0.7649362803433813,36775.0177146,0.8372644825722629
09/04/2025,17,14751.0,0.6817252255895369,38173.6930534,0.8691084151276521
09/04/2025,18,11190.333333333334,0.5171671423014562,39610.335405,0.9018167505658219
09/04/2025,19,3624.3333333333335,0.1675004717834956,39236.676229,0.8933095743333054
09/04/2025,20,76.41666666666667,0.0035316364532664,38293.221093,0.8718297348835048
09/04/2025,21,0.0,0.0,37076.332308,0.8441245746350973
09/04/2025,22,0.0,0.0,35384.0814669999,0.8055967475170177
09/04/2025,23,0.0,0.0,32874.266264,0.7484552624034035
09/04/2025,24,0.0,0.0,30696.2793059999,0.6988685800096348
09/05/2025,1,0.0,0.0,28825.800531,0.6562830004222471
09/05/2025,2,0.0,0.0,27287.615499,0.6212628216445606
09/05/2025,3,2.333333333333333,0.0001078362275806,26506.354622,0.6034756926481368
09/05/2025,4,0.0,0.0,25437.096859,0.5791316786051702
09/05/2025,5,1.6666666666666667,7.702587684332552e-05,24981.095305,0.5687497963141827
09/05/2025,6,0.0,0.0,25672.2361519999,0.5844851438302273
09/05/2025,7,242.5,0.0112072650807038,27201.521323,0.6193026976201333
09/05/2025,8,6065.75,0.280331827477441,28492.83053,0.6487022031059029
09/05/2025,9,14721.25,0.6803503136878835,31278.642077,0.7121273544285842
09/05/2025,10,18507.33333333333,0.8553261468190237,32633.0977796,0.7429645293228391
09/05/2025,11,19677.666666666668,0.909413717538407,33793.8620572,0.7693918912296503
09/05/2025,12,20166.25,0.931993853335028,34147.8946655,0.7774522253103142
09/05/2025,13,19706.166666666668,0.910730860032428,33912.2483895,0.7720872174977715
09/05/2025,14,19683.666666666668,0.9096910106950432,33712.6534718,0.7675429984632883
09/05/2025,15,19449.916666666668,0.8988881314677667,33177.046605,0.7553487254469244
09/05/2025,16,19026.416666666668,0.8793158561618777,34204.888755,0.7787498216085738
09/05/2025,17,18344.0,0.847777610888378,36016.160323,0.8199874183909486
09/05/2025,18,13684.083333333334,0.632417110528282,36941.3680399,0.8410518150521257
09/05/2025,19,4172.583333333333,0.1928381339711075,36815.480886,0.8381857160174341
09/05/2025,20,77.41666666666667,0.0035778519793724,35483.12334,0.8078516544539488
09/05/2025,21,2.083333333333333,9.62823460541569e-05,34506.848761,0.785624607914407
09/05/2025,22,0.0,0.0,33159.0385669999,0.7549387326976263
09/05/2025,23,0.0,0.0,31198.410478,0.7103007049149387
09/05/2025,24,0.0,0.0,29129.979992,0.6632083175220174
09/06/2025,1,0.0,0.0,27708.543124,0.6308461684938017
09/06/2025,2,0.0,0.0,26210.675024,0.5967438936984287
09/06/2025,3,0.0,0.0,25282.368936,0.5756089557775305
09/06/2025,4,0.0,0.0,24464.426907,0.5569866993587959
09/06/2025,5,0.0,0.0,23877.451861,0.543622916314936
09/06/2025,6,0.0,0.0,23957.323516,0.5454413709086156
09/06/2025,7,287.5,0.0132869637554736,24425.942239,0.5561105109123333
09/06/2025,8,6781.583333333333,0.3134144415816493,25984.461049,0.5915936330459697
09/06/2025,9,16344.166666666666,0.7553542612640717,28552.5919769,0.6500628044060793
09/06/2025,10,19369.666666666668,0.8951793354977605,29785.092674,0.6781234043066934
09/06/2025,11,20423.25,0.9438712435442688,30685.357487,0.6986199206832229
09/06/2025,12,20574.25,0.950849787986274,30796.287433,0.7011454858524978
09/06/2025,13,20102.33333333333,0.9290399109580864,30354.4883239999,0.6910869535828857
09/06/2025,14,19804.33333333333,0.9152676841784996,29578.7309709999,0.6734251244628603
09/06/2025,15,19660.666666666668,0.9086280535946052,29472.531057,0.6710072489166293
09/06/2025,16,19263.0,0.8902496793797876,30803.902156,0.7013188518359489
09/06/2025,17,18583.416666666668,0.8588423780969218,32626.3732649,0.7428114308970398
09/06/2025,18,13938.25,0.6441635567468891,34486.014182,0.7851502627178547
09/06/2025,19,4207.0,0.1944287183279222,34608.351528,0.7879355425372384
09/06/2025,20,70.83333333333333,0.0032735997658413,34131.713382,0.7770838226609362
09/06/2025,21,0.0,0.0,33290.115576,0.7579229902435857
09/06/2025,22,0.0,0.0,31933.951839,0.72704692817464
09/06/2025,23,0.0,0.0,30115.040021,0.6856353842302917
09/06/2025,24,0.0,0.0,28128.153604,0.6403995276286804
09/07/2025,1,1.25,5.776940763249413e-05,26881.594449,0.6120188558909633
09/07/2025,2,0.0,0.0,25573.19545,0.5822302635537014
09/07/2025,3,0.0,0.0,24462.84174,0.556950609531774
09/07/2025,4,0.0,0.0,23653.272676,0.5385189821499231
09/07/2025,5,0.9166666666666666,4.236423226382903e-05,23119.069237,0.5263566612663879
09/07/2025,6,0.0,0.0,22650.665895,0.515692424886726
09/07/2025,7,294.8333333333333,0.0136258776135842,23026.676163,0.5242531289201571
09/07/2025,8,7008.583333333333,0.3239053660077102,24746.20407,0.5634019786772395
09/07/2025,9,16447.25,0.7601183117468313,28030.804289,0.6381831555120224
09/07/2025,10,19173.33333333333,0.8861056872056167,29760.4734829999,0.6775628940610148
09/07/2025,11,20427.166666666668,0.9440522543548504,30324.2581609999,0.6903986971698312
09/07/2025,12,20616.916666666668,0.9528216504334632,29858.1323635,0.6797863141198457
09/07/2025,13,20021.83333333333,0.9253195611065536,29036.50094141,0.6610800605207295
09/07/2025,14,19344.83333333333,0.8940316499327948,28253.7816962999,0.6432597285540019
09/07/2025,15,19527.5,0.9024736860348234,29568.717301,0.6731971411537514
09/07/2025,16,19081.0,0.8818384536284964,30641.62194223,0.6976241844324329
09/07/2025,17,17709.583333333332,0.818457710867966,32859.53669,0.7481199111263674
09/07/2025,18,13693.25,0.6328407528509202,35033.050884,0.7976047611711955
09/07/2025,19,3918.6666666666665,0.1811032416340269,35426.941281,0.8065725458230968
09/07/2025,20,43.25,0.0019988215040842,34849.545024,0.793426845062106
09/07/2025,21,0.0,0.0,33954.570051,0.7730507635738713
09/07/2025,22,0.0,0.0,32489.7795249999,0.7397015727904408
09/07/2025,23,0.0,0.0,30380.169989,0.6916716533952633
09/07/2025,24,0.0,0.0,28054.447823,0.6387214527717089
09/08/2025,1,0.0,0.0,26659.54208,0.6069633433884929
09/08/2025,2,0.0,0.0,25772.210155,0.5867612727648798
09/08/2025,3,0.0,0.0,25247.333945,0.5748113068453345
09/08/2025,4,0.0,0.0,24577.4123679999,0.5595590628659034
09/08/2025,5,0.0,0.0,24057.594562,0.5477242626830725
09/08/2025,6,0.0,0.0,24543.9940349999,0.5587982207228808
09/08/2025,7,265.4166666666667,0.0122663708872995,26227.9415549999,0.5971370044035178
09/08/2025,8,6969.583333333333,0.3221029604895765,28617.768899,0.6515467009572983
09/08/2025,9,16370.583333333334,0.7565751214120384,32013.858238,0.7288661737921992
09/08/2025,10,18876.5,0.8723873785398204,33377.063679,0.7599025558017564
09/08/2025,11,20427.916666666668,0.94408691599943,34140.182849,0.7772766487789396
09/08/2025,12,20754.75,0.959191690448406,33793.184472,0.769376464506371
09/08/2025,13,20813.5,0.9619068526071334,33020.8783164,0.7517932095158752
09/08/2025,14,20737.33333333333,0.9583867700353932,32516.8673127,0.7403182860909961
09/08/2025,15,20392.5,0.9424501161165092,32785.294961,0.7464296342297291
09/08/2025,16,20105.08333333333,0.9291670036548778,33666.603653,0.7664945726539699
09/08/2025,17,19485.166666666668,0.900517228763003,35519.8895455,0.8086887183069972
09/08/2025,18,14917.083333333334,0.6894008542169742,36663.1684486999,0.8347179870554775
09/08/2025,19,4202.333333333333,0.1942130458727609,36211.8669021999,0.8244431108134908
09/08/2025,20,55.5,0.0025649616988827,35329.378524,0.8043513142279997
09/08/2025,21,0.0,0.0,34492.207264,0.7852912619047618
09/08/2025,22,0.0,0.0,33294.801735,0.7580296810009047
09/08/2025,23,0.0,0.0,31147.012826,0.7091305238740706
09/08/2025,24,0.0,0.0,28733.8591539999,0.6541897519556282
09/09/2025,1,0.0,0.0,27330.266902,0.6222338750140223
09/09/2025,2,0.0,0.0,26142.956265,0.5952021266174556
09/09/2025,3,0.0,0.0,25389.7947069999,0.5780547406652276
09/09/2025,4,0.0,0.0,24681.561013,0.5619302367438698
09/09/2025,5,0.0,0.0,24345.91376,0.5542884858740047
09/09/2025,6,0.0,0.0,24874.171389,0.5663154372637234
09/09/2025,7,277.8333333333333,0.0128402136697823,26687.559991,0.6076012329998106
09/09/2025,8,6980.75,0.3226190338644267,28944.126693,0.6589769567806245
09/09/2025,9,16868.0,0.7795634943559289,32394.945202,0.7375424600201136
09/09/2025,10,19544.416666666668,0.9032554986847832,32174.8043857,0.7325304682358301
09/09/2025,11,20353.416666666668,0.9406438593045334,32446.4717854,0.7387155764690009
09/09/2025,12,20948.58333333333,0.9681497999252848,32389.747948,0.7374241330565516
09/09/2025,13,21056.08333333333,0.9731179689816792,32279.173761,0.7349066675264766
09/09/2025,14,20736.416666666668,0.9583444058031296,31021.415251,0.7062710177424677
09/09/2025,15,20077.75,0.9279037792746472,30427.570583,0.6927508325847072
09/09/2025,16,19538.5,0.9029820568219894,31126.237472,0.7086575270654203
09/09/2025,17,18573.0,0.8583609663666508,32505.654599,0.7400630039044009
09/09/2025,18,14146.833333333334,0.6538033452338313,33467.436813,0.7619600997535817
09/09/2025,19,3736.1666666666665,0.1726689081196828,33020.4783239999,0.7517841028056488
09/09/2025,20,66.33333333333333,0.0030656298983643,32722.015785,0.7449889440589611
09/09/2025,21,4.75,0.0002195237490034,32299.032094,0.7353587863271533
09/09/2025,22,0.0,0.0,31229.4590489999,0.7110075941932684
09/09/2025,23,0.0,0.0,29457.171187,0.6706575475593728
09/09/2025,24,0.0,0.0,27620.010052,0.6288305176165165
09/10/2025,1,0.0,0.0,26582.3725329999,0.6052064082500572
09/10/2025,2,0.0,0.0,25409.297874,0.5784987733276612
09/10/2025,3,0.0,0.0,24836.77648,0.5654640595872337
09/10/2025,4,0.0,0.0,24461.437174,0.556918631485309
09/10/2025,5,0.0,0.0,24259.753975,0.5523268681158188
09/10/2025,6,0.0,0.0,25040.5560029999,0.5701035504015535
09/10/2025,7,257.25,0.0118889440907672,26726.002913,0.6084764710064022
09/10/2025,8,6467.75,0.2989104689720511,28478.886262,0.6483847310540204
09/10/2025,9,16438.0,0.7596908181303509,31258.134624,0.711660456977761
09/10/2025,10,19801.75,0.9151482940693926,31870.5764025,0.7256040464210332
09/10/2025,11,20420.5,0.9437441508474772,32063.0263827,0.7299855951763238
09/10/2025,12,20753.666666666668,0.959141623628458,31575.8515156,0.7188939835776499
09/10/2025,13,20485.0,0.946725052281314,31549.825549,0.7183014449790855
09/10/2025,14,20687.916666666668,0.9561029527869888,30964.747844,0.7049808590926806
09/10/2025,15,20284.75,0.9374703931785884,30973.3387339999,0.7051764496733954
09/10/2025,16,19672.83333333333,0.9091903424955612,30742.496329,0.6999208125917784
09/10/2025,17,18022.33333333333,0.832911616657616,30693.417226,0.6988034184385706
09/10/2025,18,13158.833333333334,0.608142405441108,31615.035426,0.7197860918213718
09/10/2025,19,3073.333333333333,0.1420357168990922,31837.372739,0.7248480917031977
09/10/2025,20,61.25,0.0028307009739922,31765.984877,0.7232227893905454
09/10/2025,21,0.0,0.0,31332.2604709999,0.7133480955647838
09/10/2025,22,0.0,0.0,30329.347293,0.6905145624973171
09/10/2025,23,0.0,0.0,28782.823165,0.6553045257853193
09/10/2025,24,0.0,0.0,26934.860113,0.6132315663498388
09/11/2025,1,0.0,0.0,25947.364176,0.5907490408171244
09/11/2025,2,0.0,0.0,25013.054527,0.5694774185733725
09/11/2025,3,0.0,0.0,24327.830353,0.5538767771829988
09/11/2025,4,0.0,0.0,24114.80967,0.5490268909555238
09/11/2025,5,0.0,0.0,23503.759057,0.5351149744667442
09/11/2025,6,0.0,0.0,24270.991294,0.5525827104964004
09/11/2025,7,257.25,0.0118889440907672,25884.1708979999,0.5893103063039988
09/11/2025,8,6467.75,0.2989104689720511,27569.739384,0.6276859948549443
09/11/2025,9,16438.0,0.7596908181303509,29469.435263,0.6709367663302801
09/11/2025,10,19801.75,0.9151482940693926,30173.7429583,0.6869718862220894
09/11/2025,11,20420.5,0.9437441508474772,29558.17727184,0.6729571741160892
09/11/2025,12,20753.666666666668,0.959141623628458,29608.0133237,0.6740918018815422
09/11/2025,13,20485.0,0.946725052281314,30021.5352999,0.6835065427831596
09/11/2025,14,20687.916666666668,0.9561029527869888,29160.9995173,0.663914545510852
09/11/2025,15,20284.75,0.9374703931785884,28951.2541789,0.6591392297356077
09/11/2025,16,19672.83333333333,0.9091903424955612,30047.8603044,0.6841058896398344
09/11/2025,17,18022.33333333333,0.832911616657616,31194.137484,0.7102034207711699
09/11/2025,18,13158.833333333334,0.608142405441108,31534.30704,0.7179481318546972
09/11/2025,19,3073.333333333333,0.1420357168990922,31474.68506,0.7165907058264613
09/11/2025,20,61.25,0.0028307009739922,31500.250825,0.7171727669194133
09/11/2025,21,0.0,0.0,31157.3804499999,0.7093665657275687
09/11/2025,22,0.0,0.0,30271.419468,0.6891957076485836
09/11/2025,23,0.0,0.0,28779.603165,0.6552312153751162
09/11/2025,24,0.0,0.0,26841.822627,0.6111133625414777
09/12/2025,1,0.0,0.0,26137.214229,0.5950713964887101
09/12/2025,2,0.0,0.0,24888.058461,0.5666316071223693
09/12/2025,3,0.0,0.0,23808.779302,0.5420594338708412
09/12/2025,4,0.0,0.0,23633.855182,0.5380769000225145
09/12/2025,5,0.0,0.0,23484.742437,0.5346820191211306
09/12/2025,6,0.0,0.0,24057.971868,0.5477328528873061
09/12/2025,7,212.25,0.0098092454159975,25672.640961,0.5844943602009885
09/12/2025,8,5972.5,0.276022229668057,27430.999901,0.62452728416858
09/12/2025,9,15689.75,0.7251100507215399,30407.950908,0.69230414736039
09/12/2025,10,18940.0,0.8753220644475511,31045.999954,0.7068307427926698
09/12/2025,11,20092.08333333333,0.9285662018155,30874.6455266,0.7029294808787546
09/12/2025,12,20539.416666666668,0.9492399471602484,30388.7194417,0.6918663005643466
09/12/2025,13,20412.666666666668,0.9433821292263136,29463.5062466,0.6708017791798502
09/12/2025,14,20502.58333333333,0.9475376752820108,29542.527948,0.6726008827030112
09/12/2025,15,20331.08333333333,0.9396117125548328,28841.74527,0.6566460176137598
09/12/2025,16,19765.5,0.9134729812480504,29233.009578,0.6655540135508103
09/12/2025,17,18588.08333333333,0.859058050552083,30252.1157536,0.68875621596501
09/12/2025,18,13245.833333333334,0.6121631562123295,31345.378183,0.7136467492441793
09/12/2025,19,3088.9166666666665,0.1427559088475773,31553.398849,0.7183827990439235
09/12/2025,20,56.0,0.0025880694619357,31262.178206,0.7117525180507766
09/12/2025,21,5.0,0.0002310776305299,30602.571417,0.6967351129966388
09/12/2025,22,0.0,0.0,29635.238465,0.6747116423400948
09/12/2025,23,1.8333333333333333,8.472846452765806e-05,28349.785165,0.6454454595078288
09/12/2025,24,0.0,0.0,26698.996241,0.6078616044838744
09/13/2025,1,0.0,0.0,25828.177854,0.5880355010169954
09/13/2025,2,0.0,0.0,24573.697367,0.5594744826649073
09/13/2025,3,0.0,0.0,23723.922821,0.5401274887060898
09/13/2025,4,0.0,0.0,23103.362337,0.5259990590048914
09/13/2025,5,0.0,0.0,22711.328436,0.5170735415838287
09/13/2025,6,0.0,0.0,22754.054763,0.5180463007635929
09/13/2025,7,200.58333333333331,0.0092700642780942,23240.109718,0.5291124150903902
09/13/2025,8,6172.083333333333,0.2852460784200452,24793.245679,0.5644729847804703
09/13/2025,9,16034.5,0.7410428533465818,27633.430435,0.6291360622695638
09/13/2025,10,18633.33333333333,0.8611493031083792,28348.125195,0.6454076666253367
09/13/2025,11,20126.5,0.9301567861723146,29067.4020526,0.6617835925508754
09/13/2025,12,20579.58333333333,0.9510962707921726,28349.2330425,0.6454328892199538
09/13/2025,13,20565.33333333333,0.950437699545162,27550.2040273,0.627241229322913
09/13/2025,14,20409.0,0.9432126722972582,26987.533466,0.6144307915408952
09/13/2025,15,19993.916666666668,0.924029377669428,25970.5606019999,0.5912771586759127
09/13/2025,16,19563.916666666668,0.90415670144385,26615.693366,0.6059650305902887
09/13/2025,17,18467.166666666668,0.8534698231870997,27786.182446,0.6326137990974379
09/13/2025,18,13193.833333333334,0.6097599488548178,29290.942175,0.666872977044661
09/13/2025,19,2987.6666666666665,0.1380765868293453,29829.257363,0.6791289109734888
09/13/2025,20,93.83333333333331,0.0043365568662792,29742.11379,0.6771448951091437
09/13/2025,21,0.0,0.0,29341.534125,0.6680248145003981
09/13/2025,22,0.5,2.3107763052997653e-05,28516.849025,0.6492490371807198
09/13/2025,23,0.0833333333333333,3.851293842166275e-06,27351.980568,0.6227282345672747
09/13/2025,24,0.0,0.0,25891.660178,0.5894808163005619
09/14/2025,1,0.0,0.0,24947.003139,0.567973612874999
09/14/2025,2,0.0,0.0,23613.91785,0.5376229826351621
09/14/2025,3,0.0,0.0,22713.96998,0.5171336821658814
09/14/2025,4,0.0,0.0,22162.535006,0.5045790473384707
09/14/2025,5,0.0,0.0,21733.727479,0.4948162971202918
09/14/2025,6,0.0,0.0,21722.138978,0.494552459306022
09/14/2025,7,182.16666666666663,0.0084189283389754,22056.325534,0.502160954183262
09/14/2025,8,6038.833333333333,0.2790878595664213,23198.167906,0.528157517126918
09/14/2025,9,14874.75,0.6874443969451537,26332.2997059999,0.59951294814819
09/14/2025,10,17717.75,0.8188351376644983,27045.826078,0.6157579515711835
09/14/2025,11,19302.666666666668,0.8920828952486588,27383.790903,0.6234524670851465
09/14/2025,12,19277.666666666668,0.890927507096009,26465.6978817,0.6025500521795305
09/14/2025,13,18678.83333333333,0.863252109546202,25108.5180586,0.5716508566668601
09/14/2025,14,18299.58333333333,0.8457248712705032,25331.8561106,0.5767356405817906
09/14/2025,15,17218.083333333332,0.7957427797868694,25043.1858348,0.5701634243295132
09/14/2025,16,17944.083333333332,0.829295251739822,26709.0968555,0.6080915672765135
09/14/2025,17,17472.5,0.8075007798870031,28658.9374818,0.6524839946506359
09/14/2025,18,12980.333333333334,0.5998929340311878,30966.159919,0.7050130080981115
09/14/2025,19,2781.6666666666665,0.1285561884515103,31466.874357,0.7164128779255594
09/14/2025,20,10.833333333333334,0.0005006681994816,31353.825922,0.7138390806762843
09/14/2025,21,0.0,0.0,30711.626326,0.699217988808269
09/14/2025,22,0.0,0.0,29589.58236,0.6736721802948077
09/14/2025,23,0.0,0.0,28041.6276989999,0.6384295743402487
09/14/2025,24,0.0,0.0,26030.820867,0.5926491166715969
09/15/2025,1,0.0,0.0,24995.339261,0.5690740914251375
09/15/2025,2,0.0,0.0,23997.9366119999,0.5463660177183577
09/15/2025,3,0.0,0.0,23653.842509,0.5385319556564377
09/15/2025,4,0.0,0.0,23116.250045,0.526292476135344
09/15/2025,5,0.0,0.0,22536.593992,0.5130953261284728
09/15/2025,6,0.0,0.0,23711.141704,0.5398364983551198
09/15/2025,7,174.83333333333334,0.0080800144808648,25827.850455,0.5880280470558183
09/15/2025,8,6090.75,0.2814872156300909,27703.9686,0.6307420193537633
09/15/2025,9,15713.166666666666,0.7261922642911885,31258.918285,0.7116782987508574
09/15/2025,10,19230.08333333333,0.8887284183121319,32812.686055,0.7470532529679436
09/15/2025,11,19889.416666666668,0.9191998551913516,32945.574319,0.750078747733476
09/15/2025,12,19876.58333333333,0.918606755939658,32380.612464,0.7372161435908859
09/15/2025,13,20115.25,0.929636861503622,32089.219911,0.730581948686988
09/15/2025,14,19162.666666666668,0.8856127215938195,31479.361537,0.7166971761516711
09/15/2025,15,18604.33333333333,0.8598090528513054,31778.2641465,0.7235023540750297
09/15/2025,16,18334.666666666668,0.8473462659780554,33781.91177,0.7691198165536638
09/15/2025,17,17484.833333333332,0.8080707713756435,36091.330259,0.821698827969551
09/15/2025,18,12763.333333333334,0.5898641648661869,38089.363999,0.8671884779940803
09/15/2025,19,2678.75,0.1237998405564349,37935.930523,0.8636952261107127
09/15/2025,20,34.5,0.0015944356506568,36794.518699,0.8377084655429858
09/15/2025,21,13.583333333333334,0.0006277608962731,35661.602286,0.8119151217657105
09/15/2025,22,12.666666666666666,0.0005853966640092,33628.592272,0.7656291596311453
09/15/2025,23,0.0,0.0,31092.953959,0.7078997543973987
09/15/2025,24,0.0,0.0,28634.358353,0.6519243965094055
09/16/2025,1,0.0,0.0,27196.623211,0.619191181284748
09/16/2025,2,0.0,0.0,25769.587218,0.5867015558122689
09/16/2025,3,0.0,0.0,25194.31767,0.5736042742777293
09/16/2025,4,0.0,0.0,24784.85945,0.5642820537593376
09/16/2025,5,0.0,0.0,24056.881221,0.5477080219000524
09/16/2025,6,0.0,0.0,24835.321792,0.5654309404027624
09/16/2025,7,127.33333333333331,0.00588477699083,26590.691617,0.6053958105670018
09/16/2025,8,5362.583333333333,0.247834610037242,28453.216651,0.6478003056775721
09/16/2025,9,15606.666666666666,0.7212703107609001,32528.3765729999,0.7405803198157538
09/16/2025,10,19267.5,0.8904576492472647,34160.486182,0.7777388989872377
09/16/2025,11,20281.5,0.937320192718744,33663.973686,0.7664346956478859
09/16/2025,12,20042.83333333333,0.9262900871547796,34074.366575,0.7757781959699404
09/16/2025,13,19878.416666666668,0.9186914844041856,34417.6174909,0.7835930610156577
09/16/2025,14,19727.75,0.911728345137549,35802.434678,0.8151214821468906
09/16/2025,15,19898.666666666668,0.919627348807832,37753.214027,0.8595352816161076
09/16/2025,16,19274.666666666668,0.890788860517691,39675.313979,0.9032961312845644
09/16/2025,17,18048.5,0.8341209229240564,40866.661804,0.9304197951806178
09/16/2025,18,12246.5,0.5659784404570716,41121.012304,0.9362106459540207
09/16/2025,19,2466.6666666666665,0.1139982977281217,40145.910291,0.9140102954686559
09/16/2025,20,6.666666666666667,0.0003081035073733,38886.490387,0.8853368203816503
09/16/2025,21,0.0,0.0,37554.29847,0.8550065297280817
09/16/2025,22,0.0,0.0,35542.076363,0.8091938501989306
09/16/2025,23,0.0,0.0,32941.822078,0.7499933196816466
09/16/2025,24,0.0,0.0,30301.431162,0.6898789901324437
09/17/2025,1,0.5833333333333334,2.695905689516393e-05,28863.798408,0.657148105996693
09/17/2025,2,0.0,0.0,27377.8870609999,0.6233180530855187
09/17/2025,3,0.0,0.0,26535.6527599999,0.6041427294540248
09/17/2025,4,0.0,0.0,26041.338301,0.5928885692805484
09/17/2025,5,0.0,0.0,25895.998369,0.5895795847979997
09/17/2025,6,0.0,0.0,25829.662046,0.5880692919251755
09/17/2025,7,102.5,0.0047370914258645,27638.490931,0.6292512756352753
09/17/2025,8,4424.0,0.2044574874929232,29363.415181,0.6685229850566207
09/17/2025,9,13819.0,0.6386523552587492,33044.63235,0.752334022542954
09/17/2025,10,17810.666666666668,0.8231293302985139,34862.513895,0.7937221100474727
09/17/2025,11,18908.58333333333,0.8738701266690544,35830.882949,0.8157691698539026
09/17/2025,12,18843.0,0.8708391584152696,36226.209744,0.8247696572780383
09/17/2025,13,18128.25,0.8378066111310095,37303.474113,0.8492959593862827
09/17/2025,14,16305.333333333334,0.7535595583336222,37557.661679,0.8550831006073949
09/17/2025,15,13850.5,0.640108144331088,38578.106383,0.8783157775762755
09/17/2025,16,11173.583333333334,0.5163930322391808,39526.419152,0.8999062117676434
09/17/2025,17,8985.583333333334,0.415273461119263,39289.191566,0.8945052019412008
09/17/2025,18,5329.25,0.2462940925003755,38367.685136,0.873525073249253
09/17/2025,19,951.0,0.0439509653268015,37251.909575,0.8481219788171175
09/17/2025,20,0.0,0.0,36574.200116,0.8326924265072435
09/17/2025,21,0.0,0.0,35227.596132,0.8020340133245927
09/17/2025,22,0.0,0.0,33962.328244,0.7732273959686738
09/17/2025,23,0.0,0.0,32199.269019,0.7330874596341813
09/17/2025,24,0.1666666666666666,7.70258768433255e-06,29892.702666,0.680573383392243
09/18/2025,1,0.0,0.0,28667.769847,0.6526850829474916
09/18/2025,2,0.0,0.0,27632.49014,0.6291146543775881
09/18/2025,3,2.1666666666666665,0.0001001336398963,27001.122615,0.6147401785245911
09/18/2025,4,0.0,0.0,26467.959393,0.6026015404780031
09/18/2025,5,0.0,0.0,25947.350869,0.5907487378538858
09/18/2025,6,0.0,0.0,26443.553105,0.6020458774392408
09/18/2025,7,7.583333333333333,0.0003504677396371,27914.763528,0.6355412313538898
09/18/2025,8,906.5833333333334,0.0418982257089269,29031.448471,0.660965029875296
09/18/2025,9,3145.9166666666665,0.145390193835619,30051.112311,0.6841799287509616
09/18/2025,10,6166.5,0.2849880417326201,31243.290166,0.7113224901127853
09/18/2025,11,7444.333333333333,0.3440437815083977,31975.926893,0.728002582965645
09/18/2025,12,8695.166666666666,0.4018517020793135,33268.069401,0.7574210603887228
09/18/2025,13,9780.083333333334,0.4519916966104763,33769.448863,0.7688360709559952
09/18/2025,14,10160.583333333334,0.4695767042938075,34065.130944,0.7755679264366812
09/18/2025,15,7851.5,0.3628612032212222,33803.1711,0.7696038321446398
09/18/2025,16,7315.083333333333,0.3380704247591978,34897.196248,0.7945117303969255
09/18/2025,17,4140.5,0.1913553858418736,34534.459593,0.7862532294734034
09/18/2025,18,2105.333333333333,0.0972990876284888,34208.285388,0.7788271534590517
09/18/2025,19,364.0,0.0168224515025822,34060.962144,0.7754730144993971
09/18/2025,20,23.416666666666668,0.0010822135696487,33790.020762,0.769304435662314
09/18/2025,21,0.0,0.0,33046.320768,0.7523724631069832
09/18/2025,22,0.0,0.0,32191.774551,0.7329168315213447
09/18/2025,23,0.0,0.0,30549.627526,0.6955297284106274
09/18/2025,24,0.0,0.0,28651.616437,0.6523173148998896
09/19/2025,1,0.0,0.0,27257.6283039999,0.6205800969345305
09/19/2025,2,0.0,0.0,25808.219022,0.587581094134668
09/19/2025,3,0.0,0.0,24846.3576499999,0.5656821960788232
09/19/2025,4,0.0,0.0,24539.521032,0.5586963829325818
09/19/2025,5,0.0,0.0,24176.990525,0.5504425754234828
09/19/2025,6,0.0,0.0,25012.072257,0.5694550550278352
09/19/2025,7,23.5,0.0010860648634908,26626.590499,0.6062131278854029
09/19/2025,8,2101.1666666666665,0.0971065229363804,27794.278371,0.6327981207069794
09/19/2025,9,7445.75,0.3441092535037146,28823.433665,0.6562291134913913
09/19/2025,10,11208.5,0.5180067243590484,30219.3110099999,0.6880093435395659
09/19/2025,11,14427.25,0.6667629490127208,31386.683643,0.7145871592492186
09/19/2025,12,16338.083333333334,0.7550731168135936,32127.943386,0.7314635741021241
09/19/2025,13,16683.833333333332,0.7710521349647413,32502.318204,0.7399870435050067
09/19/2025,14,16715.833333333332,0.7725310318001332,32902.79722,0.7491048326170203
09/19/2025,15,15775.333333333334,0.7290653294974447,32619.092864,0.7426456764944243
09/19/2025,16,15490.583333333334,0.7159054584387625,33533.561999,0.7634655856263812
09/19/2025,17,14561.416666666666,0.6729635320986085,34713.336685,0.7903257614580161
09/19/2025,18,10162.416666666666,0.4696614327583351,35106.541409,0.799277935250012
09/19/2025,19,2004.5833333333333,0.0926428733733097,34588.904784,0.7874927944689918
09/19/2025,20,3.5,0.0001617543413709,33528.114975,0.7633415720972426
09/19/2025,21,0.0,0.0,32533.1110449999,0.7406881105251995
09/19/2025,22,10.583333333333334,0.0004891143179551,31688.524482,0.7214592324551596
09/19/2025,23,0.0,0.0,30275.842244,0.6892964019103216
09/19/2025,24,0.0,0.0,28280.803607,0.6438749420191868
09/20/2025,1,0.0,0.0,26948.919648,0.6135516627095017
09/20/2025,2,0.0,0.0,25453.451618,0.5795040308073636
09/20/2025,3,0.0,0.0,24294.730142,0.5531231777897633
09/20/2025,4,0.0,0.0,23702.179903,0.5396324631664651
09/20/2025,5,0.0,0.0,23232.680934,0.5289432824188529
09/20/2025,6,0.0,0.0,23455.445416,0.5340150077462118
09/20/2025,7,99.16666666666669,0.0045830396721778,23772.691694,0.5412378197883171
09/20/2025,8,5102.083333333333,0.2357954654866302,24877.568063,0.5663927700476569
09/20/2025,9,14898.833333333334,0.6885574208655398,28057.4592769999,0.6387900151717214
09/20/2025,10,18839.08333333333,0.8706581476046877,29260.357519,0.6661766498156921
09/20/2025,11,20168.75,0.9321093921502928,29464.321282,0.6708203352604415
09/20/2025,12,20278.08333333333,0.937162289671215,29308.761558,0.6672786746463056
09/20/2025,13,20000.5,0.9243336298829592,29405.812888,0.6694882624764467
09/20/2025,14,19539.75,0.903039826229622,28923.836337,0.6585150020223866
09/20/2025,15,19871.5,0.9183718270152856,29663.71633,0.6753600038198644
09/20/2025,16,19569.0,0.9043916303682222,31515.82087,0.7175272533746402
09/20/2025,17,18265.0,0.8441265843260043,32497.550493,0.7398784960363297
09/20/2025,18,12126.833333333334,0.5604479824997208,33473.383475,0.7620954886450597
09/20/2025,19,2475.6666666666665,0.1144142374630757,33064.9908329999,0.7527975283627786
09/20/2025,20,56.833333333333336,0.0026265824003574,32015.440562,0.7289021988920483
09/20/2025,21,0.0,0.0,31191.098777,0.7101342378964317
09/20/2025,22,0.0,0.0,30095.944033,0.6852006218969026
09/20/2025,23,0.0,0.0,28753.742797,0.6546424469943452
09/20/2025,24,0.0,0.0,27029.0213749999,0.6153753554002896
09/21/2025,1,0.0,0.0,25914.63015,0.5900037784340009
09/21/2025,2,0.0,0.0,24543.3816,0.5587842772877673
09/21/2025,3,0.0,0.0,23378.389425,0.5322606579608657
09/21/2025,4,0.0,0.0,22731.031638,0.5175221284847399
09/21/2025,5,0.0,0.0,22141.975925,0.504110974462226
09/21/2025,6,0.0,0.0,22067.426992,0.5024137033881789
09/21/2025,7,21.166666666666668,0.0009782286359102,22271.945272,0.5070700136368831
09/21/2025,8,3202.083333333333,0.1479859658852391,23845.992859,0.5429066826686008
09/21/2025,9,10733.916666666666,0.4960736059279114,26376.466181,0.6005184954772214
09/21/2025,10,14075.0,0.650483529941884,28420.538506,0.6470563155488065
09/21/2025,11,14864.166666666666,0.6869552826271986,28952.998092,0.6591789337681293
09/21/2025,12,14821.833333333334,0.6849988253553781,28292.984956,0.6441522773272665
09/21/2025,13,14094.083333333334,0.6513654762317401,27593.665283,0.6282307207773564
09/21/2025,14,13127.0,0.6066712111934004,27514.837969,0.6264360429125905
09/21/2025,15,13135.916666666666,0.6070832996345122,26938.1031569999,0.6133054014075839
09/21/2025,16,12490.25,0.577243474945408,27472.3639559999,0.625469028218178
09/21/2025,17,10905.0,0.5039803121858788,28516.718245,0.6492460596852396
09/21/2025,18,7579.583333333333,0.3502944314142336,30518.904915,0.6948302603314599
09/21/2025,19,1558.4166666666667,0.0720230461423515,31100.280874,0.7080665677962102
09/21/2025,20,89.0,0.0041131818234335,31039.450391,0.7066816275286384
09/21/2025,21,2.583333333333333,0.0001193901091071,30367.556478,0.6913844789649802
09/21/2025,22,0.0,0.0,29405.370167,0.6694781829552928
09/21/2025,23,0.0,0.0,27915.455724,0.6355569907242938
09/21/2025,24,0.0,0.0,26252.058837,0.5976860875825273
09/22/2025,1,0.0,0.0,25181.573369,0.5733141221242941
09/22/2025,2,0.0,0.0,23894.111736,0.5440022151566073
09/22/2025,3,0.0,0.0,23631.996892,0.5380345919473045
09/22/2025,4,0.0,0.0,23090.033927,0.5256956083202782
09/22/2025,5,0.0,0.0,22886.683265,0.5210658814736051
09/22/2025,6,0.0,0.0,23783.441858,0.5414825710096184
09/22/2025,7,22.0,0.0010167415743318,25691.423385,0.5849219835575252
09/22/2025,8,2194.75,0.1014315259211332,26609.627844,0.6058269355884516
09/22/2025,9,9590.916666666666,0.4432492595887588,28162.166578,0.6411739080871172
09/22/2025,10,14504.25,0.6703215445228825,30796.687144,0.7011545861560297
09/22/2025,11,16462.666666666668,0.7608308011076321,31628.118283,0.7200839519497253
09/22/2025,12,17722.833333333332,0.8190700665888705,32082.747024,0.7304345791214079
09/22/2025,13,18822.58333333333,0.8698955914239388,32909.933682,0.7492673099327405
09/22/2025,14,18031.08333333333,0.8333160025110435,33227.920887,0.7565069908140695
09/22/2025,15,18464.916666666668,0.8533658382533613,33435.672832,0.7612369225868758
09/22/2025,16,18171.33333333333,0.8397977300474093,35083.932855,0.7987632015954039
09/22/2025,17,16638.416666666668,0.7689531798207608,36451.511839,0.8298991569687408
09/22/2025,18,9945.666666666666,0.4596442174748607,36842.135564,0.8387925686193008
09/22/2025,19,1535.0,0.0709408325727028,36703.088251,0.8356268495032557
09/22/2025,20,12.583333333333334,0.0005815453701671,35838.894964,0.8159515810670092
09/22/2025,21,0.0,0.0,34544.0483679999,0.7864715391096108
09/22/2025,22,0.0,0.0,33108.036792,0.7537775646708165
09/22/2025,23,0.0,0.0,30857.9171399999,0.7025486222192238
09/22/2025,24,0.0,0.0,28607.129213,0.6513044650116175
09/23/2025,1,0.0,0.0,27428.57998,0.6244721893234965
09/23/2025,2,0.0,0.0,25763.894166,0.5865719409124467
09/23/2025,3,0.0,0.0,25075.2596229999,0.5708936549412217
09/23/2025,4,2.6666666666666665,0.0001232414029493,24311.125022,0.5534964434351143
09/23/2025,5,0.0,0.0,24105.299998,0.5488103822737795
09/23/2025,6,0.0,0.0,24793.939135,0.5644887728375565
09/23/2025,7,78.16666666666667,0.0036125136239519,26715.51226,0.6082376281260519
09/23/2025,8,4651.0,0.2149484119189841,28628.5863239999,0.6517929835237839
09/23/2025,9,13755.416666666666,0.6357138180571763,31494.318045,0.7170376940823188
09/23/2025,10,17488.666666666668,0.8082479308923833,33545.967868,0.763748032628032
09/23/2025,11,18961.58333333333,0.8763195495526722,34492.515995,0.7852982908476975
09/23/2025,12,18902.75,0.8736005361001028,34886.097787,0.7942590494253314
09/23/2025,13,18916.33333333333,0.8742282969963758,35186.4300739999,0.8010967771138999
09/23/2025,14,19137.416666666668,0.8844457795596431,35765.34418,0.8142770350589974
09/23/2025,15,18415.416666666668,0.8510781697111145,36648.044181,0.834373649704825
09/23/2025,16,17239.0,0.7967094545412531,38246.949549,0.8707762610104085
09/23/2025,17,15752.666666666666,0.7280177775723754,39077.872233,0.8896940507032908
09/23/2025,18,9863.5,0.4558468417464847,39599.240212,0.901564143997464
09/23/2025,19,1464.0833333333333,0.0676633815130193,38600.8904119999,0.8788345063067294
09/23/2025,20,0.0,0.0,37412.524964,0.8517787428085821
09/23/2025,21,0.0,0.0,36380.901574,0.8282915583688347
09/23/2025,22,0.0,0.0,34851.396152,0.7934689900785714
09/23/2025,23,0.0,0.0,32437.979757,0.7385222366909077
09/23/2025,24,0.0,0.0,30107.823064,0.6854710742681526
09/24/2025,1,0.0,0.0,28709.158622,0.6536273898024769
09/24/2025,2,0.0,0.0,26998.662389,0.6146841660471836
09/24/2025,3,0.0,0.0,25967.750097,0.5912131713236082
09/24/2025,4,0.0,0.0,25664.965188,0.5843196042794806
09/24/2025,5,0.0,0.0,25000.985494,0.5692026403870419
09/24/2025,6,0.0,0.0,25872.402057,0.5890423626514159
09/24/2025,7,67.83333333333333,0.0031349531875233,27632.02067,0.6291039658563837
09/24/2025,8,3923.1666666666665,0.1813112115015039,29232.119144,0.6655337408545995
09/24/2025,9,10275.75,0.4748991923836813,30871.008863,0.7028466842016469
09/24/2025,10,13380.0,0.6183637392982172,33035.73543,0.7521314645135304
09/24/2025,11,14607.333333333334,0.6750855950056421,33776.884455,0.7690053586266855
09/24/2025,12,16221.416666666666,0.7496813054345607,34613.95313,0.7880630753758765
09/24/2025,13,17121.166666666668,0.7912637250484301,35360.871967,0.8050683319997503
09/24/2025,14,16711.75,0.7723423184018671,35440.233386,0.8068751699442187
09/24/2025,15,17121.166666666668,0.7912637250484301,36019.931365,0.8200732744890583
09/24/2025,16,17363.75,0.8024748414229761,35876.062496,0.8167977820040141
09/24/2025,17,15953.583333333334,0.7373032470258384,36241.8154939999,0.8251249566364294
09/24/2025,18,9205.25,0.4254254716872133,36190.4127249999,0.8239546590957574
09/24/2025,19,1396.9166666666667,0.0645592386762332,35075.349391,0.7985677800839743
09/24/2025,20,145.0,0.0067012512853693,34588.31399,0.7874793437390274
09/24/2025,21,0.0,0.0,33282.6665529999,0.7577533967865208
09/24/2025,22,0.0,0.0,32478.181144,0.7394375100361569
09/24/2025,23,0.0,0.0,30429.989347,0.6928059010881308
09/24/2025,24,0.0,0.0,28395.316563,0.6464820823228907
09/25/2025,1,0.0,0.0,26963.9698369999,0.6138943134949726
09/25/2025,2,0.0,0.0,25570.419731,0.582167068181497
09/25/2025,3,0.0,0.0,24407.4489069999,0.5556894693735294
09/25/2025,4,0.0,0.0,23947.4649079999,0.5452169179283303
09/25/2025,5,0.0,0.0,23753.446286,0.5407996555786879
09/25/2025,6,0.0,0.0,24677.248537,0.5618320537051893
09/25/2025,7,57.25,0.0026458388695682,26384.572359,0.6007030505189479
09/25/2025,8,4531.5,0.2094256565493177,28003.404071,0.6375593290458008
09/25/2025,9,13517.75,0.624729928019318,29598.805599,0.6738821676968235
09/25/2025,10,17801.0,0.8226825802128225,31833.8365429999,0.7247675823928481
09/25/2025,11,18642.25,0.8615613915494911,31619.0306,0.7198770507793757
09/25/2025,12,19253.75,0.8898221857633072,31825.966482,0.7245884030760078
09/25/2025,13,19559.166666666668,0.9039371776948466,31594.9812269,0.7193295136964293
09/25/2025,14,19376.75,0.8955066954743446,31338.0141238,0.7134790901756352
09/25/2025,15,19388.83333333333,0.8960651330814586,32005.1717914,0.7286684076544808
09/25/2025,16,18875.666666666668,0.8723488656013988,32318.6527144,0.7358054930755891
09/25/2025,17,17350.916666666668,0.8018817421712825,32795.8771383,0.7466705608628671
09/25/2025,18,9628.083333333334,0.444966936642365,33020.379125,0.751781844321371
09/25/2025,19,1213.4166666666667,0.0560786896357831,32367.293869,0.7369129163664205
09/25/2025,20,84.58333333333333,0.0039090632497987,31644.134919,0.7204486060352016
09/25/2025,21,0.0,0.0,30966.129151,0.7050123075966515
09/25/2025,22,0.0,0.0,30030.899199,0.6837197326229488
09/25/2025,23,0.0,0.0,28632.148901,0.6518740934558515
09/25/2025,24,0.0,0.0,26591.528376,0.6054148612333157
09/26/2025,1,0.0,0.0,25593.6788,0.5826966122465068
09/26/2025,2,0.0,0.0,24523.878149,0.5583402381594488
09/26/2025,3,0.0,0.0,24285.235604,0.552907013666947
09/26/2025,4,0.0,0.0,24028.003706,0.5470505615055508
09/26/2025,5,0.0,0.0,23450.939853,0.5339124286556137
09/26/2025,6,0.0,0.0,24024.538158,0.5469716606529239
09/26/2025,7,48.66666666666666,0.0022491556038251,25670.929962,0.5844554055306322
09/26/2025,8,4333.5,0.2002749823803306,27065.298432,0.6162012827076306
09/26/2025,9,13951.916666666666,0.6447951689370044,29592.60063,0.6737408978761132
09/26/2025,10,18121.08333333333,0.8374753998605831,31651.233881,0.7206102295806164
09/26/2025,11,19441.5,0.8984991507897078,31884.924438,0.7259307111316273
09/26/2025,12,19630.666666666668,0.9072415878114252,31919.074738,0.7267082181196889
09/26/2025,13,19643.75,0.9078462409446454,31384.239144,0.7145315048316934
09/26/2025,14,18962.5,0.876361913784936,30007.552593,0.6831881955848403
09/26/2025,15,17205.083333333332,0.7951419779474914,29483.02957,0.6712462707472355
09/26/2025,16,15965.666666666666,0.7378616846329524,29388.5475439999,0.6690951787960291
09/26/2025,17,14300.083333333334,0.6608858746095752,30360.270241,0.6912185916906614
09/26/2025,18,8200.333333333334,0.3789827192445302,30663.2294249999,0.6981161264899849
09/26/2025,19,1185.5,0.0547885061986574,30905.462437,0.7036310958919891
09/26/2025,20,49.91666666666666,0.0023069250114575,30412.144994,0.692399634989299
09/26/2025,21,57.5,0.0026573927510947,29940.312465,0.6816573255954653
09/26/2025,22,5.083333333333333,0.0002349289243721,29338.594875,0.6679578959838797
09/26/2025,23,0.0,0.0,28137.247561,0.6406065716404937
09/26/2025,24,0.0,0.0,26508.4838319999,0.6035241688153733
09/27/2025,1,0.0,0.0,25446.873052,0.5793542552259946
09/27/2025,2,0.0,0.0,24071.042405,0.5480304325236554
09/27/2025,3,0.0,0.0,23096.86982,0.5258512425190155
09/27/2025,4,0.0,0.0,22493.0808269999,0.5121046528441897
09/27/2025,5,0.0,0.0,22478.516323,0.511773059750203
09/27/2025,6,0.0,0.0,22520.231017,0.5127227868708973
09/27/2025,7,17.833333333333332,0.0008241768822235,23247.155898,0.5292728369370252
09/27/2025,8,2913.5,0.1346489353098173,24097.909152,0.5486421133445846
09/27/2025,9,10926.25,0.5049623921156312,26873.140467,0.6118263823231778
09/27/2025,10,14819.25,0.684879435246271,28362.59403,0.6457370816032902
09/27/2025,11,16119.333333333334,0.7449634704779071,29036.524547,0.6610805979541103
09/27/2025,12,15593.5,0.7206618063338378,28719.9019449999,0.6538719852733051
09/27/2025,13,15694.5,0.7253295744705434,28077.66272,0.6392499911636009
09/27/2025,14,15437.166666666666,0.7134367790859338,28050.318548,0.6386274407083266
09/27/2025,15,15940.0,0.7366754861295652,27083.236812,0.616609689538742
09/27/2025,16,14245.5,0.6583632771429562,27264.672355,0.6207404703097816
09/27/2025,17,12470.083333333334,0.5763114618356037,27022.4042879999,0.6152247028032961
09/27/2025,18,6627.083333333333,0.3062741427982731,28014.7187199999,0.6378169320145854
09/27/2025,19,603.5833333333334,0.0278949212988103,28461.8464259999,0.6479967815611755
09/27/2025,20,0.0,0.0,28441.627721,0.6475364580961701
09/27/2025,21,0.0,0.0,28042.335756,0.6384456948213434
09/27/2025,22,0.0,0.0,27374.295394,0.6232362808553711
09/27/2025,23,0.0,0.0,26345.169756,0.5998059632552836
09/27/2025,24,0.0,0.0,25025.189593,0.5697537001467581
09/28/2025,1,0.0,0.0,24189.133186,0.5507190299138142
09/28/2025,2,0.0,0.0,23017.983889,0.52405523010881
09/28/2025,3,0.0,0.0,22246.480159,0.5064902441089645
09/28/2025,4,0.0,0.0,21901.397926,0.4986336850856654
09/28/2025,5,0.0,0.0,21541.084973,0.49043036509004073
09/28/2025,6,0.0,0.0,21611.022556,0.4920226485988425
09/28/2025,7,18.916666666666668,0.0008742437021717,21798.605728,0.4962933937188779
09/28/2025,8,3347.5,0.1547064736398193,22663.062436,0.5159746595158593
09/28/2025,9,13038.0,0.6025580293699668,25782.929124,0.5870053137631231
09/28/2025,10,17211.083333333332,0.7954192711041274,27613.293896,0.6286776094949799
09/28/2025,11,18045.33333333333,0.833974573758054,28063.527286,0.6389281667956076
09/28/2025,12,19045.25,0.8801862485702071,28573.0684,0.6505289953927107
09/28/2025,13,19104.83333333333,0.882939923667356,27234.8763009,0.6200620973444078
09/28/2025,14,18657.25,0.862254624441081,26403.0208782999,0.6011230717976792
09/28/2025,15,18451.916666666668,0.8527650364139834,25661.286264,0.5842358454510501
09/28/2025,16,17067.666666666668,0.7887911944017594,25646.7817831,0.583905618915472
09/28/2025,17,14496.0,0.669940266432508,26848.223681,0.6112590966701957
09/28/2025,18,8495.416666666666,0.3926201507396409,27667.459066,0.6299107991941784
09/28/2025,19,1008.25,0.0465968041963697,28597.837912,0.6510929280278814
09/28/2025,20,0.0,0.0,28607.540522,0.6513138293692294
09/28/2025,21,0.0,0.0,28093.534982,0.6396113582561694
09/28/2025,22,0.0,0.0,27313.933009,0.621861997872394
09/28/2025,23,0.0,0.0,25968.773802,0.5912364782284146
09/28/2025,24,0.0,0.0,24650.647224,0.5612264160753849
09/29/2025,1,0.0,0.0,23891.686553,0.5439470005104745
09/29/2025,2,0.0,0.0,23131.906096,0.5266489207070739
09/29/2025,3,0.0,0.0,22875.132571,0.5208029044191734
09/29/2025,4,0.0,0.0,22563.5121149999,0.513708176637485
09/29/2025,5,0.0,0.0,22247.744896,0.5065190386394829
09/29/2025,6,0.0,0.0,23175.733909,0.5276467576478607
09/29/2025,7,36.91666666666666,0.0017061231720796,25064.93845,0.5706586706473088
09/29/2025,8,3768.3333333333335,0.174155507542759,27019.770734,0.6151647441312388
09/29/2025,9,12172.833333333334,0.5625738967005965,29504.760431,0.6717410217826318
09/29/2025,10,16117.583333333334,0.7448825933072216,30548.15951,0.6954963057848061
09/29/2025,11,17540.583333333332,0.8106472869560528,30685.318713,0.6986190379074946
09/29/2025,12,17944.75,0.8293260620905594,30530.8995559999,0.6951033448196403
09/29/2025,13,18803.0,0.8689905373710298,31205.7300589999,0.7104673513390434
09/29/2025,14,18942.916666666668,0.875456859732027,30921.013075,0.7039851405040076
09/29/2025,15,17632.75,0.8149068179454888,30644.2603099999,0.6976842527005938
09/29/2025,16,17036.666666666668,0.7873585130924735,30985.477075,0.70545280580939
09/29/2025,17,15296.666666666666,0.7069434976680415,30627.906012,0.6973119109940857
09/29/2025,18,8384.0,0.3874709708726647,30966.907492,0.7050300282482005
09/29/2025,19,864.8333333333334,0.0399687274940016,30958.735932,0.7048439846408716
09/29/2025,20,237.08333333333331,0.010956930980963,30639.893921,0.6975848422134233
09/29/2025,21,83.41666666666667,0.0038551451360084,29641.778767,0.6748605467570117
09/29/2025,22,0.0,0.0,28606.320244,0.6512860470460177
09/29/2025,23,0.0,0.0,27192.44174,0.6190959808641697
09/29/2025,24,0.0,0.0,25356.54913,0.5772978316940162
09/30/2025,1,0.0,0.0,24570.70272,0.5594063029133596
09/30/2025,2,0.0,0.0,23772.948718,0.5412436715072214
09/30/2025,3,0.0,0.0,23380.010741,0.5322975707996945
09/30/2025,4,0.0,0.0,23136.848818,0.5267614526876142
09/30/2025,5,0.0,0.0,22980.94674,0.5232119976287037
09/30/2025,6,0.0,0.0,23776.084713,0.5413150693581049
09/30/2025,7,31.75,0.0014673429538653,25775.766475,0.5868422402425236
09/30/2025,8,3909.9166666666665,0.1806988557805995,27221.039997,0.6197470833336614
09/30/2025,9,13535.916666666666,0.6255695100769103,29736.013402,0.6770060063058275
09/30/2025,10,18346.5,0.8478931497036429,31123.357283,0.7085919532029817
09/30/2025,11,19903.166666666668,0.919835318675309,30282.12867652,0.6894395264279474
09/30/2025,12,20250.166666666668,0.9358721062340896,29902.9942276,0.6808076935172511
09/30/2025,13,19851.166666666668,0.9174321113177972,29597.5291,0.673853105378403
09/30/2025,14,19483.58333333333,0.9004440541800017,30070.4848335,0.6846209870028693
09/30/2025,15,18131.416666666668,0.8379529602970118,29982.22758,0.6826116157427818
09/30/2025,16,17585.333333333332,0.8127154317492962,29879.2037146099,0.6802660499563052
09/30/2025,17,15495.166666666666,0.7161172796000816,30019.2943367999,0.683455522309831
09/30/2025,18,8769.75,0.4052986100680523,30087.724998,0.6850134974163674
09/30/2025,19,837.8333333333334,0.0387209082891397,30467.8845569999,0.6936686692216166
09/30/2025,20,10.083333333333334,0.0004660065549021,30075.819611,0.6847424449925796
09/30/2025,21,0.0,0.0,29483.708705,0.6712617327551341
09/30/2025,22,0.0,0.0,28654.6772099999,0.6523870001558403
09/30/2025,23,0.0,0.0,27248.83978,0.6203800067794024
09/30/2025,24,0.0,0.0,25504.946698,0.5806764300117859
10/01/2025,1,0.0,0.0,24821.589947,0.5651183046295342
10/01/2025,2,0.0,0.0,23928.122766,0.5447765513555916
10/01/2025,3,0.0,0.0,23829.103113,0.5425221503060275
10/01/2025,4,0.0,0.0,23288.647711,0.5302174896796027
10/01/2025,5,0.0,0.0,22579.404849,0.5140700098203408
10/01/2025,6,0.0,0.0,23447.227503,0.5338279088104841
10/01/2025,7,33.0,0.0015251123614978,25161.703915,0.5728617501294955
10/01/2025,8,4218.166666666667,0.1949447917027725,26723.027323,0.60840872512954
10/01/2025,9,14083.833333333334,0.6508917670891536,29528.859304,0.6722896858401045
10/01/2025,10,18412.916666666668,0.8509626308958496,31473.6795199999,0.7165678124879884
10/01/2025,11,19341.416666666668,0.8938737468852661,31260.251914,0.7117086617598788
10/01/2025,12,19675.166666666668,0.909298178723142,30651.243268,0.6978432351587982
10/01/2025,13,19787.33333333333,0.9144820202346978,29865.8806843,0.6799627217522162
10/01/2025,14,19621.83333333333,0.9068333506641556,29691.9878343,0.6760036670426255
10/01/2025,15,19381.33333333333,0.8957185166356637,30048.0278879,0.6841097050482594
10/01/2025,16,18751.25,0.8665988838950446,30306.451379,0.6899932864577786
10/01/2025,17,16968.583333333332,0.7842120060234236,30406.594582,0.6922732676040456
10/01/2025,18,8740.166666666666,0.4039314007540833,30416.268614,0.6924935183041194
10/01/2025,19,861.3333333333334,0.0398069731526306,31132.114999,0.7087913419459637
10/01/2025,20,5.416666666666667,0.0002503340997408,30804.376023,0.7013296404645675
10/01/2025,21,0.0,0.0,29596.939879,0.6738396904612571
10/01/2025,22,0.0,0.0,28817.337945,0.6560903309654027
10/01/2025,23,0.0,0.0,27366.585814,0.6230607552428575
10/01/2025,24,0.0,0.0,25701.34305,0.5851478266352355
10/02/2025,1,0.0,0.0,25010.241708,0.5694133785377462
10/02/2025,2,0.0,0.0,23908.661717,0.5443334776024324
10/02/2025,3,0.0,0.0,23572.8334689999,0.5366876059817283
10/02/2025,4,0.0,0.0,23125.5864669999,0.5265050403982762
10/02/2025,5,0.0,0.0,22908.725678,0.5215677256782311
10/02/2025,6,0.0,0.0,23618.23848,0.5377213513176576
10/02/2025,7,29.75,0.0013749119016533,25273.089837,0.5753976965992681
10/02/2025,8,4159.0,0.1922103730748345,26582.945022,0.605219442226279
10/02/2025,9,13734.333333333334,0.6347394407151082,28306.860544,0.6444681857272941
10/02/2025,10,17330.916666666668,0.8009574316491626,30058.062368,0.6843381621452487
10/02/2025,11,18390.08333333333,0.8499073763830959,30011.736449,0.6832834503052101
10/02/2025,12,18859.58333333333,0.8716055658898606,29941.422152,0.6816825900703619
10/02/2025,13,18615.25,0.8603135723446291,29445.575412,0.6703935441364309
10/02/2025,14,18386.416666666668,0.8497379194540406,29934.408222,0.6815229024661893
10/02/2025,15,17526.916666666668,0.8100156747659377,30182.349087,0.6871678237454611
10/02/2025,16,16020.0,0.7403727282180449,29937.288924,0.6815884880082058
10/02/2025,17,13516.166666666666,0.6246567534363169,29884.170101,0.6803791207089404
10/02/2025,18,6723.25,0.3107185358921329,30090.256499,0.6850711326265349
10/02/2025,19,688.6666666666666,0.0318270923116621,30583.125495,0.6962923836430374
10/02/2025,20,0.8333333333333334,3.851293842166276e-05,30283.099044,0.6894616189863345
10/02/2025,21,0.0,0.0,29302.817841,0.6671433528042556
10/02/2025,22,0.0,0.0,28782.682627,0.655301326127422
10/02/2025,23,0.0,0.0,27602.324954,0.6284278773094166
10/02/2025,24,0.0,0.0,25578.4892259999,0.582350788053725
10/03/2025,1,0.0,0.0,24717.04557303,0.5627381211077439
10/03/2025,2,0.0,0.0,23681.5277402199,0.5391622710779589
10/03/2025,3,0.0,0.0,23007.228712,0.5238103647554944
10/03/2025,4,0.0,0.0,23058.716925,0.5249826076174985
10/03/2025,5,0.0,0.0,22738.609811,0.5176946623267337
10/03/2025,6,0.0,0.0,23835.220129,0.5426614176824806
10/03/2025,7,27.75,0.0012824808494413,25205.040453,0.5738484021101046
10/03/2025,8,3566.333333333333,0.1648199712693479,26321.139757,0.5992588672665042
10/03/2025,9,12200.0,0.5638294184931427,28058.785371,0.6388202066298317
10/03/2025,10,16555.0,0.7650980346847523,29687.6523784,0.6759049608157788
10/03/2025,11,17328.666666666668,0.8008534467154241,29807.8823277,0.6786422610958652
10/03/2025,12,18449.83333333333,0.8526687540679291,30090.5417047,0.6850776259640688
10/03/2025,13,19056.666666666668,0.880713875826584,29699.6580913999,0.6761782973824878
10/03/2025,14,18947.25,0.8756571270118196,29214.74029,0.6651380728683886
10/03/2025,15,18902.666666666668,0.8735966848062607,28846.76337,0.6567602657409152
10/03/2025,16,17412.166666666668,0.8047124431452747,27785.3272799999,0.6325943293551214
10/03/2025,17,15620.166666666666,0.7218942203633311,27346.844609,0.6226113031197354
10/03/2025,18,8527.0,0.394079791105822,27497.323509,0.6260372875563528
10/03/2025,19,806.4166666666666,0.037268970510643,28244.560005,0.6430497763887963
10/03/2025,20,3.5,0.0001617543413709,27977.847265,0.6369774719242666
10/03/2025,21,0.0,0.0,27294.182889,0.6214123427796114
10/03/2025,22,0.0,0.0,26740.900071,0.608815637703247
10/03/2025,23,0.0,0.0,25731.9845799999,0.5858454487263978
10/03/2025,24,0.0,0.0,24462.175552,0.5569354422909192
10/04/2025,1,0.0,0.0,24023.1344,0.5469397010023631
10/04/2025,2,0.0,0.0,22733.730693,0.5175835784316998
10/04/2025,3,0.0,0.0,22089.517327,0.5029166386429532
10/04/2025,4,0.0,0.0,21446.21579,0.48827045865483554
10/04/2025,5,0.0,0.0,21085.1325579999,0.4800496015568916
10/04/2025,6,0.0,0.0,21486.267933,0.48918233413087353
10/04/2025,7,17.0,0.0007856639438019,22218.22829,0.5058470279271653
10/04/2025,8,3933.1666666666665,0.1817733667625638,22746.117411,0.5178655894185475
10/04/2025,9,13514.083333333334,0.6245604710902628,23774.9525155,0.5412892923819695
10/04/2025,10,16518.25,0.7633996141003571,24403.1068132,0.5555906120202341
10/04/2025,11,17185.416666666668,0.7942330726007403,23634.829788,0.5380990890801687
10/04/2025,12,17340.583333333332,0.8014041817348537,23098.678215,0.5258924146243755
10/04/2025,13,17078.833333333332,0.7893072677766095,22874.772156,0.5207946987758525
10/04/2025,14,16717.666666666668,0.772615760264661,22741.354314,0.517757146997769
10/04/2025,15,15516.083333333334,0.7170839543544654,21907.5898423,0.4987746577328381
10/04/2025,16,15221.166666666666,0.703454225447039,22821.52954388,0.5195825131439269
10/04/2025,17,13659.916666666666,0.6313002353140538,23798.074601,0.5418157177151235
10/04/2025,18,8373.916666666666,0.3870049643177625,25240.940672,0.574665749868263
10/04/2025,19,621.4166666666666,0.0287190981810339,26821.140209,0.6106424816260828
10/04/2025,20,0.0,0.0,26729.085174,0.6085466454841236
10/04/2025,21,0.0,0.0,26047.012219,0.5930177485526101
10/04/2025,22,0.0,0.0,25592.265886,0.5826644441393883
10/04/2025,23,0.0,0.0,24410.688121,0.5557632172328718
10/04/2025,24,0.0,0.0,23192.981049,0.5280394268740192
10/05/2025,1,0.0,0.0,22512.612232,0.5125493284070467
10/05/2025,2,0.0,0.0,21550.119941,0.4906360660870133
10/05/2025,3,0.0,0.0,20962.451817,0.4772565035920718
10/05/2025,4,0.0,0.0,20342.311027,0.46313762915152545
10/05/2025,5,0.0,0.0,20207.776647,0.4600746569204023
10/05/2025,6,0.0,0.0,20578.0475539999,0.46850469172736736
10/05/2025,7,20.33333333333333,0.0009397156974885,20780.896355,0.47312299260019947
10/05/2025,8,4026.5,0.1860868158657901,21455.737558,0.4884872427287295
10/05/2025,9,14370.333333333334,0.6641325153185212,22760.8582289999,0.5182011966900697
10/05/2025,10,17812.916666666668,0.8232333152322523,23852.6934421,0.5430592362386817
10/05/2025,11,18720.25,0.8651662025857587,23747.1632894,0.5406566092873679
10/05/2025,12,19442.83333333333,0.8985607714911824,24186.0427315,0.5506486688929729
10/05/2025,13,19232.166666666668,0.8888247006581862,24143.1028277,0.5496710471657498
10/05/2025,14,19213.416666666668,0.8879581595436987,24182.8574755999,0.5505761495089238
10/05/2025,15,18896.58333333333,0.8733155403557825,23579.9132231,0.5368487922168883
10/05/2025,16,18315.83333333333,0.8464758735697256,23483.5904081999,0.5346557906416581
10/05/2025,17,16579.416666666668,0.7662264637805071,24480.2327333,0.5573465538959547
10/05/2025,18,8330.666666666666,0.3850061428136782,26432.179308,0.6017869278356269
10/05/2025,19,654.6666666666666,0.0302557644240582,28036.077964,0.6383032223683975
10/05/2025,20,15.25,0.0007047867731164,28005.338934,0.6376033804744395
10/05/2025,21,0.0,0.0,27107.699427,0.617166634986037
10/05/2025,22,0.0,0.0,26286.051325,0.5984600016319381
10/05/2025,23,0.0,0.0,24896.725401,0.5668289291492653
10/05/2025,24,0.0,0.0,23490.6167609999,0.5348157610783039
10/06/2025,1,0.0,0.0,22502.622307,0.5123218857052928
10/06/2025,2,0.0,0.0,21424.92576,0.48778574411056974
10/06/2025,3,0.0,0.0,20737.123717,0.47212641184012155
10/06/2025,4,0.0,0.0,20516.160834,0.46709570389217614
10/06/2025,5,0.0,0.0,21288.547846,0.48468079975716
10/06/2025,6,0.0,0.0,21860.800189,0.49770938795747083
10/06/2025,7,15.833333333333334,0.0007317458300115,23753.044648,0.540790511402746
10/06/2025,8,3870.25,0.1788656399117283,25305.937594,0.5761455483197404
10/06/2025,9,14390.0,0.6650414206652725,27829.5126949999,0.6336003078950727
10/06/2025,10,18988.916666666668,0.8775827739329028,28950.7210113,0.6591270909978862
10/06/2025,11,19780.5,0.9141662141396402,28496.8720736,0.6487942177702413
10/06/2025,12,19667.83333333333,0.9089592648650312,28683.2647525,0.6530378586860826
10/06/2025,13,19305.416666666668,0.8922099879454504,27837.62381441,0.6337849754389113
10/06/2025,14,19322.0,0.8929763954200414,27191.6875571,0.6190788102251116
10/06/2025,15,19371.58333333333,0.8952679152561303,27388.7700631,0.6235658286594936
10/06/2025,16,19169.08333333333,0.8859092712196662,27939.6428224,0.6361076634278113
10/06/2025,17,16997.75,0.7855599588681818,28722.030197,0.6539204396295607
10/06/2025,18,7923.416666666667,0.3661848698070117,29773.0969549999,0.6778502952754579
10/06/2025,19,528.5,0.0244249055470185,30611.035886,0.6969278253241362
10/06/2025,20,13.666666666666666,0.0006316121901152,30147.290736,0.6863696429712831
10/06/2025,21,20.0,0.0009243105221199,28882.087936,0.6575645074874076
10/06/2025,22,8.5,0.0003928319719009,27873.386045,0.6345991815862188
10/06/2025,23,0.0,0.0,26054.134155,0.5931798951518648
10/06/2025,24,0.0,0.0,24415.20358,0.5558660216277617
10/07/2025,1,0.0,0.0,23565.799046,0.5365274518091616
10/07/2025,2,0.0,0.0,22455.050497,0.5112388084055404
10/07/2025,3,0.0,0.0,22132.4054049999,0.5038930804413986
10/07/2025,4,0.0,0.0,21828.468125,0.49697327712686457
10/07/2025,5,0.0,0.0,21335.158469,0.48574199351242425
10/07/2025,6,0.0,0.0,22377.669415,0.5094770572057336
10/07/2025,7,13.916666666666666,0.0006431660716417,24253.35466983,0.5521811738030774
10/07/2025,8,3672.0833333333335,0.1697072631550569,25758.58619003989,0.5864510931189735
10/07/2025,9,14025.333333333334,0.6481881588119529,28397.05338,0.6465216247970267
10/07/2025,10,18344.58333333333,0.8478045699452731,29141.6762069999,0.6634746076833422
10/07/2025,11,19161.0,0.8855356957169761,28878.782368,0.6574892489327385
10/07/2025,12,19262.916666666668,0.8902458280859455,28832.030934,0.6564248493041293
10/07/2025,13,19117.75,0.8835368742128918,27948.3626404,0.6363061893391393
10/07/2025,14,19037.58333333333,0.8798319295367278,27377.423222,0.6233074927664657
10/07/2025,15,19275.666666666668,0.890835076043797,28143.9443258,0.6407590382785439
10/07/2025,16,18922.58333333333,0.8745171440345384,28192.3893920999,0.6418619971862336
10/07/2025,17,16587.083333333332,0.7665807828139863,28933.409233,0.6587329501380982
10/07/2025,18,7512.166666666667,0.3471787346959211,30041.9050829999,0.6839703058747129
10/07/2025,19,497.5833333333333,0.0229960755315748,30808.780776,0.7014299243929132
10/07/2025,20,3.25,0.0001502004598444,30359.962136,0.6912115769999981
10/07/2025,21,0.0,0.0,29000.744877,0.6602659947601256
10/07/2025,22,0.0,0.0,27958.600927,0.6365392865411339
10/07/2025,23,0.0,0.0,26347.191522,0.5998519932226111
10/07/2025,24,0.0,0.0,24481.0779249999,0.5573657965513025
10/08/2025,1,0.0,0.0,23659.61726,0.5386634306143976
10/08/2025,2,0.0,0.0,22719.23449,0.5172535403607939
10/08/2025,3,0.0,0.0,22194.330103,0.5053029329296249
10/08/2025,4,0.0,0.0,22229.801599,0.5061105198620091
10/08/2025,5,0.0,0.0,22382.390166,0.5095845355263163
10/08/2025,6,0.0,0.0,22433.7058689999,0.5107528508172423
10/08/2025,7,6.833333333333333,0.0003158060950576,24669.058667,0.5616455932302795
10/08/2025,8,3338.6666666666665,0.1542982364925496,25761.871326,0.5865258864931376
10/08/2025,9,13259.916666666666,0.6128140248716556,27702.2056769999,0.6307018825188894
10/08/2025,10,17899.083333333332,0.8272155530650521,30521.855016,0.6948974258949538
10/08/2025,11,19204.916666666668,0.8875653275717978,30737.016304,0.6997960477220041
10/08/2025,12,19206.83333333333,0.8876539073301675,29873.785755,0.6801426981421855
10/08/2025,13,19024.25,0.8792157225219812,28469.8487151999,0.6481789713449692
10/08/2025,14,19022.666666666668,0.8791425479389802,27606.3535386,0.6285195969335048
10/08/2025,15,18758.33333333333,0.8669262438716286,26972.128009,0.6140800522949212
10/08/2025,16,18522.5,0.8560270822982982,27026.948472,0.6153281611862419
10/08/2025,17,15985.75,0.7387898464489145,27402.8844837,0.6238871746110355
10/08/2025,18,7285.083333333333,0.336683958976018,28663.09957,0.6525787537789723
10/08/2025,19,446.3333333333333,0.0206275298186425,29226.664656,0.6654095573910195
10/08/2025,20,0.0,0.0,28916.488867,0.6583477206436118
10/08/2025,21,0.0,0.0,27946.079781,0.6362542150040307
10/08/2025,22,0.0,0.0,27084.554586,0.6166396915736783
10/08/2025,23,0.0,0.0,25857.6293349999,0.5887060290148807
10/08/2025,24,0.0,0.0,24069.280332,0.5479903150409107
10/09/2025,1,0.0,0.0,23398.467763,0.5327177856611688
10/09/2025,2,0.0,0.0,22544.001293,0.5132639696920777
10/09/2025,3,0.0,0.0,22069.984918,0.5024719402218214
10/09/2025,4,0.0,0.0,21729.068628,0.49471022808989273
10/09/2025,5,0.0,0.0,21914.931556,0.49894180805673266
10/09/2025,6,0.0,0.0,22216.134345,0.5057993546455215
10/09/2025,7,0.0,0.0,24342.84402,0.5542185964644964
10/09/2025,8,2177.1666666666665,0.1006189029204361,25191.66967,0.5735439867105808
10/09/2025,9,10788.333333333334,0.4985885008068461,26361.3404449999,0.6001741246974727
10/09/2025,10,15006.583333333334,0.6935371438034608,28758.674986,0.6547547391678823
10/09/2025,11,15593.5,0.7206618063338378,28787.990954,0.6554221819130934
10/09/2025,12,15082.083333333334,0.6970264160244635,28254.300766,0.6432715463219021
10/09/2025,13,14844.166666666666,0.6860309721050787,27065.013647,0.6161947989482611
10/09/2025,14,14687.833333333334,0.6788059448571748,26912.2311559999,0.6127163681758807
10/09/2025,15,13413.5,0.6199119594227681,26748.367633,0.6089856532415815
10/09/2025,16,11766.5,0.5437949879261939,26888.821916,0.61218340513646
10/09/2025,17,9319.666666666666,0.4307132981325076,26999.12703,0.6146947446255397
10/09/2025,18,4586.166666666667,0.2119521053097788,28229.962411,0.6427174299278903
10/09/2025,19,562.3333333333334,0.025988530846938,29135.382936,0.6633313274726212
10/09/2025,20,218.16666666666663,0.0100826872787913,29268.893388,0.6663709877218504
10/09/2025,21,0.0,0.0,28216.893437,0.6424198858766873
10/09/2025,22,0.0,0.0,27528.844685,0.6267549367310867
10/09/2025,23,0.0,0.0,26041.243989,0.5928864220596145
10/09/2025,24,0.0,0.0,24424.969553,0.5560883655677188
10/10/2025,1,0.0,0.0,23834.407198,0.542642909513202
10/10/2025,2,0.0,0.0,22914.321873,0.5216951354145748
10/10/2025,3,0.0,0.0,22228.213885,0.5060743720469081
10/10/2025,4,0.0,0.0,22210.699273,0.5056756132300547
10/10/2025,5,0.0,0.0,22198.531053,0.5053985768326505
10/10/2025,6,0.0,0.0,22909.197078,0.5215784581401472
10/10/2025,7,0.0,0.0,24389.677116,0.5552848553088566
10/10/2025,8,1313.9166666666667,0.0607233500094356,25301.5340159999,0.5760452911428621
10/10/2025,9,7476.75,0.3455419348130004,25334.541955,0.5767967897602706
10/10/2025,10,11463.75,0.5298032373976037,26562.179632,0.6047466722700906
10/10/2025,11,12696.0,0.5867523194417165,27580.7962019999,0.6279377277316875
10/10/2025,12,13125.416666666666,0.6065980366103992,27495.7791149999,0.626002126016706
10/10/2025,13,12855.916666666666,0.5941429523248335,27341.354737,0.6224863140612628
10/10/2025,14,11976.333333333334,0.5534925458207686,26883.292254,0.6120575101707754
10/10/2025,15,11690.416666666666,0.5402787566482959,27193.775631,0.6191263498381996
10/10/2025,16,10822.0,0.5001444235190813,27587.524464,0.6280909114730481
10/10/2025,17,9446.75,0.4365865212418112,28366.607737,0.6458284625059625
10/10/2025,18,4143.666666666667,0.1915017350078759,29203.104582,0.6648731602825242
10/10/2025,19,206.66666666666663,0.0095512087285723,29738.982288,0.6770735995513263
10/10/2025,20,6.333333333333333,0.0002926983320046,29300.541391,0.6670915243932908
10/10/2025,21,0.0,0.0,28555.065281,0.6501191146353117
10/10/2025,22,0.0,0.0,27932.045883,0.6359347023272828
10/10/2025,23,0.0,0.0,27082.0836849999,0.6165834360563216
10/10/2025,24,0.0,0.0,25161.956988,0.5728675118951606
10/11/2025,1,0.0,0.0,24029.7908,0.5470912486466102
10/11/2025,2,0.0,0.0,22862.5735729999,0.5205169710977054
10/11/2025,3,0.0,0.0,22036.535871,0.501710398806768
10/11/2025,4,0.0,0.0,21322.4142809999,0.48545184393168117
10/11/2025,5,0.0,0.0,21539.140566,0.4903860963711675
10/11/2025,6,0.0,0.0,21170.073444,0.48198346838784817
10/11/2025,7,0.0,0.0,21912.832356,0.4988940151334102
10/11/2025,8,1971.0833333333333,0.0910946532487589,22302.249768,0.5077599624048201
10/11/2025,9,9998.5,0.4620859377707941,23258.267201,0.5295258102851061
10/11/2025,10,15100.416666666666,0.69787370066974,24340.2848728,0.5541603318275392
10/11/2025,11,16947.166666666668,0.7832222235059869,24621.2270827,0.5605566015949701
10/11/2025,12,17290.916666666668,0.7991088106049228,24904.1097358,0.5669970498366147
10/11/2025,13,17624.25,0.8145139859735878,24874.5827782,0.5663248034472653
10/11/2025,14,17692.833333333332,0.8176836008056906,24465.7565771,0.5570169722347169
10/11/2025,15,18124.916666666668,0.8376525593773229,24775.4247197,0.5640672512908754
10/11/2025,16,17291.833333333332,0.7991511748371865,25194.0272894,0.57359766312217
10/11/2025,17,14620.666666666666,0.6757018020203888,25032.9964071,0.5699314395082643
10/11/2025,18,6442.75,0.2977550808194013,25697.866937,0.5850686852470547
10/11/2025,19,300.3333333333333,0.0138800630071672,26368.6570909999,0.6003407042998239
10/11/2025,20,0.0,0.0,26711.594039,0.6081484211730158
10/11/2025,21,0.0,0.0,25739.004747,0.5860052783296498
10/11/2025,22,0.0,0.0,25100.3422399999,0.5714647161030965
10/11/2025,23,0.0,0.0,24241.212226,0.5519047242571006
10/11/2025,24,0.0,0.0,22939.83159,0.5222759204510451
10/12/2025,1,0.0,0.0,22132.380333,0.5038925096219585
10/12/2025,2,0.0,0.0,21220.769105,0.48313766705350836
10/12/2025,3,0.0,0.0,20749.59326,0.47241030852098337
10/12/2025,4,0.0,0.0,20446.3415269999,0.4655061131976818
10/12/2025,5,0.0,0.0,20142.095831,0.4585792881118828
10/12/2025,6,0.0,0.0,20046.5308999999,0.45640354143714806
10/12/2025,7,0.0,0.0,20844.885709,0.47457985154130805
10/12/2025,8,2771.1666666666665,0.1280709254273973,20921.54498,0.4763251691198418
10/12/2025,9,12730.5,0.5883467550923733,22511.8082799999,0.5125310246645278
10/12/2025,10,16974.166666666668,0.7844700427108487,24365.451448,0.5547333044832282
10/12/2025,11,18335.58333333333,0.8473886302103191,24436.915244,0.5563603356010633
10/12/2025,12,18284.5,0.8450277870850712,23716.8272602,0.5399659425965032
10/12/2025,13,17022.25,0.7866922392577786,22732.695804,0.5175600168984374
10/12/2025,14,16978.083333333332,0.7846510535214305,22743.353939,0.5178026728763411
10/12/2025,15,17113.583333333332,0.7909132573087928,22774.779408,0.5185181430698858
10/12/2025,16,16739.75,0.773636353132835,22438.5801292,0.5108638241137349
10/12/2025,17,14556.416666666666,0.6727324544680785,23219.0822869999,0.5286336791922119
10/12/2025,18,6465.916666666667,0.2988257405075235,24924.456314,0.567460284617382
10/12/2025,19,317.25,0.014661875657127,25985.482672,0.5916168925494487
10/12/2025,20,0.0,0.0,26134.0359079999,0.5949990349929727
10/12/2025,21,0.0,0.0,25419.921975,0.5787406544464031
10/12/2025,22,0.0,0.0,24691.444735,0.562155261499818
10/12/2025,23,0.0,0.0,23549.826778,0.5361638078591761
10/12/2025,24,0.0,0.0,22041.430139,0.5018218276250053
10/13/2025,1,0.0,0.0,21706.590709,0.49419846862951955
10/13/2025,2,0.0,0.0,20964.7715059999,0.477309316434347
10/13/2025,3,0.0,0.0,20449.876047,0.4655865843501907
10/13/2025,4,0.0,0.0,20287.04569,0.46187939172125175
10/13/2025,5,0.0,0.0,20739.547144,0.47218158650703684
10/13/2025,6,0.0,0.0,21244.299665,0.48367339221062267
10/13/2025,7,0.0,0.0,22973.21167,0.5230358916800548
10/13/2025,8,2418.25,0.1117606960058231,24467.226674,0.5570504422368217
10/13/2025,9,11117.0,0.5137780037203499,26852.75007,0.6113621499106704
10/13/2025,10,14962.75,0.6915113632424813,26814.697537,0.6104957999716966
10/13/2025,11,16164.916666666666,0.747070128209572,27603.523846,0.6284551727331151
10/13/2025,12,16557.333333333332,0.7652058709123329,27776.1705603999,0.6323858564141306
10/13/2025,13,15671.583333333334,0.7242704686639477,28050.921366,0.6386411651912016
10/13/2025,14,14277.25,0.6598306200968215,27913.689262,0.6355167733162727
10/13/2025,15,13318.25,0.615509930561172,27480.291136,0.6256495079751845
10/13/2025,16,11865.75,0.5483818788922138,26469.601288,0.6026389218432082
10/13/2025,17,8264.0,0.3819251077399452,26096.053052,0.5941342714047624
10/13/2025,18,2310.333333333333,0.1067732704802178,26121.140898,0.5947054516163686
10/13/2025,19,57.583333333333336,0.0026612440449368,26787.556807,0.6098778813227801
10/13/2025,20,0.0,0.0,26749.715041,0.6090163299599637
10/13/2025,21,0.0,0.0,26032.497425,0.5926872872165377
10/13/2025,22,0.0,0.0,25224.589674,0.5742934832935396
10/13/2025,23,0.0,0.0,24162.310555,0.5501083534910391
10/13/2025,24,0.0,0.0,22841.459448,0.5200362614191895
10/14/2025,1,0.0,0.0,22180.056623,0.504977965639617
10/14/2025,2,0.0,0.0,21462.505649,0.4886413332652207
10/14/2025,3,0.0,0.0,21088.036798,0.48011572299345545
10/14/2025,4,0.0,0.0,20962.259275,0.47725211994828254
10/14/2025,5,0.0,0.0,21020.17251,0.47857064262344934
10/14/2025,6,0.0,0.0,21828.313072,0.4969697470029412
10/14/2025,7,0.6666666666666666,3.08103507373302e-05,23721.002652,0.5400610046106699
10/14/2025,8,1709.4166666666667,0.0790015905843568,25218.89383,0.5741638048276723
10/14/2025,9,6364.416666666667,0.294134864607765,26132.358456,0.5949608440941502
10/14/2025,10,8212.75,0.379556562027013,26210.552413,0.5967411021882718
10/14/2025,11,9232.666666666666,0.426692547361286,26875.169315,0.6118725735278733
10/14/2025,12,10138.583333333334,0.4685599627194756,26902.728568,0.6125000207770411
10/14/2025,13,11628.333333333334,0.5374095427358822,27763.2926,0.6320926612093183
10/14/2025,14,13170.666666666666,0.6086892891666955,28037.623397,0.6383384075631713
10/14/2025,15,14560.0,0.6728980601032917,28682.128769,0.6530119955132972
10/14/2025,16,12905.5,0.5964344721609225,28230.56125748,0.6427310639903429
10/14/2025,17,9655.75,0.4462455661979642,26591.855366,0.6054223058827046
10/14/2025,18,2754.833333333333,0.1273160718343327,25249.060674,0.5748506196438747
10/14/2025,19,79.16666666666667,0.0036587291500579,25962.492088,0.5910934611383157
10/14/2025,20,0.0,0.0,26020.874066,0.5924226557829266
10/14/2025,21,0.0,0.0,25366.379608,0.5775216442327342
10/14/2025,22,0.0,0.0,24792.613847,0.5644585997298183
10/14/2025,23,0.0,0.0,23797.660463,0.5418062889490798
10/14/2025,24,0.0,0.0,22637.246759,0.5153869086243872
10/15/2025,1,0.0,0.0,22007.300851,0.5010447990215211
10/15/2025,2,0.0,0.0,21369.982088,0.4865348300943017
10/15/2025,3,0.0,0.0,21127.8011449999,0.4810210461580579
10/15/2025,4,0.0,0.0,21078.531033,0.4798993032631933
10/15/2025,5,0.0,0.0,20609.16009,0.4692130373101703
10/15/2025,6,0.0,0.0,21094.726969,0.4802680395090886
10/15/2025,7,4.5,0.0002079698674769,23386.3692559999,0.5324423364341433
10/15/2025,8,2758.25,0.1274739748818615,24681.237761,0.5619228771983049
10/15/2025,9,12120.666666666666,0.5601629867554004,25696.2402949,0.5850316511477985
10/15/2025,10,16202.833333333334,0.7488224669077577,26897.0567077,0.6123708883530636
10/15/2025,11,17468.666666666668,0.8073236203702634,27138.1735726,0.6178604462017278
10/15/2025,12,18247.416666666668,0.8433139613253073,27256.5499307,0.6205555453851617
10/15/2025,13,18180.83333333333,0.8402367775454164,26220.134553,0.5969592607640554
10/15/2025,14,17874.25,0.8260678675000866,25925.2134441,0.590244730493557
10/15/2025,15,17345.25,0.8016198541900151,25786.079261,0.5870770335878641
10/15/2025,16,15638.916666666666,0.7227607614778184,24875.0607115,0.5663356846541823
10/15/2025,17,13125.25,0.6065903340227149,23766.5367277,0.541097688389485
10/15/2025,18,5130.75,0.2371203105683354,24328.094928,0.5538828008170917
10/15/2025,19,124.75,0.0057653868817229,25636.030216,0.5836608357495009
10/15/2025,20,0.0,0.0,26050.759903,0.593103072854272
10/15/2025,21,0.0,0.0,25237.837558,0.5745951006259503
10/15/2025,22,0.0,0.0,25042.323684,0.5701437955628036
10/15/2025,23,0.0,0.0,23737.0608809999,0.5404266056526318
10/15/2025,24,0.0,0.0,22519.894964,0.5127151358823011
10/16/2025,1,0.0,0.0,22307.358376,0.5078762711464495
10/16/2025,2,0.0,0.0,21367.288728,0.4864735098065922
10/16/2025,3,0.0,0.0,20543.942315,0.467728210652474
10/16/2025,4,0.0,0.0,20403.794895,0.4645374451713862
10/16/2025,5,0.0,0.0,20648.435174,0.47010722132222
10/16/2025,6,0.0,0.0,21615.412466,0.49212259459351787
10/16/2025,7,2.25,0.0001039849337384,23448.535017,0.5338576772538649
10/16/2025,8,2885.0,0.1333317928157964,24864.4281199999,0.5660936102304575
10/16/2025,9,12837.833333333334,0.5933072215610835,26320.144266,0.5992362027157081
10/16/2025,10,17691.0,0.817598872341163,27128.651249,0.6176436494783729
10/16/2025,11,18914.33333333333,0.8741358659441639,26288.4839386,0.5985153854520877
10/16/2025,12,19111.916666666668,0.8832672836439402,26426.039862,0.6016471497906954
10/16/2025,13,18644.58333333333,0.8616692277770717,26414.893172,0.6013933707794201
10/16/2025,14,18126.33333333333,0.8377180313726396,25497.5639443,0.5805083453216694
10/16/2025,15,17976.583333333332,0.8307972563382667,25059.9749651,0.5705456659535026
10/16/2025,16,16802.166666666668,0.7765209722206176,24502.0449014,0.5578431560670197
10/16/2025,17,14194.75,0.6560178391930769,23451.2156326,0.5339187073871671
10/16/2025,18,5806.0,0.2683273445714088,25012.985159,0.5694758392576784
10/16/2025,19,305.25,0.014107289343855,26496.4588789999,0.6032503942075774
10/16/2025,20,0.0,0.0,26624.614458,0.6061681389486675
10/16/2025,21,0.0,0.0,25891.052056,0.5894669710604149
10/16/2025,22,0.0,0.0,25057.5950229999,0.5704914813163542
10/16/2025,23,0.0,0.0,24022.683771,0.5469294414381273
10/16/2025,24,0.0,0.0,22677.938726,0.5163133511066046
10/17/2025,1,0.0,0.0,21915.9229009999,0.49896437821468154
10/17/2025,2,0.0,0.0,20977.955727,0.4776094843379884
10/17/2025,3,0.0,0.0,20666.505233,0.4705186261165317
10/17/2025,4,0.0,0.0,20510.624291,0.46696965226533244
10/17/2025,5,0.0,0.0,20227.272362,0.46051851992159865
10/17/2025,6,0.0,0.0,21264.163544,0.4841256372782358
10/17/2025,7,1.5,6.932328915899296e-05,23508.4069849999,0.5352207948109264
10/17/2025,8,2729.75,0.1261568323878407,24630.5444619999,0.560768732308788
10/17/2025,9,12649.5,0.5846032974777876,25493.516882,0.5804162050119395
10/17/2025,10,17489.75,0.8082979977123315,26938.0525969999,0.6133042502975405
10/17/2025,11,18889.166666666668,0.8729727752038298,27142.009616,0.6179477822002404
10/17/2025,12,18637.166666666668,0.8613264626251189,26390.175635,0.6008306214698923
10/17/2025,13,17964.666666666668,0.8302465213188371,25786.581714,0.5870884730398945
10/17/2025,14,17597.666666666668,0.8132854232379368,25224.42616,0.5742897605362681
10/17/2025,15,16814.166666666668,0.7770755585338895,24662.027937,0.5614855231370102
10/17/2025,16,15667.333333333334,0.7240740526779972,24424.999996,0.5560890586698362
10/17/2025,17,13364.0,0.6176242908805213,24738.4035669999,0.5632243830018583
10/17/2025,18,5297.083333333333,0.2448074930772993,26195.522347,0.5963989095473278
10/17/2025,19,138.33333333333334,0.006393147777996,26784.798365,0.6098150792996305
10/17/2025,20,0.0,0.0,26731.142003,0.6085934737380702
10/17/2025,21,0.0,0.0,25737.612825,0.5859735881517645
10/17/2025,22,0.0,0.0,25308.599568,0.5762061540358554
10/17/2025,23,0.0,0.0,24113.976273,0.5490079168325636
10/17/2025,24,0.0,0.0,23079.104737,0.5254467811767728
10/18/2025,1,0.0,0.0,22573.751391,0.5139412963653577
10/18/2025,2,0.0,0.0,21587.653467,0.49149059968559333
10/18/2025,3,0.0,0.0,20857.652878,0.474870524335259
10/18/2025,4,0.0,0.0,20280.361406,0.46172720923617294
10/18/2025,5,0.0,0.0,20134.912058,0.4584157336567786
10/18/2025,6,0.0,0.0,20558.494108,0.4680595143524803
10/18/2025,7,1.5,6.932328915899296e-05,21350.87815,0.4860998867616079
10/18/2025,8,2729.75,0.1261568323878407,22072.039277,0.5025187122407638
10/18/2025,9,12649.5,0.5846032974777876,24416.494335,0.5558954085155012
10/18/2025,10,17489.75,0.8082979977123315,25798.169315,0.587352290363677
10/18/2025,11,18889.166666666668,0.8729727752038298,24789.510937,0.564387955132016
10/18/2025,12,18637.166666666668,0.8613264626251189,24805.357352,0.5647487337605558
10/18/2025,13,17964.666666666668,0.8302465213188371,24518.218007,0.5582113725284463
10/18/2025,14,17597.666666666668,0.8132854232379368,24551.615549,0.5589717413184446
10/18/2025,15,16814.166666666668,0.7770755585338895,23495.707162,0.5349316552973771
10/18/2025,16,15667.333333333334,0.7240740526779972,23343.556116,0.5314676007647413
10/18/2025,17,13364.0,0.6176242908805213,23924.1078649999,0.5446851432688704
10/18/2025,18,5297.083333333333,0.2448074930772993,25402.509556,0.578344222278851
10/18/2025,19,138.33333333333334,0.006393147777996,26200.202234,0.5965054575087173
10/18/2025,20,0.0,0.0,25922.041366,0.5901725111312256
10/18/2025,21,0.0,0.0,25068.0784399999,0.5707301594531865
10/18/2025,22,0.0,0.0,24359.320921,0.5545937294990261
10/18/2025,23,0.0,0.0,23520.121235,0.5354874955788546
10/18/2025,24,0.0,0.0,22447.431515,0.5110653454565497
10/19/2025,1,0.0,0.0,22094.851756,0.5030380886982915
10/19/2025,2,0.0,0.0,21095.403972,0.48028345297729935
10/19/2025,3,0.0,0.0,20284.516984,0.461821820145431
10/19/2025,4,0.0,0.0,19967.331329,0.45460038831978467
10/19/2025,5,0.0,0.0,19706.934103,0.4486718704769887
10/19/2025,6,0.0,0.0,19808.643696,0.4509875139504104
10/19/2025,7,0.3333333333333333,1.54051753686651e-05,20361.071224,0.46356474646132684
10/19/2025,8,2505.583333333333,0.1157968519524134,20910.769064,0.47607983159739653
10/19/2025,9,11895.916666666666,0.549776047263078,23200.871913,0.5282190798170926
10/19/2025,10,15646.583333333334,0.7231150805112978,24448.699269,0.556628624950937
10/19/2025,11,16068.083333333334,0.7425949247649748,24234.721437,0.5517569471129604
10/19/2025,12,16095.916666666666,0.7438812569082583,24882.9807349999,0.5665160014776592
10/19/2025,13,15936.583333333334,0.7365175830820364,24823.033084,0.5651511608299842
10/19/2025,14,14889.666666666666,0.6881337785429015,22961.010655,0.5227581086320597
10/19/2025,15,14270.166666666666,0.6595032601202374,23228.965232,0.5288586862580417
10/19/2025,16,14413.25,0.6661159316472369,23247.102005,0.5292716099438771
10/19/2025,17,12561.833333333334,0.5805517363558288,23815.332359,0.5422086286834977
10/19/2025,18,4299.0,0.1986805467296738,26019.698685,0.5923958956390586
10/19/2025,19,74.0,0.0034199489318436,26727.720451,0.6085155745515325
10/19/2025,20,0.0,0.0,26611.061351,0.6058595725406873
10/19/2025,21,0.0,0.0,25668.04306,0.5843896788319255
10/19/2025,22,0.0,0.0,25005.851343,0.5693134221839911
10/19/2025,23,0.0,0.0,23805.4546229999,0.5419837402120552
10/19/2025,24,0.0,0.0,22174.247966,0.5048457187366981
10/20/2025,1,0.0,0.0,21878.393986,0.4981099495957005
10/20/2025,2,0.0,0.0,21740.335737,0.49496674870560475
10/20/2025,3,0.0,0.0,21376.635258,0.48668630420046655
10/20/2025,4,0.0,0.0,21273.928285,0.48434795316899265
10/20/2025,5,0.0,0.0,20530.909719,0.4674314948267687
10/20/2025,6,0.0,0.0,21697.328449,0.49398759282827504
10/20/2025,7,3.083333333333333,0.0001424978721601,24095.061769,0.5485772863831762
10/20/2025,8,2481.0,0.1146607202689743,25194.659737,0.5736120621883153
10/20/2025,9,12362.083333333334,0.5713201850161562,26740.226887,0.6088003111830042
10/20/2025,10,17721.666666666668,0.8190161484750803,28570.686701,0.6504747707558565
10/20/2025,11,18553.08333333333,0.857440507138373,27990.73051,0.6372707874446693
10/20/2025,12,18243.0,0.8431098427516724,27845.863782,0.6339725764960801
10/20/2025,13,17764.833333333332,0.8210111186853223,27123.021335,0.6175154720545382
10/20/2025,14,17406.166666666668,0.8044351499886387,25787.278687,0.5871043411692519
10/20/2025,15,16179.25,0.7477325507504246,25132.785592,0.5722033606507642
10/20/2025,16,16110.583333333334,0.7445590846244796,25569.525584,0.5821467109506423
10/20/2025,17,13856.083333333334,0.6403661810185132,27141.6220039999,0.6179389573571575
10/20/2025,18,4590.583333333333,0.2121562238834136,28707.751535,0.6535953543598803
10/20/2025,19,127.0,0.0058693718154614,29011.419024,0.6605090152865659
10/20/2025,20,0.4166666666666667,1.925646921083138e-05,28341.593965,0.6452589687525321
10/20/2025,21,0.0,0.0,27204.137859,0.6193622688398449
10/20/2025,22,0.0,0.0,26166.577459,0.5957399152577123
10/20/2025,23,0.0,0.0,24941.489718,0.5678480876715418
10/20/2025,24,0.0,0.0,23321.488857,0.530965190886062
10/21/2025,1,0.0,0.0,22428.563323,0.5106357694021054
10/21/2025,2,0.0,0.0,21998.367135,0.5008414032499069
10/21/2025,3,0.0,0.0,21448.538459,0.4883233393433933
10/21/2025,4,0.0,0.0,20976.995343,0.47758761907556835
10/21/2025,5,0.0,0.0,21143.052062,0.4813682669596885
10/21/2025,6,0.0,0.0,21904.590965,0.49870638166916986
10/21/2025,7,0.0,0.0,23967.360488,0.5456698847392109
10/21/2025,8,2097.583333333333,0.0969409173011673,25122.288915,0.571964380620752
10/21/2025,9,11347.666666666666,0.524438385075466,27135.021538,0.6177886831739327
10/21/2025,10,16154.25,0.7465771625977747,28292.460137,0.644140328663859
10/21/2025,11,16427.333333333332,0.7591978525185535,27909.383329,0.6354187392434352
10/21/2025,12,16525.833333333332,0.763750081839994,28413.906294,0.6469053185977898
10/21/2025,13,15221.5,0.7034696306224076,26805.335032,0.6102826418716721
10/21/2025,14,15179.75,0.7015401324074823,26445.129716,0.6020817724700298
10/21/2025,15,14755.75,0.6819447493385403,26668.756112,0.6071731211728234
10/21/2025,16,13938.75,0.6441866645099421,26855.202773,0.6114179911103712
10/21/2025,17,9962.416666666666,0.4604183275371361,26758.308558,0.6092119803501367
10/21/2025,18,2921.333333333333,0.1350109569309809,27439.993507,0.6247320434682896
10/21/2025,19,29.75,0.0013749119016533,28204.596681,0.642139923073418
10/21/2025,20,0.0,0.0,28177.077877,0.6415133967350521
10/21/2025,21,0.0,0.0,27047.445695,0.6157948257285257
10/21/2025,22,0.0,0.0,26426.378564,0.6016548610896261
10/21/2025,23,0.0,0.0,25033.50737,0.5699430727069592
10/21/2025,24,0.0,0.0,23368.703111,0.5320401276339415
10/22/2025,1,0.0,0.0,22523.88647,0.5128060113301857
10/22/2025,2,0.0,0.0,21612.98997,0.49206744112287326
10/22/2025,3,0.0,0.0,21666.1635059999,0.49327805408439523
10/22/2025,4,0.0,0.0,21751.4891159999,0.49522068000673297
10/22/2025,5,0.0,0.0,21421.4933959999,0.4877075987649755
10/22/2025,6,0.0,0.0,21770.4512259999,0.4956523943118311
10/22/2025,7,0.0,0.0,23889.3090849999,0.5438928722016758
10/22/2025,8,1265.4166666666667,0.0584818969932949,25459.261984,0.5796363166194411
10/22/2025,9,7486.833333333333,0.3460079413679025,26343.752973,0.5997737070618367
10/22/2025,10,12972.25,0.5995193585284977,27437.454284,0.6246742324497409
10/22/2025,11,14522.583333333334,0.6711688291681591,27669.4381919999,0.6299558583677487
10/22/2025,12,15289.0,0.7065891786345623,28357.810253,0.6456281683566474
10/22/2025,13,16157.583333333334,0.7467312143514614,27608.496654,0.6285683896878794
10/22/2025,14,16664.333333333332,0.7701509322056744,28274.7310862,0.6437366876742133
10/22/2025,15,17012.833333333332,0.7862570430536138,30124.058393,0.685840707382678
10/22/2025,16,16675.333333333332,0.7706593029928404,29253.219804,0.6660141439726602
10/22/2025,17,12891.833333333334,0.5958028599708072,26379.4161785,0.6005856586843092
10/22/2025,18,3871.6666666666665,0.1789311119070451,26509.430629,0.6035457247397386
10/22/2025,19,102.0,0.0047139836628115,27176.330307,0.6187291685156637
10/22/2025,20,0.0,0.0,27055.652605,0.6159816741566623
10/22/2025,21,0.0,0.0,25901.26759,0.5896995502492296
10/22/2025,22,0.0,0.0,25751.944448,0.586299879195555
10/22/2025,23,0.0,0.0,24429.3135689999,0.5561872666841416
10/22/2025,24,0.0,0.0,23021.514903,0.5241356214394848
10/23/2025,1,0.0,0.0,22596.227992,0.5144530258185505
10/23/2025,2,0.0,0.0,21904.906791,0.49871357214544715
10/23/2025,3,0.0,0.0,21327.374687,0.4855647785275325
10/23/2025,4,0.0,0.0,20845.851933,0.47460184976422365
10/23/2025,5,0.0,0.0,20974.78334,0.47753725794286644
10/23/2025,6,0.0,0.0,21887.301109,0.4983127399189487
10/23/2025,7,0.0,0.0,24104.275596,0.548787059500229
10/23/2025,8,1948.9166666666667,0.0900702090867427,25030.9994119999,0.5698859735051706
10/23/2025,9,11206.583333333334,0.5179181446006786,26836.896742,0.6110012138924208
10/23/2025,10,16963.5,0.7839770770990514,28540.607298,0.6497899467271008
10/23/2025,11,17815.083333333332,0.8233334488721485,27486.9004,0.6257999824643088
10/23/2025,12,17894.416666666668,0.8269998806098909,27268.3946049999,0.6208252155502696
10/23/2025,13,17749.916666666668,0.8203217370875746,26758.1224359999,0.6092077428718214
10/23/2025,14,17871.166666666668,0.8259253696279265,26828.866633,0.6108183907294502
10/23/2025,15,18060.916666666668,0.8346947657065392,26606.2391316,0.6057497840679223
10/23/2025,16,17845.666666666668,0.8247468737122237,26347.5654196999,0.5998605058293669
10/23/2025,17,14045.583333333334,0.6491240232155993,25436.3752719999,0.5791152500837495
10/23/2025,18,4215.833333333333,0.1948369554751918,26272.900816,0.5981606012564198
10/23/2025,19,109.0,0.0050374923455534,26901.583683,0.6124739549419526
10/23/2025,20,29.25,0.0013518041386003,26810.249442,0.6103945292670158
10/23/2025,21,35.333333333333336,0.0016329485890785,25824.039378,0.5879412794725309
10/23/2025,22,8.166666666666666,0.0003774267965322,25210.126362,0.5739641940588764
10/23/2025,23,0.5833333333333334,2.695905689516393e-05,24011.714488,0.5466797014889461
10/23/2025,24,0.0,0.0,22561.470147,0.513661686727021
10/24/2025,1,0.0,0.0,22014.927408,0.5012184344321134
10/24/2025,2,0.0,0.0,21143.542598,0.4813794350948995
10/24/2025,3,0.0,0.0,21012.394197,0.47839355215241897
10/24/2025,4,0.0,0.0,20661.800225,0.47041150622010663
10/24/2025,5,0.0,0.0,20604.213124,0.46910040870559866
10/24/2025,6,0.0,0.0,21437.783583,0.48807848084300726
10/24/2025,7,1.1666666666666667,5.391811379032786e-05,23464.804159,0.5342280801959991
10/24/2025,8,1987.4166666666667,0.0918495068418235,24769.024113,0.5639215273459296
10/24/2025,9,11702.916666666666,0.540856450724621,26148.273039,0.5953231747177342
10/24/2025,10,17610.416666666668,0.8138746711957883,28027.829169,0.6381154203357482
10/24/2025,11,18619.166666666668,0.8604945831552111,27738.653081,0.6315316881518349
10/24/2025,12,18348.83333333333,0.8480009859312235,27098.393327,0.6169547610703877
10/24/2025,13,18096.08333333333,0.8363200117079332,26448.382976,0.6021558401175756
10/24/2025,14,18345.666666666668,0.8478546367652213,26712.436168,0.6081675940992375
10/24/2025,15,18417.916666666668,0.8511937085263795,26850.099549,0.6113018049473904
10/24/2025,16,17870.25,0.8258830053956627,26767.0397162,0.6094107644461585
10/24/2025,17,13991.416666666666,0.6466206822181911,26071.773011,0.5935814826577259
10/24/2025,18,3995.9166666666665,0.1846733910257151,26377.712191,0.6005468636462329
10/24/2025,19,71.91666666666667,0.0033236665857894,27484.267028,0.625740027935881
10/24/2025,20,0.0,0.0,27279.185254820004,0.6210708885206638
10/24/2025,21,0.0,0.0,25903.287765,0.5897455439939291
10/24/2025,22,0.0,0.0,25515.3901989999,0.5809141993727359
10/24/2025,23,0.0,0.0,24466.648767,0.5570372849078684
10/24/2025,24,0.0,0.0,22942.837385,0.522344354011429
10/25/2025,1,0.0,0.0,22274.183564,0.5071209732967198
10/25/2025,2,0.0,0.0,21548.5148009999,0.490599521530541
10/25/2025,3,0.0,0.0,20725.973093,0.4718725432626495
10/25/2025,4,0.0,0.0,20352.459387,0.4633686789759007
10/25/2025,5,0.0,0.0,20054.284657,0.4565800728366178
10/25/2025,6,0.0,0.0,20473.986479,0.4661355115738221
10/25/2025,7,0.5,2.3107763052997653e-05,21092.81782,0.4802245735164399
10/25/2025,8,1997.5833333333333,0.0923193646905678,22055.127015,0.5021336672517321
10/25/2025,9,11164.333333333334,0.5159655386227003,23995.533969,0.5463113162450985
10/25/2025,10,16274.833333333334,0.7521499847873894,26741.976622,0.6088401477639347
10/25/2025,11,17750.166666666668,0.8203332909691011,27080.6934799999,0.6165517849697327
10/25/2025,12,17506.833333333332,0.8090875129499755,26790.9258333,0.6099545846457732
10/25/2025,13,17311.75,0.8000716340654643,27171.8740451,0.6186277118734708
10/25/2025,14,16675.0,0.7706438978174718,26263.509303,0.5979467827252217
10/25/2025,15,16543.083333333332,0.7645472996653225,25498.8305882,0.5805371832669769
10/25/2025,16,15468.0,0.7148617578075355,25472.6313567,0.5799406999103712
10/25/2025,17,11383.333333333334,0.5260867388399133,23551.502465,0.5362019585738786
10/25/2025,18,3321.083333333333,0.1534856134918526,24388.118879,0.55524937860275
10/25/2025,19,104.66666666666669,0.0048372250657608,25290.93146,0.5758039005436217
10/25/2025,20,67.5,0.0031195480121546,25114.842904,0.5717948557385202
10/25/2025,21,0.0,0.0,24173.0078139999,0.5503519002131916
10/25/2025,22,0.0,0.0,23694.276737,0.539452530141197
10/25/2025,23,0.0,0.0,22864.537487,0.5205616839365101
10/25/2025,24,0.0,0.0,21921.426625,0.49908968264452375
10/26/2025,1,0.0,0.0,21234.574981,0.48345198830592234
10/26/2025,2,0.0,0.0,20335.781879,0.4629889786800482
10/26/2025,3,0.0,0.0,19830.670124,0.4514889942212143
10/26/2025,4,0.0,0.0,19314.995447,0.43974852151866517
10/26/2025,5,0.0,0.0,19274.878136,0.4388351623492072
10/26/2025,6,0.0,0.0,19245.689806,0.4381706255649082
10/26/2025,7,0.0,0.0,20056.238188,0.456624549283498
10/26/2025,8,1612.0833333333333,0.0745032793767066,20620.812512,0.4694783304271514
10/26/2025,9,10235.916666666666,0.4730582739271258,22807.000194,0.5192517204111049
10/26/2025,10,15783.916666666666,0.7294620127631878,24510.87500803,0.5580441929425421
10/26/2025,11,15876.0,0.7337176924587815,24503.1066148,0.55786732831698
10/26/2025,12,15627.583333333334,0.7222369855152839,25002.040723,0.5692266650053177
10/26/2025,13,15587.25,0.7203729592956754,24781.9205945,0.5642151442244828
10/26/2025,14,15696.333333333334,0.725414302935071,24624.93165793,0.560640944430293
10/26/2025,15,15572.25,0.7196797264040855,24481.73097821,0.5573806647496617
10/26/2025,16,14549.166666666666,0.6723973919038101,24008.73278195,0.5466118163667004
10/26/2025,17,12122.333333333334,0.5602400126322439,23020.3703034,0.5241095621021574
10/26/2025,18,3395.25,0.1569132650113806,23946.6592629999,0.5451985756409302
10/26/2025,19,24.83333333333333,0.0011476855649655,25316.765106,0.5763920605390568
10/26/2025,20,0.0,0.0,25242.611376,0.5747037871339674
10/26/2025,21,0.0,0.0,24366.903679,0.554766367728669
10/26/2025,22,0.0,0.0,24169.868704,0.5502804314424571
10/26/2025,23,0.0,0.0,23184.717616,0.527851291574977
10/26/2025,24,0.0,0.0,22087.387511,0.5028681486787865
10/27/2025,1,0.0,0.0,21331.256493,0.4856531564126843
10/27/2025,2,0.0,0.0,20752.203901,0.4724697455280029
10/27/2025,3,0.0,0.0,20648.02436,0.47009786823437616
10/27/2025,4,0.0,0.0,21061.182212,0.4795043190445443
10/27/2025,5,0.0,0.0,20351.056794,0.4633367458491374
10/27/2025,6,0.0,0.0,20918.101614,0.4762467732894259
10/27/2025,7,0.0,0.0,23035.716517,0.5244589525413127
10/27/2025,8,1617.8333333333333,0.074769018651816,24408.1436459999,0.5557052866409437
10/27/2025,9,10485.0,0.4845697912213608,26568.598632,0.6048928149791258
10/27/2025,10,15900.416666666666,0.7348461215545362,30006.910815,0.6831735840915362
10/27/2025,11,16319.25,0.7542027244052639,29448.182449,0.6704528990904325
10/27/2025,12,16355.333333333334,0.755870334638922,28397.315093,0.6465275832713699
10/27/2025,13,17095.5,0.7900775265450428,27716.142325,0.6310191810846482
10/27/2025,14,16934.583333333332,0.7826406781358197,26191.039314,0.5962968434019291
10/27/2025,15,16801.666666666668,0.7764978644575645,26318.986434,0.5992098421135758
10/27/2025,16,16150.083333333334,0.7463845979056665,25974.41213,0.5913648472155387
10/27/2025,17,12753.5,0.5894097121928111,24704.266759,0.5624471831889712
10/27/2025,18,3439.583333333333,0.158962153335413,26252.236092,0.5976901231840057
10/27/2025,19,26.08333333333333,0.001205454972598,27408.048651,0.6240047482828119
10/27/2025,20,0.0,0.0,27090.849035,0.6167829986041728
10/27/2025,21,0.0,0.0,26040.50341,0.5928695611433792
10/27/2025,22,0.0,0.0,25303.5067519999,0.5760902048339746
10/27/2025,23,0.0,0.0,24114.5266109999,0.5490204464923534
10/27/2025,24,0.0,0.0,22588.111494,0.514268235819236
10/28/2025,1,0.0,0.0,21963.878868,0.5000562016968128
10/28/2025,2,0.0,0.0,21458.359243,0.4885469311767957
10/28/2025,3,0.0,0.0,21021.875351,0.47860941155892156
10/28/2025,4,0.0,0.0,21143.0518019999,0.48136826104021213
10/28/2025,5,0.0,0.0,20905.001693,0.4759485246614327
10/28/2025,6,0.0,0.0,21344.325139,0.4859506929962429
10/28/2025,7,0.0,0.0,23632.841764,0.5380538273239781
10/28/2025,8,1665.0833333333333,0.0769527022603243,25131.828657,0.572181573912445
10/28/2025,9,11094.666666666666,0.5127458569706492,26809.101275,0.61036838870995
10/28/2025,10,17549.25,0.8110478215156381,28675.082229,0.6528515654704673
10/28/2025,11,18646.5,0.8617578075354415,28471.0782576,0.6482069645927062
10/28/2025,12,18607.25,0.8599438481357812,27689.9377422,0.6304225758938815
10/28/2025,13,18276.58333333333,0.8446619141700654,27375.9978931999,0.6232750420090092
10/28/2025,14,18279.33333333333,0.8447890068668569,26829.0082373,0.6108216146640215
10/28/2025,15,18374.416666666668,0.8491833331407687,27251.3419196,0.620436973512465
10/28/2025,16,16952.5,0.7834687063118855,26978.69742321,0.6142296195155825
10/28/2025,17,13462.75,0.6221880740834883,27234.0479859999,0.6200432389266737
10/28/2025,18,3417.4166666666665,0.1579377091733968,28366.917231,0.6458355088202778
10/28/2025,19,25.166666666666668,0.0011630907403342,28623.899134,0.6516862692934757
10/28/2025,20,0.0,0.0,28162.490914,0.6411812923123358
10/28/2025,21,0.0,0.0,27181.503227,0.6188469414619829
10/28/2025,22,0.0,0.0,26160.715085,0.5956064453686738
10/28/2025,23,0.0,0.0,24825.983671,0.5652183374583414
10/28/2025,24,0.0,0.0,23136.859845,0.5267617037416183
10/29/2025,1,0.0,0.0,22454.59962,0.5112285431950369
10/29/2025,2,0.0,0.0,21511.137705,0.4897485494063322
10/29/2025,3,0.0,0.0,21404.705864,0.48732539352981713
10/29/2025,4,0.0,0.0,21254.677987,0.4839096776277157
10/29/2025,5,0.0,0.0,21429.203852,0.4878831443215656
10/29/2025,6,0.0,0.0,21629.943808,0.49245343268135044
10/29/2025,7,0.0,0.0,23814.597686,0.5421919022303937
10/29/2025,8,1513.9166666666667,0.0699664552306347,25264.983588,0.5752131399410699
10/29/2025,9,10784.0,0.4983882335270534,27415.693592,0.6241788022457586
10/29/2025,10,17079.75,0.7893496320088734,28870.012698,0.6572895880305505
10/29/2025,11,18282.58333333333,0.8449392073267014,28453.107121,0.6477978119852649
10/29/2025,12,18309.58333333333,0.8461870265315632,28683.644694,0.6530465088932932
10/29/2025,13,18121.916666666668,0.8375139127990049,28219.649501,0.6424826337594158
10/29/2025,14,18249.08333333333,0.8433909872021506,27766.30612,0.6321612706463852
10/29/2025,15,18286.416666666668,0.8451163668434412,28402.762058,0.6466515954572432
10/29/2025,16,17797.166666666668,0.8225054206960829,28762.5532499999,0.6548430364115805
10/29/2025,17,13390.166666666666,0.6188335971469615,28666.462771,0.6526553244761479
10/29/2025,18,3231.9166666666665,0.1493647290807346,30111.408042,0.6855526942084473
10/29/2025,19,13.0,0.0006008018393779,30349.8274899999,0.690980839405113
10/29/2025,20,0.0,0.0,29038.94516,0.6611357085541019
10/29/2025,21,0.0,0.0,27894.251255,0.6350742241651236
10/29/2025,22,0.0,0.0,26891.108521,0.6122354647484234
10/29/2025,23,0.0,0.0,25422.026241,0.578788562708402
10/29/2025,24,0.0,0.0,23625.0849729999,0.5378772268487989
10/30/2025,1,0.0,0.0,22642.424493,0.5155047911720463
10/30/2025,2,0.0,0.0,21500.106629,0.4894974026030586
10/30/2025,3,0.0,0.0,21056.869656,0.47940613418448724
10/30/2025,4,0.0,0.0,20975.5221089999,0.4775540776504527
10/30/2025,5,0.0,0.0,20881.364413,0.475410369787866
10/30/2025,6,0.0,0.0,21419.770752,0.4876683789704828
10/30/2025,7,0.0,0.0,23398.4767259999,0.532717989723653
10/30/2025,8,1469.75,0.0679252694942866,24738.373775,0.5632237047211958
10/30/2025,9,10802.416666666666,0.4992393694661721,26661.5326949999,0.6070086641345175
10/30/2025,10,16860.416666666668,0.7792130266162918,29024.383645,0.6608041835112981
10/30/2025,11,18311.416666666668,0.846271754996091,29480.095492,0.6711794699827177
10/30/2025,12,17893.083333333332,0.8269382599084162,28931.136529,0.6586812070130951
10/30/2025,13,17744.75,0.8200829568693603,28338.3642239999,0.6451854365669523
10/30/2025,14,17708.416666666668,0.8184037927541759,28232.7236519999,0.642780295676453
10/30/2025,15,18034.25,0.8334623516770459,28726.10084,0.6540131168059956
10/30/2025,16,17662.833333333332,0.8162971350225108,28975.126642,0.6596827390717626
10/30/2025,17,13320.166666666666,0.6155985103195418,27741.8643906,0.6316048007058924
10/30/2025,18,3124.6666666666665,0.1444081139058666,28402.052875,0.6466354493402746
10/30/2025,19,79.25,0.0036625804439001,28731.996887,0.6541473533352337
10/30/2025,20,15.166666666666666,0.0007009354792742,28048.3143529999,0.6385818107836109
10/30/2025,21,0.0,0.0,27377.287986,0.6233044138203059
10/30/2025,22,0.0,0.0,26273.342932,0.5981706670034127
10/30/2025,23,0.0,0.0,24900.3883389999,0.5669123240211041
10/30/2025,24,0.0,0.0,23325.36424,0.5310534225374359
10/31/2025,1,0.0,0.0,22476.019123,0.5117162054780418
10/31/2025,2,0.0,0.0,21612.2127029999,0.4920497449233035
10/31/2025,3,0.0,0.0,20936.9015,0.4766747942069511
10/31/2025,4,0.0,0.0,20767.331981,0.4728141696740852
10/31/2025,5,0.0,0.0,20674.902415,0.4707098065068951
10/31/2025,6,0.0,0.0,21502.7597719999,0.489557807261956
10/31/2025,7,0.0,0.0,23325.9683449999,0.5310671763217056
10/31/2025,8,1358.1666666666667,0.0627683870396259,24702.949562,0.5624171942907141
10/31/2025,9,10062.5,0.4650437314415778,26052.630849,0.5931456690712683
10/31/2025,10,16372.25,0.7566521472888817,27244.624998,0.6202840479603539
10/31/2025,11,18122.08333333333,0.8375216153866891,27920.674019,0.6356757967326823
10/31/2025,12,18065.08333333333,0.8348873303986474,27760.225963,0.6320228424464568
10/31/2025,13,17809.333333333332,0.8230677095970391,27896.91969,0.6351349769801702
10/31/2025,14,17529.583333333332,0.8101389161688869,27756.111008,0.631929156409495
10/31/2025,15,17953.583333333332,0.8297342992378289,28261.257454,0.6434299306855463
10/31/2025,16,17371.583333333332,0.8028368630441396,27804.269134,0.6330255824876537
10/31/2025,17,12711.0,0.5874455523333064,26434.4399419999,0.6018383961604257
10/31/2025,18,2929.1666666666665,0.1353729785521445,26968.375266,0.6139946128139534
10/31/2025,19,64.58333333333333,0.0029847527276788,27100.634765,0.6170057923558612
10/31/2025,20,0.0,0.0,25925.078846,0.5902416660705994
10/31/2025,21,0.0,0.0,25061.596409,0.5705825817042575
10/31/2025,22,0.0,0.0,24751.184755,0.5635153749693024
10/31/2025,23,0.0,0.0,23760.072151,0.5409505080262347
10/31/2025,24,0.0,0.0,22638.119396,0.5154067761325948
11/01/2025,1,0.0,0.0,22001.556904,0.5009140253846408
11/01/2025,2,0.0,0.0,21179.966633,0.4822087086809558
11/01/2025,3,0.0,0.0,20303.942302,0.46226408040347605
11/01/2025,4,0.0,0.0,20091.541723,0.45742831221283603
11/01/2025,5,0.0,0.0,19716.6151289999,0.44889228041091395
11/01/2025,6,0.0,0.0,20148.772382,0.45873129453814115
11/01/2025,7,0.0,0.0,20857.173483,0.47485960984951386
11/01/2025,8,1334.9166666666667,0.0616938760576615,21544.061919,0.4904981418392371
11/01/2025,9,10621.5,0.4908782105348291,23152.606644,0.5271202143919523
11/01/2025,10,17495.083333333332,0.80854448051823,25430.899081,0.5789905725034535
11/01/2025,11,18503.75,0.8551605411838107,24598.039005,0.5600286738036634
11/01/2025,12,18240.666666666668,0.8430020065240919,23311.0670461,0.530727915348131
11/01/2025,13,17886.833333333332,0.8266494128702537,22806.9180513,0.519249850251157
11/01/2025,14,18049.83333333333,0.8341825436255309,23275.7913278,0.5299247857273915
11/01/2025,15,18374.5,0.8491871844346108,24753.803236,0.5635749904712337
11/01/2025,16,17947.25,0.8294416009058243,25209.4254789999,0.5739482369097331
11/01/2025,17,13143.25,0.6074222134926228,24053.291363,0.5476262908557821
11/01/2025,18,2878.083333333333,0.1330121354268966,25017.134429,0.5695703065513875
11/01/2025,19,49.75,0.0022992224237732,25920.9343939999,0.5901473084692969
11/01/2025,20,0.0,0.0,25165.712567,0.5729530159439307
11/01/2025,21,0.0,0.0,24258.9446259999,0.5523084414986775
11/01/2025,22,0.0,0.0,23755.965345,0.5408570075192519
11/01/2025,23,0.0,0.0,22957.283234,0.5226732456623363
11/01/2025,24,0.0,0.0,21947.724785,0.49968841832687966
11/02/2025,1,0.0,0.0,21286.208065,0.4846275294761365
11/02/2025,1,0.0,0.0,20722.127034,0.471784979236887
11/02/2025,2,0.0,0.0,20529.902703,0.46740856788389884
11/02/2025,3,0.0,0.0,19501.800664,0.4440015547752938
11/02/2025,4,0.0,0.0,19008.37649,0.432767663905712
11/02/2025,5,0.0,0.0,18921.162973,0.43078205561176075
11/02/2025,6,0.0,0.0,19137.3636679999,0.4357043418343175
11/02/2025,7,1255.6666666666667,0.0580312956137614,19879.303474,0.4525962398230931
11/02/2025,8,9861.833333333334,0.4557698158696414,21529.409415,0.49016454523093206
11/02/2025,9,16934.583333333332,0.7826406781358197,24693.240489,0.5621961458048998
11/02/2025,10,17903.083333333332,0.8274004151694762,25148.760819,0.5725670719689185
11/02/2025,11,17688.75,0.8174948874074245,25030.525388,0.5698751813021026
11/02/2025,12,17520.166666666668,0.8097037199647222,24391.065338,0.5553164612480719
11/02/2025,13,17274.666666666668,0.7983578083057004,23301.5247154,0.5305106631189662
11/02/2025,14,17372.75,0.80289078115793,23258.4047872,0.5295289427387585
11/02/2025,15,16351.0,0.7556700673591293,23032.8201765,0.5243930109543119
11/02/2025,16,11379.916666666666,0.5259288357923845,23079.385496,0.5254531732753622
11/02/2025,17,2209.25,0.1021016510496701,24921.521511,0.5673934673466381
11/02/2025,18,8.5,0.0003928319719009,26132.320184,0.5949599727475603
11/02/2025,19,3.0,0.0001386465783179,25728.781653,0.5857725270207415
11/02/2025,20,8.666666666666666,0.0004005345595852,24941.5775709999,0.5678500878390761
11/02/2025,21,9.583333333333334,0.0004428987918491,24283.419077,0.5528656564186503
11/02/2025,22,10.583333333333334,0.0004891143179551,23613.461461,0.5376125919318073
11/02/2025,23,0.0,0.0,22313.159239,0.5080083406017483
11/02/2025,24,0.0,0.0,21237.401093,0.48351633098604646
11/03/2025,1,0.0,0.0,20906.739389,0.4759880871479446
11/03/2025,2,0.0,0.0,19890.383875,0.45284850961890816
11/03/2025,3,0.0,0.0,20017.8683,0.4557509740571855
11/03/2025,4,0.0,0.0,19524.22798,0.4445121621466336
11/03/2025,5,0.0,0.0,19597.0442669999,0.4461699857085676
11/03/2025,6,0.0,0.0,20922.442348,0.47634559968387385
11/03/2025,7,860.1666666666666,0.0397530550388402,22863.861138,0.5205462853580534
11/03/2025,8,8251.25,0.3813358597820938,24510.364043,0.5580325596953531
11/03/2025,9,15637.583333333334,0.7226991407763439,27048.4920509999,0.6158186483333615
11/03/2025,10,17242.333333333332,0.7968635062949397,27019.148689,0.6151505819032529
11/03/2025,11,17432.416666666668,0.8056483075489211,26629.6414822,0.6062825902549417
11/03/2025,12,17224.333333333332,0.7960316268250318,26688.879718,0.6076312794991046
11/03/2025,13,17259.083333333332,0.7976376163572152,27144.719777,0.6180094849998138
11/03/2025,14,17489.833333333332,0.8083018490061735,27339.415946,0.6224421732030304
11/03/2025,15,16848.083333333332,0.7786430351276511,27398.5955089,0.623789526629067
11/03/2025,16,11591.25,0.5356957169761182,26214.490877,0.5968307700179022
11/03/2025,17,2270.333333333333,0.104924649435978,27012.6622069999,0.6150029028174757
11/03/2025,18,77.33333333333333,0.0035740006855303,28030.780086,0.6381826044772839
11/03/2025,19,0.0,0.0,27434.66107,0.6246106387652299
11/03/2025,20,0.0,0.0,26409.521646,0.6012710761289616
11/03/2025,21,0.0,0.0,25433.954925,0.5790601455398376
11/03/2025,22,0.0,0.0,24771.75944,0.563983803105063
11/03/2025,23,0.0,0.0,23437.822667,0.5336137869517721
11/03/2025,24,0.0,0.0,22195.83381,0.505337168139872
11/04/2025,1,0.0,0.0,21757.928749,0.495367292471576
11/04/2025,2,0.0,0.0,20998.940747,0.47808725465610014
11/04/2025,3,0.0,0.0,21035.482858,0.47891921650302444
11/04/2025,4,0.0,0.0,20458.101535,0.46577385574752
11/04/2025,5,0.0,0.0,20496.596864,0.4666502869151884
11/04/2025,6,0.0,0.0,21667.0868549999,0.4932990761632619
11/04/2025,7,1117.1666666666667,0.051630445248081,23620.980571,0.5377837810741869
11/04/2025,8,9650.583333333334,0.4460067859797499,25195.53596,0.5736320113397313
11/04/2025,9,16739.75,0.773636353132835,27369.166,0.6231194988745533
11/04/2025,10,17717.666666666668,0.8188312863706563,27472.531326,0.6254728387658063
11/04/2025,11,17331.166666666668,0.8009689855306891,27100.774168,0.6170089661729772
11/04/2025,12,17009.666666666668,0.7861106938876116,26853.548044,0.6113803175508168
11/04/2025,13,17298.916666666668,0.7994785348137707,27422.9082409999,0.6243430596611791
11/04/2025,14,17443.666666666668,0.8061682322176136,27142.066934,0.6179490871710764
11/04/2025,15,16135.666666666666,0.7457183240709716,26346.242302,0.5998303821333026
11/04/2025,16,11879.0,0.5489942346131182,25907.116286,0.5898327087283952
11/04/2025,17,2426.4166666666665,0.1121381228023554,27032.816077,0.6154617501705462
11/04/2025,18,49.16666666666666,0.0022722633668781,28233.476499,0.6427974359008001
11/04/2025,19,48.0,0.0022183452530877,27817.5146949999,0.6333271469318378
11/04/2025,20,51.75,0.0023916534759852,26525.8494169999,0.6039195347034995
11/04/2025,21,53.75,0.0024840845281972,25553.870459,0.5817902874613472
11/04/2025,22,44.5,0.0020565909117167,24940.9904509999,0.5678367207558344
11/04/2025,23,11.666666666666666,0.0005391811379032,23559.8575089999,0.536392179599623
11/04/2025,24,0.0,0.0,22288.5049,0.5074470301342403
11/05/2025,1,0.0,0.0,21724.163047,0.4945985417062298
11/05/2025,2,0.0,0.0,21023.675768,0.4786504020274951
11/05/2025,3,0.0,0.0,20395.289232,0.4643437949715169
11/05/2025,4,0.0,0.0,20361.738428,0.4635799368336651
11/05/2025,5,0.0,0.0,20381.126165,0.46402134147726115
11/05/2025,6,0.0,0.0,21581.775966,0.4913567853969974
11/05/2025,7,1030.25,0.0476135457707016,23415.781122,0.5331119625090829
11/05/2025,8,8357.333333333334,0.3862385568431715,26046.936788,0.593016031199333
11/05/2025,9,13617.416666666666,0.629336075454549,28443.256327,0.6475735369079462
11/05/2025,10,14509.25,0.6705526221534125,28318.464337,0.6447323716977108
11/05/2025,11,14681.166666666666,0.6784978413498014,28302.598797,0.6443711576463154
11/05/2025,12,15081.583333333334,0.6970033082614104,28588.381401,0.6508776296736889
11/05/2025,13,14315.583333333334,0.661602215264218,28254.165801,0.6432684735456558
11/05/2025,14,13503.0,0.6240482490092547,27937.227046,0.6360526629436986
11/05/2025,15,11759.583333333334,0.543475330537294,27190.94618,0.6190619311383675
11/05/2025,16,6661.833333333333,0.3078801323304564,25721.3158029999,0.5856025504598651
11/05/2025,17,1124.5833333333333,0.0519732104000338,26355.077861,0.6000315431440678
11/05/2025,18,0.0,0.0,27299.611663,0.6215359408072014
11/05/2025,19,0.0,0.0,26917.5449669999,0.6128373488169216
11/05/2025,20,0.0,0.0,26383.194206,0.6006716738227513
11/05/2025,21,0.0,0.0,25743.035885,0.5860970560875272
11/05/2025,22,0.0,0.0,25217.584952,0.5741340053298195
11/05/2025,23,0.0,0.0,23851.117477,0.5430233559132324
11/05/2025,24,0.0,0.0,22600.164035,0.51454263852877
11/06/2025,1,0.0,0.0,22142.178128,0.504115578060013
11/06/2025,2,0.0,0.0,21249.37162,0.4837888664657723
11/06/2025,3,0.0,0.0,21078.946313,0.4799087580293887
11/06/2025,4,0.0,0.0,20851.7386669999,0.47473587426245
11/06/2025,5,0.0,0.0,20759.959093,0.47264630959841397
11/06/2025,6,0.0,0.0,21903.051737,0.49867133774492267
11/06/2025,7,932.1666666666666,0.0430805729184719,23660.782423,0.5386899581229329
11/06/2025,8,8090.416666666667,0.3739028626667129,25458.212336,0.579612419064954
11/06/2025,9,14634.583333333334,0.6763449680920306,28596.253594,0.6510568575302194
11/06/2025,10,16356.416666666666,0.7559204014588701,29548.655797,0.67274039671663
11/06/2025,11,16937.583333333332,0.7827793247141377,28282.2002,0.6439067385427013
11/06/2025,12,16562.333333333332,0.7654369485428629,27073.2763311,0.6163829171969412
11/06/2025,13,16317.083333333334,0.7541025907653677,26871.0676958,0.6117791911098458
11/06/2025,14,16340.333333333334,0.755177101747332,27428.4772632,0.6244698507487316
11/06/2025,15,15047.916666666666,0.6954473855491752,26966.4744279,0.6139513360372948
11/06/2025,16,11134.083333333334,0.514567518957994,25874.4735099,0.5890895238507374
11/06/2025,17,2113.333333333333,0.0976688118373367,26344.857471,0.5997988533976903
11/06/2025,18,16.75,0.0007741100622754,27573.478498,0.6277711240416325
11/06/2025,19,12.666666666666666,0.0005853966640092,26959.458761,0.6137916088887585
11/06/2025,20,0.0,0.0,26465.956074,0.6025559304973641
11/06/2025,21,0.0,0.0,25766.404827,0.5866291016539966
11/06/2025,22,0.0,0.0,24895.331564,0.5667971953721764
11/06/2025,23,0.0,0.0,24099.685105,0.5486825468361782
11/06/2025,24,0.0,0.0,23110.429982,0.5261599695496492
11/07/2025,1,0.0,0.0,22213.219043,0.5057329813581036
11/07/2025,2,0.0,0.0,21681.482497,0.4936268247409526
11/07/2025,3,0.0,0.0,21176.514178,0.4821301059193851
11/07/2025,4,0.0,0.0,21175.911621,0.4821163873787513
11/07/2025,5,0.0,0.0,20672.5142649999,0.470655434998779
11/07/2025,6,0.0,0.0,21816.726075,0.4967059434305524
11/07/2025,7,887.5,0.0410162794190708,23450.463949,0.5339015936501923
11/07/2025,8,8934.083333333334,0.4128933615248042,25285.251703,0.5756745883338318
11/07/2025,9,16462.333333333332,0.7608153959322634,27825.888533,0.6335177958444966
11/07/2025,10,17579.833333333332,0.8124612463557132,28041.552516,0.6384278626332417
11/07/2025,11,17602.916666666668,0.8135280547499933,27187.407709,0.6189813700326215
11/07/2025,12,17353.0,0.8019780245173366,27165.697923,0.6184870988161368
11/07/2025,13,17080.583333333332,0.789388144947295,28087.737965,0.6394793763635532
11/07/2025,14,17249.416666666668,0.797190866271524,29120.045402,0.6629821346437257
11/07/2025,15,16453.5,0.7604071587849938,29214.248709,0.665126880941445
11/07/2025,16,11577.75,0.5350718073736872,26957.022885,0.613736150792869
11/07/2025,17,2103.0,0.0971912514009081,26999.3146819999,0.6146990169376789
11/07/2025,18,12.083333333333334,0.0005584376071141,27724.095811,0.6312002597558296
11/07/2025,19,0.0,0.0,27043.753239,0.6157107588142349
11/07/2025,20,0.0,0.0,26116.002586,0.5945884665975886
11/07/2025,21,0.0,0.0,25251.1392209999,0.5748979423560453
11/07/2025,22,0.0,0.0,24671.042394,0.5616907571557767
11/07/2025,23,0.0,0.0,23662.5828249999,0.5387309482499959
11/07/2025,24,0.0,0.0,22564.465855,0.5137298906345764
11/08/2025,1,0.0,0.0,22333.716222,0.5084763657123904
11/08/2025,2,0.0,0.0,21499.728505,0.4894887937752487
11/08/2025,3,0.0,0.0,20700.181065,0.47128533079288265
11/08/2025,4,0.0,0.0,20451.160359,0.4656158245488083
11/08/2025,5,0.0,0.0,20605.466833,0.4691289521593456
11/08/2025,6,0.0,0.0,20867.698978,0.4750992459849302
11/08/2025,7,833.5,0.038520641009347,21720.071016,0.4945053775847474
11/08/2025,8,8656.666666666666,0.4000724043242327,22549.91298,0.513398562300451
11/08/2025,9,15441.416666666666,0.7136331950718844,24295.4719879999,0.553140067552049
11/08/2025,10,17207.25,0.7952421115873878,25549.8707075,0.5816992242864479
11/08/2025,11,17377.916666666668,0.8031295613761443,25034.3021738,0.5699611681705024
11/08/2025,12,17234.583333333332,0.7965053359676183,24684.2327205,0.5619910640646051
11/08/2025,13,17433.0,0.8056752666058162,25008.30722376,0.5693693357324151
11/08/2025,14,17618.083333333332,0.8142289902292674,25950.5335291999,0.5908211981410881
11/08/2025,15,16912.583333333332,0.7816239365614878,25538.3609906,0.5814371801661808
11/08/2025,16,11710.0,0.541183810701205,24626.08526,0.5606672087287287
11/08/2025,17,2049.1666666666665,0.0947033155788687,25377.2859929999,0.5777699521700558
11/08/2025,18,0.0,0.0,26383.0796219999,0.6006690650649719
11/08/2025,19,0.0,0.0,25793.075977,0.5872363292773158
11/08/2025,20,0.0,0.0,25041.65168,0.5701284959078663
11/08/2025,21,0.0,0.0,24204.22363,0.551062597193251
11/08/2025,22,0.0,0.0,23729.1904479999,0.5402474178663877
11/08/2025,23,0.0,0.0,22837.28315,0.5199411787733788
11/08/2025,24,0.0,0.0,21966.862234,0.5001241246114854
11/09/2025,1,0.0,0.0,21343.536358,0.48593273465504094
11/09/2025,2,0.0,0.0,20574.832978,0.4684315048065035
11/09/2025,3,0.0,0.0,19971.859566,0.45470348363406005
11/09/2025,4,0.0,0.0,19501.763004,0.4440006973622354
11/09/2025,5,0.0,0.0,19456.62062,0.4429729313098799
11/09/2025,6,0.0,0.0,19576.442612,0.4457009435412058
11/09/2025,7,795.6666666666666,0.0367721536050036,20203.152665,0.45996938175978386
11/09/2025,8,8779.083333333334,0.405729954978375,21195.056102,0.4825522537623646
11/09/2025,9,16091.083333333334,0.7436578818654127,23336.6720538,0.5313108698878017
11/09/2025,10,17637.75,0.8151378955760188,24835.2842306,0.5654300852345506
11/09/2025,11,17478.583333333332,0.8077819243374811,24226.8863376999,0.5515785637764162
11/09/2025,12,17153.833333333332,0.7927734322345591,24190.3018498,0.5507456371257916
11/09/2025,13,17310.416666666668,0.8000100133639897,24960.9716843,0.5682916376532237
11/09/2025,14,17487.0,0.80817090501554,25014.378438407,0.5695075603399314
11/09/2025,15,16803.25,0.7765710390405657,25325.8440517,0.5765987627854787
11/09/2025,16,11510.666666666666,0.5319715158307433,25335.20397,0.5768118619935657
11/09/2025,17,1968.8333333333333,0.0909906683150204,26195.508049,0.5963985840217859
11/09/2025,18,0.0,0.0,26941.711422,0.6133875515278568
11/09/2025,19,0.0,0.0,26419.781847,0.6015046722606622
11/09/2025,20,0.0,0.0,25663.714381,0.5842911268961717
11/09/2025,21,0.0,0.0,25071.570723,0.5708096689871252
11/09/2025,22,0.0,0.0,24216.937622,0.5513520592953748
11/09/2025,23,0.0,0.0,23040.416406,0.5245659558923993
11/09/2025,24,0.0,0.0,21766.016069,0.4955514181692915
11/10/2025,1,0.0,0.0,21348.331405,0.4860419044881195
11/10/2025,2,0.0,0.0,20589.284972,0.4687605363619049
11/10/2025,3,0.0,0.0,20234.234012,0.4606770172561298
11/10/2025,4,0.0,0.0,20134.240674,0.45840044811751035
11/10/2025,5,0.0,0.0,20312.767949,0.46246501574567406
11/10/2025,6,0.0,0.0,21406.711967,0.4873710668943636
11/10/2025,7,722.1666666666666,0.0333753124362129,22919.8772939999,0.5218216168407714
11/10/2025,8,8466.0,0.3912606440133563,25404.46279,0.5783886919638704
11/10/2025,9,15909.416666666666,0.7352620612894901,28825.679769,0.6562802510086579
11/10/2025,10,17196.0,0.7947221869186953,29413.433755,0.6696617683416246
11/10/2025,11,16657.5,0.7698351261106169,29029.127321,0.6609121837701274
11/10/2025,12,16321.833333333334,0.7543221145143711,28100.116973,0.6397612118152263
11/10/2025,13,16605.25,0.7674203648715786,28271.038417,0.6436526159059536
11/10/2025,14,17012.583333333332,0.7862454891720873,28340.473678,0.6452334629452292
11/10/2025,15,15730.0,0.7269702256473062,29090.322962,0.6623054376658882
11/10/2025,16,10365.0,0.4790239280886413,29043.2678509999,0.6612341241598111
11/10/2025,17,1390.8333333333333,0.0642780942257551,29405.485795,0.6694808154820353
11/10/2025,18,0.0,0.0,29609.903648,0.6741348392883278
11/10/2025,19,0.0,0.0,28654.5865649999,0.6523849364222587
11/10/2025,20,0.0,0.0,27584.261444,0.628016621617551
11/10/2025,21,0.0,0.0,26867.986535,0.6117090416806067
11/10/2025,22,0.0,0.0,26040.818966,0.5928767454725102
11/10/2025,23,0.0,0.0,24723.828305,0.5628925449782465
11/10/2025,24,0.0,0.0,23140.893979,0.5268535497100514
11/11/2025,1,0.0,0.0,22373.85514,0.5093902168129145
11/11/2025,2,0.0,0.0,21345.004801,0.4859661670024601
11/11/2025,3,0.0,0.0,20877.3182539999,0.4753182500437529
11/11/2025,4,0.0,0.0,20476.22754,0.46618653427605816
11/11/2025,5,0.0,0.0,20575.620456,0.4684494334820333
11/11/2025,6,0.0,0.0,21448.745773,0.4883280593043811
11/11/2025,7,691.3333333333334,0.0319503337146114,22919.122329,0.5218044283954821
11/11/2025,8,7050.0,0.3258194590472669,25663.8925629999,0.5842951836028497
11/11/2025,9,11956.416666666666,0.5525720865924907,28070.914555,0.639096354286499
11/11/2025,10,12990.5,0.600362791879932,28534.962966,0.649661441045659
11/11/2025,11,12860.666666666666,0.594362476073837,28531.071131,0.6495728348281768
11/11/2025,12,13550.416666666666,0.6262396352054472,28358.407745,0.6456417715813719
11/11/2025,13,12104.916666666666,0.559435092219231,27443.518234,0.6248122916615269
11/11/2025,14,10474.166666666666,0.4840691230218791,27168.521784,0.6185513902472755
11/11/2025,15,8407.75,0.388568589617682,27328.685293,0.622197866192727
11/11/2025,16,4498.916666666667,0.2079198006570307,26786.710721,0.6098586183067157
11/11/2025,17,657.75,0.0303982622962184,27372.877732,0.6232040046495483
11/11/2025,18,0.0,0.0,28287.117974,0.6440187025269329
11/11/2025,19,0.0,0.0,27708.99747,0.6308565126837501
11/11/2025,20,0.0,0.0,27197.524841,0.6192117088826211
11/11/2025,21,0.0,0.0,26381.752159,0.6006388424385581
11/11/2025,22,0.0,0.0,25552.53059,0.5817597823849471
11/11/2025,23,0.0,0.0,24233.699358,0.5517336772276343
11/11/2025,24,0.0,0.0,22878.818828,0.5208868301995411
11/12/2025,1,0.0,0.0,22299.3873499999,0.507694793138435
11/12/2025,2,0.0,0.0,21750.048091,0.4951878718906288
11/12/2025,3,0.0,0.0,21473.312568,0.48888737663941995
11/12/2025,4,0.0,0.0,21261.928699,0.48407475609696554
11/12/2025,5,0.0,0.0,20931.21326,0.47654528886293446
11/12/2025,6,0.0,0.0,21934.447441,0.49938613027251716
11/12/2025,7,291.0,0.0134487180968446,23510.423302,0.5352667007197391
11/12/2025,8,2614.1666666666665,0.120815087828756,24863.005621,0.5660612238996512
11/12/2025,9,6009.583333333333,0.277736055427821,26638.750694,0.6064899815759617
11/12/2025,10,8755.0,0.4046169310579889,27224.651595,0.6198293093370367
11/12/2025,11,10200.25,0.4714099201626786,27711.536704,0.6309143239527382
11/12/2025,12,11629.583333333334,0.5374673121435146,28810.0564429999,0.6559245514938121
11/12/2025,13,11058.333333333334,0.5110666928554648,29033.526689,0.6610123450970573
11/12/2025,14,8908.75,0.4117225681967857,28056.051986,0.6387579750846165
11/12/2025,15,6224.833333333333,0.2876839474221364,27135.852534,0.6178076026328262
11/12/2025,16,3609.9166666666665,0.1668341979488009,26954.567732,0.6136802538135083
11/12/2025,17,546.25,0.0252452311353999,27353.700826,0.622767400039211
11/12/2025,18,0.0833333333333333,3.851293842166275e-06,28375.5986969999,0.6460331615636371
11/12/2025,19,0.0833333333333333,3.851293842166275e-06,27533.584361,0.6268628459210835
11/12/2025,20,0.0,0.0,26958.297678,0.6137651742704323
11/12/2025,21,0.0,0.0,25867.7494859999,0.5889364365990816
11/12/2025,22,0.0,0.0,25138.134058,0.572325130289403
11/12/2025,23,0.0,0.0,24075.3138159999,0.5481276806269313
11/12/2025,24,0.0,0.0,22870.825378,0.5207048416596536
11/13/2025,1,0.0,0.0,21728.916926,0.4947067742588839
11/13/2025,2,0.0,0.0,21083.396245,0.48001007055743083
11/13/2025,3,0.0,0.0,20435.536678,0.4652601169516058
11/13/2025,4,0.0,0.0,20304.765561,0.4622828237124802
11/13/2025,5,0.0,0.0,20374.807555,0.4638774843682508
11/13/2025,6,0.0,0.0,21283.786925,0.48457240687782627
11/13/2025,7,337.4166666666667,0.0155938887669312,22891.802528,0.5211824327998373
11/13/2025,8,5702.0,0.2635209298563852,24910.694657,0.5671469701081447
11/13/2025,9,11897.25,0.5498376679645527,28515.4756209999,0.6492177686059926
11/13/2025,10,13105.583333333334,0.6056814286759638,30023.096051,0.6835420767283044
11/13/2025,11,13419.333333333334,0.6201815499917197,29771.147493,0.6778059114683499
11/13/2025,12,13451.25,0.6216565955332694,29748.635657,0.6772933798125783
11/13/2025,13,12895.333333333334,0.5959646143121782,28956.226053,0.6592524254280764
11/13/2025,14,13277.666666666666,0.613634350460037,27852.236922,0.6341176751009501
11/13/2025,15,11405.916666666666,0.5271304394711404,26800.815215,0.6101797382572893
11/13/2025,16,7173.583333333333,0.3315309278151995,26620.797315,0.6060812332594955
11/13/2025,17,864.75,0.0399648762001594,26509.793451,0.6035539851837296
11/13/2025,18,0.0,0.0,27241.79027,0.6202195091179644
11/13/2025,19,0.0,0.0,26765.126939,0.6093672158495252
11/13/2025,20,0.0,0.0,26089.297047,0.5939804560327487
11/13/2025,21,0.0,0.0,25628.296132,0.5834847522493192
11/13/2025,22,0.0,0.0,24967.164287,0.5684326259278081
11/13/2025,23,0.0,0.0,23750.127275,0.54072409096444
11/13/2025,24,0.0,0.0,22434.025314,0.5107601236880481
11/14/2025,1,0.0,0.0,22578.572271,0.514051054343724
11/14/2025,2,0.0,0.0,22128.497171,0.5038041008644724
11/14/2025,3,0.0,0.0,22079.970167,0.5026992764641102
11/14/2025,4,0.0,0.0,21601.934733,0.49181574424108376
11/14/2025,5,0.0,0.0,21113.309457,0.48069111088109906
11/14/2025,6,0.0,0.0,22097.445673,0.5030971449465221
11/14/2025,7,275.5833333333333,0.0127362287360438,22806.0218929999,0.5192294472286144
11/14/2025,8,2294.4166666666665,0.106037673356364,24356.631013,0.554532487803719
11/14/2025,9,3832.1666666666665,0.1771055986258583,25257.155195,0.575034909288256
11/14/2025,10,4657.166666666667,0.2152334076633045,25791.171774,0.5871929758912786
11/14/2025,11,5868.333333333333,0.2712081123653491,26472.327092,0.6027009807902184
11/14/2025,12,6974.083333333333,0.3223109303570534,26703.0482549999,0.6079538575299865
11/14/2025,13,7501.583333333333,0.3466896203779659,26927.180172,0.6130567155346074
11/14/2025,14,6935.25,0.3205162274266039,26879.189813,0.6119641090426562
11/14/2025,15,4928.666666666667,0.2277809230010822,25782.854904,0.5870036239809353
11/14/2025,16,2381.6666666666665,0.1100699780091121,25287.7855099999,0.575732276045179
11/14/2025,17,346.9166666666667,0.0160329362649382,25216.5447629999,0.5741103231303518
11/14/2025,18,0.0,0.0,26300.485364,0.5987886244021174
11/14/2025,19,0.0,0.0,25720.5018849999,0.5855840198193522
11/14/2025,20,0.0,0.0,25720.206005,0.5855772834578107
11/14/2025,21,0.0,0.0,25299.5059369999,0.5759991174461495
11/14/2025,22,0.0,0.0,24413.186509,0.5558200985524763
11/14/2025,23,0.0,0.0,23333.467502,0.5312379111899834
11/14/2025,24,0.0,0.0,22464.712026,0.5114587744472108
11/15/2025,1,0.0,0.0,22197.353337,0.5053717635273517
11/15/2025,2,0.0,0.0,21773.875695,0.4957303599103171
11/15/2025,3,0.0,0.0,21802.260407,0.496376600556347
11/15/2025,4,0.0,0.0,21827.427786,0.4969495915123179
11/15/2025,5,0.0,0.0,21514.8798939999,0.48983374860218315
11/15/2025,6,0.0,0.0,21081.229324,0.4799607358160061
11/15/2025,7,79.58333333333333,0.0036779856192687,21314.34051,0.4852680267068712
11/15/2025,8,930.0833333333334,0.0429842905724178,21696.478657,0.4939682454369373
11/15/2025,9,1595.4166666666667,0.0737330206082733,22707.01948,0.5169754386857209
11/15/2025,10,2638.1666666666665,0.1219242604552999,23249.2412889999,0.5293203154679682
11/15/2025,11,2785.833333333333,0.1287487531436186,23422.266765,0.53325962249317
11/15/2025,12,2562.6666666666665,0.1184349882342973,23238.7958689999,0.5290825024167436
11/15/2025,13,2571.583333333333,0.1188470766754091,23186.457271,0.5278908986624496
11/15/2025,14,3031.75,0.1401139212718512,23241.2322169999,0.5291379712587552
11/15/2025,15,3172.4166666666665,0.1466149052774279,23270.5496519999,0.5298054474034608
11/15/2025,16,1337.5833333333333,0.0618171174606108,23561.119691,0.5364209159599269
11/15/2025,17,123.91666666666669,0.0057268739433012,24329.021668,0.5539039000995613
11/15/2025,18,0.0,0.0,24664.765933,0.5615478596618221
11/15/2025,19,0.0,0.0,24321.321135,0.5537285804619797
11/15/2025,20,0.0,0.0,23815.601237,0.5422147502848874
11/15/2025,21,0.0,0.0,23459.454014,0.5341062723312178
11/15/2025,22,0.0,0.0,22996.127412,0.5235576191477964
11/15/2025,23,0.0,0.0,22709.093919,0.5170226678702027
11/15/2025,24,0.0,0.0,21571.762934,0.4911288166133649
11/16/2025,1,0.0,0.0,20932.586278,0.4765765486495171
11/16/2025,2,0.0,0.0,19970.714952,0.4546774239688848
11/16/2025,3,0.0,0.0,19365.462292,0.4408975106828282
11/16/2025,4,0.0,0.0,18984.184448,0.4322168786502244
11/16/2025,5,0.0,0.0,18864.350651,0.42948859765200637
11/16/2025,6,0.0,0.0,19150.069566,0.43599361965866085
11/16/2025,7,214.58333333333331,0.0099170816435781,19537.968402,0.44482499319420604
11/16/2025,8,2917.25,0.1348222435327148,20467.681652,0.46599196826524153
11/16/2025,9,6811.333333333333,0.3147893534833027,22473.544447,0.5116598640144767
11/16/2025,10,7853.583333333333,0.3629574855672763,23277.017375,0.5299526993991804
11/16/2025,11,8818.416666666666,0.4075477656718774,25064.8345119999,0.5706563042692271
11/16/2025,12,9611.083333333334,0.4441812726985631,25336.388411,0.5768388284083394
11/16/2025,13,8921.916666666666,0.4123310726238479,25230.155195,0.5744201946685408
11/16/2025,14,7668.916666666667,0.3544230184130358,24584.228499,0.5597142471390758
11/16/2025,15,7719.916666666667,0.3567800102444416,24325.69126,0.5538280760074421
11/16/2025,16,5005.0,0.2313087081605065,22969.558256,0.522952713643104
11/16/2025,17,566.75,0.0261926494205728,23397.697414,0.5327002469651472
11/16/2025,18,0.0,0.0,24761.373698,0.5637473487552855
11/16/2025,19,0.0,0.0,24544.264219,0.5588043720582464
11/16/2025,20,0.0,0.0,24152.749755,0.5498906807674772
11/16/2025,21,0.0,0.0,23659.058866,0.5386507175419768
11/16/2025,22,0.0,0.0,23064.122598,0.5251056796998133
11/16/2025,23,0.0,0.0,21957.821956,0.49991830272063764
11/16/2025,24,0.0,0.0,21201.275797,0.482693858852982
11/17/2025,1,0.0,0.0,21989.867282,0.5006478853275169
11/17/2025,2,0.0,0.0,21849.515013,0.4974524560066093
11/17/2025,3,0.0,0.0,21041.268879,0.47905094804741993
11/17/2025,4,0.0,0.0,20640.929157,0.4699363302708966
11/17/2025,5,0.0,0.0,20560.976306,0.46811602707098504
11/17/2025,6,0.0,0.0,21133.529519,0.4811514652412082
11/17/2025,7,288.4166666666667,0.0133293279877374,22574.704734,0.5139630013238651
11/17/2025,8,3530.75,0.1631754687987429,24245.425944,0.5520006588518398
11/17/2025,9,6674.666666666667,0.30847323158215,26421.432256,0.6015422474658774
11/17/2025,10,8636.833333333334,0.3991557963897972,26884.527564,0.6120856347306598
11/17/2025,11,8561.25,0.3956626728749523,26479.873963,0.602872801973063
11/17/2025,12,8250.333333333334,0.38129349554983,26303.123085,0.5988486779451333
11/17/2025,13,9059.916666666666,0.4187088152264753,26684.324683,0.6075275740691854
11/17/2025,14,7954.583333333333,0.3676252537039818,25599.79262,0.5828358068589626
11/17/2025,15,5855.583333333333,0.2706188644074976,24859.38177,0.5659787189296746
11/17/2025,16,2603.5,0.1203221222169587,25311.7892599999,0.5762787744175119
11/17/2025,17,301.3333333333333,0.0139262785332732,25724.371078,0.58567211054171
11/17/2025,18,0.0,0.0,27020.841322,0.6151891184310644
11/17/2025,19,0.0,0.0,26773.827747,0.6095653089562265
11/17/2025,20,0.0,0.0,26064.9001,0.5934250056624777
11/17/2025,21,0.0,0.0,25426.226902,0.5788842000317044
11/17/2025,22,0.0,0.0,24727.682707,0.5629802989508265
11/17/2025,23,0.0,0.0,23660.98483,0.5386945663652304
11/17/2025,24,0.0,0.0,22532.530203,0.5130028049984824
11/18/2025,1,0.0,0.0,21427.209102,0.48783772943313314
11/18/2025,2,0.0,0.0,20537.061652,0.4675715571658283
11/18/2025,3,0.0,0.0,20620.89527,0.4694802145957625
11/18/2025,4,0.0,0.0,20361.243124,0.4635686601444057
11/18/2025,5,0.0,0.0,20112.119569,0.4578968123157416
11/18/2025,6,0.0,0.0,21284.045444,0.4845782926337068
11/18/2025,7,75.91666666666667,0.0035085286902134,23415.647592,0.5331089224037803
11/18/2025,8,2717.333333333333,0.1255829896053579,24117.205568,0.5490814388639663
11/18/2025,9,6678.75,0.3086619449804161,24140.034095,0.5496011806896501
11/18/2025,10,10526.166666666666,0.4864723303793909,25707.474149,0.5852874146422807
11/18/2025,11,11283.666666666666,0.5214805914046824,26166.7637689999,0.5957441570162582
11/18/2025,12,11462.25,0.5297339141084447,25785.278634,0.5870588055463146
11/18/2025,13,11638.833333333334,0.5378948057599952,24736.843024,0.563188853794572
11/18/2025,14,11532.5,0.5329805548173909,24737.5119839999,0.5632040841461253
11/18/2025,15,11421.583333333334,0.5278544827134676,24016.6038286,0.5467910181240418
11/18/2025,16,7464.583333333333,0.3449796459120441,23740.076835,0.5404952705050855
11/18/2025,17,1062.5,0.04910399648762,25027.041503,0.5697958629671802
11/18/2025,18,0.0,0.0,26634.079526,0.6063836321218601
11/18/2025,19,0.0,0.0,26585.661857,0.6052812969741995
11/18/2025,20,0.0,0.0,26212.0745399999,0.5967757567704903
11/18/2025,21,0.0,0.0,25762.237987,0.5865342343404406
11/18/2025,22,0.0,0.0,25065.925691,0.5706811473686377
11/18/2025,23,0.0,0.0,23785.798022,0.5415362142858127
11/18/2025,24,0.0,0.0,22339.323512,0.5086040280509082
11/19/2025,1,0.0,0.0,22047.732206,0.5019653080960914
11/19/2025,2,0.0,0.0,21255.504394,0.4839284926078911
11/19/2025,3,0.0,0.0,20811.850331,0.4738277282144778
11/19/2025,4,0.0,0.0,20436.050014,0.4652718041791623
11/19/2025,5,0.0,0.0,20519.839593,0.4671794589640173
11/19/2025,6,0.0,0.0,21935.852816,0.4994181267376535
11/19/2025,7,161.5,0.0074638074661182,23897.990902,0.5440905329363297
11/19/2025,8,4579.333333333333,0.2116362992147211,24934.962204,0.5676994744016828
11/19/2025,9,12144.833333333334,0.5612798619696288,25913.439711,0.5899766754615127
11/19/2025,10,13667.583333333334,0.631654554347533,25684.6491011,0.5847677520259907
11/19/2025,11,13899.166666666666,0.6423572999349131,26436.95326,0.6018956173944499
11/19/2025,12,14041.5,0.6489353098173332,26448.661556,0.6021621826064185
11/19/2025,13,13542.416666666666,0.6258699109965993,26140.015477,0.5951351730849711
11/19/2025,14,11501.333333333334,0.5315401709204207,25740.743109,0.5860448559791223
11/19/2025,15,11131.75,0.5144596827304133,25018.9581574,0.5696118277554568
11/19/2025,16,7575.666666666667,0.3501134206036518,24419.343208,0.5559602694000498
11/19/2025,17,1099.0833333333333,0.050794714484331,25711.150157,0.5853711070815323
11/19/2025,18,3.4166666666666665,0.0001579030475288,26931.375103,0.6131522224018072
11/19/2025,19,13.916666666666666,0.0006431660716417,26751.013981,0.609045903197302
11/19/2025,20,13.25,0.0006123557209044,26274.186808,0.598189879703947
11/19/2025,21,11.166666666666666,0.0005160733748502,25757.029303,0.5864156471476896
11/19/2025,22,11.0,0.0005083707871659,25270.654538,0.5753422516400578
11/19/2025,23,11.0,0.0005083707871659,23941.551011,0.5450822750044292
11/19/2025,24,12.916666666666666,0.0005969505455357,22589.647658,0.5143032099847575
11/20/2025,1,13.0,0.0006008018393779,22138.103825,0.5040228175555963
11/20/2025,2,6.333333333333333,0.0002926983320046,21150.448414,0.48153666124513145
11/20/2025,3,0.0,0.0,20979.82563,0.47765205680878653
11/20/2025,4,0.0,0.0,20686.060725,0.4709638500731289
11/20/2025,5,0.0,0.0,20739.0498749999,0.4721702650802112
11/20/2025,6,0.0,0.0,21971.91589,0.5002391822494933
11/20/2025,7,328.75,0.0151933542073459,23740.189984,0.5404978465919191
11/20/2025,8,5376.666666666667,0.2484854786965681,25798.242234,0.5873539505257273
11/20/2025,9,10942.166666666666,0.505697989239485,29034.522361,0.6610350137687181
11/20/2025,10,12215.166666666666,0.564530353972417,29388.694416,0.6690985226614249
11/20/2025,11,11582.333333333334,0.5352836285350063,29333.836852,0.6678495690839152
11/20/2025,12,10371.666666666666,0.4793320315960147,29637.4709239999,0.6747624691988042
11/20/2025,13,9272.416666666666,0.4285296145239993,29084.664618,0.6621766129703262
11/20/2025,14,8861.833333333334,0.4095542897636461,28513.758518,0.6491786749646
11/20/2025,15,6807.0,0.31458908620351,27050.098903,0.6158552318672941
11/20/2025,16,2638.5,0.1219396656306686,25961.002484,0.5910595470140052
11/20/2025,17,302.5833333333333,0.0139840479409057,26281.459153,0.5983554506962105
11/20/2025,18,0.0,0.0,27619.5419639999,0.6288198605595915
11/20/2025,19,0.0,0.0,27169.77303,0.6185798776253888
11/20/2025,20,0.0,0.0,26757.167453,0.6091860005750949
11/20/2025,21,0.0,0.0,26355.420222,0.6000393377482129
11/20/2025,22,0.0,0.0,25578.4866679999,0.5823507298152066
11/20/2025,23,0.0,0.0,24316.313197,0.5536145636951936
11/20/2025,24,0.0,0.0,23169.681524,0.5275089617388369
11/21/2025,1,0.0,0.0,22500.37659,0.5122707569989355
11/21/2025,2,0.0,0.0,21743.500034,0.4950387909140129
11/21/2025,3,0.0,0.0,21755.769185,0.4953181252285016
11/21/2025,4,0.0,0.0,21774.563051,0.49574600908743377
11/21/2025,5,0.0,0.0,21366.667804,0.48645937310064663
11/21/2025,6,0.0,0.0,22073.089605,0.5025426252769526
11/21/2025,7,0.0,0.0,23883.886082,0.5437694055636463
11/21/2025,8,361.4166666666667,0.0167030613934751,24771.832929,0.5639854762444219
11/21/2025,9,1749.3333333333333,0.0808463603347544,24870.220947,0.5662254967284739
11/21/2025,10,2952.25,0.1364397869464246,23766.18723,0.5410897313026055
11/21/2025,11,3965.0833333333335,0.1832484123041135,24004.399913,0.5465131690374829
11/21/2025,12,4925.083333333333,0.227615317365869,23330.657153,0.5311739273893611
11/21/2025,13,5571.0,0.2574666959364998,23456.623504,0.5340418295209122
11/21/2025,14,5567.166666666667,0.2572895364197602,24078.9868299999,0.5482113049011615
11/21/2025,15,4876.583333333333,0.2253738643497282,23407.255992,0.5329178690999727
11/21/2025,16,2737.333333333333,0.1265073001274778,23517.363648,0.535424713021668
11/21/2025,17,432.4166666666667,0.0199843637470008,25379.988507,0.5778314808687908
11/21/2025,18,0.0,0.0,26515.919006,0.6036934469693729
11/21/2025,19,0.0,0.0,26272.09956,0.5981423588942962
11/21/2025,20,0.0,0.0,25824.7005939999,0.5879563335148245
11/21/2025,21,0.0,0.0,25298.449757,0.575975071176261
11/21/2025,22,0.0,0.0,24945.69878,0.5679439162621599
11/21/2025,23,0.0,0.0,24117.169936,0.549080627622806
11/21/2025,24,0.0,0.0,23031.926716,0.5243726693531456
11/22/2025,1,0.0,0.0,22196.413644,0.5053503693412352
11/22/2025,2,0.0,0.0,21297.656211,0.4848881717989082
11/22/2025,3,0.0,0.0,20553.13344,0.46793746690836774
11/22/2025,4,0.0,0.0,20034.299268,0.4561250613255438
11/22/2025,5,0.0,0.0,20121.762834,0.4581163625371227
11/22/2025,6,0.0,0.0,20505.904324,0.4668621917942408
11/22/2025,7,4.416666666666667,0.0002041185736348,21394.558322,0.4870943623290181
11/22/2025,8,917.6666666666666,0.042410447789935,21827.738777,0.4969566719091438
11/22/2025,9,3561.75,0.1646081501080288,21941.571497,0.4995483251382531
11/22/2025,10,6165.25,0.2849302723249876,21504.5965679999,0.48959962597879436
11/22/2025,11,6790.5,0.3138265300227612,22669.171684,0.5161137500366395
11/22/2025,12,6987.75,0.3229425425471687,22946.678565,0.5224318069559829
11/22/2025,13,8087.916666666667,0.3737873238514479,23566.060965,0.5365334149735499
11/22/2025,14,8120.166666666667,0.3752777745683662,23575.831325,0.536755858793249
11/22/2025,15,7373.333333333333,0.340762479154872,22901.0691569999,0.521393408071012
11/22/2025,16,4938.083333333333,0.2282161192052469,22475.927834,0.5117141270823781
11/22/2025,17,602.0,0.0278217467158091,23630.950848,0.5380107764458354
11/22/2025,18,0.0,0.0,24815.140686,0.5649714729620134
11/22/2025,19,0.0,0.0,24550.116177,0.558937604804045
11/22/2025,20,0.0,0.0,24286.389436,0.5529332832002468
11/22/2025,21,0.0,0.0,23749.876934,0.5407183913987876
11/22/2025,22,0.0,0.0,23625.511454,0.537886936630495
11/22/2025,23,0.0,0.0,22782.645594,0.518697234163797
11/22/2025,24,0.0,0.0,21857.998449,0.49764560015974335
11/23/2025,1,0.0,0.0,21386.4068859999,0.4869087768889835
11/23/2025,2,0.0,0.0,20379.368504,0.46398132444343876
11/23/2025,3,0.0,0.0,19618.223456,0.44665217671271845
11/23/2025,4,0.0,0.0,19285.924349,0.43908665377971057
11/23/2025,5,0.0,0.0,19182.315056,0.43672775944098985
11/23/2025,6,0.0,0.0,19659.46507,0.447591133122587
11/23/2025,7,124.5,0.0057538330001964,20194.838469,0.459780090728955
11/23/2025,8,4693.25,0.2169010178969624,20523.342358,0.4672592071438294
11/23/2025,9,12237.833333333334,0.5655779058974862,21197.70965439,0.4826126677419318
11/23/2025,10,14217.75,0.6570807962935148,21946.6526466,0.49966400872877453
11/23/2025,11,14159.666666666666,0.6543964444855249,21849.1602691,0.49744437947840253
11/23/2025,12,14511.916666666666,0.6706758635563618,22448.9881312999,0.5111007852638398
11/23/2025,13,14789.75,0.6835160772261442,21943.90564746,0.49960146722760035
11/23/2025,14,15559.75,0.7191020323277605,23214.4682826,0.5285286311936915
11/23/2025,15,14703.25,0.6795184342179755,22885.1014379999,0.5210298676890562
11/23/2025,16,8947.0,0.41349031207034,21453.187984,0.4884291960468093
11/23/2025,17,1042.6666666666667,0.0481873885531844,23062.865862,0.5250770673297273
11/23/2025,18,0.0,0.0,24878.473745,0.5664133898982574
11/23/2025,19,0.0,0.0,24765.260865,0.5638358486954401
11/23/2025,20,0.0,0.0,24255.627962,0.5522329303190693
11/23/2025,21,0.0,0.0,23677.602025,0.5390728935024585
11/23/2025,22,0.0,0.0,23337.4325059999,0.5313281832613156
11/23/2025,23,0.0,0.0,22663.80185,0.5159914939082971
11/23/2025,24,0.0,0.0,21611.140688,0.4920253381346742
11/24/2025,1,0.0,0.0,21160.139101,0.4817572911330568
11/24/2025,2,0.0,0.0,20599.819811,0.469000385234114
11/24/2025,3,0.0,0.0,20973.771518,0.4775142215807942
11/24/2025,4,0.0,0.0,20259.937183,0.4612622067000831
11/24/2025,5,0.0,0.0,20873.113867,0.47522252788983516
11/24/2025,6,0.0,0.0,21848.551041,0.4974305090554465
11/24/2025,7,189.66666666666663,0.0087655447847704,23204.900539,0.5283108003837431
11/24/2025,8,4916.416666666667,0.2272147828062838,24544.5623419999,0.5588111594866357
11/24/2025,9,11462.166666666666,0.5297300628146026,26678.088432,0.6073855920446701
11/24/2025,10,12912.5,0.5967579808436644,26211.271672,0.5967574777076295
11/24/2025,11,13197.166666666666,0.6099140006085044,26207.049306,0.5966613462220745
11/24/2025,12,13251.583333333334,0.6124288954874391,26032.18327,0.5926801347842653
11/24/2025,13,13165.083333333334,0.6084312524792704,26083.409525,0.5938464135939601
11/24/2025,14,13056.25,0.6034014627214013,27119.040773,0.6174248457709796
11/24/2025,15,12380.5,0.5721713209552749,26744.974679,0.6089084051516621
11/24/2025,16,7483.166666666667,0.3458384844388472,24783.7873469999,0.5642576449671894
11/24/2025,17,776.25,0.0358748021397788,25633.35618,0.5835999554153215
11/24/2025,18,0.0,0.0,26862.813241,0.6115912602193517
11/24/2025,19,0.0,0.0,26423.631685,0.6015923223237043
11/24/2025,20,0.0,0.0,25985.028885,0.5916065610863697
11/24/2025,21,0.0,0.0,25346.688651,0.5770733361162868
11/24/2025,22,0.0,0.0,25123.080223,0.571982396494689
11/24/2025,23,0.0,0.0,24065.262069,0.5478988304108381
11/24/2025,24,0.0,0.0,22730.525915,0.5175106145839389
11/25/2025,1,0.0,0.0,22110.022639,0.5033834873491836
11/25/2025,2,0.0,0.0,21350.636427,0.48609438340375527
11/25/2025,3,0.0,0.0,21325.2860999999,0.4855172272325877
11/25/2025,4,0.0,0.0,20948.521558,0.4769393504860081
11/25/2025,5,0.0,0.0,20968.48483,0.47739385845473964
11/25/2025,6,0.0,0.0,22239.075054,0.5063216505421487
11/25/2025,7,204.16666666666663,0.0094356699133073,23791.616404,0.5416686825998308
11/25/2025,8,4820.5,0.2227819435939504,24759.204544,0.563697963174685
11/25/2025,9,11194.166666666666,0.5173443018181958,26289.094788,0.5985292927875182
11/25/2025,10,13029.833333333334,0.6021806025734345,27079.567825,0.6165261569480588
11/25/2025,11,13257.333333333334,0.6126946347625485,27181.1784989999,0.6188395483120165
11/25/2025,12,13218.166666666666,0.6108845266567303,27006.086173,0.61485318488268
11/25/2025,13,13312.333333333334,0.6152364886983782,26808.804689,0.6103616362747573
11/25/2025,14,13418.666666666666,0.6201507396409823,27479.968815,0.6256421696258904
11/25/2025,15,12743.166666666666,0.5889321517563826,27224.997021,0.6198371737226748
11/25/2025,16,7513.5,0.3472403553973957,25438.315144,0.5791594155533362
11/25/2025,17,839.5833333333334,0.0388017854598252,26148.071138,0.595318577995644
11/25/2025,18,0.0,0.0,27190.02439,0.6190409445535783
11/25/2025,19,0.0,0.0,26930.000842,0.6131209343155849
11/25/2025,20,0.0,0.0,26406.63232,0.6012052942425422
11/25/2025,21,0.0,0.0,25862.956097,0.5888273045140364
11/25/2025,22,0.0,0.0,25465.120526,0.579769699264538
11/25/2025,23,0.0,0.0,24387.172616,0.5552278348360761
11/25/2025,24,0.0,0.0,23545.460021,0.5360643889936707
11/26/2025,1,0.0,0.0,22869.125043,0.520666129778805
11/26/2025,2,0.0,0.0,22071.782842,0.502512873931745
11/26/2025,3,0.0,0.0,21594.21136,0.49163990460046847
11/26/2025,4,0.0,0.0,21119.748152,0.48083770199029857
11/26/2025,5,0.0,0.0,21529.496385,0.4901665252950238
11/26/2025,6,0.0,0.0,22723.179282,0.5173433522613174
11/26/2025,7,189.75,0.0087693960786126,23861.907559,0.5432690159559481
11/26/2025,8,4971.666666666667,0.22976819062364,24815.021093,0.5649687501632906
11/26/2025,9,11631.5,0.5375558919018845,27256.7918069999,0.620561052233225
11/26/2025,10,13483.916666666666,0.6231663027193985,28037.101432,0.6383265238773757
11/26/2025,11,13839.833333333334,0.6396151787192907,28069.67265,0.639068079576877
11/26/2025,12,14130.25,0.6530369377592402,27910.64019,0.6354473544594221
11/26/2025,13,14742.416666666666,0.6813285423237937,28116.320556,0.6401301221619621
11/26/2025,14,15339.25,0.7089115088213885,27839.3381739999,0.6338240066205173
11/26/2025,15,14745.833333333334,0.6814864453713225,26849.549847,0.6112892897675427
11/26/2025,16,8634.5,0.3990479601622165,25217.6130869999,0.5741346458852182
11/26/2025,17,906.3333333333334,0.0418866718274004,26263.51023,0.5979468038304238
11/26/2025,18,0.0,0.0,27164.345106,0.6184562989499257
11/26/2025,19,0.0,0.0,26719.3533399999,0.6083250787938828
11/26/2025,20,0.0,0.0,26093.790487,0.5940827591164826
11/26/2025,21,0.0,0.0,25553.38133,0.5817791513595981
11/26/2025,22,0.0,0.0,25290.3075689999,0.5757896962873672
11/26/2025,23,0.0,0.0,24536.498989,0.5586275794506
11/26/2025,24,0.0,0.0,23002.032093,0.5236920522491095
11/27/2025,1,0.0,0.0,22478.879549,0.511781329392146
11/27/2025,2,0.0,0.0,21383.6253359999,0.48684544876118835
11/27/2025,3,0.0,0.0,20505.979202,0.4668638965572517
11/27/2025,4,0.0,0.0,20179.758934,0.4594367718169918
11/27/2025,5,0.0,0.0,20118.74987,0.45804776575862355
11/27/2025,6,0.0,0.0,20568.756365,0.46829315729356086
11/27/2025,7,76.25,0.0035239338655821,21305.3164689999,0.4850625744871796
11/27/2025,8,2912.083333333333,0.1345834633145005,22150.374567,0.5043021880927131
11/27/2025,9,7856.916666666667,0.363111537320963,24833.192512,0.5653824626418192
11/27/2025,10,10144.583333333334,0.4688372558761116,25672.292606,0.5844864291301978
11/27/2025,11,11982.5,0.5537775415650887,26978.433424,0.6142236089906202
11/27/2025,12,12728.333333333334,0.588246621452477,26939.092308,0.6133279216142827
11/27/2025,13,13175.666666666666,0.6089203667972255,25921.902019,0.5901693385890733
11/27/2025,14,12100.916666666666,0.559250230114807,25351.258272,0.5771773736287037
11/27/2025,15,10461.666666666666,0.4834914289455542,24491.790593,0.5576096940933698
11/27/2025,16,5985.25,0.2766114776259084,23426.192868,0.5333490088973406
11/27/2025,17,802.5,0.0370879597000612,23930.150815,0.5448227243692878
11/27/2025,18,17.25,0.0007972178253284,23974.785723,0.5458389366099264
11/27/2025,19,0.0,0.0,23167.860354,0.527467498782393
11/27/2025,20,0.0,0.0,22593.3265709999,0.5143869685627463
11/27/2025,21,0.0,0.0,22435.801135,0.5108005541743703
11/27/2025,22,0.0,0.0,22526.269834,0.5128602738744412
11/27/2025,23,0.0,0.0,21951.4148189999,0.4997724300989902
11/27/2025,24,0.0,0.0,21123.683125,0.4809272903396054
11/28/2025,1,0.0,0.0,20913.218061,0.4761355884218239
11/28/2025,2,0.0,0.0,20245.484367,0.46093315643003674
11/28/2025,3,0.0,0.0,19724.37697,0.44906899586049426
11/28/2025,4,0.0,0.0,19439.902582,0.4425923082590815
11/28/2025,5,0.0,0.0,19633.5336289999,0.44700074660802985
11/28/2025,6,0.0,0.0,20478.231944,0.466232168959118
11/28/2025,7,161.83333333333334,0.0074792126414869,21692.883533,0.49388639450054883
11/28/2025,8,4856.75,0.2244572564152927,22528.582577,0.512912928575691
11/28/2025,9,11637.75,0.5378447389400469,24867.763014,0.5661695364562745
11/28/2025,10,13256.833333333334,0.6126715269994956,25871.290465,0.5890170548049878
11/28/2025,11,13265.083333333334,0.6130528050898699,26449.891177,0.6021901776436559
11/28/2025,12,13135.666666666666,0.6070717457529857,26249.8049609999,0.5976347731185166
11/28/2025,13,13262.583333333334,0.612937266274605,26306.782636,0.5989319957044406
11/28/2025,14,13102.75,0.60555048468533,26599.202232,0.6055895735100857
11/28/2025,15,11107.083333333334,0.5133196997531321,25201.651779,0.5737712514638361
11/28/2025,16,7071.166666666667,0.3267976876831772,23913.207934,0.5444369822711101
11/28/2025,17,858.8333333333334,0.0396914343373656,24860.266517,0.5659988621487727
11/28/2025,18,47.66666666666666,0.0022029400777191,26129.9768469999,0.5949066215063424
11/28/2025,19,0.0,0.0,25578.691695,0.5823553977075917
11/28/2025,20,0.0,0.0,25235.606428,0.5745443040248582
11/28/2025,21,0.0,0.0,24692.759886,0.5621852038163673
11/28/2025,22,0.0,0.0,24357.79588,0.5545590085731608
11/28/2025,23,0.0,0.0,23461.259331,0.5341473743591112
11/28/2025,24,0.0,0.0,22319.4169039999,0.5081508101632564
11/29/2025,1,0.0,0.0,21711.3507509999,0.494306841496475
11/29/2025,2,0.0,0.0,20629.646251,0.4696794500015976
11/29/2025,3,0.0,0.0,19851.647187,0.4519665833806508
11/29/2025,4,0.0,0.0,19564.150861,0.4454210946878132
11/29/2025,5,0.0,0.0,19615.099317,0.44658104878985466
11/29/2025,6,0.0,0.0,20180.950069,0.45946389063545673
11/29/2025,7,139.75,0.0064586197733128,20969.642402,0.4774202131373979
11/29/2025,8,4018.1666666666665,0.1857016864815734,21872.2357229999,0.49796974314021114
11/29/2025,9,9814.916666666666,0.4536015374365018,23958.708862,0.5454729113693402
11/29/2025,10,12144.25,0.5612529029127336,25409.517116,0.5785037648559077
11/29/2025,11,12671.416666666666,0.5856161877582774,26124.7746989999,0.5947881831200639
11/29/2025,12,13020.583333333334,0.6017531089569541,25564.625796,0.5820351564574162
11/29/2025,13,12865.833333333334,0.5946012562920513,25561.4256189999,0.5819622973615778
11/29/2025,14,12431.333333333334,0.5745206101989964,25891.904701,0.5894863834065974
11/29/2025,15,11936.0,0.55162851960116,25310.531653,0.5762501422171898
11/29/2025,16,6886.166666666667,0.318247815353568,22943.399974,0.5223571625922879
11/29/2025,17,701.9166666666666,0.0324394480325665,24235.139387,0.5517664626676014
11/29/2025,18,0.0,0.0,25403.267856,0.5783614866527816
11/29/2025,19,0.0,0.0,25258.5389269999,0.5750664130027043
11/29/2025,20,0.0,0.0,24812.278384,0.5649063063366268
11/29/2025,21,0.0,0.0,24317.916738,0.5536510718468978
11/29/2025,22,0.0,0.0,24078.268765,0.5481949565658526
11/29/2025,23,0.0,0.0,23204.309515,0.5282973444173209
11/29/2025,24,0.0,0.0,22036.44072,0.5017082324841465
11/30/2025,1,0.0,0.0,21574.355382,0.49118783941656685
11/30/2025,2,0.0,0.0,20718.129294,0.47169396185822693
11/30/2025,3,0.0,0.0,20144.462983,0.4586331815541602
11/30/2025,4,0.0,0.0,19726.027833,0.44910658140202186
11/30/2025,5,0.0,0.0,19946.548603,0.4541272236712759
11/30/2025,6,0.0,0.0,20011.590204,0.45560803933884575
11/30/2025,7,121.33333333333331,0.005607483834194,20959.447799,0.4771881104890167
11/30/2025,8,4037.4166666666665,0.1865913353591138,21864.328228,0.49778971155570134
11/30/2025,9,9742.416666666666,0.4502509117938171,23574.2236,0.5367192553835461
11/30/2025,10,11082.333333333334,0.5121758654820087,24239.636675,0.5518688533595523
11/30/2025,11,11948.583333333334,0.5522100649713272,25664.716103,0.5843139333094416
11/30/2025,12,12472.166666666666,0.5764077441816579,26707.4656709999,0.6080544297594889
11/30/2025,13,11290.0,0.521773289736687,26017.659342,0.5923494654925137
11/30/2025,14,9208.333333333334,0.4255679695593735,24567.182382,0.5593261546453989
11/30/2025,15,6842.25,0.3162181834987464,23668.661766,0.5388693487650015
11/30/2025,16,3114.333333333333,0.143930553469438,23326.015163,0.5310682422368584
11/30/2025,17,372.75,0.0172268373560097,24752.464542,0.5635445121463032
11/30/2025,18,63.333333333333336,0.0029269833200463,26561.193352,0.6047242174280486
11/30/2025,19,45.0,0.0020796986747697,26239.969556,0.5974108484057663
11/30/2025,20,0.0,0.0,25987.116069,0.5916540804389191
11/30/2025,21,0.0,0.0,25348.237834,0.5771086066880909
11/30/2025,22,0.0,0.0,24809.212954,0.5648365150537855
11/30/2025,23,0.0,0.0,23674.72223,0.5390073286102999
11/30/2025,24,0.0,0.0,22495.71438,0.5121646114934844
12/01/2025,1,0.0,0.0,22129.847118,0.5038348353887961
12/01/2025,2,0.0,0.0,22231.215175,0.5061427030410194
12/01/2025,3,0.0,0.0,21492.018423,0.48931325673359677
12/01/2025,4,0.0,0.0,21303.491836,0.4850210326878962
12/01/2025,5,0.0,0.0,21569.191828,0.49107027970791906
12/01/2025,6,0.0,0.0,22575.806545,0.5139880864842304
12/01/2025,7,102.75,0.004748645307391,24656.679576,0.5613637558889282
12/01/2025,8,4236.833333333333,0.1958074815234178,25850.728444,0.5885489149931511
12/01/2025,9,10913.583333333334,0.504376995451622,27987.682753,0.6372013985266974
12/01/2025,10,13307.5,0.6150131136555326,28597.770335,0.6510913894882572
12/01/2025,11,13507.0,0.6242331111136786,28914.0792029999,0.6582928593217798
12/01/2025,12,13713.25,0.6337650633730402,28302.104491,0.6443599036787296
12/01/2025,13,14195.0,0.6560293930746034,28049.117798,0.6386001029831553
12/01/2025,14,14607.25,0.6750817437118,28025.362566,0.6380592626718543
12/01/2025,15,14302.333333333334,0.6609898595433136,26891.83272,0.6122519527377894
12/01/2025,16,8456.5,0.3908215965153493,24953.15929,0.5681137712461426
12/01/2025,17,912.5833333333334,0.0421755188655628,26457.2534329999,0.6023577956583679
12/01/2025,18,0.0,0.0,27906.454185,0.6353520508123222
12/01/2025,19,0.0,0.0,27775.194473,0.6323636336291366
12/01/2025,20,0.0,0.0,27359.14045,0.6228912450910093
12/01/2025,21,0.0,0.0,26762.8548759999,0.6093154873183001
12/01/2025,22,0.0,0.0,26195.144029,0.5963902963026796
12/01/2025,23,0.0,0.0,24781.153952,0.5641976899151182
12/01/2025,24,0.0,0.0,23203.514517,0.5282792445323858
12/02/2025,1,0.0,0.0,22651.380809,0.5157087014825644
12/02/2025,2,0.0,0.0,21911.338776,0.49886001048668005
12/02/2025,3,0.0,0.0,21897.955175,0.4985553032570824
12/02/2025,4,0.0,0.0,21742.265878,0.49501069262748665
12/02/2025,5,0.0,0.0,21594.606582,0.491648902702003
12/02/2025,6,0.0,0.0,23048.177545,0.5247426553593971
12/02/2025,7,108.66666666666669,0.0050220871701848,25372.108108,0.5776520661845506
12/02/2025,8,4340.75,0.2006100449445991,26514.4020479999,0.6036589100708486
12/02/2025,9,11094.583333333334,0.5127420056768072,28394.047321,0.6464531852260997
12/02/2025,10,12706.25,0.587226028584303,28384.487421,0.6462355329930252
12/02/2025,11,12180.0,0.5629051079710229,26964.230929,0.6139002578308821
12/02/2025,12,11965.666666666666,0.5529995802089712,26907.2943119999,0.6126039700209899
12/02/2025,13,11698.25,0.5406407782694597,26943.652561,0.6134317458434938
12/02/2025,14,11640.5,0.5379718316368384,27044.49165,0.6157275703711629
12/02/2025,15,11995.916666666666,0.5543975998736775,27252.277747,0.6204582796896617
12/02/2025,16,7218.916666666667,0.333626031665338,25602.619865,0.5829001753343336
12/02/2025,17,674.0,0.0311492645954408,26666.288949,0.6071169507592931
12/02/2025,18,0.0,0.0,27594.271235,0.6282445166126619
12/02/2025,19,0.0,0.0,27415.709847,0.6241791723267269
12/02/2025,20,0.0,0.0,27147.0159309999,0.6180617620158455
12/02/2025,21,0.0,0.0,26549.5342709999,0.6044587727042261
12/02/2025,22,0.0,0.0,26167.240894,0.5957550198204431
12/02/2025,23,0.0,0.0,24880.60776,0.5664619754619311
12/02/2025,24,0.0,0.0,23550.421747,0.5361773536422345
12/03/2025,1,0.0,0.0,22986.3574129999,0.5233351835470569
12/03/2025,2,0.0,0.0,22884.4259529999,0.5210144887814674
12/03/2025,3,0.0,0.0,22276.797257,0.5071804797892585
12/03/2025,4,0.0,0.0,21825.550479,0.49690685047311073
12/03/2025,5,0.0,0.0,21910.987974,0.49885202370453097
12/03/2025,6,0.0,0.0,23040.560858,0.5245692446611493
12/03/2025,7,79.41666666666667,0.0036702830315844,25377.625929,0.5777776915637236
12/03/2025,8,3832.25,0.1771094499197005,26500.060939,0.6033324030573238
12/03/2025,9,10476.0,0.4841538514864069,27571.397454,0.627723744479741
12/03/2025,10,12468.916666666666,0.5762575437218134,28402.216575,0.6466391763322467
12/03/2025,11,12738.333333333334,0.5887087767135369,28875.8428739999,0.657422324861019
12/03/2025,12,13050.916666666666,0.6031549799155026,28353.370134,0.6455270792432186
12/03/2025,13,13346.25,0.6168039652921399,27713.246239,0.6309532452919018
12/03/2025,14,13584.666666666666,0.6278225169745776,27990.1013709999,0.6372564637061064
12/03/2025,15,12560.583333333334,0.5804939669481963,27419.00764,0.6242542538663526
12/03/2025,16,7131.083333333333,0.3295667679556947,25368.5629336,0.5775713524611016
12/03/2025,17,575.25,0.0265854813924738,26535.541113,0.6041401875635402
12/03/2025,18,0.0,0.0,27964.701391,0.6366781770747578
12/03/2025,19,0.0,0.0,27749.2147769999,0.6317721484829507
12/03/2025,20,0.0,0.0,27442.685147,0.6247933245964011
12/03/2025,21,0.0,0.0,27165.828187,0.6184900645637377
12/03/2025,22,0.0,0.0,26542.1858709999,0.6042914701519478
12/03/2025,23,0.0,0.0,25362.251595,0.5774276609015686
12/03/2025,24,0.0,0.0,23764.282607,0.541046368354341
12/04/2025,1,0.0,0.0,23174.673057,0.5276226050095736
12/04/2025,2,0.0,0.0,22527.591219,0.5128903581217662
12/04/2025,3,0.0,0.0,22310.800046,0.5079546283636805
12/04/2025,4,0.0,0.0,22256.859357,0.506726549470132
12/04/2025,5,0.0,0.0,21953.062647,0.4998099465420434
12/04/2025,6,0.0,0.0,23642.841618,0.5382814960813417
12/04/2025,7,75.33333333333333,0.0034815696333183,25632.727121,0.5835856334981376
12/04/2025,8,3640.0833333333335,0.1682283663196651,26619.623935,0.606054518672811
12/04/2025,9,9677.25,0.4472392000092431,27688.8825,0.6303985509750786
12/04/2025,10,12322.0,0.5694677126780742,28746.731495,0.6544828192223956
12/04/2025,11,12961.75,0.5990340955043847,28610.827267,0.6513886593767396
12/04/2025,12,13200.083333333334,0.6100487958929802,28635.723462,0.6519554762301389
12/04/2025,13,13383.666666666666,0.6185331962272725,28311.75769,0.6445796800695563
12/04/2025,14,12599.166666666666,0.5822771159971192,27219.584495,0.6197139456166826
12/04/2025,15,11108.333333333334,0.5133774691607645,25831.809698,0.5881181879652667
12/04/2025,16,7024.0,0.324617855368511,24514.949888,0.5581369665829549
12/04/2025,17,673.0833333333334,0.031106900363177,26539.087384,0.6042209262535094
12/04/2025,18,17.5,0.0008087717068549,27960.863777,0.6365908053180681
12/04/2025,19,1.5833333333333333,7.317458300115923e-05,27848.675275,0.6340365863423885
12/04/2025,20,0.0,0.0,28014.4453059999,0.6378107071411397
12/04/2025,21,0.0,0.0,27243.7856259999,0.6202649378033227
12/04/2025,22,0.0,0.0,26793.0603869999,0.6100031824741398
12/04/2025,23,0.0,0.0,25472.233527,0.579931642438788
12/04/2025,24,0.0,0.0,23730.696966,0.5402817170752591
12/05/2025,1,0.0,0.0,23136.09548,0.5267443012845703
12/05/2025,2,0.0,0.0,22245.527044,0.5064685443413804
12/05/2025,3,0.0,0.0,21894.2434819999,0.4984707983700063
12/05/2025,4,0.0,0.0,21528.00363,0.49013253943124035
12/05/2025,5,0.0,0.0,21848.542035,0.49743030401397
12/05/2025,6,0.0,0.0,23071.2249119999,0.5252673795609075
12/05/2025,7,63.833333333333336,0.0029500910830993,25246.97669,0.5748031731463913
12/05/2025,8,3956.0,0.1828286212753174,26477.176694,0.602811392688337
12/05/2025,9,10775.5,0.4979954015551524,27876.440658,0.6346687265961696
12/05/2025,10,12756.0,0.5895252510080762,28775.091323,0.6551284933292182
12/05/2025,11,12695.916666666666,0.5867484681478743,28333.845274,0.6450825526917411
12/05/2025,12,12503.916666666666,0.5778750871355232,28221.315753,0.6425205696655095
12/05/2025,13,13057.25,0.6034476782475072,28154.0778559999,0.6409897504697737
12/05/2025,14,13463.916666666666,0.6222419921972786,28306.352321,0.6444566149084728
12/05/2025,15,12732.75,0.5884507400261118,27167.795976,0.6185348656254716
12/05/2025,16,7718.583333333333,0.3567183895429669,25038.718917,0.5700617250822271
12/05/2025,17,847.1666666666666,0.0391522531994623,26233.413885,0.5972615940796278
12/05/2025,18,18.916666666666668,0.0008742437021717,27653.71322,0.6295978446572691
12/05/2025,19,28.58333333333333,0.001320993787863,27295.6182229999,0.6214450213275341
12/05/2025,20,30.0,0.0013864657831798,26800.81138,0.6101796509450461
12/05/2025,21,29.166666666666668,0.0013479528447581,26562.743558,0.6047595112907067
12/05/2025,22,24.25,0.0011207265080703,26288.774616,0.5985220033649544
12/05/2025,23,17.0,0.0007856639438019,25221.751637,0.5742288691144584
12/05/2025,24,17.583333333333332,0.000812623000697,24051.69845,0.5475900246739659
12/06/2025,1,16.916666666666668,0.0007818126499597,23440.902988,0.5336839172611098
12/06/2025,2,16.0,0.0007394484176959,22550.791699,0.5134185682788185
12/06/2025,3,16.0,0.0007394484176959,21614.723753,0.4921069145212997
12/06/2025,4,16.0,0.0007394484176959,21208.481565,0.48285791407282924
12/06/2025,5,16.0,0.0007394484176959,21410.415149,0.48745537800972905
12/06/2025,6,16.75,0.0007741100622754,21776.531276,0.49579082007567044
12/06/2025,7,106.16666666666669,0.0049065483549198,22658.976998,0.51588164549858
12/06/2025,8,3726.9166666666665,0.1722414145032023,23493.8773359999,0.5348899952679772
12/06/2025,9,10295.666666666666,0.475819651611959,24851.870172,0.5658077008145626
12/06/2025,10,12228.833333333334,0.5651619661625323,26279.383527,0.5983081944870527
12/06/2025,11,12486.666666666666,0.5770778693101948,26801.098968,0.6101861985209
12/06/2025,12,12595.75,0.5821192129495905,26385.270096,0.6007189360424522
12/06/2025,13,12933.833333333334,0.5977439120672591,26652.356006,0.6067997365460428
12/06/2025,14,12923.583333333334,0.5972702029246726,27121.935508,0.6174907508052278
12/06/2025,15,12100.833333333334,0.559246378820965,26953.333881,0.6136521624709805
12/06/2025,16,6942.833333333333,0.3208666951662411,24354.0253959999,0.5544731651791509
12/06/2025,17,794.0833333333334,0.0366989790220024,24903.958649,0.5669936100119922
12/06/2025,18,0.0,0.0,26238.4197829999,0.597375564401307
12/06/2025,19,0.0,0.0,25799.972688,0.5873933481321177
12/06/2025,20,0.0,0.0,25520.347577,0.581027065029481
12/06/2025,21,0.0,0.0,25263.731656,0.5751846369446518
12/06/2025,22,0.0,0.0,25285.39823,0.5756779243445385
12/06/2025,23,0.0,0.0,24416.947244,0.5559057199889716
12/06/2025,24,0.0,0.0,23269.149007,0.5297735586272212
12/07/2025,1,0.0,0.0,22547.4233949999,0.5133418814005775
12/07/2025,2,0.0,0.0,21757.214922,0.4953510406236928
12/07/2025,3,0.0,0.0,21146.418392,0.4814449088954583
12/07/2025,4,0.0,0.0,20608.81592,0.46920520152014555
12/07/2025,5,0.0,0.0,20628.6151249999,0.46965597414133725
12/07/2025,6,0.0,0.0,21004.265999,0.47820849577676927
12/07/2025,7,58.5,0.0027036082772007,21659.56918,0.4931279196918283
12/07/2025,8,3628.4166666666665,0.1676891851817618,22461.51132,0.5113859033075215
12/07/2025,9,10204.166666666666,0.4715909309732604,24472.201606,0.557163707549136
12/07/2025,10,12237.166666666666,0.5655470955467489,25379.128541,0.5778119018438775
12/07/2025,11,12353.166666666666,0.5709080965750444,25112.7911289999,0.5717481425500412
12/07/2025,12,12245.5,0.5659322249309655,25039.843552,0.5700873298813509
12/07/2025,13,12504.666666666666,0.5779097487801026,25892.730323,0.5895051805145144
12/07/2025,14,12693.166666666666,0.5866213754510827,26159.979357,0.5955896948961652
12/07/2025,15,11985.833333333334,0.5539315933187755,25958.624452,0.5910054058645033
12/07/2025,16,6858.166666666667,0.3169537806226001,23954.245979,0.5453713039831853
12/07/2025,17,714.25,0.0330094395212071,24783.597343,0.5642533191065767
12/07/2025,18,0.0,0.0,26389.18903,0.6008081592285077
12/07/2025,19,0.0,0.0,26508.248879,0.603518819591522
12/07/2025,20,0.0,0.0,26253.030284,0.5977082047185709
12/07/2025,21,0.0,0.0,25905.39148,0.5897934397111961
12/07/2025,22,0.0,0.0,25465.895224,0.5797873369751478
12/07/2025,23,0.0,0.0,24087.16257,0.5483974436754228
12/07/2025,24,0.0,0.0,22842.344805,0.5200564185262845
12/08/2025,1,0.0,0.0,22332.427836,0.5084470327601668
12/08/2025,2,0.0,0.0,21877.377314,0.49808680281266887
12/08/2025,3,0.0,0.0,21578.844605,0.4912900464909839
12/08/2025,4,0.0,0.0,21640.029204,0.49268304899123255
12/08/2025,5,0.0,0.0,21650.101142,0.4929123589000276
12/08/2025,6,0.0,0.0,23201.171751,0.5282259062912462
12/08/2025,7,53.0,0.0024494228836177,25348.903542,0.5771237630006858
12/08/2025,8,3506.0,0.1620316345276195,26688.684132,0.6076268265519337
12/08/2025,9,10072.0,0.4654827789395847,28491.1397799999,0.648663709448742
12/08/2025,10,12141.166666666666,0.5611104050405733,29054.932638,0.6614996987933232
12/08/2025,11,12200.5,0.5638525262561958,29194.333023,0.6646734563730798
12/08/2025,12,12094.25,0.5589421266074338,29361.374462,0.6684765235823973
12/08/2025,13,12249.416666666666,0.5661132357415474,29983.040429,0.6826301220451493
12/08/2025,14,12491.666666666666,0.5773089469407247,30191.532942,0.6873769144837518
12/08/2025,15,12068.0,0.5577289690471514,29230.569621,0.6654984625419444
12/08/2025,16,7089.833333333333,0.3276603775038224,26777.324094,0.6096449110160967
12/08/2025,17,795.25,0.0367528971357927,27687.75138,0.63037279853061
12/08/2025,18,0.0,0.0,28707.7216869999,0.6535946748042495
12/08/2025,19,0.0,0.0,28577.8116509999,0.6506369859754743
12/08/2025,20,0.0,0.0,28067.951554,0.6390288950260201
12/08/2025,21,0.0,0.0,27547.330427,0.6271758054667786
12/08/2025,22,0.0,0.0,26781.906568,0.6097492411554398
12/08/2025,23,0.0,0.0,25200.067581,0.573735183698239
12/08/2025,24,0.0,0.0,23988.629795,0.5461541274786224
12/09/2025,1,0.0,0.0,23004.7586339999,0.5237541279755499
12/09/2025,2,0.0,0.0,22466.886303,0.5115082766642186
12/09/2025,3,0.0,0.0,21991.7826629999,0.5006914932054044
12/09/2025,4,0.0,0.0,21749.191178,0.495168362374002
12/09/2025,5,0.0,0.0,21852.583015,0.4975223058467099
12/09/2025,6,0.0,0.0,23226.658979,0.5288061793159726
12/09/2025,7,55.16666666666666,0.002549556523514,25387.779643,0.5780088632837312
12/09/2025,8,3584.583333333333,0.1656634046207823,26723.29924,0.6084149159204753
12/09/2025,9,10541.833333333334,0.4871963736217182,29132.730657,0.6632709424845892
12/09/2025,10,12874.5,0.5950017908516366,30408.510092,0.6923168784189052
12/09/2025,11,12987.0,0.6002010375385611,30478.420702,0.6939085478278019
12/09/2025,12,12948.833333333334,0.5984371449588489,30420.595697,0.6925920339034091
12/09/2025,13,13246.0,0.6121708588000139,30370.086052,0.6914420703027377
12/09/2025,14,13408.833333333334,0.6196962869676068,31089.238335,0.7078151600124296
12/09/2025,15,12544.416666666666,0.579746815942816,30221.760455,0.6880651105637048
12/09/2025,16,7162.5,0.3310187057341914,27224.166983,0.6198182760747667
12/09/2025,17,732.3333333333334,0.0338451702849572,27734.003464,0.6314258293538358
12/09/2025,18,0.0,0.0,28963.699919,0.6594225844908909
12/09/2025,19,0.0,0.0,28759.261086,0.6547680830285716
12/09/2025,20,0.0,0.0,28152.915545,0.6409632878933184
12/09/2025,21,0.0,0.0,27629.9879029999,0.6290576854269971
12/09/2025,22,0.0,0.0,26949.829273,0.6135723723312039
12/09/2025,23,0.0,0.0,25699.959679,0.5851163311397469
12/09/2025,24,0.0,0.0,23971.721208,0.5457691661590807
12/10/2025,1,0.0,0.0,23177.105503,0.527677985013939
12/10/2025,2,0.0,0.0,22456.628364,0.5112747320319427
12/10/2025,3,0.0,0.0,22015.8062,0.501238442072487
12/10/2025,4,0.0,0.0,21806.44152,0.49647179282626486
12/10/2025,5,0.0,0.0,21764.790588,0.49552351738829575
12/10/2025,6,0.0,0.0,23128.899428,0.5265804672709172
12/10/2025,7,43.75,0.0020219292671372,25177.42686,0.5732197176908466
12/10/2025,8,3393.0,0.156809280077642,27052.680133,0.6159139992679552
12/10/2025,9,10303.583333333334,0.4761855245269649,30467.501703,0.6936599527049147
12/10/2025,10,12772.916666666666,0.5903070636580359,31205.215078,0.7104556266594317
12/10/2025,11,12994.5,0.6005476539843561,31017.303828,0.706177412119285
12/10/2025,12,12861.75,0.5944125428937852,29889.142003,0.6804923170366142
12/10/2025,13,12506.583333333334,0.5779983285384725,30027.24054,0.6836364351719914
12/10/2025,14,12125.666666666666,0.5603940643859304,30094.32414,0.6851637414558109
12/10/2025,15,11160.416666666666,0.5157845278121185,28840.315433,0.656613464217178
12/10/2025,16,6882.0,0.3180552506614597,27142.133041,0.6179505922429048
12/10/2025,17,788.6666666666666,0.0364486449222616,27754.976752,0.6319033325670615
12/10/2025,18,0.0,0.0,28914.985198,0.6583134862985187
12/10/2025,19,0.0,0.0,28573.732144,0.6505441069905088
12/10/2025,20,0.0,0.0,28133.6067439999,0.6405236804020615
12/10/2025,21,0.0,0.0,27626.781644,0.6289846878610034
12/10/2025,22,0.0,0.0,26897.1747019999,0.6123735747538485
12/10/2025,23,0.0,0.0,25467.51099,0.5798241234559715
12/10/2025,24,0.0,0.0,24126.761542,0.5492990017129818
12/11/2025,1,0.0,0.0,23445.420336,0.5337867646632557
12/11/2025,2,0.0,0.0,22732.305067,0.5175511209078314
12/11/2025,3,0.0,0.0,22226.85588,0.5060434540644212
12/11/2025,4,0.0,0.0,21868.2307,0.49787855994797653
12/11/2025,5,0.0,0.0,22032.937566,0.5016284754478905
12/11/2025,6,0.0,0.0,23106.618338,0.5260731890573547
12/11/2025,7,37.91666666666666,0.0017523386981856,25112.176346,0.5717341456575231
12/11/2025,8,3269.5,0.1511016626035516,27184.163973,0.6189075192199661
12/11/2025,9,10337.833333333334,0.4777684062960952,30156.44177,0.6865779864670355
12/11/2025,10,12770.666666666666,0.5902030787242974,30850.634319,0.7023828127176902
12/11/2025,11,13053.333333333334,0.6032666674369255,30441.578673,0.6930697576853474
12/11/2025,12,13028.25,0.6021074279904334,29757.340911,0.677491574142287
12/11/2025,13,13143.25,0.6074222134926228,29260.070829,0.6661701226847911
12/11/2025,14,13117.416666666666,0.6062283124015513,29143.6623789999,0.6635198272746633
12/11/2025,15,12167.166666666666,0.5623120087193292,28325.1469759999,0.64488451673073
12/11/2025,16,7166.916666666667,0.3312228243078262,27087.220422,0.616700385216751
12/11/2025,17,781.1666666666666,0.0361020284764666,27591.7372669999,0.6281868252357895
12/11/2025,18,0.0,0.0,28819.008436,0.6561283633816918
12/11/2025,19,0.0,0.0,28494.224613,0.648733942483725
12/11/2025,20,0.0,0.0,28067.985672,0.6390296717976273
12/11/2025,21,0.0,0.0,27509.146091,0.6263064547414705
12/11/2025,22,0.0,0.0,26917.986548,0.6128474023834605
12/11/2025,23,0.0,0.0,25623.963301,0.5833861057841172
12/11/2025,24,0.0,0.0,24057.698937,0.547726639010422
12/12/2025,1,0.0,0.0,23196.0479189999,0.5281092509416377
12/12/2025,2,0.0,0.0,22416.507586,0.5103612939285743
12/12/2025,3,0.0,0.0,22248.764692,0.5065422565472727
12/12/2025,4,0.0,0.0,21906.80981,0.4987568985751099
12/12/2025,5,0.0,0.0,21678.480134,0.493558469317627
12/12/2025,6,0.0,0.0,22962.568324,0.5227935724063923
12/12/2025,7,35.833333333333336,0.0016560563521314,25072.763423,0.570836823436271
12/12/2025,8,3102.333333333333,0.1433759671561661,26629.841175,0.6062871367024828
12/12/2025,9,9784.916666666666,0.4522150716533219,28979.492294,0.6597821327795029
12/12/2025,10,12578.833333333334,0.5813374002996307,29912.5506509999,0.6810252665978477
12/12/2025,11,12862.583333333334,0.5944510558322068,28971.9717619999,0.6596109112621512
12/12/2025,12,12850.333333333334,0.5938849156374084,28854.105733,0.656927430847558
12/12/2025,13,13053.0,0.6032512622615568,29135.363648,0.6633308883387106
12/12/2025,14,12975.916666666666,0.5996888154575529,29309.1504729999,0.6672875291550562
12/12/2025,15,11886.333333333334,0.5493331484712289,28618.449726,0.6515622014873129
12/12/2025,16,6744.333333333333,0.311692913234201,26443.937597,0.602054631248632
12/12/2025,17,728.75,0.033679564649744,26999.534625,0.6147040244257406
12/12/2025,18,0.0,0.0,28221.137452,0.6425165102495314
12/12/2025,19,0.0,0.0,27783.634993,0.6325558007047661
12/12/2025,20,0.0,0.0,27207.450866,0.6194376967597752
12/12/2025,21,0.0,0.0,26830.09406,0.6108463358154329
12/12/2025,22,0.0,0.0,26417.085262,0.6014432785487065
12/12/2025,23,0.0,0.0,25330.642422,0.5767080082808201
12/12/2025,24,0.0,0.0,24057.172906,0.547714662753158
12/13/2025,1,0.0,0.0,23274.609778,0.52989788513717
12/13/2025,2,0.0,0.0,22410.919109,0.5102340599095431
12/13/2025,3,0.0,0.0,21523.635637,0.4900330924254658
12/13/2025,4,0.0,0.0,21132.964067,0.48113859147783244
12/13/2025,5,0.0,0.0,21088.41638,0.4801243650158547
12/13/2025,6,0.0,0.0,21665.319657,0.49325884199857783
12/13/2025,7,20.416666666666668,0.0009435669913307,22634.143684,0.5153162602699956
12/13/2025,8,3022.1666666666665,0.1396710224800021,23811.6384,0.542124527550093
12/13/2025,9,9977.75,0.4611269656040947,26739.651544,0.6087872122291725
12/13/2025,10,12643.583333333334,0.5843298556149938,28429.576468,0.6472620847108002
12/13/2025,11,13062.25,0.6036787558780372,28149.923831,0.6408951749179922
12/13/2025,12,13065.916666666666,0.6038482128070926,27465.831136,0.6253202941455148
12/13/2025,13,13076.25,0.6043257732435212,27768.153593,0.6322033324487046
12/13/2025,14,12898.0,0.5960878557151275,27440.55035,0.6247447212287707
12/13/2025,15,11717.166666666666,0.5415150219716314,25963.275349,0.5911112938045289
12/13/2025,16,6575.25,0.3038786380284456,24049.162525,0.5475322887416696
12/13/2025,17,675.3333333333334,0.0312108852969155,25009.439458,0.5693951135450177
12/13/2025,18,0.0,0.0,26289.579776,0.5985403346102585
12/13/2025,19,0.0,0.0,26092.879629,0.5940620214228127
12/13/2025,20,0.0,0.0,25780.582636,0.5869518907824348
12/13/2025,21,0.0,0.0,25596.464156,0.582760027026296
12/13/2025,22,0.0,0.0,25305.500277,0.5761355918325793
12/13/2025,23,0.0,0.0,24408.9178,0.5557229119661945
12/13/2025,24,0.0,0.0,23160.124283,0.5272913700437687
12/14/2025,1,0.0,0.0,22624.3127479999,0.5150924373038939
12/14/2025,2,0.0,0.0,21681.2998129999,0.49362266553629885
12/14/2025,3,0.0,0.0,21183.9899359999,0.4823003080577551
12/14/2025,4,0.0,0.0,20620.033768,0.4694606006004175
12/14/2025,5,0.0,0.0,20432.667466,0.46519479300481087
12/14/2025,6,0.0,0.0,20725.517089,0.4718621613246699
12/14/2025,7,21.83333333333333,0.0010090389866475,21461.923924,0.48862808901106686
12/14/2025,8,1876.75,0.0867349886194266,22345.516025,0.5087450142832741
12/14/2025,9,6422.083333333333,0.296799959946544,24412.023284,0.5557936151667905
12/14/2025,10,9754.416666666666,0.450805498107089,26364.678149,0.6002501148991447
12/14/2025,11,10781.416666666666,0.4982688434179462,27544.639157,0.6271145327625343
12/14/2025,12,11673.416666666666,0.5394930927044941,27535.869589,0.6269148741826014
12/14/2025,13,11663.75,0.5390463426188028,27576.1539209999,0.6278320359539272
12/14/2025,14,11423.416666666666,0.5279392111779952,27881.073355,0.6347742001730071
12/14/2025,15,11473.0,0.5302307310140841,27120.143764,0.6174499577966505
12/14/2025,16,7153.583333333333,0.3306066172930796,24752.553345,0.5635465339426874
12/14/2025,17,873.75,0.0403808159351134,25206.791524,0.5738882691080253
12/14/2025,18,3.333333333333333,0.0001540517536866,26886.997579,0.6121418700762677
12/14/2025,19,0.0,0.0,26902.575912,0.6124965452261156
12/14/2025,20,0.0,0.0,26661.0488029999,0.6069976472646373
12/14/2025,21,0.0,0.0,26311.877318,0.5990479873899294
12/14/2025,22,0.0,0.0,25754.0185789999,0.5863471013677345
12/14/2025,23,0.0,0.0,24729.630774,0.5630246509976815
12/14/2025,24,0.0,0.0,23118.125287,0.5263351701602663
12/15/2025,1,0.0,0.0,22440.991975,0.5109187351090593
12/15/2025,2,0.0,0.0,21802.544765,0.49638307459411857
12/15/2025,3,0.0,0.0,21792.146414,0.49614633317261375
12/15/2025,4,0.0,0.0,21358.040139,0.4862629452558501
12/15/2025,5,0.0,0.0,21688.275208,0.4937814758061081
12/15/2025,6,0.0,0.0,22904.70514,0.52147618925276
12/15/2025,7,21.416666666666668,0.0009897825174367,25022.512781,0.5696927566108089
12/15/2025,8,3114.25,0.1439267021755959,26873.0804729999,0.6118250164272905
12/15/2025,9,10323.916666666666,0.4771252402244533,29528.835764,0.672289149900025
12/15/2025,10,12735.916666666666,0.5885970891921141,30441.697397,0.6930724606993663
12/15/2025,11,12917.916666666666,0.5970083149434052,30675.46716,0.6983947455498649
12/15/2025,12,12896.916666666666,0.5960377888951793,30238.6621759999,0.6884499155635931
12/15/2025,13,12908.166666666666,0.5965577135638718,30736.455723,0.6997832848576991
12/15/2025,14,13155.416666666666,0.607984502393579,30164.045982,0.6867511131443619
12/15/2025,15,12540.583333333334,0.5795696564260764,29859.952271,0.6798277483326893
12/15/2025,16,7457.833333333333,0.3446676911108287,27011.643837,0.6149797173757269
12/15/2025,17,818.4166666666666,0.0378235568239149,27713.279811,0.6309540096326134
12/15/2025,18,0.0,0.0,28933.174347,0.6587276024396476
12/15/2025,19,0.0,0.0,28818.970425,0.6561274979773433
12/15/2025,20,0.0,0.0,28429.835787,0.6472679886804472
12/15/2025,21,0.0,0.0,27875.4726099999,0.6346466868458641
12/15/2025,22,0.0,0.0,27250.593925,0.620419943763721
12/15/2025,23,0.0,0.0,25689.11663,0.5848694651863178
12/15/2025,24,0.0,0.0,24300.7829399999,0.5532609831016418
12/16/2025,1,0.0,0.0,23527.59474,0.5356576464227071
12/16/2025,2,0.0,0.0,22473.63915,0.5116620201373889
12/16/2025,3,0.0,0.0,22153.63625,0.504376447508453
12/16/2025,4,0.0,0.0,21870.2986299999,0.49792564094069824
12/16/2025,5,0.0,0.0,21791.21495,0.4961251263378531
12/16/2025,6,0.0,0.0,23088.9592209999,0.5256711402650871
12/16/2025,7,21.666666666666668,0.0010013363989632,25277.170527,0.5754906025178431
12/16/2025,8,3001.083333333333,0.1386966451379341,26918.709088,0.6128638526020282
12/16/2025,9,9965.916666666666,0.4605800818785071,29147.853138,0.6636152391570731
12/16/2025,10,12330.916666666666,0.569879801119186,29847.5910149999,0.6795463170444929
12/16/2025,11,12711.083333333334,0.5874494036271486,29969.507241,0.682322009137188
12/16/2025,12,12683.083333333334,0.5861553688961807,30421.154743,0.6926047618200496
12/16/2025,13,12676.166666666666,0.5858357115072809,30132.1258109999,0.6860243799674147
12/16/2025,14,12372.333333333334,0.5717938941587427,29896.35604,0.6806565605185055
12/16/2025,15,11413.416666666666,0.5274770559169353,28372.363261,0.6459594997188115
12/16/2025,16,6709.333333333333,0.3100753698204911,26215.007855,0.5968425401636307
12/16/2025,17,767.5,0.0354704162863514,26901.693214,0.612476448657027
12/16/2025,18,0.0,0.0,28516.539636,0.6492419932569614
12/16/2025,19,0.0,0.0,28339.393474,0.6452088697159302
12/16/2025,20,0.0,0.0,27843.198097,0.6339118862908557
12/16/2025,21,0.0,0.0,27406.725007,0.6239746126043639
12/16/2025,22,0.0,0.0,26754.6390879999,0.6091284367628897
12/16/2025,23,0.0,0.0,25409.28777,0.5784985432877902
12/16/2025,24,0.0,0.0,23737.4867299999,0.54043630104545
12/17/2025,1,0.0,0.0,22881.24296,0.5209420209173381
12/17/2025,2,0.0,0.0,22029.97386,0.5015610001365298
12/17/2025,3,0.0,0.0,21822.50647,0.496837546886635
12/17/2025,4,0.0,0.0,21572.100398,0.49113649972649187
12/17/2025,5,0.0,0.0,21396.630555,0.4871415412890387
12/17/2025,6,0.0,0.0,22797.771196,0.5190416018927374
12/17/2025,7,14.833333333333334,0.0006855303039055,24924.908733,0.5674705849349204
12/17/2025,8,2540.9166666666665,0.1174298005414919,26359.8322889999,0.6001397881959167
12/17/2025,9,9072.916666666666,0.4193096170658532,28766.648845,0.6549362816753951
12/17/2025,10,11849.5,0.5476308765929914,29865.457111,0.6799530781707336
12/17/2025,11,11898.583333333334,0.5498992886660273,29865.575912,0.6799557829378275
12/17/2025,12,12162.75,0.5621078901456944,30019.767018,0.6834662839410964
12/17/2025,13,12580.333333333334,0.5814067235887896,29669.996793,0.6755029924281858
12/17/2025,14,13196.583333333334,0.6098870415516093,29303.59911,0.66716114011819
12/17/2025,15,12531.0,0.5791267576342273,28180.856023,0.6415994145714085
12/17/2025,16,7532.833333333333,0.3481338555687783,25980.4154809999,0.5915015267572766
12/17/2025,17,966.8333333333334,0.0446827111568131,26368.945556,0.6003472718425216
12/17/2025,18,0.0,0.0,27982.0012179999,0.6370720458368091
12/17/2025,19,0.0,0.0,27552.663174,0.6272972172276728
12/17/2025,20,0.0,0.0,27076.400717,0.6164540507410285
12/17/2025,21,0.0,0.0,26810.668305,0.6104040656081178
12/17/2025,22,0.0,0.0,26273.328101,0.5981703293429488
12/17/2025,23,0.0,0.0,24814.03884,0.5649463870047959
12/17/2025,24,0.0,0.0,23291.39723,0.5302800885509539
12/18/2025,1,0.0,0.0,23046.7888,0.5247110375129321
12/18/2025,2,0.0,0.0,21888.60572,0.4983424422691243
12/18/2025,3,0.0,0.0,21526.38621,0.49009571529345447
12/18/2025,4,0.0,0.0,21001.9629199999,0.47815606109781666
12/18/2025,5,0.0,0.0,21308.35107,0.4851316638797635
12/18/2025,6,0.0,0.0,22428.01013,0.5106231747419342
12/18/2025,7,14.166666666666666,0.0006547199531682,24672.504397,0.5617240428823754
12/18/2025,8,2136.083333333333,0.0987202150562481,25794.495387,0.5872686452802185
12/18/2025,9,6471.083333333333,0.2990645207257378,26774.5893769999,0.609582649144958
12/18/2025,10,9378.333333333334,0.4334246089973927,27356.25586,0.6228255710300877
12/18/2025,11,10399.333333333334,0.4806106611516139,26646.901789,0.606675559252376
12/18/2025,12,11233.416666666666,0.5191582612178561,27280.729478,0.6211060461712138
12/18/2025,13,11374.5,0.5256785016926436,27633.07451,0.6291279588510074
12/18/2025,14,12191.333333333334,0.5634288839335575,28214.643009,0.6423686499140127
12/18/2025,15,11088.75,0.5124724151078555,28393.463156,0.6464398854199581
12/18/2025,16,6396.25,0.2956060588554725,26240.381383,0.597420224556792
12/18/2025,17,1008.5833333333334,0.0466122093717384,26936.691269,0.6132732566596232
12/18/2025,18,20.33333333333333,0.0009397156974885,27779.529713,0.632462334940543
12/18/2025,19,0.0,0.0,27441.713685,0.6247712071188494
12/18/2025,20,0.0,0.0,26830.1456699999,0.6108475108310426
12/18/2025,21,0.0,0.0,26254.09518,0.5977324494274479
12/18/2025,22,0.0,0.0,25745.510595,0.5861533983251773
12/18/2025,23,0.0,0.0,24640.613373,0.5609979733012462
12/18/2025,24,0.0,0.0,23560.24473,0.5364009955407276
12/19/2025,1,0.0,0.0,23094.02704,0.5257865203550661
12/19/2025,2,0.0,0.0,22752.0727,0.5180011747227301
12/19/2025,3,0.0,0.0,22220.6863299999,0.5059029906354535
12/19/2025,4,0.0,0.0,22083.67139,0.5027835429785149
12/19/2025,5,0.0,0.0,21858.0135769999,0.4976459445820658
12/19/2025,6,0.0,0.0,22132.506525,0.5038953826614878
12/19/2025,7,12.083333333333334,0.0005584376071141,23991.311217,0.5462151759714011
12/19/2025,8,2656.583333333333,0.1227753963944187,25280.4470999999,0.5755652009373099
12/19/2025,9,9149.166666666666,0.4228335509314354,26730.771699,0.608585042949828
12/19/2025,10,11685.5,0.5400515303116081,28094.421658,0.639631545393212
12/19/2025,11,12480.583333333334,0.5767967248597167,27576.092284,0.6278306326515216
12/19/2025,12,12773.416666666666,0.5903301714210889,28222.083799,0.6425380559286508
12/19/2025,13,13356.416666666666,0.6172738231408842,29105.6473869999,0.6626543320394501
12/19/2025,14,13792.166666666666,0.6374122386415716,29400.34692,0.6693638176453172
12/19/2025,15,13382.916666666666,0.618498534582693,29425.343684,0.6699329241740717
12/19/2025,16,8362.083333333334,0.3864580805921749,26385.374508,0.6007213132121882
12/19/2025,17,1103.0833333333333,0.0509795765887549,26209.0864359999,0.5967077259847855
12/19/2025,18,0.0,0.0,27223.91505,0.619812540263719
12/19/2025,19,0.0,0.0,26787.698279,0.6098811022452497
12/19/2025,20,0.0,0.0,26049.734604,0.5930797296585358
12/19/2025,21,0.0,0.0,25638.012511,0.5837059670723561
12/19/2025,22,0.0,0.0,25160.258062,0.5728288320933081
12/19/2025,23,0.0,0.0,24049.755766,0.5475457951829923
12/19/2025,24,0.0,0.0,22601.17948,0.5145657573764373
12/20/2025,1,0.0,0.0,22259.801337,0.5067935301411286
12/20/2025,2,0.0,0.0,21335.347533,0.4857462979718635
12/20/2025,3,0.0,0.0,20723.17718,0.4718088881294438
12/20/2025,4,0.0,0.0,20030.625228,0.45604141369215795
12/20/2025,5,0.0,0.0,19991.02665,0.45513986462487893
12/20/2025,6,0.0,0.0,20285.126977,0.4618357079830244
12/20/2025,7,13.166666666666666,0.0006085044270622,21413.007932,0.4875144084399457
12/20/2025,8,2519.0,0.1164169102610021,22805.930578,0.5192273682410056
12/20/2025,9,9006.083333333334,0.416220879404436,25527.045756,0.5811795638649169
12/20/2025,10,12695.416666666666,0.5867253603848213,27729.484933,0.6313229550180826
12/20/2025,11,13129.75,0.606798303890192,27788.017062,0.6326555681817625
12/20/2025,12,12899.0,0.5961340712412335,27873.703966,0.6346064197597971
12/20/2025,13,13739.666666666666,0.6349859235210068,27552.0542619999,0.6272833540014291
12/20/2025,14,13874.833333333334,0.6412327221330006,26308.435809,0.5989696338382189
12/20/2025,15,12764.166666666666,0.5899026778046085,25453.955841,0.5795155105573523
12/20/2025,16,7518.583333333333,0.3474752843217679,23488.852625,0.5347755966268112
12/20/2025,17,911.5,0.0421254520456147,24325.436597,0.5538222780419162
12/20/2025,18,0.0,0.0,25647.977653,0.5839328455343908
12/20/2025,19,0.0,0.0,25128.243502,0.5720999499423545
12/20/2025,20,0.0,0.0,24681.454021,0.5619278008347367
12/20/2025,21,0.0,0.0,24541.805671,0.5587483977842141
12/20/2025,22,0.0,0.0,24138.227358,0.5495600463323213
12/20/2025,23,0.0,0.0,23307.583865,0.5306486130390463
12/20/2025,24,0.0,0.0,22197.588336,0.5053771137984968
12/21/2025,1,0.0,0.0,21730.440902,0.4947414709376725
12/21/2025,2,0.0,0.0,20639.408053,0.46990169897952966
12/21/2025,3,0.0,0.0,19934.754457,0.4538587038944887
12/21/2025,4,0.0,0.0,19510.765051,0.44420564883994884
12/21/2025,5,0.0,0.0,19269.955046,0.4387230773344971
12/21/2025,6,0.0,0.0,19500.205707,0.44396524205730437
12/21/2025,7,8.916666666666666,0.0004120884411117,20493.184239,0.4665725909715178
12/21/2025,8,2694.083333333333,0.1245084786233935,22048.671979,0.5019867041035845
12/21/2025,9,9637.833333333334,0.4454175380218985,24602.947992,0.5601404377324372
12/21/2025,10,12858.25,0.5942507885524142,25899.649099,0.5896627017277638
12/21/2025,11,13023.333333333334,0.6018802016537456,26042.593559,0.5929171480007008
12/21/2025,12,12866.916666666666,0.5946513231119994,25707.086761,0.5852785948990548
12/21/2025,13,13152.25,0.6078381532275768,25803.478718,0.5874731706468644
12/21/2025,14,13478.833333333334,0.6229313737950265,25081.777825,0.5710420562028409
12/21/2025,15,12559.75,0.5804554540097746,24213.772868,0.5512800066823524
12/21/2025,16,7284.083333333333,0.336637743449912,23125.627422,0.5265059728292878
12/21/2025,17,854.9166666666666,0.0395104235267838,23997.742115,0.5463615895646788
12/21/2025,18,0.0,0.0,25566.9658,0.582088431815527
12/21/2025,19,0.0,0.0,25316.20276,0.5763792574906295
12/21/2025,20,0.0,0.0,25042.838847,0.5701555243860494
12/21/2025,21,0.0,0.0,24591.309964,0.5598754723266499
12/21/2025,22,0.0,0.0,24011.59879,0.5466770673684989
12/21/2025,23,0.0,0.0,23137.076553,0.5267666375777594
12/21/2025,24,0.0,0.0,22146.320602,0.5042098906277755
12/22/2025,1,0.0,0.0,22173.58747,0.5048306810867921
12/22/2025,2,0.0,0.0,21397.563624,0.48716278466516844
12/22/2025,3,0.0,0.0,21383.7574,0.4868484554897661
12/22/2025,4,0.0,0.0,21058.825092,0.479450654002899
12/22/2025,5,0.0,0.0,20679.1759929999,0.47080710394671105
12/22/2025,6,0.0,0.0,21327.847948,0.48557555335922287
12/22/2025,7,9.083333333333334,0.0004197910287961,22879.483064,0.5209019529988056
12/22/2025,8,1841.0833333333333,0.0850866348549795,23974.252824,0.5458268039874771
12/22/2025,9,7745.333333333333,0.3579546548663023,26374.299415,0.600469164264714
12/22/2025,10,11573.666666666666,0.534883093975421,28286.3118169999,0.6440003485827202
12/22/2025,11,12908.5,0.5965731187392405,28238.230769,0.6429056773554325
12/22/2025,12,13025.666666666666,0.6019880378813262,27387.427622,0.6235352650235574
12/22/2025,13,12816.166666666666,0.5923058851621202,27246.802151,0.6203336156558523
12/22/2025,14,10960.25,0.506533720003235,27041.605351,0.6156618574010826
12/22/2025,15,8773.916666666666,0.4054911747601606,26316.516665,0.5991536123687009
12/22/2025,16,4572.583333333333,0.2113243444135057,25409.467129,0.5785026267914746
12/22/2025,17,536.5,0.0247946297558664,25981.8576499999,0.5915343609190691
12/22/2025,18,22.166666666666668,0.0010244441620162,27282.34891,0.6211429161166224
12/22/2025,19,29.166666666666668,0.0013479528447581,26867.720744,0.6117029903615886
12/22/2025,20,31.0,0.0014326813092858,26388.840397,0.6008002218284331
12/22/2025,21,0.0,0.0,25952.282066,0.5908610074423523
12/22/2025,22,0.0,0.0,25486.71491,0.5802613430996693
12/22/2025,23,0.0,0.0,24306.851852,0.5533991552843169
12/22/2025,24,0.0,0.0,23332.889155,0.5312247438434586
12/23/2025,1,0.0,0.0,22793.8529169999,0.5189523936192009
12/23/2025,2,0.0,0.0,22356.542771,0.5089960625045366
12/23/2025,3,0.0,0.0,22098.217255,0.5031147117145114
12/23/2025,4,0.0,0.0,21526.3782819999,0.49009553479502604
12/23/2025,5,0.0,0.0,21480.039412,0.4890405280968771
12/23/2025,6,0.0,0.0,22063.235674,0.502318278778902
12/23/2025,7,0.0833333333333333,3.851293842166275e-06,23172.1307759999,0.5275647243689
12/23/2025,8,586.25,0.0270938521796397,24640.742306,0.561000908745693
12/23/2025,9,2292.333333333333,0.1059413910103099,25762.582148,0.5865420699255605
12/23/2025,10,4098.833333333333,0.1894297389207904,26512.25175,0.603609953788727
12/23/2025,11,6259.416666666667,0.2892822343666354,27754.102168,0.6318834207310998
12/23/2025,12,7257.75,0.3354207345957875,27770.002791,0.6322454335244583
12/23/2025,13,6686.916666666667,0.3090393717769484,27166.101139,0.6184962789187332
12/23/2025,14,4690.583333333333,0.2167777764940131,26662.0991,0.6070215595950449
12/23/2025,15,4142.083333333333,0.1914285604248747,26206.528262,0.5966494835048776
12/23/2025,16,1897.1666666666667,0.0876785556107574,25719.841542,0.5855689856528312
12/23/2025,17,303.8333333333333,0.0140418173485382,26682.349029,0.6074825939433596
12/23/2025,18,45.083333333333336,0.0020835499686119,27454.348943,0.6250588766676077
12/23/2025,19,6.666666666666667,0.0003081035073733,26892.687115,0.6122714049265862
12/23/2025,20,0.0,0.0,26340.155625,0.5996918054911774
12/23/2025,21,0.0,0.0,25741.36915,0.5860591091848719
12/23/2025,22,0.0,0.0,25370.380127,0.5776127248814656
12/23/2025,23,0.0,0.0,24403.459762,0.5555986476790256
12/23/2025,24,0.0,0.0,23477.66264,0.5345208319092595
12/24/2025,1,0.0,0.0,23073.408596,0.5253170959490446
12/24/2025,2,0.0,0.0,22673.4929009999,0.5162121320834839
12/24/2025,3,0.0,0.0,22084.257761,0.5027968930091178
12/24/2025,4,0.0,0.0,21922.790418,0.4991207324036114
12/24/2025,5,0.0,0.0,21403.802474,0.48730482586165774
12/24/2025,6,0.0,0.0,21211.8937789999,0.48293560065917507
12/24/2025,7,0.0,0.0,21901.853703,0.4986440618554887
12/24/2025,8,193.08333333333331,0.0089234478322992,22913.751231,0.5216821434893887
12/24/2025,9,922.5833333333334,0.0426376741266228,23835.528114,0.5426684296410788
12/24/2025,10,1887.5,0.0872318055250661,24577.157414,0.5595532582751221
12/24/2025,11,2611.25,0.1206802925442802,25358.842039,0.5773500348304598
12/24/2025,12,3285.833333333333,0.1518565161966162,25382.23162,0.577882550289338
12/24/2025,13,3488.75,0.1612344167022911,25233.763004,0.5745023344069644
12/24/2025,14,3773.6666666666665,0.1744019903486576,24834.440029,0.5654108651210135
12/24/2025,15,2597.333333333333,0.1200371264726384,24190.642172,0.5507533853121529
12/24/2025,16,1583.5833333333333,0.0731861368826857,24247.583301,0.5520497758476859
12/24/2025,17,382.3333333333333,0.0176697361478588,25177.726139,0.5732265314381307
12/24/2025,18,0.0,0.0,25612.85895,0.5831332907136673
12/24/2025,19,0.0,0.0,25050.754274,0.5703357365600564
12/24/2025,20,0.0,0.0,24176.262347,0.5504259968433957
12/24/2025,21,0.0,0.0,23834.981685,0.5426559889783034
12/24/2025,22,0.0,0.0,23153.257229,0.5271350263960585
12/24/2025,23,0.4166666666666667,1.925646921083138e-05,22818.4883869999,0.5195132744922586
12/24/2025,24,0.0,0.0,22549.580987,0.5133910037467198
12/25/2025,1,0.0,0.0,21452.70619,0.48841822694253184
12/25/2025,2,0.0,0.0,21273.689249,0.48434251098662817
12/25/2025,3,0.0,0.0,21209.418468,0.482879244738435
12/25/2025,4,0.0,0.0,20492.216248,0.4665505525189455
12/25/2025,5,0.0,0.0,20338.32705,0.46304692511795104
12/25/2025,6,0.0,0.0,20135.134112,0.4584207892064144
12/25/2025,7,4.583333333333333,0.0002118211613191,20052.601522,0.4565417525517491
12/25/2025,8,1728.6666666666667,0.0798912394618972,20471.319746,0.46607479750856373
12/25/2025,9,7436.166666666667,0.3436663547118654,22888.683265,0.5211114158898803
12/25/2025,10,9562.166666666666,0.4419205632132114,23943.554253,0.5451278832319931
12/25/2025,11,9902.666666666666,0.4576569498523029,24057.289909,0.5477173265848118
12/25/2025,12,9801.25,0.4529699252463865,22843.616187,0.5200853643449008
12/25/2025,13,9127.5,0.4218322145324721,22928.8717479999,0.5220263954470735
12/25/2025,14,8268.666666666666,0.3821407801951065,22568.931189,0.5138315538231584
12/25/2025,15,7301.083333333333,0.3374234073937139,22270.306346,0.507032699867519
12/25/2025,16,5019.583333333333,0.2319826845828856,21884.320806,0.4982448867402346
12/25/2025,17,655.6666666666666,0.0303019799501642,22347.170569,0.508782683630895
12/25/2025,18,0.0,0.0,23105.99065,0.5260588983540132
12/25/2025,19,0.0,0.0,22825.362327,0.5196697749149662
12/25/2025,20,0.0,0.0,22602.409528,0.5145937621352725
12/25/2025,21,0.0,0.0,22232.627999,0.5061748690990892
12/25/2025,22,0.0,0.0,22005.044737,0.500993433604501
12/25/2025,23,0.0,0.0,21440.064216,0.4881304044892037
12/25/2025,24,0.0,0.0,20613.722137,0.4693169023837528
12/26/2025,1,0.0,0.0,20672.53669,0.47065594555342377
12/26/2025,2,0.0,0.0,20070.358038,0.45694601884731967
12/26/2025,3,0.0,0.0,19764.444563,0.4499812230898979
12/26/2025,4,0.0,0.0,19369.508811,0.4409896386231339
12/26/2025,5,0.0,0.0,19008.343814,0.43276691996441885
12/26/2025,6,0.0,0.0,19784.502007,0.45043787509215416
12/26/2025,7,7.0,0.0003235086827419,20920.270865,0.4762961610784456
12/26/2025,8,1110.4166666666667,0.0513184904468656,21383.347905,0.48683913243186977
12/26/2025,9,4332.666666666667,0.200236469441909,23169.833546,0.5275124228553524
12/26/2025,10,6827.166666666667,0.3155210993133143,23290.4523229999,0.5302585756566119
12/26/2025,11,8494.083333333334,0.3925585300381664,23476.8118,0.5345014606578877
12/26/2025,12,8653.416666666666,0.3999222038643882,23737.070386,0.5404268220549474
12/26/2025,13,7717.583333333333,0.3566721740168609,23928.288587,0.5447803266368121
12/26/2025,14,7166.5,0.3312035678386154,24644.930166,0.5610962546259641
12/26/2025,15,5174.75,0.2391537937169992,24074.6378009999,0.5481122896527221
12/26/2025,16,3070.75,0.1419163267899851,23732.139443,0.5403145582493518
12/26/2025,17,552.6666666666666,0.0255417807612467,24631.0989839999,0.5607813572265787
12/26/2025,18,0.0,0.0,25891.2811549999,0.5894721870050297
12/26/2025,19,0.0,0.0,25689.22956,0.5848720362871328
12/26/2025,20,0.0,0.0,25030.689347,0.5698789141907816
12/26/2025,21,0.0,0.0,24741.288538,0.5632900657370885
12/26/2025,22,0.0,0.0,24243.923713,0.551966457245992
12/26/2025,23,0.0,0.0,23192.379135,0.5280257229727001
12/26/2025,24,0.0,0.0,22249.169512,0.506551473168471
12/27/2025,1,0.0,0.0,21228.282594,0.48330872822141097
12/27/2025,2,0.0,0.0,20152.626297,0.45881903742309077
12/27/2025,3,0.0,0.0,19442.909145,0.4426607593046814
12/27/2025,4,0.0,0.0,19239.38631,0.4380271125594818
12/27/2025,5,0.0,0.0,19199.361394,0.43711585696621974
12/27/2025,6,0.0,0.0,19526.050867,0.444553664194374
12/27/2025,7,0.0,0.0,20832.646156,0.47430119109064584
12/27/2025,8,1575.9166666666667,0.0728318178492064,21366.35657,0.4864522871713891
12/27/2025,9,9201.583333333334,0.425256014758158,22508.6074649999,0.5124581510432128
12/27/2025,10,13230.833333333334,0.6114699233207397,23709.5759157,0.5398008497269943
12/27/2025,11,14129.583333333334,0.653006127408503,25000.690712,0.5691959290238927
12/27/2025,12,13764.333333333334,0.6361259064982882,25107.243283,0.5716218335854463
12/27/2025,13,13600.166666666666,0.6285388576292205,24672.677141,0.561727975780978
12/27/2025,14,13537.916666666666,0.6256619411291223,24777.8819959999,0.5641231966118467
12/27/2025,15,12328.583333333334,0.5697719648916053,24234.383105,0.5517492442378967
12/27/2025,16,8836.916666666666,0.4084027529048383,22129.333391,0.5038231392592613
12/27/2025,17,1352.5,0.0625064990583586,22655.145433,0.5157944114607323
12/27/2025,18,0.0,0.0,24657.87406,0.5613909509547732
12/27/2025,19,0.0,0.0,24810.394616,0.5648634181984878
12/27/2025,20,0.0,0.0,24570.422916,0.5593999325574539
12/27/2025,21,0.0,0.0,24294.969341,0.5531286236831826
12/27/2025,22,0.0,0.0,23982.4880629999,0.5460142973878507
12/27/2025,23,0.0,0.0,23151.078185,0.5270854156477695
12/27/2025,24,0.0,0.0,22044.753363,0.5018974881575011
12/28/2025,1,0.0,0.0,21434.744698,0.48800929391570597
12/28/2025,2,0.0,0.0,20585.524947,0.4686749310901273
12/28/2025,3,0.0,0.0,20075.27351,0.4570579304214382
12/28/2025,4,0.0,0.0,19584.165047,0.4458767618261799
12/28/2025,5,0.0,0.0,19579.430494,0.4457689692725904
12/28/2025,6,0.0,0.0,19995.477851,0.45524120604450824
12/28/2025,7,7.083333333333333,0.0003273599765841,20915.346381,0.4761840443262473
12/28/2025,8,2516.6666666666665,0.1163090740334215,21756.958059,0.49534519257030896
12/28/2025,9,8613.166666666666,0.3980620289386219,22938.288661,0.5222407922653605
12/28/2025,10,11712.333333333334,0.5412916469287857,24014.7651229999,0.5467491559309405
12/28/2025,11,12891.083333333334,0.5957681983262277,24333.935773,0.5540157805509063
12/28/2025,12,13050.583333333334,0.603139574740134,24719.862772,0.562802260863059
12/28/2025,13,12832.416666666666,0.5930568874613427,24832.0381529999,0.5653561811101984
12/28/2025,14,12553.666666666666,0.5801743095592964,24953.4196769999,0.5681196995311656
12/28/2025,15,12376.416666666666,0.5719826075570088,24618.283903,0.5604895936101538
12/28/2025,16,9046.583333333334,0.4180926082117288,22762.664704,0.5182423250823923
12/28/2025,17,1452.4166666666667,0.067124200375116,23170.1203289999,0.5275189521036014
12/28/2025,18,0.0,0.0,25235.5230849999,0.5745424065374282
12/28/2025,19,0.0,0.0,25220.516594,0.5742007506334185
12/28/2025,20,0.0,0.0,24959.290771,0.5682533679502614
12/28/2025,21,0.0,0.0,24707.404877,0.5625186293746376
12/28/2025,22,0.0,0.0,24607.12285,0.5602354875934681
12/28/2025,23,0.0,0.0,23335.486524,0.5312838786840918
12/28/2025,24,0.0,0.0,22095.0491679999,0.503042583218382
12/29/2025,1,0.0,0.0,21423.876355,0.48776185208851414
12/29/2025,2,0.0,0.0,20611.015993,0.4692552910400545
12/29/2025,3,0.0,0.0,20253.7733129999,0.4611218725888578
12/29/2025,4,0.0,0.0,20219.679905,0.46034566087280393
12/29/2025,5,0.0,0.0,20555.506361,0.4679914916946688
12/29/2025,6,0.0,0.0,21639.899838,0.4926801036885847
12/29/2025,7,0.8333333333333334,3.851293842166276e-05,23498.804376,0.5350021702131618
12/29/2025,8,2306.25,0.1065845570819516,24870.013177,0.5662207663856391
12/29/2025,9,10122.75,0.467828216889464,25940.096572,0.5905835777641948
12/29/2025,10,14073.75,0.6504257605342515,26314.564277,0.5991091619447396
12/29/2025,11,14571.5,0.6734295386535106,26772.643824,0.6095383543348666
12/29/2025,12,14615.416666666666,0.6754591705083323,26903.824701,0.6125249766651987
12/29/2025,13,14958.5,0.6913149472565309,26814.346324,0.6104878038322249
12/29/2025,14,15434.916666666666,0.7133327941521954,26694.773451,0.607765463345023
12/29/2025,15,14790.916666666666,0.6835699953399345,26000.577468,0.5919605589117755
12/29/2025,16,9653.0,0.4461184735011727,23346.537936,0.5315354884813103
12/29/2025,17,1582.25,0.073124516181211,24680.872131,0.5619145528239935
12/29/2025,18,9.833333333333334,0.0004544526733756,26550.310996,0.6044764565639691
12/29/2025,19,0.0,0.0,26524.574386,0.6038905058073428
12/29/2025,20,0.0,0.0,26217.027684,0.5968885260308762
12/29/2025,21,0.0,0.0,25657.868448,0.5841580313228022
12/29/2025,22,0.0,0.0,25206.577114,0.5738833875909285
12/29/2025,23,0.0,0.0,24077.275506,0.5481723428314651
12/29/2025,24,0.0,0.0,22776.908985,0.5185666275926898
12/30/2025,1,0.0,0.0,22577.301674,0.514022126397366
12/30/2025,2,0.0,0.0,21635.887415,0.4925887520190076
12/30/2025,3,0.0,0.0,21577.8471159999,0.49126733645130366
12/30/2025,4,0.0,0.0,21080.07243,0.479934396569515
12/30/2025,5,0.0,0.0,20954.793951,0.4770821553629599
12/30/2025,6,0.0,0.0,22140.188774,0.5040702860234356
12/30/2025,7,0.4166666666666667,1.925646921083138e-05,23545.246544,0.5360595287183793
12/30/2025,8,798.25,0.0368915437141107,24728.14537,0.5629908324956451
12/30/2025,9,2324.333333333333,0.1074202878457017,25915.913738,0.5900330021491598
12/30/2025,10,5509.416666666667,0.254620589787139,26965.482716,0.6139287575260549
12/30/2025,11,6564.75,0.3033933750043327,27807.398221,0.6330968230626635
12/30/2025,12,7281.666666666667,0.3365260559284891,27784.972023,0.6325862411450623
12/30/2025,13,6506.25,0.300689766727132,26487.949447,0.603056658198103
12/30/2025,14,5497.416666666667,0.254066003473867,25805.479112,0.5875187140334197
12/30/2025,15,4759.0,0.2199396887384316,25723.061009,0.5856422839281125
12/30/2025,16,3757.25,0.1736432854617508,25053.883368,0.5704069772944366
12/30/2025,17,603.25,0.0278795161234416,25970.2326929999,0.5912696931034594
12/30/2025,18,0.0,0.0,27437.2473479999,0.6246695210947554
12/30/2025,19,0.0,0.0,26881.558527,0.6120180380473126
12/30/2025,20,0.0,0.0,26311.213348,0.5990328706467423
12/30/2025,21,0.0,0.0,25856.830067,0.5886878319139692
12/30/2025,22,0.0,0.0,25291.157024,0.5758090360061581
12/30/2025,23,0.0,0.0,24064.97462,0.5478922859996261
12/30/2025,24,0.0,0.0,22736.714879,0.5176515200154831
12/31/2025,1,0.0,0.0,22593.409076,0.514388846971256
12/31/2025,2,0.0,0.0,22084.478388,0.5028019160699475
12/31/2025,3,0.0,0.0,21774.27746,0.4957395069776946
12/31/2025,4,0.0,0.0,22068.276456,0.5024330433118722
12/31/2025,5,0.0,0.0,21958.505106,0.49993385613887686
12/31/2025,6,0.0,0.0,21885.928312,0.498281485163919
12/31/2025,7,0.0,0.0,22127.732287,0.5037866865912433
12/31/2025,8,85.08333333333333,0.0039321710128517,23220.818517,0.5286732083019989
12/31/2025,9,661.8333333333334,0.0305869756944845,24307.823833,0.5534212845780496
12/31/2025,10,1585.5,0.0732747166410555,25085.708877,0.5711315552819246
12/31/2025,11,2452.0,0.1133204700119005,25395.6295929999,0.5781875847292487
12/31/2025,12,3158.583333333333,0.1459755904996283,25831.986532,0.5881222139817505
12/31/2025,13,3319.333333333333,0.1534047363211671,25823.957196,0.5879394084178317
12/31/2025,14,2552.333333333333,0.1179574277978687,25711.792954,0.5853857417746214
12/31/2025,15,1386.3333333333333,0.0640701243582781,25339.926018,0.5769193698432175
12/31/2025,16,562.5,0.0259962334346223,25441.518352,0.5792323436565802
12/31/2025,17,44.16666666666666,0.0020411857363481,26004.663319,0.5920535823319116
12/31/2025,18,0.0,0.0,26714.956603,0.6082249773674797
12/31/2025,19,0.0,0.0,25910.144877,0.5899016612900558
12/31/2025,20,0.0,0.0,24847.87826,0.5657168161231916
12/31/2025,21,0.0,0.0,23797.290308,0.5417978615531516
12/31/2025,22,0.0,0.0,23204.001181,0.528290324512967
12/31/2025,23,0.0,0.0,22436.358005,0.5108132325495658
12/31/2025,24,0.0,0.0,21726.611339,0.49465428247977544
