demand_mw,solar_mw,gas_mw,load_shedding_mw,solar_cf,timestamp,month,day,hour,date,period,served_by_solar_gas_mw,unserved_share_of_demand
21768.585137,-0.0,15873.654411947795,5894.930725052203,0.0,2025-01-01 00:00:00,1,1,0,2025-01-01,night_00_05,15873.654411947795,0.2707999021503978
21111.893379,-0.0,15873.654411947797,5238.238967052204,0.0,2025-01-01 01:00:00,1,1,1,2025-01-01,night_00_05,15873.654411947797,0.24811791500721958
20358.821469,-0.0,15873.654411947797,4485.167057052202,0.0,2025-01-01 02:00:00,1,1,2,2025-01-01,night_00_05,15873.654411947797,0.22030582977908042
19926.846964,-0.0,15873.654411947797,4053.1925520522036,0.0,2025-01-01 03:00:00,1,1,3,2025-01-01,night_00_05,15873.654411947797,0.2034036071725112
19916.727203,-0.0,15873.654411947797,4043.072791052202,0.0,2025-01-01 04:00:00,1,1,4,2025-01-01,night_00_05,15873.654411947797,0.20299885366925172
20239.135753,-0.0,15873.654411947797,4365.481341052202,0.0,2025-01-01 05:00:00,1,1,5,2025-01-01,night_00_05,15873.654411947797,0.2156950471763656
20807.518556,65.32682690915185,15873.654411947797,4868.53731714305,8.087717068549179e-05,2025-01-01 06:00:00,1,1,6,2025-01-01,morning_06_09,15938.981238856948,0.23397971766985026
24706.531283,917.6863780094726,15873.654411947797,7915.190493042731,0.001136131683439,2025-01-01 17:00:00,1,1,17,2025-01-01,evening_peak_16_20,16791.34078995727,0.32036834318741425
24870.967744,-0.0,15873.654411947797,8997.313332052205,0.0,2025-01-01 18:00:00,1,1,18,2025-01-01,evening_peak_16_20,15873.654411947797,0.36175967998763386
24637.428755,-0.0,15873.654411947797,8763.774343052204,0.0,2025-01-01 19:00:00,1,1,19,2025-01-01,evening_peak_16_20,15873.654411947797,0.3557097792225439
24184.064674,-0.0,15873.654411947797,8310.410262052204,0.0,2025-01-01 20:00:00,1,1,20,2025-01-01,evening_peak_16_20,15873.654411947797,0.3436316588661222
23817.6550599999,-0.0,15873.654411947797,7944.000648052102,0.0,2025-01-01 21:00:00,1,1,21,2025-01-01,late_evening_21_23,15873.654411947797,0.3335341211399732
22709.552699,-0.0,15873.654411947797,6835.898287052203,0.0,2025-01-01 22:00:00,1,1,22,2025-01-01,late_evening_21_23,15873.654411947797,0.3010142197716302
21489.901479,-0.0,15873.654411947797,5616.247067052203,0.0,2025-01-01 23:00:00,1,1,23,2025-01-01,late_evening_21_23,15873.654411947797,0.2613435465276757
20821.21345,-0.0,15873.654411947797,4947.559038052203,0.0,2025-01-02 00:00:00,1,2,0,2025-01-02,night_00_05,15873.654411947797,0.237621070930052
20246.292391,-0.0,15873.654411947797,4372.637979052202,0.0,2025-01-02 01:00:00,1,2,1,2025-01-02,night_00_05,15873.654411947797,0.21597228246076072
19700.929643,-0.0,15873.654411947797,3827.275231052203,0.0,2025-01-02 02:00:00,1,2,2,2025-01-02,night_00_05,15873.654411947797,0.19426876296733966
19905.546645,-0.0,15873.654411947797,4031.892233052202,0.0,2025-01-02 03:00:00,1,2,3,2025-01-02,night_00_05,15873.654411947797,0.20255119364254978
20252.702808,-0.0,15873.654411947797,4379.0483960522015,0.0,2025-01-02 04:00:00,1,2,4,2025-01-02,night_00_05,15873.654411947797,0.2162204441336313
21572.870124,-0.0,15873.654411947797,5699.215712052204,0.0,2025-01-02 05:00:00,1,2,5,2025-01-02,night_00_05,15873.654411947797,0.26418439824155704
23366.737373,136.87525638106703,15873.654411947797,7356.2077046711365,0.0001694569290553,2025-01-02 06:00:00,1,2,6,2025-01-02,morning_06_09,16010.529668328863,0.3148153542895189
26687.078429,3701.8535248518833,15873.654411947797,7111.570492200321,0.0045830396721778,2025-01-02 17:00:00,1,2,17,2025-01-02,evening_peak_16_20,19575.50793679968,0.26647991877868515
26451.635478,-0.0,15873.654411947797,10577.981066052203,0.0,2025-01-02 18:00:00,1,2,18,2025-01-02,evening_peak_16_20,15873.654411947797,0.39989894291602424
26083.005799,-0.0,15873.654411947797,10209.351387052202,0.0,2025-01-02 19:00:00,1,2,19,2025-01-02,evening_peak_16_20,15873.654411947797,0.3914177478518837
25628.024868,-0.0,15873.654411947797,9754.370456052204,0.0,2025-01-02 20:00:00,1,2,20,2025-01-02,evening_peak_16_20,15873.654411947797,0.3806134302699165
24999.451684,-0.0,15873.654411947797,9125.797272052203,0.0,2025-01-02 21:00:00,1,2,21,2025-01-02,late_evening_21_23,15873.654411947797,0.3650398971707384
23676.615942,-0.0,15873.654411947797,7802.961530052204,0.0,2025-01-02 22:00:00,1,2,22,2025-01-02,late_evening_21_23,15873.654411947797,0.32956405379750714
22454.382481,-0.0,15873.654411947797,6580.728069052204,0.0,2025-01-02 23:00:00,1,2,23,2025-01-02,late_evening_21_23,15873.654411947797,0.2930709884638579
22573.185717,-0.0,15873.654411947797,6699.531305052204,0.0,2025-01-03 00:00:00,1,3,0,2025-01-03,night_00_05,15873.654411947797,0.29679157337578393
22380.633737,-0.0,15873.654411947797,6506.979325052203,0.0,2025-01-03 01:00:00,1,3,1,2025-01-03,night_00_05,15873.654411947797,0.29074151346727806
21631.952505,-0.0,15873.654411947797,5758.298093052204,0.0,2025-01-03 02:00:00,1,3,2,2025-01-03,night_00_05,15873.654411947797,0.2661940983700493
21307.396494,-0.0,15873.654411947797,5433.742082052204,0.0,2025-01-03 03:00:00,1,3,3,2025-01-03,night_00_05,15873.654411947797,0.2550167066906698
21211.978156,-0.0,15873.654411947797,5338.323744052204,0.0,2025-01-03 04:00:00,1,3,4,2025-01-03,night_00_05,15873.654411947797,0.2516655308992109
22002.754144,-0.0,15873.654411947797,6129.099732052202,0.0,2025-01-03 05:00:00,1,3,5,2025-01-03,night_00_05,15873.654411947797,0.2785605698240993
23713.972819,-0.0,15873.654411947797,7840.318407052202,0.0,2025-01-03 06:00:00,1,3,6,2025-01-03,morning_06_09,15873.654411947797,0.33062019877033927
26623.716232,-0.0,15873.654411947797,10750.061820052202,0.0,2025-01-03 17:00:00,1,3,17,2025-01-03,evening_peak_16_20,15873.654411947797,0.4037776592259242
26522.376886,-0.0,15873.654411947797,10648.722474052202,0.0,2025-01-03 18:00:00,1,3,18,2025-01-03,evening_peak_16_20,15873.654411947797,0.40149955337046717
26376.436904,-0.0,15873.654411947797,10502.782492052202,0.0,2025-01-03 19:00:00,1,3,19,2025-01-03,evening_peak_16_20,15873.654411947797,0.3981880695363918
25738.420622,-0.0,15873.654411947797,9864.766210052205,0.0,2025-01-03 20:00:00,1,3,20,2025-01-03,evening_peak_16_20,15873.654411947797,0.383270067535545
25289.6765329999,-0.0,15873.654411947797,9416.022121052103,0.0,2025-01-03 21:00:00,1,3,21,2025-01-03,late_evening_21_23,15873.654411947797,0.3723267123944966
24196.6116029999,-0.0,15873.654411947797,8322.957191052103,0.0,2025-01-03 22:00:00,1,3,22,2025-01-03,late_evening_21_23,15873.654411947797,0.3439720125945329
23228.896994,-0.0,15873.654411947797,7355.242582052202,0.0,2025-01-03 23:00:00,1,3,23,2025-01-03,late_evening_21_23,15873.654411947797,0.31664192165267485
22416.9609,-0.0,15873.654411947797,6543.3064880522015,0.0,2025-01-04 00:00:00,1,4,0,2025-01-04,night_00_05,15873.654411947797,0.291890881963942
22101.351714,-0.0,15873.654411947797,6227.697302052204,0.0,2025-01-04 01:00:00,1,4,1,2025-01-04,night_00_05,15873.654411947797,0.28177902341182587
20893.031301,-0.0,15873.654411947797,5019.376889052202,0.0,2025-01-04 02:00:00,1,4,2,2025-01-04,night_00_05,15873.654411947797,0.24024167755934778
20481.088296,-0.0,15873.654411947797,4607.433884052205,0.0,2025-01-04 03:00:00,1,4,3,2025-01-04,night_00_05,15873.654411947797,0.2249604033469279
20251.253931,-0.0,15873.654411947797,4377.599519052203,0.0,2025-01-04 04:00:00,1,4,4,2025-01-04,night_00_05,15873.654411947797,0.2161643685851525
20727.06622,-0.0,15873.654411947797,4853.411808052204,0.0,2025-01-04 05:00:00,1,4,5,2025-01-04,night_00_05,15873.654411947797,0.23415816577886167
21713.260956,108.87804484857055,15873.654411947797,5730.728499203631,0.0001347952844758,2025-01-04 06:00:00,1,4,6,2025-01-04,morning_06_09,15982.532456796367,0.26392758373863995
25550.221122,-0.0,15873.654411947797,9676.566710052202,0.0,2025-01-04 17:00:00,1,4,17,2025-01-04,evening_peak_16_20,15873.654411947797,0.3787273176168406
25720.047271,-0.0,15873.654411947797,9846.392859052203,0.0,2025-01-04 18:00:00,1,4,18,2025-01-04,evening_peak_16_20,15873.654411947797,0.38282950086776313
25403.074854,-0.0,15873.654411947797,9529.420442052202,0.0,2025-01-04 19:00:00,1,4,19,2025-01-04,evening_peak_16_20,15873.654411947797,0.37512862111460843
24776.704857,-0.0,15873.654411947797,8903.050445052204,0.0,2025-01-04 20:00:00,1,4,20,2025-01-04,evening_peak_16_20,15873.654411947797,0.35933149692166927
24296.2122,-0.0,15873.654411947797,8422.557788052205,0.0,2025-01-04 21:00:00,1,4,21,2025-01-04,late_evening_21_23,15873.654411947797,0.34666135275408094
23537.483544,-0.0,15873.654411947797,7663.829132052202,0.0,2025-01-04 22:00:00,1,4,22,2025-01-04,late_evening_21_23,15873.654411947797,0.32560104047341154
22718.895518,-0.0,15873.654411947797,6845.2411060522045,0.0,2025-01-04 23:00:00,1,4,23,2025-01-04,late_evening_21_23,15873.654411947797,0.30130166761974736
22024.283222,-0.0,15873.654411947797,6150.6288100522015,0.0,2025-01-05 00:00:00,1,5,0,2025-01-05,night_00_05,15873.654411947797,0.27926578804200786
21335.625168,-0.0,15873.654411947797,5461.970756052202,0.0,2025-01-05 01:00:00,1,5,1,2025-01-05,night_00_05,15873.654411947797,0.25600237691859523
20453.553996,-0.0,15873.654411947797,4579.899584052202,0.0,2025-01-05 02:00:00,1,5,2,2025-01-05,night_00_05,15873.654411947797,0.22391705543925866
20173.510343,-0.0,15873.654411947797,4299.855931052205,0.0,2025-01-05 03:00:00,1,5,3,2025-01-05,night_00_05,15873.654411947797,0.21314366503121804
20115.85513,-0.0,15873.654411947797,4242.200718052203,0.0,2025-01-05 04:00:00,1,5,4,2025-01-05,night_00_05,15873.654411947797,0.21088841069080633
20569.192669,-0.0,15873.654411947797,4695.538257052203,0.0,2025-01-05 05:00:00,1,5,5,2025-01-05,night_00_05,15873.654411947797,0.22828014364068297
21339.625792,105.76724356715513,15873.654411947797,5360.2041364850475,0.0001309439906336,2025-01-05 06:00:00,1,5,6,2025-01-05,morning_06_09,15979.421655514952,0.2511854794798947
24853.10057,472.8417947709442,15873.654411947797,8506.604363281258,0.0005853966640092,2025-01-05 17:00:00,1,5,17,2025-01-05,evening_peak_16_20,16346.49620671874,0.3422753768416935
25099.710522,-0.0,15873.654411947797,9226.056110052205,0.0,2025-01-05 18:00:00,1,5,18,2025-01-05,evening_peak_16_20,15873.654411947797,0.36757619582765816
24965.094976,-0.0,15873.654411947797,9091.440564052204,0.0,2025-01-05 19:00:00,1,5,19,2025-01-05,evening_peak_16_20,15873.654411947797,0.3641660715808287
24513.344913,-0.0,15873.654411947797,8639.690501052204,0.0,2025-01-05 20:00:00,1,5,20,2025-01-05,evening_peak_16_20,15873.654411947797,0.3524484533512346
24153.980073,-0.0,15873.654411947797,8280.325661052202,0.0,2025-01-05 21:00:00,1,5,21,2025-01-05,late_evening_21_23,15873.654411947797,0.3428141298463761
22862.976892,-0.0,15873.654411947797,6989.322480052202,0.0,2025-01-05 22:00:00,1,5,22,2025-01-05,late_evening_21_23,15873.654411947797,0.3057048306993584
21785.075114,-0.0,15873.654411947797,5911.420702052203,0.0,2025-01-05 23:00:00,1,5,23,2025-01-05,late_evening_21_23,15873.654411947797,0.2713518622781005
21501.93448,-0.0,15873.654411947797,5628.280068052203,0.0,2025-01-06 00:00:00,1,6,0,2025-01-06,night_00_05,15873.654411947797,0.2617569164898787
21242.385153,-0.0,15873.654411947797,5368.730741052203,0.0,2025-01-06 01:00:00,1,6,1,2025-01-06,night_00_05,15873.654411947797,0.25273671964722816
20349.14708,-0.0,15873.654411947797,4475.492668052202,0.0,2025-01-06 02:00:00,1,6,2,2025-01-06,night_00_05,15873.654411947797,0.21993514767264646
20036.645827,-0.0,15873.654411947797,4162.991415052204,0.0,2025-01-06 03:00:00,1,6,3,2025-01-06,night_00_05,15873.654411947797,0.20776887763531976
20513.5474489999,-0.0,15873.654411947797,4639.893037052103,0.0,2025-01-06 04:00:00,1,6,4,2025-01-06,night_00_05,15873.654411947797,0.22618676991815534
22032.455262,-0.0,15873.654411947797,6158.800850052203,0.0,2025-01-06 05:00:00,1,6,5,2025-01-06,night_00_05,15873.654411947797,0.2795331149803563
24098.425334,167.98326919489818,15873.654411947797,8056.787652857305,0.0002079698674769,2025-01-06 06:00:00,1,6,6,2025-01-06,morning_06_09,16041.637681142694,0.33432838624066197
26872.319613,1200.7692946157722,15873.654411947797,9797.895906436432,0.0014865994230761,2025-01-06 17:00:00,1,6,17,2025-01-06,evening_peak_16_20,17074.423706563568,0.364609235359664
26883.053509,1104.3344548927826,15873.654411947797,9905.064642159421,0.001367209313969,2025-01-06 18:00:00,1,6,18,2025-01-06,evening_peak_16_20,16977.98886684058,0.3684501330491854
26673.750601,-0.0,15873.654411947797,10800.096189052203,0.0,2025-01-06 19:00:00,1,6,19,2025-01-06,evening_peak_16_20,15873.654411947797,0.40489604745150864
25968.2196459999,-0.0,15873.654411947797,10094.565234052103,0.0,2025-01-06 20:00:00,1,6,20,2025-01-06,evening_peak_16_20,15873.654411947797,0.3887276591026159
25328.0296739999,-0.0,15873.654411947797,9454.375262052103,0.0,2025-01-06 21:00:00,1,6,21,2025-01-06,late_evening_21_23,15873.654411947797,0.37327717093435603
24833.766237,-0.0,15873.654411947797,8960.111825052203,0.0,2025-01-06 22:00:00,1,6,22,2025-01-06,late_evening_21_23,15873.654411947797,0.36080358249094213
23414.634527,-0.0,15873.654411947797,7540.980115052202,0.0,2025-01-06 23:00:00,1,6,23,2025-01-06,late_evening_21_23,15873.654411947797,0.3220626871778208
22372.920049,-0.0,15873.654411947797,6499.265637052204,0.0,2025-01-07 00:00:00,1,7,0,2025-01-07,night_00_05,15873.654411947797,0.29049697682814096
21768.569997,-0.0,15873.654411947797,5894.915585052202,0.0,2025-01-07 01:00:00,1,7,1,2025-01-07,night_00_05,15873.654411947797,0.2707993949930841
20951.690316,-0.0,15873.654411947797,5078.0359040522035,0.0,2025-01-07 02:00:00,1,7,2,2025-01-07,night_00_05,15873.654411947797,0.2423687935180248
20648.692088,-0.0,15873.654411947797,4775.037676052203,0.0,2025-01-07 03:00:00,1,7,3,2025-01-07,night_00_05,15873.654411947797,0.23125133813328638
21056.089303,-0.0,15873.654411947797,5182.434891052204,0.0,2025-01-07 04:00:00,1,7,4,2025-01-07,night_00_05,15873.654411947797,0.24612523325087854
22309.60882,-0.0,15873.654411947797,6435.954408052205,0.0,2025-01-07 05:00:00,1,7,5,2025-01-07,night_00_05,15873.654411947797,0.2884835166756727
24386.447837,-0.0,15873.654411947797,8512.793425052203,0.0,2025-01-07 06:00:00,1,7,6,2025-01-07,morning_06_09,15873.654411947797,0.34907886060126747
26681.007947,-0.0,15873.654411947797,10807.353535052202,0.0,2025-01-07 17:00:00,1,7,17,2025-01-07,evening_peak_16_20,15873.654411947797,0.4050579182210909
26807.390853,-0.0,15873.654411947797,10933.736441052204,0.0,2025-01-07 18:00:00,1,7,18,2025-01-07,evening_peak_16_20,15873.654411947797,0.4078627607217737
26456.062724,-0.0,15873.654411947797,10582.408312052203,0.0,2025-01-07 19:00:00,1,7,19,2025-01-07,evening_peak_16_20,15873.654411947797,0.3999993658335342
25759.133538,-0.0,15873.654411947797,9885.479126052202,0.0,2025-01-07 20:00:00,1,7,20,2025-01-07,evening_peak_16_20,15873.654411947797,0.38376597999575934
25078.213348,-0.0,15873.654411947797,9204.558936052204,0.0,2025-01-07 21:00:00,1,7,21,2025-01-07,late_evening_21_23,15873.654411947797,0.367034078876527
23729.803663,-0.0,15873.654411947797,7856.149251052202,0.0,2025-01-07 22:00:00,1,7,22,2025-01-07,late_evening_21_23,15873.654411947797,0.33106676155528725
22346.731634,-0.0,15873.654411947797,6473.077222052203,0.0,2025-01-07 23:00:00,1,7,23,2025-01-07,late_evening_21_23,15873.654411947797,0.2896655013390672
21877.661997,-0.0,15873.654411947797,6004.007585052203,0.0,2025-01-08 00:00:00,1,8,0,2025-01-08,night_00_05,15873.654411947797,0.274435521760758
21251.191358,-0.0,15873.654411947797,5377.536946052203,0.0,2025-01-08 01:00:00,1,8,1,2025-01-08,night_00_05,15873.654411947797,0.2530463753989883
20668.657322,-0.0,15873.654411947797,4795.002910052202,0.0,2025-01-08 02:00:00,1,8,2,2025-01-08,night_00_05,15873.654411947797,0.23199392371503186
20544.69509,-0.0,15873.654411947797,4671.040678052204,0.0,2025-01-08 03:00:00,1,8,3,2025-01-08,night_00_05,15873.654411947797,0.22735994170708348
20469.066233,-0.0,15873.654411947797,4595.411821052205,0.0,2025-01-08 04:00:00,1,8,4,2025-01-08,night_00_05,15873.654411947797,0.22450520061552845
21618.875931,-0.0,15873.654411947797,5745.221519052202,0.0,2025-01-08 05:00:00,1,8,5,2025-01-08,night_00_05,15873.654411947797,0.2657502423987708
23384.455065,-0.0,15873.654411947797,7510.800653052202,0.0,2025-01-08 06:00:00,1,8,6,2025-01-08,morning_06_09,15873.654411947797,0.32118775623271945
25779.026612,3785.845159449373,15873.654411947797,6119.527040602832,0.0046870246059163,2025-01-08 17:00:00,1,8,17,2025-01-08,evening_peak_16_20,19659.49957139717,0.23738394520118244
25989.9919959999,-0.0,15873.654411947797,10116.337584052102,0.0,2025-01-08 18:00:00,1,8,18,2025-01-08,evening_peak_16_20,15873.654411947797,0.3892397344950741
25696.741069,-0.0,15873.654411947797,9823.086657052203,0.0,2025-01-08 19:00:00,1,8,19,2025-01-08,evening_peak_16_20,15873.654411947797,0.3822697450495995
25314.289918,-0.0,15873.654411947797,9440.635506052202,0.0,2025-01-08 20:00:00,1,8,20,2025-01-08,evening_peak_16_20,15873.654411947797,0.372937006593234
24779.803775,-0.0,15873.654411947797,8906.149363052204,0.0,2025-01-08 21:00:00,1,8,21,2025-01-08,late_evening_21_23,15873.654411947797,0.35941161778034314
23472.165254,-0.0,15873.654411947797,7598.510842052203,0.0,2025-01-08 22:00:00,1,8,22,2025-01-08,late_evening_21_23,15873.654411947797,0.3237243245276362
22355.27066,-0.0,15873.654411947797,6481.616248052202,0.0,2025-01-08 23:00:00,1,8,23,2025-01-08,late_evening_21_23,15873.654411947797,0.289936827275801
21933.86865,-0.0,15873.654411947797,6060.214238052204,0.0,2025-01-09 00:00:00,1,9,0,2025-01-09,night_00_05,15873.654411947797,0.276294817606296
21214.254055,-0.0,15873.654411947797,5340.599643052205,0.0,2025-01-09 01:00:00,1,9,1,2025-01-09,night_00_05,15873.654411947797,0.2517458134142348
20808.516987,-0.0,15873.654411947797,4934.862575052202,0.0,2025-01-09 02:00:00,1,9,2,2025-01-09,night_00_05,15873.654411947797,0.23715590006415302
20507.422434,-0.0,15873.654411947797,4633.768022052203,0.0,2025-01-09 03:00:00,1,9,3,2025-01-09,night_00_05,15873.654411947797,0.22595565273818669
20812.615891,-0.0,15873.654411947797,4938.961479052205,0.0,2025-01-09 04:00:00,1,9,4,2025-01-09,night_00_05,15873.654411947797,0.23730613705257297
22034.681507,-0.0,15873.654411947797,6161.0270950522045,0.0,2025-01-09 05:00:00,1,9,5,2025-01-09,night_00_05,15873.654411947797,0.27960590640236677
24297.671296,59.10522434637548,15873.654411947797,8364.91165970583,7.317458300115923e-05,2025-01-09 06:00:00,1,9,6,2025-01-09,morning_06_09,15932.759636294171,0.3442680394265973
25885.558148,379.51775632928917,15873.654411947797,9632.385979722914,0.0004698578487442,2025-01-09 17:00:00,1,9,17,2025-01-09,evening_peak_16_20,16253.172168277086,0.3721142856820007
26181.912257,-0.0,15873.654411947797,10308.257845052203,0.0,2025-01-09 18:00:00,1,9,18,2025-01-09,evening_peak_16_20,15873.654411947797,0.3937167668987274
26047.567138,-0.0,15873.654411947797,10173.912726052202,0.0,2025-01-09 19:00:00,1,9,19,2025-01-09,evening_peak_16_20,15873.654411947797,0.3905897495973738
25376.494205,-0.0,15873.654411947797,9502.839793052202,0.0,2025-01-09 20:00:00,1,9,20,2025-01-09,evening_peak_16_20,15873.654411947797,0.3744740986002642
24874.342615,-0.0,15873.654411947797,9000.688203052205,0.0,2025-01-09 21:00:00,1,9,21,2025-01-09,late_evening_21_23,15873.654411947797,0.3618462743865444
23597.184917,-0.0,15873.654411947797,7723.530505052202,0.0,2025-01-09 22:00:00,1,9,22,2025-01-09,late_evening_21_23,15873.654411947797,0.3273072839925062
22338.387894,-0.0,15873.654411947797,6464.733482052203,0.0,2025-01-09 23:00:00,1,9,23,2025-01-09,late_evening_21_23,15873.654411947797,0.28940018020676433
22206.654326,-0.0,15873.654411947797,6332.999914052203,0.0,2025-01-10 00:00:00,1,10,0,2025-01-10,night_00_05,15873.654411947797,0.28518478385271206
21366.9386969999,-0.0,15873.654411947797,5493.284285052103,0.0,2025-01-10 01:00:00,1,10,1,2025-01-10,night_00_05,15873.654411947797,0.2570927151966513
20614.002289,-0.0,15873.654411947797,4740.347877052203,0.0,2025-01-10 02:00:00,1,10,2,2025-01-10,night_00_05,15873.654411947797,0.22995766715237717
20367.716719,-0.0,15873.654411947797,4494.062307052203,0.0,2025-01-10 03:00:00,1,10,3,2025-01-10,night_00_05,15873.654411947797,0.2206463477990109
20628.3530709999,-0.0,15873.654411947797,4754.698659052103,0.0,2025-01-10 04:00:00,1,10,4,2025-01-10,night_00_05,15873.654411947797,0.23049337204415188
21948.520742,-0.0,15873.654411947797,6074.866330052204,0.0,2025-01-10 05:00:00,1,10,5,2025-01-10,night_00_05,15873.654411947797,0.27677793877140566
23676.196028,74.6592307533164,15873.654411947797,7727.882385298885,9.24310522119906e-05,2025-01-10 06:00:00,1,10,6,2025-01-10,morning_06_09,15948.313642701112,0.32639881745191324
25840.179073,3692.5211210077177,15873.654411947797,6274.003540044485,0.0045714857906513,2025-01-10 17:00:00,1,10,17,2025-01-10,evening_peak_16_20,19566.175532955516,0.24280031196068969
25630.811064,-0.0,15873.654411947797,9757.156652052205,0.0,2025-01-10 18:00:00,1,10,18,2025-01-10,evening_peak_16_20,15873.654411947797,0.38068076065515977
25411.449232,-0.0,15873.654411947797,9537.794820052202,0.0,2025-01-10 19:00:00,1,10,19,2025-01-10,evening_peak_16_20,15873.654411947797,0.37533454833585395
25067.576995,-0.0,15873.654411947797,9193.922583052203,0.0,2025-01-10 20:00:00,1,10,20,2025-01-10,evening_peak_16_20,15873.654411947797,0.3667655068890795
24757.104272,-0.0,15873.654411947797,8883.449860052204,0.0,2025-01-10 21:00:00,1,10,21,2025-01-10,late_evening_21_23,15873.654411947797,0.35882426969050996
23708.592938,-0.0,15873.654411947797,7834.938526052205,0.0,2025-01-10 22:00:00,1,10,22,2025-01-10,late_evening_21_23,15873.654411947797,0.3304683051643444
22928.1597669999,-0.0,15873.654411947797,7054.5053550521025,0.0,2025-01-10 23:00:00,1,10,23,2025-01-10,late_evening_21_23,15873.654411947797,0.3076786548393443
22349.367676,-0.0,15873.654411947797,6475.713264052205,0.0,2025-01-11 00:00:00,1,11,0,2025-01-11,night_00_05,15873.654411947797,0.2897492831981187
21457.008899,-0.0,15873.654411947797,5583.354487052204,0.0,2025-01-11 01:00:00,1,11,1,2025-01-11,night_00_05,15873.654411947797,0.26021122111350825
20608.517569,-0.0,15873.654411947797,4734.863157052203,0.0,2025-01-11 02:00:00,1,11,2,2025-01-11,night_00_05,15873.654411947797,0.22975272923922183
20315.29275,-0.0,15873.654411947797,4441.638338052204,0.0,2025-01-11 03:00:00,1,11,3,2025-01-11,night_00_05,15873.654411947797,0.21863521204006295
20407.00647,-0.0,15873.654411947797,4533.352058052204,0.0,2025-01-11 04:00:00,1,11,4,2025-01-11,night_00_05,15873.654411947797,0.22214684278738328
21036.804329,-0.0,15873.654411947797,5163.149917052202,0.0,2025-01-11 05:00:00,1,11,5,2025-01-11,night_00_05,15873.654411947797,0.245434137063043
22016.105338,99.54564100440504,15873.654411947797,6042.905285047799,0.0001232414029493,2025-01-11 06:00:00,1,11,6,2025-01-11,morning_06_09,15973.200052952201,0.27447657940742537
24362.702704,877.2459613513952,15873.654411947797,7611.802330700808,0.0010860648634908,2025-01-11 17:00:00,1,11,17,2025-01-11,evening_peak_16_20,16750.90037329919,0.31243669568118404
24660.268554,-0.0,15873.654411947797,8786.614142052202,0.0,2025-01-11 18:00:00,1,11,18,2025-01-11,evening_peak_16_20,15873.654411947797,0.35630650667131425
24305.730717,-0.0,15873.654411947797,8432.076305052202,0.0,2025-01-11 19:00:00,1,11,19,2025-01-11,evening_peak_16_20,15873.654411947797,0.346917210728193
23992.7157779999,-0.0,15873.654411947797,8119.061366052103,0.0,2025-01-11 20:00:00,1,11,20,2025-01-11,evening_peak_16_20,15873.654411947797,0.33839693018398814
23658.040196,-0.0,15873.654411947797,7784.385784052205,0.0,2025-01-11 21:00:00,1,11,21,2025-01-11,late_evening_21_23,15873.654411947797,0.32903764299835603
22791.660289,-0.0,15873.654411947797,6918.005877052203,0.0,2025-01-11 22:00:00,1,11,22,2025-01-11,late_evening_21_23,15873.654411947797,0.3035323354828634
21840.539642,-0.0,15873.654411947797,5966.885230052203,0.0,2025-01-11 23:00:00,1,11,23,2025-01-11,late_evening_21_23,15873.654411947797,0.27320228015692927
21442.800187,-0.0,15873.654411947797,5569.145775052204,0.0,2025-01-12 00:00:00,1,12,0,2025-01-12,night_00_05,15873.654411947797,0.2597210124836483
20792.852471,-0.0,15873.654411947797,4919.198059052202,0.0,2025-01-12 01:00:00,1,12,1,2025-01-12,night_00_05,15873.654411947797,0.23658120336846794
20435.315162,-0.0,15873.654411947797,4561.660750052202,0.0,2025-01-12 02:00:00,1,12,2,2025-01-12,night_00_05,15873.654411947797,0.22322438944003806
20150.891224,-0.0,15873.654411947797,4277.236812052202,0.0,2025-01-12 03:00:00,1,12,3,2025-01-12,night_00_05,15873.654411947797,0.21226042880713644
19859.008573,-0.0,15873.654411947797,3985.3541610522025,0.0,2025-01-12 04:00:00,1,12,4,2025-01-12,night_00_05,15873.654411947797,0.2006824331840326
20174.441876,-0.0,15873.654411947797,4300.787464052204,0.0,2025-01-12 05:00:00,1,12,5,2025-01-12,night_00_05,15873.654411947797,0.2131799972701363
21057.161218,62.21602562776367,15873.654411947797,5121.2907804244405,7.702587684332552e-05,2025-01-12 06:00:00,1,12,6,2025-01-12,morning_06_09,15935.87043757556,0.2432089837469012
24555.823951,2420.2033969199565,15873.654411947797,6261.966142132245,0.0029963066092053,2025-01-12 17:00:00,1,12,17,2025-01-12,evening_peak_16_20,18293.857808867753,0.25500940854714166
25078.768139,-0.0,15873.654411947797,9205.113727052203,0.0,2025-01-12 18:00:00,1,12,18,2025-01-12,evening_peak_16_20,15873.654411947797,0.367048081310554
24852.52236,-0.0,15873.654411947797,8978.867948052202,0.0,2025-01-12 19:00:00,1,12,19,2025-01-12,evening_peak_16_20,15873.654411947797,0.36128598208219065
24446.2229129999,-0.0,15873.654411947797,8572.568501052103,0.0,2025-01-12 20:00:00,1,12,20,2025-01-12,evening_peak_16_20,15873.654411947797,0.3506704709173466
24061.827712,-0.0,15873.654411947797,8188.173300052202,0.0,2025-01-12 21:00:00,1,12,21,2025-01-12,late_evening_21_23,15873.654411947797,0.3402972292070995
22796.681897,-0.0,15873.654411947797,6923.027485052202,0.0,2025-01-12 22:00:00,1,12,22,2025-01-12,late_evening_21_23,15873.654411947797,0.3036857520024991
21912.726045,-0.0,15873.654411947797,6039.071633052203,0.0,2025-01-12 23:00:00,1,12,23,2025-01-12,late_evening_21_23,15873.654411947797,0.27559654698600067
21876.139438,-0.0,15873.654411947797,6002.485026052202,0.0,2025-01-13 00:00:00,1,13,0,2025-01-13,night_00_05,15873.654411947797,0.27438502314652335
21305.3735749999,-0.0,15873.654411947797,5431.719163052103,0.0,2025-01-13 01:00:00,1,13,1,2025-01-13,night_00_05,15873.654411947797,0.25494597144383224
21094.352573,-0.0,15873.654411947797,5220.698161052203,0.0,2025-01-13 02:00:00,1,13,2,2025-01-13,night_00_05,15873.654411947797,0.24749269469092436
21052.321618,-0.0,15873.654411947797,5178.667206052205,0.0,2025-01-13 03:00:00,1,13,3,2025-01-13,night_00_05,15873.654411947797,0.2459903140385419
21166.738606,-0.0,15873.654411947797,5293.084194052202,0.0,2025-01-13 04:00:00,1,13,4,2025-01-13,night_00_05,15873.654411947797,0.25006611989585426
22751.823528,-0.0,15873.654411947797,6878.169116052204,0.0,2025-01-13 05:00:00,1,13,5,2025-01-13,night_00_05,15873.654411947797,0.3023128720907774
25039.684855,83.9916345974087,15873.654411947797,9082.038808454794,0.0001039849337384,2025-01-13 06:00:00,1,13,6,2025-01-13,morning_06_09,15957.646046545206,0.3627057952624857
26794.490836,139.9860576624017,15873.654411947797,10780.850366389803,0.0001733082228974,2025-01-13 17:00:00,1,13,17,2025-01-13,evening_peak_16_20,16013.640469610198,0.4023532461346526
27188.188942,-0.0,15873.654411947797,11314.534530052204,0.0,2025-01-13 18:00:00,1,13,18,2025-01-13,evening_peak_16_20,15873.654411947797,0.4161562417485499
26763.280646,-0.0,15873.654411947797,10889.626234052203,0.0,2025-01-13 19:00:00,1,13,19,2025-01-13,evening_peak_16_20,15873.654411947797,0.4068868229605383
26279.01978,-0.0,15873.654411947797,10405.365368052202,0.0,2025-01-13 20:00:00,1,13,20,2025-01-13,evening_peak_16_20,15873.654411947797,0.3959571344427141
25795.524221,-0.0,15873.654411947797,9921.869809052203,0.0,2025-01-13 21:00:00,1,13,21,2025-01-13,late_evening_21_23,15873.654411947797,0.3846353237115011
24332.7713869999,-0.0,15873.654411947797,8459.116975052102,0.0,2025-01-13 22:00:00,1,13,22,2025-01-13,late_evening_21_23,15873.654411947797,0.34764297253750126
22853.810981,-0.0,15873.654411947797,6980.156569052202,0.0,2025-01-13 23:00:00,1,13,23,2025-01-13,late_evening_21_23,15873.654411947797,0.30542637177034954
22799.508721,-0.0,15873.654411947797,6925.854309052202,0.0,2025-01-14 00:00:00,1,14,0,2025-01-14,night_00_05,15873.654411947797,0.3037720853464263
22241.760661,-0.0,15873.654411947797,6368.106249052204,0.0,2025-01-14 01:00:00,1,14,1,2025-01-14,night_00_05,15873.654411947797,0.2863130462606952
21830.847493,-0.0,15873.654411947797,5957.193081052204,0.0,2025-01-14 02:00:00,1,14,2,2025-01-14,night_00_05,15873.654411947797,0.2728796068481703
21711.939436,-0.0,15873.654411947797,5838.285024052204,0.0,2025-01-14 03:00:00,1,14,3,2025-01-14,night_00_05,15873.654411947797,0.26889744425004686
22010.4605959999,-0.0,15873.654411947797,6136.806184052102,0.0,2025-01-14 04:00:00,1,14,4,2025-01-14,night_00_05,15873.654411947797,0.2788131650987523
23508.869977,-0.0,15873.654411947797,7635.215565052202,0.0,2025-01-14 05:00:00,1,14,5,2025-01-14,night_00_05,15873.654411947797,0.32478020306897554
26124.805991,96.43483972298962,15873.654411947797,10154.716739329215,0.0001193901091071,2025-01-14 06:00:00,1,14,6,2025-01-14,morning_06_09,15970.089251670786,0.3887001780157723
26765.029257,220.86689097855648,15873.654411947797,10670.507954073646,0.0002734418627938,2025-01-14 17:00:00,1,14,17,2025-01-14,evening_peak_16_20,16094.521302926352,0.39867350233823984
26995.094721,-0.0,15873.654411947797,11121.440309052205,0.0,2025-01-14 18:00:00,1,14,18,2025-01-14,evening_peak_16_20,15873.654411947797,0.4119800439300042
26713.718593,-0.0,15873.654411947797,10840.064181052205,0.0,2025-01-14 19:00:00,1,14,19,2025-01-14,evening_peak_16_20,15873.654411947797,0.4057864180650877
26286.569534,-0.0,15873.654411947797,10412.915122052202,0.0,2025-01-14 20:00:00,1,14,20,2025-01-14,evening_peak_16_20,15873.654411947797,0.3961306213267487
25633.652415,-0.0,15873.654411947797,9759.998003052204,0.0,2025-01-14 21:00:00,1,14,21,2025-01-14,late_evening_21_23,15873.654411947797,0.38074940882560154
24227.053935,-0.0,15873.654411947797,8353.399523052203,0.0,2025-01-14 22:00:00,1,14,22,2025-01-14,late_evening_21_23,15873.654411947797,0.34479633988779507
22642.010272,-0.0,15873.654411947797,6768.355860052203,0.0,2025-01-14 23:00:00,1,14,23,2025-01-14,late_evening_21_23,15873.654411947797,0.2989291047368801
22222.132026,-0.0,15873.654411947797,6348.477614052203,0.0,2025-01-15 00:00:00,1,15,0,2025-01-15,night_00_05,15873.654411947797,0.2856826521696682
21903.7014619999,-0.0,15873.654411947797,6030.047050052102,0.0,2025-01-15 01:00:00,1,15,1,2025-01-15,night_00_05,15873.654411947797,0.27529808423080715
22124.928666,-0.0,15873.654411947797,6251.274254052203,0.0,2025-01-15 02:00:00,1,15,2,2025-01-15,night_00_05,15873.654411947797,0.28254438007109656
21787.7664359999,-0.0,15873.654411947797,5914.112024052103,0.0,2025-01-15 03:00:00,1,15,3,2025-01-15,night_00_05,15873.654411947797,0.271441868143043
21652.006842,-0.0,15873.654411947797,5778.352430052202,0.0,2025-01-15 04:00:00,1,15,4,2025-01-15,night_00_05,15873.654411947797,0.26687375780999223
23272.807142,-0.0,15873.654411947797,7399.152730052205,0.0,2025-01-15 05:00:00,1,15,5,2025-01-15,night_00_05,15873.654411947797,0.3179312527666287
25733.404325,96.43483972298962,15873.654411947797,9763.315073329213,0.0001193901091071,2025-01-15 06:00:00,1,15,6,2025-01-15,morning_06_09,15970.089251670786,0.379402388818185
26651.9184299999,1801.1539419236988,15873.654411947797,8977.110076128403,0.0022298991346142,2025-01-15 17:00:00,1,15,17,2025-01-15,evening_peak_16_20,17674.808353871496,0.3368279135217373
26703.002452,-0.0,15873.654411947797,10829.348040052204,0.0,2025-01-15 18:00:00,1,15,18,2025-01-15,evening_peak_16_20,15873.654411947797,0.4055479551229681
26441.408996,-0.0,15873.654411947797,10567.754584052202,0.0,2025-01-15 19:00:00,1,15,19,2025-01-15,evening_peak_16_20,15873.654411947797,0.3996668477708911
25890.950219,-0.0,15873.654411947797,10017.295807052202,0.0,2025-01-15 20:00:00,1,15,20,2025-01-15,evening_peak_16_20,15873.654411947797,0.38690336671000347
25313.297797,-0.0,15873.654411947797,9439.643385052203,0.0,2025-01-15 21:00:00,1,15,21,2025-01-15,late_evening_21_23,15873.654411947797,0.3729124296942037
24040.512978,-0.0,15873.654411947797,8166.858566052202,0.0,2025-01-15 22:00:00,1,15,22,2025-01-15,late_evening_21_23,15873.654411947797,0.3397123253370622
22725.371374,-0.0,15873.654411947797,6851.716962052202,0.0,2025-01-15 23:00:00,1,15,23,2025-01-15,late_evening_21_23,15873.654411947797,0.3015007697472096
22209.086879,-0.0,15873.654411947797,6335.432467052202,0.0,2025-01-16 00:00:00,1,16,0,2025-01-16,night_00_05,15873.654411947797,0.28526307729665046
21809.293868,-0.0,15873.654411947797,5935.639456052204,0.0,2025-01-16 01:00:00,1,16,1,2025-01-16,night_00_05,15873.654411947797,0.2721610104379104
21518.607021,-0.0,15873.654411947797,5644.952609052203,0.0,2025-01-16 02:00:00,1,16,2,2025-01-16,night_00_05,15873.654411947797,0.2623289046332458
21309.399808,-0.0,15873.654411947797,5435.745396052202,0.0,2025-01-16 03:00:00,1,16,3,2025-01-16,night_00_05,15873.654411947797,0.25508674317572794
21637.647606,-0.0,15873.654411947797,5763.993194052202,0.0,2025-01-16 04:00:00,1,16,4,2025-01-16,night_00_05,15873.654411947797,0.26638723853021246
23167.791348,-0.0,15873.654411947797,7294.136936052202,0.0,2025-01-16 05:00:00,1,16,5,2025-01-16,night_00_05,15873.654411947797,0.3148395471319661
25698.948951,211.53448713439101,15873.654411947797,9613.76005191781,0.0002618879812673,2025-01-16 06:00:00,1,16,6,2025-01-16,morning_06_09,16085.188899082188,0.37409156577758484
26726.336765,3844.9503837957814,15873.654411947797,7007.7319692564215,0.0047601991889175,2025-01-16 17:00:00,1,16,17,2025-01-16,evening_peak_16_20,19718.604795743577,0.26220323536570617
26972.055726,-0.0,15873.654411947797,11098.401314052202,0.0,2025-01-16 18:00:00,1,16,18,2025-01-16,evening_peak_16_20,15873.654411947797,0.4114777689471322
26571.684762,-0.0,15873.654411947797,10698.030350052204,0.0,2025-01-16 19:00:00,1,16,19,2025-01-16,evening_peak_16_20,15873.654411947797,0.40261016363371094
26408.16233,-0.0,15873.654411947797,10534.507918052203,0.0,2025-01-16 20:00:00,1,16,20,2025-01-16,evening_peak_16_20,15873.654411947797,0.39891105584748965
25879.968122,-0.0,15873.654411947797,10006.313710052202,0.0,2025-01-16 21:00:00,1,16,21,2025-01-16,late_evening_21_23,15873.654411947797,0.3866432007520926
24608.609681,-0.0,15873.654411947797,8734.955269052205,0.0,2025-01-16 22:00:00,1,16,22,2025-01-16,late_evening_21_23,15873.654411947797,0.35495525274621076
23176.110102,-0.0,15873.654411947797,7302.455690052202,0.0,2025-01-16 23:00:00,1,16,23,2025-01-16,late_evening_21_23,15873.654411947797,0.3150854762906063
22601.663375,-0.0,15873.654411947797,6728.008963052203,0.0,2025-01-17 00:00:00,1,17,0,2025-01-17,night_00_05,15873.654411947797,0.29767760237036994
22041.593445,-0.0,15873.654411947797,6167.939033052202,0.0,2025-01-17 01:00:00,1,17,1,2025-01-17,night_00_05,15873.654411947797,0.27983181199866297
21590.088633,-0.0,15873.654411947797,5716.434221052203,0.0,2025-01-17 02:00:00,1,17,2,2025-01-17,night_00_05,15873.654411947797,0.2647712252702267
21412.11717,-0.0,15873.654411947797,5538.462758052205,0.0,2025-01-17 03:00:00,1,17,3,2025-01-17,night_00_05,15873.654411947797,0.2586602116026159
21732.276418,-0.0,15873.654411947797,5858.622006052205,0.0,2025-01-17 04:00:00,1,17,4,2025-01-17,night_00_05,15873.654411947797,0.26958160725397984
23207.476926,-0.0,15873.654411947797,7333.822514052203,0.0,2025-01-17 05:00:00,1,17,5,2025-01-17,night_00_05,15873.654411947797,0.3160111949022736
25515.0793179999,37.3296153766582,15873.654411947797,9604.095290675443,4.621552610599531e-05,2025-01-17 06:00:00,1,17,6,2025-01-17,morning_06_09,15910.984027324455,0.3764086002233247
26231.827934,2065.572050841748,15873.654411947797,8292.601471210455,0.0025572591111984,2025-01-17 17:00:00,1,17,17,2025-01-17,evening_peak_16_20,17939.226462789546,0.3161274727813429
26553.973918,-0.0,15873.654411947797,10680.319506052203,0.0,2025-01-17 18:00:00,1,17,18,2025-01-17,evening_peak_16_20,15873.654411947797,0.40221171938458494
26328.043309,-0.0,15873.654411947797,10454.388897052204,0.0,2025-01-17 19:00:00,1,17,19,2025-01-17,evening_peak_16_20,15873.654411947797,0.39708187860198735
26176.003149,-0.0,15873.654411947797,10302.348737052203,0.0,2025-01-17 20:00:00,1,17,20,2025-01-17,evening_peak_16_20,15873.654411947797,0.39357990134738285
25463.416407,-0.0,15873.654411947797,9589.761995052204,0.0,2025-01-17 21:00:00,1,17,21,2025-01-17,late_evening_21_23,15873.654411947797,0.3766094007878667
24420.2244979999,-0.0,15873.654411947797,8546.570086052105,0.0,2025-01-17 22:00:00,1,17,22,2025-01-17,late_evening_21_23,15873.654411947797,0.3499791775768522
23109.344863,-0.0,15873.654411947797,7235.690451052202,0.0,2025-01-17 23:00:00,1,17,23,2025-01-17,late_evening_21_23,15873.654411947797,0.3131066888286024
22815.653198,-0.0,15873.654411947797,6941.998786052203,0.0,2025-01-18 00:00:00,1,18,0,2025-01-18,night_00_05,15873.654411947797,0.30426473990500225
22152.8621179999,-0.0,15873.654411947797,6279.207706052102,0.0,2025-01-18 01:00:00,1,18,1,2025-01-18,night_00_05,15873.654411947797,0.2834490492743169
21353.7286069999,-0.0,15873.654411947797,5480.074195052102,0.0,2025-01-18 02:00:00,1,18,2,2025-01-18,night_00_05,15873.654411947797,0.2566331293194246
20950.0020789999,-0.0,15873.654411947797,5076.347667052103,0.0,2025-01-18 03:00:00,1,18,3,2025-01-18,night_00_05,15873.654411947797,0.24230774049137638
20684.709003,-0.0,15873.654411947797,4811.054591052203,0.0,2025-01-18 04:00:00,1,18,4,2025-01-18,night_00_05,15873.654411947797,0.2325899093071328
21539.061644,-0.0,15873.654411947797,5665.407232052205,0.0,2025-01-18 05:00:00,1,18,5,2025-01-18,night_00_05,15873.654411947797,0.26302943580786775
22451.086302,118.21044869273605,15873.654411947797,6459.221441359467,0.0001463491660023,2025-01-18 06:00:00,1,18,6,2025-01-18,morning_06_09,15991.864860640533,0.28770195590865744
24354.726639,1564.7330445382265,15873.654411947797,6916.339182513977,0.0019372008026096,2025-01-18 17:00:00,1,18,17,2025-01-18,evening_peak_16_20,17438.387456486023,0.2839834453916072
24938.554499,-0.0,15873.654411947797,9064.900087052205,0.0,2025-01-18 18:00:00,1,18,18,2025-01-18,evening_peak_16_20,15873.654411947797,0.3634893950014502
24667.433573,-0.0,15873.654411947797,8793.779161052202,0.0,2025-01-18 19:00:00,1,18,19,2025-01-18,evening_peak_16_20,15873.654411947797,0.35649347691676875
24350.546527,-0.0,15873.654411947797,8476.892115052202,0.0,2025-01-18 20:00:00,1,18,20,2025-01-18,evening_peak_16_20,15873.654411947797,0.3481191728347035
23946.4554059999,-0.0,15873.654411947797,8072.800994052102,0.0,2025-01-18 21:00:00,1,18,21,2025-01-18,late_evening_21_23,15873.654411947797,0.3371188285356597
23155.256724,-0.0,15873.654411947797,7281.602312052202,0.0,2025-01-18 22:00:00,1,18,22,2025-01-18,late_evening_21_23,15873.654411947797,0.31446864955312526
22024.233576,-0.0,15873.654411947797,6150.579164052202,0.0,2025-01-18 23:00:00,1,18,23,2025-01-18,late_evening_21_23,15873.654411947797,0.2792641633965661
21791.746249,-0.0,15873.654411947797,5918.091837052203,0.0,2025-01-19 00:00:00,1,19,0,2025-01-19,night_00_05,15873.654411947797,0.27157492425939833
21391.733776,-0.0,15873.654411947797,5518.079364052204,0.0,2025-01-19 01:00:00,1,19,1,2025-01-19,night_00_05,15873.654411947797,0.2579538162653789
20845.692394,-0.0,15873.654411947797,4972.037982052205,0.0,2025-01-19 02:00:00,1,19,2,2025-01-19,night_00_05,15873.654411947797,0.23851632692629113
20515.579774,-0.0,15873.654411947797,4641.925362052205,0.0,2025-01-19 03:00:00,1,19,3,2025-01-19,night_00_05,15873.654411947797,0.2262634258055458
20445.057523,-0.0,15873.654411947797,4571.403111052203,0.0,2025-01-19 04:00:00,1,19,4,2025-01-19,night_00_05,15873.654411947797,0.22359453407795643
20925.155938,-0.0,15873.654411947797,5051.501526052203,0.0,2025-01-19 05:00:00,1,19,5,2025-01-19,night_00_05,15873.654411947797,0.2414080707938093
21928.05968,192.86967944606002,15873.654411947797,5861.535588606142,0.0002387802182143,2025-01-19 06:00:00,1,19,6,2025-01-19,morning_06_09,16066.524091393856,0.267307535374518
24896.483495,4859.071601528324,15873.654411947797,4163.7574815238795,0.0060157209814637,2025-01-19 17:00:00,1,19,17,2025-01-19,evening_peak_16_20,20732.72601347612,0.1672427948453079
25420.532794,939.4619869792191,15873.654411947797,8607.416395072984,0.0011630907403342,2025-01-19 18:00:00,1,19,18,2025-01-19,evening_peak_16_20,16813.116398927017,0.33860094376560784
25216.132138,-0.0,15873.654411947797,9342.477726052204,0.0,2025-01-19 19:00:00,1,19,19,2025-01-19,evening_peak_16_20,15873.654411947797,0.37049606477804553
24806.960443,-0.0,15873.654411947797,8933.306031052203,0.0,2025-01-19 20:00:00,1,19,20,2025-01-19,evening_peak_16_20,15873.654411947797,0.3601128824943563
24192.184513,-0.0,15873.654411947797,8318.530101052203,0.0,2025-01-19 21:00:00,1,19,21,2025-01-19,late_evening_21_23,15873.654411947797,0.3438519616358799
23033.1790249999,-0.0,15873.654411947797,7159.524613052103,0.0,2025-01-19 22:00:00,1,19,22,2025-01-19,late_evening_21_23,15873.654411947797,0.31083527832963276
21896.491701,-0.0,15873.654411947797,6022.837289052202,0.0,2025-01-19 23:00:00,1,19,23,2025-01-19,late_evening_21_23,15873.654411947797,0.275059464835508
21753.472576,-0.0,15873.654411947797,5879.818164052203,0.0,2025-01-20 00:00:00,1,20,0,2025-01-20,night_00_05,15873.654411947797,0.2702933126428395
21081.961173,-0.0,15873.654411947797,5208.306761052203,0.0,2025-01-20 01:00:00,1,20,1,2025-01-20,night_00_05,15873.654411947797,0.2470503914845723
20751.213262,-0.0,15873.654411947797,4877.558850052204,0.0,2025-01-20 02:00:00,1,20,2,2025-01-20,night_00_05,15873.654411947797,0.23504933366879704
20650.0157909999,-0.0,15873.654411947797,4776.361379052103,0.0,2025-01-20 03:00:00,1,20,3,2025-01-20,night_00_05,15873.654411947797,0.23130061629947188
21163.10055,-0.0,15873.654411947797,5289.4461380522025,0.0,2025-01-20 04:00:00,1,20,4,2025-01-20,night_00_05,15873.654411947797,0.24993720204444253
22340.649962,-0.0,15873.654411947797,6466.995550052203,0.0,2025-01-20 05:00:00,1,20,5,2025-01-20,night_00_05,15873.654411947797,0.2894721308937808
23803.900878,388.8501601734547,15873.654411947797,7541.3963058787485,0.0004814117302707,2025-01-20 06:00:00,1,20,6,2025-01-20,morning_06_09,16262.504572121252,0.31681346450441006
26439.313764,4883.958011779406,15873.654411947797,5681.701340272796,0.006046531332201,2025-01-20 17:00:00,1,20,17,2025-01-20,evening_peak_16_20,20757.6124237272,0.21489594590042085
26938.90771,2087.347659811414,15873.654411947797,8977.905638240789,0.0025842181680935,2025-01-20 18:00:00,1,20,18,2025-01-20,evening_peak_16_20,17961.002071759212,0.33326910411100663
26622.41168,572.3874357753492,15873.654411947797,10176.369832276856,0.0007086380669585,2025-01-20 19:00:00,1,20,19,2025-01-20,evening_peak_16_20,16446.041847723147,0.3822482333530219
26293.756495,345.29894223404267,15873.654411947797,10074.803140818161,0.0004274936164804,2025-01-20 20:00:00,1,20,20,2025-01-20,evening_peak_16_20,16218.95335418184,0.38316332406645576
25456.27229,-0.0,15873.654411947797,9582.617878052204,0.0,2025-01-20 21:00:00,1,20,21,2025-01-20,late_evening_21_23,15873.654411947797,0.37643445076664067
24154.14333,-0.0,15873.654411947797,8280.488918052202,0.0,2025-01-20 22:00:00,1,20,22,2025-01-20,late_evening_21_23,15873.654411947797,0.3428185717424159
22949.271451,-0.0,15873.654411947797,7075.617039052204,0.0,2025-01-20 23:00:00,1,20,23,2025-01-20,late_evening_21_23,15873.654411947797,0.3083155408292444
22545.345841,-0.0,15873.654411947797,6671.691429052202,0.0,2025-01-21 00:00:00,1,21,0,2025-01-21,night_00_05,15873.654411947797,0.29592322407045757
22095.506214,-0.0,15873.654411947797,6221.851802052204,0.0,2025-01-21 01:00:00,1,21,1,2025-01-21,night_00_05,15873.654411947797,0.28158901370225037
22061.803578,-0.0,15873.654411947797,6188.149166052202,0.0,2025-01-21 02:00:00,1,21,2,2025-01-21,night_00_05,15873.654411947797,0.28049153570667346
21779.609098,-0.0,15873.654411947797,5905.954686052204,0.0,2025-01-21 03:00:00,1,21,3,2025-01-21,night_00_05,15873.654411947797,0.2711689938730141
22038.141434,-0.0,15873.654411947797,6164.487022052204,0.0,2025-01-21 04:00:00,1,21,4,2025-01-21,night_00_05,15873.654411947797,0.2797190062743566
23575.5737559999,-0.0,15873.654411947797,7701.919344052103,0.0,2025-01-21 05:00:00,1,21,5,2025-01-21,night_00_05,15873.654411947797,0.32669064277139775
26095.5408719999,311.08012813879606,15873.654411947797,9910.806331913307,0.0003851293842166,2025-01-21 06:00:00,1,21,6,2025-01-21,morning_06_09,16184.734540086592,0.3797892666998692
26758.897737,2902.3775955351466,15873.654411947797,7982.865729517056,0.0035932571547411,2025-01-21 17:00:00,1,21,17,2025-01-21,evening_peak_16_20,18776.032007482943,0.29832565630978913
27266.1463559999,563.0550319311837,15873.654411947797,10829.436912120918,0.000697084185432,2025-01-21 18:00:00,1,21,18,2025-01-21,evening_peak_16_20,16436.70944387898,0.3971751919294568
26986.2451319999,-0.0,15873.654411947797,11112.590720052105,0.0,2025-01-21 19:00:00,1,21,19,2025-01-21,evening_peak_16_20,15873.654411947797,0.4117872147716821
26552.908932,-0.0,15873.654411947797,10679.254520052202,0.0,2025-01-21 20:00:00,1,21,20,2025-01-21,evening_peak_16_20,15873.654411947797,0.40218774324880824
25924.96656,-0.0,15873.654411947797,10051.312148052204,0.0,2025-01-21 21:00:00,1,21,21,2025-01-21,late_evening_21_23,15873.654411947797,0.38770781535203663
24527.780885,-0.0,15873.654411947797,8654.126473052203,0.0,2025-01-21 22:00:00,1,21,22,2025-01-21,late_evening_21_23,15873.654411947797,0.3528295736833105
23234.007244,-0.0,15873.654411947797,7360.352832052204,0.0,2025-01-21 23:00:00,1,21,23,2025-01-21,late_evening_21_23,15873.654411947797,0.31679222420630676
22645.248405,-0.0,15873.654411947797,6771.593993052202,0.0,2025-01-22 00:00:00,1,22,0,2025-01-22,night_00_05,15873.654411947797,0.2990293536173821
22090.118401,-0.0,15873.654411947797,6216.463989052203,0.0,2025-01-22 01:00:00,1,22,1,2025-01-22,night_00_05,15873.654411947797,0.2814137921855045
21809.860826,-0.0,15873.654411947797,5936.206414052203,0.0,2025-01-22 02:00:00,1,22,2,2025-01-22,night_00_05,15873.654411947797,0.272179930968451
21773.546007,-0.0,15873.654411947797,5899.891595052204,0.0,2025-01-22 03:00:00,1,22,3,2025-01-22,night_00_05,15873.654411947797,0.27096604260764146
22182.740696,-0.0,15873.654411947797,6309.086284052204,0.0,2025-01-22 04:00:00,1,22,4,2025-01-22,night_00_05,15873.654411947797,0.28441419257043654
23602.117055,-0.0,15873.654411947797,7728.462643052202,0.0,2025-01-22 05:00:00,1,22,5,2025-01-22,night_00_05,15873.654411947797,0.3274478566919472
26119.2924849999,301.7477242946306,15873.654411947797,9943.890348757473,0.0003735755026901,2025-01-22 06:00:00,1,22,6,2025-01-22,morning_06_09,16175.402136242426,0.38071055540528786
26613.10382,1449.6333971268252,15873.654411947797,9289.816010925379,0.0017947029304494,2025-01-22 17:00:00,1,22,17,2025-01-22,evening_peak_16_20,17323.287809074624,0.34906924324790684
27020.647925,-0.0,15873.654411947797,11146.993513052204,0.0,2025-01-22 18:00:00,1,22,18,2025-01-22,evening_peak_16_20,15873.654411947797,0.41253612955516145
26574.784628,-0.0,15873.654411947797,10701.130216052205,0.0,2025-01-22 19:00:00,1,22,19,2025-01-22,evening_peak_16_20,15873.654411947797,0.40267984730070655
26145.7183969999,-0.0,15873.654411947797,10272.063985052102,0.0,2025-01-22 20:00:00,1,22,20,2025-01-22,evening_peak_16_20,15873.654411947797,0.39287748108809945
25698.518351,-0.0,15873.654411947797,9824.863939052202,0.0,2025-01-22 21:00:00,1,22,21,2025-01-22,late_evening_21_23,15873.654411947797,0.3823124666122975
24177.844978,-0.0,15873.654411947797,8304.190566052204,0.0,2025-01-22 22:00:00,1,22,22,2025-01-22,late_evening_21_23,15873.654411947797,0.3434628095931786
22818.873104,-0.0,15873.654411947797,6945.218692052202,0.0,2025-01-22 23:00:00,1,22,23,2025-01-22,late_evening_21_23,15873.654411947797,0.30436291312013786
22278.30632,-0.0,15873.654411947797,6404.651908052203,0.0,2025-01-23 00:00:00,1,23,0,2025-01-23,night_00_05,15873.654411947797,0.28748378876102115
21505.952793,-0.0,15873.654411947797,5632.298381052204,0.0,2025-01-23 01:00:00,1,23,1,2025-01-23,night_00_05,15873.654411947797,0.2618948546602161
21104.020972,-0.0,15873.654411947797,5230.366560052202,0.0,2025-01-23 02:00:00,1,23,2,2025-01-23,night_00_05,15873.654411947797,0.24783744135734373
21042.220002,-0.0,15873.654411947797,5168.5655900522015,0.0,2025-01-23 03:00:00,1,23,3,2025-01-23,night_00_05,15873.654411947797,0.24562834100018655
21506.68261,-0.0,15873.654411947797,5633.028198052203,0.0,2025-01-23 04:00:00,1,23,4,2025-01-23,night_00_05,15873.654411947797,0.2619199018370692
23018.051302,-0.0,15873.654411947797,7144.396890052203,0.0,2025-01-23 05:00:00,1,23,5,2025-01-23,night_00_05,15873.654411947797,0.3103823514995572
25463.9166569999,535.0578203986872,15873.654411947797,9055.204424653415,0.0006624225408525,2025-01-23 06:00:00,1,23,6,2025-01-23,morning_06_09,16408.712232346483,0.3556092547202155
26793.0880059999,7058.408107469723,15873.654411947797,3861.02548658238,0.0087385857278752,2025-01-23 17:00:00,1,23,17,2025-01-23,evening_peak_16_20,22932.06251941752,0.1441052813963722
26814.015123,2432.6466020455373,15873.654411947797,8507.714109006667,0.003011711784574,2025-01-23 18:00:00,1,23,18,2025-01-23,evening_peak_16_20,18306.301013993332,0.31728609348433934
26297.16372,-0.0,15873.654411947797,10423.509308052204,0.0,2025-01-23 19:00:00,1,23,19,2025-01-23,evening_peak_16_20,15873.654411947797,0.39637389868492645
25675.915922,-0.0,15873.654411947797,9802.261510052203,0.0,2025-01-23 20:00:00,1,23,20,2025-01-23,evening_peak_16_20,15873.654411947797,0.3817687181960777
25101.027543,-0.0,15873.654411947797,9227.373131052203,0.0,2025-01-23 21:00:00,1,23,21,2025-01-23,late_evening_21_23,15873.654411947797,0.367609378350946
23878.882002,-0.0,15873.654411947797,8005.227590052202,0.0,2025-01-23 22:00:00,1,23,22,2025-01-23,late_evening_21_23,15873.654411947797,0.3352429811991079
22665.661504,-0.0,15873.654411947797,6792.007092052203,0.0,2025-01-23 23:00:00,1,23,23,2025-01-23,late_evening_21_23,15873.654411947797,0.29966066028355537
22351.934496,-0.0,15873.654411947797,6478.280084052205,0.0,2025-01-24 00:00:00,1,24,0,2025-01-24,night_00_05,15873.654411947797,0.2898308459704697
21769.709663,-0.0,15873.654411947797,5896.055251052205,0.0,2025-01-24 01:00:00,1,24,1,2025-01-24,night_00_05,15873.654411947797,0.27083756937159315
21346.268975,-0.0,15873.654411947797,5472.614563052202,0.0,2025-01-24 02:00:00,1,24,2,2025-01-24,night_00_05,15873.654411947797,0.25637335355708
21219.9543219999,-0.0,15873.654411947797,5346.299910052103,0.0,2025-01-24 03:00:00,1,24,3,2025-01-24,night_00_05,15873.654411947797,0.2519468151969252
21582.715076,-0.0,15873.654411947797,5709.060664052204,0.0,2025-01-24 04:00:00,1,24,4,2025-01-24,night_00_05,15873.654411947797,0.26452004040959076
23008.084952,-0.0,15873.654411947797,7134.430540052204,0.0,2025-01-24 05:00:00,1,24,5,2025-01-24,night_00_05,15873.654411947797,0.31008363168582775
25465.549357,283.0829166062996,15873.654411947797,9308.812028445904,0.0003504677396371,2025-01-24 06:00:00,1,24,6,2025-01-24,morning_06_09,16156.737328554096,0.3655453058540473
26029.230343,4383.119005475884,15873.654411947797,5772.456925576319,0.0054264730236122,2025-01-24 17:00:00,1,24,17,2025-01-24,evening_peak_16_20,20256.77341742368,0.22176825244195886
26194.719053,-0.0,15873.654411947797,10321.064641052204,0.0,2025-01-24 18:00:00,1,24,18,2025-01-24,evening_peak_16_20,15873.654411947797,0.39401318335079316
25726.5707359999,-0.0,15873.654411947797,9852.916324052103,0.0,2025-01-24 19:00:00,1,24,19,2025-01-24,evening_peak_16_20,15873.654411947797,0.38298599627445273
25228.533943,-0.0,15873.654411947797,9354.879531052202,0.0,2025-01-24 20:00:00,1,24,20,2025-01-24,evening_peak_16_20,15873.654411947797,0.3708055153814374
24955.538402,-0.0,15873.654411947797,9081.883990052202,0.0,2025-01-24 21:00:00,1,24,21,2025-01-24,late_evening_21_23,15873.654411947797,0.36392258278524486
23990.325958,-0.0,15873.654411947797,8116.671546052205,0.0,2025-01-24 22:00:00,1,24,22,2025-01-24,late_evening_21_23,15873.654411947797,0.3383310239411547
22625.3559839999,-0.0,15873.654411947797,6751.701572052103,0.0,2025-01-24 23:00:00,1,24,23,2025-01-24,late_evening_21_23,15873.654411947797,0.29841305378031363
22078.749732,-0.0,15873.654411947797,6205.0953200522035,0.0,2025-01-25 00:00:00,1,25,0,2025-01-25,night_00_05,15873.654411947797,0.2810437817073855
21389.519966,-0.0,15873.654411947797,5515.865554052203,0.0,2025-01-25 01:00:00,1,25,1,2025-01-25,night_00_05,15873.654411947797,0.25787701466980195
20657.985866,-0.0,15873.654411947797,4784.331454052202,0.0,2025-01-25 02:00:00,1,25,2,2025-01-25,night_00_05,15873.654411947797,0.23159718885888614
20316.567739,-0.0,15873.654411947797,4442.913327052202,0.0,2025-01-25 03:00:00,1,25,3,2025-01-25,night_00_05,15873.654411947797,0.2186842474638822
20467.51616,-0.0,15873.654411947797,4593.8617480522025,0.0,2025-01-25 04:00:00,1,25,4,2025-01-25,night_00_05,15873.654411947797,0.2244464698178698
21158.6529009999,-0.0,15873.654411947797,5284.998489052103,0.0,2025-01-25 05:00:00,1,25,5,2025-01-25,night_00_05,15873.654411947797,0.2497795352936835
22168.668934,-0.0,15873.654411947797,6295.0145220522045,0.0,2025-01-25 06:00:00,1,25,6,2025-01-25,morning_06_09,15873.654411947797,0.283959968042897
25330.204137,1175.882884364691,15873.654411947797,8280.666840687512,0.0014557890723388,2025-01-25 17:00:00,1,25,17,2025-01-25,evening_peak_16_20,17049.537296312486,0.3269088079946378
26053.060779,-0.0,15873.654411947797,10179.406367052203,0.0,2025-01-25 18:00:00,1,25,18,2025-01-25,evening_peak_16_20,15873.654411947797,0.3907182520088882
25075.952881,-0.0,15873.654411947797,9202.298469052204,0.0,2025-01-25 19:00:00,1,25,19,2025-01-25,evening_peak_16_20,15873.654411947797,0.36697702028403345
24621.37254,-0.0,15873.654411947797,8747.718128052204,0.0,2025-01-25 20:00:00,1,25,20,2025-01-25,evening_peak_16_20,15873.654411947797,0.35528962139866976
24108.087728,-0.0,15873.654411947797,8234.433316052202,0.0,2025-01-25 21:00:00,1,25,21,2025-01-25,late_evening_21_23,15873.654411947797,0.3415631056663377
23138.595134,-0.0,15873.654411947797,7264.940722052203,0.0,2025-01-25 22:00:00,1,25,22,2025-01-25,late_evening_21_23,15873.654411947797,0.3139750136073323
22238.718341,-0.0,15873.654411947797,6365.063929052203,0.0,2025-01-25 23:00:00,1,25,23,2025-01-25,late_evening_21_23,15873.654411947797,0.28621541185300103
21430.12337,-0.0,15873.654411947797,5556.4689580522045,0.0,2025-01-26 00:00:00,1,26,0,2025-01-26,night_00_05,15873.654411947797,0.25928310640669
20928.653697,-0.0,15873.654411947797,5054.999285052205,0.0,2025-01-26 01:00:00,1,26,1,2025-01-26,night_00_05,15873.654411947797,0.24153485256324964
20524.593528,-0.0,15873.654411947797,4650.939116052205,0.0,2025-01-26 02:00:00,1,26,2,2025-01-26,night_00_05,15873.654411947797,0.22660322650031114
20271.3741239999,-0.0,15873.654411947797,4397.719712052103,0.0,2025-01-26 03:00:00,1,26,3,2025-01-26,night_00_05,15873.654411947797,0.21694235847808208
20158.705709,-0.0,15873.654411947797,4285.051297052205,0.0,2025-01-26 04:00:00,1,26,4,2025-01-26,night_00_05,15873.654411947797,0.21256579459558816
20491.274952,-0.0,15873.654411947797,4617.620540052203,0.0,2025-01-26 05:00:00,1,26,5,2025-01-26,night_00_05,15873.654411947797,0.22534569229434462
21032.346158,320.4125319829616,15873.654411947797,4838.279214069242,0.0003966832657431,2025-01-26 06:00:00,1,26,6,2025-01-26,morning_06_09,16194.066943930758,0.23003991935673435
25599.5791289999,1751.3811214215368,15873.654411947797,7974.543595630566,0.0021682784331396,2025-01-26 17:00:00,1,26,17,2025-01-26,evening_peak_16_20,17625.035533369333,0.3115107305259088
26294.3421929999,-0.0,15873.654411947797,10420.687781052102,0.0,2025-01-26 18:00:00,1,26,18,2025-01-26,evening_peak_16_20,15873.654411947797,0.3963091262966185
26026.597342,-0.0,15873.654411947797,10152.942930052204,0.0,2025-01-26 19:00:00,1,26,19,2025-01-26,evening_peak_16_20,15873.654411947797,0.3900987438595385
25514.869661,-0.0,15873.654411947797,9641.215249052204,0.0,2025-01-26 20:00:00,1,26,20,2025-01-26,evening_peak_16_20,15873.654411947797,0.3778665294845303
25060.24371,-0.0,15873.654411947797,9186.589298052202,0.0,2025-01-26 21:00:00,1,26,21,2025-01-26,late_evening_21_23,15873.654411947797,0.3665802058575512
23794.4883649999,-0.0,15873.654411947797,7920.8339530521025,0.0,2025-01-26 22:00:00,1,26,22,2025-01-26,late_evening_21_23,15873.654411947797,0.3328852392852086
22454.063872,-0.0,15873.654411947797,6580.409460052202,0.0,2025-01-26 23:00:00,1,26,23,2025-01-26,late_evening_21_23,15873.654411947797,0.29306095758718803
22509.308498,-0.0,15873.654411947797,6635.654086052202,0.0,2025-01-27 00:00:00,1,27,0,2025-01-27,night_00_05,15873.654411947797,0.2947959990259938
21884.567926,-0.0,15873.654411947797,6010.913514052203,0.0,2025-01-27 01:00:00,1,27,1,2025-01-27,night_00_05,15873.654411947797,0.27466448203946153
21313.083699,-0.0,15873.654411947797,5439.429287052202,0.0,2025-01-27 02:00:00,1,27,2,2025-01-27,night_00_05,15873.654411947797,0.2552154987927635
21078.407647,-0.0,15873.654411947797,5204.753235052203,0.0,2025-01-27 03:00:00,1,27,3,2025-01-27,night_00_05,15873.654411947797,0.24692345466584492
21644.482083,-0.0,15873.654411947797,5770.827671052202,0.0,2025-01-27 04:00:00,1,27,4,2025-01-27,night_00_05,15873.654411947797,0.26661888461561867
23053.266036,-0.0,15873.654411947797,7179.611624052204,0.0,2025-01-27 05:00:00,1,27,5,2025-01-27,night_00_05,15873.654411947797,0.3114357684867956
25728.970383,133.76445509965163,15873.654411947797,9721.551515952551,0.0001656056352131,2025-01-27 06:00:00,1,27,6,2025-01-27,morning_06_09,16007.418867047449,0.3778445608680831
26879.269181,6016.289678204684,15873.654411947797,4989.325090847519,0.0074484022907495,2025-01-27 17:00:00,1,27,17,2025-01-27,evening_peak_16_20,21889.94409015248,0.18561981939502642
27741.111204,572.3874357753492,15873.654411947797,11295.069356276856,0.0007086380669585,2025-01-27 18:00:00,1,27,18,2025-01-27,evening_peak_16_20,16446.041847723147,0.4071599465939279
27298.847109,-0.0,15873.654411947797,11425.192697052202,0.0,2025-01-27 19:00:00,1,27,19,2025-01-27,evening_peak_16_20,15873.654411947797,0.41852290140434156
26996.141912,-0.0,15873.654411947797,11122.487500052202,0.0,2025-01-27 20:00:00,1,27,20,2025-01-27,evening_peak_16_20,15873.654411947797,0.4120028534561884
26468.300957,-0.0,15873.654411947797,10594.646545052203,0.0,2025-01-27 21:00:00,1,27,21,2025-01-27,late_evening_21_23,15873.654411947797,0.4002767900464826
24965.063217,-0.0,15873.654411947797,9091.408805052202,0.0,2025-01-27 22:00:00,1,27,22,2025-01-27,late_evening_21_23,15873.654411947797,0.3641652627124691
23744.763524,-0.0,15873.654411947797,7871.109112052205,0.0,2025-01-27 23:00:00,1,27,23,2025-01-27,late_evening_21_23,15873.654411947797,0.33148820808834284
23219.835137,-0.0,15873.654411947797,7346.1807250522015,0.0,2025-01-28 00:00:00,1,28,0,2025-01-28,night_00_05,15873.654411947797,0.31637523185280153
22516.054613,-0.0,15873.654411947797,6642.400201052204,0.0,2025-01-28 01:00:00,1,28,1,2025-01-28,night_00_05,15873.654411947797,0.29500728769849
22551.728236,-0.0,15873.654411947797,6678.073824052202,0.0,2025-01-28 02:00:00,1,28,2,2025-01-28,night_00_05,15873.654411947797,0.2961224857876654
22288.555904,-0.0,15873.654411947797,6414.901492052204,0.0,2025-01-28 03:00:00,1,28,3,2025-01-28,night_00_05,15873.654411947797,0.2878114454647534
22500.360967,-0.0,15873.654411947797,6626.706555052204,0.0,2025-01-28 04:00:00,1,28,4,2025-01-28,night_00_05,15873.654411947797,0.2945155664289661
24458.712863,-0.0,15873.654411947797,8585.058451052204,0.0,2025-01-28 05:00:00,1,28,5,2025-01-28,night_00_05,15873.654411947797,0.3510020539158984
26817.596166,323.5233332642962,15873.654411947797,10620.418420787906,0.0004005345595852,2025-01-28 06:00:00,1,28,6,2025-01-28,morning_06_09,16197.177745212093,0.39602425046032763
27687.187282,6520.2394857896215,15873.654411947797,5293.293384262581,0.0080723118931805,2025-01-28 17:00:00,1,28,17,2025-01-28,evening_peak_16_20,22393.89389773742,0.19118205581337105
28133.625418,-0.0,15873.654411947797,12259.971006052203,0.0,2025-01-28 18:00:00,1,28,18,2025-01-28,evening_peak_16_20,15873.654411947797,0.4357764356316562
27581.706615,-0.0,15873.654411947797,11708.052203052202,0.0,2025-01-28 19:00:00,1,28,19,2025-01-28,evening_peak_16_20,15873.654411947797,0.4244861409948038
26833.974745,-0.0,15873.654411947797,10960.320333052203,0.0,2025-01-28 20:00:00,1,28,20,2025-01-28,evening_peak_16_20,15873.654411947797,0.4084493794604338
26200.3158469999,-0.0,15873.654411947797,10326.661435052103,0.0,2025-01-28 21:00:00,1,28,21,2025-01-28,late_evening_21_23,15873.654411947797,0.3941426315375725
24747.4612959999,-0.0,15873.654411947797,8873.806884052103,0.0,2025-01-28 22:00:00,1,28,22,2025-01-28,late_evening_21_23,15873.654411947797,0.35857443225848934
23487.609394,-0.0,15873.654411947797,7613.9549820522025,0.0,2025-01-28 23:00:00,1,28,23,2025-01-28,late_evening_21_23,15873.654411947797,0.3241690056373816
23136.429729,-0.0,15873.654411947797,7262.775317052203,0.0,2025-01-29 00:00:00,1,29,0,2025-01-29,night_00_05,15873.654411947797,0.31391080655580966
22508.2471679999,-0.0,15873.654411947797,6634.592756052103,0.0,2025-01-29 01:00:00,1,29,1,2025-01-29,night_00_05,15873.654411947797,0.2947627465849291
22269.929721,-0.0,15873.654411947797,6396.275309052204,0.0,2025-01-29 02:00:00,1,29,2,2025-01-29,night_00_05,15873.654411947797,0.28721578330894654
21875.321456,-0.0,15873.654411947797,6001.667044052205,0.0,2025-01-29 03:00:00,1,29,3,2025-01-29,night_00_05,15873.654411947797,0.2743578902885588
22123.7771709999,-0.0,15873.654411947797,6250.122759052103,0.0,2025-01-29 04:00:00,1,29,4,2025-01-29,night_00_05,15873.654411947797,0.282507038049761
23490.057878,-0.0,15873.654411947797,7616.403466052203,0.0,2025-01-29 05:00:00,1,29,5,2025-01-29,night_00_05,15873.654411947797,0.32423945081827454
25893.06353,118.21044869273605,15873.654411947797,9901.198669359466,0.0001463491660023,2025-01-29 06:00:00,1,29,6,2025-01-29,morning_06_09,15991.864860640533,0.3823880730794108
26957.715499,8716.465190449686,15873.654411947797,2367.595896602519,0.0107913253457499,2025-01-29 17:00:00,1,29,17,2025-01-29,evening_peak_16_20,24590.119602397484,0.08782628100257031
27520.202115,401.29336529903566,15873.654411947797,11245.254337753167,0.0004968169056394,2025-01-29 18:00:00,1,29,18,2025-01-29,evening_peak_16_20,16274.947777246833,0.4086181595164919
27227.586398,-0.0,15873.654411947797,11353.931986052203,0.0,2025-01-29 19:00:00,1,29,19,2025-01-29,evening_peak_16_20,15873.654411947797,0.4170010451931283
26770.271501,-0.0,15873.654411947797,10896.617089052203,0.0,2025-01-29 20:00:00,1,29,20,2025-01-29,evening_peak_16_20,15873.654411947797,0.40704171000451606
26321.9077359999,-0.0,15873.654411947797,10448.253324052102,0.0,2025-01-29 21:00:00,1,29,21,2025-01-29,late_evening_21_23,15873.654411947797,0.3969413398468172
25004.774817,-0.0,15873.654411947797,9131.120405052205,0.0,2025-01-29 22:00:00,1,29,22,2025-01-29,late_evening_21_23,15873.654411947797,0.36517507043671626
23588.770331,-0.0,15873.654411947797,7715.115919052203,0.0,2025-01-29 23:00:00,1,29,23,2025-01-29,late_evening_21_23,15873.654411947797,0.3270673210512002
22991.956244,-0.0,15873.654411947797,7118.301832052204,0.0,2025-01-30 00:00:00,1,30,0,2025-01-30,night_00_05,15873.654411947797,0.3095996598336343
22406.380125,-0.0,15873.654411947797,6532.725713052203,0.0,2025-01-30 01:00:00,1,30,1,2025-01-30,night_00_05,15873.654411947797,0.29155649759611507
22099.882977,-0.0,15873.654411947797,6226.228565052204,0.0,2025-01-30 02:00:00,1,30,2,2025-01-30,night_00_05,15873.654411947797,0.28173129113543377
21737.572038,-0.0,15873.654411947797,5863.917626052202,0.0,2025-01-30 03:00:00,1,30,3,2025-01-30,night_00_05,15873.654411947797,0.2697595488493995
21956.481583,-0.0,15873.654411947797,6082.827171052204,0.0,2025-01-30 04:00:00,1,30,4,2025-01-30,night_00_05,15873.654411947797,0.2770401600118794
23468.6793239999,-0.0,15873.654411947797,7595.024912052102,0.0,2025-01-30 05:00:00,1,30,5,2025-01-30,night_00_05,15873.654411947797,0.3236238736401823
25849.940955,656.3790703728387,15873.654411947797,9319.907472679362,0.000812623000697,2025-01-30 06:00:00,1,30,6,2025-01-30,morning_06_09,16530.033482320636,0.36053883020095134
27186.6429809999,7279.274998448281,15873.654411947797,4033.7135706038216,0.009012027590669,2025-01-30 17:00:00,1,30,17,2025-01-30,evening_peak_16_20,23152.92941039608,0.14837115319544558
28253.654625,1054.5616343905397,15873.654411947797,11325.438578661662,0.0013055886124943,2025-01-30 18:00:00,1,30,18,2025-01-30,evening_peak_16_20,16928.216046338337,0.40084862397377957
27926.625556,80.88083331607405,15873.654411947797,11972.090310736128,0.0001001336398963,2025-01-30 19:00:00,1,30,19,2025-01-30,evening_peak_16_20,15954.53524526387,0.42869806402957766
27500.1202329999,-0.0,15873.654411947797,11626.465821052103,0.0,2025-01-30 20:00:00,1,30,20,2025-01-30,evening_peak_16_20,15873.654411947797,0.4227787268762719
26942.0653959999,-0.0,15873.654411947797,11068.410984052103,0.0,2025-01-30 21:00:00,1,30,21,2025-01-30,late_evening_21_23,15873.654411947797,0.4108226604518388
25667.498622,-0.0,15873.654411947797,9793.844210052202,0.0,2025-01-30 22:00:00,1,30,22,2025-01-30,late_evening_21_23,15873.654411947797,0.3815659778260493
24164.290667,-0.0,15873.654411947797,8290.636255052204,0.0,2025-01-30 23:00:00,1,30,23,2025-01-30,late_evening_21_23,15873.654411947797,0.3430945426581184
23603.814819,-0.0,15873.654411947797,7730.160407052203,0.0,2025-01-31 00:00:00,1,31,0,2025-01-31,night_00_05,15873.654411947797,0.3274962317036047
22634.222636,-0.0,15873.654411947797,6760.568224052202,0.0,2025-01-31 01:00:00,1,31,1,2025-01-31,night_00_05,15873.654411947797,0.29868789102124665
22154.466535,-0.0,15873.654411947797,6280.812123052203,0.0,2025-01-31 02:00:00,1,31,2,2025-01-31,night_00_05,15873.654411947797,0.283500941587994
22058.648637,-0.0,15873.654411947797,6184.994225052202,0.0,2025-01-31 03:00:00,1,31,3,2025-01-31,night_00_05,15873.654411947797,0.2803886279179325
22309.40367,-0.0,15873.654411947797,6435.749258052203,0.0,2025-01-31 04:00:00,1,31,4,2025-01-31,night_00_05,15873.654411947797,0.2884769738021511
23697.978617,-0.0,15873.654411947797,7824.324205052204,0.0,2025-01-31 05:00:00,1,31,5,2025-01-31,night_00_05,15873.654411947797,0.3301684220205744
26153.269833,871.0243587886451,15873.654411947797,9408.591062263557,0.0010783622758065,2025-01-31 06:00:00,1,31,6,2025-01-31,morning_06_09,16744.678770736442,0.3597481738360634
27314.766536,4827.963588714412,15873.654411947797,6613.14853533779,0.005977208043042,2025-01-31 17:00:00,1,31,17,2025-01-31,evening_peak_16_20,20701.61800066221,0.2421089166777929
27431.058313,-0.0,15873.654411947797,11557.403901052205,0.0,2025-01-31 18:00:00,1,31,18,2025-01-31,evening_peak_16_20,15873.654411947797,0.42132548329624503
26874.019645,-0.0,15873.654411947797,11000.365233052204,0.0,2025-01-31 19:00:00,1,31,19,2025-01-31,evening_peak_16_20,15873.654411947797,0.4093308473523743
26846.576208,-0.0,15873.654411947797,10972.921796052202,0.0,2025-01-31 20:00:00,1,31,20,2025-01-31,evening_peak_16_20,15873.654411947797,0.4087270462734979
26359.823051,-0.0,15873.654411947797,10486.168639052203,0.0,2025-01-31 21:00:00,1,31,21,2025-01-31,late_evening_21_23,15873.654411947797,0.39780876445050317
24978.639104,-0.0,15873.654411947797,9104.984692052205,0.0,2025-01-31 22:00:00,1,31,22,2025-01-31,late_evening_21_23,15873.654411947797,0.3645108388068332
23671.1506559999,-0.0,15873.654411947797,7797.496244052103,0.0,2025-01-31 23:00:00,1,31,23,2025-01-31,late_evening_21_23,15873.654411947797,0.32940926097632184
23059.118551,-0.0,15873.654411947797,7185.464139052203,0.0,2025-02-01 00:00:00,2,1,0,2025-02-01,night_00_05,15873.654411947797,0.31161052939469763
22180.150781,-0.0,15873.654411947797,6306.496369052204,0.0,2025-02-01 01:00:00,2,1,1,2025-02-01,night_00_05,15873.654411947797,0.28433063559038046
21298.646068,-0.0,15873.654411947797,5424.9916560522015,0.0,2025-02-01 02:00:00,2,1,2,2025-02-01,night_00_05,15873.654411947797,0.2547106345977054
20845.151702,-0.0,15873.654411947797,4971.4972900522025,0.0,2025-02-01 03:00:00,2,1,3,2025-02-01,night_00_05,15873.654411947797,0.23849657518084694
20699.018483,-0.0,15873.654411947797,4825.364071052203,0.0,2025-02-01 04:00:00,2,1,4,2025-02-01,night_00_05,15873.654411947797,0.23312042911673567
21160.822547,-0.0,15873.654411947797,5287.168135052203,0.0,2025-02-01 05:00:00,2,1,5,2025-02-01,night_00_05,15873.654411947797,0.24985645635035925
22315.3215959999,332.8557371084617,15873.654411947797,6108.811446943641,0.0004120884411117,2025-02-01 06:00:00,2,1,6,2025-02-01,morning_06_09,16206.51014905626,0.2737496486736121
24549.7428559999,4498.218652887285,15873.654411947797,4177.869791164817,0.0055689708957724,2025-02-01 17:00:00,2,1,17,2025-02-01,evening_peak_16_20,20371.873064835083,0.17017977808039467
24958.3010789999,-0.0,15873.654411947797,9084.646667052102,0.0,2025-02-01 18:00:00,2,1,18,2025-02-01,evening_peak_16_20,15873.654411947797,0.3639929912816058
24481.475781,-0.0,15873.654411947797,8607.821369052204,0.0,2025-02-01 19:00:00,2,1,19,2025-02-01,evening_peak_16_20,15873.654411947797,0.35160549331477425
23977.5296969999,-0.0,15873.654411947797,8103.875285052103,0.0,2025-02-01 20:00:00,2,1,20,2025-02-01,evening_peak_16_20,15873.654411947797,0.3379779062922429
23515.596317,-0.0,15873.654411947797,7641.941905052203,0.0,2025-02-01 21:00:00,2,1,21,2025-02-01,late_evening_21_23,15873.654411947797,0.3249733411832579
22919.628386,-0.0,15873.654411947797,7045.973974052204,0.0,2025-02-01 22:00:00,2,1,22,2025-02-01,late_evening_21_23,15873.654411947797,0.30742095183166657
21840.80402,-0.0,15873.654411947797,5967.149608052203,0.0,2025-02-01 23:00:00,2,1,23,2025-02-01,late_evening_21_23,15873.654411947797,0.2732110778791835
21467.05394,-0.0,15873.654411947797,5593.399528052205,0.0,2025-02-02 00:00:00,2,2,0,2025-02-02,night_00_05,15873.654411947797,0.26055738918277505
21061.724444,-0.0,15873.654411947797,5188.070032052203,0.0,2025-02-02 01:00:00,2,2,1,2025-02-02,night_00_05,15873.654411947797,0.24632693518740648
20540.788216,-0.0,15873.654411947797,4667.133804052204,0.0,2025-02-02 02:00:00,2,2,2,2025-02-02,night_00_05,15873.654411947797,0.22721298496309875
19774.18938,-0.0,15873.654411947797,3900.534968052203,0.0,2025-02-02 03:00:00,2,2,3,2025-02-02,night_00_05,15873.654411947797,0.19725384910075153
19360.343377,-0.0,15873.654411947797,3486.6889650522044,0.0,2025-02-02 04:00:00,2,2,4,2025-02-02,night_00_05,15873.654411947797,0.18009437628024588
19716.2101029999,-0.0,15873.654411947797,3842.5556910521027,0.0,2025-02-02 05:00:00,2,2,5,2025-02-02,night_00_05,15873.654411947797,0.19489322090696543
20374.574993,1042.1184292650396,15873.654411947797,3458.802151787162,0.0012901834371257,2025-02-02 06:00:00,2,2,6,2025-02-02,morning_06_09,16915.772841212834,0.1697607019030084
25009.216754,1029.6752241394586,15873.654411947797,8105.887117912745,0.001274778261757,2025-02-02 18:00:00,2,2,18,2025-02-02,evening_peak_16_20,16903.329636087255,0.3241159928215777
24599.382702,-0.0,15873.654411947797,8725.728290052202,0.0,2025-02-02 19:00:00,2,2,19,2025-02-02,evening_peak_16_20,15873.654411947797,0.3547133030026309
24162.413087,-0.0,15873.654411947797,8288.758675052204,0.0,2025-02-02 20:00:00,2,2,20,2025-02-02,evening_peak_16_20,15873.654411947797,0.34304349674047124
23457.894955,-0.0,15873.654411947797,7584.240543052203,0.0,2025-02-02 21:00:00,2,2,21,2025-02-02,late_evening_21_23,15873.654411947797,0.32331292119780075
22788.794348,-0.0,15873.654411947797,6915.139936052203,0.0,2025-02-02 22:00:00,2,2,22,2025-02-02,late_evening_21_23,15873.654411947797,0.303444747030204
21525.336586,-0.0,15873.654411947797,5651.682174052205,0.0,2025-02-02 23:00:00,2,2,23,2025-02-02,late_evening_21_23,15873.654411947797,0.2625595261413026
20966.945907,-0.0,15873.654411947797,5093.2914950522045,0.0,2025-02-03 00:00:00,2,3,0,2025-02-03,night_00_05,15873.654411947797,0.24292004747108942
20064.186002,-0.0,15873.654411947797,4190.531590052202,0.0,2025-02-03 01:00:00,2,3,1,2025-02-03,night_00_05,15873.654411947797,0.2088562969678655
19955.31919,-0.0,15873.654411947797,4081.6647780522017,0.0,2025-02-03 02:00:00,2,3,2,2025-02-03,night_00_05,15873.654411947797,0.20454018997088275
20138.970191,-0.0,15873.654411947797,4265.315779052204,0.0,2025-02-03 03:00:00,2,3,3,2025-02-03,night_00_05,15873.654411947797,0.21179413538028627
20084.166827,-0.0,15873.654411947797,4210.512415052204,0.0,2025-02-03 04:00:00,2,3,4,2025-02-03,night_00_05,15873.654411947797,0.20964336989034732
21454.00337,-0.0,15873.654411947797,5580.348958052202,0.0,2025-02-03 05:00:00,2,3,5,2025-02-03,night_00_05,15873.654411947797,0.2601075828045888
23743.410085,1287.8717304946772,15873.654411947797,6581.883942557526,0.0015944356506568,2025-02-03 06:00:00,2,3,6,2025-02-03,morning_06_09,17161.526142442475,0.27720887265118077
26285.574238,5027.054870723304,15873.654411947797,5384.864955328901,0.0062236908489407,2025-02-03 17:00:00,2,3,17,2025-02-03,evening_peak_16_20,20900.7092826711,0.2048600843402621
27306.163987,301.7477242946306,15873.654411947797,11130.761850757573,0.0003735755026901,2025-02-03 18:00:00,2,3,18,2025-02-03,evening_peak_16_20,16175.402136242426,0.40762817714186217
26822.600961,507.06060886627154,15873.654411947797,10441.885940185932,0.0006277608962731,2025-02-03 19:00:00,2,3,19,2025-02-03,evening_peak_16_20,16380.715020814068,0.38929431024860006
26076.480479,584.8306409009301,15873.654411947797,9617.995426151276,0.0007240432423272,2025-02-03 20:00:00,2,3,20,2025-02-03,evening_peak_16_20,16458.485052848726,0.36883794321464786
25465.857538,575.4982370567647,15873.654411947797,9016.704888995439,0.0007124893608007,2025-02-03 21:00:00,2,3,21,2025-02-03,late_evening_21_23,16449.15264900456,0.3540703420468274
24280.532217,535.0578203986872,15873.654411947797,7871.819984653516,0.0006624225408525,2025-02-03 22:00:00,2,3,22,2025-02-03,late_evening_21_23,16408.712232346483,0.324202942270848
22854.2325079999,522.6146152731872,15873.654411947797,6457.963480778915,0.0006470173654839,2025-02-03 23:00:00,2,3,23,2025-02-03,late_evening_21_23,16396.269027220984,0.282571881533032
21740.308307,541.2794229615181,15873.654411947797,5325.374472090684,0.0006701251285369,2025-02-04 00:00:00,2,4,0,2025-02-04,night_00_05,16414.933834909316,0.24495395359117364
21484.443059,522.6146152731872,15873.654411947797,5088.174031779017,0.0006470173654839,2025-02-04 01:00:00,2,4,1,2025-02-04,night_00_05,16396.269027220984,0.23683062287470102
21373.248945,494.6174037406906,15873.654411947797,5004.977129311512,0.0006123557209044,2025-02-04 02:00:00,2,4,2,2025-02-04,night_00_05,16368.271815688488,0.2341701601937483
21048.523525,516.393012710437,15873.654411947797,4658.476100341767,0.0006393147777996,2025-02-04 03:00:00,2,4,3,2025-02-04,night_00_05,16390.047424658234,0.22132080166139667
20776.284585,497.728205022106,15873.654411947797,4404.901968030099,0.0006162070147466,2025-02-04 04:00:00,2,4,4,2025-02-04,night_00_05,16371.382616969902,0.21201586597491723
21942.1023829999,491.5066024592752,15873.654411947797,5576.9413685928275,0.0006085044270622,2025-02-04 05:00:00,2,4,5,2025-02-04,night_00_05,16365.161014407073,0.2541662267018533
24074.882368,1269.2069228063463,15873.654411947797,6932.0210332458555,0.0015713278876038,2025-02-04 06:00:00,2,4,6,2025-02-04,morning_06_09,17142.861334754143,0.28793582154568703
27086.609716,6974.416472872234,15873.654411947797,4238.538831179968,0.0086346007941367,2025-02-04 17:00:00,2,4,17,2025-02-04,evening_peak_16_20,22848.07088482003,0.1564809651566055
27450.226276,531.9470191173526,15873.654411947797,11044.624844934851,0.0006585712470104,2025-02-04 18:00:00,2,4,18,2025-02-04,evening_peak_16_20,16405.601431065148,0.40235095819925076
26883.573657,-0.0,15873.654411947797,11009.919245052204,0.0,2025-02-04 19:00:00,2,4,19,2025-02-04,evening_peak_16_20,15873.654411947797,0.4095407621592533
26395.27178,-0.0,15873.654411947797,10521.617368052202,0.0,2025-02-04 20:00:00,2,4,20,2025-02-04,evening_peak_16_20,15873.654411947797,0.39861750451929623
25625.112966,-0.0,15873.654411947797,9751.458554052204,0.0,2025-02-04 21:00:00,2,4,21,2025-02-04,late_evening_21_23,15873.654411947797,0.3805430464634699
24317.864496,-0.0,15873.654411947797,8444.210084052202,0.0,2025-02-04 22:00:00,2,4,22,2025-02-04,late_evening_21_23,15873.654411947797,0.34724307660490394
22698.18594,-0.0,15873.654411947797,6824.531528052203,0.0,2025-02-04 23:00:00,2,4,23,2025-02-04,late_evening_21_23,15873.654411947797,0.3006641828599014
22167.008559,-0.0,15873.654411947797,6293.354147052205,0.0,2025-02-05 00:00:00,2,5,0,2025-02-05,night_00_05,15873.654411947797,0.28390633451066394
21523.354313,-0.0,15873.654411947797,5649.699901052203,0.0,2025-02-05 01:00:00,2,5,1,2025-02-05,night_00_05,15873.654411947797,0.2624916088306836
21286.918084,-0.0,15873.654411947797,5413.263672052204,0.0,2025-02-05 02:00:00,2,5,2,2025-02-05,night_00_05,15873.654411947797,0.25430001894548576
21072.711617,-0.0,15873.654411947797,5199.057205052204,0.0,2025-02-05 03:00:00,2,5,3,2025-02-05,night_00_05,15873.654411947797,0.24671989535784117
21308.227185,-0.0,15873.654411947797,5434.572773052203,0.0,2025-02-05 04:00:00,2,5,4,2025-02-05,night_00_05,15873.654411947797,0.25504574950645775
22907.952252,-0.0,15873.654411947797,7034.297840052202,0.0,2025-02-05 05:00:00,2,5,5,2025-02-05,night_00_05,15873.654411947797,0.307067945780185
25493.204688,1841.5943585817763,15873.654411947797,7777.955917470428,0.0022799659545624,2025-02-05 06:00:00,2,5,6,2025-02-05,morning_06_09,17715.24877052957,0.3050991828081786
27155.393172,877.2459613513952,15873.654411947797,10404.492798700809,0.0010860648634908,2025-02-05 18:00:00,2,5,18,2025-02-05,evening_peak_16_20,16750.90037329919,0.38314646128669977
26800.276109,457.2877883640286,15873.654411947797,10469.333908688173,0.0005661401947984,2025-02-05 19:00:00,2,5,19,2025-02-05,evening_peak_16_20,16330.942200311825,0.39064276301140005
26067.99742,528.8362178359372,15873.654411947797,9665.506790216266,0.0006547199531682,2025-02-05 20:00:00,2,5,20,2025-02-05,evening_peak_16_20,16402.490629783733,0.3707805641717862
25443.934457,553.7226280870183,15873.654411947797,9016.557416965185,0.0006855303039055,2025-02-05 21:00:00,2,5,21,2025-02-05,late_evening_21_23,16427.377040034815,0.3543696212629017
24495.454524,550.6118268056836,15873.654411947797,8071.1882852465205,0.0006816790100634,2025-02-05 22:00:00,2,5,22,2025-02-05,late_evening_21_23,16424.26623875348,0.3294973880700431
23072.579335,563.0550319311837,15873.654411947797,6635.869891121018,0.000697084185432,2025-02-05 23:00:00,2,5,23,2025-02-05,late_evening_21_23,16436.70944387898,0.2876084981558486
22232.56446,559.944230649849,15873.654411947797,5798.965817402355,0.0006932328915899,2025-02-06 00:00:00,2,6,0,2025-02-06,night_00_05,16433.598642597644,0.2608320703549803
21620.996494,556.8334293684336,15873.654411947797,5190.508652683769,0.0006893815977477,2025-02-06 01:00:00,2,6,1,2025-02-06,night_00_05,16430.48784131623,0.24006796606826963
21537.695706,531.9470191173526,15873.654411947797,5132.09427493485,0.0006585712470104,2025-02-06 02:00:00,2,6,2,2025-02-06,night_00_05,16405.601431065148,0.23828427817861428
21384.150173,553.7226280870183,15873.654411947797,4956.773132965187,0.0006855303039055,2025-02-06 03:00:00,2,6,3,2025-02-06,night_00_05,16427.377040034815,0.23179659200222483
21376.58374,314.1909294201307,15873.654411947797,5188.738398632071,0.0003889806780587,2025-02-06 04:00:00,2,6,4,2025-02-06,night_00_05,16187.845341367927,0.24273001063883146
22802.913465,-0.0,15873.654411947797,6929.259053052205,0.0,2025-02-06 05:00:00,2,6,5,2025-02-06,night_00_05,15873.654411947797,0.30387604038790333
24717.524907,2143.3420828764065,15873.654411947797,6700.528412175796,0.0026535414572525,2025-02-06 06:00:00,2,6,6,2025-02-06,morning_06_09,18016.996494824205,0.2710841169326872
27212.978445,6358.477819157392,15873.654411947797,4980.846213894812,0.0078720446133878,2025-02-06 17:00:00,2,6,17,2025-02-06,evening_peak_16_20,22232.132231105188,0.18303201260977633
27441.4558459999,1029.6752241394586,15873.654411947797,10538.126209912643,0.001274778261757,2025-02-06 18:00:00,2,6,18,2025-02-06,evening_peak_16_20,16903.329636087255,0.38402212583224776
26658.37725,376.40695504795457,15873.654411947797,10408.31588300425,0.0004660065549021,2025-02-06 19:00:00,2,6,19,2025-02-06,evening_peak_16_20,16250.061366995751,0.39043321299702327
25996.914117,-0.0,15873.654411947797,10123.259705052204,0.0,2025-02-06 20:00:00,2,6,20,2025-02-06,evening_peak_16_20,15873.654411947797,0.3894023598144044
25368.830548,-0.0,15873.654411947797,9495.176136052205,0.0,2025-02-06 21:00:00,2,6,21,2025-02-06,late_evening_21_23,15873.654411947797,0.374285133801754
24475.008302,-0.0,15873.654411947797,8601.353890052202,0.0,2025-02-06 22:00:00,2,6,22,2025-02-06,late_evening_21_23,15873.654411947797,0.3514341561775623
23031.88525,-0.0,15873.654411947797,7158.230838052203,0.0,2025-02-06 23:00:00,2,6,23,2025-02-06,late_evening_21_23,15873.654411947797,0.3107965657328118
22484.455179,-0.0,15873.654411947797,6610.800767052204,0.0,2025-02-07 00:00:00,2,7,0,2025-02-07,night_00_05,15873.654411947797,0.2940164978169696
21711.712757,-0.0,15873.654411947797,5838.0583450522045,0.0,2025-02-07 01:00:00,2,7,1,2025-02-07,night_00_05,15873.654411947797,0.2688898112457745
21393.275425,-0.0,15873.654411947797,5519.621013052203,0.0,2025-02-07 02:00:00,2,7,2,2025-02-07,night_00_05,15873.654411947797,0.25800728983286125
20832.767083,-0.0,15873.654411947797,4959.112671052202,0.0,2025-02-07 03:00:00,2,7,3,2025-02-07,night_00_05,15873.654411947797,0.23804387824692516
20790.62957,-0.0,15873.654411947797,4916.975158052204,0.0,2025-02-07 04:00:00,2,7,4,2025-02-07,night_00_05,15873.654411947797,0.23649957984664358
22024.761316,-0.0,15873.654411947797,6151.106904052203,0.0,2025-02-07 05:00:00,2,7,5,2025-02-07,night_00_05,15873.654411947797,0.2792814331015565
24174.117792,1449.6333971268252,15873.654411947797,6850.829982925379,0.0017947029304494,2025-02-07 06:00:00,2,7,6,2025-02-07,morning_06_09,17323.287809074624,0.28339524287386986
26113.300269,37.3296153766582,15873.654411947797,10202.316241675544,4.621552610599531e-05,2025-02-07 18:00:00,2,7,18,2025-02-07,evening_peak_16_20,15910.984027324455,0.39069424915957734
26018.080584,-0.0,15873.654411947797,10144.426172052203,0.0,2025-02-07 19:00:00,2,7,19,2025-02-07,evening_peak_16_20,15873.654411947797,0.3898990987940359
25406.874019,-0.0,15873.654411947797,9533.219607052202,0.0,2025-02-07 20:00:00,2,7,20,2025-02-07,evening_peak_16_20,15873.654411947797,0.3752220599796332
24961.668558,-0.0,15873.654411947797,9088.014146052205,0.0,2025-02-07 21:00:00,2,7,21,2025-02-07,late_evening_21_23,15873.654411947797,0.36407879244673225
24183.187307,-0.0,15873.654411947797,8309.532895052203,0.0,2025-02-07 22:00:00,2,7,22,2025-02-07,late_evening_21_23,15873.654411947797,0.34360784579652776
22878.977546,-0.0,15873.654411947797,7005.323134052202,0.0,2025-02-07 23:00:00,2,7,23,2025-02-07,late_evening_21_23,15873.654411947797,0.3061903933411117
22473.471803,-0.0,15873.654411947797,6599.817391052204,0.0,2025-02-08 00:00:00,2,8,0,2025-02-08,night_00_05,15873.654411947797,0.2936714651347812
21713.9367309999,-0.0,15873.654411947797,5840.282319052103,0.0,2025-02-08 01:00:00,2,8,1,2025-02-08,night_00_05,15873.654411947797,0.26896469264894857
21083.701632,-0.0,15873.654411947797,5210.047220052204,0.0,2025-02-08 02:00:00,2,8,2,2025-02-08,night_00_05,15873.654411947797,0.24711254745440914
20615.086728,-0.0,15873.654411947797,4741.432316052202,0.0,2025-02-08 03:00:00,2,8,3,2025-02-08,night_00_05,15873.654411947797,0.22999817457048352
20569.800169,-0.0,15873.654411947797,4696.145757052202,0.0,2025-02-08 04:00:00,2,8,4,2025-02-08,night_00_05,15873.654411947797,0.22830293529684323
21220.214632,-0.0,15873.654411947797,5346.560220052203,0.0,2025-02-08 05:00:00,2,8,5,2025-02-08,night_00_05,15873.654411947797,0.25195599162270543
22529.971334,2037.5748393092515,15873.654411947797,4618.742082742953,0.0025225974666189,2025-02-08 06:00:00,2,8,6,2025-02-08,morning_06_09,17911.22925125705,0.20500434795373243
25127.701208,-0.0,15873.654411947797,9254.046796052202,0.0,2025-02-08 18:00:00,2,8,18,2025-02-08,evening_peak_16_20,15873.654411947797,0.36828067635196
24870.965727,-0.0,15873.654411947797,8997.311315052202,0.0,2025-02-08 19:00:00,2,8,19,2025-02-08,evening_peak_16_20,15873.654411947797,0.3617596282272502
24452.9001599999,-0.0,15873.654411947797,8579.245748052102,0.0,2025-02-08 20:00:00,2,8,20,2025-02-08,evening_peak_16_20,15873.654411947797,0.3508477805052363
24001.472047,-0.0,15873.654411947797,8127.817635052203,0.0,2025-02-08 21:00:00,2,8,21,2025-02-08,late_evening_21_23,15873.654411947797,0.33863829764841935
23160.204423,-0.0,15873.654411947797,7286.5500110522025,0.0,2025-02-08 22:00:00,2,8,22,2025-02-08,late_evening_21_23,15873.654411947797,0.3146150991575901
22015.985496,-0.0,15873.654411947797,6142.3310840522045,0.0,2025-02-08 23:00:00,2,8,23,2025-02-08,late_evening_21_23,15873.654411947797,0.2789941465562911
21531.186811,-0.0,15873.654411947797,5657.532399052203,0.0,2025-02-09 00:00:00,2,9,0,2025-02-09,night_00_05,15873.654411947797,0.26275989562088814
20922.096569,-0.0,15873.654411947797,5048.4421570522045,0.0,2025-02-09 01:00:00,2,9,1,2025-02-09,night_00_05,15873.654411947797,0.24129714440437178
20608.639631,-0.0,15873.654411947797,4734.9852190522015,0.0,2025-02-09 02:00:00,2,9,2,2025-02-09,night_00_05,15873.654411947797,0.2297572913027081
20493.529842,-0.0,15873.654411947797,4619.875430052203,0.0,2025-02-09 03:00:00,2,9,3,2025-02-09,night_00_05,15873.654411947797,0.22543092701307632
20390.7853279999,-0.0,15873.654411947797,4517.130916052103,0.0,2025-02-09 04:00:00,2,9,4,2025-02-09,night_00_05,15873.654411947797,0.22152805021439465
21132.961848,-0.0,15873.654411947797,5259.307436052202,0.0,2025-02-09 05:00:00,2,9,5,2025-02-09,night_00_05,15873.654411947797,0.24886750252425868
22115.513872,2236.666121318062,15873.654411947797,4005.193338734141,0.0027690802725175,2025-02-09 06:00:00,2,9,6,2025-02-09,morning_06_09,18110.320533265858,0.18110333596204764
24070.4654529999,357.7421473596236,15873.654411947797,7839.068893692479,0.0004428987918491,2025-02-09 18:00:00,2,9,18,2025-02-09,evening_peak_16_20,16231.39655930742,0.3256716788048441
23984.518674,-0.0,15873.654411947797,8110.864262052202,0.0,2025-02-09 19:00:00,2,9,19,2025-02-09,evening_peak_16_20,15873.654411947797,0.33817081644605373
24058.578718,-0.0,15873.654411947797,8184.924306052204,0.0,2025-02-09 20:00:00,2,9,20,2025-02-09,evening_peak_16_20,15873.654411947797,0.3402081395576563
23697.992212,-0.0,15873.654411947797,7824.337800052204,0.0,2025-02-09 21:00:00,2,9,21,2025-02-09,late_evening_21_23,15873.654411947797,0.3301688062877402
22822.8927239999,-0.0,15873.654411947797,6949.238312052103,0.0,2025-02-09 22:00:00,2,9,22,2025-02-09,late_evening_21_23,15873.654411947797,0.30448543031289294
22044.0965369999,-0.0,15873.654411947797,6170.442125052103,0.0,2025-02-09 23:00:00,2,9,23,2025-02-09,late_evening_21_23,15873.654411947797,0.2799135866010806
21828.444211,-0.0,15873.654411947797,5954.789799052205,0.0,2025-02-10 00:00:00,2,10,0,2025-02-10,night_00_05,15873.654411947797,0.2727995518824658
21194.525371,-0.0,15873.654411947797,5320.870959052203,0.0,2025-02-10 01:00:00,2,10,1,2025-02-10,night_00_05,15873.654411947797,0.25104930947557963
21093.626791,-0.0,15873.654411947797,5219.972379052202,0.0,2025-02-10 02:00:00,2,10,2,2025-02-10,night_00_05,15873.654411947797,0.24746680268750196
21001.5806529999,-0.0,15873.654411947797,5127.926241052102,0.0,2025-02-10 03:00:00,2,10,3,2025-02-10,night_00_05,15873.654411947797,0.2441685854878557
21101.689497,-0.0,15873.654411947797,5228.035085052203,0.0,2025-02-10 04:00:00,2,10,4,2025-02-10,night_00_05,15873.654411947797,0.24775433672244423
22408.03117,-0.0,15873.654411947797,6534.376758052202,0.0,2025-02-10 05:00:00,2,10,5,2025-02-10,night_00_05,15873.654411947797,0.29160869638562725
24651.9144949999,3166.7957044531154,15873.654411947797,5611.4643785989865,0.0039206171313252,2025-02-10 06:00:00,2,10,6,2025-02-10,morning_06_09,19040.450116400913,0.22762793452561866
26996.427423,-0.0,15873.654411947797,11122.773011052204,0.0,2025-02-10 18:00:00,2,10,18,2025-02-10,evening_peak_16_20,15873.654411947797,0.4120090720439548
26794.563884,-0.0,15873.654411947797,10920.909472052203,0.0,2025-02-10 19:00:00,2,10,19,2025-02-10,evening_peak_16_20,15873.654411947797,0.40757929553663946
26679.923194,-0.0,15873.654411947797,10806.268782052202,0.0,2025-02-10 20:00:00,2,10,20,2025-02-10,evening_peak_16_20,15873.654411947797,0.4050337290507045
26113.931084,-0.0,15873.654411947797,10240.276672052203,0.0,2025-02-10 21:00:00,2,10,21,2025-02-10,late_evening_21_23,15873.654411947797,0.392138458170567
24866.55325,-0.0,15873.654411947797,8992.898838052204,0.0,2025-02-10 22:00:00,2,10,22,2025-02-10,late_evening_21_23,15873.654411947797,0.3616463748570463
23669.836392,-0.0,15873.654411947797,7796.181980052204,0.0,2025-02-10 23:00:00,2,10,23,2025-02-10,late_evening_21_23,15873.654411947797,0.3293720265293925
22832.199474,-0.0,15873.654411947797,6958.545062052204,0.0,2025-02-11 00:00:00,2,11,0,2025-02-11,night_00_05,15873.654411947797,0.3047689325759525
22046.135076,-0.0,15873.654411947797,6172.480664052202,0.0,2025-02-11 01:00:00,2,11,1,2025-02-11,night_00_05,15873.654411947797,0.2799801707997211
21509.157269,-0.0,15873.654411947797,5635.502857052203,0.0,2025-02-11 02:00:00,2,11,2,2025-02-11,night_00_05,15873.654411947797,0.262004818997458
21525.575451,-0.0,15873.654411947797,5651.921039052204,0.0,2025-02-11 03:00:00,2,11,3,2025-02-11,night_00_05,15873.654411947797,0.26256770937055884
21851.055052,-0.0,15873.654411947797,5977.400640052203,0.0,2025-02-11 04:00:00,2,11,4,2025-02-11,night_00_05,15873.654411947797,0.27355203791430194
23344.247293,-0.0,15873.654411947797,7470.592881052204,0.0,2025-02-11 05:00:00,2,11,5,2025-02-11,night_00_05,15873.654411947797,0.32001858047881176
26087.820494,3362.776185180591,15873.654411947797,6851.389896871612,0.0041632486433817,2025-02-11 06:00:00,2,11,6,2025-02-11,morning_06_09,19236.430597128387,0.2626279147561361
28281.008778,-0.0,15873.654411947797,12407.354366052203,0.0,2025-02-11 18:00:00,2,11,18,2025-02-11,evening_peak_16_20,15873.654411947797,0.43871682454637095
27952.399986,-0.0,15873.654411947797,12078.745574052204,0.0,2025-02-11 19:00:00,2,11,19,2025-02-11,evening_peak_16_20,15873.654411947797,0.432118371950239
27377.637563,-0.0,15873.654411947797,11503.983151052204,0.0,2025-02-11 20:00:00,2,11,20,2025-02-11,evening_peak_16_20,15873.654411947797,0.42019634179829557
26548.832918,-0.0,15873.654411947797,10675.178506052203,0.0,2025-02-11 21:00:00,2,11,21,2025-02-11,late_evening_21_23,15873.654411947797,0.4020959617706764
25033.677535,-0.0,15873.654411947797,9160.023123052202,0.0,2025-02-11 22:00:00,2,11,22,2025-02-11,late_evening_21_23,15873.654411947797,0.3659080097299097
23393.151125,-0.0,15873.654411947797,7519.496713052204,0.0,2025-02-11 23:00:00,2,11,23,2025-02-11,late_evening_21_23,15873.654411947797,0.3214400947043086
23539.120775,-0.0,15873.654411947797,7665.466363052203,0.0,2025-02-12 00:00:00,2,12,0,2025-02-12,night_00_05,15873.654411947797,0.32564794736060837
23791.0051059999,-0.0,15873.654411947797,7917.350694052102,0.0,2025-02-12 01:00:00,2,12,1,2025-02-12,night_00_05,15873.654411947797,0.33278756650997526
23333.565788,-0.0,15873.654411947797,7459.911376052203,0.0,2025-02-12 02:00:00,2,12,2,2025-02-12,night_00_05,15873.654411947797,0.3197073025113329
23208.25823,-0.0,15873.654411947797,7334.603818052203,0.0,2025-02-12 03:00:00,2,12,3,2025-02-12,night_00_05,15873.654411947797,0.3160342213260613
22814.885451,-0.0,15873.654411947797,6941.231039052202,0.0,2025-02-12 04:00:00,2,12,4,2025-02-12,night_00_05,15873.654411947797,0.3042413276174464
23702.084819,-0.0,15873.654411947797,7828.430407052203,0.0,2025-02-12 05:00:00,2,12,5,2025-02-12,night_00_05,15873.654411947797,0.3302844651360288
25950.248579,1841.5943585817763,15873.654411947797,8234.999808470426,0.0022799659545624,2025-02-12 06:00:00,2,12,6,2025-02-12,morning_06_09,17715.24877052957,0.31733799325277073
28004.822473,3452.98942234083,15873.654411947797,8678.178638711373,0.0042749361648045,2025-02-12 17:00:00,2,12,17,2025-02-12,evening_peak_16_20,19326.643834288625,0.30988158011278866
28527.2678749999,-0.0,15873.654411947797,12653.613463052103,0.0,2025-02-12 18:00:00,2,12,18,2025-02-12,evening_peak_16_20,15873.654411947797,0.44356205152548794
28060.471551,-0.0,15873.654411947797,12186.817139052202,0.0,2025-02-12 19:00:00,2,12,19,2025-02-12,evening_peak_16_20,15873.654411947797,0.4343055004226362
27180.289047,-0.0,15873.654411947797,11306.634635052202,0.0,2025-02-12 20:00:00,2,12,20,2025-02-12,evening_peak_16_20,15873.654411947797,0.4159865487633643
26251.7407619999,-0.0,15873.654411947797,10378.086350052103,0.0,2025-02-12 21:00:00,2,12,21,2025-02-12,late_evening_21_23,15873.654411947797,0.3953294543070706
24939.717373,-0.0,15873.654411947797,9066.062961052203,0.0,2025-02-12 22:00:00,2,12,22,2025-02-12,late_evening_21_23,15873.654411947797,0.3635190738314949
24337.870034,-0.0,15873.654411947797,8464.215622052203,0.0,2025-02-12 23:00:00,2,12,23,2025-02-12,late_evening_21_23,15873.654411947797,0.34777963766869063
24001.33253,-0.0,15873.654411947797,8127.678118052203,0.0,2025-02-13 00:00:00,2,13,0,2025-02-13,night_00_05,15873.654411947797,0.3386344532285101
23584.5299639999,-0.0,15873.654411947797,7710.875552052103,0.0,2025-02-13 01:00:00,2,13,1,2025-02-13,night_00_05,15873.654411947797,0.3269463315072297
23145.1627,-0.0,15873.654411947797,7271.508288052204,0.0,2025-02-13 02:00:00,2,13,2,2025-02-13,night_00_05,15873.654411947797,0.3141696769343602
22589.003649,-0.0,15873.654411947797,6715.349237052202,0.0,2025-02-13 03:00:00,2,13,3,2025-02-13,night_00_05,15873.654411947797,0.2972839945222412
23124.302375,-0.0,15873.654411947797,7250.647963052203,0.0,2025-02-13 04:00:00,2,13,4,2025-02-13,night_00_05,15873.654411947797,0.31355099260814795
23303.189535,-0.0,15873.654411947797,7429.535123052205,0.0,2025-02-13 05:00:00,2,13,5,2025-02-13,night_00_05,15873.654411947797,0.31882052505703073
24947.715733,2012.6884290580895,15873.654411947797,7061.372891994115,0.0024917871158815,2025-02-13 06:00:00,2,13,6,2025-02-13,morning_06_09,17886.342841005888,0.28304687160811154
27946.251431,5496.785864212912,15873.654411947797,6575.811154839292,0.0068052362191078,2025-02-13 17:00:00,2,13,17,2025-02-13,evening_peak_16_20,21370.44027616071,0.23530208232310282
28027.778143,-0.0,15873.654411947797,12154.123731052203,0.0,2025-02-13 18:00:00,2,13,18,2025-02-13,evening_peak_16_20,15873.654411947797,0.4336456378754276
27484.9474019999,-0.0,15873.654411947797,11611.292990052103,0.0,2025-02-13 19:00:00,2,13,19,2025-02-13,evening_peak_16_20,15873.654411947797,0.4224600767912412
26679.789469,-0.0,15873.654411947797,10806.135057052203,0.0,2025-02-13 20:00:00,2,13,20,2025-02-13,evening_peak_16_20,15873.654411947797,0.40503074694829044
26156.367571,-0.0,15873.654411947797,10282.713159052202,0.0,2025-02-13 21:00:00,2,13,21,2025-02-13,late_evening_21_23,15873.654411947797,0.39312466194475787
25189.975307,-0.0,15873.654411947797,9316.320895052204,0.0,2025-02-13 22:00:00,2,13,22,2025-02-13,late_evening_21_23,15873.654411947797,0.36984239887139975
23736.503645,-0.0,15873.654411947797,7862.849233052204,0.0,2025-02-13 23:00:00,2,13,23,2025-02-13,late_evening_21_23,15873.654411947797,0.3312555779337991
23360.0702389999,-0.0,15873.654411947797,7486.415827052102,0.0,2025-02-14 00:00:00,2,14,0,2025-02-14,night_00_05,15873.654411947797,0.3204791659638697
22060.866627,-0.0,15873.654411947797,6187.212215052203,0.0,2025-02-14 01:00:00,2,14,1,2025-02-14,night_00_05,15873.654411947797,0.280460977334397
21517.453443,-0.0,15873.654411947797,5643.799031052202,0.0,2025-02-14 02:00:00,2,14,2,2025-02-14,night_00_05,15873.654411947797,0.262289357149195
21226.215961,-0.0,15873.654411947797,5352.561549052205,0.0,2025-02-14 03:00:00,2,14,3,2025-02-14,night_00_05,15873.654411947797,0.2521674875487339
21134.127395,-0.0,15873.654411947797,5260.472983052203,0.0,2025-02-14 04:00:00,2,14,4,2025-02-14,night_00_05,15873.654411947797,0.2489089274770222
22252.901379,-0.0,15873.654411947797,6379.246967052202,0.0,2025-02-14 05:00:00,2,14,5,2025-02-14,night_00_05,15873.654411947797,0.28667034731355434
24182.709515,2012.6884290580895,15873.654411947797,6296.366673994113,0.0024917871158815,2025-02-14 06:00:00,2,14,6,2025-02-14,morning_06_09,17886.342841005888,0.2603664684508829
25360.175244,5496.785864212912,15873.654411947797,3989.7349678392893,0.0068052362191078,2025-02-14 17:00:00,2,14,17,2025-02-14,evening_peak_16_20,21370.44027616071,0.1573228469224883
26372.1681699999,-0.0,15873.654411947797,10498.513758052102,0.0,2025-02-14 18:00:00,2,14,18,2025-02-14,evening_peak_16_20,15873.654411947797,0.3980906571798242
26284.460529,-0.0,15873.654411947797,10410.806117052203,0.0,2025-02-14 19:00:00,2,14,19,2025-02-14,evening_peak_16_20,15873.654411947797,0.3960821682288598
25828.763132,-0.0,15873.654411947797,9955.108720052203,0.0,2025-02-14 20:00:00,2,14,20,2025-02-14,evening_peak_16_20,15873.654411947797,0.3854272335526021
25296.9868799999,-0.0,15873.654411947797,9423.332468052102,0.0,2025-02-14 21:00:00,2,14,21,2025-02-14,late_evening_21_23,15873.654411947797,0.3725080980099769
24503.45134,-0.0,15873.654411947797,8629.796928052203,0.0,2025-02-14 22:00:00,2,14,22,2025-02-14,late_evening_21_23,15873.654411947797,0.35218699636670053
23149.139598,-0.0,15873.654411947797,7275.485186052205,0.0,2025-02-14 23:00:00,2,14,23,2025-02-14,late_evening_21_23,15873.654411947797,0.31428749890474456
22471.506879,-0.0,15873.654411947797,6597.852467052204,0.0,2025-02-15 00:00:00,2,15,0,2025-02-15,night_00_05,15873.654411947797,0.29360970328242686
21600.252778,-0.0,15873.654411947797,5726.5983660522015,0.0,2025-02-15 01:00:00,2,15,1,2025-02-15,night_00_05,15873.654411947797,0.2651171921416022
21099.675012,-0.0,15873.654411947797,5226.020600052203,0.0,2025-02-15 02:00:00,2,15,2,2025-02-15,night_00_05,15873.654411947797,0.2476825162984744
20991.174755,-0.0,15873.654411947797,5117.520343052203,0.0,2025-02-15 03:00:00,2,15,3,2025-02-15,night_00_05,15873.654411947797,0.24379389923535527
20807.7258789999,-0.0,15873.654411947797,4934.071467052103,0.0,2025-02-15 04:00:00,2,15,4,2025-02-15,night_00_05,15873.654411947797,0.2371268967951847
21584.332278,-0.0,15873.654411947797,5710.677866052205,0.0,2025-02-15 05:00:00,2,15,5,2025-02-15,night_00_05,15873.654411947797,0.2645751461059955
24844.325362,-0.0,15873.654411947797,8970.670950052203,0.0,2025-02-15 18:00:00,2,15,18,2025-02-15,evening_peak_16_20,15873.654411947797,0.36107524834516386
24655.032151,-0.0,15873.654411947797,8781.377739052203,0.0,2025-02-15 19:00:00,2,15,19,2025-02-15,evening_peak_16_20,15873.654411947797,0.3561697946800703
24058.861438,-0.0,15873.654411947797,8185.207026052203,0.0,2025-02-15 20:00:00,2,15,20,2025-02-15,evening_peak_16_20,15873.654411947797,0.34021589289025955
23578.016805,-0.0,15873.654411947797,7704.362393052203,0.0,2025-02-15 21:00:00,2,15,21,2025-02-15,late_evening_21_23,15873.654411947797,0.32676040808565376
22569.7573,-0.0,15873.654411947797,6696.102888052204,0.0,2025-02-15 22:00:00,2,15,22,2025-02-15,late_evening_21_23,15873.654411947797,0.2966847538077959
21643.923177,-0.0,15873.654411947797,5770.268765052204,0.0,2025-02-15 23:00:00,2,15,23,2025-02-15,late_evening_21_23,15873.654411947797,0.2665999466854513
21385.382612,-0.0,15873.654411947797,5511.728200052205,0.0,2025-02-16 00:00:00,2,16,0,2025-02-16,night_00_05,15873.654411947797,0.25773343877230437
20825.9746739999,-0.0,15873.654411947797,4952.320262052102,0.0,2025-02-16 01:00:00,2,16,1,2025-02-16,night_00_05,15873.654411947797,0.23779536562266188
20640.240957,-0.0,15873.654411947797,4766.586545052205,0.0,2025-02-16 02:00:00,2,16,2,2025-02-16,night_00_05,15873.654411947797,0.2309365745769382
20423.449864,-0.0,15873.654411947797,4549.795452052202,0.0,2025-02-16 03:00:00,2,16,3,2025-02-16,night_00_05,15873.654411947797,0.22277311043674528
20252.777005,-0.0,15873.654411947797,4379.122593052203,0.0,2025-02-16 04:00:00,2,16,4,2025-02-16,night_00_05,15873.654411947797,0.21622331554685498
20584.141778,-0.0,15873.654411947797,4710.487366052204,0.0,2025-02-16 05:00:00,2,16,5,2025-02-16,night_00_05,15873.654411947797,0.22884060053874566
21156.050984,5213.702947606533,15873.654411947797,68.69362444567196,0.0064547684794706,2025-02-16 06:00:00,2,16,6,2025-02-16,morning_06_09,21087.357359554328,0.003246996544753267
24201.487131,-0.0,15873.654411947797,8327.832719052205,0.0,2025-02-16 18:00:00,2,16,18,2025-02-16,evening_peak_16_20,15873.654411947797,0.34410417318467074
23863.974375,-0.0,15873.654411947797,7990.319963052205,0.0,2025-02-16 19:00:00,2,16,19,2025-02-16,evening_peak_16_20,15873.654411947797,0.3348277129991766
23342.786233,-0.0,15873.654411947797,7469.131821052202,0.0,2025-02-16 20:00:00,2,16,20,2025-02-16,evening_peak_16_20,15873.654411947797,0.3199760194219229
23036.864812,-0.0,15873.654411947797,7163.210400052203,0.0,2025-02-16 21:00:00,2,16,21,2025-02-16,late_evening_21_23,15873.654411947797,0.3109455413533901
22436.396663,-0.0,15873.654411947797,6562.742251052203,0.0,2025-02-16 22:00:00,2,16,22,2025-02-16,late_evening_21_23,15873.654411947797,0.2925042888849822
21330.725011,-0.0,15873.654411947797,5457.070599052202,0.0,2025-02-16 23:00:00,2,16,23,2025-02-16,late_evening_21_23,15873.654411947797,0.2558314635924497
20904.277085,-0.0,15873.654411947797,5030.622673052205,0.0,2025-02-17 00:00:00,2,17,0,2025-02-17,night_00_05,15873.654411947797,0.24065040147511058
20389.694858,-0.0,15873.654411947797,4516.040446052202,0.0,2025-02-17 01:00:00,2,17,1,2025-02-17,night_00_05,15873.654411947797,0.22148641642277012
20134.366629,-0.0,15873.654411947797,4260.712217052203,0.0,2025-02-17 02:00:00,2,17,2,2025-02-17,night_00_05,15873.654411947797,0.21161391840930321
19628.549456,-0.0,15873.654411947797,3754.895044052204,0.0,2025-02-17 03:00:00,2,17,3,2025-02-17,night_00_05,15873.654411947797,0.19129763268902267
19884.526551,-0.0,15873.654411947797,4010.8721390522023,0.0,2025-02-17 04:00:00,2,17,4,2025-02-17,night_00_05,15873.654411947797,0.2017082040532916
21267.355489,-0.0,15873.654411947797,5393.701077052205,0.0,2025-02-17 05:00:00,2,17,5,2025-02-17,night_00_05,15873.654411947797,0.253614093197528
22557.275393,5201.259742481032,15873.654411947797,1482.3612385711713,0.006439363304102,2025-02-17 06:00:00,2,17,6,2025-02-17,morning_06_09,21074.91415442883,0.06571543826747708
26195.7157529999,522.6146152731872,15873.654411947797,9799.446725778915,0.0006470173654839,2025-02-17 18:00:00,2,17,18,2025-02-17,evening_peak_16_20,16396.269027220984,0.37408585503744807
25886.169359,-0.0,15873.654411947797,10012.514947052203,0.0,2025-02-17 19:00:00,2,17,19,2025-02-17,evening_peak_16_20,15873.654411947797,0.38679013523378236
25397.7604719999,-0.0,15873.654411947797,9524.106060052103,0.0,2025-02-17 20:00:00,2,17,20,2025-02-17,evening_peak_16_20,15873.654411947797,0.3749978692236302
24801.73979,-0.0,15873.654411947797,8928.085378052203,0.0,2025-02-17 21:00:00,2,17,21,2025-02-17,late_evening_21_23,15873.654411947797,0.359978189177357
23321.5272989999,-0.0,15873.654411947797,7447.872887052103,0.0,2025-02-17 22:00:00,2,17,22,2025-02-17,late_evening_21_23,15873.654411947797,0.31935613785343686
22085.254546,-0.0,15873.654411947797,6211.600134052203,0.0,2025-02-17 23:00:00,2,17,23,2025-02-17,late_evening_21_23,15873.654411947797,0.2812555373140232
21675.633455,-0.0,15873.654411947797,5801.9790430522025,0.0,2025-02-18 00:00:00,2,18,0,2025-02-18,night_00_05,15873.654411947797,0.2676728712495292
21072.343241,-0.0,15873.654411947797,5198.688829052202,0.0,2025-02-18 01:00:00,2,18,1,2025-02-18,night_00_05,15873.654411947797,0.24670672689771048
20845.5648999999,-0.0,15873.654411947797,4971.910488052103,0.0,2025-02-18 02:00:00,2,18,2,2025-02-18,night_00_05,15873.654411947797,0.2385116695999026
20354.87977,-0.0,15873.654411947797,4481.225358052203,0.0,2025-02-18 03:00:00,2,18,3,2025-02-18,night_00_05,15873.654411947797,0.22015484290193885
20749.093331,-0.0,15873.654411947797,4875.438919052203,0.0,2025-02-18 04:00:00,2,18,4,2025-02-18,night_00_05,15873.654411947797,0.2349711788017309
22077.444912,-0.0,15873.654411947797,6203.790500052202,0.0,2025-02-18 05:00:00,2,18,5,2025-02-18,night_00_05,15873.654411947797,0.28100128999439544
26182.48035,161.7616666321481,15873.654411947797,10147.064271420057,0.0002002672797926,2025-02-18 18:00:00,2,18,18,2025-02-18,evening_peak_16_20,16035.416078579945,0.3875516809628793
25787.181518,-0.0,15873.654411947797,9913.527106052205,0.0,2025-02-18 19:00:00,2,18,19,2025-02-18,evening_peak_16_20,15873.654411947797,0.3844362401192372
25277.599474,-0.0,15873.654411947797,9403.945062052202,0.0,2025-02-18 20:00:00,2,18,20,2025-02-18,evening_peak_16_20,15873.654411947797,0.37202682445083046
24760.100522,-0.0,15873.654411947797,8886.446110052204,0.0,2025-02-18 21:00:00,2,18,21,2025-02-18,late_evening_21_23,15873.654411947797,0.35890185914860734
23377.502044,-0.0,15873.654411947797,7503.847632052204,0.0,2025-02-18 22:00:00,2,18,22,2025-02-18,late_evening_21_23,15873.654411947797,0.3209858614461385
22262.077435,-0.0,15873.654411947797,6388.423023052203,0.0,2025-02-18 23:00:00,2,18,23,2025-02-18,late_evening_21_23,15873.654411947797,0.2869643698664191
21706.3875639999,-0.0,15873.654411947797,5832.733152052102,0.0,2025-02-19 00:00:00,2,19,0,2025-02-19,night_00_05,15873.654411947797,0.2687104491640841
20863.367118,-0.0,15873.654411947797,4989.712706052202,0.0,2025-02-19 01:00:00,2,19,1,2025-02-19,night_00_05,15873.654411947797,0.23916142959241207
20368.169779,-0.0,15873.654411947797,4494.515367052203,0.0,2025-02-19 02:00:00,2,19,2,2025-02-19,night_00_05,15873.654411947797,0.2206636833755255
20132.157757,-0.0,15873.654411947797,4258.503345052204,0.0,2025-02-19 03:00:00,2,19,3,2025-02-19,night_00_05,15873.654411947797,0.211527417798597
20529.975617,-0.0,15873.654411947797,4656.321205052203,0.0,2025-02-19 04:00:00,2,19,4,2025-02-19,night_00_05,15873.654411947797,0.2268059783371833
22036.172925,-0.0,15873.654411947797,6162.518513052202,0.0,2025-02-19 05:00:00,2,19,5,2025-02-19,night_00_05,15873.654411947797,0.27965466299553476
24004.863389,7192.172562569456,15873.654411947797,939.0364144827454,0.0089041913630884,2025-02-19 06:00:00,2,19,6,2025-02-19,morning_06_09,23065.82697451725,0.03911859023172154
26187.773146,-0.0,15873.654411947797,10314.118734052203,0.0,2025-02-19 18:00:00,2,19,18,2025-02-19,evening_peak_16_20,15873.654411947797,0.3938524545996998
25734.62362,-0.0,15873.654411947797,9860.969208052202,0.0,2025-02-19 19:00:00,2,19,19,2025-02-19,evening_peak_16_20,15873.654411947797,0.38317907243021115
25037.582364,-0.0,15873.654411947797,9163.927952052205,0.0,2025-02-19 20:00:00,2,19,20,2025-02-19,evening_peak_16_20,15873.654411947797,0.36600690189754315
24258.525637,-0.0,15873.654411947797,8384.871225052202,0.0,2025-02-19 21:00:00,2,19,21,2025-02-19,late_evening_21_23,15873.654411947797,0.34564636575700575
23354.002697,-0.0,15873.654411947797,7480.348285052203,0.0,2025-02-19 22:00:00,2,19,22,2025-02-19,late_evening_21_23,15873.654411947797,0.32030262144369415
22295.233202,-0.0,15873.654411947797,6421.578790052203,0.0,2025-02-19 23:00:00,2,19,23,2025-02-19,late_evening_21_23,15873.654411947797,0.28802474196484984
21350.499184,-0.0,15873.654411947797,5476.844772052204,0.0,2025-02-20 00:00:00,2,20,0,2025-02-20,night_00_05,15873.654411947797,0.2565206895095237
20912.889382,-0.0,15873.654411947797,5039.2349700522045,0.0,2025-02-20 01:00:00,2,20,1,2025-02-20,night_00_05,15873.654411947797,0.24096311504375575
20684.600382,-0.0,15873.654411947797,4810.945970052204,0.0,2025-02-20 02:00:00,2,20,2,2025-02-20,night_00_05,15873.654411947797,0.23258587940808126
20160.999414,-0.0,15873.654411947797,4287.345002052205,0.0,2025-02-20 03:00:00,2,20,3,2025-02-20,night_00_05,15873.654411947797,0.21265538052022506
20364.9866029999,-0.0,15873.654411947797,4491.332191052103,0.0,2025-02-20 04:00:00,2,20,4,2025-02-20,night_00_05,15873.654411947797,0.22054186818814303
21886.184823,-0.0,15873.654411947797,6012.530411052203,0.0,2025-02-20 05:00:00,2,20,5,2025-02-20,night_00_05,15873.654411947797,0.2747180680268078
25688.6448519999,326.6341345457116,15873.654411947797,9488.356305506391,0.0004043858534274,2025-02-20 18:00:00,2,20,18,2025-02-20,evening_peak_16_20,16200.288546493508,0.3693599393884613
25403.391071,-0.0,15873.654411947797,9529.736659052202,0.0,2025-02-20 19:00:00,2,20,19,2025-02-20,evening_peak_16_20,15873.654411947797,0.3751363994050053
24870.595666,-0.0,15873.654411947797,8996.941254052204,0.0,2025-02-20 20:00:00,2,20,20,2025-02-20,evening_peak_16_20,15873.654411947797,0.361750131556025
24577.09392,-0.0,15873.654411947797,8703.439508052203,0.0,2025-02-20 21:00:00,2,20,21,2025-02-20,late_evening_21_23,15873.654411947797,0.3541280973406559
23235.018105,-0.0,15873.654411947797,7361.3636930522025,0.0,2025-02-20 22:00:00,2,20,22,2025-02-20,late_evening_21_23,15873.654411947797,0.31682194779388156
22041.511328,-0.0,15873.654411947797,6167.856916052204,0.0,2025-02-20 23:00:00,2,20,23,2025-02-20,late_evening_21_23,15873.654411947797,0.2798291289679845
21499.412385,-0.0,15873.654411947797,5625.757973052203,0.0,2025-02-21 00:00:00,2,21,0,2025-02-21,night_00_05,15873.654411947797,0.2616703132303866
20720.235225,-0.0,15873.654411947797,4846.580813052204,0.0,2025-02-21 01:00:00,2,21,1,2025-02-21,night_00_05,15873.654411947797,0.2339056849704371
20176.0282569999,-0.0,15873.654411947797,4302.373845052103,0.0,2025-02-21 02:00:00,2,21,2,2025-02-21,night_00_05,15873.654411947797,0.21324186258310932
19938.346286,-0.0,15873.654411947797,4064.6918740522033,0.0,2025-02-21 03:00:00,2,21,3,2025-02-21,night_00_05,15873.654411947797,0.2038630393788619
19928.086162,-0.0,15873.654411947797,4054.431750052203,0.0,2025-02-21 04:00:00,2,21,4,2025-02-21,night_00_05,15873.654411947797,0.20345314231847422
21448.348217,-0.0,15873.654411947797,5574.693805052202,0.0,2025-02-21 05:00:00,2,21,5,2025-02-21,night_00_05,15873.654411947797,0.25991249995809423
25126.961226,-0.0,15873.654411947797,9253.306814052203,0.0,2025-02-21 18:00:00,2,21,18,2025-02-21,evening_peak_16_20,15873.654411947797,0.36826207239407005
24669.2434599999,-0.0,15873.654411947797,8795.589048052103,0.0,2025-02-21 19:00:00,2,21,19,2025-02-21,evening_peak_16_20,15873.654411947797,0.35654068850201126
24084.4090159999,-0.0,15873.654411947797,8210.754604052103,0.0,2025-02-21 20:00:00,2,21,20,2025-02-21,evening_peak_16_20,15873.654411947797,0.34091576000878765
23854.536397,-0.0,15873.654411947797,7980.881985052203,0.0,2025-02-21 21:00:00,2,21,21,2025-02-21,late_evening_21_23,15873.654411947797,0.33456453951693216
22973.6787019999,-0.0,15873.654411947797,7100.0242900521025,0.0,2025-02-21 22:00:00,2,21,22,2025-02-21,late_evening_21_23,15873.654411947797,0.3090503868426624
22215.374,-0.0,15873.654411947797,6341.719588052203,0.0,2025-02-21 23:00:00,2,21,23,2025-02-21,late_evening_21_23,15873.654411947797,0.28546535332028183
21415.58458,-0.0,15873.654411947797,5541.930168052202,0.0,2025-02-22 00:00:00,2,22,0,2025-02-22,night_00_05,15873.654411947797,0.2587802423674116
20729.976325,-0.0,15873.654411947797,4856.321913052203,0.0,2025-02-22 01:00:00,2,22,1,2025-02-22,night_00_05,15873.654411947797,0.2342656757979777
20212.823841,-0.0,15873.654411947797,4339.169429052205,0.0,2025-02-22 02:00:00,2,22,2,2025-02-22,night_00_05,15873.654411947797,0.2146740833040145
19686.213947,-0.0,15873.654411947797,3812.5595350522035,0.0,2025-02-22 03:00:00,2,22,3,2025-02-22,night_00_05,15873.654411947797,0.1936664685914989
19489.841259,-0.0,15873.654411947797,3616.186847052204,0.0,2025-02-22 04:00:00,2,22,4,2025-02-22,night_00_05,15873.654411947797,0.18554213956885485
20125.423967,-0.0,15873.654411947797,4251.769555052202,0.0,2025-02-22 05:00:00,2,22,5,2025-02-22,night_00_05,15873.654411947797,0.21126360180157702
24050.070228,-0.0,15873.654411947797,8176.415816052204,0.0,2025-02-22 18:00:00,2,22,18,2025-02-22,evening_peak_16_20,15873.654411947797,0.3399747168527147
23678.474742,-0.0,15873.654411947797,7804.820330052202,0.0,2025-02-22 19:00:00,2,22,19,2025-02-22,evening_peak_16_20,15873.654411947797,0.32961668414428325
23160.001912,-0.0,15873.654411947797,7286.347500052203,0.0,2025-02-22 20:00:00,2,22,20,2025-02-22,evening_peak_16_20,15873.654411947797,0.3146091061536957
22719.374329,-0.0,15873.654411947797,6845.719917052202,0.0,2025-02-22 21:00:00,2,22,21,2025-02-22,late_evening_21_23,15873.654411947797,0.30131639269282284
21851.8951529999,-0.0,15873.654411947797,5978.240741052103,0.0,2025-02-22 22:00:00,2,22,22,2025-02-22,late_evening_21_23,15873.654411947797,0.273579966368793
20814.686946,-0.0,15873.654411947797,4941.032534052205,0.0,2025-02-22 23:00:00,2,22,23,2025-02-22,late_evening_21_23,15873.654411947797,0.2373820248592176
20214.636051,-0.0,15873.654411947797,4340.981639052205,0.0,2025-02-23 00:00:00,2,23,0,2025-02-23,night_00_05,15873.654411947797,0.21474448652452785
19391.497055,-0.0,15873.654411947797,3517.842643052203,0.0,2025-02-23 01:00:00,2,23,1,2025-02-23,night_00_05,15873.654411947797,0.18141160700870926
18810.596117,-0.0,15873.654411947797,2936.9417050522043,0.0,2025-02-23 02:00:00,2,23,2,2025-02-23,night_00_05,15873.654411947797,0.15613230366463265
18515.226773,-0.0,15873.654411947797,2641.572361052202,0.0,2025-02-23 03:00:00,2,23,3,2025-02-23,night_00_05,15873.654411947797,0.14267026774440048
18593.148426,-0.0,15873.654411947797,2719.494014052203,0.0,2025-02-23 04:00:00,2,23,4,2025-02-23,night_00_05,15873.654411947797,0.14626323373234407
19433.074416,-0.0,15873.654411947797,3559.420004052203,0.0,2025-02-23 05:00:00,2,23,5,2025-02-23,night_00_05,15873.654411947797,0.18316298944039422
24600.481783,-0.0,15873.654411947797,8726.827371052203,0.0,2025-02-23 18:00:00,2,23,18,2025-02-23,evening_peak_16_20,15873.654411947797,0.35474213261476933
24260.506971,-0.0,15873.654411947797,8386.852559052202,0.0,2025-02-23 19:00:00,2,23,19,2025-02-23,evening_peak_16_20,15873.654411947797,0.34569980623560326
23494.456115,-0.0,15873.654411947797,7620.801703052204,0.0,2025-02-23 20:00:00,2,23,20,2025-02-23,evening_peak_16_20,15873.654411947797,0.32436595534495966
22895.93911,-0.0,15873.654411947797,7022.284698052203,0.0,2025-02-23 21:00:00,2,23,21,2025-02-23,late_evening_21_23,15873.654411947797,0.3067043751433266
21802.510774,-0.0,15873.654411947797,5928.856362052202,0.0,2025-02-23 22:00:00,2,23,22,2025-02-23,late_evening_21_23,15873.654411947797,0.27193456861502857
20475.0015189999,-0.0,15873.654411947797,4601.347107052103,0.0,2025-02-23 23:00:00,2,23,23,2025-02-23,late_evening_21_23,15873.654411947797,0.22473000076616625
19844.2902919999,-0.0,15873.654411947797,3970.635880052103,0.0,2025-02-24 00:00:00,2,24,0,2025-02-24,night_00_05,15873.654411947797,0.2000895885731343
19121.9439389999,-0.0,15873.654411947797,3248.289527052102,0.0,2025-02-24 01:00:00,2,24,1,2025-02-24,night_00_05,15873.654411947797,0.16987234861760564
19066.824611,-0.0,15873.654411947797,3193.1701990522033,0.0,2025-02-24 02:00:00,2,24,2,2025-02-24,night_00_05,15873.654411947797,0.16747257418049594
18961.386611,-0.0,15873.654411947797,3087.732199052205,0.0,2025-02-24 03:00:00,2,24,3,2025-02-24,night_00_05,15873.654411947797,0.16284316450047645
19259.660436,-0.0,15873.654411947797,3386.0060240522016,0.0,2025-02-24 04:00:00,2,24,4,2025-02-24,night_00_05,15873.654411947797,0.1758081891061333
20717.5097,-0.0,15873.654411947797,4843.855288052202,0.0,2025-02-24 05:00:00,2,24,5,2025-02-24,night_00_05,15873.654411947797,0.23380490021212358
26219.56882,18.6648076883291,15873.654411947797,10327.249600363875,2.3107763052997653e-05,2025-02-24 18:00:00,2,24,18,2025-02-24,evening_peak_16_20,15892.319219636125,0.3938756457538067
25834.221994,-0.0,15873.654411947797,9960.567582052203,0.0,2025-02-24 19:00:00,2,24,19,2025-02-24,evening_peak_16_20,15873.654411947797,0.3855570949404068
25119.168745,-0.0,15873.654411947797,9245.514333052202,0.0,2025-02-24 20:00:00,2,24,20,2025-02-24,evening_peak_16_20,15873.654411947797,0.36806609434050375
24579.691547,-0.0,15873.654411947797,8706.037135052202,0.0,2025-02-24 21:00:00,2,24,21,2025-02-24,late_evening_21_23,15873.654411947797,0.35419635427096285
23156.178597,-0.0,15873.654411947797,7282.524185052202,0.0,2025-02-24 22:00:00,2,24,22,2025-02-24,late_evening_21_23,15873.654411947797,0.31449594131199565
21836.693902,-0.0,15873.654411947797,5963.039490052202,0.0,2025-02-24 23:00:00,2,24,23,2025-02-24,late_evening_21_23,15873.654411947797,0.2730742811532498
21146.9354719999,-0.0,15873.654411947797,5273.2810600521025,0.0,2025-02-25 00:00:00,2,25,0,2025-02-25,night_00_05,15873.654411947797,0.24936384125417677
20381.461241,-0.0,15873.654411947797,4507.806829052204,0.0,2025-02-25 01:00:00,2,25,1,2025-02-25,night_00_05,15873.654411947797,0.22117191577923548
19967.634618,-0.0,15873.654411947797,4093.9802060522034,0.0,2025-02-25 02:00:00,2,25,2,2025-02-25,night_00_05,15873.654411947797,0.20503080531940668
19799.1563919999,-0.0,15873.654411947797,3925.501980052102,0.0,2025-02-25 03:00:00,2,25,3,2025-02-25,night_00_05,15873.654411947797,0.198266123178776
20207.5354,-0.0,15873.654411947797,4333.880988052204,0.0,2025-02-25 04:00:00,2,25,4,2025-02-25,night_00_05,15873.654411947797,0.21446855849883623
21623.916801,-0.0,15873.654411947797,5750.262389052203,0.0,2025-02-25 05:00:00,2,25,5,2025-02-25,night_00_05,15873.654411947797,0.26592140739212805
25637.3825779999,77.77003203470458,15873.654411947797,9685.958134017397,9.62823460541569e-05,2025-02-25 18:00:00,2,25,18,2025-02-25,evening_peak_16_20,15951.424443982502,0.37780604570488285
25424.82183,-0.0,15873.654411947797,9551.167418052204,0.0,2025-02-25 19:00:00,2,25,19,2025-02-25,evening_peak_16_20,15873.654411947797,0.3756631012761832
24754.618694,-0.0,15873.654411947797,8880.964282052204,0.0,2025-02-25 20:00:00,2,25,20,2025-02-25,evening_peak_16_20,15873.654411947797,0.3587598900969847
24146.333591,-0.0,15873.654411947797,8272.679179052202,0.0,2025-02-25 21:00:00,2,25,21,2025-02-25,late_evening_21_23,15873.654411947797,0.34260601709468874
22777.075337,-0.0,15873.654411947797,6903.420925052202,0.0,2025-02-25 22:00:00,2,25,22,2025-02-25,late_evening_21_23,15873.654411947797,0.30308636306075726
21464.962612,-0.0,15873.654411947797,5591.308200052203,0.0,2025-02-25 23:00:00,2,25,23,2025-02-25,late_evening_21_23,15873.654411947797,0.26048534540313517
21176.283685,-0.0,15873.654411947797,5302.629273052202,0.0,2025-02-26 00:00:00,2,26,0,2025-02-26,night_00_05,15873.654411947797,0.2504041479576638
20451.545228,-0.0,15873.654411947797,4577.890816052202,0.0,2025-02-26 01:00:00,2,26,1,2025-02-26,night_00_05,15873.654411947797,0.22384082791869728
20053.6714169999,-0.0,15873.654411947797,4180.017005052103,0.0,2025-02-26 02:00:00,2,26,2,2025-02-26,night_00_05,15873.654411947797,0.20844148276552585
19823.899428,-0.0,15873.654411947797,3950.245016052204,0.0,2025-02-26 03:00:00,2,26,3,2025-02-26,night_00_05,15873.654411947797,0.19926680068164254
20110.105903,-0.0,15873.654411947797,4236.451491052203,0.0,2025-02-26 04:00:00,2,26,4,2025-02-26,night_00_05,15873.654411947797,0.210662813586686
21497.1831289999,-0.0,15873.654411947797,5623.528717052102,0.0,2025-02-26 05:00:00,2,26,5,2025-02-26,night_00_05,15873.654411947797,0.26159374850679434
26309.554178,34.21881409527001,15873.654411947797,10401.680951956932,4.236423226382903e-05,2025-02-26 18:00:00,2,26,18,2025-02-26,evening_peak_16_20,15907.873226043066,0.39535755268155776
25955.25862,-0.0,15873.654411947797,10081.604208052204,0.0,2025-02-26 19:00:00,2,26,19,2025-02-26,evening_peak_16_20,15873.654411947797,0.3884224139567523
25098.895791,-0.0,15873.654411947797,9225.241379052202,0.0,2025-02-26 20:00:00,2,26,20,2025-02-26,evening_peak_16_20,15873.654411947797,0.3675556668257973
24361.925452,-0.0,15873.654411947797,8488.271040052203,0.0,2025-02-26 21:00:00,2,26,21,2025-02-26,late_evening_21_23,15873.654411947797,0.34842365217710475
22927.39792,-0.0,15873.654411947797,7053.743508052203,0.0,2025-02-26 22:00:00,2,26,22,2025-02-26,late_evening_21_23,15873.654411947797,0.3076556499200064
21458.333808,-0.0,15873.654411947797,5584.679396052203,0.0,2025-02-26 23:00:00,2,26,23,2025-02-26,late_evening_21_23,15873.654411947797,0.2602568981367112
20889.940838,-0.0,15873.654411947797,5016.286426052202,0.0,2025-02-27 00:00:00,2,27,0,2025-02-27,night_00_05,15873.654411947797,0.24012927872573434
20188.160124,-0.0,15873.654411947797,4314.505712052205,0.0,2025-02-27 01:00:00,2,27,1,2025-02-27,night_00_05,15873.654411947797,0.21371465678653168
19771.5111159999,-0.0,15873.654411947797,3897.856704052103,0.0,2025-02-27 02:00:00,2,27,2,2025-02-27,night_00_05,15873.654411947797,0.1971451084938976
19513.222626,-0.0,15873.654411947797,3639.568214052202,0.0,2025-02-27 03:00:00,2,27,3,2025-02-27,night_00_05,15873.654411947797,0.18651804900758592
19989.263563,-0.0,15873.654411947797,4115.609151052204,0.0,2025-02-27 04:00:00,2,27,4,2025-02-27,night_00_05,15873.654411947797,0.20589098433171746
21277.8997289999,-0.0,15873.654411947797,5404.245317052102,0.0,2025-02-27 05:00:00,2,27,5,2025-02-27,night_00_05,15873.654411947797,0.2539839639194555
26317.5741649999,-0.0,15873.654411947797,10443.919753052103,0.0,2025-02-27 18:00:00,2,27,18,2025-02-27,evening_peak_16_20,15873.654411947797,0.3968420374755366
25768.560975,-0.0,15873.654411947797,9894.906563052204,0.0,2025-02-27 19:00:00,2,27,19,2025-02-27,evening_peak_16_20,15873.654411947797,0.3839914294264235
24842.320778,-0.0,15873.654411947797,8968.666366052204,0.0,2025-02-27 20:00:00,2,27,20,2025-02-27,evening_peak_16_20,15873.654411947797,0.36102369203744944
24065.627031,-0.0,15873.654411947797,8191.972619052203,0.0,2025-02-27 21:00:00,2,27,21,2025-02-27,late_evening_21_23,15873.654411947797,0.34040137863433856
22724.114284,-0.0,15873.654411947797,6850.459872052203,0.0,2025-02-27 22:00:00,2,27,22,2025-02-27,late_evening_21_23,15873.654411947797,0.3014621290157653
21373.209637,-0.0,15873.654411947797,5499.555225052203,0.0,2025-02-27 23:00:00,2,27,23,2025-02-27,late_evening_21_23,15873.654411947797,0.2573106855945355
20819.266025,-0.0,15873.654411947797,4945.611613052204,0.0,2025-02-28 00:00:00,2,28,0,2025-02-28,night_00_05,15873.654411947797,0.23754975833986944
20180.52651,-0.0,15873.654411947797,4306.872098052203,0.0,2025-02-28 01:00:00,2,28,1,2025-02-28,night_00_05,15873.654411947797,0.21341723150374847
19751.781782,-0.0,15873.654411947797,3878.1273700522015,0.0,2025-02-28 02:00:00,2,28,2,2025-02-28,night_00_05,15873.654411947797,0.19634316604218355
19337.041846,-0.0,15873.654411947797,3463.3874340522034,0.0,2025-02-28 03:00:00,2,28,3,2025-02-28,night_00_05,15873.654411947797,0.1791063732309515
19607.435234,-0.0,15873.654411947797,3733.780822052204,0.0,2025-02-28 04:00:00,2,28,4,2025-02-28,night_00_05,15873.654411947797,0.1904267833856053
20939.2736,-0.0,15873.654411947797,5065.619188052204,0.0,2025-02-28 05:00:00,2,28,5,2025-02-28,night_00_05,15873.654411947797,0.24191952809920797
24870.069105,-0.0,15873.654411947797,8996.414693052202,0.0,2025-02-28 18:00:00,2,28,18,2025-02-28,evening_peak_16_20,15873.654411947797,0.3617366182244954
24470.055842,-0.0,15873.654411947797,8596.401430052205,0.0,2025-02-28 19:00:00,2,28,19,2025-02-28,evening_peak_16_20,15873.654411947797,0.3513028938535352
23819.604271,-0.0,15873.654411947797,7945.9498590522035,0.0,2025-02-28 20:00:00,2,28,20,2025-02-28,evening_peak_16_20,15873.654411947797,0.3335886595196829
23199.907767,-0.0,15873.654411947797,7326.253355052204,0.0,2025-02-28 21:00:00,2,28,21,2025-02-28,late_evening_21_23,15873.654411947797,0.3157880379797548
22237.883448,-0.0,15873.654411947797,6364.229036052204,0.0,2025-02-28 22:00:00,2,28,22,2025-02-28,late_evening_21_23,15873.654411947797,0.2861886137200967
21117.945277,-0.0,15873.654411947797,5244.290865052202,0.0,2025-02-28 23:00:00,2,28,23,2025-02-28,late_evening_21_23,15873.654411947797,0.2483333864286442
20700.277742,-0.0,15873.654411947797,4826.623330052202,0.0,2025-03-01 00:00:00,3,1,0,2025-03-01,night_00_05,15873.654411947797,0.233167080664777
19815.402176,-0.0,15873.654411947797,3941.747764052203,0.0,2025-03-01 01:00:00,3,1,1,2025-03-01,night_00_05,15873.654411947797,0.19892342981695144
19253.637616,-0.0,15873.654411947797,3379.9832040522033,0.0,2025-03-01 02:00:00,3,1,2,2025-03-01,night_00_05,15873.654411947797,0.17555036982951197
18823.379708,-0.0,15873.654411947797,2949.7252960522037,0.0,2025-03-01 03:00:00,3,1,3,2025-03-01,night_00_05,15873.654411947797,0.15670540263279928
18882.959535,-0.0,15873.654411947797,3009.305123052205,0.0,2025-03-01 04:00:00,3,1,4,2025-03-01,night_00_05,15873.654411947797,0.15936617972804468
19393.670512,-0.0,15873.654411947797,3520.016100052204,0.0,2025-03-01 05:00:00,3,1,5,2025-03-01,night_00_05,15873.654411947797,0.18150334656217676
23730.957265,-0.0,15873.654411947797,7857.302853052204,0.0,2025-03-01 18:00:00,3,1,18,2025-03-01,evening_peak_16_20,15873.654411947797,0.33109927953225377
23447.089564,-0.0,15873.654411947797,7573.435152052205,0.0,2025-03-01 19:00:00,3,1,19,2025-03-01,evening_peak_16_20,15873.654411947797,0.32300107573607956
22973.942727,-0.0,15873.654411947797,7100.288315052205,0.0,2025-03-01 20:00:00,3,1,20,2025-03-01,evening_peak_16_20,15873.654411947797,0.3090583274897621
22388.477272,-0.0,15873.654411947797,6514.822860052203,0.0,2025-03-01 21:00:00,3,1,21,2025-03-01,late_evening_21_23,15873.654411947797,0.29098999368750833
21518.067292,-0.0,15873.654411947797,5644.412880052203,0.0,2025-03-01 22:00:00,3,1,22,2025-03-01,late_evening_21_23,15873.654411947797,0.26231040192678856
20611.085034,-0.0,15873.654411947797,4737.430622052203,0.0,2025-03-01 23:00:00,3,1,23,2025-03-01,late_evening_21_23,15873.654411947797,0.229848676779381
20350.583337,-0.0,15873.654411947797,4476.928925052203,0.0,2025-03-02 00:00:00,3,2,0,2025-03-02,night_00_05,15873.654411947797,0.21999020130850824
19482.702755,-0.0,15873.654411947797,3609.0483430522017,0.0,2025-03-02 01:00:00,3,2,1,2025-03-02,night_00_05,15873.654411947797,0.1852437204651179
19122.5951189999,-0.0,15873.654411947797,3248.940707052103,0.0,2025-03-02 02:00:00,3,2,2,2025-03-02,night_00_05,15873.654411947797,0.16990061687934857
18739.28,-0.0,15873.654411947797,2865.625588052202,0.0,2025-03-02 03:00:00,3,2,3,2025-03-02,night_00_05,15873.654411947797,0.1529207946117568
18694.293898,-0.0,15873.654411947797,2820.639486052203,0.0,2025-03-02 04:00:00,3,2,4,2025-03-02,night_00_05,15873.654411947797,0.15088237627172257
18988.79997,-0.0,15873.654411947797,3115.1455580522033,0.0,2025-03-02 05:00:00,3,2,5,2025-03-02,night_00_05,15873.654411947797,0.16405173381012783
24292.050071,1359.4201599665857,15873.654411947797,7058.975499085619,0.0016830154090266,2025-03-02 18:00:00,3,2,18,2025-03-02,evening_peak_16_20,17233.07457191438,0.2905878869199544
24223.527731,295.5261217317997,15873.654411947797,8054.347197320402,0.0003658729150057,2025-03-02 19:00:00,3,2,19,2025-03-02,evening_peak_16_20,16169.180533679597,0.33250100013355494
23771.354633,-0.0,15873.654411947797,7897.700221052202,0.0,2025-03-02 20:00:00,3,2,20,2025-03-02,evening_peak_16_20,15873.654411947797,0.33223601864440716
23290.294536,-0.0,15873.654411947797,7416.640124052205,0.0,2025-03-02 21:00:00,3,2,21,2025-03-02,late_evening_21_23,15873.654411947797,0.31844338046426346
22217.678818,-0.0,15873.654411947797,6344.024406052204,0.0,2025-03-02 22:00:00,3,2,22,2025-03-02,late_evening_21_23,15873.654411947797,0.2855394777294419
20905.674382,-0.0,15873.654411947797,5032.019970052204,0.0,2025-03-02 23:00:00,3,2,23,2025-03-02,late_evening_21_23,15873.654411947797,0.24070115501200118
20572.475522,-0.0,15873.654411947797,4698.821110052204,0.0,2025-03-03 00:00:00,3,3,0,2025-03-03,night_00_05,15873.654411947797,0.22840329084496086
20040.171669,-0.0,15873.654411947797,4166.517257052203,0.0,2025-03-03 01:00:00,3,3,1,2025-03-03,night_00_05,15873.654411947797,0.2079082617589229
19562.492782,-0.0,15873.654411947797,3688.8383700522045,0.0,2025-03-03 02:00:00,3,3,2,2025-03-03,night_00_05,15873.654411947797,0.18856688721421067
19677.016077,-0.0,15873.654411947797,3803.3616650522035,0.0,2025-03-03 03:00:00,3,3,3,2025-03-03,night_00_05,15873.654411947797,0.19328955417675667
20263.505401,-0.0,15873.654411947797,4389.850989052202,0.0,2025-03-03 04:00:00,3,3,4,2025-03-03,night_00_05,15873.654411947797,0.2166382815895005
22014.837041,-0.0,15873.654411947797,6141.182629052202,0.0,2025-03-03 05:00:00,3,3,5,2025-03-03,night_00_05,15873.654411947797,0.27895653361480643
26183.626311,535.0578203986872,15873.654411947797,9774.914078653515,0.0006624225408525,2025-03-03 18:00:00,3,3,18,2025-03-03,evening_peak_16_20,16408.712232346483,0.373321630951744
26172.760538,-0.0,15873.654411947797,10299.106126052202,0.0,2025-03-03 19:00:00,3,3,19,2025-03-03,evening_peak_16_20,15873.654411947797,0.39350477039282966
25701.614862,-0.0,15873.654411947797,9827.960450052202,0.0,2025-03-03 20:00:00,3,3,20,2025-03-03,evening_peak_16_20,15873.654411947797,0.3823868851362684
25143.2922369999,-0.0,15873.654411947797,9269.637825052103,0.0,2025-03-03 21:00:00,3,3,21,2025-03-03,late_evening_21_23,15873.654411947797,0.3686723973009096
23707.295011,-0.0,15873.654411947797,7833.640599052202,0.0,2025-03-03 22:00:00,3,3,22,2025-03-03,late_evening_21_23,15873.654411947797,0.3304316496427557
22366.170271,-0.0,15873.654411947797,6492.515859052202,0.0,2025-03-03 23:00:00,3,3,23,2025-03-03,late_evening_21_23,15873.654411947797,0.2902828593534587
21991.431446,-0.0,15873.654411947797,6117.777034052202,0.0,2025-03-04 00:00:00,3,4,0,2025-03-04,night_00_05,15873.654411947797,0.27818912329897283
21511.201609,-0.0,15873.654411947797,5637.547197052203,0.0,2025-03-04 01:00:00,3,4,1,2025-03-04,night_00_05,15873.654411947797,0.2620749551570159
20966.623204,-0.0,15873.654411947797,5092.968792052203,0.0,2025-03-04 02:00:00,3,4,2,2025-03-04,night_00_05,15873.654411947797,0.24290839504763787
20855.993548,-0.0,15873.654411947797,4982.339136052202,0.0,2025-03-04 03:00:00,3,4,3,2025-03-04,night_00_05,15873.654411947797,0.23889243754249181
21023.02107,-0.0,15873.654411947797,5149.366658052202,0.0,2025-03-04 04:00:00,3,4,4,2025-03-04,night_00_05,15873.654411947797,0.24493942335435248
22418.160489,-0.0,15873.654411947797,6544.506077052205,0.0,2025-03-04 05:00:00,3,4,5,2025-03-04,night_00_05,15873.654411947797,0.29192877266907874
26046.121026,1592.730256070723,15873.654411947797,8579.736357981481,0.0019718624471891,2025-03-04 18:00:00,3,4,18,2025-03-04,evening_peak_16_20,17466.38466801852,0.32940553218718965
25815.891707,525.7254165546025,15873.654411947797,9416.5118784976,0.0006508686593261,2025-03-04 19:00:00,3,4,19,2025-03-04,evening_peak_16_20,16399.3798285024,0.36475640606844917
25253.4334,-0.0,15873.654411947797,9379.778988052205,0.0,2025-03-04 20:00:00,3,4,20,2025-03-04,evening_peak_16_20,15873.654411947797,0.3714258904712816
24359.417152,-0.0,15873.654411947797,8485.762740052205,0.0,2025-03-04 21:00:00,3,4,21,2025-03-04,late_evening_21_23,15873.654411947797,0.3483565590712622
22946.385907,-0.0,15873.654411947797,7072.731495052203,0.0,2025-03-04 22:00:00,3,4,22,2025-03-04,late_evening_21_23,15873.654411947797,0.3082285604241757
21518.931179,-0.0,15873.654411947797,5645.276767052203,0.0,2025-03-04 23:00:00,3,4,23,2025-03-04,late_evening_21_23,15873.654411947797,0.2623400168016404
21287.395652,-0.0,15873.654411947797,5413.741240052203,0.0,2025-03-05 00:00:00,3,5,0,2025-03-05,night_00_05,15873.654411947797,0.25431674820886646
20819.582975,-0.0,15873.654411947797,4945.9285630522045,0.0,2025-03-05 01:00:00,3,5,1,2025-03-05,night_00_05,15873.654411947797,0.23756136561386645
20279.9730849999,-0.0,15873.654411947797,4406.318673052103,0.0,2025-03-05 02:00:00,3,5,2,2025-03-05,night_00_05,15873.654411947797,0.21727438466430907
20023.835462,-0.0,15873.654411947797,4150.181050052202,0.0,2025-03-05 03:00:00,3,5,3,2025-03-05,night_00_05,15873.654411947797,0.20726204317490324
20744.1116889999,-0.0,15873.654411947797,4870.457277052103,0.0,2025-03-05 04:00:00,3,5,4,2025-03-05,night_00_05,15873.654411947797,0.23478745921112584
22344.050491,-0.0,15873.654411947797,6470.396079052205,0.0,2025-03-05 05:00:00,3,5,5,2025-03-05,night_00_05,15873.654411947797,0.28958026574718077
27350.0062,-0.0,15873.654411947797,11476.351788052203,0.0,2025-03-05 18:00:00,3,5,18,2025-03-05,evening_peak_16_20,15873.654411947797,0.41961057354539844
27023.476562,-0.0,15873.654411947797,11149.822150052203,0.0,2025-03-05 19:00:00,3,5,19,2025-03-05,evening_peak_16_20,15873.654411947797,0.41259762134865036
26178.19192,-0.0,15873.654411947797,10304.537508052204,0.0,2025-03-05 20:00:00,3,5,20,2025-03-05,evening_peak_16_20,15873.654411947797,0.39363060441846603
25339.772716,-0.0,15873.654411947797,9466.118304052203,0.0,2025-03-05 21:00:00,3,5,21,2025-03-05,late_evening_21_23,15873.654411947797,0.3735676089184147
24442.58007,-0.0,15873.654411947797,8568.925658052203,0.0,2025-03-05 22:00:00,3,5,22,2025-03-05,late_evening_21_23,15873.654411947797,0.3505736969465598
23263.215215,-0.0,15873.654411947797,7389.5608030522035,0.0,2025-03-05 23:00:00,3,5,23,2025-03-05,late_evening_21_23,15873.654411947797,0.3176500210636169
22559.790751,-0.0,15873.654411947797,6686.136339052204,0.0,2025-03-06 00:00:00,3,6,0,2025-03-06,night_00_05,15873.654411947797,0.29637404055956634
21925.013126,-0.0,15873.654411947797,6051.358714052205,0.0,2025-03-06 01:00:00,3,6,1,2025-03-06,night_00_05,15873.654411947797,0.2760025127134879
21837.26832,-0.0,15873.654411947797,5963.6139080522025,0.0,2025-03-06 02:00:00,3,6,2,2025-03-06,night_00_05,15873.654411947797,0.2730934025566895
21066.715874,-0.0,15873.654411947797,5193.061462052205,0.0,2025-03-06 03:00:00,3,6,3,2025-03-06,night_00_05,15873.654411947797,0.24650550627406276
21382.88672,-0.0,15873.654411947797,5509.232308052202,0.0,2025-03-06 04:00:00,3,6,4,2025-03-06,night_00_05,15873.654411947797,0.2576467985914767
22712.586798,-0.0,15873.654411947797,6838.932386052204,0.0,2025-03-06 05:00:00,3,6,5,2025-03-06,night_00_05,15873.654411947797,0.3011075949593914
26587.314819,111.9888461299052,15873.654411947797,10601.671560922297,0.0001386465783179,2025-03-06 18:00:00,3,6,18,2025-03-06,evening_peak_16_20,15985.643258077702,0.39874923936831946
26400.814028,251.97490379238766,15873.654411947797,10275.184712259816,0.0003119548012154,2025-03-06 19:00:00,3,6,19,2025-03-06,evening_peak_16_20,16125.629315740185,0.3891995413990731
25987.254402,311.08012813879606,15873.654411947797,9802.519861913406,0.0003851293842166,2025-03-06 20:00:00,3,6,20,2025-03-06,evening_peak_16_20,16184.734540086592,0.3772049063081861
25344.102137,301.7477242946306,15873.654411947797,9168.700000757575,0.0003735755026901,2025-03-06 21:00:00,3,6,21,2025-03-06,late_evening_21_23,16175.402136242426,0.3617685862847016
24282.407655,323.5233332642962,15873.654411947797,8085.229909787906,0.0004005345595852,2025-03-06 22:00:00,3,6,22,2025-03-06,late_evening_21_23,16197.177745212093,0.3329665667697113
23096.750646,227.0884935413066,15873.654411947797,6996.007740510897,0.0002811444504781,2025-03-06 23:00:00,3,6,23,2025-03-06,late_evening_21_23,16100.742905489104,0.30290008528634726
22406.9782849999,-0.0,15873.654411947797,6533.3238730521025,0.0,2025-03-07 00:00:00,3,7,0,2025-03-07,night_00_05,15873.654411947797,0.2915754096760902
21838.6724919999,-0.0,15873.654411947797,5965.018080052103,0.0,2025-03-07 01:00:00,3,7,1,2025-03-07,night_00_05,15873.654411947797,0.2731401408321523
21280.009382,-0.0,15873.654411947797,5406.3549700522035,0.0,2025-03-07 02:00:00,3,7,2,2025-03-07,night_00_05,15873.654411947797,0.25405792229702895
20879.4581049999,-0.0,15873.654411947797,5005.803693052103,0.0,2025-03-07 03:00:00,3,7,3,2025-03-07,night_00_05,15873.654411947797,0.23974777831295288
21381.865689,-0.0,15873.654411947797,5508.211277052202,0.0,2025-03-07 04:00:00,3,7,4,2025-03-07,night_00_05,15873.654411947797,0.2576113495973332
23010.047524,-0.0,15873.654411947797,7136.393112052205,0.0,2025-03-07 05:00:00,3,7,5,2025-03-07,night_00_05,15873.654411947797,0.3101424760035278
25396.560881,37.3296153766582,15873.654411947797,9485.576853675546,4.621552610599531e-05,2025-03-07 18:00:00,3,7,18,2025-03-07,evening_peak_16_20,15910.984027324455,0.3734984787161484
25348.071797,-0.0,15873.654411947797,9474.417385052204,0.0,2025-03-07 19:00:00,3,7,19,2025-03-07,evening_peak_16_20,15873.654411947797,0.3737727059055246
24795.862616,-0.0,15873.654411947797,8922.208204052202,0.0,2025-03-07 20:00:00,3,7,20,2025-03-07,evening_peak_16_20,15873.654411947797,0.35982648969409026
24559.538631,-0.0,15873.654411947797,8685.884219052203,0.0,2025-03-07 21:00:00,3,7,21,2025-03-07,late_evening_21_23,15873.654411947797,0.3536664246651826
23641.9956259999,-0.0,15873.654411947797,7768.341214052105,0.0,2025-03-07 22:00:00,3,7,22,2025-03-07,late_evening_21_23,15873.654411947797,0.3285822963907919
22417.3829679999,-0.0,15873.654411947797,6543.728556052103,0.0,2025-03-07 23:00:00,3,7,23,2025-03-07,late_evening_21_23,15873.654411947797,0.2919042140375202
22087.816716,-0.0,15873.654411947797,6214.1623040522045,0.0,2025-03-08 00:00:00,3,8,0,2025-03-08,night_00_05,15873.654411947797,0.2813389111270007
21454.47571,-0.0,15873.654411947797,5580.821298052202,0.0,2025-03-08 01:00:00,3,8,1,2025-03-08,night_00_05,15873.654411947797,0.26012387221613453
20726.265261,-0.0,15873.654411947797,4852.610849052204,0.0,2025-03-08 02:00:00,3,8,2,2025-03-08,night_00_05,15873.654411947797,0.23412857009908186
20507.062683,-0.0,15873.654411947797,4633.408271052203,0.0,2025-03-08 03:00:00,3,8,3,2025-03-08,night_00_05,15873.654411947797,0.22594207384430626
20531.589086,-0.0,15873.654411947797,4657.934674052203,0.0,2025-03-08 04:00:00,3,8,4,2025-03-08,night_00_05,15873.654411947797,0.2268667395661224
21278.290019,-0.0,15873.654411947797,5404.635607052203,0.0,2025-03-08 05:00:00,3,8,5,2025-03-08,night_00_05,15873.654411947797,0.25399764747196546
23737.7590609999,821.2515382864023,15873.654411947797,7042.8531107657,0.0010167415743318,2025-03-08 18:00:00,3,8,18,2025-03-08,evening_peak_16_20,16694.9059502342,0.2966941021124778
23781.779869,68.43762819054002,15873.654411947797,7839.687828861665,8.472846452765806e-05,2025-03-08 19:00:00,3,8,19,2025-03-08,evening_peak_16_20,15942.092040138337,0.32965101317251894
23460.7641,-0.0,15873.654411947797,7587.109688052204,0.0,2025-03-08 20:00:00,3,8,20,2025-03-08,evening_peak_16_20,15873.654411947797,0.3233956769571799
23031.411057,-0.0,15873.654411947797,7157.7566450522045,0.0,2025-03-08 21:00:00,3,8,21,2025-03-08,late_evening_21_23,15873.654411947797,0.31078237574491674
22160.18699,-0.0,15873.654411947797,6286.532578052202,0.0,2025-03-08 22:00:00,3,8,22,2025-03-08,late_evening_21_23,15873.654411947797,0.28368589944160044
21202.419825,-0.0,15873.654411947797,5328.765413052204,0.0,2025-03-08 23:00:00,3,8,23,2025-03-08,late_evening_21_23,15873.654411947797,0.2513281718329622
21061.132309,-0.0,15873.654411947797,5187.477897052204,0.0,2025-03-09 00:00:00,3,9,0,2025-03-09,night_00_05,15873.654411947797,0.24630574562391652
20110.5325749999,-0.0,15873.654411947797,4236.8781630521025,0.0,2025-03-09 03:00:00,3,9,3,2025-03-09,night_00_05,15873.654411947797,0.21067956043685848
19942.1825509999,-0.0,15873.654411947797,4068.528139052103,0.0,2025-03-09 04:00:00,3,9,4,2025-03-09,night_00_05,15873.654411947797,0.20401619174066318
20260.93286,-0.0,15873.654411947797,4387.278448052204,0.0,2025-03-09 05:00:00,3,9,5,2025-03-09,night_00_05,15873.654411947797,0.2165388177517609
20788.0924959999,-0.0,15873.654411947797,4914.438084052103,0.0,2025-03-09 06:00:00,3,9,6,2025-03-09,morning_06_09,15873.654411947797,0.2364063987591816
23803.0055179999,317.30173070154615,15873.654411947797,7612.049375350557,0.0003928319719009,2025-03-09 19:00:00,3,9,19,2025-03-09,evening_peak_16_20,16190.956142649342,0.3197936231033641
23766.056076,-0.0,15873.654411947797,7892.401664052204,0.0,2025-03-09 20:00:00,3,9,20,2025-03-09,evening_peak_16_20,15873.654411947797,0.3320871430587213
23451.4736,-0.0,15873.654411947797,7577.8191880522045,0.0,2025-03-09 21:00:00,3,9,21,2025-03-09,late_evening_21_23,15873.654411947797,0.3231276344209007
22407.473497,-0.0,15873.654411947797,6533.819085052202,0.0,2025-03-09 22:00:00,3,9,22,2025-03-09,late_evening_21_23,15873.654411947797,0.29159106607565444
21290.559938,-0.0,15873.654411947797,5416.905526052202,0.0,2025-03-09 23:00:00,3,9,23,2025-03-09,late_evening_21_23,15873.654411947797,0.25442757456012016
21114.09222,-0.0,15873.654411947797,5240.437808052202,0.0,2025-03-10 00:00:00,3,10,0,2025-03-10,night_00_05,15873.654411947797,0.2481962166996826
20577.373434,-0.0,15873.654411947797,4703.719022052204,0.0,2025-03-10 01:00:00,3,10,1,2025-03-10,night_00_05,15873.654411947797,0.22858694950251754
20269.2641559999,-0.0,15873.654411947797,4395.6097440521025,0.0,2025-03-10 02:00:00,3,10,2,2025-03-10,night_00_05,15873.654411947797,0.21686084458823135
20074.392528,-0.0,15873.654411947797,4200.738116052204,0.0,2025-03-10 03:00:00,3,10,3,2025-03-10,night_00_05,15873.654411947797,0.20925854220460044
20433.663228,-0.0,15873.654411947797,4560.008816052205,0.0,2025-03-10 04:00:00,3,10,4,2025-03-10,night_00_05,15873.654411947797,0.22316159198531174
21961.693735,-0.0,15873.654411947797,6088.039323052204,0.0,2025-03-10 05:00:00,3,10,5,2025-03-10,night_00_05,15873.654411947797,0.27721173951851413
24041.940581,-0.0,15873.654411947797,8168.286169052202,0.0,2025-03-10 06:00:00,3,10,6,2025-03-10,morning_06_09,15873.654411947797,0.33975153301507954
25330.872646,2454.4222110152027,15873.654411947797,7002.796023037001,0.0030386708414691,2025-03-10 19:00:00,3,10,19,2025-03-10,evening_peak_16_20,18328.076622963,0.2764530113471165
24983.727035,217.7560896971411,15873.654411947797,8892.316533355062,0.0002695905689516,2025-03-10 20:00:00,3,10,20,2025-03-10,evening_peak_16_20,16091.410501644938,0.3559243391067198
24291.4321189999,-0.0,15873.654411947797,8417.777707052102,0.0,2025-03-10 21:00:00,3,10,21,2025-03-10,late_evening_21_23,15873.654411947797,0.34653278842575996
23045.990827,-0.0,15873.654411947797,7172.336415052205,0.0,2025-03-10 22:00:00,3,10,22,2025-03-10,late_evening_21_23,15873.654411947797,0.3112184010179032
21595.493603,-0.0,15873.654411947797,5721.839191052202,0.0,2025-03-10 23:00:00,3,10,23,2025-03-10,late_evening_21_23,15873.654411947797,0.2649552400255087
21626.353053,-0.0,15873.654411947797,5752.698641052202,0.0,2025-03-11 00:00:00,3,11,0,2025-03-11,night_00_05,15873.654411947797,0.2660041028163179
20641.900319,-0.0,15873.654411947797,4768.245907052204,0.0,2025-03-11 01:00:00,3,11,1,2025-03-11,night_00_05,15873.654411947797,0.2309983980817519
20401.919703,-0.0,15873.654411947797,4528.265291052203,0.0,2025-03-11 02:00:00,3,11,2,2025-03-11,night_00_05,15873.654411947797,0.22195290232351733
20173.7508949999,-0.0,15873.654411947797,4300.0964830521025,0.0,2025-03-11 03:00:00,3,11,3,2025-03-11,night_00_05,15873.654411947797,0.2131530475137318
20240.529476,-0.0,15873.654411947797,4366.875064052203,0.0,2025-03-11 04:00:00,3,11,4,2025-03-11,night_00_05,15873.654411947797,0.21574905287088367
21275.078337,-0.0,15873.654411947797,5401.423925052202,0.0,2025-03-11 05:00:00,3,11,5,2025-03-11,night_00_05,15873.654411947797,0.2538850310909764
23598.207941,-0.0,15873.654411947797,7724.553529052204,0.0,2025-03-11 06:00:00,3,11,6,2025-03-11,morning_06_09,15873.654411947797,0.3273364464100433
25773.373837,4389.340608038714,15873.654411947797,5510.3788170134885,0.0054341756112966,2025-03-11 19:00:00,3,11,19,2025-03-11,evening_peak_16_20,20262.995019986512,0.2138012218292835
25406.814659,329.74493582712705,15873.654411947797,9203.415311225075,0.0004082371472696,2025-03-11 20:00:00,3,11,20,2025-03-11,evening_peak_16_20,16203.399347774925,0.3622419982492727
24787.295977,-0.0,15873.654411947797,8913.641565052205,0.0,2025-03-11 21:00:00,3,11,21,2025-03-11,late_evening_21_23,15873.654411947797,0.359605241867573
23411.081054,-0.0,15873.654411947797,7537.426642052202,0.0,2025-03-11 22:00:00,3,11,22,2025-03-11,late_evening_21_23,15873.654411947797,0.32195978582391704
22169.110588,-0.0,15873.654411947797,6295.456176052203,0.0,2025-03-11 23:00:00,3,11,23,2025-03-11,late_evening_21_23,15873.654411947797,0.28397423302403
21711.800732,-0.0,15873.654411947797,5838.146320052203,0.0,2025-03-12 00:00:00,3,12,0,2025-03-12,night_00_05,15873.654411947797,0.26889277366329334
21195.527315,-0.0,15873.654411947797,5321.872903052203,0.0,2025-03-12 01:00:00,3,12,1,2025-03-12,night_00_05,15873.654411947797,0.25108471348509137
21024.61754,-0.0,15873.654411947797,5150.963128052203,0.0,2025-03-12 02:00:00,3,12,2,2025-03-12,night_00_05,15873.654411947797,0.24499675764623696
20687.031976,-0.0,15873.654411947797,4813.377564052202,0.0,2025-03-12 03:00:00,3,12,3,2025-03-12,night_00_05,15873.654411947797,0.23267608275737323
20486.0170159999,-0.0,15873.654411947797,4612.362604052103,0.0,2025-03-12 04:00:00,3,12,4,2025-03-12,night_00_05,15873.654411947797,0.22514686971360884
21301.261667,-0.0,15873.654411947797,5427.607255052202,0.0,2025-03-12 05:00:00,3,12,5,2025-03-12,night_00_05,15873.654411947797,0.25480214927647565
23155.510618,-0.0,15873.654411947797,7281.856206052204,0.0,2025-03-12 06:00:00,3,12,6,2025-03-12,morning_06_09,15873.654411947797,0.3144761662216005
26273.00441,115.09964741132062,15873.654411947797,10284.250350640885,0.0001424978721601,2025-03-12 19:00:00,3,12,19,2025-03-12,evening_peak_16_20,15988.754059359117,0.3914379257945279
25960.969568,-0.0,15873.654411947797,10087.315156052204,0.0,2025-03-12 20:00:00,3,12,20,2025-03-12,evening_peak_16_20,15873.654411947797,0.3885569500642236
25075.0930229999,-0.0,15873.654411947797,9201.438611052103,0.0,2025-03-12 21:00:00,3,12,21,2025-03-12,late_evening_21_23,15873.654411947797,0.36695531309144763
23886.309517,-0.0,15873.654411947797,8012.655105052205,0.0,2025-03-12 22:00:00,3,12,22,2025-03-12,late_evening_21_23,15873.654411947797,0.33544968926026686
22442.091635,-0.0,15873.654411947797,6568.437223052204,0.0,2025-03-12 23:00:00,3,12,23,2025-03-12,late_evening_21_23,15873.654411947797,0.2926838251033727
22237.4473379999,-0.0,15873.654411947797,6363.792926052103,0.0,2025-03-13 00:00:00,3,13,0,2025-03-13,night_00_05,15873.654411947797,0.28617461479841244
22066.412974,-0.0,15873.654411947797,6192.758562052202,0.0,2025-03-13 01:00:00,3,13,1,2025-03-13,night_00_05,15873.654411947797,0.28064183197100906
21402.396313,-0.0,15873.654411947797,5528.741901052204,0.0,2025-03-13 02:00:00,3,13,2,2025-03-13,night_00_05,15873.654411947797,0.25832349892960343
21532.913236,-0.0,15873.654411947797,5659.258824052204,0.0,2025-03-13 03:00:00,3,13,3,2025-03-13,night_00_05,15873.654411947797,0.26281900465705305
20953.9414689999,-0.0,15873.654411947797,5080.287057052103,0.0,2025-03-13 04:00:00,3,13,4,2025-03-13,night_00_05,15873.654411947797,0.2424501884081371
22081.696089,-0.0,15873.654411947797,6208.041677052204,0.0,2025-03-13 05:00:00,3,13,5,2025-03-13,night_00_05,15873.654411947797,0.2811397119148262
24048.73277,-0.0,15873.654411947797,8175.078358052202,0.0,2025-03-13 06:00:00,3,13,6,2025-03-13,morning_06_09,15873.654411947797,0.339938009883429
26516.654467,77.77003203470458,15873.654411947797,10565.230023017499,9.62823460541569e-05,2025-03-13 19:00:00,3,13,19,2025-03-13,evening_peak_16_20,15951.424443982502,0.3984375191887776
26452.011276,-0.0,15873.654411947797,10578.356864052204,0.0,2025-03-13 20:00:00,3,13,20,2025-03-13,evening_peak_16_20,15873.654411947797,0.39990746842188074
26001.465465,-0.0,15873.654411947797,10127.811053052204,0.0,2025-03-13 21:00:00,3,13,21,2025-03-13,late_evening_21_23,15873.654411947797,0.38950924003437526
24594.141722,-0.0,15873.654411947797,8720.487310052204,0.0,2025-03-13 22:00:00,3,13,22,2025-03-13,late_evening_21_23,15873.654411947797,0.35457579323662824
22924.176242,-0.0,15873.654411947797,7050.521830052205,0.0,2025-03-13 23:00:00,3,13,23,2025-03-13,late_evening_21_23,15873.654411947797,0.30755835043419155
22690.955458,-0.0,15873.654411947797,6817.301046052204,0.0,2025-03-14 00:00:00,3,14,0,2025-03-14,night_00_05,15873.654411947797,0.30044133922305477
22023.829425,-0.0,15873.654411947797,6150.175013052203,0.0,2025-03-14 01:00:00,3,14,1,2025-03-14,night_00_05,15873.654411947797,0.27925093744464485
21745.320419,-0.0,15873.654411947797,5871.666007052203,0.0,2025-03-14 02:00:00,3,14,2,2025-03-14,night_00_05,15873.654411947797,0.27001975109650844
21381.771633,-0.0,15873.654411947797,5508.117221052204,0.0,2025-03-14 03:00:00,3,14,3,2025-03-14,night_00_05,15873.654411947797,0.25760808391345535
21443.159715,-0.0,15873.654411947797,5569.505303052205,0.0,2025-03-14 04:00:00,3,14,4,2025-03-14,night_00_05,15873.654411947797,0.25973342441488245
22577.489128,-0.0,15873.654411947797,6703.834716052204,0.0,2025-03-14 05:00:00,3,14,5,2025-03-14,night_00_05,15873.654411947797,0.2969256093113688
24716.328026,-0.0,15873.654411947797,8842.673614052203,0.0,2025-03-14 06:00:00,3,14,6,2025-03-14,morning_06_09,15873.654411947797,0.3577664774779763
26406.634343,55.9944230649873,15873.654411947797,10476.985507987218,6.932328915899296e-05,2025-03-14 19:00:00,3,14,19,2025-03-14,evening_peak_16_20,15929.648835012784,0.39675580658632886
26129.645374,-0.0,15873.654411947797,10255.990962052203,0.0,2025-03-14 20:00:00,3,14,20,2025-03-14,evening_peak_16_20,15873.654411947797,0.39250402427035264
25561.72439,-0.0,15873.654411947797,9688.069978052203,0.0,2025-03-14 21:00:00,3,14,21,2025-03-14,late_evening_21_23,15873.654411947797,0.3790069022824717
24462.317099,-0.0,15873.654411947797,8588.662687052203,0.0,2025-03-14 22:00:00,3,14,22,2025-03-14,late_evening_21_23,15873.654411947797,0.3510976761642625
23366.420266,-0.0,15873.654411947797,7492.765854052204,0.0,2025-03-14 23:00:00,3,14,23,2025-03-14,late_evening_21_23,15873.654411947797,0.32066383163341344
22946.193997,-0.0,15873.654411947797,7072.539585052202,0.0,2025-03-15 00:00:00,3,15,0,2025-03-15,night_00_05,15873.654411947797,0.30822277480861837
22313.413699,-0.0,15873.654411947797,6439.759287052204,0.0,2025-03-15 01:00:00,3,15,1,2025-03-15,night_00_05,15873.654411947797,0.2886048443291673
21419.304473,-0.0,15873.654411947797,5545.6500610522035,0.0,2025-03-15 02:00:00,3,15,2,2025-03-15,night_00_05,15873.654411947797,0.2589089700855014
20977.490315,-0.0,15873.654411947797,5103.835903052202,0.0,2025-03-15 03:00:00,3,15,3,2025-03-15,night_00_05,15873.654411947797,0.24330059632551437
20780.122848,-0.0,15873.654411947797,4906.468436052202,0.0,2025-03-15 04:00:00,3,15,4,2025-03-15,night_00_05,15873.654411947797,0.23611354330970327
21361.5828669999,-0.0,15873.654411947797,5487.928455052102,0.0,2025-03-15 05:00:00,3,15,5,2025-03-15,night_00_05,15873.654411947797,0.25690645160617015
22384.670158,-0.0,15873.654411947797,6511.015746052204,0.0,2025-03-15 06:00:00,3,15,6,2025-03-15,morning_06_09,15873.654411947797,0.29086940750499507
23363.613008,469.73099348960955,15873.654411947797,7020.227602562594,0.0005815453701671,2025-03-15 19:00:00,3,15,19,2025-03-15,evening_peak_16_20,16343.385405437406,0.3004769681880443
23486.608397,-0.0,15873.654411947797,7612.953985052203,0.0,2025-03-15 20:00:00,3,15,20,2025-03-15,evening_peak_16_20,15873.654411947797,0.3241402017851425
23334.742165,-0.0,15873.654411947797,7461.087753052203,0.0,2025-03-15 21:00:00,3,15,21,2025-03-15,late_evening_21_23,15873.654411947797,0.3197415981841513
22523.064766,-0.0,15873.654411947797,6649.410354052203,0.0,2025-03-15 22:00:00,3,15,22,2025-03-15,late_evening_21_23,15873.654411947797,0.2952267119566211
21773.871123,-0.0,15873.654411947797,5900.216711052204,0.0,2025-03-15 23:00:00,3,15,23,2025-03-15,late_evening_21_23,15873.654411947797,0.2709769281595377
21403.7745379999,-0.0,15873.654411947797,5530.120126052103,0.0,2025-03-16 00:00:00,3,16,0,2025-03-16,night_00_05,15873.654411947797,0.25837125672549116
20785.185131,-0.0,15873.654411947797,4911.530719052202,0.0,2025-03-16 01:00:00,3,16,1,2025-03-16,night_00_05,15873.654411947797,0.23629958973648565
20092.07007,-0.0,15873.654411947797,4218.415658052205,0.0,2025-03-16 02:00:00,3,16,2,2025-03-16,night_00_05,15873.654411947797,0.20995425774225385
19843.869371,-0.0,15873.654411947797,3970.214959052204,0.0,2025-03-16 03:00:00,3,16,3,2025-03-16,night_00_05,15873.654411947797,0.20007262116199526
19593.516529,-0.0,15873.654411947797,3719.8621170522038,0.0,2025-03-16 04:00:00,3,16,4,2025-03-16,night_00_05,15873.654411947797,0.1898516844358441
19991.337072,-0.0,15873.654411947797,4117.682660052202,0.0,2025-03-16 05:00:00,3,16,5,2025-03-16,night_00_05,15873.654411947797,0.20597334961749286
20807.685168,18.6648076883291,15873.654411947797,4915.365948363874,2.3107763052997653e-05,2025-03-16 06:00:00,3,16,6,2025-03-16,morning_06_09,15892.319219636125,0.23622838911092245
23900.062882,656.3790703728387,15873.654411947797,7370.0293996793625,0.000812623000697,2025-03-16 19:00:00,3,16,19,2025-03-16,evening_peak_16_20,16530.033482320636,0.30836861961689643
23703.383739,68.43762819054002,15873.654411947797,7761.291698861664,8.472846452765806e-05,2025-03-16 20:00:00,3,16,20,2025-03-16,evening_peak_16_20,15942.092040138337,0.327433913415988
23265.541374,-0.0,15873.654411947797,7391.886962052204,0.0,2025-03-16 21:00:00,3,16,21,2025-03-16,late_evening_21_23,15873.654411947797,0.3177182444726121
22105.1646579999,-0.0,15873.654411947797,6231.510246052103,0.0,2025-03-16 22:00:00,3,16,22,2025-03-16,late_evening_21_23,15873.654411947797,0.2819029101326738
20897.602329,-0.0,15873.654411947797,5023.9479170522045,0.0,2025-03-16 23:00:00,3,16,23,2025-03-16,late_evening_21_23,15873.654411947797,0.24040786296714892
20846.571992,-0.0,15873.654411947797,4972.917580052204,0.0,2025-03-17 00:00:00,3,17,0,2025-03-17,night_00_05,15873.654411947797,0.23854845688588952
20287.073062,-0.0,15873.654411947797,4413.418650052203,0.0,2025-03-17 01:00:00,3,17,1,2025-03-17,night_00_05,15873.654411947797,0.21754831939354716
19930.010143,-0.0,15873.654411947797,4056.355731052203,0.0,2025-03-17 02:00:00,3,17,2,2025-03-17,night_00_05,15873.654411947797,0.20353003846698559
20167.2749679999,-0.0,15873.654411947797,4293.620556052103,0.0,2025-03-17 03:00:00,3,17,3,2025-03-17,night_00_05,15873.654411947797,0.21290038256853921
20139.260236,-0.0,15873.654411947797,4265.605824052202,0.0,2025-03-17 04:00:00,3,17,4,2025-03-17,night_00_05,15873.654411947797,0.21180548709665137
21292.687541,-0.0,15873.654411947797,5419.033129052203,0.0,2025-03-17 05:00:00,3,17,5,2025-03-17,night_00_05,15873.654411947797,0.2545020734755825
23253.6077239999,-0.0,15873.654411947797,7379.953312052103,0.0,2025-03-17 06:00:00,3,17,6,2025-03-17,morning_06_09,15873.654411947797,0.317368100453303
26033.245097,600.3846473078457,15873.654411947797,9559.206037744356,0.000743299711538,2025-03-17 19:00:00,3,17,19,2025-03-17,evening_peak_16_20,16474.039059255643,0.3671922575202095
25803.418546,-0.0,15873.654411947797,9929.764134052204,0.0,2025-03-17 20:00:00,3,17,20,2025-03-17,evening_peak_16_20,15873.654411947797,0.38482358902756697
25136.432962,-0.0,15873.654411947797,9262.778550052202,0.0,2025-03-17 21:00:00,3,17,21,2025-03-17,late_evening_21_23,15873.654411947797,0.3685001194901125
23873.8922409999,-0.0,15873.654411947797,8000.237829052103,0.0,2025-03-17 22:00:00,3,17,22,2025-03-17,late_evening_21_23,15873.654411947797,0.3351040437098426
22651.199273,-0.0,15873.654411947797,6777.544861052202,0.0,2025-03-17 23:00:00,3,17,23,2025-03-17,late_evening_21_23,15873.654411947797,0.29921351092129445
22069.12508,-0.0,15873.654411947797,6195.470668052205,0.0,2025-03-18 00:00:00,3,18,0,2025-03-18,night_00_05,15873.654411947797,0.28073023491388016
21538.270335,-0.0,15873.654411947797,5664.615923052204,0.0,2025-03-18 01:00:00,3,18,1,2025-03-18,night_00_05,15873.654411947797,0.26300235975063985
21027.689855,-0.0,15873.654411947797,5154.035443052204,0.0,2025-03-18 02:00:00,3,18,2,2025-03-18,night_00_05,15873.654411947797,0.24510706970631244
20783.056082,-0.0,15873.654411947797,4909.4016700522025,0.0,2025-03-18 03:00:00,3,18,3,2025-03-18,night_00_05,15873.654411947797,0.23622135506356964
20989.56645,-0.0,15873.654411947797,5115.912038052202,0.0,2025-03-18 04:00:00,3,18,4,2025-03-18,night_00_05,15873.654411947797,0.2437359556825054
22449.167538,-0.0,15873.654411947797,6575.513126052205,0.0,2025-03-18 05:00:00,3,18,5,2025-03-18,night_00_05,15873.654411947797,0.29290676881099253
24741.8371669999,43.55121793943457,15873.654411947797,8824.631537112668,5.391811379032786e-05,2025-03-18 06:00:00,3,18,6,2025-03-18,morning_06_09,15917.205629887232,0.35666840249368226
25179.5168439999,3732.9615376657953,15873.654411947797,5572.900894386308,0.0046215526105995,2025-03-18 19:00:00,3,18,19,2025-03-18,evening_peak_16_20,19606.61594961359,0.22132676051384564
25056.418462,1281.650127931927,15873.654411947797,7901.1139221202775,0.0015867330629725,2025-03-18 20:00:00,3,18,20,2025-03-18,evening_peak_16_20,17155.304539879722,0.31533293292107684
24526.4974359999,-0.0,15873.654411947797,8652.843024052103,0.0,2025-03-18 21:00:00,3,18,21,2025-03-18,late_evening_21_23,15873.654411947797,0.35279570785152115
23273.227983,-0.0,15873.654411947797,7399.573571052204,0.0,2025-03-18 22:00:00,3,18,22,2025-03-18,late_evening_21_23,15873.654411947797,0.317943586358422
21906.2031409999,-0.0,15873.654411947797,6032.548729052103,0.0,2025-03-18 23:00:00,3,18,23,2025-03-18,late_evening_21_23,15873.654411947797,0.27538084487865977
21718.224089,-0.0,15873.654411947797,5844.569677052203,0.0,2025-03-19 00:00:00,3,19,0,2025-03-19,night_00_05,15873.654411947797,0.26910900509643426
21021.820947,-0.0,15873.654411947797,5148.1665350522035,0.0,2025-03-19 01:00:00,3,19,1,2025-03-19,night_00_05,15873.654411947797,0.2448963174042681
20385.207602,-0.0,15873.654411947797,4511.553190052202,0.0,2025-03-19 02:00:00,3,19,2,2025-03-19,night_00_05,15873.654411947797,0.22131504756466508
20508.590436,-0.0,15873.654411947797,4634.936024052202,0.0,2025-03-19 03:00:00,3,19,3,2025-03-19,night_00_05,15873.654411947797,0.2259997359894716
21094.400651,-0.0,15873.654411947797,5220.746239052203,0.0,2025-03-19 04:00:00,3,19,4,2025-03-19,night_00_05,15873.654411947797,0.24749440979280485
22748.286699,-0.0,15873.654411947797,6874.6322870522035,0.0,2025-03-19 05:00:00,3,19,5,2025-03-19,night_00_05,15873.654411947797,0.3022043979845923
24908.564166,161.7616666321481,15873.654411947797,8873.148087420055,0.0002002672797926,2025-03-19 06:00:00,3,19,6,2025-03-19,morning_06_09,16035.416078579945,0.35622880661791956
25336.054289,311.08012813879606,15873.654411947797,9151.319748913407,0.0003851293842166,2025-03-19 19:00:00,3,19,19,2025-03-19,evening_peak_16_20,16184.734540086592,0.36119751104601083
25172.430491,-0.0,15873.654411947797,9298.776079052202,0.0,2025-03-19 20:00:00,3,19,20,2025-03-19,evening_peak_16_20,15873.654411947797,0.36940318823710055
24744.176883,-0.0,15873.654411947797,8870.522471052203,0.0,2025-03-19 21:00:00,3,19,21,2025-03-19,late_evening_21_23,15873.654411947797,0.3584892927736271
23280.669356,-0.0,15873.654411947797,7407.014944052202,0.0,2025-03-19 22:00:00,3,19,22,2025-03-19,late_evening_21_23,15873.654411947797,0.31816159710817044
22156.768722,-0.0,15873.654411947797,6283.114310052204,0.0,2025-03-19 23:00:00,3,19,23,2025-03-19,late_evening_21_23,15873.654411947797,0.2835753890328577
21705.226742,-0.0,15873.654411947797,5831.572330052202,0.0,2025-03-20 00:00:00,3,20,0,2025-03-20,night_00_05,15873.654411947797,0.2686713389069558
21065.368251,-0.0,15873.654411947797,5191.713839052203,0.0,2025-03-20 01:00:00,3,20,1,2025-03-20,night_00_05,15873.654411947797,0.24645730267761856
20666.509674,-0.0,15873.654411947797,4792.855262052204,0.0,2025-03-20 02:00:00,3,20,2,2025-03-20,night_00_05,15873.654411947797,0.23191411310648025
20837.915147,-0.0,15873.654411947797,4964.260735052203,0.0,2025-03-20 03:00:00,3,20,3,2025-03-20,night_00_05,15873.654411947797,0.23823212159335908
20781.060432,-0.0,15873.654411947797,4907.406020052202,0.0,2025-03-20 04:00:00,3,20,4,2025-03-20,night_00_05,15873.654411947797,0.23614800775495873
21899.914783,-0.0,15873.654411947797,6026.2603710522035,0.0,2025-03-20 05:00:00,3,20,5,2025-03-20,night_00_05,15873.654411947797,0.2751727771895323
24057.142658,239.53169866688754,15873.654411947797,7943.956547385316,0.0002965496258468,2025-03-20 06:00:00,3,20,6,2025-03-20,morning_06_09,16113.186110614684,0.33021197323047924
25138.541303,712.3734934378317,15873.654411947797,8552.513397614373,0.000881946289856,2025-03-20 19:00:00,3,20,19,2025-03-20,evening_peak_16_20,16586.02790538563,0.3402151817215316
25090.1286469999,3.110801281388183,15873.654411947797,9213.363433770715,3.851293842166275e-06,2025-03-20 20:00:00,3,20,20,2025-03-20,evening_peak_16_20,15876.765213229184,0.36721068924739786
24407.432682,149.3184615065672,15873.654411947797,8384.459808545635,0.0001848621044239,2025-03-20 21:00:00,3,20,21,2025-03-20,late_evening_21_23,16022.972873454364,0.3435207593434851
23205.731774,152.42926278798262,15873.654411947797,7179.648099264221,0.0001887133982661,2025-03-20 22:00:00,3,20,22,2025-03-20,late_evening_21_23,16026.083674735779,0.3093911525474233
21757.694112,133.76445509965163,15873.654411947797,5750.275244952552,0.0001656056352131,2025-03-20 23:00:00,3,20,23,2025-03-20,late_evening_21_23,16007.418867047449,0.2642869789120304
21445.343021,124.43205125548612,15873.654411947797,5447.256557796718,0.0001540517536866,2025-03-21 00:00:00,3,21,0,2025-03-21,night_00_05,15998.086463203283,0.25400650166623967
20940.476838,111.9888461299052,15873.654411947797,4954.833579922297,0.0001386465783179,2025-03-21 01:00:00,3,21,1,2025-03-21,night_00_05,15985.643258077702,0.23661512668760828
20627.754868,130.6536538182362,15873.654411947797,4623.446802233967,0.0001617543413709,2025-03-21 02:00:00,3,21,2,2025-03-21,night_00_05,16004.308065766032,0.22413717982495307
20302.310907,99.54564100440504,15873.654411947797,4329.110854047797,0.0001232414029493,2025-03-21 03:00:00,3,21,3,2025-03-21,night_00_05,15973.200052952201,0.2132324184117962
20496.07444,71.54842947192822,15873.654411947797,4550.8715985802755,8.857975836982434e-05,2025-03-21 04:00:00,3,21,4,2025-03-21,night_00_05,15945.202841419725,0.22203625440093178
21832.616275,74.6592307533164,15873.654411947797,5884.302632298887,9.24310522119906e-05,2025-03-21 05:00:00,3,21,5,2025-03-21,night_00_05,15948.313642701112,0.269518895865763
23917.712946,780.8111216284055,15873.654411947797,7263.247412423798,0.0009666747543837,2025-03-21 06:00:00,3,21,6,2025-03-21,morning_06_09,16654.465533576204,0.30367650238224403
24366.818935,777.7003203469902,15873.654411947797,7715.464202705212,0.0009628234605415,2025-03-21 19:00:00,3,21,19,2025-03-21,evening_peak_16_20,16651.354732294785,0.31663813907292093
24183.440794,-0.0,15873.654411947797,8309.786382052202,0.0,2025-03-21 20:00:00,3,21,20,2025-03-21,evening_peak_16_20,15873.654411947797,0.343614725995231
23756.383821,-0.0,15873.654411947797,7882.729409052203,0.0,2025-03-21 21:00:00,3,21,21,2025-03-21,late_evening_21_23,15873.654411947797,0.33181520674388515
23000.410728,-0.0,15873.654411947797,7126.756316052202,0.0,2025-03-21 22:00:00,3,21,22,2025-03-21,late_evening_21_23,15873.654411947797,0.309853436981293
21955.3695769999,-0.0,15873.654411947797,6081.715165052103,0.0,2025-03-21 23:00:00,3,21,23,2025-03-21,late_evening_21_23,15873.654411947797,0.27700354319807086
21199.123953,-0.0,15873.654411947797,5325.469541052202,0.0,2025-03-22 00:00:00,3,22,0,2025-03-22,night_00_05,15873.654411947797,0.2512117742628967
20581.016761,-0.0,15873.654411947797,4707.362349052202,0.0,2025-03-22 01:00:00,3,22,1,2025-03-22,night_00_05,15873.654411947797,0.22872350786732845
20043.292709,-0.0,15873.654411947797,4169.6382970522045,0.0,2025-03-22 02:00:00,3,22,2,2025-03-22,night_00_05,15873.654411947797,0.20803160227161277
19593.070496,-0.0,15873.654411947797,3719.4160840522036,0.0,2025-03-22 03:00:00,3,22,3,2025-03-22,night_00_05,15873.654411947797,0.18983324154381706
19610.580165,-0.0,15873.654411947797,3736.9257530522027,0.0,2025-03-22 04:00:00,3,22,4,2025-03-22,night_00_05,15873.654411947797,0.1905566139099589
20163.474552,-0.0,15873.654411947797,4289.820140052203,0.0,2025-03-22 05:00:00,3,22,5,2025-03-22,night_00_05,15873.654411947797,0.2127520298641535
20636.374127,563.0550319311837,15873.654411947797,4199.664683121018,0.000697084185432,2025-03-22 06:00:00,3,22,6,2025-03-22,morning_06_09,16436.70944387898,0.20350787678472576
23224.449176,1710.9407047634593,15873.654411947797,5639.854059288742,0.0021182116131914,2025-03-22 19:00:00,3,22,19,2025-03-22,evening_peak_16_20,17584.595116711254,0.24284124099343257
23264.737002,-0.0,15873.654411947797,7391.082590052205,0.0,2025-03-22 20:00:00,3,22,20,2025-03-22,evening_peak_16_20,15873.654411947797,0.3176946547651416
22866.25984,-0.0,15873.654411947797,6992.605428052202,0.0,2025-03-22 21:00:00,3,22,21,2025-03-22,late_evening_21_23,15873.654411947797,0.30580451184325397
22085.181807,-0.0,15873.654411947797,6211.527395052204,0.0,2025-03-22 22:00:00,3,22,22,2025-03-22,late_evening_21_23,15873.654411947797,0.28125317008182527
20920.025595,-0.0,15873.654411947797,5046.3711830522025,0.0,2025-03-22 23:00:00,3,22,23,2025-03-22,late_evening_21_23,15873.654411947797,0.2412220367578476
20231.5094719999,-0.0,15873.654411947797,4357.855060052103,0.0,2025-03-23 00:00:00,3,23,0,2025-03-23,night_00_05,15873.654411947797,0.21539940290087142
19586.416262,-0.0,15873.654411947797,3712.761850052202,0.0,2025-03-23 01:00:00,3,23,1,2025-03-23,night_00_05,15873.654411947797,0.18955799776681997
19078.899488,-0.0,15873.654411947797,3205.2450760522024,0.0,2025-03-23 02:00:00,3,23,2,2025-03-23,night_00_05,15873.654411947797,0.16799947387259923
18614.860136,-0.0,15873.654411947797,2741.2057240522026,0.0,2025-03-23 03:00:00,3,23,3,2025-03-23,night_00_05,15873.654411947797,0.14725900189552746
18530.712122,-0.0,15873.654411947797,2657.057710052204,0.0,2025-03-23 04:00:00,3,23,4,2025-03-23,night_00_05,15873.654411947797,0.14338670271056106
18691.489442,-0.0,15873.654411947797,2817.8350300522015,0.0,2025-03-23 05:00:00,3,23,5,2025-03-23,night_00_05,15873.654411947797,0.1507549753483258
19395.993225,261.30730763655316,15873.654411947797,3261.0315054156486,0.0003235086827419,2025-03-23 06:00:00,3,23,6,2025-03-23,morning_06_09,16134.96171958435,0.16812913201126614
23742.1656769999,6461.134261443213,15873.654411947797,1407.377003608889,0.0079991373101793,2025-03-23 19:00:00,3,23,19,2025-03-23,evening_peak_16_20,22334.78867339101,0.059277532755669306
23668.664447,-0.0,15873.654411947797,7795.0100350522025,0.0,2025-03-23 20:00:00,3,23,20,2025-03-23,evening_peak_16_20,15873.654411947797,0.329338820638028
23097.581183,-0.0,15873.654411947797,7223.926771052202,0.0,2025-03-23 21:00:00,3,23,21,2025-03-23,late_evening_21_23,15873.654411947797,0.3127568516295147
21972.675675,-0.0,15873.654411947797,6099.021263052202,0.0,2025-03-23 22:00:00,3,23,22,2025-03-23,late_evening_21_23,15873.654411947797,0.27757298898247185
20785.076187,-0.0,15873.654411947797,4911.421775052202,0.0,2025-03-23 23:00:00,3,23,23,2025-03-23,late_evening_21_23,15873.654411947797,0.23629558683667684
20446.13772,-0.0,15873.654411947797,4572.483308052202,0.0,2025-03-24 00:00:00,3,24,0,2025-03-24,night_00_05,15873.654411947797,0.22363555262466472
19911.696667,-0.0,15873.654411947797,4038.0422550522035,0.0,2025-03-24 01:00:00,3,24,1,2025-03-24,night_00_05,15873.654411947797,0.20279749750027684
19489.062196,-0.0,15873.654411947797,3615.4077840522023,0.0,2025-03-24 02:00:00,3,24,2,2025-03-24,night_00_05,15873.654411947797,0.1855095821282894
19211.815497,-0.0,15873.654411947797,3338.161085052203,0.0,2025-03-24 03:00:00,3,24,3,2025-03-24,night_00_05,15873.654411947797,0.1737556289551849
19448.450423,-0.0,15873.654411947797,3574.7960110522017,0.0,2025-03-24 04:00:00,3,24,4,2025-03-24,night_00_05,15873.654411947797,0.18380878338896348
20672.307623,-0.0,15873.654411947797,4798.653211052204,0.0,2025-03-24 05:00:00,3,24,5,2025-03-24,night_00_05,15873.654411947797,0.23212953766773597
22558.628864,774.5895190656555,15873.654411947797,5910.384932986546,0.0009589721666994,2025-03-24 06:00:00,3,24,6,2025-03-24,morning_06_09,16648.24393101345,0.2620010714577864
26723.836236,3807.620768419119,15873.654411947797,7042.561055633083,0.0047139836628115,2025-03-24 19:00:00,3,24,19,2025-03-24,evening_peak_16_20,19681.275180366916,0.2635310661777655
26045.977973,-0.0,15873.654411947797,10172.323561052204,0.0,2025-03-24 20:00:00,3,24,20,2025-03-24,evening_peak_16_20,15873.654411947797,0.390552567140966
24973.485371,-0.0,15873.654411947797,9099.830959052202,0.0,2025-03-24 21:00:00,3,24,21,2025-03-24,late_evening_21_23,15873.654411947797,0.3643796940582116
23424.160045,-0.0,15873.654411947797,7550.505633052204,0.0,2025-03-24 22:00:00,3,24,22,2025-03-24,late_evening_21_23,15873.654411947797,0.32233837279744404
21786.131507,-0.0,15873.654411947797,5912.477095052202,0.0,2025-03-24 23:00:00,3,24,23,2025-03-24,late_evening_21_23,15873.654411947797,0.27138719387388677
21026.8332,-0.0,15873.654411947797,5153.178788052204,0.0,2025-03-25 00:00:00,3,25,0,2025-03-25,night_00_05,15873.654411947797,0.24507631458512755
20323.454401,-0.0,15873.654411947797,4449.799989052202,0.0,2025-03-25 01:00:00,3,25,1,2025-03-25,night_00_05,15873.654411947797,0.2189489985931355
19443.129369,-0.0,15873.654411947797,3569.4749570522017,0.0,2025-03-25 02:00:00,3,25,2,2025-03-25,night_00_05,15873.654411947797,0.18358541412285975
19085.316157,-0.0,15873.654411947797,3211.6617450522044,0.0,2025-03-25 03:00:00,3,25,3,2025-03-25,night_00_05,15873.654411947797,0.16827920054519244
19515.536083,-0.0,15873.654411947797,3641.8816710522024,0.0,2025-03-25 04:00:00,3,25,4,2025-03-25,night_00_05,15873.654411947797,0.1866144827158834
20729.151871,-0.0,15873.654411947797,4855.4974590522015,0.0,2025-03-25 05:00:00,3,25,5,2025-03-25,night_00_05,15873.654411947797,0.23423522048893006
22689.364286,1101.2236536113671,15873.654411947797,5714.486220440836,0.0013633580201268,2025-03-25 06:00:00,3,25,6,2025-03-25,morning_06_09,16974.878065559165,0.2518574847849237
27028.595174,2202.4473072228147,15873.654411947797,8952.493454829386,0.0027267160402537,2025-03-25 19:00:00,3,25,19,2025-03-25,evening_peak_16_20,18076.101719170612,0.3312230397916199
26599.321705,-0.0,15873.654411947797,10725.667293052202,0.0,2025-03-25 20:00:00,3,25,20,2025-03-25,evening_peak_16_20,15873.654411947797,0.4032308572378388
25865.393468,-0.0,15873.654411947797,9991.739056052202,0.0,2025-03-25 21:00:00,3,25,21,2025-03-25,late_evening_21_23,15873.654411947797,0.386297585939055
24422.240886,-0.0,15873.654411947797,8548.586474052203,0.0,2025-03-25 22:00:00,3,25,22,2025-03-25,late_evening_21_23,15873.654411947797,0.3500328456326325
22800.540709,-0.0,15873.654411947797,6926.886297052204,0.0,2025-03-25 23:00:00,3,25,23,2025-03-25,late_evening_21_23,15873.654411947797,0.303803597706697
22187.663067,-0.0,15873.654411947797,6314.008655052205,0.0,2025-03-26 00:00:00,3,26,0,2025-03-26,night_00_05,15873.654411947797,0.2845729465057143
21315.489478,-0.0,15873.654411947797,5441.835066052203,0.0,2025-03-26 01:00:00,3,26,1,2025-03-26,night_00_05,15873.654411947797,0.2552995591149241
20762.6568459999,-0.0,15873.654411947797,4889.002434052103,0.0,2025-03-26 02:00:00,3,26,2,2025-03-26,night_00_05,15873.654411947797,0.23547094528001172
20480.387845,-0.0,15873.654411947797,4606.733433052204,0.0,2025-03-26 03:00:00,3,26,3,2025-03-26,night_00_05,15873.654411947797,0.22493389617017792
20420.158279,-0.0,15873.654411947797,4546.503867052203,0.0,2025-03-26 04:00:00,3,26,4,2025-03-26,night_00_05,15873.654411947797,0.22264782696262483
21381.345731,-0.0,15873.654411947797,5507.691319052205,0.0,2025-03-26 05:00:00,3,26,5,2025-03-26,night_00_05,15873.654411947797,0.25759329596671793
22875.908551,665.7114742170043,15873.654411947797,6336.5426648351995,0.0008241768822235,2025-03-26 06:00:00,3,26,6,2025-03-26,morning_06_09,16539.3658861648,0.27699632784894146
25780.567806,6090.948908958008,15873.654411947797,3815.964485094194,0.0075408333429615,2025-03-26 19:00:00,3,26,19,2025-03-26,evening_peak_16_20,21964.603320905804,0.14801708456576707
25254.218435,-0.0,15873.654411947797,9380.564023052202,0.0,2025-03-26 20:00:00,3,26,20,2025-03-26,evening_peak_16_20,15873.654411947797,0.3714454298871357
24530.574605,-0.0,15873.654411947797,8656.920193052205,0.0,2025-03-26 21:00:00,3,26,21,2025-03-26,late_evening_21_23,15873.654411947797,0.35290327815181666
23386.526432,-0.0,15873.654411947797,7512.872020052202,0.0,2025-03-26 22:00:00,3,26,22,2025-03-26,late_evening_21_23,15873.654411947797,0.32124787928198995
22221.407813,-0.0,15873.654411947797,6347.753401052205,0.0,2025-03-26 23:00:00,3,26,23,2025-03-26,late_evening_21_23,15873.654411947797,0.2856593720105633
21304.040297,-0.0,15873.654411947797,5430.385885052203,0.0,2025-03-27 00:00:00,3,27,0,2025-03-27,night_00_05,15873.654411947797,0.25489934347415316
20610.560079,-0.0,15873.654411947797,4736.905667052202,0.0,2025-03-27 01:00:00,3,27,1,2025-03-27,night_00_05,15873.654411947797,0.2298290608744113
20018.497375,-0.0,15873.654411947797,4144.842963052202,0.0,2025-03-27 02:00:00,3,27,2,2025-03-27,night_00_05,15873.654411947797,0.20705065347354537
19511.904156,-0.0,15873.654411947797,3638.249744052204,0.0,2025-03-27 03:00:00,3,27,3,2025-03-27,night_00_05,15873.654411947797,0.18646307992105554
19324.908101,-0.0,15873.654411947797,3451.253689052204,0.0,2025-03-27 04:00:00,3,27,4,2025-03-27,night_00_05,15873.654411947797,0.17859094961872615
20241.037106,-0.0,15873.654411947797,4367.382694052203,0.0,2025-03-27 05:00:00,3,27,5,2025-03-27,night_00_05,15873.654411947797,0.21576872129529326
22247.029733,1682.9434932309625,15873.654411947797,4690.43182782124,0.0020835499686119,2025-03-27 06:00:00,3,27,6,2025-03-27,morning_06_09,17556.597905178758,0.2108340701708919
24777.8859219999,2118.4556726253254,15873.654411947797,6785.775837426778,0.0026227311065152,2025-03-27 19:00:00,3,27,19,2025-03-27,evening_peak_16_20,17992.110084573123,0.2738641972437928
24531.450438,-0.0,15873.654411947797,8657.796026052203,0.0,2025-03-27 20:00:00,3,27,20,2025-03-27,evening_peak_16_20,15873.654411947797,0.35292638109326796
23937.492963,-0.0,15873.654411947797,8063.838551052204,0.0,2025-03-27 21:00:00,3,27,21,2025-03-27,late_evening_21_23,15873.654411947797,0.33687063902290926
23049.346811,-0.0,15873.654411947797,7175.692399052203,0.0,2025-03-27 22:00:00,3,27,22,2025-03-27,late_evening_21_23,15873.654411947797,0.31131868759194936
22294.661885,-0.0,15873.654411947797,6421.007473052205,0.0,2025-03-27 23:00:00,3,27,23,2025-03-27,late_evening_21_23,15873.654411947797,0.2880064970786707
21844.280964,-0.0,15873.654411947797,5970.626552052205,0.0,2025-03-28 00:00:00,3,28,0,2025-03-28,night_00_05,15873.654411947797,0.27332676053251503
20978.86552,-0.0,15873.654411947797,5105.211108052203,0.0,2025-03-28 01:00:00,3,28,1,2025-03-28,night_00_05,15873.654411947797,0.24335019942738081
20215.179071,-0.0,15873.654411947797,4341.524659052202,0.0,2025-03-28 02:00:00,3,28,2,2025-03-28,night_00_05,15873.654411947797,0.21476558005268448
20240.068535,-0.0,15873.654411947797,4366.414123052202,0.0,2025-03-28 03:00:00,3,28,3,2025-03-28,night_00_05,15873.654411947797,0.21573119258472917
20623.1586279999,-0.0,15873.654411947797,4749.5042160521025,0.0,2025-03-28 04:00:00,3,28,4,2025-03-28,night_00_05,15873.654411947797,0.2302995531248903
21467.518135,-0.0,15873.654411947797,5593.863723052202,0.0,2025-03-28 05:00:00,3,28,5,2025-03-28,night_00_05,15873.654411947797,0.26057337824870097
22967.565605,525.7254165546025,15873.654411947797,6568.1857764976,0.0006508686593261,2025-03-28 06:00:00,3,28,6,2025-03-28,morning_06_09,16399.3798285024,0.28597657624923545
24459.25442,2787.2779481237453,15873.654411947797,5798.32205992846,0.0034507592825809,2025-03-28 19:00:00,3,28,19,2025-03-28,evening_peak_16_20,18660.932360071543,0.23706045819562063
24524.9847329999,-0.0,15873.654411947797,8651.330321052103,0.0,2025-03-28 20:00:00,3,28,20,2025-03-28,evening_peak_16_20,15873.654411947797,0.35275578823954157
24185.270864,-0.0,15873.654411947797,8311.616452052202,0.0,2025-03-28 21:00:00,3,28,21,2025-03-28,late_evening_21_23,15873.654411947797,0.34366439386974657
23273.131557,-0.0,15873.654411947797,7399.477145052204,0.0,2025-03-28 22:00:00,3,28,22,2025-03-28,late_evening_21_23,15873.654411947797,0.31794076043997693
22443.665988,-0.0,15873.654411947797,6570.011576052204,0.0,2025-03-28 23:00:00,3,28,23,2025-03-28,late_evening_21_23,15873.654411947797,0.29273344112165123
21478.528511,-0.0,15873.654411947797,5604.874099052204,0.0,2025-03-29 00:00:00,3,29,0,2025-03-29,night_00_05,15873.654411947797,0.26095242493831583
20850.53559,-0.0,15873.654411947797,4976.881178052203,0.0,2025-03-29 01:00:00,3,29,1,2025-03-29,night_00_05,15873.654411947797,0.23869320558073026
20253.179507,-0.0,15873.654411947797,4379.525095052204,0.0,2025-03-29 02:00:00,3,29,2,2025-03-29,night_00_05,15873.654411947797,0.21623889194970752
19721.715277,-0.0,15873.654411947797,3848.0608650522026,0.0,2025-03-29 03:00:00,3,29,3,2025-03-29,night_00_05,15873.654411947797,0.1951179606339777
19582.78915,-0.0,15873.654411947797,3709.134738052204,0.0,2025-03-29 04:00:00,3,29,4,2025-03-29,night_00_05,15873.654411947797,0.1894078882043319
19869.1699,-0.0,15873.654411947797,3995.515488052204,0.0,2025-03-29 05:00:00,3,29,5,2025-03-29,night_00_05,15873.654411947797,0.20109121358171103
20644.792724,1564.7330445382265,15873.654411947797,3206.4052675139756,0.0019372008026096,2025-03-29 06:00:00,3,29,6,2025-03-29,morning_06_09,17438.387456486023,0.1553130278603603
22793.0461489999,1085.6696472044516,15873.654411947797,5833.722089847652,0.001344101550916,2025-03-29 19:00:00,3,29,19,2025-03-29,evening_peak_16_20,16959.324059152248,0.2559430649028726
23206.272373,-0.0,15873.654411947797,7332.617961052203,0.0,2025-03-29 20:00:00,3,29,20,2025-03-29,evening_peak_16_20,15873.654411947797,0.3159756915368944
22861.190848,-0.0,15873.654411947797,6987.536436052202,0.0,2025-03-29 21:00:00,3,29,21,2025-03-29,late_evening_21_23,15873.654411947797,0.3056505884803242
22026.903846,-0.0,15873.654411947797,6153.249434052204,0.0,2025-03-29 22:00:00,3,29,22,2025-03-29,late_evening_21_23,15873.654411947797,0.2793515365151789
21185.450853,-0.0,15873.654411947797,5311.796441052202,0.0,2025-03-29 23:00:00,3,29,23,2025-03-29,late_evening_21_23,15873.654411947797,0.2507285059878731
20951.0829739999,-0.0,15873.654411947797,5077.428562052102,0.0,2025-03-30 00:00:00,3,30,0,2025-03-30,night_00_05,15873.654411947797,0.2423468308704206
20209.15979,-0.0,15873.654411947797,4335.505378052205,0.0,2025-03-30 01:00:00,3,30,1,2025-03-30,night_00_05,15873.654411947797,0.214531698650704
19596.978524,-0.0,15873.654411947797,3723.3241120522016,0.0,2025-03-30 02:00:00,3,30,2,2025-03-30,night_00_05,15873.654411947797,0.1899948049385433
19577.90872,-0.0,15873.654411947797,3704.2543080522028,0.0,2025-03-30 03:00:00,3,30,3,2025-03-30,night_00_05,15873.654411947797,0.18920582177748568
18918.370955,-0.0,15873.654411947797,3044.716543052202,0.0,2025-03-30 04:00:00,3,30,4,2025-03-30,night_00_05,15873.654411947797,0.16093967870143194
18984.235393,-0.0,15873.654411947797,3110.5809810522023,0.0,2025-03-30 05:00:00,3,30,5,2025-03-30,night_00_05,15873.654411947797,0.16385073808130074
19416.453292,1122.9992625811135,15873.654411947797,2419.799617471088,0.001390317077022,2025-03-30 06:00:00,3,30,6,2025-03-30,morning_06_09,16996.65367452891,0.12462624255213994
23408.738651,6498.463876819875,15873.654411947797,1036.6203622323283,0.0080453528362853,2025-03-30 19:00:00,3,30,19,2025-03-30,evening_peak_16_20,22372.11828876767,0.04428347796467217
23542.510629,2221.112114911146,15873.654411947797,5447.744102141058,0.0027498238033067,2025-03-30 20:00:00,3,30,20,2025-03-30,evening_peak_16_20,18094.76652685894,0.23140030339119605
23184.862084,-0.0,15873.654411947797,7311.207672052204,0.0,2025-03-30 21:00:00,3,30,21,2025-03-30,late_evening_21_23,15873.654411947797,0.31534402255934524
22294.254948,-0.0,15873.654411947797,6420.600536052205,0.0,2025-03-30 22:00:00,3,30,22,2025-03-30,late_evening_21_23,15873.654411947797,0.28799350106239774
21562.579793,-0.0,15873.654411947797,5688.925381052204,0.0,2025-03-30 23:00:00,3,30,23,2025-03-30,late_evening_21_23,15873.654411947797,0.2638332442437633
20844.262464,-0.0,15873.654411947797,4970.608052052203,0.0,2025-03-31 00:00:00,3,31,0,2025-03-31,night_00_05,15873.654411947797,0.23846408864966606
20314.494495,-0.0,15873.654411947797,4440.840083052202,0.0,2025-03-31 01:00:00,3,31,1,2025-03-31,night_00_05,15873.654411947797,0.2186045084284635
19728.329678,-0.0,15873.654411947797,3854.6752660522016,0.0,2025-03-31 02:00:00,3,31,2,2025-03-31,night_00_05,15873.654411947797,0.19538781685865347
19246.931398,-0.0,15873.654411947797,3373.276986052204,0.0,2025-03-31 03:00:00,3,31,3,2025-03-31,night_00_05,15873.654411947797,0.17526310642966858
19395.232238,-0.0,15873.654411947797,3521.577826052204,0.0,2025-03-31 04:00:00,3,31,4,2025-03-31,night_00_05,15873.654411947797,0.18156925283692
20681.220824,-0.0,15873.654411947797,4807.566412052203,0.0,2025-03-31 05:00:00,3,31,5,2025-03-31,night_00_05,15873.654411947797,0.23246047479330387
22540.355388,1847.815961144526,15873.654411947797,4818.885014907677,0.0022876685422467,2025-03-31 06:00:00,3,31,6,2025-03-31,morning_06_09,17721.47037309232,0.21378922079787382
25501.243046,4572.877883640609,15873.654411947797,5054.710750411594,0.0056614019479844,2025-03-31 19:00:00,3,31,19,2025-03-31,evening_peak_16_20,20446.532295588404,0.19821428866403637
25553.7094259999,3207.236121111193,15873.654411947797,6472.81889294091,0.0039706839512734,2025-03-31 20:00:00,3,31,20,2025-03-31,evening_peak_16_20,19080.89053305899,0.25330251608618004
25001.932055,3353.4437813364248,15873.654411947797,5774.83386171578,0.0041516947618552,2025-03-31 21:00:00,3,31,21,2025-03-31,late_evening_21_23,19227.098193284222,0.23097550417352253
23733.659701,3393.8841979945023,15873.654411947797,4466.121091057701,0.0042017615818034,2025-03-31 22:00:00,3,31,22,2025-03-31,late_evening_21_23,19267.538609942298,0.18817667175321992
22490.032432,3434.3246146524993,15873.654411947797,3182.053405399704,0.0042518284017515,2025-03-31 23:00:00,3,31,23,2025-03-31,late_evening_21_23,19307.979026600296,0.1414872750860115
21919.373688,2578.8542622707696,15873.654411947797,3466.8650137814334,0.0031927225951558,2025-04-01 00:00:00,4,1,0,2025-04-01,night_00_05,18452.508674218567,0.15816441943682938
21094.1798529999,-0.0,15873.654411947797,5220.525441052103,0.0,2025-04-01 01:00:00,4,1,1,2025-04-01,night_00_05,15873.654411947797,0.2474865331305909
20642.556684,-0.0,15873.654411947797,4768.9022720522025,0.0,2025-04-01 02:00:00,4,1,2,2025-04-01,night_00_05,15873.654411947797,0.23102284978820323
20315.999813,-0.0,15873.654411947797,4442.345401052202,0.0,2025-04-01 03:00:00,4,1,3,2025-04-01,night_00_05,15873.654411947797,0.21866240608102344
20532.529551,-0.0,15873.654411947797,4658.875139052203,0.0,2025-04-01 04:00:00,4,1,4,2025-04-01,night_00_05,15873.654411947797,0.2269021518990241
21858.935538,-0.0,15873.654411947797,5985.281126052205,0.0,2025-04-01 05:00:00,4,1,5,2025-04-01,night_00_05,15873.654411947797,0.2738139336953199
23630.232834,1412.3037817501634,15873.654411947797,6344.274640302038,0.0017484874043434,2025-04-01 06:00:00,4,1,6,2025-04-01,morning_06_09,17285.95819369796,0.26848125809296625
25910.266317,2071.7936534044984,15873.654411947797,7964.818251647706,0.0025649616988827,2025-04-01 19:00:00,4,1,19,2025-04-01,evening_peak_16_20,17945.448065352295,0.307400092079405
25816.256467,-0.0,15873.654411947797,9942.602055052203,0.0,2025-04-01 20:00:00,4,1,20,2025-04-01,evening_peak_16_20,15873.654411947797,0.3851295042626136
25344.51944,-0.0,15873.654411947797,9470.865028052203,0.0,2025-04-01 21:00:00,4,1,21,2025-04-01,late_evening_21_23,15873.654411947797,0.37368493217925475
23946.467958,-0.0,15873.654411947797,8072.813546052204,0.0,2025-04-01 22:00:00,4,1,22,2025-04-01,late_evening_21_23,15873.654411947797,0.33711917599752955
22840.097489,-0.0,15873.654411947797,6966.443077052203,0.0,2025-04-01 23:00:00,4,1,23,2025-04-01,late_evening_21_23,15873.654411947797,0.30500934071788904
22232.084467,-0.0,15873.654411947797,6358.430055052204,0.0,2025-04-02 00:00:00,4,2,0,2025-04-02,night_00_05,15873.654411947797,0.2860024243111474
21339.871458,-0.0,15873.654411947797,5466.217046052205,0.0,2025-04-02 01:00:00,4,2,1,2025-04-02,night_00_05,15873.654411947797,0.25615042043765457
20923.0317809999,-0.0,15873.654411947797,5049.377369052103,0.0,2025-04-02 02:00:00,4,2,2,2025-04-02,night_00_05,15873.654411947797,0.24133105669883928
20565.195956,-0.0,15873.654411947797,4691.541544052203,0.0,2025-04-02 03:00:00,4,2,3,2025-04-02,night_00_05,15873.654411947797,0.22813016487126747
21059.303082,-0.0,15873.654411947797,5185.648670052202,0.0,2025-04-02 04:00:00,4,2,4,2025-04-02,night_00_05,15873.654411947797,0.24624027917070662
22252.802775,-0.0,15873.654411947797,6379.148363052203,0.0,2025-04-02 05:00:00,4,2,5,2025-04-02,night_00_05,15873.654411947797,0.2866671864911724
24537.090658,3443.6570184966645,15873.654411947797,5219.77922755554,0.004263382283278,2025-04-02 06:00:00,4,2,6,2025-04-02,morning_06_09,19317.31143044446,0.2127301602422738
25049.838096,5223.035351450698,15873.654411947797,3953.148332601505,0.0064663223609971,2025-04-02 19:00:00,4,2,19,2025-04-02,evening_peak_16_20,21096.689763398495,0.15781133265019986
25325.622763,189.75887816464459,15873.654411947797,9262.209472887558,0.0002349289243721,2025-04-02 20:00:00,4,2,20,2025-04-02,evening_peak_16_20,16063.413290112441,0.36572484552756496
24631.878184,37.3296153766582,15873.654411947797,8720.894156675546,4.621552610599531e-05,2025-04-02 21:00:00,4,2,21,2025-04-02,late_evening_21_23,15910.984027324455,0.35404909408574176
23470.433227,-0.0,15873.654411947797,7596.778815052205,0.0,2025-04-02 22:00:00,4,2,22,2025-04-02,late_evening_21_23,15873.654411947797,0.32367441800405267
22352.023049,-0.0,15873.654411947797,6478.368637052203,0.0,2025-04-02 23:00:00,4,2,23,2025-04-02,late_evening_21_23,15873.654411947797,0.2898336594790706
21573.626846,-0.0,15873.654411947797,5699.9724340522025,0.0,2025-04-03 00:00:00,4,3,0,2025-04-03,night_00_05,15873.654411947797,0.2642102078959915
21216.244264,-0.0,15873.654411947797,5342.589852052204,0.0,2025-04-03 01:00:00,4,3,1,2025-04-03,night_00_05,15873.654411947797,0.2518160040755932
20622.992453,-0.0,15873.654411947797,4749.338041052202,0.0,2025-04-03 02:00:00,4,3,2,2025-04-03,night_00_05,15873.654411947797,0.2302933510680368
20334.820497,-0.0,15873.654411947797,4461.166085052204,0.0,2025-04-03 03:00:00,4,3,3,2025-04-03,night_00_05,15873.654411947797,0.21938556505627185
20722.679151,-0.0,15873.654411947797,4849.024739052204,0.0,2025-04-03 04:00:00,4,3,4,2025-04-03,night_00_05,15873.654411947797,0.23399603418644868
22146.097105,-0.0,15873.654411947797,6272.442693052204,0.0,2025-04-03 05:00:00,4,3,5,2025-04-03,night_00_05,15873.654411947797,0.2832301630085444
24080.523625,6722.441569079847,15873.654411947797,1484.427643972358,0.0083226459929213,2025-04-03 06:00:00,4,3,6,2025-04-03,morning_06_09,22596.095981027644,0.06164432580823325
25258.717044,6041.176088455846,15873.654411947797,3343.886543596358,0.0074792126414869,2025-04-03 19:00:00,4,3,19,2025-04-03,evening_peak_16_20,21914.830500403645,0.13238544688439235
25524.177809,-0.0,15873.654411947797,9650.523397052204,0.0,2025-04-03 20:00:00,4,3,20,2025-04-03,evening_peak_16_20,15873.654411947797,0.37809340889520693
25016.0055819999,-0.0,15873.654411947797,9142.351170052103,0.0,2025-04-03 21:00:00,4,3,21,2025-04-03,late_evening_21_23,15873.654411947797,0.3654600707568766
23820.224145,-0.0,15873.654411947797,7946.569733052203,0.0,2025-04-03 22:00:00,4,3,22,2025-04-03,late_evening_21_23,15873.654411947797,0.3336060015505872
23134.738643,-0.0,15873.654411947797,7261.084231052204,0.0,2025-04-03 23:00:00,4,3,23,2025-04-03,late_evening_21_23,15873.654411947797,0.31386065531581997
22358.14788,-0.0,15873.654411947797,6484.493468052204,0.0,2025-04-04 00:00:00,4,4,0,2025-04-04,night_00_05,15873.654411947797,0.2900282037159602
21720.827025,-0.0,15873.654411947797,5847.172613052202,0.0,2025-04-04 01:00:00,4,4,1,2025-04-04,night_00_05,15873.654411947797,0.2691965921151293
21313.713573,-0.0,15873.654411947797,5440.059161052204,0.0,2025-04-04 02:00:00,4,4,2,2025-04-04,night_00_05,15873.654411947797,0.2552375090534958
21062.6080119999,-0.0,15873.654411947797,5188.953600052102,0.0,2025-04-04 03:00:00,4,4,3,2025-04-04,night_00_05,15873.654411947797,0.24635855147168026
21740.99033,-0.0,15873.654411947797,5867.335918052204,0.0,2025-04-04 04:00:00,4,4,4,2025-04-04,night_00_05,15873.654411947797,0.2698743630806906
22655.656714,-0.0,15873.654411947797,6782.002302052204,0.0,2025-04-04 05:00:00,4,4,5,2025-04-04,night_00_05,15873.654411947797,0.29935138882384654
24395.208103,7621.463139400988,15873.654411947797,900.0905516512157,0.0094356699133073,2025-04-04 06:00:00,4,4,6,2025-04-04,morning_06_09,23495.117551348783,0.036896203051472516
24536.104353,326.6341345457116,15873.654411947797,8335.81580650649,0.0004043858534274,2025-04-04 20:00:00,4,4,20,2025-04-04,evening_peak_16_20,16200.288546493508,0.3397367278268557
24103.6630869999,-0.0,15873.654411947797,8230.008675052102,0.0,2025-04-04 21:00:00,4,4,21,2025-04-04,late_evening_21_23,15873.654411947797,0.34144223827501496
23096.269854,-0.0,15873.654411947797,7222.615442052202,0.0,2025-04-04 22:00:00,4,4,22,2025-04-04,late_evening_21_23,15873.654411947797,0.31271783226075056
21924.550259,-0.0,15873.654411947797,6050.895847052203,0.0,2025-04-04 23:00:00,4,4,23,2025-04-04,late_evening_21_23,15873.654411947797,0.27598722781409474
21579.824852,-0.0,15873.654411947797,5706.170440052205,0.0,2025-04-05 00:00:00,4,5,0,2025-04-05,night_00_05,15873.654411947797,0.2644215362815311
20829.907664,-0.0,15873.654411947797,4956.253252052202,0.0,2025-04-05 01:00:00,4,5,1,2025-04-05,night_00_05,15873.654411947797,0.23793928096080888
20374.441674,-0.0,15873.654411947797,4500.787262052205,0.0,2025-04-05 02:00:00,4,5,2,2025-04-05,night_00_05,15873.654411947797,0.22090358764508858
19995.854471,-0.0,15873.654411947797,4122.200059052202,0.0,2025-04-05 03:00:00,4,5,3,2025-04-05,night_00_05,15873.654411947797,0.2061527335593801
20226.800848,-0.0,15873.654411947797,4353.146436052202,0.0,2025-04-05 04:00:00,4,5,4,2025-04-05,night_00_05,15873.654411947797,0.21521675467935583
20716.091999,-0.0,15873.654411947797,4842.4375870522035,0.0,2025-04-05 05:00:00,4,5,5,2025-04-05,night_00_05,15873.654411947797,0.2337524658263709
23627.677315,7024.189293374477,15873.654411947797,729.8336096777275,0.0086962214956114,2025-04-05 19:00:00,4,5,19,2025-04-05,evening_peak_16_20,22897.843705322273,0.03088892741964076
23614.894522,-0.0,15873.654411947797,7741.240110052202,0.0,2025-04-05 20:00:00,4,5,20,2025-04-05,evening_peak_16_20,15873.654411947797,0.3278117589236041
23032.200267,-0.0,15873.654411947797,7158.5458550522035,0.0,2025-04-05 21:00:00,4,5,21,2025-04-05,late_evening_21_23,15873.654411947797,0.3108059921356624
21892.793305,-0.0,15873.654411947797,6019.138893052203,0.0,2025-04-05 22:00:00,4,5,22,2025-04-05,late_evening_21_23,15873.654411947797,0.2749369990935564
21093.009482,-0.0,15873.654411947797,5219.355070052205,0.0,2025-04-05 23:00:00,4,5,23,2025-04-05,late_evening_21_23,15873.654411947797,0.24744477901582562
20550.484966,-0.0,15873.654411947797,4676.830554052203,0.0,2025-04-06 00:00:00,4,6,0,2025-04-06,night_00_05,15873.654411947797,0.22757762465410633
19847.3545749999,-0.0,15873.654411947797,3973.7001630521027,0.0,2025-04-06 01:00:00,4,6,1,2025-04-06,night_00_05,15873.654411947797,0.20021308875377528
19334.692411,-0.0,15873.654411947797,3461.0379990522033,0.0,2025-04-06 02:00:00,4,6,2,2025-04-06,night_00_05,15873.654411947797,0.1790066231973326
19061.259445,-0.0,15873.654411947797,3187.605033052203,0.0,2025-04-06 03:00:00,4,6,3,2025-04-06,night_00_05,15873.654411947797,0.167229507695954
19253.77654,-0.0,15873.654411947797,3380.1221280522022,0.0,2025-04-06 04:00:00,4,6,4,2025-04-06,night_00_05,15873.654411947797,0.17555631857625176
19428.324538,-0.0,15873.654411947797,3554.670126052204,0.0,2025-04-06 05:00:00,4,6,5,2025-04-06,night_00_05,15873.654411947797,0.18296328739514306
24150.74597,5907.411633356114,15873.654411947797,2369.679924696089,0.0073136070062737,2025-04-06 19:00:00,4,6,19,2025-04-06,evening_peak_16_20,21781.06604530391,0.0981203614844734
24154.371312,-0.0,15873.654411947797,8280.716900052203,0.0,2025-04-06 20:00:00,4,6,20,2025-04-06,evening_peak_16_20,15873.654411947797,0.34282477457561916
23543.902679,-0.0,15873.654411947797,7670.248267052202,0.0,2025-04-06 21:00:00,4,6,21,2025-04-06,late_evening_21_23,15873.654411947797,0.3257849121969777
22249.233479,-0.0,15873.654411947797,6375.579067052202,0.0,2025-04-06 22:00:00,4,6,22,2025-04-06,late_evening_21_23,15873.654411947797,0.2865527512698273
20903.375211,-0.0,15873.654411947797,5029.720799052202,0.0,2025-04-06 23:00:00,4,6,23,2025-04-06,late_evening_21_23,15873.654411947797,0.240617639413821
20209.917796,-0.0,15873.654411947797,4336.263384052205,0.0,2025-04-07 00:00:00,4,7,0,2025-04-07,night_00_05,15873.654411947797,0.2145611589231921
19754.354262,-0.0,15873.654411947797,3880.699850052204,0.0,2025-04-07 01:00:00,4,7,1,2025-04-07,night_00_05,15873.654411947797,0.19644782100102462
18987.876029,-0.0,15873.654411947797,3114.2216170522024,0.0,2025-04-07 02:00:00,4,7,2,2025-04-07,night_00_05,15873.654411947797,0.16401105696581766
18768.7927849999,-0.0,15873.654411947797,2895.138373052103,0.0,2025-04-07 03:00:00,4,7,3,2025-04-07,night_00_05,15873.654411947797,0.15425277513671046
19390.9857659999,-0.0,15873.654411947797,3517.331354052103,0.0,2025-04-07 04:00:00,4,7,4,2025-04-07,night_00_05,15873.654411947797,0.18139002299818002
20905.152498,-0.0,15873.654411947797,5031.498086052203,0.0,2025-04-07 05:00:00,4,7,5,2025-04-07,night_00_05,15873.654411947797,0.24068219959330922
26116.0553129999,5055.052082255718,15873.654411947797,5187.348818796384,0.0062583524935201,2025-04-07 19:00:00,4,7,19,2025-04-07,evening_peak_16_20,20928.706494203514,0.19862681238135743
26029.3911119999,-0.0,15873.654411947797,10155.736700052103,0.0,2025-04-07 20:00:00,4,7,20,2025-04-07,evening_peak_16_20,15873.654411947797,0.3901642053920413
25240.018865,-0.0,15873.654411947797,9366.364453052201,0.0,2025-04-07 21:00:00,4,7,21,2025-04-07,late_evening_21_23,15873.654411947797,0.37109181665630275
23696.014557,-0.0,15873.654411947797,7822.360145052202,0.0,2025-04-07 22:00:00,4,7,22,2025-04-07,late_evening_21_23,15873.654411947797,0.33011290258265863
22399.145764,-0.0,15873.654411947797,6525.491352052204,0.0,2025-04-07 23:00:00,4,7,23,2025-04-07,late_evening_21_23,15873.654411947797,0.2913276881540724
21595.40233,-0.0,15873.654411947797,5721.747918052204,0.0,2025-04-08 00:00:00,4,8,0,2025-04-08,night_00_05,15873.654411947797,0.26495213335773976
20891.880498,-0.0,15873.654411947797,5018.226086052202,0.0,2025-04-08 01:00:00,4,8,1,2025-04-08,night_00_05,15873.654411947797,0.2401998272263046
20517.744904,-0.0,15873.654411947797,4644.0904920522025,0.0,2025-04-08 02:00:00,4,8,2,2025-04-08,night_00_05,15873.654411947797,0.2263450741678157
20155.149593,-0.0,15873.654411947797,4281.495181052202,0.0,2025-04-08 03:00:00,4,8,3,2025-04-08,night_00_05,15873.654411947797,0.21242686199358152
20154.007405,-0.0,15873.654411947797,4280.352993052204,0.0,2025-04-08 04:00:00,4,8,4,2025-04-08,night_00_05,15873.654411947797,0.21238222786354105
21374.950554,-0.0,15873.654411947797,5501.296142052202,0.0,2025-04-08 05:00:00,4,8,5,2025-04-08,night_00_05,15873.654411947797,0.2573711751123896
26270.890974,6871.760030586495,15873.654411947797,3525.4765314657097,0.0085075080973453,2025-04-08 19:00:00,4,8,19,2025-04-08,evening_peak_16_20,22745.414442534293,0.1341970675815614
26346.070964,-0.0,15873.654411947797,10472.416552052202,0.0,2025-04-08 20:00:00,4,8,20,2025-04-08,evening_peak_16_20,15873.654411947797,0.3974944334721485
25629.8919499999,-0.0,15873.654411947797,9756.237538052103,0.0,2025-04-08 21:00:00,4,8,21,2025-04-08,late_evening_21_23,15873.654411947797,0.38065855123716746
24218.061893,-0.0,15873.654411947797,8344.407481052202,0.0,2025-04-08 22:00:00,4,8,22,2025-04-08,late_evening_21_23,15873.654411947797,0.3445530661338376
22610.275089,-0.0,15873.654411947797,6736.620677052202,0.0,2025-04-08 23:00:00,4,8,23,2025-04-08,late_evening_21_23,15873.654411947797,0.2979451002048886
21984.13169,-0.0,15873.654411947797,6110.477278052202,0.0,2025-04-09 00:00:00,4,9,0,2025-04-09,night_00_05,15873.654411947797,0.2779494484574843
21377.728026,-0.0,15873.654411947797,5504.073614052204,0.0,2025-04-09 01:00:00,4,9,1,2025-04-09,night_00_05,15873.654411947797,0.25746766014414835
20681.898469,-0.0,15873.654411947797,4808.244057052203,0.0,2025-04-09 02:00:00,4,9,2,2025-04-09,night_00_05,15873.654411947797,0.23248562332221373
20256.641883,-0.0,15873.654411947797,4382.987471052204,0.0,2025-04-09 03:00:00,4,9,3,2025-04-09,night_00_05,15873.654411947797,0.2163728566841349
20338.1087459999,-0.0,15873.654411947797,4464.454334052103,0.0,2025-04-09 04:00:00,4,9,4,2025-04-09,night_00_05,15873.654411947797,0.21951177416780074
21434.634764,-0.0,15873.654411947797,5560.980352052202,0.0,2025-04-09 05:00:00,4,9,5,2025-04-09,night_00_05,15873.654411947797,0.2594390066954631
27574.5706159999,8694.689581479939,15873.654411947797,3006.2266225721633,0.0107643662888547,2025-04-09 19:00:00,4,9,19,2025-04-09,evening_peak_16_20,24568.343993427734,0.1090217020760362
27265.642587,-0.0,15873.654411947797,11391.988175052202,0.0,2025-04-09 20:00:00,4,9,20,2025-04-09,evening_peak_16_20,15873.654411947797,0.41781476958418706
26545.270166,-0.0,15873.654411947797,10671.615754052202,0.0,2025-04-09 21:00:00,4,9,21,2025-04-09,late_evening_21_23,15873.654411947797,0.40201571456299345
24926.612825,-0.0,15873.654411947797,9052.958413052203,0.0,2025-04-09 22:00:00,4,9,22,2025-04-09,late_evening_21_23,15873.654411947797,0.36318445978238134
23278.008259,-0.0,15873.654411947797,7404.353847052202,0.0,2025-04-09 23:00:00,4,9,23,2025-04-09,late_evening_21_23,15873.654411947797,0.31808365065724425
22451.21807,-0.0,15873.654411947797,6577.563658052202,0.0,2025-04-10 00:00:00,4,10,0,2025-04-10,night_00_05,15873.654411947797,0.2929713495964543
21502.177225,-0.0,15873.654411947797,5628.522813052203,0.0,2025-04-10 01:00:00,4,10,1,2025-04-10,night_00_05,15873.654411947797,0.2617652507536805
20819.086505,-0.0,15873.654411947797,4945.432093052203,0.0,2025-04-10 02:00:00,4,10,2,2025-04-10,night_00_05,15873.654411947797,0.23754318384067846
20270.016638,-0.0,15873.654411947797,4396.362226052204,0.0,2025-04-10 03:00:00,4,10,3,2025-04-10,night_00_05,15873.654411947797,0.21688991699248963
20123.931384,-0.0,15873.654411947797,4250.276972052203,0.0,2025-04-10 04:00:00,4,10,4,2025-04-10,night_00_05,15873.654411947797,0.21120510157530573
21012.868299,-0.0,15873.654411947797,5139.213887052205,0.0,2025-04-10 05:00:00,4,10,5,2025-04-10,night_00_05,15873.654411947797,0.2445746013311652
27799.01153,7434.8150625176795,15873.654411947797,4490.542055534524,0.0092045922827773,2025-04-10 19:00:00,4,10,19,2025-04-10,evening_peak_16_20,23308.469474465477,0.16153603341933373
27603.826289,-0.0,15873.654411947797,11730.171877052204,0.0,2025-04-10 20:00:00,4,10,20,2025-04-10,evening_peak_16_20,15873.654411947797,0.42494731542802905
26749.980975,-0.0,15873.654411947797,10876.326563052202,0.0,2025-04-10 21:00:00,4,10,21,2025-04-10,late_evening_21_23,15873.654411947797,0.4065919363911698
24981.005975,-0.0,15873.654411947797,9107.351563052203,0.0,2025-04-10 22:00:00,4,10,22,2025-04-10,late_evening_21_23,15873.654411947797,0.3645710493871416
23462.322021,-0.0,15873.654411947797,7588.667609052203,0.0,2025-04-10 23:00:00,4,10,23,2025-04-10,late_evening_21_23,15873.654411947797,0.32344060414224773
22569.144186,-0.0,15873.654411947797,6695.489774052205,0.0,2025-04-11 00:00:00,4,11,0,2025-04-11,night_00_05,15873.654411947797,0.29666564752621516
21900.409841,-0.0,15873.654411947797,6026.755429052204,0.0,2025-04-11 01:00:00,4,11,1,2025-04-11,night_00_05,15873.654411947797,0.2751891618836031
21626.64331,-0.0,15873.654411947797,5752.988898052203,0.0,2025-04-11 02:00:00,4,11,2,2025-04-11,night_00_05,15873.654411947797,0.2660139539727861
21245.808188,-0.0,15873.654411947797,5372.153776052202,0.0,2025-04-11 03:00:00,4,11,3,2025-04-11,night_00_05,15873.654411947797,0.2528571155549869
20574.077962,-0.0,15873.654411947797,4700.423550052203,0.0,2025-04-11 04:00:00,4,11,4,2025-04-11,night_00_05,15873.654411947797,0.2284633877024191
21591.845324,-0.0,15873.654411947797,5718.190912052205,0.0,2025-04-11 05:00:00,4,11,5,2025-04-11,night_00_05,15873.654411947797,0.26483104275002656
27557.751903,7944.986472665365,15873.654411947797,3739.1110183868386,0.0098362044728926,2025-04-11 19:00:00,4,11,19,2025-04-11,evening_peak_16_20,23818.64088461316,0.13568273027306665
27297.979185,-0.0,15873.654411947797,11424.324773052203,0.0,2025-04-11 20:00:00,4,11,20,2025-04-11,evening_peak_16_20,15873.654411947797,0.418504413664795
26536.048347,-0.0,15873.654411947797,10662.393935052203,0.0,2025-04-11 21:00:00,4,11,21,2025-04-11,late_evening_21_23,15873.654411947797,0.401807902805454
25368.258896,-0.0,15873.654411947797,9494.604484052203,0.0,2025-04-11 22:00:00,4,11,22,2025-04-11,late_evening_21_23,15873.654411947797,0.3742710338528312
24041.420687,-0.0,15873.654411947797,8167.766275052205,0.0,2025-04-11 23:00:00,4,11,23,2025-04-11,late_evening_21_23,15873.654411947797,0.3397372551892821
23060.689755,-0.0,15873.654411947797,7187.035343052203,0.0,2025-04-12 00:00:00,4,12,0,2025-04-12,night_00_05,15873.654411947797,0.31165743173375443
21988.748755,-0.0,15873.654411947797,6115.094343052204,0.0,2025-04-12 01:00:00,4,12,1,2025-04-12,night_00_05,15873.654411947797,0.27810106028255466
21151.171612,-0.0,15873.654411947797,5277.517200052202,0.0,2025-04-12 02:00:00,4,12,2,2025-04-12,night_00_05,15873.654411947797,0.24951417807314427
20551.383984,-0.0,15873.654411947797,4677.729572052203,0.0,2025-04-12 03:00:00,4,12,3,2025-04-12,night_00_05,15873.654411947797,0.2276114141847569
20169.06521,-0.0,15873.654411947797,4295.410798052204,0.0,2025-04-12 04:00:00,4,12,4,2025-04-12,night_00_05,15873.654411947797,0.2129702469265904
20345.544684,-0.0,15873.654411947797,4471.890272052204,0.0,2025-04-12 05:00:00,4,12,5,2025-04-12,night_00_05,15873.654411947797,0.21979702885855673
24649.130309,7929.43246625845,15873.654411947797,846.043430793753,0.0098169480036818,2025-04-12 19:00:00,4,12,19,2025-04-12,evening_peak_16_20,23803.086878206246,0.034323459699705586
25013.333977,-0.0,15873.654411947797,9139.679565052202,0.0,2025-04-12 20:00:00,4,12,20,2025-04-12,evening_peak_16_20,15873.654411947797,0.36539229730255973
24407.552553,-0.0,15873.654411947797,8533.898141052205,0.0,2025-04-12 21:00:00,4,12,21,2025-04-12,late_evening_21_23,15873.654411947797,0.3496416989176278
23394.039571,-0.0,15873.654411947797,7520.3851590522045,0.0,2025-04-12 22:00:00,4,12,22,2025-04-12,late_evening_21_23,15873.654411947797,0.3214658646801091
22299.4957709999,-0.0,15873.654411947797,6425.841359052103,0.0,2025-04-12 23:00:00,4,12,23,2025-04-12,late_evening_21_23,15873.654411947797,0.28816083668621767
21609.467451,-0.0,15873.654411947797,5735.813039052204,0.0,2025-04-13 00:00:00,4,13,0,2025-04-13,night_00_05,15873.654411947797,0.2654305596405048
20789.456592,-0.0,15873.654411947797,4915.802180052202,0.0,2025-04-13 01:00:00,4,13,1,2025-04-13,night_00_05,15873.654411947797,0.23645650179927524
19999.444015,-0.0,15873.654411947797,4125.789603052204,0.0,2025-04-13 02:00:00,4,13,2,2025-04-13,night_00_05,15873.654411947797,0.20629521500486592
19410.832919,-0.0,15873.654411947797,3537.1785070522037,0.0,2025-04-13 03:00:00,4,13,3,2025-04-13,night_00_05,15873.654411947797,0.18222703383273625
19058.572087,-0.0,15873.654411947797,3184.917675052204,0.0,2025-04-13 04:00:00,4,13,4,2025-04-13,night_00_05,15873.654411947797,0.16711208271603206
19399.2226339999,-0.0,15873.654411947797,3525.568222052103,0.0,2025-04-13 05:00:00,4,13,5,2025-04-13,night_00_05,15873.654411947797,0.1817376030250327
25428.253436,8038.31051110702,15873.654411947797,1516.2885129451824,0.0099517432881576,2025-04-13 20:00:00,4,13,20,2025-04-13,evening_peak_16_20,23911.964923054817,0.059630069236233894
24449.174853,2134.0096790322414,15873.654411947797,6441.510762019962,0.002641987575726,2025-04-13 21:00:00,4,13,21,2025-04-13,late_evening_21_23,18007.664090980037,0.2634653644038856
23037.340632,-0.0,15873.654411947797,7163.686220052203,0.0,2025-04-13 22:00:00,4,13,22,2025-04-13,late_evening_21_23,15873.654411947797,0.3109597732865698
21687.751918,-0.0,15873.654411947797,5814.097506052205,0.0,2025-04-13 23:00:00,4,13,23,2025-04-13,late_evening_21_23,15873.654411947797,0.2680820736070264
21215.605179,-0.0,15873.654411947797,5341.950767052202,0.0,2025-04-14 00:00:00,4,14,0,2025-04-14,night_00_05,15873.654411947797,0.2517934662707555
20451.094167,-0.0,15873.654411947797,4577.439755052203,0.0,2025-04-14 01:00:00,4,14,1,2025-04-14,night_00_05,15873.654411947797,0.22382370926824957
20070.190488,-0.0,15873.654411947797,4196.5360760522035,0.0,2025-04-14 02:00:00,4,14,2,2025-04-14,night_00_05,15873.654411947797,0.20909298686334438
19794.097024,-0.0,15873.654411947797,3920.442612052202,0.0,2025-04-14 03:00:00,4,14,3,2025-04-14,night_00_05,15873.654411947797,0.1980612001294494
20114.733374,-0.0,15873.654411947797,4241.078962052203,0.0,2025-04-14 04:00:00,4,14,4,2025-04-14,night_00_05,15873.654411947797,0.21084440361183993
20977.791132,-0.0,15873.654411947797,5104.136720052202,0.0,2025-04-14 05:00:00,4,14,5,2025-04-14,night_00_05,15873.654411947797,0.24331144723174575
26421.556736,7627.684741963819,15873.654411947797,2920.217582088383,0.0094433725009917,2025-04-14 19:00:00,4,14,19,2025-04-14,evening_peak_16_20,23501.339153911616,0.11052405470528227
26400.9387369999,-0.0,15873.654411947797,10527.284325052102,0.0,2025-04-14 20:00:00,4,14,20,2025-04-14,evening_peak_16_20,15873.654411947797,0.3987465911694465
25481.395341,-0.0,15873.654411947797,9607.740929052203,0.0,2025-04-14 21:00:00,4,14,21,2025-04-14,late_evening_21_23,15873.654411947797,0.3770492471263214
24237.049727,-0.0,15873.654411947797,8363.395315052205,0.0,2025-04-14 22:00:00,4,14,22,2025-04-14,late_evening_21_23,15873.654411947797,0.34506655757426646
23266.061787,-0.0,15873.654411947797,7392.407375052202,0.0,2025-04-14 23:00:00,4,14,23,2025-04-14,late_evening_21_23,15873.654411947797,0.31773350568435
22262.213392,-0.0,15873.654411947797,6388.558980052205,0.0,2025-04-15 00:00:00,4,15,0,2025-04-15,night_00_05,15873.654411947797,0.28696872442827065
21499.840148,-0.0,15873.654411947797,5626.185736052203,0.0,2025-04-15 01:00:00,4,15,1,2025-04-15,night_00_05,15873.654411947797,0.2616850031127126
20947.881176,-0.0,15873.654411947797,5074.226764052202,0.0,2025-04-15 02:00:00,4,15,2,2025-04-15,night_00_05,15873.654411947797,0.24223102668091068
20511.616476,-0.0,15873.654411947797,4637.962064052203,0.0,2025-04-15 03:00:00,4,15,3,2025-04-15,night_00_05,15873.654411947797,0.22611392278511724
20631.766696,-0.0,15873.654411947797,4758.112284052202,0.0,2025-04-15 04:00:00,4,15,4,2025-04-15,night_00_05,15873.654411947797,0.2306206906156362
21841.947404,-0.0,15873.654411947797,5968.292992052202,0.0,2025-04-15 05:00:00,4,15,5,2025-04-15,night_00_05,15873.654411947797,0.27324912388348693
26162.783746,6887.31403699341,15873.654411947797,3401.8152970587944,0.0085267645665561,2025-04-15 19:00:00,4,15,19,2025-04-15,evening_peak_16_20,22760.968448941207,0.13002497479186992
26254.718523,-0.0,15873.654411947797,10381.064111052203,0.0,2025-04-15 20:00:00,4,15,20,2025-04-15,evening_peak_16_20,15873.654411947797,0.3953980349078223
25822.705895,-0.0,15873.654411947797,9949.051483052202,0.0,2025-04-15 21:00:00,4,15,21,2025-04-15,late_evening_21_23,15873.654411947797,0.38528307310267657
24108.851322,-0.0,15873.654411947797,8235.196910052202,0.0,2025-04-15 22:00:00,4,15,22,2025-04-15,late_evening_21_23,15873.654411947797,0.3415839601838415
22980.448586,-0.0,15873.654411947797,7106.794174052202,0.0,2025-04-15 23:00:00,4,15,23,2025-04-15,late_evening_21_23,15873.654411947797,0.3092539359036602
22052.63379,-0.0,15873.654411947797,6178.979378052203,0.0,2025-04-16 00:00:00,4,16,0,2025-04-16,night_00_05,15873.654411947797,0.28019235420551564
21356.483373,-0.0,15873.654411947797,5482.828961052202,0.0,2025-04-16 01:00:00,4,16,1,2025-04-16,night_00_05,15873.654411947797,0.25672901597572406
20744.16524,-0.0,15873.654411947797,4870.510828052202,0.0,2025-04-16 02:00:00,4,16,2,2025-04-16,night_00_05,15873.654411947797,0.23478943460499557
20688.4819619999,-0.0,15873.654411947797,4814.827550052103,0.0,2025-04-16 03:00:00,4,16,3,2025-04-16,night_00_05,15873.654411947797,0.23272986190556955
21172.583359,-0.0,15873.654411947797,5298.9289470522035,0.0,2025-04-16 04:00:00,4,16,4,2025-04-16,night_00_05,15873.654411947797,0.2502731413169638
21721.936604,-0.0,15873.654411947797,5848.282192052202,0.0,2025-04-16 05:00:00,4,16,5,2025-04-16,night_00_05,15873.654411947797,0.26923392230945314
26128.9893959999,914.5755767280572,15873.654411947797,9340.759407324045,0.0011322803895968,2025-04-16 20:00:00,4,16,20,2025-04-16,evening_peak_16_20,16788.229988675856,0.3574864402813079
25593.291027,276.8613140434687,15873.654411947797,9442.775301008734,0.0003427651519527,2025-04-16 21:00:00,4,16,21,2025-04-16,late_evening_21_23,16150.515725991265,0.36895510198539716
24476.973121,360.85294864095823,15873.654411947797,8242.465760411244,0.0004467500856912,2025-04-16 22:00:00,4,16,22,2025-04-16,late_evening_21_23,16234.507360588756,0.33674367004716066
23157.824488,363.9637499223736,15873.654411947797,6920.206326129828,0.0004506013795334,2025-04-16 23:00:00,4,16,23,2025-04-16,late_evening_21_23,16237.61816187017,0.29882799784218783
22251.703322,376.40695504795457,15873.654411947797,6001.64195500425,0.0004660065549021,2025-04-17 00:00:00,4,17,0,2025-04-17,night_00_05,16250.061366995751,0.2697160692894236
21258.07822,398.18256401762017,15873.654411947797,4986.241244034582,0.0004929656117972,2025-04-17 01:00:00,4,17,1,2025-04-17,night_00_05,16271.836975965416,0.23455747939357158
20629.26182,382.6285576107046,15873.654411947797,4372.978850441498,0.0004737091425864,2025-04-17 02:00:00,4,17,2,2025-04-17,night_00_05,16256.2829695585,0.2119794149009205
20278.421936,304.85852557596525,15873.654411947797,4099.908998476237,0.0003774267965322,2025-04-17 03:00:00,4,17,3,2025-04-17,night_00_05,16178.512937523761,0.20218087045509817
20490.126877,339.0773396712925,15873.654411947797,4277.39512538091,0.0004197910287961,2025-04-17 04:00:00,4,17,4,2025-04-17,night_00_05,16212.731751619089,0.20875395994654633
21682.038502,329.74493582712705,15873.654411947797,5478.639154225076,0.0004082371472696,2025-04-17 05:00:00,4,17,5,2025-04-17,night_00_05,16203.399347774925,0.25268099923905746
25125.43179,6638.449934482357,15873.654411947797,2613.327443569845,0.0082186610591828,2025-04-17 19:00:00,4,17,19,2025-04-17,evening_peak_16_20,22512.104346430155,0.10401124507678938
25344.481887,-0.0,15873.654411947797,9470.827475052205,0.0,2025-04-17 20:00:00,4,17,20,2025-04-17,evening_peak_16_20,15873.654411947797,0.37368400416621245
25129.605924,-0.0,15873.654411947797,9255.951512052203,0.0,2025-04-17 21:00:00,4,17,21,2025-04-17,late_evening_21_23,15873.654411947797,0.36832855795849617
24172.530849,-0.0,15873.654411947797,8298.876437052202,0.0,2025-04-17 22:00:00,4,17,22,2025-04-17,late_evening_21_23,15873.654411947797,0.3433184753757599
22829.714067,-0.0,15873.654411947797,6956.059655052204,0.0,2025-04-17 23:00:00,4,17,23,2025-04-17,late_evening_21_23,15873.654411947797,0.3046932447177287
22520.775336,-0.0,15873.654411947797,6647.120924052202,0.0,2025-04-18 00:00:00,4,18,0,2025-04-18,night_00_05,15873.654411947797,0.29515506570622463
21739.620209,-0.0,15873.654411947797,5865.965797052204,0.0,2025-04-18 01:00:00,4,18,1,2025-04-18,night_00_05,15873.654411947797,0.26982834753588514
20947.443637,-0.0,15873.654411947797,5073.789225052204,0.0,2025-04-18 02:00:00,4,18,2,2025-04-18,night_00_05,15873.654411947797,0.24221519880785078
20495.9641439999,-0.0,15873.654411947797,4622.309732052103,0.0,2025-04-18 03:00:00,4,18,3,2025-04-18,night_00_05,15873.654411947797,0.22552292244350278
20687.292445,-0.0,15873.654411947797,4813.638033052202,0.0,2025-04-18 04:00:00,4,18,4,2025-04-18,night_00_05,15873.654411947797,0.23268574395851552
21759.827851,-0.0,15873.654411947797,5886.1734390522015,0.0,2025-04-18 05:00:00,4,18,5,2025-04-18,night_00_05,15873.654411947797,0.2705064341206034
25321.89843,68.43762819054002,15873.654411947797,9379.806389861664,8.472846452765806e-05,2025-04-18 20:00:00,4,18,20,2025-04-18,evening_peak_16_20,15942.092040138337,0.3704227159662319
25106.473274,245.7533012296376,15873.654411947797,8987.065560822566,0.0003042522135311,2025-04-18 21:00:00,4,18,21,2025-04-18,late_evening_21_23,16119.407713177434,0.3579581035831694
23733.754409,292.41532045046506,15873.654411947797,7567.684676601739,0.0003620216211636,2025-04-18 22:00:00,4,18,22,2025-04-18,late_evening_21_23,16166.069732398262,0.31885746124228964
22283.205723,307.9693268573806,15873.654411947797,6101.581984194821,0.0003812780903744,2025-04-18 23:00:00,4,18,23,2025-04-18,late_evening_21_23,16181.623738805178,0.2738197573564098
21975.420311,320.4125319829616,15873.654411947797,5781.353367069243,0.0003966832657431,2025-04-19 00:00:00,4,19,0,2025-04-19,night_00_05,16194.066943930758,0.263082720842219
21228.762453,329.74493582712705,15873.654411947797,5025.363105225076,0.0004082371472696,2025-04-19 01:00:00,4,19,1,2025-04-19,night_00_05,16203.399347774925,0.2367242610750917
20713.193571,335.96653838987714,15873.654411947797,4503.572620662326,0.0004159397349539,2025-04-19 02:00:00,4,19,2,2025-04-19,night_00_05,16209.620950337674,0.21742531421941907
20399.822474,304.85852557596525,15873.654411947797,4221.3095364762385,0.0003774267965322,2025-04-19 03:00:00,4,19,3,2025-04-19,night_00_05,16178.512937523761,0.20692873880919235
20161.831442,307.9693268573806,15873.654411947797,3980.2077031948215,0.0003812780903744,2025-04-19 04:00:00,4,19,4,2025-04-19,night_00_05,16181.623738805178,0.19741300360757286
20610.998774,261.30730763655316,15873.654411947797,4476.037054415649,0.0003235086827419,2025-04-19 05:00:00,4,19,5,2025-04-19,night_00_05,16134.96171958435,0.21716740190494804
23856.928724,77.77003203470458,15873.654411947797,7905.5042800175,9.62823460541569e-05,2025-04-19 20:00:00,4,19,20,2025-04-19,evening_peak_16_20,15951.424443982502,0.3313714171457697
23300.8024999999,223.97769225989117,15873.654411947797,7203.170395792212,0.0002772931566359,2025-04-19 21:00:00,4,19,21,2025-04-19,late_evening_21_23,16097.632104207687,0.30913829666562953
22412.257441,273.75051276213406,15873.654411947797,6264.8525162900705,0.0003389138581106,2025-04-19 22:00:00,4,19,22,2025-04-19,late_evening_21_23,16147.40492470993,0.2795279561990674
21295.438568,180.42647432047912,15873.654411947797,5241.357681731725,0.0002233750428456,2025-04-19 23:00:00,4,19,23,2025-04-19,late_evening_21_23,16054.080886268275,0.2461258388736709
21056.107154,255.08570507380307,15873.654411947797,4927.367036978401,0.0003158060950576,2025-04-20 00:00:00,4,20,0,2025-04-20,night_00_05,16128.7401170216,0.2340113013740223
20715.430697,279.97211532488416,15873.654411947797,4561.804169727319,0.0003466164457949,2025-04-20 01:00:00,4,20,1,2025-04-20,night_00_05,16153.626527272681,0.2202128566116638
20016.253785,233.31009610405667,15873.654411947797,3909.2892769481473,0.0002888470381624,2025-04-20 02:00:00,4,20,2,2025-04-20,night_00_05,16106.964508051853,0.19530574097125672
19728.464601,261.30730763655316,15873.654411947797,3593.50288141565,0.0003235086827419,2025-04-20 03:00:00,4,20,3,2025-04-20,night_00_05,16134.96171958435,0.18214812729184723
19492.556681,223.97769225989117,15873.654411947797,3394.9245767923103,0.0002772931566359,2025-04-20 04:00:00,4,20,4,2025-04-20,night_00_05,16097.632104207687,0.17416517660310046
19726.508397,211.53448713439101,15873.654411947797,3641.319497917814,0.0002618879812673,2025-04-20 05:00:00,4,20,5,2025-04-20,night_00_05,16085.188899082188,0.1845901679423199
23752.643717,71.54842947192822,15873.654411947797,7807.440875580274,8.857975836982434e-05,2025-04-20 20:00:00,4,20,20,2025-04-20,evening_peak_16_20,15945.202841419725,0.32869776386164595
23552.420377,245.7533012296376,15873.654411947797,7433.012663822565,0.0003042522135311,2025-04-20 21:00:00,4,20,21,2025-04-20,late_evening_21_23,16119.407713177434,0.3155944291433095
22447.9075429999,379.51775632928917,15873.654411947797,6194.7353747228135,0.0004698578487442,2025-04-20 22:00:00,4,20,22,2025-04-20,late_evening_21_23,16253.172168277086,0.2759604815217873
21364.061488,404.40416658045103,15873.654411947797,5086.002909471752,0.0005006681994816,2025-04-20 23:00:00,4,20,23,2025-04-20,late_evening_21_23,16278.058578528247,0.2380634839648123
20604.516594,410.6257691432011,15873.654411947797,4320.236412909003,0.0005083707871659,2025-04-21 00:00:00,4,21,0,2025-04-21,night_00_05,16284.280181090999,0.2096742426933252
20911.152967,385.73935889212004,15873.654411947797,4651.759196160085,0.0004775604364286,2025-04-21 01:00:00,4,21,1,2025-04-21,night_00_05,16259.393770839917,0.2224535014162562
20075.488534,391.96096145487013,15873.654411947797,3809.8731605973335,0.0004852630241129,2025-04-21 02:00:00,4,21,2,2025-04-21,night_00_05,16265.615373402667,0.18977735730539774
19806.073888,379.51775632928917,15873.654411947797,3552.901719722913,0.0004698578487442,2025-04-21 03:00:00,4,21,3,2025-04-21,night_00_05,16253.172168277086,0.17938445245705797
20076.7445349999,357.7421473596236,15873.654411947797,3845.3479756924794,0.0004428987918491,2025-04-21 04:00:00,4,21,4,2025-04-21,night_00_05,16231.39655930742,0.19153244536178976
21258.157133,367.07455120378904,15873.654411947797,5017.428169848415,0.0004544526733756,2025-04-21 05:00:00,4,21,5,2025-04-21,night_00_05,16240.728963151585,0.2360236655725737
27041.530564,-0.0,15873.654411947797,11167.876152052204,0.0,2025-04-21 20:00:00,4,21,20,2025-04-21,evening_peak_16_20,15873.654411947797,0.41298979455400486
26234.011814,-0.0,15873.654411947797,10360.357402052205,0.0,2025-04-21 21:00:00,4,21,21,2025-04-21,late_evening_21_23,15873.654411947797,0.39492081788738514
24766.344212,-0.0,15873.654411947797,8892.689800052203,0.0,2025-04-21 22:00:00,4,21,22,2025-04-21,late_evening_21_23,15873.654411947797,0.3590634824393437
23168.8957749999,-0.0,15873.654411947797,7295.241363052102,0.0,2025-04-21 23:00:00,4,21,23,2025-04-21,late_evening_21_23,15873.654411947797,0.3148722077175529
22229.202031,-0.0,15873.654411947797,6355.547619052204,0.0,2025-04-22 00:00:00,4,22,0,2025-04-22,night_00_05,15873.654411947797,0.2859098410365338
21382.327722,-0.0,15873.654411947797,5508.673310052205,0.0,2025-04-22 01:00:00,4,22,1,2025-04-22,night_00_05,15873.654411947797,0.2576273912584551
20704.708391,-0.0,15873.654411947797,4831.053979052203,0.0,2025-04-22 02:00:00,4,22,2,2025-04-22,night_00_05,15873.654411947797,0.23333117703566325
20278.857434,-0.0,15873.654411947797,4405.203022052205,0.0,2025-04-22 03:00:00,4,22,3,2025-04-22,night_00_05,15873.654411947797,0.21723132264179437
20770.044303,-0.0,15873.654411947797,4896.389891052202,0.0,2025-04-22 04:00:00,4,22,4,2025-04-22,night_00_05,15873.654411947797,0.2357428717831369
21768.133692,-0.0,15873.654411947797,5894.479280052203,0.0,2025-04-22 05:00:00,4,22,5,2025-04-22,night_00_05,15873.654411947797,0.2707847794144374
26974.422056,-0.0,15873.654411947797,11100.767644052203,0.0,2025-04-22 20:00:00,4,22,20,2025-04-22,evening_peak_16_20,15873.654411947797,0.4115293970342184
26132.85481,-0.0,15873.654411947797,10259.200398052204,0.0,2025-04-22 21:00:00,4,22,21,2025-04-22,late_evening_21_23,15873.654411947797,0.39257863224826156
24554.30474,-0.0,15873.654411947797,8680.650328052203,0.0,2025-04-22 22:00:00,4,22,22,2025-04-22,late_evening_21_23,15873.654411947797,0.35352865495356733
23040.133916,-0.0,15873.654411947797,7166.479504052202,0.0,2025-04-22 23:00:00,4,22,23,2025-04-22,late_evening_21_23,15873.654411947797,0.3110433094781411
22345.222254,-0.0,15873.654411947797,6471.567842052204,0.0,2025-04-23 00:00:00,4,23,0,2025-04-23,night_00_05,15873.654411947797,0.28961751950772086
21678.43276,-0.0,15873.654411947797,5804.778348052203,0.0,2025-04-23 01:00:00,4,23,1,2025-04-23,night_00_05,15873.654411947797,0.26776743560368904
21457.156504,-0.0,15873.654411947797,5583.502092052202,0.0,2025-04-23 02:00:00,4,23,2,2025-04-23,night_00_05,15873.654411947797,0.2602163101625948
20803.493454,-0.0,15873.654411947797,4929.839042052203,0.0,2025-04-23 03:00:00,4,23,3,2025-04-23,night_00_05,15873.654411947797,0.23697169193976486
21073.113815,-0.0,15873.654411947797,5199.459403052204,0.0,2025-04-23 04:00:00,4,23,4,2025-04-23,night_00_05,15873.654411947797,0.2467342723385848
22282.430643,-0.0,15873.654411947797,6408.776231052203,0.0,2025-04-23 05:00:00,4,23,5,2025-04-23,night_00_05,15873.654411947797,0.28761567055816295
26542.107019,426.17977555011663,15873.654411947797,10242.272831502085,0.0005276272563767,2025-04-23 20:00:00,4,23,20,2025-04-23,evening_peak_16_20,16299.834187497914,0.38588770756482216
25758.482993,-0.0,15873.654411947797,9884.828581052205,0.0,2025-04-23 21:00:00,4,23,21,2025-04-23,late_evening_21_23,15873.654411947797,0.3837504166584056
24383.197613,-0.0,15873.654411947797,8509.543201052204,0.0,2025-04-23 22:00:00,4,23,22,2025-04-23,late_evening_21_23,15873.654411947797,0.3489920943147877
22880.605138,-0.0,15873.654411947797,7006.950726052202,0.0,2025-04-23 23:00:00,4,23,23,2025-04-23,late_evening_21_23,15873.654411947797,0.30623974688567535
22555.860839,-0.0,15873.654411947797,6682.206427052204,0.0,2025-04-24 00:00:00,4,24,0,2025-04-24,night_00_05,15873.654411947797,0.2962514476724558
21765.596808,-0.0,15873.654411947797,5891.942396052202,0.0,2025-04-24 01:00:00,4,24,1,2025-04-24,night_00_05,15873.654411947797,0.27069978590647253
21271.8849429999,-0.0,15873.654411947797,5398.230531052102,0.0,2025-04-24 02:00:00,4,24,2,2025-04-24,night_00_05,15873.654411947797,0.25377302225530035
20869.021855,-0.0,15873.654411947797,4995.367443052202,0.0,2025-04-24 03:00:00,4,24,3,2025-04-24,night_00_05,15873.654411947797,0.23936758884822215
21065.941834,-0.0,15873.654411947797,5192.287422052204,0.0,2025-04-24 04:00:00,4,24,4,2025-04-24,night_00_05,15873.654411947797,0.24647782012157454
22185.664044,-0.0,15873.654411947797,6312.009632052204,0.0,2025-04-24 05:00:00,4,24,5,2025-04-24,night_00_05,15873.654411947797,0.28450848347535734
25894.343434,-0.0,15873.654411947797,10020.689022052202,0.0,2025-04-24 20:00:00,4,24,20,2025-04-24,evening_peak_16_20,15873.654411947797,0.38698370737196436
25404.720722,-0.0,15873.654411947797,9531.066310052202,0.0,2025-04-24 21:00:00,4,24,21,2025-04-24,late_evening_21_23,15873.654411947797,0.37516910397674563
24424.122988,-0.0,15873.654411947797,8550.468576052202,0.0,2025-04-24 22:00:00,4,24,22,2025-04-24,late_evening_21_23,15873.654411947797,0.35008293154489917
23303.741135,-0.0,15873.654411947797,7430.0867230522035,0.0,2025-04-24 23:00:00,4,24,23,2025-04-24,late_evening_21_23,15873.654411947797,0.3188366485882784
22849.612066,-0.0,15873.654411947797,6975.957654052205,0.0,2025-04-25 00:00:00,4,25,0,2025-04-25,night_00_05,15873.654411947797,0.30529873478387676
21921.0828129999,-0.0,15873.654411947797,6047.428401052102,0.0,2025-04-25 01:00:00,4,25,1,2025-04-25,night_00_05,15873.654411947797,0.2758727044936751
21111.084728,-0.0,15873.654411947797,5237.430316052205,0.0,2025-04-25 02:00:00,4,25,2,2025-04-25,night_00_05,15873.654411947797,0.24808911448807314
21075.805468,-0.0,15873.654411947797,5202.151056052202,0.0,2025-04-25 03:00:00,4,25,3,2025-04-25,night_00_05,15873.654411947797,0.24683047411643544
21179.098688,-0.0,15873.654411947797,5305.4442760522015,0.0,2025-04-25 04:00:00,4,25,4,2025-04-25,night_00_05,15873.654411947797,0.25050377989211825
21988.618435,-0.0,15873.654411947797,6114.964023052204,0.0,2025-04-25 05:00:00,4,25,5,2025-04-25,night_00_05,15873.654411947797,0.27809678180229896
25364.996075,-0.0,15873.654411947797,9491.341663052202,0.0,2025-04-25 20:00:00,4,25,20,2025-04-25,evening_peak_16_20,15873.654411947797,0.37419054333727914
25020.939339,-0.0,15873.654411947797,9147.284927052204,0.0,2025-04-25 21:00:00,4,25,21,2025-04-25,late_evening_21_23,15873.654411947797,0.36558519259084654
24292.4197089999,-0.0,15873.654411947797,8418.765297052103,0.0,2025-04-25 22:00:00,4,25,22,2025-04-25,late_evening_21_23,15873.654411947797,0.34655935464234977
22975.143157,-0.0,15873.654411947797,7101.488745052202,0.0,2025-04-25 23:00:00,4,25,23,2025-04-25,late_evening_21_23,15873.654411947797,0.3090944285536929
22295.534656,-0.0,15873.654411947797,6421.880244052203,0.0,2025-04-26 00:00:00,4,26,0,2025-04-26,night_00_05,15873.654411947797,0.28803436845700386
21662.863456,-0.0,15873.654411947797,5789.209044052202,0.0,2025-04-26 01:00:00,4,26,1,2025-04-26,night_00_05,15873.654411947797,0.2672411731630407
20786.673165,-0.0,15873.654411947797,4913.0187530522035,0.0,2025-04-26 02:00:00,4,26,2,2025-04-26,night_00_05,15873.654411947797,0.23635425996520706
20138.427809,-0.0,15873.654411947797,4264.773397052204,0.0,2025-04-26 03:00:00,4,26,3,2025-04-26,night_00_05,15873.654411947797,0.21177290687738035
20100.140573,-0.0,15873.654411947797,4226.486161052204,0.0,2025-04-26 04:00:00,4,26,4,2025-04-26,night_00_05,15873.654411947797,0.21027147276420213
20522.883528,-0.0,15873.654411947797,4649.229116052202,0.0,2025-04-26 05:00:00,4,26,5,2025-04-26,night_00_05,15873.654411947797,0.2265387858245707
23650.245881,-0.0,15873.654411947797,7776.591469052202,0.0,2025-04-26 20:00:00,4,26,20,2025-04-26,evening_peak_16_20,15873.654411947797,0.3288165166730768
23381.8967329999,-0.0,15873.654411947797,7508.242321052103,0.0,2025-04-26 21:00:00,4,26,21,2025-04-26,late_evening_21_23,15873.654411947797,0.32111348393970923
22724.370476,-0.0,15873.654411947797,6850.716064052203,0.0,2025-04-26 22:00:00,4,26,22,2025-04-26,late_evening_21_23,15873.654411947797,0.3014700042532524
22239.8083019999,-0.0,15873.654411947797,6366.153890052103,0.0,2025-04-26 23:00:00,4,26,23,2025-04-26,late_evening_21_23,15873.654411947797,0.28625039405036734
21893.352989,-0.0,15873.654411947797,6019.698577052202,0.0,2025-04-27 00:00:00,4,27,0,2025-04-27,night_00_05,15873.654411947797,0.27495553468108397
21221.414489,-0.0,15873.654411947797,5347.760077052202,0.0,2025-04-27 01:00:00,4,27,1,2025-04-27,night_00_05,15873.654411947797,0.2519982859683639
20517.809778,-0.0,15873.654411947797,4644.155366052202,0.0,2025-04-27 02:00:00,4,27,2,2025-04-27,night_00_05,15873.654411947797,0.22634752033971228
20012.762681,-0.0,15873.654411947797,4139.1082690522035,0.0,2025-04-27 03:00:00,4,27,3,2025-04-27,night_00_05,15873.654411947797,0.20682343237807185
20044.143674,-0.0,15873.654411947797,4170.489262052202,0.0,2025-04-27 04:00:00,4,27,4,2025-04-27,night_00_05,15873.654411947797,0.20806522492960866
20122.759038,-0.0,15873.654411947797,4249.1046260522035,0.0,2025-04-27 05:00:00,4,27,5,2025-04-27,night_00_05,15873.654411947797,0.21115914661742735
24130.2064469999,-0.0,15873.654411947797,8256.552035052102,0.0,2025-04-27 20:00:00,4,27,20,2025-04-27,evening_peak_16_20,15873.654411947797,0.3421666554402247
23743.7417629999,-0.0,15873.654411947797,7870.087351052103,0.0,2025-04-27 21:00:00,4,27,21,2025-04-27,late_evening_21_23,15873.654411947797,0.3314594401172327
22736.2248989999,-0.0,15873.654411947797,6862.570487052102,0.0,2025-04-27 22:00:00,4,27,22,2025-04-27,late_evening_21_23,15873.654411947797,0.30183421027621726
21487.856851,-0.0,15873.654411947797,5614.202439052204,0.0,2025-04-27 23:00:00,4,27,23,2025-04-27,late_evening_21_23,15873.654411947797,0.2612732613578878
21135.102679,-0.0,15873.654411947797,5261.448267052203,0.0,2025-04-28 00:00:00,4,28,0,2025-04-28,night_00_05,15873.654411947797,0.2489435867411242
20967.561029,-0.0,15873.654411947797,5093.906617052204,0.0,2025-04-28 01:00:00,4,28,1,2025-04-28,night_00_05,15873.654411947797,0.24294225780513423
20133.739814,-0.0,15873.654411947797,4260.085402052204,0.0,2025-04-28 02:00:00,4,28,2,2025-04-28,night_00_05,15873.654411947797,0.2115893739269419
19642.3346499999,-0.0,15873.654411947797,3768.680238052102,0.0,2025-04-28 03:00:00,4,28,3,2025-04-28,night_00_05,15873.654411947797,0.19186518839053185
19915.197451,-0.0,15873.654411947797,4041.5430390522033,0.0,2025-04-28 04:00:00,4,28,4,2025-04-28,night_00_05,15873.654411947797,0.20293763338255358
21661.914683,-0.0,15873.654411947797,5788.260271052202,0.0,2025-04-28 05:00:00,4,28,5,2025-04-28,night_00_05,15873.654411947797,0.26720907896450896
25812.60285,161.7616666321481,15873.654411947797,9777.186771420054,0.0002002672797926,2025-04-28 20:00:00,4,28,20,2025-04-28,evening_peak_16_20,16035.416078579945,0.37877570225042434
25127.366275,-0.0,15873.654411947797,9253.711863052204,0.0,2025-04-28 21:00:00,4,28,21,2025-04-28,late_evening_21_23,15873.654411947797,0.36827225590526813
23898.63244,-0.0,15873.654411947797,8024.9780280522045,0.0,2025-04-28 22:00:00,4,28,22,2025-04-28,late_evening_21_23,15873.654411947797,0.3357923533156027
22551.064848,-0.0,15873.654411947797,6677.410436052205,0.0,2025-04-28 23:00:00,4,28,23,2025-04-28,late_evening_21_23,15873.654411947797,0.29610177971903656
21853.967549,-0.0,15873.654411947797,5980.313137052204,0.0,2025-04-29 00:00:00,4,29,0,2025-04-29,night_00_05,15873.654411947797,0.2736488522573034
21114.3957109999,-0.0,15873.654411947797,5240.7412990521025,0.0,2025-04-29 01:00:00,4,29,1,2025-04-29,night_00_05,15873.654411947797,0.24820702286648205
20546.747534,-0.0,15873.654411947797,4673.093122052202,0.0,2025-04-29 02:00:00,4,29,2,2025-04-29,night_00_05,15873.654411947797,0.227437121827644
20578.365635,-0.0,15873.654411947797,4704.711223052202,0.0,2025-04-29 03:00:00,4,29,3,2025-04-29,night_00_05,15873.654411947797,0.22862414374882897
21052.780056,-0.0,15873.654411947797,5179.125644052203,0.0,2025-04-29 04:00:00,4,29,4,2025-04-29,night_00_05,15873.654411947797,0.24600673309063345
22035.963316,-0.0,15873.654411947797,6162.3089040522045,0.0,2025-04-29 05:00:00,4,29,5,2025-04-29,night_00_05,15873.654411947797,0.2796478109753359
26700.85776,-0.0,15873.654411947797,10827.203348052202,0.0,2025-04-29 20:00:00,4,29,20,2025-04-29,evening_peak_16_20,15873.654411947797,0.40550020697358313
26072.7879699999,-0.0,15873.654411947797,10199.133558052103,0.0,2025-04-29 21:00:00,4,29,21,2025-04-29,late_evening_21_23,15873.654411947797,0.39117924672219634
24808.101827,-0.0,15873.654411947797,8934.447415052202,0.0,2025-04-29 22:00:00,4,29,22,2025-04-29,late_evening_21_23,15873.654411947797,0.36014232275233404
23252.5313059999,-0.0,15873.654411947797,7378.876894052102,0.0,2025-04-29 23:00:00,4,29,23,2025-04-29,late_evening_21_23,15873.654411947797,0.31733649971038275
22562.215953,-0.0,15873.654411947797,6688.561541052202,0.0,2025-04-30 00:00:00,4,30,0,2025-04-30,night_00_05,15873.654411947797,0.29644967298359953
21850.869268,-0.0,15873.654411947797,5977.214856052202,0.0,2025-04-30 01:00:00,4,30,1,2025-04-30,night_00_05,15873.654411947797,0.27354586139077175
21346.176209,-0.0,15873.654411947797,5472.521797052204,0.0,2025-04-30 02:00:00,4,30,2,2025-04-30,night_00_05,15873.654411947797,0.25637012191180514
20786.1291,-0.0,15873.654411947797,4912.474688052202,0.0,2025-04-30 03:00:00,4,30,3,2025-04-30,night_00_05,15873.654411947797,0.2363342719762191
20992.895913,-0.0,15873.654411947797,5119.241501052204,0.0,2025-04-30 04:00:00,4,30,4,2025-04-30,night_00_05,15873.654411947797,0.24385589878917452
21873.3384109999,-0.0,15873.654411947797,5999.683999052102,0.0,2025-04-30 05:00:00,4,30,5,2025-04-30,night_00_05,15873.654411947797,0.274292103304858
27302.432181,4311.5705760039755,15873.654411947797,7117.207193048228,0.0053378932652424,2025-04-30 20:00:00,4,30,20,2025-04-30,evening_peak_16_20,20185.224987951773,0.2606803359446179
26492.3144699999,3860.504390202697,15873.654411947797,6758.155667849405,0.0047794556581283,2025-04-30 21:00:00,4,30,21,2025-04-30,late_evening_21_23,19734.158802150494,0.2550987259154874
24844.691313,2566.411057145189,15873.654411947797,6404.625843907013,0.0031773174197871,2025-04-30 22:00:00,4,30,22,2025-04-30,late_evening_21_23,18440.065469092984,0.25778649302661244
23358.4203749999,-0.0,15873.654411947797,7484.765963052103,0.0,2025-04-30 23:00:00,4,30,23,2025-04-30,late_evening_21_23,15873.654411947797,0.3204311696977127
22702.902777,-0.0,15873.654411947797,6829.248365052203,0.0,2025-05-01 00:00:00,5,1,0,2025-05-01,night_00_05,15873.654411947797,0.300809479392689
21894.8550899999,-0.0,15873.654411947797,6021.200678052102,0.0,2025-05-01 01:00:00,5,1,1,2025-05-01,night_00_05,15873.654411947797,0.27500527650453294
21232.219593,-0.0,15873.654411947797,5358.565181052205,0.0,2025-05-01 02:00:00,5,1,2,2025-05-01,night_00_05,15873.654411947797,0.2523789450076551
20728.009423,-0.0,15873.654411947797,4854.355011052203,0.0,2025-05-01 03:00:00,5,1,3,2025-05-01,night_00_05,15873.654411947797,0.23419301448530622
21128.032444,-0.0,15873.654411947797,5254.378032052204,0.0,2025-05-01 04:00:00,5,1,4,2025-05-01,night_00_05,15873.654411947797,0.24869225499245942
21889.792329,-0.0,15873.654411947797,6016.137917052203,0.0,2025-05-01 05:00:00,5,1,5,2025-05-01,night_00_05,15873.654411947797,0.274837596749692
26978.7221069999,-0.0,15873.654411947797,11105.067695052103,0.0,2025-05-01 20:00:00,5,1,20,2025-05-01,evening_peak_16_20,15873.654411947797,0.4116231914546754
26500.127117,-0.0,15873.654411947797,10626.472705052203,0.0,2025-05-01 21:00:00,5,1,21,2025-05-01,late_evening_21_23,15873.654411947797,0.4009970464720999
25213.59038,-0.0,15873.654411947797,9339.935968052205,0.0,2025-05-01 22:00:00,5,1,22,2025-05-01,late_evening_21_23,15873.654411947797,0.3704326050866939
23809.628624,-0.0,15873.654411947797,7935.974212052204,0.0,2025-05-01 23:00:00,5,1,23,2025-05-01,late_evening_21_23,15873.654411947797,0.33330944960866704
22787.503061,-0.0,15873.654411947797,6913.848649052203,0.0,2025-05-02 00:00:00,5,2,0,2025-05-02,night_00_05,15873.654411947797,0.30340527571381914
21867.2143159999,-0.0,15873.654411947797,5993.559904052103,0.0,2025-05-02 01:00:00,5,2,1,2025-05-02,night_00_05,15873.654411947797,0.27408886278060157
21359.0653829999,-0.0,15873.654411947797,5485.4109710521025,0.0,2025-05-02 02:00:00,5,2,2,2025-05-02,night_00_05,15873.654411947797,0.2568188669630671
21111.137307,-0.0,15873.654411947797,5237.482895052204,0.0,2025-05-02 03:00:00,5,2,3,2025-05-02,night_00_05,15873.654411947797,0.24809098718312855
21168.211656,-0.0,15873.654411947797,5294.557244052203,0.0,2025-05-02 04:00:00,5,2,4,2025-05-02,night_00_05,15873.654411947797,0.2501183061702566
22207.0435349999,-0.0,15873.654411947797,6333.389123052102,0.0,2025-05-02 05:00:00,5,2,5,2025-05-02,night_00_05,15873.654411947797,0.28519731197312354
26913.308416,-0.0,15873.654411947797,11039.654004052203,0.0,2025-05-02 20:00:00,5,2,20,2025-05-02,evening_peak_16_20,15873.654411947797,0.4101931220573801
26422.9701409999,9.332403844164551,15873.654411947797,10539.983325207939,1.1553881526498828e-05,2025-05-02 21:00:00,5,2,21,2025-05-02,late_evening_21_23,15882.98681579196,0.39889472186373537
25311.936098,27.99721153249365,15873.654411947797,9410.284474519707,3.466164457949648e-05,2025-05-02 22:00:00,5,2,22,2025-05-02,late_evening_21_23,15901.651623480291,0.3717726071244014
24056.071583,59.10522434637548,15873.654411947797,8123.311946705829,7.317458300115923e-05,2025-05-02 23:00:00,5,2,23,2025-05-02,late_evening_21_23,15932.759636294171,0.33768239833666064
23084.628993,87.10243587882412,15873.654411947797,7123.872145173377,0.0001078362275806,2025-05-03 00:00:00,5,3,0,2025-05-03,night_00_05,15960.75684782662,0.30859807828549307
22240.683005,90.21323716023956,15873.654411947797,6276.815355891963,0.0001116875214228,2025-05-03 01:00:00,5,3,1,2025-05-03,night_00_05,15963.867649108037,0.2822222390598729
21275.200558,77.77003203470458,15873.654411947797,5323.776114017499,9.62823460541569e-05,2025-05-03 02:00:00,5,3,2,2025-05-03,night_00_05,15951.424443982502,0.2502338861391193
20787.639174,80.88083331607405,15873.654411947797,4833.103928736129,0.0001001336398963,2025-05-03 03:00:00,5,3,3,2025-05-03,night_00_05,15954.53524526387,0.23249893305734792
20429.740471,62.21602562776367,15873.654411947797,4493.87003342444,7.702587684332552e-05,2025-05-03 04:00:00,5,3,4,2025-05-03,night_00_05,15935.87043757556,0.21996706418289969
20901.926026,174.20487175772905,15873.654411947797,4854.066742294475,0.0002156724551613,2025-05-03 05:00:00,5,3,5,2025-05-03,night_00_05,16047.859283705526,0.23223059617838468
24141.16264,2426.424999482706,15873.654411947797,5841.083228569496,0.0030040091968896,2025-05-03 20:00:00,5,3,20,2025-05-03,evening_peak_16_20,18300.079411430503,0.2419553405804608
23753.570949,-0.0,15873.654411947797,7879.916537052204,0.0,2025-05-03 21:00:00,5,3,21,2025-05-03,late_evening_21_23,15873.654411947797,0.33173608102843755
22833.609223,-0.0,15873.654411947797,6959.954811052203,0.0,2025-05-03 22:00:00,5,3,22,2025-05-03,late_evening_21_23,15873.654411947797,0.3048118562019328
22033.911937,-0.0,15873.654411947797,6160.257525052204,0.0,2025-05-03 23:00:00,5,3,23,2025-05-03,late_evening_21_23,15873.654411947797,0.2795807454738764
21560.287583,-0.0,15873.654411947797,5686.6331710522045,0.0,2025-05-04 00:00:00,5,4,0,2025-05-04,night_00_05,15873.654411947797,0.26375497771820255
20963.274984,-0.0,15873.654411947797,5089.620572052203,0.0,2025-05-04 01:00:00,5,4,1,2025-05-04,night_00_05,15873.654411947797,0.24278747361453792
20495.974028,-0.0,15873.654411947797,4622.319616052204,0.0,2025-05-04 02:00:00,5,4,2,2025-05-04,night_00_05,15873.654411947797,0.2255232959281443
20146.5135979999,-0.0,15873.654411947797,4272.859186052103,0.0,2025-05-04 03:00:00,5,4,3,2025-05-04,night_00_05,15873.654411947797,0.21208926126435607
19785.2514549999,-0.0,15873.654411947797,3911.597043052103,0.0,2025-05-04 04:00:00,5,4,4,2025-05-04,night_00_05,15873.654411947797,0.19770267019091178
20079.877411,-0.0,15873.654411947797,4206.222999052205,0.0,2025-05-04 05:00:00,5,4,5,2025-05-04,night_00_05,15873.654411947797,0.20947453577321068
24453.272441,-0.0,15873.654411947797,8579.618029052204,0.0,2025-05-04 20:00:00,5,4,20,2025-05-04,evening_peak_16_20,15873.654411947797,0.3508576633149124
24262.177173,-0.0,15873.654411947797,8388.522761052203,0.0,2025-05-04 21:00:00,5,4,21,2025-05-04,late_evening_21_23,15873.654411947797,0.34574484809167555
22971.949273,-0.0,15873.654411947797,7098.294861052202,0.0,2025-05-04 22:00:00,5,4,22,2025-05-04,late_evening_21_23,15873.654411947797,0.30899836912817663
21652.66962,-0.0,15873.654411947797,5779.015208052204,0.0,2025-05-04 23:00:00,5,4,23,2025-05-04,late_evening_21_23,15873.654411947797,0.2668961984583314
21286.074475,-0.0,15873.654411947797,5412.420063052205,0.0,2025-05-05 00:00:00,5,5,0,2025-05-05,night_00_05,15873.654411947797,0.25427046538848513
20663.36989,-0.0,15873.654411947797,4789.715478052205,0.0,2025-05-05 01:00:00,5,5,1,2025-05-05,night_00_05,15873.654411947797,0.2317974030155739
20503.1869349999,-0.0,15873.654411947797,4629.532523052103,0.0,2025-05-05 02:00:00,5,5,2,2025-05-05,night_00_05,15873.654411947797,0.2257957525202716
20270.638613,-0.0,15873.654411947797,4396.9842010522025,0.0,2025-05-05 03:00:00,5,5,3,2025-05-05,night_00_05,15873.654411947797,0.21691394558395025
20651.240636,-0.0,15873.654411947797,4777.586224052202,0.0,2025-05-05 04:00:00,5,5,4,2025-05-05,night_00_05,15873.654411947797,0.23134620860132435
21758.872593,-0.0,15873.654411947797,5885.218181052203,0.0,2025-05-05 05:00:00,5,5,5,2025-05-05,night_00_05,15873.654411947797,0.2704744078948982
27180.247441,-0.0,15873.654411947797,11306.593029052203,0.0,2025-05-05 20:00:00,5,5,20,2025-05-05,evening_peak_16_20,15873.654411947797,0.41598565478829275
26432.047535,-0.0,15873.654411947797,10558.393123052205,0.0,2025-05-05 21:00:00,5,5,21,2025-05-05,late_evening_21_23,15873.654411947797,0.3994542272622394
24951.718016,-0.0,15873.654411947797,9078.063604052202,0.0,2025-05-05 22:00:00,5,5,22,2025-05-05,late_evening_21_23,15873.654411947797,0.3638251922465218
23749.135462,-0.0,15873.654411947797,7875.481050052202,0.0,2025-05-05 23:00:00,5,5,23,2025-05-05,late_evening_21_23,15873.654411947797,0.33161127328838685
22812.975419,-0.0,15873.654411947797,6939.321007052202,0.0,2025-05-06 00:00:00,5,6,0,2025-05-06,night_00_05,15873.654411947797,0.30418307474581874
22064.372637,-0.0,15873.654411947797,6190.718225052204,0.0,2025-05-06 01:00:00,5,6,1,2025-05-06,night_00_05,15873.654411947797,0.2805753114716218
20973.567669,-0.0,15873.654411947797,5099.913257052203,0.0,2025-05-06 02:00:00,5,6,2,2025-05-06,night_00_05,15873.654411947797,0.24315907229222306
20617.149386,-0.0,15873.654411947797,4743.494974052204,0.0,2025-05-06 03:00:00,5,6,3,2025-05-06,night_00_05,15873.654411947797,0.23007520997414205
20789.842763,-0.0,15873.654411947797,4916.188351052204,0.0,2025-05-06 04:00:00,5,6,4,2025-05-06,night_00_05,15873.654411947797,0.2364706846076594
22085.747298,-0.0,15873.654411947797,6212.092886052202,0.0,2025-05-06 05:00:00,5,6,5,2025-05-06,night_00_05,15873.654411947797,0.2812715731205865
27129.535795,-0.0,15873.654411947797,11255.881383052203,0.0,2025-05-06 20:00:00,5,6,20,2025-05-06,evening_peak_16_20,15873.654411947797,0.4148939911137983
26639.358781,115.09964741132062,15873.654411947797,10650.604721640882,0.0001424978721601,2025-05-06 21:00:00,5,6,21,2025-05-06,late_evening_21_23,15988.754059359117,0.39980709780586826
25090.19058,-0.0,15873.654411947797,9216.536168052202,0.0,2025-05-06 22:00:00,5,6,22,2025-05-06,late_evening_21_23,15873.654411947797,0.36733623599491216
23536.890302,-0.0,15873.654411947797,7663.235890052203,0.0,2025-05-06 23:00:00,5,6,23,2025-05-06,late_evening_21_23,15873.654411947797,0.32558404240007166
22887.667984,-0.0,15873.654411947797,7014.013572052203,0.0,2025-05-07 00:00:00,5,7,0,2025-05-07,night_00_05,15873.654411947797,0.30645383255976383
22198.0633919999,-0.0,15873.654411947797,6324.408980052105,0.0,2025-05-07 01:00:00,5,7,1,2025-05-07,night_00_05,15873.654411947797,0.28490814123593317
21270.917348,-0.0,15873.654411947797,5397.262936052202,0.0,2025-05-07 02:00:00,5,7,2,2025-05-07,night_00_05,15873.654411947797,0.25373907705770293
20986.45689,-0.0,15873.654411947797,5112.802478052205,0.0,2025-05-07 03:00:00,5,7,3,2025-05-07,night_00_05,15873.654411947797,0.24362390015860386
21232.08121,-0.0,15873.654411947797,5358.426798052204,0.0,2025-05-07 04:00:00,5,7,4,2025-05-07,night_00_05,15873.654411947797,0.2523740722849375
22182.299531,-0.0,15873.654411947797,6308.645119052204,0.0,2025-05-07 05:00:00,5,7,5,2025-05-07,night_00_05,15873.654411947797,0.28439996088934805
27323.399478,2177.560896971653,15873.654411947797,9272.184169080549,0.0026959056895163,2025-05-07 20:00:00,5,7,20,2025-05-07,evening_peak_16_20,18051.21530891945,0.3393495811729518
26749.753516,-0.0,15873.654411947797,10876.099104052204,0.0,2025-05-07 21:00:00,5,7,21,2025-05-07,late_evening_21_23,15873.654411947797,0.4065868905127224
25373.5089559999,-0.0,15873.654411947797,9499.854544052103,0.0,2025-05-07 22:00:00,5,7,22,2025-05-07,late_evening_21_23,15873.654411947797,0.3744005041055127
23839.969733,-0.0,15873.654411947797,7966.315321052205,0.0,2025-05-07 23:00:00,5,7,23,2025-05-07,late_evening_21_23,15873.654411947797,0.3341579460994446
23072.989689,-0.0,15873.654411947797,7199.335277052205,0.0,2025-05-08 00:00:00,5,8,0,2025-05-08,night_00_05,15873.654411947797,0.3120243788989544
22265.954636,-0.0,15873.654411947797,6392.300224052202,0.0,2025-05-08 01:00:00,5,8,1,2025-05-08,night_00_05,15873.654411947797,0.2870885317316247
21379.534474,-0.0,15873.654411947797,5505.880062052203,0.0,2025-05-08 02:00:00,5,8,2,2025-05-08,night_00_05,15873.654411947797,0.2575303998666572
20898.516432,-0.0,15873.654411947797,5024.862020052204,0.0,2025-05-08 03:00:00,5,8,3,2025-05-08,night_00_05,15873.654411947797,0.24044108759596394
21062.1413609999,-0.0,15873.654411947797,5188.486949052103,0.0,2025-05-08 04:00:00,5,8,4,2025-05-08,night_00_05,15873.654411947797,0.2463418538562969
22042.219516,-0.0,15873.654411947797,6168.565104052204,0.0,2025-05-08 05:00:00,5,8,5,2025-05-08,night_00_05,15873.654411947797,0.27985226712648276
29101.807002,-0.0,15873.654411947797,13228.152590052205,0.0,2025-05-08 20:00:00,5,8,20,2025-05-08,evening_peak_16_20,15873.654411947797,0.45454746466922513
28270.6149229999,-0.0,15873.654411947797,12396.960511052102,0.0,2025-05-08 21:00:00,5,8,21,2025-05-08,late_evening_21_23,15873.654411947797,0.43851046554231143
26647.985241,-0.0,15873.654411947797,10774.330829052202,0.0,2025-05-08 22:00:00,5,8,22,2025-05-08,late_evening_21_23,15873.654411947797,0.4043206543238044
25030.322377,-0.0,15873.654411947797,9156.667965052204,0.0,2025-05-08 23:00:00,5,8,23,2025-05-08,late_evening_21_23,15873.654411947797,0.36582301366865866
24119.604866,-0.0,15873.654411947797,8245.950454052205,0.0,2025-05-09 00:00:00,5,9,0,2025-05-09,night_00_05,15873.654411947797,0.3418775100116188
22936.151893,-0.0,15873.654411947797,7062.497481052202,0.0,2025-05-09 01:00:00,5,9,1,2025-05-09,night_00_05,15873.654411947797,0.30791989493266486
21913.69476,-0.0,15873.654411947797,6040.040348052202,0.0,2025-05-09 02:00:00,5,9,2,2025-05-09,night_00_05,15873.654411947797,0.2756285699058538
21492.1479259999,-0.0,15873.654411947797,5618.493514052103,0.0,2025-05-09 03:00:00,5,9,3,2025-05-09,night_00_05,15873.654411947797,0.26142075391427905
21409.42604,-0.0,15873.654411947797,5535.771628052202,0.0,2025-05-09 04:00:00,5,9,4,2025-05-09,night_00_05,15873.654411947797,0.2585670263980698
22315.329281,27.99721153249365,15873.654411947797,6413.677657519708,3.466164457949648e-05,2025-05-09 05:00:00,5,9,5,2025-05-09,night_00_05,15901.651623480291,0.28741129367875934
31601.550199,1337.6445509968391,15873.654411947797,14390.251236055365,0.0016560563521314,2025-05-09 20:00:00,5,9,20,2025-05-09,evening_peak_16_20,17211.298962944635,0.4553653585168341
30402.117086,-0.0,15873.654411947797,14528.462674052202,0.0,2025-05-09 21:00:00,5,9,21,2025-05-09,late_evening_21_23,15873.654411947797,0.47787667657995025
28594.280722,-0.0,15873.654411947797,12720.626310052203,0.0,2025-05-09 22:00:00,5,9,22,2025-05-09,late_evening_21_23,15873.654411947797,0.44486610569872276
26744.489304,-0.0,15873.654411947797,10870.834892052202,0.0,2025-05-09 23:00:00,5,9,23,2025-05-09,late_evening_21_23,15873.654411947797,0.4064700869209091
25390.584203,-0.0,15873.654411947797,9516.929791052202,0.0,2025-05-10 00:00:00,5,10,0,2025-05-10,night_00_05,15873.654411947797,0.37482122171603044
24139.14427,-0.0,15873.654411947797,8265.489858052204,0.0,2025-05-10 01:00:00,5,10,1,2025-05-10,night_00_05,15873.654411947797,0.3424102265433042
23064.7131529999,-0.0,15873.654411947797,7191.058741052102,0.0,2025-05-10 02:00:00,5,10,2,2025-05-10,night_00_05,15873.654411947797,0.31177750589613556
22160.45364,-0.0,15873.654411947797,6286.799228052203,0.0,2025-05-10 03:00:00,5,10,3,2025-05-10,night_00_05,15873.654411947797,0.2836945186313525
21607.313355,-0.0,15873.654411947797,5733.658943052202,0.0,2025-05-10 04:00:00,5,10,4,2025-05-10,night_00_05,15873.654411947797,0.2653573282735503
21660.793227,34.21881409527001,15873.654411947797,5752.920000956931,4.236423226382903e-05,2025-05-10 05:00:00,5,10,5,2025-05-10,night_00_05,15907.873226043066,0.26559138165752694
31697.719123,622.1602562775921,15873.654411947797,15201.90445477461,0.0007702587684332,2025-05-10 20:00:00,5,10,20,2025-05-10,evening_peak_16_20,16495.81466822539,0.47958985300440893
30387.680317,-0.0,15873.654411947797,14514.025905052202,0.0,2025-05-10 21:00:00,5,10,21,2025-05-10,late_evening_21_23,15873.654411947797,0.47762862296970116
28202.631126,-0.0,15873.654411947797,12328.976714052204,0.0,2025-05-10 22:00:00,5,10,22,2025-05-10,late_evening_21_23,15873.654411947797,0.4371569680492017
26691.212348,-0.0,15873.654411947797,10817.557936052204,0.0,2025-05-10 23:00:00,5,10,23,2025-05-10,late_evening_21_23,15873.654411947797,0.4052853723919653
24631.426214,-0.0,15873.654411947797,8757.771802052202,0.0,2025-05-11 00:00:00,5,11,0,2025-05-11,night_00_05,15873.654411947797,0.35555276929414925
23495.844207,-0.0,15873.654411947797,7622.189795052202,0.0,2025-05-11 01:00:00,5,11,1,2025-05-11,night_00_05,15873.654411947797,0.32440587058290765
22185.995203,-0.0,15873.654411947797,6312.340791052202,0.0,2025-05-11 02:00:00,5,11,2,2025-05-11,night_00_05,15873.654411947797,0.2845191632511777
21576.219473,-0.0,15873.654411947797,5702.565061052204,0.0,2025-05-11 03:00:00,5,11,3,2025-05-11,night_00_05,15873.654411947797,0.2642986213682275
21285.345567,-0.0,15873.654411947797,5411.691155052204,0.0,2025-05-11 04:00:00,5,11,4,2025-05-11,night_00_05,15873.654411947797,0.2542449281839373
21015.974242,-0.0,15873.654411947797,5142.3198300522035,0.0,2025-05-11 05:00:00,5,11,5,2025-05-11,night_00_05,15873.654411947797,0.24468624536926684
27672.899609,-0.0,15873.654411947797,11799.245197052203,0.0,2025-05-11 20:00:00,5,11,20,2025-05-11,evening_peak_16_20,15873.654411947797,0.42638268355567477
26960.022642,-0.0,15873.654411947797,11086.368230052203,0.0,2025-05-11 21:00:00,5,11,21,2025-05-11,late_evening_21_23,15873.654411947797,0.4112150934465897
25354.002679,-0.0,15873.654411947797,9480.348267052204,0.0,2025-05-11 22:00:00,5,11,22,2025-05-11,late_evening_21_23,15873.654411947797,0.3739191948143362
23787.272902,-0.0,15873.654411947797,7913.618490052204,0.0,2025-05-11 23:00:00,5,11,23,2025-05-11,late_evening_21_23,15873.654411947797,0.33268288141541597
23046.584313,-0.0,15873.654411947797,7172.929901052203,0.0,2025-05-12 00:00:00,5,12,0,2025-05-12,night_00_05,15873.654411947797,0.3112361382335574
22155.793277,-0.0,15873.654411947797,6282.138865052204,0.0,2025-05-12 01:00:00,5,12,1,2025-05-12,night_00_05,15873.654411947797,0.28354384726877335
21197.8455909999,-0.0,15873.654411947797,5324.191179052103,0.0,2025-05-12 02:00:00,5,12,2,2025-05-12,night_00_05,15873.654411947797,0.25116661767328974
21136.520444,-0.0,15873.654411947797,5262.866032052205,0.0,2025-05-12 03:00:00,5,12,3,2025-05-12,night_00_05,15873.654411947797,0.24899396501878662
21173.724797,-0.0,15873.654411947797,5300.070385052202,0.0,2025-05-12 04:00:00,5,12,4,2025-05-12,night_00_05,15873.654411947797,0.25031355776396713
21846.552345,192.86967944606002,15873.654411947797,5780.028253606143,0.0002387802182143,2025-05-12 05:00:00,5,12,5,2025-05-12,night_00_05,16066.524091393856,0.2645739319563168
26811.90128,-0.0,15873.654411947797,10938.246868052202,0.0,2025-05-12 20:00:00,5,12,20,2025-05-12,evening_peak_16_20,15873.654411947797,0.40796237289637677
26397.052309,-0.0,15873.654411947797,10523.397897052202,0.0,2025-05-12 21:00:00,5,12,21,2025-05-12,late_evening_21_23,15873.654411947797,0.3986580688581005
25095.219566,-0.0,15873.654411947797,9221.565154052203,0.0,2025-05-12 22:00:00,5,12,22,2025-05-12,late_evening_21_23,15873.654411947797,0.36746301939298215
24009.952,-0.0,15873.654411947797,8136.297588052204,0.0,2025-05-12 23:00:00,5,12,23,2025-05-12,late_evening_21_23,15873.654411947797,0.3388718806290077
22964.574063,-0.0,15873.654411947797,7090.919651052203,0.0,2025-05-13 00:00:00,5,13,0,2025-05-13,night_00_05,15873.654411947797,0.3087764498309129
22228.876848,-0.0,15873.654411947797,6355.222436052203,0.0,2025-05-13 01:00:00,5,13,1,2025-05-13,night_00_05,15873.654411947797,0.2858993947156625
21373.773731,-0.0,15873.654411947797,5500.119319052204,0.0,2025-05-13 02:00:00,5,13,2,2025-05-13,night_00_05,15873.654411947797,0.25733028655931567
20993.888545,-0.0,15873.654411947797,5120.234133052205,0.0,2025-05-13 03:00:00,5,13,3,2025-05-13,night_00_05,15873.654411947797,0.24389165075717537
21086.348512,-0.0,15873.654411947797,5212.694100052204,0.0,2025-05-13 04:00:00,5,13,4,2025-05-13,night_00_05,15873.654411947797,0.2472070542268482
21920.245232,15.554006406940918,15873.654411947797,6031.0368136452635,1.925646921083138e-05,2025-05-13 05:00:00,5,13,5,2025-05-13,night_00_05,15889.208418354738,0.2751354626653961
26594.232479,398.18256401762017,15873.654411947797,10322.395503034582,0.0004929656117972,2025-05-13 20:00:00,5,13,20,2025-05-13,evening_peak_16_20,16271.836975965416,0.38814414032010924
26154.404831,-0.0,15873.654411947797,10280.750419052203,0.0,2025-05-13 21:00:00,5,13,21,2025-05-13,late_evening_21_23,15873.654411947797,0.3930791193866798
24714.368062,-0.0,15873.654411947797,8840.713650052205,0.0,2025-05-13 22:00:00,5,13,22,2025-05-13,late_evening_21_23,15873.654411947797,0.3577155453812875
23493.7182699999,-0.0,15873.654411947797,7620.063858052103,0.0,2025-05-13 23:00:00,5,13,23,2025-05-13,late_evening_21_23,15873.654411947797,0.32434473634522454
22937.99771,-0.0,15873.654411947797,7064.343298052203,0.0,2025-05-14 00:00:00,5,14,0,2025-05-14,night_00_05,15873.654411947797,0.30797558650781653
22403.7828769999,-0.0,15873.654411947797,6530.128465052103,0.0,2025-05-14 01:00:00,5,14,1,2025-05-14,night_00_05,15873.654411947797,0.29147436845391156
21489.354528,-0.0,15873.654411947797,5615.700116052203,0.0,2025-05-14 02:00:00,5,14,2,2025-05-14,night_00_05,15873.654411947797,0.26132474610789774
21100.971451,-0.0,15873.654411947797,5227.317039052205,0.0,2025-05-14 03:00:00,5,14,3,2025-05-14,night_00_05,15873.654411947797,0.2477287385176039
21405.043933,-0.0,15873.654411947797,5531.389521052204,0.0,2025-05-14 04:00:00,5,14,4,2025-05-14,night_00_05,15873.654411947797,0.2584152379395261
22320.651036,264.4181089179686,15873.654411947797,6182.578515134234,0.0003273599765841,2025-05-14 05:00:00,5,14,5,2025-05-14,night_00_05,16138.072520865766,0.2769891660042812
27130.148577,9363.511856978359,15873.654411947797,1892.9823080738443,0.0115923944649204,2025-05-14 20:00:00,5,14,20,2025-05-14,evening_peak_16_20,25237.166268926157,0.06977412241961141
26684.2350099999,1807.3755444865294,15873.654411947797,9003.205053565573,0.0022376017222986,2025-05-14 21:00:00,5,14,21,2025-05-14,late_evening_21_23,17681.029956434326,0.3373979074233017
25714.122617,1732.7163137332057,15873.654411947797,8107.751891318999,0.0021451706700866,2025-05-14 22:00:00,5,14,22,2025-05-14,late_evening_21_23,17606.370725681,0.3153034623066952
24124.367034,1760.7135252657022,15873.654411947797,6489.9990967865,0.0021798323146661,2025-05-14 23:00:00,5,14,23,2025-05-14,late_evening_21_23,17634.367937213497,0.2690225649294646
23469.224692,1785.599935516783,15873.654411947797,5809.97034453542,0.0022106426654034,2025-05-15 00:00:00,5,15,0,2025-05-15,night_00_05,17659.25434746458,0.24755697816110114
22552.374673,1754.4919227028713,15873.654411947797,4924.22833834933,0.0021721297269817,2025-05-15 01:00:00,5,15,1,2025-05-15,night_00_05,17628.146334650668,0.21834633424411318
21668.07953,1723.38390988904,15873.654411947797,4071.041208163162,0.0021336167885601,2025-05-15 02:00:00,5,15,2,2025-05-15,night_00_05,17597.038321836837,0.18788195799847898
21189.3972159999,1754.4919227028713,15873.654411947797,3561.2508813492313,0.0021721297269817,2025-05-15 03:00:00,5,15,3,2025-05-15,night_00_05,17628.146334650668,0.16806758800387991
21474.124516,1748.2703201401212,15873.654411947797,3852.1997839120822,0.0021644271392974,2025-05-15 04:00:00,5,15,4,2025-05-15,night_00_05,17621.92473208792,0.17938797835701636
22361.27832,2516.6382366430266,15873.654411947797,3970.985671409178,0.0031156967183125,2025-05-15 05:00:00,5,15,5,2025-05-15,night_00_05,18390.292648590825,0.1775831244789577
28013.459788,1975.3588136814276,15873.654411947797,10164.446562370777,0.0024455715897755,2025-05-15 20:00:00,5,15,20,2025-05-15,evening_peak_16_20,17849.013225629224,0.362841528297225
27446.511992,1060.7832369533705,15873.654411947797,10512.074343098833,0.0013132912001787,2025-05-15 21:00:00,5,15,21,2025-05-15,late_evening_21_23,16934.437648901167,0.38300219518468687
26070.3773139999,1147.8856728321948,15873.654411947797,9048.837229219907,0.0014211274277593,2025-05-15 22:00:00,5,15,22,2025-05-15,late_evening_21_23,17021.54008477999,0.34709268378561764
24436.605473,1160.3288779577756,15873.654411947797,7402.622183094427,0.001436532603128,2025-05-15 23:00:00,5,15,23,2025-05-15,late_evening_21_23,17033.983289905573,0.30293168956193944
23901.939603,1182.104486927441,15873.654411947797,6846.180704124761,0.0014634916600231,2025-05-16 00:00:00,5,16,0,2025-05-16,night_00_05,17055.75889887524,0.28642783045378784
22891.705977,1110.5560574555325,15873.654411947797,5907.495507596672,0.0013749119016533,2025-05-16 01:00:00,5,16,1,2025-05-16,night_00_05,16984.21046940333,0.25806270242733825
22001.599022,1129.2208651438636,15873.654411947797,4998.723744908339,0.0013980196647063,2025-05-16 02:00:00,5,16,2,2025-05-16,night_00_05,17002.87527709166,0.2271982022720248
21695.149797,1150.99647411361,15873.654411947797,4670.4989109385915,0.0014249787216015,2025-05-16 03:00:00,5,16,3,2025-05-16,night_00_05,17024.650886061405,0.21527848180999548
21468.631741,1141.6640702694444,15873.654411947797,4453.31325878276,0.001413424840075,2025-05-16 04:00:00,5,16,4,2025-05-16,night_00_05,17015.31848221724,0.2074334923859161
22365.783613,2028.2424354650861,15873.654411947797,4463.886765587116,0.0025110435850924,2025-05-16 05:00:00,5,16,5,2025-05-16,night_00_05,17901.89684741288,0.19958552952253836
27618.179396,435.5121793942822,15873.654411947797,11309.012804657921,0.0005391811379032,2025-05-16 20:00:00,5,16,20,2025-05-16,evening_peak_16_20,16309.166591342078,0.40947712890502225
27132.24759,-0.0,15873.654411947797,11258.593178052202,0.0,2025-05-16 21:00:00,5,16,21,2025-05-16,late_evening_21_23,15873.654411947797,0.41495247088198206
25731.546373,-0.0,15873.654411947797,9857.891961052204,0.0,2025-05-16 22:00:00,5,16,22,2025-05-16,late_evening_21_23,15873.654411947797,0.38310530654294633
24641.044562,-0.0,15873.654411947797,8767.390150052202,0.0,2025-05-16 23:00:00,5,16,23,2025-05-16,late_evening_21_23,15873.654411947797,0.35580432184976307
23737.972096,-0.0,15873.654411947797,7864.317684052205,0.0,2025-05-17 00:00:00,5,17,0,2025-05-17,night_00_05,15873.654411947797,0.33129694702848655
22718.037153,-0.0,15873.654411947797,6844.382741052204,0.0,2025-05-17 01:00:00,5,17,1,2025-05-17,night_00_05,15873.654411947797,0.3012752684114868
21694.381667,-0.0,15873.654411947797,5820.727255052205,0.0,2025-05-17 02:00:00,5,17,2,2025-05-17,night_00_05,15873.654411947797,0.2683057459022349
21140.548637,-0.0,15873.654411947797,5266.894225052203,0.0,2025-05-17 03:00:00,5,17,3,2025-05-17,night_00_05,15873.654411947797,0.2491370642970983
20888.278366,-0.0,15873.654411947797,5014.623954052202,0.0,2025-05-17 04:00:00,5,17,4,2025-05-17,night_00_05,15873.654411947797,0.2400688015635861
21257.059057,311.08012813879606,15873.654411947797,5072.324516913406,0.0003851293842166,2025-05-17 05:00:00,5,17,5,2025-05-17,night_00_05,16184.734540086592,0.2386183574742
24700.885157,-0.0,15873.654411947797,8827.230745052204,0.0,2025-05-17 20:00:00,5,17,20,2025-05-17,evening_peak_16_20,15873.654411947797,0.35736495631415255
24447.625769,-0.0,15873.654411947797,8573.971357052202,0.0,2025-05-17 21:00:00,5,17,21,2025-05-17,late_evening_21_23,15873.654411947797,0.35070773080648765
23569.9704799999,-0.0,15873.654411947797,7696.316068052105,0.0,2025-05-17 22:00:00,5,17,22,2025-05-17,late_evening_21_23,15873.654411947797,0.3265305773116156
22600.3581849999,-0.0,15873.654411947797,6726.703773052102,0.0,2025-05-17 23:00:00,5,17,23,2025-05-17,late_evening_21_23,15873.654411947797,0.2976370426516819
21836.065402,-0.0,15873.654411947797,5962.4109900522035,0.0,2025-05-18 00:00:00,5,18,0,2025-05-18,night_00_05,15873.654411947797,0.2730533582989771
21017.039223,-0.0,15873.654411947797,5143.384811052203,0.0,2025-05-18 01:00:00,5,18,1,2025-05-18,night_00_05,15873.654411947797,0.2447245188286816
20209.210906,-0.0,15873.654411947797,4335.556494052204,0.0,2025-05-18 02:00:00,5,18,2,2025-05-18,night_00_05,15873.654411947797,0.2145336853684377
19794.874505,-0.0,15873.654411947797,3921.220093052203,0.0,2025-05-18 03:00:00,5,18,3,2025-05-18,night_00_05,15873.654411947797,0.1980926977870832
19619.671297,-0.0,15873.654411947797,3746.016885052204,0.0,2025-05-18 04:00:00,5,18,4,2025-05-18,night_00_05,15873.654411947797,0.19093168424411877
20246.04958,407.5149678617857,15873.654411947797,3964.8802001904164,0.0005045194933237,2025-05-18 05:00:00,5,18,5,2025-05-18,night_00_05,16281.169379809582,0.19583475702376585
25511.311517,12.443205125552732,15873.654411947797,9625.213899926648,1.54051753686651e-05,2025-05-18 20:00:00,5,18,20,2025-05-18,evening_peak_16_20,15886.09761707335,0.37729200607787977
25327.105562,-0.0,15873.654411947797,9453.451150052204,0.0,2025-05-18 21:00:00,5,18,21,2025-05-18,late_evening_21_23,15873.654411947797,0.37325430365149453
23963.794959,-0.0,15873.654411947797,8090.140547052202,0.0,2025-05-18 22:00:00,5,18,22,2025-05-18,late_evening_21_23,15873.654411947797,0.33759847139794597
22300.020092,-0.0,15873.654411947797,6426.365680052202,0.0,2025-05-18 23:00:00,5,18,23,2025-05-18,late_evening_21_23,15873.654411947797,0.2881775735420805
21547.178555,-0.0,15873.654411947797,5673.524143052202,0.0,2025-05-19 00:00:00,5,19,0,2025-05-19,night_00_05,15873.654411947797,0.263307055657905
20931.946489,-0.0,15873.654411947797,5058.292077052205,0.0,2025-05-19 01:00:00,5,19,1,2025-05-19,night_00_05,15873.654411947797,0.2416541662625786
20122.748819,-0.0,15873.654411947797,4249.094407052204,0.0,2025-05-19 02:00:00,5,19,2,2025-05-19,night_00_05,15873.654411947797,0.2111587460178496
19881.180232,-0.0,15873.654411947797,4007.525820052202,0.0,2025-05-19 03:00:00,5,19,3,2025-05-19,night_00_05,15873.654411947797,0.2015738388409074
20487.329278,-0.0,15873.654411947797,4613.674866052204,0.0,2025-05-19 04:00:00,5,19,4,2025-05-19,night_00_05,15873.654411947797,0.22519650089319
21644.9509,519.5038139917716,15873.654411947797,5251.792674060432,0.0006431660716417,2025-05-19 05:00:00,5,19,5,2025-05-19,night_00_05,16393.15822593957,0.24263361457015048
29657.373019,1919.3643906164348,15873.654411947797,11864.354216435768,0.0023762483006165,2025-05-19 20:00:00,5,19,20,2025-05-19,evening_peak_16_20,17793.01880256423,0.4000473746894193
28982.964307,1598.9518586334732,15873.654411947797,11510.35803641873,0.0019795650348734,2025-05-19 21:00:00,5,19,21,2025-05-19,late_evening_21_23,17472.60627058127,0.3971421941005094
27067.7250299999,1766.9351278284519,15873.654411947797,9427.13549022365,0.0021875349023504,2025-05-19 22:00:00,5,19,22,2025-05-19,late_evening_21_23,17640.589539776247,0.3482795646762075
25347.749472,1754.4919227028713,15873.654411947797,7719.6031373493315,0.0021721297269817,2025-05-19 23:00:00,5,19,23,2025-05-19,late_evening_21_23,17628.146334650668,0.30454787103985986
24481.94353,1782.4891342353676,15873.654411947797,6825.799983816836,0.0022067913715612,2025-05-20 00:00:00,5,20,0,2025-05-20,night_00_05,17656.143546183164,0.2788095632788528
23521.228491,1776.2675316726177,15873.654411947797,5871.306547379587,0.0021990887838769,2025-05-20 01:00:00,5,20,1,2025-05-20,night_00_05,17649.921943620415,0.24961734246262446
22558.545693,1757.6027239842865,15873.654411947797,4927.288557067917,0.0021759810208239,2025-05-20 02:00:00,5,20,2,2025-05-20,night_00_05,17631.257135932083,0.2184222610856015
22214.650429,1807.3755444865294,15873.654411947797,4533.620472565675,0.0022376017222986,2025-05-20 03:00:00,5,20,3,2025-05-20,night_00_05,17681.029956434326,0.20408245842335127
22252.969384,1791.8215380795334,15873.654411947797,4587.49343397267,0.0022183452530877,2025-05-20 04:00:00,5,20,4,2025-05-20,night_00_05,17665.47595002733,0.20615196807267894
23288.530197,2914.8208006607274,15873.654411947797,4500.054984391476,0.0036086623301098,2025-05-20 05:00:00,5,20,5,2025-05-20,night_00_05,18788.475212608522,0.19323052791760845
31149.230776,2249.1093264436427,15873.654411947797,13026.467037608561,0.0027844854478862,2025-05-20 20:00:00,5,20,20,2025-05-20,evening_peak_16_20,18122.76373839144,0.4181954646419472
30448.259101,1776.2675316726177,15873.654411947797,12798.337157379585,0.0021990887838769,2025-05-20 21:00:00,5,20,21,2025-05-20,late_evening_21_23,17649.921943620415,0.4203306702996118
28470.292298,1969.1372111186777,15873.654411947797,10627.500674933526,0.0024378690020912,2025-05-20 22:00:00,5,20,22,2025-05-20,late_evening_21_23,17842.791623066474,0.37328386248005235
26340.1643659999,1953.5832047117622,15873.654411947797,8512.92674934034,0.0024186125328804,2025-05-20 23:00:00,5,20,23,2025-05-20,late_evening_21_23,17827.23761665956,0.3231918613358729
25327.399115,1984.6912175255934,15873.654411947797,7469.0534855266105,0.002457125471302,2025-05-21 00:00:00,5,21,0,2025-05-21,night_00_05,17858.34562947339,0.29490013765776324
24190.200686,659.4898716542541,15873.654411947797,7657.05640239795,0.0008164742945392,2025-05-21 01:00:00,5,21,1,2025-05-21,night_00_05,16533.14428360205,0.3165354641654315
23234.045719,-0.0,15873.654411947797,7360.391307052205,0.0,2025-05-21 02:00:00,5,21,2,2025-05-21,night_00_05,15873.654411947797,0.31679335558133687
22469.981759,-0.0,15873.654411947797,6596.327347052202,0.0,2025-05-21 03:00:00,5,21,3,2025-05-21,night_00_05,15873.654411947797,0.2935617579845229
22500.0712849999,-0.0,15873.654411947797,6626.416873052103,0.0,2025-05-21 04:00:00,5,21,4,2025-05-21,night_00_05,15873.654411947797,0.2945064835181091
23330.003285,749.7031088144937,15873.654411947797,6706.645764237708,0.000928161815962,2025-05-21 05:00:00,5,21,5,2025-05-21,night_00_05,16623.35752076229,0.2874687020961432
31846.487573,124.43205125548612,15873.654411947797,15848.401109796716,0.0001540517536866,2025-05-21 20:00:00,5,21,20,2025-05-21,evening_peak_16_20,15998.086463203283,0.49764989226734263
30957.25235,-0.0,15873.654411947797,15083.597938052202,0.0,2025-05-21 21:00:00,5,21,21,2025-05-21,late_evening_21_23,15873.654411947797,0.4872395575524067
28836.264408,-0.0,15873.654411947797,12962.609996052202,0.0,2025-05-21 22:00:00,5,21,22,2025-05-21,late_evening_21_23,15873.654411947797,0.44952459211242374
26692.234911,-0.0,15873.654411947797,10818.580499052203,0.0,2025-05-21 23:00:00,5,21,23,2025-05-21,late_evening_21_23,15873.654411947797,0.40530815554128863
25435.873892,-0.0,15873.654411947797,9562.219480052203,0.0,2025-05-22 00:00:00,5,22,0,2025-05-22,night_00_05,15873.654411947797,0.3759343799490875
23990.4456799999,-0.0,15873.654411947797,8116.791268052102,0.0,2025-05-22 01:00:00,5,22,1,2025-05-22,night_00_05,15873.654411947797,0.33833432593621315
23145.499408,-0.0,15873.654411947797,7271.844996052203,0.0,2025-05-22 02:00:00,5,22,2,2025-05-22,night_00_05,15873.654411947797,0.31417965401683084
22575.071334,-0.0,15873.654411947797,6701.4169220522035,0.0,2025-05-22 03:00:00,5,22,3,2025-05-22,night_00_05,15873.654411947797,0.29685030992390676
22559.760623,-0.0,15873.654411947797,6686.106211052202,0.0,2025-05-22 04:00:00,5,22,4,2025-05-22,night_00_05,15873.654411947797,0.29637310088457325
23465.206672,1154.1072753949447,15873.654411947797,6437.444984657259,0.0014288300154436,2025-05-22 05:00:00,5,22,5,2025-05-22,night_00_05,17027.76168734274,0.27434000793774294
30101.318988,149.3184615065672,15873.654411947797,14078.346114545635,0.0001848621044239,2025-05-22 20:00:00,5,22,20,2025-05-22,evening_peak_16_20,16022.972873454364,0.46769864537025835
29723.509891,-0.0,15873.654411947797,13849.855479052205,0.0,2025-05-22 21:00:00,5,22,21,2025-05-22,late_evening_21_23,15873.654411947797,0.4659562591982386
27814.584155,-0.0,15873.654411947797,11940.929743052204,0.0,2025-05-22 22:00:00,5,22,22,2025-05-22,late_evening_21_23,15873.654411947797,0.42930462941707076
26375.647999,-0.0,15873.654411947797,10501.993587052204,0.0,2025-05-22 23:00:00,5,22,23,2025-05-22,late_evening_21_23,15873.654411947797,0.39817006912779446
24879.529948,-0.0,15873.654411947797,9005.875536052203,0.0,2025-05-23 00:00:00,5,23,0,2025-05-23,night_00_05,15873.654411947797,0.36197932818164685
23554.313174,-0.0,15873.654411947797,7680.658762052202,0.0,2025-05-23 01:00:00,5,23,1,2025-05-23,night_00_05,15873.654411947797,0.3260829006268949
22764.120833,-0.0,15873.654411947797,6890.466421052204,0.0,2025-05-23 02:00:00,5,23,2,2025-05-23,night_00_05,15873.654411947797,0.3026897665673713
22263.679675,-0.0,15873.654411947797,6390.025263052203,0.0,2025-05-23 03:00:00,5,23,3,2025-05-23,night_00_05,15873.654411947797,0.2870156845738126
22395.570559,-0.0,15873.654411947797,6521.916147052203,0.0,2025-05-23 04:00:00,5,23,4,2025-05-23,night_00_05,15873.654411947797,0.2912145564619818
23159.955492,1079.4480446416208,15873.654411947797,6206.853035410583,0.0013363989632316,2025-05-23 05:00:00,5,23,5,2025-05-23,night_00_05,16953.10245658942,0.2679993507567222
28156.240863,189.75887816464459,15873.654411947797,12092.827572887558,0.0002349289243721,2025-05-23 20:00:00,5,23,20,2025-05-23,evening_peak_16_20,16063.413290112441,0.42949013086397814
27952.695958,-0.0,15873.654411947797,12079.041546052204,0.0,2025-05-23 21:00:00,5,23,21,2025-05-23,late_evening_21_23,15873.654411947797,0.4321243848608173
26666.954344,-0.0,15873.654411947797,10793.299932052205,0.0,2025-05-23 22:00:00,5,23,22,2025-05-23,late_evening_21_23,15873.654411947797,0.4047443811100487
25190.943226,-0.0,15873.654411947797,9317.288814052203,0.0,2025-05-23 23:00:00,5,23,23,2025-05-23,late_evening_21_23,15873.654411947797,0.3698666116017312
24100.59515,-0.0,15873.654411947797,8226.940738052204,0.0,2025-05-24 00:00:00,5,24,0,2025-05-24,night_00_05,15873.654411947797,0.34135840575091375
23084.2520679999,-0.0,15873.654411947797,7210.597656052103,0.0,2025-05-24 01:00:00,5,24,1,2025-05-24,night_00_05,15873.654411947797,0.3123600294612818
22173.01307,-0.0,15873.654411947797,6299.358658052204,0.0,2025-05-24 02:00:00,5,24,2,2025-05-24,night_00_05,15873.654411947797,0.2841002545826851
21611.117146,-0.0,15873.654411947797,5737.462734052204,0.0,2025-05-24 03:00:00,5,24,3,2025-05-24,night_00_05,15873.654411947797,0.265486633351305
21377.760575,-0.0,15873.654411947797,5504.106163052204,0.0,2025-05-24 04:00:00,5,24,4,2025-05-24,night_00_05,15873.654411947797,0.25746879069685735
21574.725489,382.6285576107046,15873.654411947797,5318.442519441499,0.0004737091425864,2025-05-24 05:00:00,5,24,5,2025-05-24,night_00_05,16256.2829695585,0.24651263915979546
26112.944624,46.66201922082274,15873.654411947797,10192.62819283138,5.776940763249413e-05,2025-05-24 20:00:00,5,24,20,2025-05-24,evening_peak_16_20,15920.31643116862,0.39032856461019316
25988.521948,-0.0,15873.654411947797,10114.867536052205,0.0,2025-05-24 21:00:00,5,24,21,2025-05-24,late_evening_21_23,15873.654411947797,0.3892051866701336
24803.389598,-0.0,15873.654411947797,8929.735186052205,0.0,2025-05-24 22:00:00,5,24,22,2025-05-24,late_evening_21_23,15873.654411947797,0.36002076050009896
23490.695475,-0.0,15873.654411947797,7617.041063052204,0.0,2025-05-24 23:00:00,5,24,23,2025-05-24,late_evening_21_23,15873.654411947797,0.32425779267193894
22851.375732,-0.0,15873.654411947797,6977.721320052204,0.0,2025-05-25 00:00:00,5,25,0,2025-05-25,night_00_05,15873.654411947797,0.30535235173088193
21824.598051,-0.0,15873.654411947797,5950.943639052204,0.0,2025-05-25 01:00:00,5,25,1,2025-05-25,night_00_05,15873.654411947797,0.2726713969781236
21109.8142339999,-0.0,15873.654411947797,5236.159822052103,0.0,2025-05-25 02:00:00,5,25,2,2025-05-25,night_00_05,15873.654411947797,0.24804386073746856
20595.486133,-0.0,15873.654411947797,4721.831721052202,0.0,2025-05-25 03:00:00,5,25,3,2025-05-25,night_00_05,15873.654411947797,0.22926536866184696
20459.955124,-0.0,15873.654411947797,4586.300712052203,0.0,2025-05-25 04:00:00,5,25,4,2025-05-25,night_00_05,15873.654411947797,0.2241598617522072
20387.379441,830.5839421305677,15873.654411947797,3683.1410869216365,0.0010282954558583,2025-05-25 05:00:00,5,25,5,2025-05-25,night_00_05,16704.238354078363,0.18065789659629636
25509.183161,139.9860576624017,15873.654411947797,9495.542691389803,0.0001733082228974,2025-05-25 20:00:00,5,25,20,2025-05-25,evening_peak_16_20,16013.640469610198,0.3722401705871621
25272.584611,-0.0,15873.654411947797,9398.930199052202,0.0,2025-05-25 21:00:00,5,25,21,2025-05-25,late_evening_21_23,15873.654411947797,0.3719022151363687
24104.906949,-0.0,15873.654411947797,8231.252537052203,0.0,2025-05-25 22:00:00,5,25,22,2025-05-25,late_evening_21_23,15873.654411947797,0.34147622118880155
22692.076515,-0.0,15873.654411947797,6818.422103052204,0.0,2025-05-25 23:00:00,5,25,23,2025-05-25,late_evening_21_23,15873.654411947797,0.3004758995301759
22166.388924,-0.0,15873.654411947797,6292.734512052202,0.0,2025-05-26 00:00:00,5,26,0,2025-05-26,night_00_05,15873.654411947797,0.28388631696518374
21226.885292,-0.0,15873.654411947797,5353.230880052202,0.0,2025-05-26 01:00:00,5,26,1,2025-05-26,night_00_05,15873.654411947797,0.2521910683744888
20411.996613,-0.0,15873.654411947797,4538.342201052203,0.0,2025-05-26 02:00:00,5,26,2,2025-05-26,night_00_05,15873.654411947797,0.22233700539426024
20010.442022,-0.0,15873.654411947797,4136.787610052203,0.0,2025-05-26 03:00:00,5,26,3,2025-05-26,night_00_05,15873.654411947797,0.20673144578735997
19852.846288,-0.0,15873.654411947797,3979.191876052204,0.0,2025-05-26 04:00:00,5,26,4,2025-05-26,night_00_05,15873.654411947797,0.20043432656089297
20070.929758,1567.8438458196422,15873.654411947797,2629.4315002325593,0.0019410520964518,2025-05-26 05:00:00,5,26,5,2025-05-26,night_00_05,17441.49825776744,0.13100696041171206
27210.970253,3586.7538774405625,15873.654411947797,7750.561963611641,0.0044405418000177,2025-05-26 20:00:00,5,26,20,2025-05-26,evening_peak_16_20,19460.40828938836,0.2848322530049124
26905.770344,3546.313460782485,15873.654411947797,7485.802471269719,0.0043904749800695,2025-05-26 21:00:00,5,26,21,2025-05-26,late_evening_21_23,19419.96787273028,0.2782229378888256
25448.626982,2998.8124352581362,15873.654411947797,6576.160134794069,0.0037126472638482,2025-05-26 22:00:00,5,26,22,2025-05-26,late_evening_21_23,18872.466847205935,0.25840923125029236
23619.416132,-0.0,15873.654411947797,7745.761720052202,0.0,2025-05-26 23:00:00,5,26,23,2025-05-26,late_evening_21_23,15873.654411947797,0.3279404400500023
22839.774766,-0.0,15873.654411947797,6966.120354052202,0.0,2025-05-27 00:00:00,5,27,0,2025-05-27,night_00_05,15873.654411947797,0.30499952059169105
21674.464964,-0.0,15873.654411947797,5800.810552052202,0.0,2025-05-27 01:00:00,5,27,1,2025-05-27,night_00_05,15873.654411947797,0.2676333907982045
21108.382375,-0.0,15873.654411947797,5234.727963052204,0.0,2025-05-27 02:00:00,5,27,2,2025-05-27,night_00_05,15873.654411947797,0.24799285279444366
20939.4525599999,-0.0,15873.654411947797,5065.798148052103,0.0,2025-05-27 03:00:00,5,27,3,2025-05-27,night_00_05,15873.654411947797,0.24192600706902756
20958.377758,-0.0,15873.654411947797,5084.723346052202,0.0,2025-05-27 04:00:00,5,27,4,2025-05-27,night_00_05,15873.654411947797,0.24261054003148302
21735.525615,1365.6417625293357,15873.654411947797,4496.229440522866,0.0016907179967109,2025-05-27 05:00:00,5,27,5,2025-05-27,night_00_05,17239.29617447713,0.20686085628497308
29669.648661,3176.1281082972805,15873.654411947797,10619.866140754923,0.0039321710128517,2025-05-27 20:00:00,5,27,20,2025-05-27,evening_peak_16_20,19049.782520245077,0.35793703734397325
29121.656978,1294.0933330574271,15873.654411947797,11953.909232994774,0.0016021382383411,2025-05-27 21:00:00,5,27,21,2025-05-27,late_evening_21_23,17167.747745005225,0.4104817676420464
27255.143411,1191.4368907716066,15873.654411947797,10190.052108280597,0.0014750455415496,2025-05-27 22:00:00,5,27,22,2025-05-27,late_evening_21_23,17065.091302719404,0.3738762975713405
25448.164287,1241.2097112738497,15873.654411947797,8333.300163778353,0.0015366662430243,2025-05-27 23:00:00,5,27,23,2025-05-27,late_evening_21_23,17114.864123221647,0.32746174025744385
24537.484459,1312.7581407457583,15873.654411947797,7351.071906306444,0.0016252460013941,2025-05-28 00:00:00,5,28,0,2025-05-28,night_00_05,17186.412552693553,0.29958539224301683
23305.29859,1275.4285253690962,15873.654411947797,6156.215652683106,0.0015790304752881,2025-05-28 01:00:00,5,28,1,2025-05-28,night_00_05,17149.082937316893,0.26415519324539605
22529.238858,1300.314935620258,15873.654411947797,5355.269510431946,0.0016098408260255,2025-05-28 02:00:00,5,28,2,2025-05-28,night_00_05,17173.969347568054,0.23770308194545692
22071.01648,1328.3121471526738,15873.654411947797,4869.049920899528,0.0016445024706049,2025-05-28 03:00:00,5,28,3,2025-05-28,night_00_05,17201.96655910047,0.2206083224717672
22239.594646,1150.99647411361,15873.654411947797,5214.943759938595,0.0014249787216015,2025-05-28 04:00:00,5,28,4,2025-05-28,night_00_05,17024.650886061405,0.23448915517336333
23061.706734,3039.252851916214,15873.654411947797,4148.799470135989,0.0037627140837964,2025-05-28 05:00:00,5,28,5,2025-05-28,night_00_05,18912.90726386401,0.17989993186494702
28806.718261,8165.853363643922,15873.654411947797,4767.210485408283,0.0101096463356864,2025-05-28 20:00:00,5,28,20,2025-05-28,evening_peak_16_20,24039.50777559172,0.16548953762158927
28367.242486,-0.0,15873.654411947797,12493.588074052203,0.0,2025-05-28 21:00:00,5,28,21,2025-05-28,late_evening_21_23,15873.654411947797,0.44042307179550944
26811.948404,-0.0,15873.654411947797,10938.293992052202,0.0,2025-05-28 22:00:00,5,28,22,2025-05-28,late_evening_21_23,15873.654411947797,0.4079634134466837
25159.683686,-0.0,15873.654411947797,9286.029274052204,0.0,2025-05-28 23:00:00,5,28,23,2025-05-28,late_evening_21_23,15873.654411947797,0.3690837051031518
24331.995574,-0.0,15873.654411947797,8458.341162052204,0.0,2025-05-29 00:00:00,5,29,0,2025-05-29,night_00_05,15873.654411947797,0.3476221724736125
23377.930202,-0.0,15873.654411947797,7504.275790052203,0.0,2025-05-29 01:00:00,5,29,1,2025-05-29,night_00_05,15873.654411947797,0.32099829733473184
22429.297916,-0.0,15873.654411947797,6555.643504052203,0.0,2025-05-29 02:00:00,5,29,2,2025-05-29,night_00_05,15873.654411947797,0.2922803704602683
22002.554269,-0.0,15873.654411947797,6128.8998570522035,0.0,2025-05-29 03:00:00,5,29,3,2025-05-29,night_00_05,15873.654411947797,0.27855401614381553
22095.710912,-0.0,15873.654411947797,6222.056500052202,0.0,2025-05-29 04:00:00,5,29,4,2025-05-29,night_00_05,15873.654411947797,0.2815956691700313
23010.793358,298.63692301321515,15873.654411947797,6838.502023038987,0.0003697242088479,2025-05-29 05:00:00,5,29,5,2025-05-29,night_00_05,16172.291334961012,0.2971867121939754
30791.643364,1860.259166270107,15873.654411947797,13057.729785782096,0.0023030737176154,2025-05-29 20:00:00,5,29,20,2025-05-29,evening_peak_16_20,17733.913578217904,0.42406732344297415
30134.613746,-0.0,15873.654411947797,14260.959334052202,0.0,2025-05-29 21:00:00,5,29,21,2025-05-29,late_evening_21_23,15873.654411947797,0.47324181601448834
28393.883323,-0.0,15873.654411947797,12520.228911052202,0.0,2025-05-29 22:00:00,5,29,22,2025-05-29,late_evening_21_23,15873.654411947797,0.44094810028716275
26330.935192,-0.0,15873.654411947797,10457.280780052204,0.0,2025-05-29 23:00:00,5,29,23,2025-05-29,late_evening_21_23,15873.654411947797,0.39714809610064244
25493.659243,-0.0,15873.654411947797,9620.004831052202,0.0,2025-05-30 00:00:00,5,30,0,2025-05-30,night_00_05,15873.654411947797,0.37734892191648184
24126.855585,-0.0,15873.654411947797,8253.201173052204,0.0,2025-05-30 01:00:00,5,30,1,2025-05-30,night_00_05,15873.654411947797,0.3420752921563195
23042.538245,-0.0,15873.654411947797,7168.883833052203,0.0,2025-05-30 02:00:00,5,30,2,2025-05-30,night_00_05,15873.654411947797,0.31111519732891313
22607.811197,-0.0,15873.654411947797,6734.156785052202,0.0,2025-05-30 03:00:00,5,30,3,2025-05-30,night_00_05,15873.654411947797,0.29786858738212607
22928.317855,-0.0,15873.654411947797,7054.6634430522045,0.0,2025-05-30 04:00:00,5,30,4,2025-05-30,night_00_05,15873.654411947797,0.3076834283119373
24027.308367,1188.3260894902721,15873.654411947797,6965.327865561932,0.0014711942477075,2025-05-30 05:00:00,5,30,5,2025-05-30,night_00_05,17061.98050143807,0.28989214102435096
34732.446706,251.97490379238766,15873.654411947797,18606.817390259817,0.0003119548012154,2025-05-30 20:00:00,5,30,20,2025-05-30,evening_peak_16_20,16125.629315740185,0.535718590393619
33655.909833,-0.0,15873.654411947797,17782.2554210522,0.0,2025-05-30 21:00:00,5,30,21,2025-05-30,late_evening_21_23,15873.654411947797,0.5283546191229838
31641.610996,-0.0,15873.654411947797,15767.956584052203,0.0,2025-05-30 22:00:00,5,30,22,2025-05-30,late_evening_21_23,15873.654411947797,0.498329765385382
29243.6338889999,-0.0,15873.654411947797,13369.979477052102,0.0,2025-05-30 23:00:00,5,30,23,2025-05-30,late_evening_21_23,15873.654411947797,0.4571928211042633
27860.090007,-0.0,15873.654411947797,11986.435595052202,0.0,2025-05-31 00:00:00,5,31,0,2025-05-31,night_00_05,15873.654411947797,0.4302367864583548
26331.845143,-0.0,15873.654411947797,10458.190731052202,0.0,2025-05-31 01:00:00,5,31,1,2025-05-31,night_00_05,15873.654411947797,0.39716892888656474
25032.720773,-0.0,15873.654411947797,9159.066361052204,0.0,2025-05-31 02:00:00,5,31,2,2025-05-31,night_00_05,15873.654411947797,0.3658837744449683
24622.955588,-0.0,15873.654411947797,8749.301176052204,0.0,2025-05-31 03:00:00,5,31,3,2025-05-31,night_00_05,15873.654411947797,0.35533107082872606
24007.4731149999,-0.0,15873.654411947797,8133.818703052102,0.0,2025-05-31 04:00:00,5,31,4,2025-05-31,night_00_05,15873.654411947797,0.3388036160277977
23665.944037,531.9470191173526,15873.654411947797,7260.342605934852,0.0006585712470104,2025-05-31 05:00:00,5,31,5,2025-05-31,night_00_05,16405.601431065148,0.30678440693444675
33673.07711,59.10522434637548,15873.654411947797,17740.317473705825,7.317458300115923e-05,2025-05-31 20:00:00,5,31,20,2025-05-31,evening_peak_16_20,15932.759636294171,0.5268398078308509
32577.764706,-0.0,15873.654411947797,16704.110294052203,0.0,2025-05-31 21:00:00,5,31,21,2025-05-31,late_evening_21_23,15873.654411947797,0.5127457468245428
30434.349577,-0.0,15873.654411947797,14560.695165052204,0.0,2025-05-31 22:00:00,5,31,22,2025-05-31,late_evening_21_23,15873.654411947797,0.4784296483226336
28397.977075,-0.0,15873.654411947797,12524.322663052202,0.0,2025-05-31 23:00:00,5,31,23,2025-05-31,late_evening_21_23,15873.654411947797,0.4410286912330076
26955.16256,-0.0,15873.654411947797,11081.508148052204,0.0,2025-06-01 00:00:00,6,1,0,2025-06-01,night_00_05,15873.654411947797,0.4111089340821324
25565.4296899999,-0.0,15873.654411947797,9691.775278052102,0.0,2025-06-01 01:00:00,6,1,1,2025-06-01,night_00_05,15873.654411947797,0.3790969052964171
24384.63288,-0.0,15873.654411947797,8510.978468052204,0.0,2025-06-01 02:00:00,6,1,2,2025-06-01,night_00_05,15873.654411947797,0.3490304123066299
23227.175321,-0.0,15873.654411947797,7353.520909052202,0.0,2025-06-01 03:00:00,6,1,3,2025-06-01,night_00_05,15873.654411947797,0.3165912689522684
22638.169377,-0.0,15873.654411947797,6764.514965052202,0.0,2025-06-01 04:00:00,6,1,4,2025-06-01,night_00_05,15873.654411947797,0.29881015785334814
22368.1752639999,130.6536538182362,15873.654411947797,6363.8671982338665,0.0001617543413709,2025-06-01 05:00:00,6,1,5,2025-06-01,night_00_05,16004.308065766032,0.2845054244758217
29938.175236,407.5149678617857,15873.654411947797,13657.005856190417,0.0005045194933237,2025-06-01 20:00:00,6,1,20,2025-06-01,evening_peak_16_20,16281.169379809582,0.4561736227586833
29090.237817,-0.0,15873.654411947797,13216.583405052204,0.0,2025-06-01 21:00:00,6,1,21,2025-06-01,late_evening_21_23,15873.654411947797,0.4543305382442967
27179.998836,-0.0,15873.654411947797,11306.344424052202,0.0,2025-06-01 22:00:00,6,1,22,2025-06-01,late_evening_21_23,15873.654411947797,0.41598031303360145
25319.963083,-0.0,15873.654411947797,9446.308671052202,0.0,2025-06-01 23:00:00,6,1,23,2025-06-01,late_evening_21_23,15873.654411947797,0.373077505685406
24042.48578,-0.0,15873.654411947797,8168.831368052202,0.0,2025-06-02 00:00:00,6,2,0,2025-06-02,night_00_05,15873.654411947797,0.3397665051276658
23087.401589,-0.0,15873.654411947797,7213.747177052204,0.0,2025-06-02 01:00:00,6,2,1,2025-06-02,night_00_05,15873.654411947797,0.31245383544977173
22165.8330829999,-0.0,15873.654411947797,6292.178671052103,0.0,2025-06-02 02:00:00,6,2,2,2025-06-02,night_00_05,15873.654411947797,0.28386835935699134
21957.512806,-0.0,15873.654411947797,6083.858394052202,0.0,2025-06-02 03:00:00,6,2,3,2025-06-02,night_00_05,15873.654411947797,0.27707411343919414
21871.069282,-0.0,15873.654411947797,5997.414870052204,0.0,2025-06-02 04:00:00,6,2,4,2025-06-02,night_00_05,15873.654411947797,0.27421681092602573
22747.933572,858.5811536630642,15873.654411947797,6015.698006389141,0.0010629571004378,2025-06-02 05:00:00,6,2,5,2025-06-02,night_00_05,16732.23556561086,0.26445030654537116
30887.079563,1502.5170189104836,15873.654411947797,13510.90813214172,0.0018601749257663,2025-06-02 20:00:00,6,2,20,2025-06-02,evening_peak_16_20,17376.17143085828,0.4374291232223391
30162.373448,-0.0,15873.654411947797,14288.719036052202,0.0,2025-06-02 21:00:00,6,2,21,2025-06-02,late_evening_21_23,15873.654411947797,0.473726613745632
28313.55918,-0.0,15873.654411947797,12439.904768052204,0.0,2025-06-02 22:00:00,6,2,22,2025-06-02,late_evening_21_23,15873.654411947797,0.4393620981723642
26757.696333,-0.0,15873.654411947797,10884.041921052203,0.0,2025-06-02 23:00:00,6,2,23,2025-06-02,late_evening_21_23,15873.654411947797,0.4067630406444602
25216.991446,-0.0,15873.654411947797,9343.337034052203,0.0,2025-06-03 00:00:00,6,3,0,2025-06-03,night_00_05,15873.654411947797,0.3705175160986254
24291.203801,-0.0,15873.654411947797,8417.549389052203,0.0,2025-06-03 01:00:00,6,3,1,2025-06-03,night_00_05,15873.654411947797,0.3465266463535939
23465.547814,-0.0,15873.654411947797,7591.893402052205,0.0,2025-06-03 02:00:00,6,3,2,2025-06-03,night_00_05,15873.654411947797,0.3235336103051783
23020.932907,-0.0,15873.654411947797,7147.278495052202,0.0,2025-06-03 03:00:00,6,3,3,2025-06-03,night_00_05,15873.654411947797,0.3104686731821768
23009.942875,-0.0,15873.654411947797,7136.288463052204,0.0,2025-06-03 04:00:00,6,3,4,2025-06-03,night_00_05,15873.654411947797,0.31013933853811027
23658.0956339999,1328.3121471526738,15873.654411947797,6456.129074899429,0.0016445024706049,2025-06-03 05:00:00,6,3,5,2025-06-03,night_00_05,17201.96655910047,0.2728930161910874
29453.1462279999,108.87804484857055,15873.654411947797,13470.613771203532,0.0001347952844758,2025-06-03 20:00:00,6,3,20,2025-06-03,evening_peak_16_20,15982.532456796367,0.457357379307667
29184.4264349999,-0.0,15873.654411947797,13310.772023052103,0.0,2025-06-03 21:00:00,6,3,21,2025-06-03,late_evening_21_23,15873.654411947797,0.4560916094307388
27514.244242,-0.0,15873.654411947797,11640.589830052204,0.0,2025-06-03 22:00:00,6,3,22,2025-06-03,late_evening_21_23,15873.654411947797,0.42307503443191263
26029.813712,-0.0,15873.654411947797,10156.159300052203,0.0,2025-06-03 23:00:00,6,3,23,2025-06-03,late_evening_21_23,15873.654411947797,0.3901741062161391
25049.037327,-0.0,15873.654411947797,9175.382915052201,0.0,2025-06-04 00:00:00,6,4,0,2025-06-04,night_00_05,15873.654411947797,0.36629682790891877
24065.440387,-0.0,15873.654411947797,8191.785975052202,0.0,2025-06-04 01:00:00,6,4,1,2025-06-04,night_00_05,15873.654411947797,0.3403962629945203
23172.0812999999,-0.0,15873.654411947797,7298.426888052103,0.0,2025-06-04 02:00:00,6,4,2,2025-06-04,night_00_05,15873.654411947797,0.31496639397912585
22708.987284,-0.0,15873.654411947797,6835.332872052202,0.0,2025-06-04 03:00:00,6,4,3,2025-06-04,night_00_05,15873.654411947797,0.30099681621946
22737.738185,-0.0,15873.654411947797,6864.083773052202,0.0,2025-06-04 04:00:00,6,4,4,2025-06-04,night_00_05,15873.654411947797,0.3018806759583683
23408.78797,566.1658332125992,15873.654411947797,6968.967724839606,0.0007009354792742,2025-06-04 05:00:00,6,4,5,2025-06-04,night_00_05,16439.820245160397,0.2977073282807647
30555.42462,7537.471504803498,15873.654411947797,7144.298703248707,0.0093316849795688,2025-06-04 20:00:00,6,4,20,2025-06-04,evening_peak_16_20,23411.125916751294,0.23381441403934602
29717.603594,320.4125319829616,15873.654411947797,13523.536650069242,0.0003966832657431,2025-06-04 21:00:00,6,4,21,2025-06-04,late_evening_21_23,16194.066943930758,0.45506820922800284
28089.975694,-0.0,15873.654411947797,12216.321282052204,0.0,2025-06-04 22:00:00,6,4,22,2025-06-04,late_evening_21_23,15873.654411947797,0.4348996743582659
26621.548665,-0.0,15873.654411947797,10747.894253052202,0.0,2025-06-04 23:00:00,6,4,23,2025-06-04,late_evening_21_23,15873.654411947797,0.4037291138957187
25432.713335,-0.0,15873.654411947797,9559.058923052204,0.0,2025-06-05 00:00:00,6,5,0,2025-06-05,night_00_05,15873.654411947797,0.37585682648721613
24360.102312,-0.0,15873.654411947797,8486.447900052202,0.0,2025-06-05 01:00:00,6,5,1,2025-06-05,night_00_05,15873.654411947797,0.3483748874023285
23446.954445,-0.0,15873.654411947797,7573.300033052203,0.0,2025-06-05 02:00:00,6,5,2,2025-06-05,night_00_05,15873.654411947797,0.3229971743587018
22904.595827,-0.0,15873.654411947797,7030.941415052204,0.0,2025-06-05 03:00:00,6,5,3,2025-06-05,night_00_05,15873.654411947797,0.30696640395479546
22933.643031,-0.0,15873.654411947797,7059.988619052203,0.0,2025-06-05 04:00:00,6,5,4,2025-06-05,night_00_05,15873.654411947797,0.3078441837395408
23790.786275,1598.9518586334732,15873.654411947797,6318.1800044187285,0.0019795650348734,2025-06-05 05:00:00,6,5,5,2025-06-05,night_00_05,17472.60627058127,0.2655725595357074
29894.875427,1626.9490701659695,15873.654411947797,12394.271944886234,0.0020142266794529,2025-06-05 20:00:00,6,5,20,2025-06-05,evening_peak_16_20,17500.603482113765,0.4145952029521476
29491.9785839999,-0.0,15873.654411947797,13618.324172052102,0.0,2025-06-05 21:00:00,6,5,21,2025-06-05,late_evening_21_23,15873.654411947797,0.4617636667971937
28124.4743739999,-0.0,15873.654411947797,12250.819962052103,0.0,2025-06-05 22:00:00,6,5,22,2025-06-05,late_evening_21_23,15873.654411947797,0.4355928505237261
26334.325675,-0.0,15873.654411947797,10460.671263052203,0.0,2025-06-05 23:00:00,6,5,23,2025-06-05,late_evening_21_23,15873.654411947797,0.3972257118769837
25223.364432,-0.0,15873.654411947797,9349.710020052202,0.0,2025-06-06 00:00:00,6,6,0,2025-06-06,night_00_05,15873.654411947797,0.3706765624093569
24186.461201,-0.0,15873.654411947797,8312.806789052202,0.0,2025-06-06 01:00:00,6,6,1,2025-06-06,night_00_05,15873.654411947797,0.34369669543506864
23165.972981,-0.0,15873.654411947797,7292.318569052202,0.0,2025-06-06 02:00:00,6,6,2,2025-06-06,night_00_05,15873.654411947797,0.3147857668241749
22632.343654,-0.0,15873.654411947797,6758.689242052204,0.0,2025-06-06 03:00:00,6,6,3,2025-06-06,night_00_05,15873.654411947797,0.2986296667008096
22736.459451,-0.0,15873.654411947797,6862.805039052202,0.0,2025-06-06 04:00:00,6,6,4,2025-06-06,night_00_05,15873.654411947797,0.3018414126369337
23550.438414,1630.0598714473851,15873.654411947797,6046.724130604818,0.0020180779732951,2025-06-06 05:00:00,6,6,5,2025-06-06,night_00_05,17503.71428339518,0.2567563297254895
29928.458106,2550.857050738273,15873.654411947797,11503.946643313928,0.0031580609505763,2025-06-06 20:00:00,6,6,20,2025-06-06,evening_peak_16_20,18424.51146268607,0.3843815342096638
29403.652011,569.2766344940146,15873.654411947797,12960.720964558186,0.0007047867731164,2025-06-06 21:00:00,6,6,21,2025-06-06,late_evening_21_23,16442.931046441812,0.44078609554042947
28178.767441,687.4870831867506,15873.654411947797,11617.625945865453,0.0008511359391187,2025-06-06 22:00:00,6,6,22,2025-06-06,late_evening_21_23,16561.141495134547,0.4122829705092726
26769.565294,77.77003203470458,15873.654411947797,10818.140850017498,9.62823460541569e-05,2025-06-06 23:00:00,6,6,23,2025-06-06,late_evening_21_23,15951.424443982502,0.40412090115046523
25435.662532,-0.0,15873.654411947797,9562.008120052202,0.0,2025-06-07 00:00:00,6,7,0,2025-06-07,night_00_05,15873.654411947797,0.3759291942178612
24420.323817,-0.0,15873.654411947797,8546.669405052204,0.0,2025-06-07 01:00:00,6,7,1,2025-06-07,night_00_05,15873.654411947797,0.34998182125261224
23381.493107,-0.0,15873.654411947797,7507.838695052202,0.0,2025-06-07 02:00:00,6,7,2,2025-06-07,night_00_05,15873.654411947797,0.3211017645748419
22422.9788449999,-0.0,15873.654411947797,6549.324433052103,0.0,2025-06-07 03:00:00,6,7,3,2025-06-07,night_00_05,15873.654411947797,0.29208092637132094
22253.778935,-0.0,15873.654411947797,6380.124523052202,0.0,2025-06-07 04:00:00,6,7,4,2025-06-07,night_00_05,15873.654411947797,0.2866984767705118
22292.351576,2277.1065379761394,15873.654411947797,4141.590626076065,0.0028191470924657,2025-06-07 05:00:00,6,7,5,2025-06-07,night_00_05,18150.760949923937,0.18578527312187698
28762.427621,1978.4696149628433,15873.654411947797,10910.303594089359,0.0024494228836177,2025-06-07 20:00:00,6,7,20,2025-06-07,evening_peak_16_20,17852.12402691064,0.3793248517772379
28353.599698,628.3818588403423,15873.654411947797,11851.563427211862,0.0007779613561175,2025-06-07 21:00:00,6,7,21,2025-06-07,late_evening_21_23,16502.03627078814,0.4179914915017949
27101.371777,808.8083331609021,15873.654411947797,10418.909031891302,0.0010013363989632,2025-06-07 22:00:00,6,7,22,2025-06-07,late_evening_21_23,16682.4627451087,0.3844421277868108
25998.243889,830.5839421305677,15873.654411947797,9294.005534921636,0.0010282954558583,2025-06-07 23:00:00,6,7,23,2025-06-07,late_evening_21_23,16704.238354078363,0.3574858969168291
24572.219895,858.5811536630642,15873.654411947797,7839.984329389137,0.0010629571004378,2025-06-08 00:00:00,6,8,0,2025-06-08,night_00_05,16732.23556561086,0.3190588543847612
23472.713708,802.5867305980713,15873.654411947797,6796.472565454132,0.0009936338112788,2025-06-08 01:00:00,6,8,1,2025-06-08,night_00_05,16676.241142545867,0.2895477979240956
22366.888053,811.9191344422367,15873.654411947797,5681.314506609965,0.0010051876928053,2025-06-08 02:00:00,6,8,2,2025-06-08,night_00_05,16685.573546390035,0.2540055859870926
21711.439113,821.2515382864023,15873.654411947797,5016.5331627658015,0.0010167415743318,2025-06-08 03:00:00,6,8,3,2025-06-08,night_00_05,16694.9059502342,0.2310548433319691
21373.3377799999,849.2487498188987,15873.654411947797,4650.434618233205,0.0010514032189113,2025-06-08 04:00:00,6,8,4,2025-06-08,night_00_05,16722.903161766695,0.2175811127911359
21066.81119,3546.313460782485,15873.654411947797,1646.8433172697187,0.0043904749800695,2025-06-08 05:00:00,6,8,5,2025-06-08,night_00_05,19419.96787273028,0.07817240599049194
29141.856359,1014.1212177325431,15873.654411947797,12254.080729319661,0.0012555217925462,2025-06-08 20:00:00,6,8,20,2025-06-08,evening_peak_16_20,16887.775629680338,0.42049760243002443
28537.362756,-0.0,15873.654411947797,12663.708344052202,0.0,2025-06-08 21:00:00,6,8,21,2025-06-08,late_evening_21_23,15873.654411947797,0.443758887334102
26746.4151629999,-0.0,15873.654411947797,10872.760751052103,0.0,2025-06-08 22:00:00,6,8,22,2025-06-08,late_evening_21_23,15873.654411947797,0.40651282367339897
25038.293147,-0.0,15873.654411947797,9164.638735052204,0.0,2025-06-08 23:00:00,6,8,23,2025-06-08,late_evening_21_23,15873.654411947797,0.3660248995906607
24228.937433,-0.0,15873.654411947797,8355.283021052202,0.0,2025-06-09 00:00:00,6,9,0,2025-06-09,night_00_05,15873.654411947797,0.3448472738087244
23105.043346,-0.0,15873.654411947797,7231.388934052202,0.0,2025-06-09 01:00:00,6,9,1,2025-06-09,night_00_05,15873.654411947797,0.3129788083822884
22180.630515,-0.0,15873.654411947797,6306.976103052204,0.0,2025-06-09 02:00:00,6,9,2,2025-06-09,night_00_05,15873.654411947797,0.28434611445274344
21806.574217,-0.0,15873.654411947797,5932.9198050522045,0.0,2025-06-09 03:00:00,6,9,3,2025-06-09,night_00_05,15873.654411947797,0.27207023652651546
21937.841697,-0.0,15873.654411947797,6064.187285052203,0.0,2025-06-09 04:00:00,6,9,4,2025-06-09,night_00_05,15873.654411947797,0.27642588404134033
22731.138061,2239.776922599477,15873.654411947797,4617.706726452728,0.0027729315663597,2025-06-09 05:00:00,6,9,5,2025-06-09,night_00_05,18113.431334547273,0.2031445462194154
31708.68139,1639.3922752915505,15873.654411947797,14195.634702760653,0.0020296318548216,2025-06-09 20:00:00,6,9,20,2025-06-09,evening_peak_16_20,17513.046687239348,0.447689215712311
30943.6653356,-0.0,15873.654411947797,15070.010923652202,0.0,2025-06-09 21:00:00,6,9,21,2025-06-09,late_evening_21_23,15873.654411947797,0.4870144102261373
28908.555089,-0.0,15873.654411947797,13034.900677052205,0.0,2025-06-09 22:00:00,6,9,22,2025-06-09,late_evening_21_23,15873.654411947797,0.45090114801386655
27015.1423699999,-0.0,15873.654411947797,11141.487958052103,0.0,2025-06-09 23:00:00,6,9,23,2025-06-09,late_evening_21_23,15873.654411947797,0.41241640726737894
25678.398974,-0.0,15873.654411947797,9804.744562052203,0.0,2025-06-10 00:00:00,6,10,0,2025-06-10,night_00_05,15873.654411947797,0.3818284999769551
24444.444917,-0.0,15873.654411947797,8570.790505052204,0.0,2025-06-10 01:00:00,6,10,1,2025-06-10,night_00_05,15873.654411947797,0.35062324115576904
23218.744156,-0.0,15873.654411947797,7345.089744052204,0.0,2025-06-10 02:00:00,6,10,2,2025-06-10,night_00_05,15873.654411947797,0.3163431103208114
22790.824555,-0.0,15873.654411947797,6917.170143052203,0.0,2025-06-10 03:00:00,6,10,3,2025-06-10,night_00_05,15873.654411947797,0.303506796182794
22875.199971,-0.0,15873.654411947797,7001.5455590522015,0.0,2025-06-10 04:00:00,6,10,4,2025-06-10,night_00_05,15873.654411947797,0.3060758187000945
23495.200582,1872.702371395607,15873.654411947797,5748.843798656598,0.002318478892984,2025-06-10 05:00:00,6,10,5,2025-06-10,night_00_05,17746.356783343403,0.2446816224697765
31958.64167012,2877.4911852840655,15873.654411947797,13207.496072888138,0.0035624468040038,2025-06-10 20:00:00,6,10,20,2025-06-10,evening_peak_16_20,18751.14559723186,0.4132683800900273
31088.9345101,-0.0,15873.654411947797,15215.280098152203,0.0,2025-06-10 21:00:00,6,10,21,2025-06-10,late_evening_21_23,15873.654411947797,0.489411436509963
29180.2743129999,52.88362178359912,15873.654411947797,13253.736279268503,6.547199531682669e-05,2025-06-10 22:00:00,6,10,22,2025-06-10,late_evening_21_23,15926.538033731396,0.45420190835436813
27424.519902,31.108012813881835,15873.654411947797,11519.757477238321,3.851293842166276e-05,2025-06-10 23:00:00,6,10,23,2025-06-10,late_evening_21_23,15904.762424761679,0.4200532048839336
25886.475684,15.554006406940918,15873.654411947797,9997.267265645263,1.925646921083138e-05,2025-06-11 00:00:00,6,11,0,2025-06-11,night_00_05,15889.208418354738,0.3861965370521414
24708.689505,-0.0,15873.654411947797,8835.035093052202,0.0,2025-06-11 01:00:00,6,11,1,2025-06-11,night_00_05,15873.654411947797,0.35756793541253423
23443.54759,-0.0,15873.654411947797,7569.893178052202,0.0,2025-06-11 02:00:00,6,11,2,2025-06-11,night_00_05,15873.654411947797,0.3228987911915341
23008.061324,-0.0,15873.654411947797,7134.406912052202,0.0,2025-06-11 03:00:00,6,11,3,2025-06-11,night_00_05,15873.654411947797,0.31008292318006875
23174.387281,-0.0,15873.654411947797,7300.732869052203,0.0,2025-06-11 04:00:00,6,11,4,2025-06-11,night_00_05,15873.654411947797,0.3150345586499221
23847.253128,2609.9622750846816,15873.654411947797,5363.6364409675225,0.0032312355335775,2025-06-11 05:00:00,6,11,5,2025-06-11,night_00_05,18483.616687032478,0.2249163210613077
30944.406422,2858.8263775957344,15873.654411947797,12211.925632456469,0.0035393390409508,2025-06-11 20:00:00,6,11,20,2025-06-11,evening_peak_16_20,18732.48078954353,0.3946408105529008
30345.749321,983.0132049186311,15873.654411947797,13489.081704133572,0.0012170088541245,2025-06-11 21:00:00,6,11,21,2025-06-11,late_evening_21_23,16856.667616866427,0.4445130539188498
28526.1648389999,-0.0,15873.654411947797,12652.510427052102,0.0,2025-06-11 22:00:00,6,11,22,2025-06-11,late_evening_21_23,15873.654411947797,0.44354053545095085
26973.111573,-0.0,15873.654411947797,11099.457161052202,0.0,2025-06-11 23:00:00,6,11,23,2025-06-11,late_evening_21_23,15873.654411947797,0.41150080631271047
25522.293636,-0.0,15873.654411947797,9648.639224052202,0.0,2025-06-12 00:00:00,6,12,0,2025-06-12,night_00_05,15873.654411947797,0.37804749689277506
24339.597076,-0.0,15873.654411947797,8465.942664052202,0.0,2025-06-12 01:00:00,6,12,1,2025-06-12,night_00_05,15873.654411947797,0.3478259166582517
23284.471737,-0.0,15873.654411947797,7410.817325052203,0.0,2025-06-12 02:00:00,6,12,2,2025-06-12,night_00_05,15873.654411947797,0.3182729421031315
22979.632604,-0.0,15873.654411947797,7105.978192052202,0.0,2025-06-12 03:00:00,6,12,3,2025-06-12,night_00_05,15873.654411947797,0.309229408254999
22896.711685,-0.0,15873.654411947797,7023.057273052202,0.0,2025-06-12 04:00:00,6,12,4,2025-06-12,night_00_05,15873.654411947797,0.3067277681472977
23658.526648,2221.112114911146,15873.654411947797,5563.7601211410565,0.0027498238033067,2025-06-12 05:00:00,6,12,5,2025-06-12,night_00_05,18094.76652685894,0.23516934101267864
30329.391699,10225.20381192292,15873.654411947797,4230.533475129283,0.0126592028592005,2025-06-12 20:00:00,6,12,20,2025-06-12,evening_peak_16_20,26098.858223870717,0.13948626194401284
29760.306847,1866.4807688328572,15873.654411947797,12020.171666219347,0.0023107763052997,2025-06-12 21:00:00,6,12,21,2025-06-12,late_evening_21_23,17740.135180780653,0.4038994533227081
28293.2868529999,-0.0,15873.654411947797,12419.632441052103,0.0,2025-06-12 22:00:00,6,12,22,2025-06-12,late_evening_21_23,15873.654411947797,0.4389603974108532
26493.659397,-0.0,15873.654411947797,10620.004985052203,0.0,2025-06-12 23:00:00,6,12,23,2025-06-12,late_evening_21_23,15873.654411947797,0.40085081588445104
25557.827973,-0.0,15873.654411947797,9684.173561052203,0.0,2025-06-13 00:00:00,6,13,0,2025-06-13,night_00_05,15873.654411947797,0.37891222882018116
24159.83875,-0.0,15873.654411947797,8286.184338052202,0.0,2025-06-13 01:00:00,6,13,1,2025-06-13,night_00_05,15873.654411947797,0.3429734951377605
23146.118157,-0.0,15873.654411947797,7272.463745052204,0.0,2025-06-13 02:00:00,6,13,2,2025-06-13,night_00_05,15873.654411947797,0.3141979875728241
22401.859667,-0.0,15873.654411947797,6528.205255052204,0.0,2025-06-13 03:00:00,6,13,3,2025-06-13,night_00_05,15873.654411947797,0.2914135412011732
22430.418163,-0.0,15873.654411947797,6556.763751052202,0.0,2025-06-13 04:00:00,6,13,4,2025-06-13,night_00_05,15873.654411947797,0.29231571624767494
23135.533586,1882.034775239773,15873.654411947797,5379.844398812432,0.0023300327745105,2025-06-13 05:00:00,6,13,5,2025-06-13,night_00_05,17755.68918718757,0.23253599830815813
29899.244784,1119.888461299698,15873.654411947797,12905.701910752505,0.0013864657831798,2025-06-13 20:00:00,6,13,20,2025-06-13,evening_peak_16_20,16993.542873247494,0.43163972882882784
29467.327219,-0.0,15873.654411947797,13593.672807052202,0.0,2025-06-13 21:00:00,6,13,21,2025-06-13,late_evening_21_23,15873.654411947797,0.46131339656374565
28056.040929,-0.0,15873.654411947797,12182.386517052202,0.0,2025-06-13 22:00:00,6,13,22,2025-06-13,late_evening_21_23,15873.654411947797,0.43421616570497423
26330.2520039999,-0.0,15873.654411947797,10456.597592052103,0.0,2025-06-13 23:00:00,6,13,23,2025-06-13,late_evening_21_23,15873.654411947797,0.3971324539720931
25150.039419,-0.0,15873.654411947797,9276.385007052204,0.0,2025-06-14 00:00:00,6,14,0,2025-06-14,night_00_05,15873.654411947797,0.36884176809855057
23863.612492,-0.0,15873.654411947797,7989.9580800522035,0.0,2025-06-14 01:00:00,6,14,1,2025-06-14,night_00_05,15873.654411947797,0.3348176259034857
22831.751502,-0.0,15873.654411947797,6958.0970900522025,0.0,2025-06-14 02:00:00,6,14,2,2025-06-14,night_00_05,15873.654411947797,0.3047552917454753
22087.78321,-0.0,15873.654411947797,6214.128798052205,0.0,2025-06-14 03:00:00,6,14,3,2025-06-14,night_00_05,15873.654411947797,0.28133782095610327
21811.061021,-0.0,15873.654411947797,5937.406609052205,0.0,2025-06-14 04:00:00,6,14,4,2025-06-14,night_00_05,15873.654411947797,0.2722199806481484
21882.92411,1878.9239739584382,15873.654411947797,4130.345724093765,0.0023261814806684,2025-06-14 05:00:00,6,14,5,2025-06-14,night_00_05,17752.578385906236,0.18874743171120767
29508.459985,13559.982785571015,15873.654411947797,74.82278748118915,0.0167877898580027,2025-06-14 21:00:00,6,14,21,2025-06-14,late_evening_21_23,29433.637197518812,0.0025356385090656622
27587.764409,2084.236858530079,15873.654411947797,9629.873138522124,0.0025803668742514,2025-06-14 22:00:00,6,14,22,2025-06-14,late_evening_21_23,17957.891270477878,0.3490631932241873
25717.291013,-0.0,15873.654411947797,9843.636601052202,0.0,2025-06-14 23:00:00,6,14,23,2025-06-14,late_evening_21_23,15873.654411947797,0.3827633554434749
24670.158225,-0.0,15873.654411947797,8796.503813052203,0.0,2025-06-15 00:00:00,6,15,0,2025-06-15,night_00_05,15873.654411947797,0.35656454785677416
23277.656398,-0.0,15873.654411947797,7404.0019860522025,0.0,2025-06-15 01:00:00,6,15,1,2025-06-15,night_00_05,15873.654411947797,0.31807334292847234
22226.216515,-0.0,15873.654411947797,6352.562103052203,0.0,2025-06-15 02:00:00,6,15,2,2025-06-15,night_00_05,15873.654411947797,0.2858139215356331
21486.853787,-0.0,15873.654411947797,5613.199375052203,0.0,2025-06-15 03:00:00,6,15,3,2025-06-15,night_00_05,15873.654411947797,0.26123877561117426
21026.142425,-0.0,15873.654411947797,5152.4880130522015,0.0,2025-06-15 04:00:00,6,15,4,2025-06-15,night_00_05,15873.654411947797,0.24505151296444724
20936.766243,1938.0291983047657,15873.654411947797,3125.082632747436,0.0023993560636695,2025-06-15 05:00:00,6,15,5,2025-06-15,night_00_05,17811.683610252563,0.14926290891709587
31630.888912,7123.734934378882,15873.654411947797,8633.499565673319,0.0088194628985607,2025-06-15 20:00:00,6,15,20,2025-06-15,evening_peak_16_20,22997.38934632668,0.272945208390839
30745.728396,-0.0,15873.654411947797,14872.073984052202,0.0,2025-06-15 21:00:00,6,15,21,2025-06-15,late_evening_21_23,15873.654411947797,0.48371187673625093
28657.202533,-0.0,15873.654411947797,12783.548121052203,0.0,2025-06-15 22:00:00,6,15,22,2025-06-15,late_evening_21_23,15873.654411947797,0.4460849975265868
26302.975749,-0.0,15873.654411947797,10429.321337052204,0.0,2025-06-15 23:00:00,6,15,23,2025-06-15,late_evening_21_23,15873.654411947797,0.396507278741977
24954.213859,-0.0,15873.654411947797,9080.559447052203,0.0,2025-06-16 00:00:00,6,16,0,2025-06-16,night_00_05,15873.654411947797,0.36388882047579324
23536.278558,-0.0,15873.654411947797,7662.624146052205,0.0,2025-06-16 01:00:00,6,16,1,2025-06-16,night_00_05,15873.654411947797,0.32556651329433184
22649.19746,-0.0,15873.654411947797,6775.543048052203,0.0,2025-06-16 02:00:00,6,16,2,2025-06-16,night_00_05,15873.654411947797,0.29915157303115336
21929.030196,-0.0,15873.654411947797,6055.375784052203,0.0,2025-06-16 03:00:00,6,16,3,2025-06-16,night_00_05,15873.654411947797,0.2761351382131228
22039.992074,-0.0,15873.654411947797,6166.337662052205,0.0,2025-06-16 04:00:00,6,16,4,2025-06-16,night_00_05,15873.654411947797,0.27977948636952876
22857.546758,2407.7601917943753,15873.654411947797,4576.132154257828,0.0029809014338366,2025-06-16 05:00:00,6,16,5,2025-06-16,night_00_05,18281.41460374217,0.20020224404249376
33813.024365,7164.175351036959,15873.654411947797,10775.194602015239,0.0088695297185089,2025-06-16 20:00:00,6,16,20,2025-06-16,evening_peak_16_20,23037.829762984755,0.31866994462550025
32864.535273,-0.0,15873.654411947797,16990.880861052203,0.0,2025-06-16 21:00:00,6,16,21,2025-06-16,late_evening_21_23,15873.654411947797,0.5169974478541047
30658.4078229999,-0.0,15873.654411947797,14784.753411052103,0.0,2025-06-16 22:00:00,6,16,22,2025-06-16,late_evening_21_23,15873.654411947797,0.4822413967616609
28243.858847,-0.0,15873.654411947797,12370.204435052203,0.0,2025-06-16 23:00:00,6,16,23,2025-06-16,late_evening_21_23,15873.654411947797,0.43797855321622026
26390.576657,-0.0,15873.654411947797,10516.922245052205,0.0,2025-06-17 00:00:00,6,17,0,2025-06-17,night_00_05,15873.654411947797,0.39851051311766733
25035.647846,-0.0,15873.654411947797,9161.993434052203,0.0,2025-06-17 01:00:00,6,17,1,2025-06-17,night_00_05,15873.654411947797,0.36595791290921337
23808.859463,-0.0,15873.654411947797,7935.205051052204,0.0,2025-06-17 02:00:00,6,17,2,2025-06-17,night_00_05,15873.654411947797,0.3332879117281471
23310.049094,-0.0,15873.654411947797,7436.394682052205,0.0,2025-06-17 03:00:00,6,17,3,2025-06-17,night_00_05,15873.654411947797,0.31902097898053466
23267.2822519999,-0.0,15873.654411947797,7393.627840052102,0.0,2025-06-17 04:00:00,6,17,4,2025-06-17,night_00_05,15873.654411947797,0.3177692933783272
23932.072654,1863.3699675514417,15873.654411947797,6195.048274500761,0.0023069250114575,2025-06-17 05:00:00,6,17,5,2025-06-17,night_00_05,17737.02437949924,0.2588596635179161
33804.124417,2305.1037495086352,15873.654411947797,15625.366255543566,0.0028538087370452,2025-06-17 20:00:00,6,17,20,2025-06-17,evening_peak_16_20,18178.758161456433,0.46223253892905486
32868.9331439999,-0.0,15873.654411947797,16995.278732052102,0.0,2025-06-17 21:00:00,6,17,21,2025-06-17,late_evening_21_23,15873.654411947797,0.5170620737093965
30923.772997,-0.0,15873.654411947797,15050.118585052203,0.0,2025-06-17 22:00:00,6,17,22,2025-06-17,late_evening_21_23,15873.654411947797,0.4866844219336449
28540.6585119999,-0.0,15873.654411947797,12667.004100052103,0.0,2025-06-17 23:00:00,6,17,23,2025-06-17,late_evening_21_23,15873.654411947797,0.44382311973377453
26945.983461,-0.0,15873.654411947797,11072.329049052203,0.0,2025-06-18 00:00:00,6,18,0,2025-06-18,night_00_05,15873.654411947797,0.4109083294390657
25525.707216,-0.0,15873.654411947797,9652.052804052202,0.0,2025-06-18 01:00:00,6,18,1,2025-06-18,night_00_05,15873.654411947797,0.37813067126313005
24708.0991379999,-0.0,15873.654411947797,8834.444726052103,0.0,2025-06-18 02:00:00,6,18,2,2025-06-18,night_00_05,15873.654411947797,0.3575525853571285
24102.445368,-0.0,15873.654411947797,8228.790956052204,0.0,2025-06-18 03:00:00,6,18,3,2025-06-18,night_00_05,15873.654411947797,0.3414089662029601
23973.31884,-0.0,15873.654411947797,8099.664428052203,0.0,2025-06-18 04:00:00,6,18,4,2025-06-18,night_00_05,15873.654411947797,0.3378616236704673
24310.60401,1574.065448382392,15873.654411947797,6862.8841496698105,0.0019487546841361,2025-06-18 05:00:00,6,18,5,2025-06-18,night_00_05,17447.719860330188,0.2823000262291636
34999.443028,2339.3225636038824,15873.654411947797,16786.46605244832,0.002896172969309,2025-06-18 20:00:00,6,18,20,2025-06-18,evening_peak_16_20,18212.97697555168,0.4796209482253455
33981.97367,429.2905768315321,15873.654411947797,17679.02868122067,0.0005314785502189,2025-06-18 21:00:00,6,18,21,2025-06-18,late_evening_21_23,16302.944988779329,0.5202472597060508
31806.9509469999,569.2766344940146,15873.654411947797,15364.019900558087,0.0007047867731164,2025-06-18 22:00:00,6,18,22,2025-06-18,late_evening_21_23,16442.931046441812,0.48303969551055803
29301.367408,653.2682690915041,15873.654411947797,12774.444726960697,0.0008087717068549,2025-06-18 23:00:00,6,18,23,2025-06-18,late_evening_21_23,16526.9226810393,0.43596752837797453
27337.462385,759.0355126586592,15873.654411947797,10704.772460393542,0.0009397156974885,2025-06-19 00:00:00,6,19,0,2025-06-19,night_00_05,16632.689924606457,0.3915788638182901
25898.0193369999,743.4815062517437,15873.654411947797,9280.88341880036,0.0009204592282777,2025-06-19 01:00:00,6,19,1,2025-06-19,night_00_05,16617.13591819954,0.35836267237398256
24412.948303,746.592307533159,15873.654411947797,7792.701583519045,0.0009243105221199,2025-06-19 02:00:00,6,19,2,2025-06-19,night_00_05,16620.246719480954,0.3192036245192652
23408.63965,749.7031088144937,15873.654411947797,6785.28212923771,0.000928161815962,2025-06-19 03:00:00,6,19,3,2025-06-19,night_00_05,16623.35752076229,0.2898623000178359
23258.148169,693.7086857495007,15873.654411947797,6690.785071302703,0.000858838526803,2025-06-19 04:00:00,6,19,4,2025-06-19,night_00_05,16567.363097697296,0.2876748837734478
23679.532517,3182.3497108601114,15873.654411947797,4623.528394192092,0.0039398736005361,2025-06-19 05:00:00,6,19,5,2025-06-19,night_00_05,19056.004122807906,0.19525420913072375
31010.5850909999,2059.350448278917,15873.654411947797,13077.580230773185,0.002549556523514,2025-06-19 20:00:00,6,19,20,2025-06-19,evening_peak_16_20,17933.004860226712,0.4217134308300635
30470.986567,721.7058972819972,15873.654411947797,13875.626257770205,0.0008935001713825,2025-06-19 21:00:00,6,19,21,2025-06-19,late_evening_21_23,16595.360309229793,0.4553717427973754
28739.0017539999,818.1407370050676,15873.654411947797,12047.206605047035,0.0010128902804897,2025-06-19 22:00:00,6,19,22,2025-06-19,late_evening_21_23,16691.795148952864,0.41919363477439864
27128.979485,889.6891664769762,15873.654411947797,10365.635906575228,0.0011014700388595,2025-06-19 23:00:00,6,19,23,2025-06-19,late_evening_21_23,16763.343578424774,0.3820872035494935
25577.162587,886.5783651955608,15873.654411947797,8816.929809856641,0.0010976187450173,2025-06-20 00:00:00,6,20,0,2025-06-20,night_00_05,16760.232777143356,0.34471883970186695
24427.484202,889.6891664769762,15873.654411947797,7664.1406235752265,0.0011014700388595,2025-06-20 01:00:00,6,20,1,2025-06-20,night_00_05,16763.343578424774,0.31375071457206083
23242.418798,855.4703523817296,15873.654411947797,6513.294033670472,0.0010591058065957,2025-06-20 02:00:00,6,20,2,2025-06-20,night_00_05,16729.124764329525,0.2802330553578588
22481.192688,917.6863780094726,15873.654411947797,5689.85189804273,0.001136131683439,2025-06-20 03:00:00,6,20,3,2025-06-20,night_00_05,16791.34078995727,0.2530938628127082
22448.053558,892.7999677583915,15873.654411947797,5681.599178293812,0.0011053213327017,2025-06-20 04:00:00,6,20,4,2025-06-20,night_00_05,16766.45437970619,0.2530998584627402
23225.442913,2945.928813474559,15873.654411947797,4405.859687577644,0.0036471752685314,2025-06-20 05:00:00,6,20,5,2025-06-20,night_00_05,18819.583225422357,0.18969970579598927
28671.885448,2336.2117623224667,15873.654411947797,10462.019273729737,0.0028923216754668,2025-06-20 20:00:00,6,20,20,2025-06-20,evening_peak_16_20,18209.866174270264,0.3648877327130753
28347.595963,-0.0,15873.654411947797,12473.941551052203,0.0,2025-06-20 21:00:00,6,20,21,2025-06-20,late_evening_21_23,15873.654411947797,0.4400352526307172
27085.072674,-0.0,15873.654411947797,11211.418262052202,0.0,2025-06-20 22:00:00,6,20,22,2025-06-20,late_evening_21_23,15873.654411947797,0.41393347534985475
25971.456921,-0.0,15873.654411947797,10097.802509052204,0.0,2025-06-20 23:00:00,6,20,23,2025-06-20,late_evening_21_23,15873.654411947797,0.3888038526205021
24682.819072,-0.0,15873.654411947797,8809.164660052202,0.0,2025-06-21 00:00:00,6,21,0,2025-06-21,night_00_05,15873.654411947797,0.3568945927268596
23694.359664,-0.0,15873.654411947797,7820.705252052203,0.0,2025-06-21 01:00:00,6,21,1,2025-06-21,night_00_05,15873.654411947797,0.33006611543651815
22406.836262,-0.0,15873.654411947797,6533.181850052204,0.0,2025-06-21 02:00:00,6,21,2,2025-06-21,night_00_05,15873.654411947797,0.29157091941319263
21879.446195,-0.0,15873.654411947797,6005.791783052204,0.0,2025-06-21 03:00:00,6,21,3,2025-06-21,night_00_05,15873.654411947797,0.27449468919486075
21824.797821,-0.0,15873.654411947797,5951.143409052203,0.0,2025-06-21 04:00:00,6,21,4,2025-06-21,night_00_05,15873.654411947797,0.27267805447095433
21969.058951,2264.663332850558,15873.654411947797,3830.741206201644,0.002803741917097,2025-06-21 05:00:00,6,21,5,2025-06-21,night_00_05,18138.317744798354,0.1743698359927827
26262.689822,1178.9936856461065,15873.654411947797,9210.041724406097,0.001459640366181,2025-06-21 20:00:00,6,21,20,2025-06-21,evening_peak_16_20,17052.648097593905,0.3506892015566104
26229.900598,-0.0,15873.654411947797,10356.246186052203,0.0,2025-06-21 21:00:00,6,21,21,2025-06-21,late_evening_21_23,15873.654411947797,0.3948259791286382
25583.287805,-0.0,15873.654411947797,9709.633393052203,0.0,2025-06-21 22:00:00,6,21,22,2025-06-21,late_evening_21_23,15873.654411947797,0.3795303194437171
24086.070146,-0.0,15873.654411947797,8212.415734052202,0.0,2025-06-21 23:00:00,6,21,23,2025-06-21,late_evening_21_23,15873.654411947797,0.34096121468848445
23441.798383,-0.0,15873.654411947797,7568.1439710522045,0.0,2025-06-22 00:00:00,6,22,0,2025-06-22,night_00_05,15873.654411947797,0.32284826647688536
22581.430537,-0.0,15873.654411947797,6707.7761250522035,0.0,2025-06-22 01:00:00,6,22,1,2025-06-22,night_00_05,15873.654411947797,0.29704832535128434
21520.565077,-0.0,15873.654411947797,5646.910665052203,0.0,2025-06-22 02:00:00,6,22,2,2025-06-22,night_00_05,15873.654411947797,0.26239602189104744
20822.533861,-0.0,15873.654411947797,4948.879449052203,0.0,2025-06-22 03:00:00,6,22,3,2025-06-22,night_00_05,15873.654411947797,0.2376694153597373
20524.528942,-0.0,15873.654411947797,4650.874530052204,0.0,2025-06-22 04:00:00,6,22,4,2025-06-22,night_00_05,15873.654411947797,0.2266007927974888
20363.584951,1888.2563778026035,15873.654411947797,2601.6741612496007,0.0023377353621949,2025-06-22 05:00:00,6,22,5,2025-06-22,night_00_05,17761.9107897504,0.12776110726622522
27846.754592,2662.8458968682594,15873.654411947797,9310.254283183946,0.0032967075288943,2025-06-22 20:00:00,6,22,20,2025-06-22,evening_peak_16_20,18536.500308816056,0.3343389353479151
27757.398385,727.927499844828,15873.654411947797,11155.816473207376,0.0009012027590669,2025-06-22 21:00:00,6,22,21,2025-06-22,late_evening_21_23,16601.581911792626,0.4019042533624455
26198.687457,874.1351600700606,15873.654411947797,9450.897884982143,0.0010822135696487,2025-06-22 22:00:00,6,22,22,2025-06-22,late_evening_21_23,16747.789572017857,0.36073936530194256
24454.033696,899.0215703211416,15873.654411947797,7681.35771373106,0.001113023920386,2025-06-22 23:00:00,6,22,23,2025-06-22,late_evening_21_23,16772.67598226894,0.3141141379463919
23373.362018,930.1295831350535,15873.654411947797,6569.57802291715,0.0011515368588077,2025-06-23 00:00:00,6,23,0,2025-06-23,night_00_05,16803.78399508285,0.2810711620287175
22417.384301,927.0187818536382,15873.654411947797,5616.711107198564,0.0011476855649655,2025-06-23 01:00:00,6,23,1,2025-06-23,night_00_05,16800.673193801435,0.2505515822801866
21471.963674,911.4647754467226,15873.654411947797,4686.84448660548,0.0011284290957547,2025-06-23 02:00:00,6,23,2,2025-06-23,night_00_05,16785.11918739452,0.21827740386319172
21110.103339,867.9135575072296,15873.654411947797,4368.535369544975,0.0010745109819643,2025-06-23 03:00:00,6,23,3,2025-06-23,night_00_05,16741.567969455027,0.2069405013984131
21432.29137,877.2459613513952,15873.654411947797,4681.390996700808,0.0010860648634908,2025-06-23 04:00:00,6,23,4,2025-06-23,night_00_05,16750.90037329919,0.21842699485009884
22471.3372959999,3039.252851916214,15873.654411947797,3558.430032135889,0.0037627140837964,2025-06-23 05:00:00,6,23,5,2025-06-23,night_00_05,18912.90726386401,0.15835417292985593
30063.938391,1244.320512555265,15873.654411947797,12945.963466496938,0.0015405175368665,2025-06-23 20:00:00,6,23,20,2025-06-23,evening_peak_16_20,17117.97492450306,0.43061435591460856
29497.923847,-0.0,15873.654411947797,13624.269435052202,0.0,2025-06-23 21:00:00,6,23,21,2025-06-23,late_evening_21_23,15873.654411947797,0.46187214753548894
27794.447452,-0.0,15873.654411947797,11920.793040052204,0.0,2025-06-23 22:00:00,6,23,22,2025-06-23,late_evening_21_23,15873.654411947797,0.4288911683039924
26019.442702,-0.0,15873.654411947797,10145.788290052204,0.0,2025-06-23 23:00:00,6,23,23,2025-06-23,late_evening_21_23,15873.654411947797,0.3899310375803069
24718.6977679999,-0.0,15873.654411947797,8845.043356052103,0.0,2025-06-24 00:00:00,6,24,0,2025-06-24,night_00_05,15873.654411947797,0.35782804737807167
23727.314482,236.4208973854721,15873.654411947797,7617.239172666733,0.0002926983320046,2025-06-24 01:00:00,6,24,1,2025-06-24,night_00_05,16110.07530933327,0.32103250363395813
22761.2176909999,-0.0,15873.654411947797,6887.563279052103,0.0,2025-06-24 02:00:00,6,24,2,2025-06-24,night_00_05,15873.654411947797,0.3026008262192203
22129.265302,-0.0,15873.654411947797,6255.610890052203,0.0,2025-06-24 03:00:00,6,24,3,2025-06-24,night_00_05,15873.654411947797,0.2826849786778431
22339.4404799999,-0.0,15873.654411947797,6465.786068052103,0.0,2025-06-24 04:00:00,6,24,4,2025-06-24,night_00_05,15873.654411947797,0.2894336621295777
23238.110457,1938.0291983047657,15873.654411947797,5426.426846747437,0.0023993560636695,2025-06-24 05:00:00,6,24,5,2025-06-24,night_00_05,17811.683610252563,0.2335141171132887
29614.490934,5369.24301167593,15873.654411947797,8371.593510376275,0.0066473331715789,2025-06-24 20:00:00,6,24,20,2025-06-24,evening_peak_16_20,21242.897423623726,0.2826857138633087
29671.0542709999,1838.4835573003606,15873.654411947797,11958.916301751742,0.0022761146607202,2025-06-24 21:00:00,6,24,21,2025-06-24,late_evening_21_23,17712.137969248157,0.40304992847659715
28043.605036,1838.4835573003606,15873.654411947797,10331.467066751844,0.0022761146607202,2025-06-24 22:00:00,6,24,22,2025-06-24,late_evening_21_23,17712.137969248157,0.3684072377103152
26190.289574,1717.1623073262094,15873.654411947797,8599.472854725993,0.0021259142008757,2025-06-24 23:00:00,6,24,23,2025-06-24,late_evening_21_23,17590.816719274007,0.3283458485798105
25039.221801,1738.9379162959558,15873.654411947797,7426.629472756247,0.0021528732577709,2025-06-25 00:00:00,6,25,0,2025-06-25,night_00_05,17612.59232824375,0.2965998516958561
24101.5363979999,1723.38390988904,15873.654411947797,6504.498076163061,0.0021336167885601,2025-06-25 01:00:00,6,25,1,2025-06-25,night_00_05,17597.038321836837,0.2698789806903284
23042.470981,1757.6027239842865,15873.654411947797,5411.213845067916,0.0021759810208239,2025-06-25 02:00:00,6,25,2,2025-06-25,night_00_05,17631.257135932083,0.23483652640942068
22523.854212,1766.9351278284519,15873.654411947797,4883.26467222375,0.0021875349023504,2025-06-25 03:00:00,6,25,3,2025-06-25,night_00_05,17640.589539776247,0.2168041324660191
22513.730381,1838.4835573003606,15873.654411947797,4801.592411751844,0.0022761146607202,2025-06-25 04:00:00,6,25,4,2025-06-25,night_00_05,17712.137969248157,0.21327395906828703
23276.008445,3530.7594543755695,15873.654411947797,3871.5945786766333,0.0043712185108587,2025-06-25 05:00:00,6,25,5,2025-06-25,night_00_05,19404.413866323368,0.1663341284578501
31797.355556,5997.624870516353,15873.654411947797,9926.076273535848,0.0074252945276965,2025-06-25 20:00:00,6,25,20,2025-06-25,evening_peak_16_20,21871.27928246415,0.31216672267146595
31226.131776,1001.678012606962,15873.654411947797,14350.79935144524,0.0012401166171775,2025-06-25 21:00:00,6,25,21,2025-06-25,late_evening_21_23,16875.33242455476,0.45957659611476687
29425.211596,727.927499844828,15873.654411947797,12823.629684207377,0.0009012027590669,2025-06-25 22:00:00,6,25,22,2025-06-25,late_evening_21_23,16601.581911792626,0.4358041620999114
27288.117255,762.1463139400746,15873.654411947797,10652.31652911213,0.0009435669913307,2025-06-25 23:00:00,6,25,23,2025-06-25,late_evening_21_23,16635.80072588787,0.39036465687863847
26054.38525,808.8083331609021,15873.654411947797,9371.922504891301,0.0010013363989632,2025-06-26 00:00:00,6,26,0,2025-06-26,night_00_05,16682.4627451087,0.3597061460082349
24797.535711,724.8166985634126,15873.654411947797,8199.064600488791,0.0008973514652247,2025-06-26 01:00:00,6,26,1,2025-06-26,night_00_05,16598.47111051121,0.33064029813461454
23652.3563169999,653.2682690915041,15873.654411947797,7125.433635960599,0.0008087717068549,2025-06-26 02:00:00,6,26,2,2025-06-26,night_00_05,16526.9226810393,0.3012568194247633
22979.706691,693.7086857495007,15873.654411947797,6412.343593302702,0.000858838526803,2025-06-26 03:00:00,6,26,3,2025-06-26,night_00_05,16567.363097697296,0.2790437528001215
22974.298835,706.1518908750817,15873.654411947797,6394.492532177123,0.0008742437021717,2025-06-26 04:00:00,6,26,4,2025-06-26,night_00_05,16579.80630282288,0.27833243478297093
23643.399618,2460.6438135780336,15873.654411947797,5309.101392474169,0.0030463734291535,2025-06-26 05:00:00,6,26,5,2025-06-26,night_00_05,18334.298225525832,0.224548985266581
32317.916087,3508.983845405823,15873.654411947797,12935.277829646384,0.0043442594539635,2025-06-26 20:00:00,6,26,20,2025-06-26,evening_peak_16_20,19382.63825735362,0.40025098755824934
31604.541454,258.1965063552185,15873.654411947797,15472.690535696984,0.0003196573888998,2025-06-26 21:00:00,6,26,21,2025-06-26,late_evening_21_23,16131.850918303015,0.489571745827013
29798.92331,-0.0,15873.654411947797,13925.268898052202,0.0,2025-06-26 22:00:00,6,26,22,2025-06-26,late_evening_21_23,15873.654411947797,0.46730778670043843
27549.37688,-0.0,15873.654411947797,11675.722468052203,0.0,2025-06-26 23:00:00,6,26,23,2025-06-26,late_evening_21_23,15873.654411947797,0.423810764174794
26102.564566,155.54006406939803,15873.654411947797,10073.370089982805,0.0001925646921083,2025-06-27 00:00:00,6,27,0,2025-06-27,night_00_05,16029.194476017195,0.38591495730285114
24714.288946,329.74493582712705,15873.654411947797,8510.889598225076,0.0004082371472696,2025-06-27 01:00:00,6,27,1,2025-06-27,night_00_05,16203.399347774925,0.34437121038849716
23592.024485,-0.0,15873.654411947797,7718.370073052205,0.0,2025-06-27 02:00:00,6,27,2,2025-06-27,night_00_05,15873.654411947797,0.3271601416809145
22941.616129,-0.0,15873.654411947797,7067.9617170522015,0.0,2025-06-27 03:00:00,6,27,3,2025-06-27,night_00_05,15873.654411947797,0.30808473462851405
22951.354625,-0.0,15873.654411947797,7077.700213052203,0.0,2025-06-27 04:00:00,6,27,4,2025-06-27,night_00_05,15873.654411947797,0.30837832139732374
23667.0826969999,1060.7832369533705,15873.654411947797,6732.645048098732,0.0013132912001787,2025-06-27 05:00:00,6,27,5,2025-06-27,night_00_05,16934.437648901167,0.28447295910079273
33594.312769,3272.562948020351,15873.654411947797,14448.095409031846,0.0040515611219589,2025-06-27 20:00:00,6,27,20,2025-06-27,evening_peak_16_20,19146.21735996815,0.4300756353725501
32586.645109,-0.0,15873.654411947797,16712.990697052206,0.0,2025-06-27 21:00:00,6,27,21,2025-06-27,late_evening_21_23,15873.654411947797,0.512878531715936
30394.599602,146.20766022523253,15873.654411947797,14374.737529826969,0.0001810108105818,2025-06-27 22:00:00,6,27,22,2025-06-27,late_evening_21_23,16019.86207217303,0.4729372229954
28310.620948,-0.0,15873.654411947797,12436.966536052203,0.0,2025-06-27 23:00:00,6,27,23,2025-06-27,late_evening_21_23,15873.654411947797,0.4393039120864218
26779.1426989999,-0.0,15873.654411947797,10905.488287052105,0.0,2025-06-28 00:00:00,6,28,0,2025-06-28,night_00_05,15873.654411947797,0.40723814087817617
25113.806816,-0.0,15873.654411947797,9240.152404052204,0.0,2025-06-28 01:00:00,6,28,1,2025-06-28,night_00_05,15873.654411947797,0.36793117314915813
23840.1966259999,-0.0,15873.654411947797,7966.542214052102,0.0,2025-06-28 02:00:00,6,28,2,2025-06-28,night_00_05,15873.654411947797,0.3341642830816196
22976.2154129999,-0.0,15873.654411947797,7102.561001052103,0.0,2025-06-28 03:00:00,6,28,3,2025-06-28,night_00_05,15873.654411947797,0.30912667179441083
22622.579377,-0.0,15873.654411947797,6748.9249650522015,0.0,2025-06-28 04:00:00,6,28,4,2025-06-28,night_00_05,15873.654411947797,0.29832694373983376
22637.094167,1029.6752241394586,15873.654411947797,5733.764530912744,0.001274778261757,2025-06-28 05:00:00,6,28,5,2025-06-28,night_00_05,16903.329636087255,0.25329066039188614
33620.612111,1994.0236213697588,15873.654411947797,15752.934077682445,0.0024686793528285,2025-06-28 20:00:00,6,28,20,2025-06-28,evening_peak_16_20,17867.678033317556,0.46854988914756834
32402.034336,-0.0,15873.654411947797,16528.379924052206,0.0,2025-06-28 21:00:00,6,28,21,2025-06-28,late_evening_21_23,15873.654411947797,0.5101031544086876
30289.105168,9.332403844164551,15873.654411947797,14406.118352208037,1.1553881526498828e-05,2025-06-28 22:00:00,6,28,22,2025-06-28,late_evening_21_23,15882.98681579196,0.47562046723743734
28103.670749,-0.0,15873.654411947797,12230.016337052204,0.0,2025-06-28 23:00:00,6,28,23,2025-06-28,late_evening_21_23,15873.654411947797,0.4351750504865055
26427.302842,-0.0,15873.654411947797,10553.648430052204,0.0,2025-06-29 00:00:00,6,29,0,2025-06-29,night_00_05,15873.654411947797,0.3993464067502059
24775.4689259999,-0.0,15873.654411947797,8901.814514052103,0.0,2025-06-29 01:00:00,6,29,1,2025-06-29,night_00_05,15873.654411947797,0.3592995369992917
23555.053299,-0.0,15873.654411947797,7681.398887052203,0.0,2025-06-29 02:00:00,6,29,2,2025-06-29,night_00_05,15873.654411947797,0.3261040758238618
22741.361335,-0.0,15873.654411947797,6867.706923052205,0.0,2025-06-29 03:00:00,6,29,3,2025-06-29,night_00_05,15873.654411947797,0.301991900215863
22106.2868949999,-0.0,15873.654411947797,6232.6324830521025,0.0,2025-06-29 04:00:00,6,29,4,2025-06-29,night_00_05,15873.654411947797,0.28193936469999525
21877.929108,998.5672113255467,15873.654411947797,5005.707484726657,0.0012362653233353,2025-06-29 05:00:00,6,29,5,2025-06-29,night_00_05,16872.221623273344,0.2288017051347078
33074.088549,1595.8410573520578,15873.654411947797,15604.593079700144,0.0019757137410312,2025-06-29 20:00:00,6,29,20,2025-06-29,evening_peak_16_20,17469.495469299854,0.4718071990580055
32013.579039,304.85852557596525,15873.654411947797,15835.066101476239,0.0003774267965322,2025-06-29 21:00:00,6,29,21,2025-06-29,late_evening_21_23,16178.512937523761,0.4946359194073689
29972.221228,-0.0,15873.654411947797,14098.566816052202,0.0,2025-06-29 22:00:00,6,29,22,2025-06-29,late_evening_21_23,15873.654411947797,0.47038778703799716
27621.634488,-0.0,15873.654411947797,11747.980076052203,0.0,2025-06-29 23:00:00,6,29,23,2025-06-29,late_evening_21_23,15873.654411947797,0.4253180629537336
26135.17144,-0.0,15873.654411947797,10261.517028052202,0.0,2025-06-30 00:00:00,6,30,0,2025-06-30,night_00_05,15873.654411947797,0.3926324742736106
25206.470767,-0.0,15873.654411947797,9332.816355052202,0.0,2025-06-30 01:00:00,6,30,1,2025-06-30,night_00_05,15873.654411947797,0.370254782643773
23950.328831,-0.0,15873.654411947797,8076.674419052202,0.0,2025-06-30 02:00:00,6,30,2,2025-06-30,night_00_05,15873.654411947797,0.33722603460033485
22996.818217,-0.0,15873.654411947797,7123.163805052203,0.0,2025-06-30 03:00:00,6,30,3,2025-06-30,night_00_05,15873.654411947797,0.30974562384402066
22803.602241,-0.0,15873.654411947797,6929.947829052204,0.0,2025-06-30 04:00:00,6,30,4,2025-06-30,night_00_05,15873.654411947797,0.30389706660434657
23465.654109,740.3707049703281,15873.654411947797,6851.6289920818745,0.0009166079344355,2025-06-30 05:00:00,6,30,5,2025-06-30,night_00_05,16614.025116918125,0.29198542517738746
34772.14527765,2410.8709930757905,15873.654411947797,16487.619872626412,0.0029847527276788,2025-06-30 20:00:00,6,30,20,2025-06-30,evening_peak_16_20,18284.52540502359,0.47416171021302866
33489.888495,15.554006406940918,15873.654411947797,17600.68007664526,1.925646921083138e-05,2025-06-30 21:00:00,6,30,21,2025-06-30,late_evening_21_23,15889.208418354738,0.5255520656413359
31292.478469,264.4181089179686,15873.654411947797,15154.405948134236,0.0003273599765841,2025-06-30 22:00:00,6,30,22,2025-06-30,late_evening_21_23,16138.072520865766,0.48428269953583253
28781.081669,258.1965063552185,15873.654411947797,12649.230750696985,0.0003196573888998,2025-06-30 23:00:00,6,30,23,2025-06-30,late_evening_21_23,16131.850918303015,0.4394981014324221
27190.429109,345.29894223404267,15873.654411947797,10971.47575481816,0.0004274936164804,2025-07-01 00:00:00,7,1,0,2025-07-01,night_00_05,16218.95335418184,0.40350506094758964
25401.267751,367.07455120378904,15873.654411947797,9160.538787848414,0.0004544526733756,2025-07-01 01:00:00,7,1,1,2025-07-01,night_00_05,16240.728963151585,0.3606331336548264
24393.671686,307.9693268573806,15873.654411947797,8212.047947194824,0.0003812780903744,2025-07-01 02:00:00,7,1,2,2025-07-01,night_00_05,16181.623738805178,0.3366466538084907
23600.686209,301.7477242946306,15873.654411947797,7425.284072757572,0.0003735755026901,2025-07-01 03:00:00,7,1,3,2025-07-01,night_00_05,16175.402136242426,0.31462153290805495
23657.282233,248.864102511053,15873.654411947797,7534.763718541152,0.0003081035073733,2025-07-01 04:00:00,7,1,4,2025-07-01,night_00_05,16122.51851445885,0.31849658994348745
24297.326757,1266.0961215249306,15873.654411947797,7157.576223527271,0.0015674765937616,2025-07-01 05:00:00,7,1,5,2025-07-01,night_00_05,17139.75053347273,0.29458286893496183
34277.276025,2289.5497431016393,15873.654411947797,16114.071869950561,0.0028345522678343,2025-07-01 20:00:00,7,1,20,2025-07-01,evening_peak_16_20,18163.204155049436,0.47010946430509315
33386.972825,460.3985896454441,15873.654411947797,17052.919823406755,0.0005699914886406,2025-07-01 21:00:00,7,1,21,2025-07-01,late_evening_21_23,16334.05300159324,0.5107656783617596
31168.54138,105.76724356715513,15873.654411947797,15189.119724485046,0.0001309439906336,2025-07-01 22:00:00,7,1,22,2025-07-01,late_evening_21_23,15979.421655514952,0.48732212198519786
28834.660853,-0.0,15873.654411947797,12961.006441052205,0.0,2025-07-01 23:00:00,7,1,23,2025-07-01,late_evening_21_23,15873.654411947797,0.4494939790389011
27318.62926,-0.0,15873.654411947797,11444.974848052205,0.0,2025-07-02 00:00:00,7,2,0,2025-07-02,night_00_05,15873.654411947797,0.41894396454253885
26117.39213,-0.0,15873.654411947797,10243.737718052203,0.0,2025-07-02 01:00:00,7,2,1,2025-07-02,night_00_05,15873.654411947797,0.39221901126512676
25339.05182,-0.0,15873.654411947797,9465.397408052204,0.0,2025-07-02 02:00:00,7,2,2,2025-07-02,night_00_05,15873.654411947797,0.3735497869174887
24583.833872,-0.0,15873.654411947797,8710.179460052203,0.0,2025-07-02 03:00:00,7,2,3,2025-07-02,night_00_05,15873.654411947797,0.3543051708453313
24447.233214,-0.0,15873.654411947797,8573.578802052203,0.0,2025-07-02 04:00:00,7,2,4,2025-07-02,night_00_05,15873.654411947797,0.3506973049671094
24431.56335,205.31288457156015,15873.654411947797,8352.596053480644,0.0002541853935829,2025-07-02 05:00:00,7,2,5,2025-07-02,night_00_05,16078.967296519357,0.3418772648243422
33314.458303,1633.1706727287196,15873.654411947797,15807.63321832348,0.0020219292671372,2025-07-02 20:00:00,7,2,20,2025-07-02,evening_peak_16_20,17506.825084676515,0.47449768129352976
32433.3268729999,-0.0,15873.654411947797,16559.672461052105,0.0,2025-07-02 21:00:00,7,2,21,2025-07-02,late_evening_21_23,15873.654411947797,0.5105758199242182
30582.201268,-0.0,15873.654411947797,14708.546856052204,0.0,2025-07-02 22:00:00,7,2,22,2025-07-02,late_evening_21_23,15873.654411947797,0.4809512149618426
28522.723883,-0.0,15873.654411947797,12649.069471052202,0.0,2025-07-02 23:00:00,7,2,23,2025-07-02,late_evening_21_23,15873.654411947797,0.44347340467686713
27152.964621,-0.0,15873.654411947797,11279.310209052202,0.0,2025-07-03 00:00:00,7,3,0,2025-07-03,night_00_05,15873.654411947797,0.41539884747350303
25619.643448,-0.0,15873.654411947797,9745.989036052202,0.0,2025-07-03 01:00:00,7,3,1,2025-07-03,night_00_05,15873.654411947797,0.38041079907429487
24602.341754,239.53169866688754,15873.654411947797,8489.155643385317,0.0002965496258468,2025-07-03 02:00:00,7,3,2,2025-07-03,night_00_05,16113.186110614684,0.3450547808931683
23891.530898,-0.0,15873.654411947797,8017.876486052204,0.0,2025-07-03 03:00:00,7,3,3,2025-07-03,night_00_05,15873.654411947797,0.33559492358538623
23744.916892,286.19371788763425,15873.654411947797,7585.06876216457,0.0003543190334792,2025-07-03 04:00:00,7,3,4,2025-07-03,night_00_05,16159.84812983543,0.31943968457182037
24448.06493,426.17977555011663,15873.654411947797,8148.230742502087,0.0005276272563767,2025-07-03 05:00:00,7,3,5,2025-07-03,night_00_05,16299.834187497914,0.3332873487465041
31471.088115,3708.0751274147146,15873.654411947797,11889.358575637487,0.0045907422598622,2025-07-03 20:00:00,7,3,20,2025-07-03,evening_peak_16_20,19581.72953936251,0.37778670162887334
30788.2826839999,-0.0,15873.654411947797,14914.628272052103,0.0,2025-07-03 21:00:00,7,3,21,2025-07-03,late_evening_21_23,15873.654411947797,0.4844254687775411
29331.545508,-0.0,15873.654411947797,13457.891096052203,0.0,2025-07-03 22:00:00,7,3,22,2025-07-03,late_evening_21_23,15873.654411947797,0.45881970632545244
27728.781431,-0.0,15873.654411947797,11855.127019052203,0.0,2025-07-03 23:00:00,7,3,23,2025-07-03,late_evening_21_23,15873.654411947797,0.4275386947151779
26272.227552,-0.0,15873.654411947797,10398.573140052204,0.0,2025-07-04 00:00:00,7,4,0,2025-07-04,night_00_05,15873.654411947797,0.39580096965400263
24851.077763,-0.0,15873.654411947797,8977.423351052204,0.0,2025-07-04 01:00:00,7,4,1,2025-07-04,night_00_05,15873.654411947797,0.36124885353738706
23720.379765,-0.0,15873.654411947797,7846.725353052205,0.0,2025-07-04 02:00:00,7,4,2,2025-07-04,night_00_05,15873.654411947797,0.3308010002702503
22778.084492,-0.0,15873.654411947797,6904.430080052205,0.0,2025-07-04 03:00:00,7,4,3,2025-07-04,night_00_05,15873.654411947797,0.3031172389617372
22604.518472,-0.0,15873.654411947797,6730.864060052203,0.0,2025-07-04 04:00:00,7,4,4,2025-07-04,night_00_05,15873.654411947797,0.29776631023525935
22548.18895,404.40416658045103,15873.654411947797,6270.130371471752,0.0005006681994816,2025-07-04 05:00:00,7,4,5,2025-07-04,night_00_05,16278.058578528247,0.2780768950169611
29043.854563,1430.9685894384943,15873.654411947797,11739.23156161371,0.0017715951673964,2025-07-04 20:00:00,7,4,20,2025-07-04,evening_peak_16_20,17304.62300138629,0.40418986178813654
28291.249839,-0.0,15873.654411947797,12417.595427052203,0.0,2025-07-04 21:00:00,7,4,21,2025-07-04,late_evening_21_23,15873.654411947797,0.4389200016866813
27393.1848939999,-0.0,15873.654411947797,11519.530482052103,0.0,2025-07-04 22:00:00,7,4,22,2025-07-04,late_evening_21_23,15873.654411947797,0.42052541632628115
26122.57845,-0.0,15873.654411947797,10248.924038052204,0.0,2025-07-04 23:00:00,7,4,23,2025-07-04,late_evening_21_23,15873.654411947797,0.3923396787828272
24944.14759,-0.0,15873.654411947797,9070.493178052204,0.0,2025-07-05 00:00:00,7,5,0,2025-07-05,night_00_05,15873.654411947797,0.3636321163240922
23712.227195,-0.0,15873.654411947797,7838.572783052203,0.0,2025-07-05 01:00:00,7,5,1,2025-07-05,night_00_05,15873.654411947797,0.3305709210101132
22712.941751,-0.0,15873.654411947797,6839.287339052202,0.0,2025-07-05 02:00:00,7,5,2,2025-07-05,night_00_05,15873.654411947797,0.30111851710054616
22026.650591,-0.0,15873.654411947797,6152.996179052205,0.0,2025-07-05 03:00:00,7,5,3,2025-07-05,night_00_05,15873.654411947797,0.27934325074218475
21892.585888,-0.0,15873.654411947797,6018.931476052205,0.0,2025-07-05 04:00:00,7,5,4,2025-07-05,night_00_05,15873.654411947797,0.274930129626732
21737.274335,432.4013781129475,15873.654411947797,5431.218544939254,0.0005353298440611,2025-07-05 05:00:00,7,5,5,2025-07-05,night_00_05,16306.055790060744,0.24985738603824148
30375.2808009999,1384.3065702176668,15873.654411947797,13117.319818834436,0.0017138257597639,2025-07-05 20:00:00,7,5,20,2025-07-05,evening_peak_16_20,17257.960982165463,0.4318419278087015
29711.8764109999,-0.0,15873.654411947797,13838.221999052103,0.0,2025-07-05 21:00:00,7,5,21,2025-07-05,late_evening_21_23,15873.654411947797,0.4657471580599646
27982.732731,-0.0,15873.654411947797,12109.078319052203,0.0,2025-07-05 22:00:00,7,5,22,2025-07-05,late_evening_21_23,15873.654411947797,0.4327339447314755
26419.765241,-0.0,15873.654411947797,10546.110829052204,0.0,2025-07-05 23:00:00,7,5,23,2025-07-05,late_evening_21_23,15873.654411947797,0.3991750393257101
24753.74146,-0.0,15873.654411947797,8880.087048052204,0.0,2025-07-06 00:00:00,7,6,0,2025-07-06,night_00_05,15873.654411947797,0.35873716554734525
23321.113911,-0.0,15873.654411947797,7447.459499052204,0.0,2025-07-06 01:00:00,7,6,1,2025-07-06,night_00_05,15873.654411947797,0.3193440728206134
22477.342096,211.53448713439101,15873.654411947797,6392.153196917812,0.0002618879812673,2025-07-06 02:00:00,7,6,2,2025-07-06,night_00_05,16085.188899082188,0.28438207549705535
21723.8106459999,-0.0,15873.654411947797,5850.156234052103,0.0,2025-07-06 03:00:00,7,6,3,2025-07-06,night_00_05,15873.654411947797,0.2692969631057486
21516.731105,-0.0,15873.654411947797,5643.076693052202,0.0,2025-07-06 04:00:00,7,6,4,2025-07-06,night_00_05,15873.654411947797,0.2622645914713727
21228.678916,475.9525960523596,15873.654411947797,4879.071907999844,0.0005892479578514,2025-07-06 05:00:00,7,6,5,2025-07-06,night_00_05,16349.607008000155,0.22983398671702082
31476.1367719999,1626.9490701659695,15873.654411947797,13975.533289886134,0.0020142266794529,2025-07-06 20:00:00,7,6,20,2025-07-06,evening_peak_16_20,17500.603482113765,0.4440040844630683
30660.627404,111.9888461299052,15873.654411947797,14674.984145922297,0.0001386465783179,2025-07-06 21:00:00,7,6,21,2025-07-06,late_evening_21_23,15985.643258077702,0.4786263487878853
28691.2755,-0.0,15873.654411947797,12817.621088052203,0.0,2025-07-06 22:00:00,7,6,22,2025-07-06,late_evening_21_23,15873.654411947797,0.44674281169731206
26695.779595,-0.0,15873.654411947797,10822.125183052203,0.0,2025-07-06 23:00:00,7,6,23,2025-07-06,late_evening_21_23,15873.654411947797,0.40538711913395997
25237.5794069999,-0.0,15873.654411947797,9363.924995052103,0.0,2025-07-07 00:00:00,7,7,0,2025-07-07,night_00_05,15873.654411947797,0.3710310265514181
24293.287785,-0.0,15873.654411947797,8419.633373052204,0.0,2025-07-07 01:00:00,7,7,1,2025-07-07,night_00_05,15873.654411947797,0.346582704143115
23783.385201,-0.0,15873.654411947797,7909.730789052204,0.0,2025-07-07 02:00:00,7,7,2,2025-07-07,night_00_05,15873.654411947797,0.3325737998272689
23294.108462,-0.0,15873.654411947797,7420.4540500522035,0.0,2025-07-07 03:00:00,7,7,3,2025-07-07,night_00_05,15873.654411947797,0.31855497119184845
23240.908144,-0.0,15873.654411947797,7367.253732052204,0.0,2025-07-07 04:00:00,7,7,4,2025-07-07,night_00_05,15873.654411947797,0.31699508841930407
23622.058652,295.5261217317997,15873.654411947797,7452.878118320404,0.0003658729150057,2025-07-07 05:00:00,7,7,5,2025-07-07,night_00_05,16169.180533679597,0.31550502130725144
33319.6564262,933.2403844163882,15873.654411947797,16512.761629835815,0.0011553881526498,2025-07-07 20:00:00,7,7,20,2025-07-07,evening_peak_16_20,16806.894796364184,0.4955861914845993
32342.761601,-0.0,15873.654411947797,16469.1071890522,0.0,2025-07-07 21:00:00,7,7,21,2025-07-07,late_evening_21_23,15873.654411947797,0.509205348393719
30055.104285,-0.0,15873.654411947797,14181.449873052205,0.0,2025-07-07 22:00:00,7,7,22,2025-07-07,late_evening_21_23,15873.654411947797,0.47184830032780584
28125.712545,-0.0,15873.654411947797,12252.058133052202,0.0,2025-07-07 23:00:00,7,7,23,2025-07-07,late_evening_21_23,15873.654411947797,0.4356176972743146
26550.483596,-0.0,15873.654411947797,10676.829184052202,0.0,2025-07-08 00:00:00,7,8,0,2025-07-08,night_00_05,15873.654411947797,0.4021331342401889
25304.573332,-0.0,15873.654411947797,9430.918920052203,0.0,2025-07-08 01:00:00,7,8,1,2025-07-08,night_00_05,15873.654411947797,0.3726962235765471
24294.0547299999,-0.0,15873.654411947797,8420.400318052105,0.0,2025-07-08 02:00:00,7,8,2,2025-07-08,night_00_05,15873.654411947797,0.3466033320347319
23805.34537,-0.0,15873.654411947797,7931.690958052202,0.0,2025-07-08 03:00:00,7,8,3,2025-07-08,night_00_05,15873.654411947797,0.33318949314837026
23972.7621159999,-0.0,15873.654411947797,8099.107704052103,0.0,2025-07-08 04:00:00,7,8,4,2025-07-08,night_00_05,15873.654411947797,0.3378462467054056
24404.918511,279.97211532488416,15873.654411947797,8251.291983727318,0.0003466164457949,2025-07-08 05:00:00,7,8,5,2025-07-08,night_00_05,16153.626527272681,0.3380995507118052
34441.9795778,2158.896089283322,15873.654411947797,16409.42907656888,0.0026727979264633,2025-07-08 20:00:00,7,8,20,2025-07-08,evening_peak_16_20,18032.55050123112,0.4764368737720807
33529.451553,-0.0,15873.654411947797,17655.7971410522,0.0,2025-07-08 21:00:00,7,8,21,2025-07-08,late_evening_21_23,15873.654411947797,0.5265757810903553
31299.779278,-0.0,15873.654411947797,15426.124866052205,0.0,2025-07-08 22:00:00,7,8,22,2025-07-08,late_evening_21_23,15873.654411947797,0.49285091530645153
28935.016007,-0.0,15873.654411947797,13061.361595052202,0.0,2025-07-08 23:00:00,7,8,23,2025-07-08,late_evening_21_23,15873.654411947797,0.4514032959889284
27598.927205,525.7254165546025,15873.654411947797,11199.547376497601,0.0006508686593261,2025-07-09 00:00:00,7,9,0,2025-07-09,night_00_05,16399.3798285024,0.4057964751060548
26195.108178,-0.0,15873.654411947797,10321.453766052202,0.0,2025-07-09 01:00:00,7,9,1,2025-07-09,night_00_05,15873.654411947797,0.3940221852078737
25038.095309,-0.0,15873.654411947797,9164.440897052204,0.0,2025-07-09 02:00:00,7,9,2,2025-07-09,night_00_05,15873.654411947797,0.36601989024932036
24515.581966,-0.0,15873.654411947797,8641.927554052205,0.0,2025-07-09 03:00:00,7,9,3,2025-07-09,night_00_05,15873.654411947797,0.35250754259219547
24423.12515,-0.0,15873.654411947797,8549.470738052203,0.0,2025-07-09 04:00:00,7,9,4,2025-07-09,night_00_05,15873.654411947797,0.3500563783522275
24870.24598,703.0410895936661,15873.654411947797,8293.550478458537,0.0008703924083295,2025-07-09 05:00:00,7,9,5,2025-07-09,night_00_05,16576.695501541464,0.3334727965749914
35788.966372,2093.5692623742448,15873.654411947797,17821.74269767796,0.0025919207557779,2025-07-09 20:00:00,7,9,20,2025-07-09,evening_peak_16_20,17967.223674322042,0.4979675163689849
34754.325139,-0.0,15873.654411947797,18880.670727052202,0.0,2025-07-09 21:00:00,7,9,21,2025-07-09,late_evening_21_23,15873.654411947797,0.543261037339638
32344.758513,217.7560896971411,15873.654411947797,16253.348011355061,0.0002695905689516,2025-07-09 22:00:00,7,9,22,2025-07-09,late_evening_21_23,16091.410501644938,0.5025033037369105
29838.381308,-0.0,15873.654411947797,13964.726896052203,0.0,2025-07-09 23:00:00,7,9,23,2025-07-09,late_evening_21_23,15873.654411947797,0.4680122139302545
28203.9348819999,139.9860576624017,15873.654411947797,12190.294412389701,0.0001733082228974,2025-07-10 00:00:00,7,10,0,2025-07-10,night_00_05,16013.640469610198,0.43221963401176683
26614.650164,-0.0,15873.654411947797,10740.995752052202,0.0,2025-07-10 01:00:00,7,10,1,2025-07-10,night_00_05,15873.654411947797,0.40357456084772764
25371.612241,-0.0,15873.654411947797,9497.957829052202,0.0,2025-07-10 02:00:00,7,10,2,2025-07-10,night_00_05,15873.654411947797,0.37435373593262233
25071.331374,-0.0,15873.654411947797,9197.676962052205,0.0,2025-07-10 03:00:00,7,10,3,2025-07-10,night_00_05,15873.654411947797,0.36686033241898647
24622.723592,180.42647432047912,15873.654411947797,8568.642705731723,0.0002233750428456,2025-07-10 04:00:00,7,10,4,2025-07-10,night_00_05,16054.080886268275,0.34799735592677095
24711.160984,158.6508653507327,15873.654411947797,8678.855706701468,0.0001964159859504,2025-07-10 05:00:00,7,10,5,2025-07-10,night_00_05,16032.30527729853,0.35121197714348024
37983.374162,1981.5804162442587,15873.654411947797,20128.139333807943,0.0024532741774599,2025-07-10 20:00:00,7,10,20,2025-07-10,evening_peak_16_20,17855.234828192057,0.5299197287729349
36555.795873,-0.0,15873.654411947797,20682.141461052204,0.0,2025-07-10 21:00:00,7,10,21,2025-07-10,late_evening_21_23,15873.654411947797,0.5657691473304229
33840.325644,-0.0,15873.654411947797,17966.6712320522,0.0,2025-07-10 22:00:00,7,10,22,2025-07-10,late_evening_21_23,15873.654411947797,0.530924891830577
31069.369278,-0.0,15873.654411947797,15195.714866052202,0.0,2025-07-10 23:00:00,7,10,23,2025-07-10,late_evening_21_23,15873.654411947797,0.48908990491841686
29171.033814,-0.0,15873.654411947797,13297.379402052202,0.0,2025-07-11 00:00:00,7,11,0,2025-07-11,night_00_05,15873.654411947797,0.45584189737116604
27359.850047,-0.0,15873.654411947797,11486.195635052203,0.0,2025-07-11 01:00:00,7,11,1,2025-07-11,night_00_05,15873.654411947797,0.4198193928446498
25939.102408,-0.0,15873.654411947797,10065.447996052202,0.0,2025-07-11 02:00:00,7,11,2,2025-07-11,night_00_05,15873.654411947797,0.38804149186549614
25112.536073,-0.0,15873.654411947797,9238.881661052203,0.0,2025-07-11 03:00:00,7,11,3,2025-07-11,night_00_05,15873.654411947797,0.36789918924140363
24917.614396,-0.0,15873.654411947797,9043.959984052204,0.0,2025-07-11 04:00:00,7,11,4,2025-07-11,night_00_05,15873.654411947797,0.36295448835198374
25426.2143779999,105.76724356715513,15873.654411947797,9446.792722484946,0.0001309439906336,2025-07-11 05:00:00,7,11,5,2025-07-11,night_00_05,15979.421655514952,0.3715375235197737
35876.053861,1256.7637176807652,15873.654411947797,18745.635731371436,0.0015559227122351,2025-07-11 20:00:00,7,11,20,2025-07-11,evening_peak_16_20,17130.41812962856,0.5225110822946268
34759.29409,-0.0,15873.654411947797,18885.639678052205,0.0,2025-07-11 21:00:00,7,11,21,2025-07-11,late_evening_21_23,15873.654411947797,0.5433263296185714
32600.513939,-0.0,15873.654411947797,16726.859527052206,0.0,2025-07-11 22:00:00,7,11,22,2025-07-11,late_evening_21_23,15873.654411947797,0.5130857617260401
30397.196726,-0.0,15873.654411947797,14523.542314052202,0.0,2025-07-11 23:00:00,7,11,23,2025-07-11,late_evening_21_23,15873.654411947797,0.47779216106561584
28790.052266,-0.0,15873.654411947797,12916.397854052202,0.0,2025-07-12 00:00:00,7,12,0,2025-07-12,night_00_05,15873.654411947797,0.44864100053427125
26944.330541,-0.0,15873.654411947797,11070.676129052203,0.0,2025-07-12 01:00:00,7,12,1,2025-07-12,night_00_05,15873.654411947797,0.41087219117233004
25561.045058,-0.0,15873.654411947797,9687.390646052203,0.0,2025-07-12 02:00:00,7,12,2,2025-07-12,night_00_05,15873.654411947797,0.37899039824352876
24717.207809,-0.0,15873.654411947797,8843.553397052203,0.0,2025-07-12 03:00:00,7,12,3,2025-07-12,night_00_05,15873.654411947797,0.357789337104335
24344.868791,-0.0,15873.654411947797,8471.214379052204,0.0,2025-07-12 04:00:00,7,12,4,2025-07-12,night_00_05,15873.654411947797,0.34796714050000993
24214.13425,96.43483972298962,15873.654411947797,8244.044998329213,0.0001193901091071,2025-07-12 05:00:00,7,12,5,2025-07-12,night_00_05,15970.089251670786,0.34046416498781956
33516.291621,4383.119005475884,15873.654411947797,13259.518203576314,0.0054264730236122,2025-07-12 20:00:00,7,12,20,2025-07-12,evening_peak_16_20,20256.77341742368,0.39561411965005155
32412.524965,-0.0,15873.654411947797,16538.870553052206,0.0,2025-07-12 21:00:00,7,12,21,2025-07-12,late_evening_21_23,15873.654411947797,0.5102617142882687
30656.891474,-0.0,15873.654411947797,14783.237062052203,0.0,2025-07-12 22:00:00,7,12,22,2025-07-12,late_evening_21_23,15873.654411947797,0.4822157874222119
28471.884228,-0.0,15873.654411947797,12598.229816052202,0.0,2025-07-12 23:00:00,7,12,23,2025-07-12,late_evening_21_23,15873.654411947797,0.44247966573504016
27116.3192189999,-0.0,15873.654411947797,11242.664807052102,0.0,2025-07-13 00:00:00,7,13,0,2025-07-13,night_00_05,15873.654411947797,0.4146088086754259
25421.781166,-0.0,15873.654411947797,9548.126754052204,0.0,2025-07-13 01:00:00,7,13,1,2025-07-13,night_00_05,15873.654411947797,0.37558842520532
24331.381333,-0.0,15873.654411947797,8457.726921052204,0.0,2025-07-13 02:00:00,7,13,2,2025-07-13,night_00_05,15873.654411947797,0.3476057033219571
23643.1619169999,-0.0,15873.654411947797,7769.507505052103,0.0,2025-07-13 03:00:00,7,13,3,2025-07-13,night_00_05,15873.654411947797,0.3286154166827269
23189.364207,-0.0,15873.654411947797,7315.709795052202,0.0,2025-07-13 04:00:00,7,13,4,2025-07-13,night_00_05,15873.654411947797,0.3154769457993102
23092.92485,-0.0,15873.654411947797,7219.270438052203,0.0,2025-07-13 05:00:00,7,13,5,2025-07-13,night_00_05,15873.654411947797,0.31261827962221955
33437.0585404,1098.1128523299517,15873.654411947797,16465.29127612225,0.0013595067262846,2025-07-13 20:00:00,7,13,20,2025-07-13,evening_peak_16_20,16971.767264277747,0.4924264272895961
32428.849032,-0.0,15873.654411947797,16555.1946200522,0.0,2025-07-13 21:00:00,7,13,21,2025-07-13,late_evening_21_23,15873.654411947797,0.5105082392445053
30474.8425,721.7058972819972,15873.654411947797,13879.482190770204,0.0008935001713825,2025-07-13 22:00:00,7,13,22,2025-07-13,late_evening_21_23,16595.360309229793,0.45544065373825
28715.463945,-0.0,15873.654411947797,12841.809533052203,0.0,2025-07-13 23:00:00,7,13,23,2025-07-13,late_evening_21_23,15873.654411947797,0.44720884738789835
27007.807092,-0.0,15873.654411947797,11134.152680052202,0.0,2025-07-14 00:00:00,7,14,0,2025-07-14,night_00_05,15873.654411947797,0.41225682048618667
25425.154014,-0.0,15873.654411947797,9551.499602052203,0.0,2025-07-14 01:00:00,7,14,1,2025-07-14,night_00_05,15873.654411947797,0.37567125834489756
24446.335556,-0.0,15873.654411947797,8572.681144052205,0.0,2025-07-14 02:00:00,7,14,2,2025-07-14,night_00_05,15873.654411947797,0.3506734628760409
24137.220705,-0.0,15873.654411947797,8263.566293052203,0.0,2025-07-14 03:00:00,7,14,3,2025-07-14,night_00_05,15873.654411947797,0.3423578213104052
24117.2427379999,-0.0,15873.654411947797,8243.588326052102,0.0,2025-07-14 04:00:00,7,14,4,2025-07-14,night_00_05,15873.654411947797,0.34181305116870764
24586.36192,46.66201922082274,15873.654411947797,8666.04548883138,5.776940763249413e-05,2025-07-14 05:00:00,7,14,5,2025-07-14,night_00_05,15920.31643116862,0.35247368101996035
35222.363161,563.0550319311837,15873.654411947797,18785.65371712102,0.000697084185432,2025-07-14 20:00:00,7,14,20,2025-07-14,evening_peak_16_20,16436.70944387898,0.5333445013684219
34125.413215,-0.0,15873.654411947797,18251.758803052202,0.0,2025-07-14 21:00:00,7,14,21,2025-07-14,late_evening_21_23,15873.654411947797,0.5348435984660707
31874.502969,-0.0,15873.654411947797,16000.848557052204,0.0,2025-07-14 22:00:00,7,14,22,2025-07-14,late_evening_21_23,15873.654411947797,0.50199523338808
29421.60707,-0.0,15873.654411947797,13547.952658052202,0.0,2025-07-14 23:00:00,7,14,23,2025-07-14,late_evening_21_23,15873.654411947797,0.46047629641096294
27996.053791,-0.0,15873.654411947797,12122.399379052202,0.0,2025-07-15 00:00:00,7,15,0,2025-07-15,night_00_05,15873.654411947797,0.43300386081374215
26674.428753,-0.0,15873.654411947797,10800.774341052203,0.0,2025-07-15 01:00:00,7,15,1,2025-07-15,night_00_05,15873.654411947797,0.4049111769577247
25495.139658,-0.0,15873.654411947797,9621.485246052203,0.0,2025-07-15 02:00:00,7,15,2,2025-07-15,night_00_05,15873.654411947797,0.3773850771212827
25195.5863679999,-0.0,15873.654411947797,9321.931956052102,0.0,2025-07-15 03:00:00,7,15,3,2025-07-15,night_00_05,15873.654411947797,0.3699827350671063
24838.97726,205.31288457156015,15873.654411947797,8760.009963480643,0.0002541853935829,2025-07-15 04:00:00,7,15,4,2025-07-15,night_00_05,16078.967296519357,0.3526719265365052
25709.400034,-0.0,15873.654411947797,9835.745622052202,0.0,2025-07-15 05:00:00,7,15,5,2025-07-15,night_00_05,15873.654411947797,0.38257390717187834
33746.760814,1119.888461299698,15873.654411947797,16753.217940752504,0.0013864657831798,2025-07-15 20:00:00,7,15,20,2025-07-15,evening_peak_16_20,16993.542873247494,0.49643928888731603
32836.460737,-0.0,15873.654411947797,16962.806325052203,0.0,2025-07-15 21:00:00,7,15,21,2025-07-15,late_evening_21_23,15873.654411947797,0.516584490055549
30752.263129,-0.0,15873.654411947797,14878.608717052202,0.0,2025-07-15 22:00:00,7,15,22,2025-07-15,late_evening_21_23,15873.654411947797,0.4838215858988725
28610.074953,-0.0,15873.654411947797,12736.420541052203,0.0,2025-07-15 23:00:00,7,15,23,2025-07-15,late_evening_21_23,15873.654411947797,0.445172568124177
27221.289963,-0.0,15873.654411947797,11347.635551052203,0.0,2025-07-16 00:00:00,7,16,0,2025-07-16,night_00_05,15873.654411947797,0.4168661943088021
25849.264785,-0.0,15873.654411947797,9975.610373052203,0.0,2025-07-16 01:00:00,7,16,1,2025-07-16,night_00_05,15873.654411947797,0.38591466550495174
24814.608511,-0.0,15873.654411947797,8940.954099052202,0.0,2025-07-16 02:00:00,7,16,2,2025-07-16,night_00_05,15873.654411947797,0.3603101010071866
24404.841914,-0.0,15873.654411947797,8531.187502052204,0.0,2025-07-16 03:00:00,7,16,3,2025-07-16,night_00_05,15873.654411947797,0.3495694638021085
24416.920503,-0.0,15873.654411947797,8543.266091052205,0.0,2025-07-16 04:00:00,7,16,4,2025-07-16,night_00_05,15873.654411947797,0.34989121949275015
24823.7049889999,615.9386537148421,15873.654411947797,8334.111923337261,0.0007625561807489,2025-07-16 05:00:00,7,16,5,2025-07-16,night_00_05,16489.593065662637,0.3357319919419904
32686.217445,1085.6696472044516,15873.654411947797,15726.893385847752,0.001344101550916,2025-07-16 20:00:00,7,16,20,2025-07-16,evening_peak_16_20,16959.324059152248,0.4811475482689567
32112.5075,-0.0,15873.654411947797,16238.853088052203,0.0,2025-07-16 21:00:00,7,16,21,2025-07-16,late_evening_21_23,15873.654411947797,0.5056862373033997
30263.9049549999,-0.0,15873.654411947797,14390.250543052103,0.0,2025-07-16 22:00:00,7,16,22,2025-07-16,late_evening_21_23,15873.654411947797,0.4754921932397455
28222.4661619999,-0.0,15873.654411947797,12348.811750052102,0.0,2025-07-16 23:00:00,7,16,23,2025-07-16,late_evening_21_23,15873.654411947797,0.4375525398513594
26731.295111,-0.0,15873.654411947797,10857.640699052203,0.0,2025-07-17 00:00:00,7,17,0,2025-07-17,night_00_05,15873.654411947797,0.4061771288658683
25554.220576,-0.0,15873.654411947797,9680.566164052203,0.0,2025-07-17 01:00:00,7,17,1,2025-07-17,night_00_05,15873.654411947797,0.37882455210330274
24531.693942,-0.0,15873.654411947797,8658.039530052205,0.0,2025-07-17 02:00:00,7,17,2,2025-07-17,night_00_05,15873.654411947797,0.35293280400947064
24314.4842569999,-0.0,15873.654411947797,8440.829845052102,0.0,2025-07-17 03:00:00,7,17,3,2025-07-17,night_00_05,15873.654411947797,0.34715232927969963
24039.750537,-0.0,15873.654411947797,8166.096125052203,0.0,2025-07-17 04:00:00,7,17,4,2025-07-17,night_00_05,15873.654411947797,0.3396913837555686
24629.347552,-0.0,15873.654411947797,8755.693140052203,0.0,2025-07-17 05:00:00,7,17,5,2025-07-17,night_00_05,15873.654411947797,0.3554983793852552
33193.379159,668.8222754984196,15873.654411947797,16650.902471553778,0.0008280281760657,2025-07-17 20:00:00,7,17,20,2025-07-17,evening_peak_16_20,16542.476687446215,0.5016332441416734
32687.387869,199.09128200881008,15873.654411947797,16614.64217504339,0.0002464828058986,2025-07-17 21:00:00,7,17,21,2025-07-17,late_evening_21_23,16072.745693956607,0.5082890759466392
30707.805051,-0.0,15873.654411947797,14834.150639052203,0.0,2025-07-17 22:00:00,7,17,22,2025-07-17,late_evening_21_23,15873.654411947797,0.4830742742574865
29279.00429,-0.0,15873.654411947797,13405.349878052204,0.0,2025-07-17 23:00:00,7,17,23,2025-07-17,late_evening_21_23,15873.654411947797,0.4578485574603604
27751.823888,83.9916345974087,15873.654411947797,11794.177841454793,0.0001039849337384,2025-07-18 00:00:00,7,18,0,2025-07-18,night_00_05,15957.646046545206,0.4249874851128125
25781.286738,-0.0,15873.654411947797,9907.632326052202,0.0,2025-07-18 01:00:00,7,18,1,2025-07-18,night_00_05,15873.654411947797,0.3842954941208956
24762.810941,-0.0,15873.654411947797,8889.156529052203,0.0,2025-07-18 02:00:00,7,18,2,2025-07-18,night_00_05,15873.654411947797,0.3589720306887434
24174.230829,-0.0,15873.654411947797,8300.576417052203,0.0,2025-07-18 03:00:00,7,18,3,2025-07-18,night_00_05,15873.654411947797,0.34336465452686205
24247.771007,177.31567303906368,15873.654411947797,8196.800922013139,0.0002195237490034,2025-07-18 04:00:00,7,18,4,2025-07-18,night_00_05,16050.97008498686,0.3380434811779951
24819.980205,124.43205125548612,15873.654411947797,8821.893741796717,0.0001540517536866,2025-07-18 05:00:00,7,18,5,2025-07-18,night_00_05,15998.086463203283,0.35543516428830757
32596.451768,531.9470191173526,15873.654411947797,16190.850336934847,0.0006585712470104,2025-07-18 20:00:00,7,18,20,2025-07-18,evening_peak_16_20,16405.601431065148,0.4967059130291425
31912.71022,-0.0,15873.654411947797,16039.055808052204,0.0,2025-07-18 21:00:00,7,18,21,2025-07-18,late_evening_21_23,15873.654411947797,0.5025914658291972
30391.450228,-0.0,15873.654411947797,14517.795816052205,0.0,2025-07-18 22:00:00,7,18,22,2025-07-18,late_evening_21_23,15873.654411947797,0.4776934205882939
28493.061039,167.98326919489818,15873.654411947797,12451.423357857306,0.0002079698674769,2025-07-18 23:00:00,7,18,23,2025-07-18,late_evening_21_23,16041.637681142694,0.4369984446674356
27149.413391,-0.0,15873.654411947797,11275.758979052202,0.0,2025-07-19 00:00:00,7,19,0,2025-07-19,night_00_05,15873.654411947797,0.41532237977525155
25749.997054,-0.0,15873.654411947797,9876.342642052203,0.0,2025-07-19 01:00:00,7,19,1,2025-07-19,night_00_05,15873.654411947797,0.38354733095078214
24566.200833,-0.0,15873.654411947797,8692.546421052202,0.0,2025-07-19 02:00:00,7,19,2,2025-07-19,night_00_05,15873.654411947797,0.3538417063405029
23940.0244849999,-0.0,15873.654411947797,8066.370073052103,0.0,2025-07-19 03:00:00,7,19,3,2025-07-19,night_00_05,15873.654411947797,0.3369407611970593
23446.380191,-0.0,15873.654411947797,7572.7257790522035,0.0,2025-07-19 04:00:00,7,19,4,2025-07-19,night_00_05,15873.654411947797,0.3229805930537213
23453.807004,-0.0,15873.654411947797,7580.152592052202,0.0,2025-07-19 05:00:00,7,19,5,2025-07-19,night_00_05,15873.654411947797,0.3231949760121852
31278.6849579999,482.1741986151097,15873.654411947797,14922.856347436993,0.0005969505455357,2025-07-19 20:00:00,7,19,20,2025-07-19,evening_peak_16_20,16355.828610562907,0.47709347012110537
30591.327039,71.54842947192822,15873.654411947797,14646.124197580275,8.857975836982434e-05,2025-07-19 21:00:00,7,19,21,2025-07-19,late_evening_21_23,15945.202841419725,0.4787672067611959
28979.002668,-0.0,15873.654411947797,13105.348256052204,0.0,2025-07-19 22:00:00,7,19,22,2025-07-19,late_evening_21_23,15873.654411947797,0.4522360001893287
27241.581679,-0.0,15873.654411947797,11367.927267052202,0.0,2025-07-19 23:00:00,7,19,23,2025-07-19,late_evening_21_23,15873.654411947797,0.4173005591600988
26014.045871,167.98326919489818,15873.654411947797,9972.408189857304,0.0002079698674769,2025-07-20 00:00:00,7,20,0,2025-07-20,night_00_05,16041.637681142694,0.38334706716936984
24739.88713,164.87246791356353,15873.654411947797,8701.36025013864,0.0002041185736348,2025-07-20 01:00:00,7,20,1,2025-07-20,night_00_05,16038.52687986136,0.35171382166845966
23749.5199599999,111.9888461299052,15873.654411947797,7763.876701922198,0.0001386465783179,2025-07-20 02:00:00,7,20,2,2025-07-20,night_00_05,15985.643258077702,0.3269066791665052
23076.262962,24.886410251105463,15873.654411947797,7177.722139801099,3.08103507373302e-05,2025-07-20 03:00:00,7,20,3,2025-07-20,night_00_05,15898.540822198902,0.3110435234518151
22540.363269,-0.0,15873.654411947797,6666.708857052205,0.0,2025-07-20 04:00:00,7,20,4,2025-07-20,night_00_05,15873.654411947797,0.2957675871276218
22372.403073,-0.0,15873.654411947797,6498.748661052205,0.0,2025-07-20 05:00:00,7,20,5,2025-07-20,night_00_05,15873.654411947797,0.2904805818063943
30655.587924,416.84737170595116,15873.654411947797,14365.086140346251,0.0005160733748502,2025-07-20 20:00:00,7,20,20,2025-07-20,evening_peak_16_20,16290.501783653748,0.46859600853063227
29947.502637,-0.0,15873.654411947797,14073.848225052205,0.0,2025-07-20 21:00:00,7,20,21,2025-07-20,late_evening_21_23,15873.654411947797,0.4699506464911044
28101.412363,-0.0,15873.654411947797,12227.757951052203,0.0,2025-07-20 22:00:00,7,20,22,2025-07-20,late_evening_21_23,15873.654411947797,0.435129658007937
26336.012778,-0.0,15873.654411947797,10462.358366052204,0.0,2025-07-20 23:00:00,7,20,23,2025-07-20,late_evening_21_23,15873.654411947797,0.3972643260103526
25329.431455,-0.0,15873.654411947797,9455.777043052205,0.0,2025-07-21 00:00:00,7,21,0,2025-07-21,night_00_05,15873.654411947797,0.37331185501937686
23976.697807,-0.0,15873.654411947797,8103.043395052204,0.0,2025-07-21 01:00:00,7,21,1,2025-07-21,night_00_05,15873.654411947797,0.3379549369257396
23040.944292,-0.0,15873.654411947797,7167.289880052203,0.0,2025-07-21 02:00:00,7,21,2,2025-07-21,night_00_05,15873.654411947797,0.31106754086206195
22668.997165,-0.0,15873.654411947797,6795.342753052204,0.0,2025-07-21 03:00:00,7,21,3,2025-07-21,night_00_05,15873.654411947797,0.29976371268614976
22805.9378589999,27.99721153249365,15873.654411947797,6904.286235519609,3.466164457949648e-05,2025-07-21 04:00:00,7,21,4,2025-07-21,night_00_05,15901.651623480291,0.3027407282351676
24041.388443,-0.0,15873.654411947797,8167.734031052203,0.0,2025-07-21 05:00:00,7,21,5,2025-07-21,night_00_05,15873.654411947797,0.33973636965340737
31209.212565,370.1853524851237,15873.654411947797,14965.372800567082,0.0004583039672177,2025-07-21 20:00:00,7,21,20,2025-07-21,evening_peak_16_20,16243.83976443292,0.4795177952471061
30665.574837,286.19371788763425,15873.654411947797,14505.72670716457,0.0003543190334792,2025-07-21 21:00:00,7,21,21,2025-07-21,late_evening_21_23,16159.84812983543,0.47302966874967795
29085.242015,-0.0,15873.654411947797,13211.587603052203,0.0,2025-07-21 22:00:00,7,21,22,2025-07-21,late_evening_21_23,15873.654411947797,0.45423681179062053
27124.11236,-0.0,15873.654411947797,11250.457948052202,0.0,2025-07-21 23:00:00,7,21,23,2025-07-21,late_evening_21_23,15873.654411947797,0.41477699984178223
26166.047389,-0.0,15873.654411947797,10292.392977052203,0.0,2025-07-22 00:00:00,7,22,0,2025-07-22,night_00_05,15873.654411947797,0.3933491682576041
24811.245052,-0.0,15873.654411947797,8937.590640052202,0.0,2025-07-22 01:00:00,7,22,1,2025-07-22,night_00_05,15873.654411947797,0.36022338344249094
23749.646459,102.6564422857397,15873.654411947797,7773.335604766463,0.0001270926967914,2025-07-22 02:00:00,7,22,2,2025-07-22,night_00_05,15976.310854233536,0.32730321346828867
23291.764634,-0.0,15873.654411947797,7418.1102220522025,0.0,2025-07-22 03:00:00,7,22,3,2025-07-22,night_00_05,15873.654411947797,0.3184863980303006
23462.010775,-0.0,15873.654411947797,7588.356363052202,0.0,2025-07-22 04:00:00,7,22,4,2025-07-22,night_00_05,15873.654411947797,0.3234316289351462
24263.055086,-0.0,15873.654411947797,8389.400674052204,0.0,2025-07-22 05:00:00,7,22,5,2025-07-22,night_00_05,15873.654411947797,0.3457685210834378
30731.677039,2572.6326597080197,15873.654411947797,12285.389967344181,0.0031850200074715,2025-07-22 20:00:00,7,22,20,2025-07-22,evening_peak_16_20,18446.287071655817,0.3997630832757165
30244.878295,-0.0,15873.654411947797,14371.223883052202,0.0,2025-07-22 21:00:00,7,22,21,2025-07-22,late_evening_21_23,15873.654411947797,0.4751622321928144
28862.123236,-0.0,15873.654411947797,12988.468824052203,0.0,2025-07-22 22:00:00,7,22,22,2025-07-22,late_evening_21_23,15873.654411947797,0.4500177869052808
26906.111233,-0.0,15873.654411947797,11032.456821052203,0.0,2025-07-22 23:00:00,7,22,23,2025-07-22,late_evening_21_23,15873.654411947797,0.41003535314018313
25805.81268,-0.0,15873.654411947797,9932.158268052202,0.0,2025-07-23 00:00:00,7,23,0,2025-07-23,night_00_05,15873.654411947797,0.3848806620126254
24503.223291,-0.0,15873.654411947797,8629.568879052202,0.0,2025-07-23 01:00:00,7,23,1,2025-07-23,night_00_05,15873.654411947797,0.35218096723714837
23745.302573,-0.0,15873.654411947797,7871.648161052204,0.0,2025-07-23 02:00:00,7,23,2,2025-07-23,night_00_05,15873.654411947797,0.3315033841684037
23347.3537039999,-0.0,15873.654411947797,7473.6992920521025,0.0,2025-07-23 03:00:00,7,23,3,2025-07-23,night_00_05,15873.654411947797,0.32010905333445555
23450.949641,-0.0,15873.654411947797,7577.295229052203,0.0,2025-07-23 04:00:00,7,23,4,2025-07-23,night_00_05,15873.654411947797,0.3231125112223426
24155.537496,-0.0,15873.654411947797,8281.883084052204,0.0,2025-07-23 05:00:00,7,23,5,2025-07-23,night_00_05,15873.654411947797,0.34285650176170285
31611.0094469999,1095.0020510486172,15873.654411947797,14642.352984003484,0.0013556554324425,2025-07-23 20:00:00,7,23,20,2025-07-23,evening_peak_16_20,16968.656462996412,0.46320422030664204
31373.628345,118.21044869273605,15873.654411947797,15381.763484359468,0.0001463491660023,2025-07-23 21:00:00,7,23,21,2025-07-23,late_evening_21_23,15991.864860640533,0.49027684382609354
29534.239501,348.4097435154581,15873.654411947797,13312.175345536745,0.0004313449103226,2025-07-23 22:00:00,7,23,22,2025-07-23,late_evening_21_23,16222.064155463255,0.4507370282917225
27559.084028,373.29615376653913,15873.654411947797,11312.133462285665,0.0004621552610599,2025-07-23 23:00:00,7,23,23,2025-07-23,late_evening_21_23,16246.950565714336,0.41046841218643365
26055.724118,410.6257691432011,15873.654411947797,9771.443936909,0.0005083707871659,2025-07-24 00:00:00,7,24,0,2025-07-24,night_00_05,16284.280181090999,0.3750210085375682
24790.352183,678.154679342585,15873.654411947797,8238.543091709616,0.0008395820575922,2025-07-24 01:00:00,7,24,1,2025-07-24,night_00_05,16551.809091290383,0.33232860230840944
23913.46377,376.40695504795457,15873.654411947797,7663.402403004247,0.0004660065549021,2025-07-24 02:00:00,7,24,2,2025-07-24,night_00_05,16250.061366995751,0.3204639226132588
23391.822744,507.06060886627154,15873.654411947797,7011.107723185933,0.0006277608962731,2025-07-24 03:00:00,7,24,3,2025-07-24,night_00_05,16380.715020814068,0.29972472859064736
23341.610639,441.73378195711297,15873.654411947797,7026.222445095089,0.0005468837255876,2025-07-24 04:00:00,7,24,4,2025-07-24,night_00_05,16315.38819390491,0.30101703578909955
23962.543096,575.4982370567647,15873.654411947797,7513.39044699544,0.0007124893608007,2025-07-24 05:00:00,7,24,5,2025-07-24,night_00_05,16449.15264900456,0.31354728990553715
31697.411781,388.8501601734547,15873.654411947797,15434.907208878747,0.0004814117302707,2025-07-24 20:00:00,7,24,20,2025-07-24,evening_peak_16_20,16262.504572121252,0.4869453479520593
31093.961235,-0.0,15873.654411947797,15220.306823052202,0.0,2025-07-24 21:00:00,7,24,21,2025-07-24,late_evening_21_23,15873.654411947797,0.48949397949078016
29400.772407,-0.0,15873.654411947797,13527.117995052204,0.0,2025-07-24 22:00:00,7,24,22,2025-07-24,late_evening_21_23,15873.654411947797,0.4600939665051639
27349.15847,-0.0,15873.654411947797,11475.504058052202,0.0,2025-07-24 23:00:00,7,24,23,2025-07-24,late_evening_21_23,15873.654411947797,0.41959258346614137
26214.800256,-0.0,15873.654411947797,10341.145844052202,0.0,2025-07-25 00:00:00,7,25,0,2025-07-25,night_00_05,15873.654411947797,0.3944773846478322
24833.6871039999,192.86967944606002,15873.654411947797,8767.163012606043,0.0002387802182143,2025-07-25 01:00:00,7,25,1,2025-07-25,night_00_05,16066.524091393856,0.3530350920461561
23805.491969,-0.0,15873.654411947797,7931.837557052202,0.0,2025-07-25 02:00:00,7,25,2,2025-07-25,night_00_05,15873.654411947797,0.3331935995013757
23241.526329,-0.0,15873.654411947797,7367.871917052204,0.0,2025-07-25 03:00:00,7,25,3,2025-07-25,night_00_05,15873.654411947797,0.31701325518620604
23351.269803,167.98326919489818,15873.654411947797,7309.632121857305,0.0002079698674769,2025-07-25 04:00:00,7,25,4,2025-07-25,night_00_05,16041.637681142694,0.31302932061185884
23948.239465,-0.0,15873.654411947797,8074.585053052202,0.0,2025-07-25 05:00:00,7,25,5,2025-07-25,night_00_05,15873.654411947797,0.33716821083458304
30012.201509,326.6341345457116,15873.654411947797,13811.91296250649,0.0004043858534274,2025-07-25 20:00:00,7,25,20,2025-07-25,evening_peak_16_20,16200.288546493508,0.4602099235660737
29481.299887,-0.0,15873.654411947797,13607.645475052204,0.0,2025-07-25 21:00:00,7,25,21,2025-07-25,late_evening_21_23,15873.654411947797,0.461568707187589
28087.22421,-0.0,15873.654411947797,12213.569798052204,0.0,2025-07-25 22:00:00,7,25,22,2025-07-25,late_evening_21_23,15873.654411947797,0.4348443159329273
26426.799328,-0.0,15873.654411947797,10553.144916052204,0.0,2025-07-25 23:00:00,7,25,23,2025-07-25,late_evening_21_23,15873.654411947797,0.3993349624020047
25438.097947,-0.0,15873.654411947797,9564.443535052202,0.0,2025-07-26 00:00:00,7,26,0,2025-07-26,night_00_05,15873.654411947797,0.3759889420576812
24168.993726,205.31288457156015,15873.654411947797,8090.026429480644,0.0002541853935829,2025-07-26 01:00:00,7,26,1,2025-07-26,night_00_05,16078.967296519357,0.33472748270763664
23157.867115,49.77282050221093,15873.654411947797,7234.439882549993,6.16207014746604e-05,2025-07-26 02:00:00,7,26,2,2025-07-26,night_00_05,15923.427232450007,0.3123966402702105
22729.246772,-0.0,15873.654411947797,6855.592360052202,0.0,2025-07-26 03:00:00,7,26,3,2025-07-26,night_00_05,15873.654411947797,0.30161986575364913
22473.953304,-0.0,15873.654411947797,6600.298892052202,0.0,2025-07-26 04:00:00,7,26,4,2025-07-26,night_00_05,15873.654411947797,0.29368659811522596
22654.254046,-0.0,15873.654411947797,6780.5996340522015,0.0,2025-07-26 05:00:00,7,26,5,2025-07-26,night_00_05,15873.654411947797,0.2993080072415553
28395.5643749999,245.7533012296376,15873.654411947797,12276.156661822466,0.0003042522135311,2025-07-26 20:00:00,7,26,20,2025-07-26,evening_peak_16_20,16119.407713177434,0.4323265598704097
28075.572935,-0.0,15873.654411947797,12201.918523052203,0.0,2025-07-26 21:00:00,7,26,21,2025-07-26,late_evening_21_23,15873.654411947797,0.43460977809079226
26927.199065,-0.0,15873.654411947797,11053.544653052204,0.0,2025-07-26 22:00:00,7,26,22,2025-07-26,late_evening_21_23,15873.654411947797,0.410497379484954
25375.304227,-0.0,15873.654411947797,9501.649815052204,0.0,2025-07-26 23:00:00,7,26,23,2025-07-26,late_evening_21_23,15873.654411947797,0.3744447644864961
24362.1328149999,-0.0,15873.654411947797,8488.478403052102,0.0,2025-07-27 00:00:00,7,27,0,2025-07-27,night_00_05,15873.654411947797,0.34842919819506524
23085.8404989999,-0.0,15873.654411947797,7212.186087052103,0.0,2025-07-27 01:00:00,7,27,1,2025-07-27,night_00_05,15873.654411947797,0.3124073428197055
22183.432126,-0.0,15873.654411947797,6309.777714052203,0.0,2025-07-27 02:00:00,7,27,2,2025-07-27,night_00_05,15873.654411947797,0.284436496490408
21762.457797,-0.0,15873.654411947797,5888.803385052202,0.0,2025-07-27 03:00:00,7,27,3,2025-07-27,night_00_05,15873.654411947797,0.2705945918417352
21442.675194,-0.0,15873.654411947797,5569.020782052203,0.0,2025-07-27 04:00:00,7,27,4,2025-07-27,night_00_05,15873.654411947797,0.2597166972715467
21433.816208,-0.0,15873.654411947797,5560.1617960522035,0.0,2025-07-27 05:00:00,7,27,5,2025-07-27,night_00_05,15873.654411947797,0.25941072472091636
29512.812587,279.97211532488416,15873.654411947797,13359.186059727319,0.0003466164457949,2025-07-27 20:00:00,7,27,20,2025-07-27,evening_peak_16_20,16153.626527272681,0.4526571644212542
28962.996623,-0.0,15873.654411947797,13089.342211052202,0.0,2025-07-27 21:00:00,7,27,21,2025-07-27,late_evening_21_23,15873.654411947797,0.45193328513037
27332.748635,-0.0,15873.654411947797,11459.094223052203,0.0,2025-07-27 22:00:00,7,27,22,2025-07-27,late_evening_21_23,15873.654411947797,0.41924412272165923
25726.454481,-0.0,15873.654411947797,9852.800069052204,0.0,2025-07-27 23:00:00,7,27,23,2025-07-27,late_evening_21_23,15873.654411947797,0.38298320805647296
24648.980338,-0.0,15873.654411947797,8775.325926052205,0.0,2025-07-28 00:00:00,7,28,0,2025-07-28,night_00_05,15873.654411947797,0.35601172160958555
23375.045686,-0.0,15873.654411947797,7501.391274052205,0.0,2025-07-28 01:00:00,7,28,1,2025-07-28,night_00_05,15873.654411947797,0.3209145074974124
23293.328106,-0.0,15873.654411947797,7419.673694052204,0.0,2025-07-28 02:00:00,7,28,2,2025-07-28,night_00_05,15873.654411947797,0.31853214192011536
22988.841644,-0.0,15873.654411947797,7115.187232052203,0.0,2025-07-28 03:00:00,7,28,3,2025-07-28,night_00_05,15873.654411947797,0.30950612224123264
22702.772497,-0.0,15873.654411947797,6829.118085052205,0.0,2025-07-28 04:00:00,7,28,4,2025-07-28,night_00_05,15873.654411947797,0.3008054670835741
23291.350576,-0.0,15873.654411947797,7417.696164052204,0.0,2025-07-28 05:00:00,7,28,5,2025-07-28,night_00_05,15873.654411947797,0.31847428253884025
32908.5671886,1231.8773074296842,15873.654411947797,15803.035469222516,0.0015251123614978,2025-07-28 20:00:00,7,28,20,2025-07-28,evening_peak_16_20,17105.531719377483,0.48021037739670763
32064.555769,-0.0,15873.654411947797,16190.901357052202,0.0,2025-07-28 21:00:00,7,28,21,2025-07-28,late_evening_21_23,15873.654411947797,0.5049470035915969
30059.33259,-0.0,15873.654411947797,14185.678178052205,0.0,2025-07-28 22:00:00,7,28,22,2025-07-28,late_evening_21_23,15873.654411947797,0.47192259294444316
27893.8210589999,-0.0,15873.654411947797,12020.166647052103,0.0,2025-07-28 23:00:00,7,28,23,2025-07-28,late_evening_21_23,15873.654411947797,0.4309257817933056
26578.163861,-0.0,15873.654411947797,10704.509449052204,0.0,2025-07-29 00:00:00,7,29,0,2025-07-29,night_00_05,15873.654411947797,0.4027557925007634
25022.83544,-0.0,15873.654411947797,9149.181028052202,0.0,2025-07-29 01:00:00,7,29,1,2025-07-29,night_00_05,15873.654411947797,0.36563326526245193
24004.529649,-0.0,15873.654411947797,8130.875237052203,0.0,2025-07-29 02:00:00,7,29,2,2025-07-29,night_00_05,15873.654411947797,0.33872253928503554
23648.280712,-0.0,15873.654411947797,7774.626300052203,0.0,2025-07-29 03:00:00,7,29,3,2025-07-29,night_00_05,15873.654411947797,0.32876074141436734
23690.425848,-0.0,15873.654411947797,7816.771436052202,0.0,2025-07-29 04:00:00,7,29,4,2025-07-29,night_00_05,15873.654411947797,0.32995487232713094
24398.758317,-0.0,15873.654411947797,8525.103905052203,0.0,2025-07-29 05:00:00,7,29,5,2025-07-29,night_00_05,15873.654411947797,0.3494072851696014
33221.1908778,87.10243587882412,15873.654411947797,17260.434029973378,0.0001078362275806,2025-07-29 20:00:00,7,29,20,2025-07-29,evening_peak_16_20,15960.75684782662,0.5195609661755873
32626.1601281,-0.0,15873.654411947797,16752.505716152205,0.0,2025-07-29 21:00:00,7,29,21,2025-07-29,late_evening_21_23,15873.654411947797,0.5134685065719315
30677.373391,-0.0,15873.654411947797,14803.718979052204,0.0,2025-07-29 22:00:00,7,29,22,2025-07-29,late_evening_21_23,15873.654411947797,0.4825614888983702
28455.84117,-0.0,15873.654411947797,12582.186758052203,0.0,2025-07-29 23:00:00,7,29,23,2025-07-29,late_evening_21_23,15873.654411947797,0.4421653425349156
26871.943543,-0.0,15873.654411947797,10998.289131052205,0.0,2025-07-30 00:00:00,7,30,0,2025-07-30,night_00_05,15873.654411947797,0.4092852127890541
25495.570275,-0.0,15873.654411947797,9621.915863052202,0.0,2025-07-30 01:00:00,7,30,1,2025-07-30,night_00_05,15873.654411947797,0.3773955930096254
24626.095404,-0.0,15873.654411947797,8752.440992052203,0.0,2025-07-30 02:00:00,7,30,2,2025-07-30,night_00_05,15873.654411947797,0.3554132658249407
23937.920971,118.21044869273605,15873.654411947797,7946.056110359466,0.0001463491660023,2025-07-30 03:00:00,7,30,3,2025-07-30,night_00_05,15991.864860640533,0.33194428705758744
23607.814855,-0.0,15873.654411947797,7734.160443052204,0.0,2025-07-30 04:00:00,7,30,4,2025-07-30,night_00_05,15873.654411947797,0.3276101786868323
24234.113798,-0.0,15873.654411947797,8360.459386052202,0.0,2025-07-30 05:00:00,7,30,5,2025-07-30,night_00_05,15873.654411947797,0.34498721330351173
33763.359587,755.9247113773245,15873.654411947797,17133.780463674877,0.0009358644036464,2025-07-30 20:00:00,7,30,20,2025-07-30,evening_peak_16_20,16629.579123325122,0.5074666938734362
32851.489643,199.09128200881008,15873.654411947797,16778.743949043394,0.0002464828058986,2025-07-30 21:00:00,7,30,21,2025-07-30,late_evening_21_23,16072.745693956607,0.5107453004834626
30569.191809,-0.0,15873.654411947797,14695.537397052203,0.0,2025-07-30 22:00:00,7,30,22,2025-07-30,late_evening_21_23,15873.654411947797,0.4807303211963108
28345.974762,-0.0,15873.654411947797,12472.320350052205,0.0,2025-07-30 23:00:00,7,30,23,2025-07-30,late_evening_21_23,15873.654411947797,0.4400032263759836
27099.053351,-0.0,15873.654411947797,11225.398939052202,0.0,2025-07-31 00:00:00,7,31,0,2025-07-31,night_00_05,15873.654411947797,0.41423583302543543
25576.684048,43.55121793943457,15873.654411947797,9659.478418112767,5.391811379032786e-05,2025-07-31 01:00:00,7,31,1,2025-07-31,night_00_05,15917.205629887232,0.3776673473380965
24394.935915,311.08012813879606,15873.654411947797,8210.201374913406,0.0003851293842166,2025-07-31 02:00:00,7,31,2,2025-07-31,night_00_05,16184.734540086592,0.3365535127257745
23709.231247,-0.0,15873.654411947797,7835.576835052203,0.0,2025-07-31 03:00:00,7,31,3,2025-07-31,night_00_05,15873.654411947797,0.33048633055294285
23298.110083,-0.0,15873.654411947797,7424.455671052203,0.0,2025-07-31 04:00:00,7,31,4,2025-07-31,night_00_05,15873.654411947797,0.31867201436521786
23765.633692,-0.0,15873.654411947797,7891.979280052203,0.0,2025-07-31 05:00:00,7,31,5,2025-07-31,night_00_05,15873.654411947797,0.3320752723167994
34392.625947,5347.467402706265,15873.654411947797,13171.504132345937,0.0066203741146838,2025-07-31 20:00:00,7,31,20,2025-07-31,evening_peak_16_20,21221.121814654063,0.38297465720249435
33306.524483,4202.692531155405,15873.654411947797,13230.177539896798,0.0052030979807666,2025-07-31 21:00:00,7,31,21,2025-07-31,late_evening_21_23,20076.346943103203,0.39722480040358515
30948.874369,-0.0,15873.654411947797,15075.219957052204,0.0,2025-07-31 22:00:00,7,31,22,2025-07-31,late_evening_21_23,15873.654411947797,0.4871007513007429
28797.575601,-0.0,15873.654411947797,12923.921189052204,0.0,2025-07-31 23:00:00,7,31,23,2025-07-31,late_evening_21_23,15873.654411947797,0.44878504246737416
27369.889876,-0.0,15873.654411947797,11496.235464052204,0.0,2025-08-01 00:00:00,8,1,0,2025-08-01,night_00_05,15873.654411947797,0.4200322148220617
25973.878962,136.87525638106703,15873.654411947797,9963.349293671135,0.0001694569290553,2025-08-01 01:00:00,8,1,1,2025-08-01,night_00_05,16010.529668328863,0.38359111891787895
24626.479814,-0.0,15873.654411947797,8752.825402052202,0.0,2025-08-01 02:00:00,8,1,2,2025-08-01,night_00_05,15873.654411947797,0.3554233275791319
24084.47137,-0.0,15873.654411947797,8210.816958052203,0.0,2025-08-01 03:00:00,8,1,3,2025-08-01,night_00_05,15873.654411947797,0.34091746635883097
23774.4900309999,-0.0,15873.654411947797,7900.835619052103,0.0,2025-08-01 04:00:00,8,1,4,2025-08-01,night_00_05,15873.654411947797,0.3323240838709932
24547.071206,-0.0,15873.654411947797,8673.416794052204,0.0,2025-08-01 05:00:00,8,1,5,2025-08-01,night_00_05,15873.654411947797,0.35333815269709956
33448.031795,-0.0,15873.654411947797,17574.377383052204,0.0,2025-08-01 20:00:00,8,1,20,2025-08-01,evening_peak_16_20,15873.654411947797,0.5254233639445213
32429.640629,-0.0,15873.654411947797,16555.986217052203,0.0,2025-08-01 21:00:00,8,1,21,2025-08-01,late_evening_21_23,15873.654411947797,0.5105201875794799
30492.654365,-0.0,15873.654411947797,14618.999953052202,0.0,2025-08-01 22:00:00,8,1,22,2025-08-01,late_evening_21_23,15873.654411947797,0.4794269392904065
28449.5399469999,-0.0,15873.654411947797,12575.885535052103,0.0,2025-08-01 23:00:00,8,1,23,2025-08-01,late_evening_21_23,15873.654411947797,0.44204178902296354
26920.1471509999,-0.0,15873.654411947797,11046.492739052102,0.0,2025-08-02 00:00:00,8,2,0,2025-08-02,night_00_05,15873.654411947797,0.41034295529999737
25485.381082,-0.0,15873.654411947797,9611.726670052203,0.0,2025-08-02 01:00:00,8,2,1,2025-08-02,night_00_05,15873.654411947797,0.37714667240510064
24511.281747,-0.0,15873.654411947797,8637.627335052204,0.0,2025-08-02 02:00:00,8,2,2,2025-08-02,night_00_05,15873.654411947797,0.3523939475792361
23578.997431,-0.0,15873.654411947797,7705.343019052203,0.0,2025-08-02 03:00:00,8,2,3,2025-08-02,night_00_05,15873.654411947797,0.3267884074206549
23233.943459,-0.0,15873.654411947797,7360.289047052202,0.0,2025-08-02 04:00:00,8,2,4,2025-08-02,night_00_05,15873.654411947797,0.3167903485708574
23187.085783,-0.0,15873.654411947797,7313.431371052202,0.0,2025-08-02 05:00:00,8,2,5,2025-08-02,night_00_05,15873.654411947797,0.3154096827646261
32313.256059,96.43483972298962,15873.654411947797,16343.166807329211,0.0001193901091071,2025-08-02 20:00:00,8,2,20,2025-08-02,evening_peak_16_20,15970.089251670786,0.5057728251677459
31373.6974,130.6536538182362,15873.654411947797,15369.389334233969,0.0001617543413709,2025-08-02 21:00:00,8,2,21,2025-08-02,late_evening_21_23,16004.308065766032,0.4898813531054828
29553.884853,-0.0,15873.654411947797,13680.230441052203,0.0,2025-08-02 22:00:00,8,2,22,2025-08-02,late_evening_21_23,15873.654411947797,0.4628911058257551
27337.928076,-0.0,15873.654411947797,11464.273664052203,0.0,2025-08-02 23:00:00,8,2,23,2025-08-02,late_evening_21_23,15873.654411947797,0.41935415266955445
25969.945901,-0.0,15873.654411947797,10096.291489052202,0.0,2025-08-03 00:00:00,8,3,0,2025-08-03,night_00_05,15873.654411947797,0.38876829114470485
24660.173668,-0.0,15873.654411947797,8786.519256052203,0.0,2025-08-03 01:00:00,8,3,1,2025-08-03,night_00_05,15873.654411947797,0.35630402990445814
23554.8486549999,-0.0,15873.654411947797,7681.194243052103,0.0,2025-08-03 02:00:00,8,3,2,2025-08-03,night_00_05,15873.654411947797,0.3260982210310931
22778.538065,-0.0,15873.654411947797,6904.883653052204,0.0,2025-08-03 03:00:00,8,3,3,2025-08-03,night_00_05,15873.654411947797,0.3031311154977849
22425.65311,-0.0,15873.654411947797,6551.998698052203,0.0,2025-08-03 04:00:00,8,3,4,2025-08-03,night_00_05,15873.654411947797,0.29216534590604853
22126.494159,-0.0,15873.654411947797,6252.839747052205,0.0,2025-08-03 05:00:00,8,3,5,2025-08-03,night_00_05,15873.654411947797,0.28259514146794235
32216.801848,15.554006406940918,15873.654411947797,16327.593429645261,1.925646921083138e-05,2025-08-03 20:00:00,8,3,20,2025-08-03,evening_peak_16_20,15889.208418354738,0.50680367054059
31128.85673,435.5121793942822,15873.654411947797,14819.690138657921,0.0005391811379032,2025-08-03 21:00:00,8,3,21,2025-08-03,late_evening_21_23,16309.166591342078,0.47607563191922986
29320.758317,40.44041665804639,15873.654411947797,13406.663488394157,5.006681994816159e-05,2025-08-03 22:00:00,8,3,22,2025-08-03,late_evening_21_23,15914.094828605843,0.45724136270449234
27091.047837,-0.0,15873.654411947797,11217.393425052202,0.0,2025-08-03 23:00:00,8,3,23,2025-08-03,late_evening_21_23,15873.654411947797,0.41406273734941623
25691.714464,-0.0,15873.654411947797,9818.060052052204,0.0,2025-08-04 00:00:00,8,4,0,2025-08-04,night_00_05,15873.654411947797,0.38214888561872984
24477.962457,-0.0,15873.654411947797,8604.308045052205,0.0,2025-08-04 01:00:00,8,4,1,2025-08-04,night_00_05,15873.654411947797,0.351512429196966
23750.136403,-0.0,15873.654411947797,7876.481991052204,0.0,2025-08-04 02:00:00,8,4,2,2025-08-04,night_00_05,15873.654411947797,0.33163944229209924
23446.142085,-0.0,15873.654411947797,7572.487673052203,0.0,2025-08-04 03:00:00,8,4,3,2025-08-04,night_00_05,15873.654411947797,0.3229737176205551
23079.553542,-0.0,15873.654411947797,7205.899130052205,0.0,2025-08-04 04:00:00,8,4,4,2025-08-04,night_00_05,15873.654411947797,0.31222003999942904
23661.441624,-0.0,15873.654411947797,7787.787212052202,0.0,2025-08-04 05:00:00,8,4,5,2025-08-04,night_00_05,15873.654411947797,0.3291340965528062
33576.636927,-0.0,15873.654411947797,17702.9825150522,0.0,2025-08-04 20:00:00,8,4,20,2025-08-04,evening_peak_16_20,15873.654411947797,0.5272410859235486
32634.1904809999,-0.0,15873.654411947797,16760.536069052105,0.0,2025-08-04 21:00:00,8,4,21,2025-08-04,late_evening_21_23,15873.654411947797,0.5135882282359764
30480.973184,-0.0,15873.654411947797,14607.318772052202,0.0,2025-08-04 22:00:00,8,4,22,2025-08-04,late_evening_21_23,15873.654411947797,0.4792274407996869
28136.931202,-0.0,15873.654411947797,12263.276790052203,0.0,2025-08-04 23:00:00,8,4,23,2025-08-04,late_evening_21_23,15873.654411947797,0.4358427257760263
26612.204886,-0.0,15873.654411947797,10738.550474052203,0.0,2025-08-05 00:00:00,8,5,0,2025-08-05,night_00_05,15873.654411947797,0.40351975794765804
25192.266698,-0.0,15873.654411947797,9318.612286052203,0.0,2025-08-05 01:00:00,8,5,1,2025-08-05,night_00_05,15873.654411947797,0.3698997155659678
24289.7461559999,93.3240384415742,15873.654411947797,8322.767705610528,0.0001155388152649,2025-08-05 02:00:00,8,5,2,2025-08-05,night_00_05,15966.978450389372,0.34264531428850237
23837.7397409999,-0.0,15873.654411947797,7964.085329052103,0.0,2025-08-05 03:00:00,8,5,3,2025-08-05,night_00_05,15873.654411947797,0.33409565737284286
23656.0992229999,-0.0,15873.654411947797,7782.4448110521025,0.0,2025-08-05 04:00:00,8,5,4,2025-08-05,night_00_05,15873.654411947797,0.32898259081892656
24264.06548,18.6648076883291,15873.654411947797,8371.746260363876,2.3107763052997653e-05,2025-08-05 05:00:00,8,5,5,2025-08-05,night_00_05,15892.319219636125,0.34502652769645736
34420.697447,-0.0,15873.654411947797,18547.0430350522,0.0,2025-08-05 20:00:00,8,5,20,2025-08-05,evening_peak_16_20,15873.654411947797,0.5388340275094775
33412.3093929999,-0.0,15873.654411947797,17538.654981052103,0.0,2025-08-05 21:00:00,8,5,21,2025-08-05,late_evening_21_23,15873.654411947797,0.5249159755693681
31306.890208,-0.0,15873.654411947797,15433.235796052204,0.0,2025-08-05 22:00:00,8,5,22,2025-08-05,late_evening_21_23,15873.654411947797,0.49296610725355516
28920.2063859999,-0.0,15873.654411947797,13046.551974052103,0.0,2025-08-05 23:00:00,8,5,23,2025-08-05,late_evening_21_23,15873.654411947797,0.4511223675211343
27307.709872,-0.0,15873.654411947797,11434.055460052203,0.0,2025-08-06 00:00:00,8,6,0,2025-08-06,night_00_05,15873.654411947797,0.41871162077110424
25843.579908,-0.0,15873.654411947797,9969.925496052203,0.0,2025-08-06 01:00:00,8,6,1,2025-08-06,night_00_05,15873.654411947797,0.3857795836158893
24898.427452,-0.0,15873.654411947797,9024.773040052203,0.0,2025-08-06 02:00:00,8,6,2,2025-08-06,night_00_05,15873.654411947797,0.3624635755591575
24852.852175,-0.0,15873.654411947797,8979.197763052203,0.0,2025-08-06 03:00:00,8,6,3,2025-08-06,night_00_05,15873.654411947797,0.3612944582708525
24647.651867,-0.0,15873.654411947797,8773.997455052204,0.0,2025-08-06 04:00:00,8,6,4,2025-08-06,night_00_05,15873.654411947797,0.35597701161949
25033.386223,-0.0,15873.654411947797,9159.731811052205,0.0,2025-08-06 05:00:00,8,6,5,2025-08-06,night_00_05,15873.654411947797,0.36590063083980584
37764.468541,-0.0,15873.654411947797,21890.814129052203,0.0,2025-08-06 20:00:00,8,6,20,2025-08-06,evening_peak_16_20,15873.654411947797,0.5796669455386578
36261.6398339999,-0.0,15873.654411947797,20387.9854220521,0.0,2025-08-06 21:00:00,8,6,21,2025-08-06,late_evening_21_23,15873.654411947797,0.5622466472940855
33776.115435,-0.0,15873.654411947797,17902.4610230522,0.0,2025-08-06 22:00:00,8,6,22,2025-08-06,late_evening_21_23,15873.654411947797,0.5300331548636597
31206.763183,-0.0,15873.654411947797,15333.108771052202,0.0,2025-08-06 23:00:00,8,6,23,2025-08-06,late_evening_21_23,15873.654411947797,0.4913392869724141
29080.735703,-0.0,15873.654411947797,13207.081291052202,0.0,2025-08-07 00:00:00,8,7,0,2025-08-07,night_00_05,15873.654411947797,0.454152241055227
27583.658487,-0.0,15873.654411947797,11710.004075052204,0.0,2025-08-07 01:00:00,8,7,1,2025-08-07,night_00_05,15873.654411947797,0.42452686544720136
26322.905745,-0.0,15873.654411947797,10449.251333052203,0.0,2025-08-07 02:00:00,8,7,2,2025-08-07,night_00_05,15873.654411947797,0.3969642042667354
25941.444486,-0.0,15873.654411947797,10067.790074052204,0.0,2025-08-07 03:00:00,8,7,3,2025-08-07,night_00_05,15873.654411947797,0.3880967414704126
25498.740079,-0.0,15873.654411947797,9625.085667052203,0.0,2025-08-07 04:00:00,8,7,4,2025-08-07,night_00_05,15873.654411947797,0.37747299032155457
25908.793696,-0.0,15873.654411947797,10035.139284052204,0.0,2025-08-07 05:00:00,8,7,5,2025-08-07,night_00_05,15873.654411947797,0.3873256085095736
38675.485875,-0.0,15873.654411947797,22801.8314630522,0.0,2025-08-07 20:00:00,8,7,20,2025-08-07,evening_peak_16_20,15873.654411947797,0.5895680673992877
37014.2800129999,-0.0,15873.654411947797,21140.625601052103,0.0,2025-08-07 21:00:00,8,7,21,2025-08-07,late_evening_21_23,15873.654411947797,0.5711478270988181
34357.0234119999,-0.0,15873.654411947797,18483.369000052102,0.0,2025-08-07 22:00:00,8,7,22,2025-08-07,late_evening_21_23,15873.654411947797,0.5379793464178972
31690.538059,-0.0,15873.654411947797,15816.883647052202,0.0,2025-08-07 23:00:00,8,7,23,2025-08-07,late_evening_21_23,15873.654411947797,0.49910429471424717
29454.608426,-0.0,15873.654411947797,13580.954014052202,0.0,2025-08-08 00:00:00,8,8,0,2025-08-08,night_00_05,15873.654411947797,0.46108078632829835
27971.361035,-0.0,15873.654411947797,12097.706623052205,0.0,2025-08-08 01:00:00,8,8,1,2025-08-08,night_00_05,15873.654411947797,0.43250332395032864
26757.644139,-0.0,15873.654411947797,10883.989727052203,0.0,2025-08-08 02:00:00,8,8,2,2025-08-08,night_00_05,15873.654411947797,0.40676188346448966
26127.969138,-0.0,15873.654411947797,10254.314726052204,0.0,2025-08-08 03:00:00,8,8,3,2025-08-08,night_00_05,15873.654411947797,0.3924650504557789
25687.177784,-0.0,15873.654411947797,9813.523372052203,0.0,2025-08-08 04:00:00,8,8,4,2025-08-08,night_00_05,15873.654411947797,0.38203976530908895
26025.585865,-0.0,15873.654411947797,10151.931453052204,0.0,2025-08-08 05:00:00,8,8,5,2025-08-08,night_00_05,15873.654411947797,0.3900750402205097
38067.322486,-0.0,15873.654411947797,22193.6680740522,0.0,2025-08-08 20:00:00,8,8,20,2025-08-08,evening_peak_16_20,15873.654411947797,0.58301100851562
36541.377275,-0.0,15873.654411947797,20667.7228630522,0.0,2025-08-08 21:00:00,8,8,21,2025-08-08,late_evening_21_23,15873.654411947797,0.5655978073161503
34280.076838,34.21881409527001,15873.654411947797,18372.20361195693,4.236423226382903e-05,2025-08-08 22:00:00,8,8,22,2025-08-08,late_evening_21_23,15907.873226043066,0.5359440615836385
31569.846057,-0.0,15873.654411947797,15696.191645052202,0.0,2025-08-08 23:00:00,8,8,23,2025-08-08,late_evening_21_23,15873.654411947797,0.49718936280881476
29729.136112,183.53727560189452,15873.654411947797,13671.944424450308,0.0002272263366878,2025-08-09 00:00:00,8,9,0,2025-08-09,night_00_05,16057.191687549692,0.4598836768395602
27934.930884,-0.0,15873.654411947797,12061.276472052205,0.0,2025-08-09 01:00:00,8,9,1,2025-08-09,night_00_05,15873.654411947797,0.4317632473170147
26358.817431,-0.0,15873.654411947797,10485.163019052203,0.0,2025-08-09 02:00:00,8,9,2,2025-08-09,night_00_05,15873.654411947797,0.3977857901440162
25452.282982,-0.0,15873.654411947797,9578.628570052204,0.0,2025-08-09 03:00:00,8,9,3,2025-08-09,night_00_05,15873.654411947797,0.3763367151318514
24790.037867,-0.0,15873.654411947797,8916.383455052202,0.0,2025-08-09 04:00:00,8,9,4,2025-08-09,night_00_05,15873.654411947797,0.35967607241623106
24587.450083,174.20487175772905,15873.654411947797,8539.590799294474,0.0002156724551613,2025-08-09 05:00:00,8,9,5,2025-08-09,night_00_05,16047.859283705526,0.3473150233337466
35606.407553,-0.0,15873.654411947797,19732.7531410522,0.0,2025-08-09 20:00:00,8,9,20,2025-08-09,evening_peak_16_20,15873.654411947797,0.5541910711346005
34023.683469,-0.0,15873.654411947797,18150.029057052205,0.0,2025-08-09 21:00:00,8,9,21,2025-08-09,late_evening_21_23,15873.654411947797,0.5334527954208497
31954.65129,-0.0,15873.654411947797,16080.996878052205,0.0,2025-08-09 22:00:00,8,9,22,2025-08-09,late_evening_21_23,15873.654411947797,0.5032443237171125
29830.817121,-0.0,15873.654411947797,13957.162709052203,0.0,2025-08-09 23:00:00,8,9,23,2025-08-09,late_evening_21_23,15873.654411947797,0.46787731802447946
28093.690374,-0.0,15873.654411947797,12220.035962052205,0.0,2025-08-10 00:00:00,8,10,0,2025-08-10,night_00_05,15873.654411947797,0.434974394583687
26484.076555,286.19371788763425,15873.654411947797,10324.228425164569,0.0003543190334792,2025-08-10 01:00:00,8,10,1,2025-08-10,night_00_05,16159.84812983543,0.3898277670253687
25250.7218279999,-0.0,15873.654411947797,9377.067416052103,0.0,2025-08-10 02:00:00,8,10,2,2025-08-10,night_00_05,15873.654411947797,0.37135839046209385
24397.690864,-0.0,15873.654411947797,8524.036452052203,0.0,2025-08-10 03:00:00,8,10,3,2025-08-10,night_00_05,15873.654411947797,0.34937882029769635
23758.260125,-0.0,15873.654411947797,7884.605713052204,0.0,2025-08-10 04:00:00,8,10,4,2025-08-10,night_00_05,15873.654411947797,0.3318679765087471
23428.31833,-0.0,15873.654411947797,7554.663918052202,0.0,2025-08-10 05:00:00,8,10,5,2025-08-10,night_00_05,15873.654411947797,0.3224586507508071
35411.2934651,-0.0,15873.654411947797,19537.639053152205,0.0,2025-08-10 20:00:00,8,10,20,2025-08-10,evening_peak_16_20,15873.654411947797,0.5517346908665661
34113.340564,24.886410251105463,15873.654411947797,18214.799741801093,3.08103507373302e-05,2025-08-10 21:00:00,8,10,21,2025-08-10,late_evening_21_23,15898.540822198902,0.5339494590870785
31644.838115,-0.0,15873.654411947797,15771.183703052202,0.0,2025-08-10 22:00:00,8,10,22,2025-08-10,late_evening_21_23,15873.654411947797,0.4983809253736232
29373.52244,-0.0,15873.654411947797,13499.868028052204,0.0,2025-08-10 23:00:00,8,10,23,2025-08-10,late_evening_21_23,15873.654411947797,0.4595930929165131
27738.982673,-0.0,15873.654411947797,11865.328261052202,0.0,2025-08-11 00:00:00,8,11,0,2025-08-11,night_00_05,15873.654411947797,0.4277492221299605
26241.045317,-0.0,15873.654411947797,10367.390905052203,0.0,2025-08-11 01:00:00,8,11,1,2025-08-11,night_00_05,15873.654411947797,0.39508299992667567
25228.5803329999,-0.0,15873.654411947797,9354.925921052103,0.0,2025-08-11 02:00:00,8,11,2,2025-08-11,night_00_05,15873.654411947797,0.3708066723364343
24907.787911,-0.0,15873.654411947797,9034.133499052203,0.0,2025-08-11 03:00:00,8,11,3,2025-08-11,night_00_05,15873.654411947797,0.3627031646219562
24549.358515,-0.0,15873.654411947797,8675.704103052203,0.0,2025-08-11 04:00:00,8,11,4,2025-08-11,night_00_05,15873.654411947797,0.35339840337380823
25203.876827,-0.0,15873.654411947797,9330.222415052203,0.0,2025-08-11 05:00:00,8,11,5,2025-08-11,night_00_05,15873.654411947797,0.3701899703404785
36783.4106,2298.882146945805,15873.654411947797,18610.8740411064,0.0028461061493608,2025-08-11 20:00:00,8,11,20,2025-08-11,evening_peak_16_20,18172.5365588936,0.5059583583341344
35480.7000686999,2445.089807171037,15873.654411947797,17161.955849581067,0.0030271169599426,2025-08-11 21:00:00,8,11,21,2025-08-11,late_evening_21_23,18318.744219118835,0.4836983435036806
32817.390425,2662.8458968682594,15873.654411947797,14280.89011618394,0.0032967075288943,2025-08-11 22:00:00,8,11,22,2025-08-11,late_evening_21_23,18536.500308816056,0.4351622701025272
30260.479105,2578.8542622707696,15873.654411947797,11807.970430781432,0.0031927225951558,2025-08-11 23:00:00,8,11,23,2025-08-11,late_evening_21_23,18452.508674218567,0.390210954354334
28454.010257,2793.499550686576,15873.654411947797,9786.856294365629,0.0034584618702653,2025-08-12 00:00:00,8,12,0,2025-08-12,night_00_05,18667.153962634373,0.343953495692508
27132.669266,2644.181089179928,15873.654411947797,8614.833764872275,0.0032735997658413,2025-08-12 01:00:00,8,12,1,2025-08-12,night_00_05,18517.835501127724,0.3175077866617252
26032.970813,2647.291890461344,15873.654411947797,7512.02451059086,0.0032774510596835,2025-08-12 02:00:00,8,12,2,2025-08-12,night_00_05,18520.946302409142,0.2885580967516625
25672.247708,2634.8486853357626,15873.654411947797,7163.74461071644,0.0032620458843148,2025-08-12 03:00:00,8,12,3,2025-08-12,night_00_05,18508.50309728356,0.2790462561828612
25184.300127,2709.507916089087,15873.654411947797,6601.137798963115,0.0033544769365268,2025-08-12 04:00:00,8,12,4,2025-08-12,night_00_05,18583.162328036884,0.26211321202791965
25602.497843,2606.8514738032663,15873.654411947797,7121.991957248938,0.0032273842397353,2025-08-12 05:00:00,8,12,5,2025-08-12,night_00_05,18480.505885751063,0.27817566867586585
35847.9356739,833.6947434119833,15873.654411947797,19140.586518540218,0.0010321467497005,2025-08-12 20:00:00,8,12,20,2025-08-12,evening_peak_16_20,16707.34915535978,0.5339383191449991
34510.970888,-0.0,15873.654411947797,18637.316476052205,0.0,2025-08-12 21:00:00,8,12,21,2025-08-12,late_evening_21_23,15873.654411947797,0.5400403406944627
32234.599727,9.332403844164551,15873.654411947797,16351.61291120804,1.1553881526498828e-05,2025-08-12 22:00:00,8,12,22,2025-08-12,late_evening_21_23,15882.98681579196,0.5072689920052513
29845.448372,-0.0,15873.654411947797,13971.793960052202,0.0,2025-08-12 23:00:00,8,12,23,2025-08-12,late_evening_21_23,15873.654411947797,0.4681381826101186
28205.811509,-0.0,15873.654411947797,12332.157097052203,0.0,2025-08-13 00:00:00,8,13,0,2025-08-13,night_00_05,15873.654411947797,0.43722043214807765
26750.125046,-0.0,15873.654411947797,10876.470634052204,0.0,2025-08-13 01:00:00,8,13,1,2025-08-13,night_00_05,15873.654411947797,0.4065951323722348
25748.222635,-0.0,15873.654411947797,9874.568223052202,0.0,2025-08-13 02:00:00,8,13,2,2025-08-13,night_00_05,15873.654411947797,0.38350484858824907
25230.488365,-0.0,15873.654411947797,9356.833953052204,0.0,2025-08-13 03:00:00,8,13,3,2025-08-13,night_00_05,15873.654411947797,0.37085425449124887
24957.634068,-0.0,15873.654411947797,9083.979656052203,0.0,2025-08-13 04:00:00,8,13,4,2025-08-13,night_00_05,15873.654411947797,0.3639759935297487
25454.030192,-0.0,15873.654411947797,9580.375780052202,0.0,2025-08-13 05:00:00,8,13,5,2025-08-13,night_00_05,15873.654411947797,0.3763795244913019
34908.550445,441.73378195711297,15873.654411947797,18593.16225109509,0.0005468837255876,2025-08-13 20:00:00,8,13,20,2025-08-13,evening_peak_16_20,16315.38819390491,0.53262487310636
33686.660549,-0.0,15873.654411947797,17813.0061370522,0.0,2025-08-13 21:00:00,8,13,21,2025-08-13,late_evening_21_23,15873.654411947797,0.5287851584796222
31436.404211,-0.0,15873.654411947797,15562.749799052204,0.0,2025-08-13 22:00:00,8,13,22,2025-08-13,late_evening_21_23,15873.654411947797,0.49505502266084866
29065.103975,345.29894223404267,15873.654411947797,12846.150620818162,0.0004274936164804,2025-08-13 23:00:00,8,13,23,2025-08-13,late_evening_21_23,16218.95335418184,0.441978484985556
27757.438432,-0.0,15873.654411947797,11883.784020052202,0.0,2025-08-14 00:00:00,8,14,0,2025-08-14,night_00_05,15873.654411947797,0.4281297083362005
26431.548323,-0.0,15873.654411947797,10557.893911052202,0.0,2025-08-14 01:00:00,8,14,1,2025-08-14,night_00_05,15873.654411947797,0.3994428847690703
25320.113047,-0.0,15873.654411947797,9446.458635052202,0.0,2025-08-14 02:00:00,8,14,2,2025-08-14,night_00_05,15873.654411947797,0.3730812187732885
24698.2165289999,6.221602562776366,15873.654411947797,8818.340514489326,7.70258768433255e-06,2025-08-14 03:00:00,8,14,3,2025-08-14,night_00_05,15879.876014510573,0.3570436150373488
24650.049628,-0.0,15873.654411947797,8776.395216052204,0.0,2025-08-14 04:00:00,8,14,4,2025-08-14,night_00_05,15873.654411947797,0.3560396570594768
25330.135117,118.21044869273605,15873.654411947797,9338.270256359468,0.0001463491660023,2025-08-14 05:00:00,8,14,5,2025-08-14,night_00_05,15991.864860640533,0.36866247310667544
34140.824009,-0.0,15873.654411947797,18267.169597052205,0.0,2025-08-14 20:00:00,8,14,20,2025-08-14,evening_peak_16_20,15873.654411947797,0.535053564970685
33077.707337,-0.0,15873.654411947797,17204.0529250522,0.0,2025-08-14 21:00:00,8,14,21,2025-08-14,late_evening_21_23,15873.654411947797,0.520110198381498
30904.81755,248.864102511053,15873.654411947797,14782.29903554115,0.0003081035073733,2025-08-14 22:00:00,8,14,22,2025-08-14,late_evening_21_23,16122.51851445885,0.47831698121580235
28673.648337,-0.0,15873.654411947797,12799.993925052202,0.0,2025-08-14 23:00:00,8,14,23,2025-08-14,late_evening_21_23,15873.654411947797,0.44640269611367533
27294.009016,-0.0,15873.654411947797,11420.354604052203,0.0,2025-08-15 00:00:00,8,15,0,2025-08-15,night_00_05,15873.654411947797,0.4184198296907386
26095.822564,-0.0,15873.654411947797,10222.168152052202,0.0,2025-08-15 01:00:00,8,15,1,2025-08-15,night_00_05,15873.654411947797,0.3917166484015722
25285.8917129999,-0.0,15873.654411947797,9412.237301052102,0.0,2025-08-15 02:00:00,8,15,2,2025-08-15,night_00_05,15873.654411947797,0.372232761568504
24649.682068,-0.0,15873.654411947797,8776.027656052202,0.0,2025-08-15 03:00:00,8,15,3,2025-08-15,night_00_05,15873.654411947797,0.3560300547423759
24224.324141,-0.0,15873.654411947797,8350.669729052204,0.0,2025-08-15 04:00:00,8,15,4,2025-08-15,night_00_05,15873.654411947797,0.34472250620683287
24976.764116,-0.0,15873.654411947797,9103.109704052202,0.0,2025-08-15 05:00:00,8,15,5,2025-08-15,night_00_05,15873.654411947797,0.364463133085394
33178.362316,2158.896089283322,15873.654411947797,15145.811814768878,0.0026727979264633,2025-08-15 20:00:00,8,15,20,2025-08-15,evening_peak_16_20,18032.55050123112,0.456496667030034
32110.072085,-0.0,15873.654411947797,16236.417673052203,0.0,2025-08-15 21:00:00,8,15,21,2025-08-15,late_evening_21_23,15873.654411947797,0.5056487456668444
30243.0129109999,-0.0,15873.654411947797,14369.358499052103,0.0,2025-08-15 22:00:00,8,15,22,2025-08-15,late_evening_21_23,15873.654411947797,0.47512986028669524
28464.291678,-0.0,15873.654411947797,12590.637266052205,0.0,2025-08-15 23:00:00,8,15,23,2025-08-15,late_evening_21_23,15873.654411947797,0.44233095305805503
27009.234017,-0.0,15873.654411947797,11135.579605052202,0.0,2025-08-16 00:00:00,8,16,0,2025-08-16,night_00_05,15873.654411947797,0.4122878715495341
25854.561397,-0.0,15873.654411947797,9980.906985052205,0.0,2025-08-16 01:00:00,8,16,1,2025-08-16,night_00_05,15873.654411947797,0.38604046813226256
24645.203662,-0.0,15873.654411947797,8771.549250052203,0.0,2025-08-16 02:00:00,8,16,2,2025-08-16,night_00_05,15873.654411947797,0.35591303567017785
23834.460387,-0.0,15873.654411947797,7960.8059750522025,0.0,2025-08-16 03:00:00,8,16,3,2025-08-16,night_00_05,15873.654411947797,0.33400403641587184
23507.405871,-0.0,15873.654411947797,7633.751459052202,0.0,2025-08-16 04:00:00,8,16,4,2025-08-16,night_00_05,15873.654411947797,0.3247381485198079
23583.494064,189.75887816464459,15873.654411947797,7520.080773887557,0.0002349289243721,2025-08-16 05:00:00,8,16,5,2025-08-16,night_00_05,16063.413290112441,0.31887050975058423
31267.042521,-0.0,15873.654411947797,15393.388109052203,0.0,2025-08-16 20:00:00,8,16,20,2025-08-16,evening_peak_16_20,15873.654411947797,0.4923199275631357
30414.260846,811.9191344422367,15873.654411947797,13728.687299609968,0.0010051876928053,2025-08-16 21:00:00,8,16,21,2025-08-16,late_evening_21_23,16685.573546390035,0.45138980589151906
28861.939903,-0.0,15873.654411947797,12988.285491052202,0.0,2025-08-16 22:00:00,8,16,22,2025-08-16,late_evening_21_23,15873.654411947797,0.4500142933809574
27108.346776,-0.0,15873.654411947797,11234.692364052202,0.0,2025-08-16 23:00:00,8,16,23,2025-08-16,late_evening_21_23,15873.654411947797,0.41443664775598493
25818.221616,-0.0,15873.654411947797,9944.567204052202,0.0,2025-08-17 00:00:00,8,17,0,2025-08-17,night_00_05,15873.654411947797,0.38517630501278916
24586.921592,-0.0,15873.654411947797,8713.267180052202,0.0,2025-08-17 01:00:00,8,17,1,2025-08-17,night_00_05,15873.654411947797,0.3543862596807277
23684.031626,-0.0,15873.654411947797,7810.377214052203,0.0,2025-08-17 02:00:00,8,17,2,2025-08-17,night_00_05,15873.654411947797,0.3297739733415184
23107.272653,-0.0,15873.654411947797,7233.618241052203,0.0,2025-08-17 03:00:00,8,17,3,2025-08-17,night_00_05,15873.654411947797,0.3130450897290584
22612.164343,-0.0,15873.654411947797,6738.509931052204,0.0,2025-08-17 04:00:00,8,17,4,2025-08-17,night_00_05,15873.654411947797,0.29800375712987554
22362.243561,-0.0,15873.654411947797,6488.589149052203,0.0,2025-08-17 05:00:00,8,17,5,2025-08-17,night_00_05,15873.654411947797,0.2901582361963168
31547.172393,87.10243587882412,15873.654411947797,15586.41554517338,0.0001078362275806,2025-08-17 20:00:00,8,17,20,2025-08-17,evening_peak_16_20,15960.75684782662,0.4940669595044863
30656.4230269999,-0.0,15873.654411947797,14782.768615052102,0.0,2025-08-17 21:00:00,8,17,21,2025-08-17,late_evening_21_23,15873.654411947797,0.48220787539474314
28776.549885,-0.0,15873.654411947797,12902.895473052204,0.0,2025-08-17 22:00:00,8,17,22,2025-08-17,late_evening_21_23,15873.654411947797,0.44838229477182523
26678.449594,-0.0,15873.654411947797,10804.795182052205,0.0,2025-08-17 23:00:00,8,17,23,2025-08-17,late_evening_21_23,15873.654411947797,0.40500086573554894
25307.067627,-0.0,15873.654411947797,9433.413215052204,0.0,2025-08-18 00:00:00,8,18,0,2025-08-18,night_00_05,15873.654411947797,0.37275805139066115
24442.300273,-0.0,15873.654411947797,8568.645861052204,0.0,2025-08-18 01:00:00,8,18,1,2025-08-18,night_00_05,15873.654411947797,0.35056626280454845
23584.800423,-0.0,15873.654411947797,7711.146011052204,0.0,2025-08-18 02:00:00,8,18,2,2025-08-18,night_00_05,15873.654411947797,0.32695404975877007
22878.83468,-0.0,15873.654411947797,7005.180268052203,0.0,2025-08-18 03:00:00,8,18,3,2025-08-18,night_00_05,15873.654411947797,0.3061860608738051
22659.205769,-0.0,15873.654411947797,6785.5513570522035,0.0,2025-08-18 04:00:00,8,18,4,2025-08-18,night_00_05,15873.654411947797,0.2994611296718748
23325.745952,27.99721153249365,15873.654411947797,7424.094328519711,3.466164457949648e-05,2025-08-18 05:00:00,8,18,5,2025-08-18,night_00_05,15901.651623480291,0.3182789671034359
33967.178628,-0.0,15873.654411947797,18093.524216052203,0.0,2025-08-18 20:00:00,8,18,20,2025-08-18,evening_peak_16_20,15873.654411947797,0.5326766881114245
32528.872205,-0.0,15873.654411947797,16655.2177930522,0.0,2025-08-18 21:00:00,8,18,21,2025-08-18,late_evening_21_23,15873.654411947797,0.5120133796243982
30411.693809,-0.0,15873.654411947797,14538.039397052204,0.0,2025-08-18 22:00:00,8,18,22,2025-08-18,late_evening_21_23,15873.654411947797,0.4780410945986124
28117.799182,-0.0,15873.654411947797,12244.144770052202,0.0,2025-08-18 23:00:00,8,18,23,2025-08-18,late_evening_21_23,15873.654411947797,0.4354588597350273
26673.047988,1026.5644228580431,15873.654411947797,9772.829153194158,0.0012709269679148,2025-08-19 00:00:00,8,19,0,2025-08-19,night_00_05,16900.21883480584,0.3663934154653371
25520.729373,538.1686216801027,15873.654411947797,9108.906339372099,0.0006662738346947,2025-08-19 01:00:00,8,19,1,2025-08-19,night_00_05,16411.8230336279,0.35692186560345684
24650.087411,-0.0,15873.654411947797,8776.432999052204,0.0,2025-08-19 02:00:00,8,19,2,2025-08-19,night_00_05,15873.654411947797,0.35604064410480574
24439.9551569999,-0.0,15873.654411947797,8566.300745052102,0.0,2025-08-19 03:00:00,8,19,3,2025-08-19,night_00_05,15873.654411947797,0.350503946919011
24090.130293,-0.0,15873.654411947797,8216.475881052202,0.0,2025-08-19 04:00:00,8,19,4,2025-08-19,night_00_05,15873.654411947797,0.34107228898798064
24460.36963,192.86967944606002,15873.654411947797,8393.845538606145,0.0002387802182143,2025-08-19 05:00:00,8,19,5,2025-08-19,night_00_05,16066.524091393856,0.343161026001476
35715.664117,-0.0,15873.654411947797,19842.0097050522,0.0,2025-08-19 20:00:00,8,19,20,2025-08-19,evening_peak_16_20,15873.654411947797,0.5555548299494666
34437.200395,-0.0,15873.654411947797,18563.5459830522,0.0,2025-08-19 21:00:00,8,19,21,2025-08-19,late_evening_21_23,15873.654411947797,0.539055026835093
32020.373731,-0.0,15873.654411947797,16146.719319052203,0.0,2025-08-19 22:00:00,8,19,22,2025-08-19,late_evening_21_23,15873.654411947797,0.5042639244219695
29413.682791,-0.0,15873.654411947797,13540.028379052203,0.0,2025-08-19 23:00:00,8,19,23,2025-08-19,late_evening_21_23,15873.654411947797,0.4603309444540274
28080.396423,-0.0,15873.654411947797,12206.742011052202,0.0,2025-08-20 00:00:00,8,20,0,2025-08-20,night_00_05,15873.654411947797,0.4347068975512733
26827.4786489999,-0.0,15873.654411947797,10953.824237052102,0.0,2025-08-20 01:00:00,8,20,1,2025-08-20,night_00_05,15873.654411947797,0.4083061394016038
25860.177091,105.76724356715513,15873.654411947797,9880.755435485049,0.0001309439906336,2025-08-20 02:00:00,8,20,2,2025-08-20,night_00_05,15979.421655514952,0.3820838272187936
25647.218556,-0.0,15873.654411947797,9773.564144052203,0.0,2025-08-20 03:00:00,8,20,3,2025-08-20,night_00_05,15873.654411947797,0.3810769625061639
25175.654818,-0.0,15873.654411947797,9302.000406052202,0.0,2025-08-20 04:00:00,8,20,4,2025-08-20,night_00_05,15873.654411947797,0.3694839507968425
25434.906088,-0.0,15873.654411947797,9561.251676052203,0.0,2025-08-20 05:00:00,8,20,5,2025-08-20,night_00_05,15873.654411947797,0.375910634109364
38491.087405,609.7170511520112,15873.654411947797,22007.715941900187,0.0007548535930645,2025-08-20 20:00:00,8,20,20,2025-08-20,evening_peak_16_20,16483.371463099807,0.571761345953593
36552.223003,-0.0,15873.654411947797,20678.5685910522,0.0,2025-08-20 21:00:00,8,20,21,2025-08-20,late_evening_21_23,15873.654411947797,0.5657267025689524
33799.893008,1122.9992625811135,15873.654411947797,16803.239333471087,0.001390317077022,2025-08-20 22:00:00,8,20,22,2025-08-20,late_evening_21_23,16996.65367452891,0.49713883205174575
31190.719512,-0.0,15873.654411947797,15317.065100052203,0.0,2025-08-20 23:00:00,8,20,23,2025-08-20,late_evening_21_23,15873.654411947797,0.49107764552078614
29356.81113,-0.0,15873.654411947797,13483.156718052202,0.0,2025-08-21 00:00:00,8,21,0,2025-08-21,night_00_05,15873.654411947797,0.4592854672922441
28049.934976,-0.0,15873.654411947797,12176.280564052204,0.0,2025-08-21 01:00:00,8,21,1,2025-08-21,night_00_05,15873.654411947797,0.43409300500947456
27132.8588299999,-0.0,15873.654411947797,11259.204418052102,0.0,2025-08-21 02:00:00,8,21,2,2025-08-21,night_00_05,15873.654411947797,0.4149656506377122
26354.673646,80.88083331607405,15873.654411947797,10400.138400736128,0.0001001336398963,2025-08-21 03:00:00,8,21,3,2025-08-21,night_00_05,15954.53524526387,0.39462216608835216
25597.180264,65.32682690915185,15873.654411947797,9658.19902514305,8.087717068549179e-05,2025-08-21 04:00:00,8,21,4,2025-08-21,night_00_05,15938.981238856948,0.37731495912955654
26207.7543129999,-0.0,15873.654411947797,10334.099901052103,0.0,2025-08-21 05:00:00,8,21,5,2025-08-21,night_00_05,15873.654411947797,0.3943145901641047
42308.901082,18804.793745991537,15873.654411947797,7630.452924060661,0.0232810712758951,2025-08-21 19:00:00,8,21,19,2025-08-21,evening_peak_16_20,34678.44815793933,0.18035100720937844
41076.166433,516.393012710437,15873.654411947797,24686.119008341764,0.0006393147777996,2025-08-21 20:00:00,8,21,20,2025-08-21,evening_peak_16_20,16390.047424658234,0.6009840048877905
39103.518706,1144.7748715507792,15873.654411947797,22085.089422501424,0.0014172761339171,2025-08-21 21:00:00,8,21,21,2025-08-21,late_evening_21_23,17018.429283498575,0.5647852201881952
36358.651404,815.0299357236522,15873.654411947797,19669.967056328547,0.0010090389866475,2025-08-21 22:00:00,8,21,22,2025-08-21,late_evening_21_23,16688.68434767145,0.5409982575471586
33282.64915,790.1435254725711,15873.654411947797,16618.851212579626,0.0009782286359102,2025-08-21 23:00:00,8,21,23,2025-08-21,late_evening_21_23,16663.797937420368,0.49932477242664525
31214.524669,783.9219229098211,15873.654411947797,14556.94833414238,0.0009705260482259,2025-08-22 00:00:00,8,22,0,2025-08-22,night_00_05,16657.57633485762,0.46635175414345764
29775.9531139999,790.1435254725711,15873.654411947797,13112.155176579534,0.0009782286359102,2025-08-22 01:00:00,8,22,1,2025-08-22,night_00_05,16663.797937420368,0.4403605529058457
29073.675004,808.8083331609021,15873.654411947797,12391.212258891303,0.0010013363989632,2025-08-22 02:00:00,8,22,2,2025-08-22,night_00_05,16682.4627451087,0.4262004117878631
27866.696142,749.7031088144937,15873.654411947797,11243.33862123771,0.000928161815962,2025-08-22 03:00:00,8,22,3,2025-08-22,night_00_05,16623.35752076229,0.40346866251905716
27286.910108,768.3679165028248,15873.654411947797,10644.887779549379,0.000951269579015,2025-08-22 04:00:00,8,22,4,2025-08-22,night_00_05,16642.02232845062,0.39010968033454624
27477.806689,248.864102511053,15873.654411947797,11355.28817454115,0.0003081035073733,2025-08-22 05:00:00,8,22,5,2025-08-22,night_00_05,16122.51851445885,0.41325307740398853
28987.438929,13084.030189518655,15873.654411947797,29.75432753354835,0.0161985419001513,2025-08-22 06:00:00,8,22,6,2025-08-22,morning_06_09,28957.68460146645,0.0010264558937554545
40880.931076,11348.203074504034,15873.654411947797,13659.073589548168,0.0140495199362225,2025-08-22 19:00:00,8,22,19,2025-08-22,evening_peak_16_20,27221.85748645183,0.33411845645479954
39651.493661,-0.0,15873.654411947797,23777.839249052202,0.0,2025-08-22 20:00:00,8,22,20,2025-08-22,evening_peak_16_20,15873.654411947797,0.5996707072964406
38102.842359,-0.0,15873.654411947797,22229.187947052204,0.0,2025-08-22 21:00:00,8,22,21,2025-08-22,late_evening_21_23,15873.654411947797,0.5833997300676863
35772.410706,-0.0,15873.654411947797,19898.756294052204,0.0,2025-08-22 22:00:00,8,22,22,2025-08-22,late_evening_21_23,15873.654411947797,0.5562598634347738
33155.5683549999,-0.0,15873.654411947797,17281.913943052103,0.0,2025-08-22 23:00:00,8,22,23,2025-08-22,late_evening_21_23,15873.654411947797,0.521237149609772
31165.376845,-0.0,15873.654411947797,15291.722433052202,0.0,2025-08-23 00:00:00,8,23,0,2025-08-23,night_00_05,15873.654411947797,0.49066380647681856
29464.304594,-0.0,15873.654411947797,13590.650182052204,0.0,2025-08-23 01:00:00,8,23,1,2025-08-23,night_00_05,15873.654411947797,0.4612581348626077
27687.407712,-0.0,15873.654411947797,11813.753300052203,0.0,2025-08-23 02:00:00,8,23,2,2025-08-23,night_00_05,15873.654411947797,0.4266832569858826
27037.468003,314.1909294201307,15873.654411947797,10849.622661632075,0.0003889806780587,2025-08-23 03:00:00,8,23,3,2025-08-23,night_00_05,16187.845341367927,0.40128101715841996
26428.503276,-0.0,15873.654411947797,10554.848864052203,0.0,2025-08-23 04:00:00,8,23,4,2025-08-23,night_00_05,15873.654411947797,0.39937368960417713
26686.684039,-0.0,15873.654411947797,10813.029627052203,0.0,2025-08-23 05:00:00,8,23,5,2025-08-23,night_00_05,15873.654411947797,0.4051844587079462
26452.418735,10483.40031827814,15873.654411947797,95.36400477406278,0.0129788602481003,2025-08-23 06:00:00,8,23,6,2025-08-23,morning_06_09,26357.054730225937,0.003605114743170301
36706.390624,8632.473555852197,15873.654411947797,12200.262656200004,0.0106873404120114,2025-08-23 19:00:00,8,23,19,2025-08-23,evening_peak_16_20,24506.127967799992,0.33237434813934064
36416.559427,-0.0,15873.654411947797,20542.9050150522,0.0,2025-08-23 20:00:00,8,23,20,2025-08-23,evening_peak_16_20,15873.654411947797,0.5641088927204161
35097.595555,-0.0,15873.654411947797,19223.9411430522,0.0,2025-08-23 21:00:00,8,23,21,2025-08-23,late_evening_21_23,15873.654411947797,0.5477281517170358
32953.963161,-0.0,15873.654411947797,17080.3087490522,0.0,2025-08-23 22:00:00,8,23,22,2025-08-23,late_evening_21_23,15873.654411947797,0.5183081824060003
30885.033022,-0.0,15873.654411947797,15011.378610052203,0.0,2025-08-23 23:00:00,8,23,23,2025-08-23,late_evening_21_23,15873.654411947797,0.4860405556101983
29202.887799,-0.0,15873.654411947797,13329.233387052203,0.0,2025-08-24 00:00:00,8,24,0,2025-08-24,night_00_05,15873.654411947797,0.45643545524660883
27727.806585,-0.0,15873.654411947797,11854.152173052202,0.0,2025-08-24 01:00:00,8,24,1,2025-08-24,night_00_05,15873.654411947797,0.4275185682903956
26398.703392,-0.0,15873.654411947797,10525.048980052203,0.0,2025-08-24 02:00:00,8,24,2,2025-08-24,night_00_05,15873.654411947797,0.39869567924467714
25664.218106,-0.0,15873.654411947797,9790.563694052204,0.0,2025-08-24 03:00:00,8,24,3,2025-08-24,night_00_05,15873.654411947797,0.3814869268027021
25434.885679,-0.0,15873.654411947797,9561.231267052202,0.0,2025-08-24 04:00:00,8,24,4,2025-08-24,night_00_05,15873.654411947797,0.3759101333388856
25295.6968179999,367.07455120378904,15873.654411947797,9054.967854848313,0.0004544526733756,2025-08-24 05:00:00,8,24,5,2025-08-24,night_00_05,16240.728963151585,0.3579647526612109
37811.3469272,10775.815638728604,15873.654411947797,11161.876876523598,0.0133408818692639,2025-08-24 19:00:00,8,24,19,2025-08-24,evening_peak_16_20,26649.4700506764,0.2951991342179398
36923.760838,-0.0,15873.654411947797,21050.106426052203,0.0,2025-08-24 20:00:00,8,24,20,2025-08-24,evening_peak_16_20,15873.654411947797,0.5700964893150465
35252.383369,-0.0,15873.654411947797,19378.728957052204,0.0,2025-08-24 21:00:00,8,24,21,2025-08-24,late_evening_21_23,15873.654411947797,0.549714008105714
32886.558163,-0.0,15873.654411947797,17012.903751052203,0.0,2025-08-24 22:00:00,8,24,22,2025-08-24,late_evening_21_23,15873.654411947797,0.5173208964808326
30369.487126,-0.0,15873.654411947797,14495.832714052203,0.0,2025-08-24 23:00:00,8,24,23,2025-08-24,late_evening_21_23,15873.654411947797,0.4773156903806253
28990.483865,-0.0,15873.654411947797,13116.829453052202,0.0,2025-08-25 00:00:00,8,25,0,2025-08-25,night_00_05,15873.654411947797,0.45245293297391476
27859.857538,-0.0,15873.654411947797,11986.203126052204,0.0,2025-08-25 01:00:00,8,25,1,2025-08-25,night_00_05,15873.654411947797,0.43023203222426337
27315.239291,-0.0,15873.654411947797,11441.584879052205,0.0,2025-08-25 02:00:00,8,25,2,2025-08-25,night_00_05,15873.654411947797,0.41887185234441826
27061.693278,-0.0,15873.654411947797,11188.038866052202,0.0,2025-08-25 03:00:00,8,25,3,2025-08-25,night_00_05,15873.654411947797,0.4134271551716832
26672.291481,-0.0,15873.654411947797,10798.637069052204,0.0,2025-08-25 04:00:00,8,25,4,2025-08-25,night_00_05,15873.654411947797,0.40486349201547267
27087.620207,-0.0,15873.654411947797,11213.965795052203,0.0,2025-08-25 05:00:00,8,25,5,2025-08-25,night_00_05,15873.654411947797,0.4139885936585261
27995.422929,7095.7377228463865,15873.654411947797,5026.030794205817,0.0087848012539812,2025-08-25 06:00:00,8,25,6,2025-08-25,morning_06_09,22969.392134794183,0.1795304470645962
39048.518246,8184.518171332253,15873.654411947797,14990.345662719948,0.0101327540987394,2025-08-25 19:00:00,8,25,19,2025-08-25,evening_peak_16_20,24058.17258328005,0.3838902559191349
37974.320037,-0.0,15873.654411947797,22100.6656250522,0.0,2025-08-25 20:00:00,8,25,20,2025-08-25,evening_peak_16_20,15873.654411947797,0.5819897658080139
36427.91338,-0.0,15873.654411947797,20554.2589680522,0.0,2025-08-25 21:00:00,8,25,21,2025-08-25,late_evening_21_23,15873.654411947797,0.5642447524687784
33544.7015449999,-0.0,15873.654411947797,17671.047133052103,0.0,2025-08-25 22:00:00,8,25,22,2025-08-25,late_evening_21_23,15873.654411947797,0.5267910077943773
31162.383191,-0.0,15873.654411947797,15288.728779052204,0.0,2025-08-25 23:00:00,8,25,23,2025-08-25,late_evening_21_23,15873.654411947797,0.49061487644718194
29387.338842,-0.0,15873.654411947797,13513.684430052204,0.0,2025-08-26 00:00:00,8,26,0,2025-08-26,night_00_05,15873.654411947797,0.45984716420592064
27940.242108,-0.0,15873.654411947797,12066.587696052202,0.0,2025-08-26 01:00:00,8,26,1,2025-08-26,night_00_05,15873.654411947797,0.43187126473028065
27079.751607,-0.0,15873.654411947797,11206.097195052202,0.0,2025-08-26 02:00:00,8,26,2,2025-08-26,night_00_05,15873.654411947797,0.4138183155326829
26771.68819,-0.0,15873.654411947797,10898.033778052204,0.0,2025-08-26 03:00:00,8,26,3,2025-08-26,night_00_05,15873.654411947797,0.40707308783474233
26414.849778,-0.0,15873.654411947797,10541.195366052203,0.0,2025-08-26 04:00:00,8,26,4,2025-08-26,night_00_05,15873.654411947797,0.3990632335464423
26564.045473,-0.0,15873.654411947797,10690.391061052202,0.0,2025-08-26 05:00:00,8,26,5,2025-08-26,night_00_05,15873.654411947797,0.4024383662465131
27673.237704,8022.756504700104,15873.654411947797,3776.826787352098,0.0099324868189468,2025-08-26 06:00:00,8,26,6,2025-08-26,morning_06_09,23896.410916647903,0.13647939672798678
37427.788466,12548.972369119885,15873.654411947797,9005.161684932315,0.0155361193592987,2025-08-26 19:00:00,8,26,19,2025-08-26,evening_peak_16_20,28422.62678106768,0.24060095597453607
36608.282674,-0.0,15873.654411947797,20734.628262052203,0.0,2025-08-26 20:00:00,8,26,20,2025-08-26,evening_peak_16_20,15873.654411947797,0.56639172196893
35338.36744,-0.0,15873.654411947797,19464.713028052203,0.0,2025-08-26 21:00:00,8,26,21,2025-08-26,late_evening_21_23,15873.654411947797,0.550809628121638
32785.16985,-0.0,15873.654411947797,16911.5154380522,0.0,2025-08-26 22:00:00,8,26,22,2025-08-26,late_evening_21_23,15873.654411947797,0.5158282087732482
30357.900565,-0.0,15873.654411947797,14484.246153052203,0.0,2025-08-26 23:00:00,8,26,23,2025-08-26,late_evening_21_23,15873.654411947797,0.47711619985181947
28730.3683739999,-0.0,15873.654411947797,12856.713962052103,0.0,2025-08-27 00:00:00,8,27,0,2025-08-27,night_00_05,15873.654411947797,0.44749561838848656
27387.115434,-0.0,15873.654411947797,11513.461022052203,0.0,2025-08-27 01:00:00,8,27,1,2025-08-27,night_00_05,15873.654411947797,0.4203969947035278
26146.808909,-0.0,15873.654411947797,10273.154497052203,0.0,2025-08-27 02:00:00,8,27,2,2025-08-27,night_00_05,15873.654411947797,0.3929028025104845
25384.924262,-0.0,15873.654411947797,9511.269850052204,0.0,2025-08-27 03:00:00,8,27,3,2025-08-27,night_00_05,15873.654411947797,0.37468182894246854
24911.849889,-0.0,15873.654411947797,9038.195477052204,0.0,2025-08-27 04:00:00,8,27,4,2025-08-27,night_00_05,15873.654411947797,0.36280707845157184
25752.9136339999,121.32124997407068,15873.654411947797,9757.93797207803,0.0001502004598444,2025-08-27 05:00:00,8,27,5,2025-08-27,night_00_05,15994.975661921868,0.3789061739093964
36371.749894,-0.0,15873.654411947797,20498.095482052202,0.0,2025-08-27 20:00:00,8,27,20,2025-08-27,evening_peak_16_20,15873.654411947797,0.5635718804234281
34852.919217,-0.0,15873.654411947797,18979.264805052204,0.0,2025-08-27 21:00:00,8,27,21,2025-08-27,late_evening_21_23,15873.654411947797,0.5445530885629459
32667.625077,-0.0,15873.654411947797,16793.970665052206,0.0,2025-08-27 22:00:00,8,27,22,2025-08-27,late_evening_21_23,15873.654411947797,0.5140860599895946
30133.047474,-0.0,15873.654411947797,14259.393062052202,0.0,2025-08-27 23:00:00,8,27,23,2025-08-27,late_evening_21_23,15873.654411947797,0.4732144358898906
28628.142656,-0.0,15873.654411947797,12754.488244052203,0.0,2025-08-28 00:00:00,8,28,0,2025-08-28,night_00_05,15873.654411947797,0.4455227290611208
27482.5813109999,161.7616666321481,15873.654411947797,11447.165232419955,0.0002002672797926,2025-08-28 01:00:00,8,28,1,2025-08-28,night_00_05,16035.416078579945,0.4165243833132308
27016.749139,-0.0,15873.654411947797,11143.094727052203,0.0,2025-08-28 02:00:00,8,28,2,2025-08-28,night_00_05,15873.654411947797,0.412451352667246
26391.1629279999,-0.0,15873.654411947797,10517.508516052103,0.0,2025-08-28 03:00:00,8,28,3,2025-08-28,night_00_05,15873.654411947797,0.39852387500868613
26063.917401,-0.0,15873.654411947797,10190.262989052202,0.0,2025-08-28 04:00:00,8,28,4,2025-08-28,night_00_05,15873.654411947797,0.39097204124278073
26287.662789,-0.0,15873.654411947797,10414.008377052205,0.0,2025-08-28 05:00:00,8,28,5,2025-08-28,night_00_05,15873.654411947797,0.3961557351310029
27977.3437839999,4177.8061209043235,15873.654411947797,7925.8832511477785,0.0051722876300293,2025-08-28 06:00:00,8,28,6,2025-08-28,morning_06_09,20051.46053285212,0.28329648848510597
35632.820813,18751.910124207963,15873.654411947797,1007.2562768442367,0.0232155992805783,2025-08-28 19:00:00,8,28,19,2025-08-28,evening_peak_16_20,34625.56453615576,0.028267654759366042
34968.738559,802.5867305980713,15873.654411947797,18292.497416454127,0.0009936338112788,2025-08-28 20:00:00,8,28,20,2025-08-28,evening_peak_16_20,16676.241142545867,0.5231100168394875
33923.006398,-0.0,15873.654411947797,18049.3519860522,0.0,2025-08-28 21:00:00,8,28,21,2025-08-28,late_evening_21_23,15873.654411947797,0.5320681715025216
31617.8416039999,-0.0,15873.654411947797,15744.187192052103,0.0,2025-08-28 22:00:00,8,28,22,2025-08-28,late_evening_21_23,15873.654411947797,0.4979526240039213
29258.813474,-0.0,15873.654411947797,13385.159062052202,0.0,2025-08-28 23:00:00,8,28,23,2025-08-28,late_evening_21_23,15873.654411947797,0.45747443155706013
27936.818306,-0.0,15873.654411947797,12063.163894052204,0.0,2025-08-29 00:00:00,8,29,0,2025-08-29,night_00_05,15873.654411947797,0.43180163760672036
26739.830863,-0.0,15873.654411947797,10866.176451052203,0.0,2025-08-29 01:00:00,8,29,1,2025-08-29,night_00_05,15873.654411947797,0.406366685964636
25803.652756,-0.0,15873.654411947797,9929.998344052203,0.0,2025-08-29 02:00:00,8,29,2,2025-08-29,night_00_05,15873.654411947797,0.38482917275125816
25553.133403,-0.0,15873.654411947797,9679.478991052203,0.0,2025-08-29 03:00:00,8,29,3,2025-08-29,night_00_05,15873.654411947797,0.3787981238307083
25159.671723,-0.0,15873.654411947797,9286.017311052203,0.0,2025-08-29 04:00:00,8,29,4,2025-08-29,night_00_05,15873.654411947797,0.3690834051130836
25575.009726,-0.0,15873.654411947797,9701.355314052204,0.0,2025-08-29 05:00:00,8,29,5,2025-08-29,night_00_05,15873.654411947797,0.3793294867915392
36910.534973,9820.79964534247,15873.654411947797,11216.080915709734,0.0121585346597189,2025-08-29 19:00:00,8,29,19,2025-08-29,evening_peak_16_20,25694.454057290266,0.3038720767367441
35705.940585,158.6508653507327,15873.654411947797,19673.635307701465,0.0001964159859504,2025-08-29 20:00:00,8,29,20,2025-08-29,evening_peak_16_20,16032.30527729853,0.5509905350586486
34266.21437,-0.0,15873.654411947797,18392.559958052203,0.0,2025-08-29 21:00:00,8,29,21,2025-08-29,late_evening_21_23,15873.654411947797,0.5367549434977811
32246.880014,-0.0,15873.654411947797,16373.225602052202,0.0,2025-08-29 22:00:00,8,29,22,2025-08-29,late_evening_21_23,15873.654411947797,0.5077460391499505
30188.0653269999,-0.0,15873.654411947797,14314.410915052102,0.0,2025-08-29 23:00:00,8,29,23,2025-08-29,late_evening_21_23,15873.654411947797,0.4741745043942726
28691.8203069999,-0.0,15873.654411947797,12818.165895052103,0.0,2025-08-30 00:00:00,8,30,0,2025-08-30,night_00_05,15873.654411947797,0.44675331707430477
27146.941761,-0.0,15873.654411947797,11273.287349052202,0.0,2025-08-30 01:00:00,8,30,1,2025-08-30,night_00_05,15873.654411947797,0.41526914701116346
25640.53753,-0.0,15873.654411947797,9766.883118052205,0.0,2025-08-30 02:00:00,8,30,2,2025-08-30,night_00_05,15873.654411947797,0.38091569284086707
24678.799821,-0.0,15873.654411947797,8805.145409052204,0.0,2025-08-30 03:00:00,8,30,3,2025-08-30,night_00_05,15873.654411947797,0.35678985497340177
24096.004625,-0.0,15873.654411947797,8222.350213052205,0.0,2025-08-30 04:00:00,8,30,4,2025-08-30,night_00_05,15873.654411947797,0.3412329280731205
23869.084875,-0.0,15873.654411947797,7995.430463052204,0.0,2025-08-30 05:00:00,8,30,5,2025-08-30,night_00_05,15873.654411947797,0.3349701299787348
37707.294661,12872.495702384262,15873.654411947797,8961.14454666794,0.015936653918884,2025-08-30 19:00:00,8,30,19,2025-08-30,evening_peak_16_20,28746.150114332057,0.23765015833756686
36405.574101,-0.0,15873.654411947797,20531.9196890522,0.0,2025-08-30 20:00:00,8,30,20,2025-08-30,evening_peak_16_20,15873.654411947797,0.5639773632491136
34780.102611,-0.0,15873.654411947797,18906.448199052204,0.0,2025-08-30 21:00:00,8,30,21,2025-08-30,late_evening_21_23,15873.654411947797,0.5435995520344614
32677.76662,-0.0,15873.654411947797,16804.112208052204,0.0,2025-08-30 22:00:00,8,30,22,2025-08-30,late_evening_21_23,15873.654411947797,0.5142368633530624
30339.57506,-0.0,15873.654411947797,14465.920648052203,0.0,2025-08-30 23:00:00,8,30,23,2025-08-30,late_evening_21_23,15873.654411947797,0.4768003711141036
28811.609768,-0.0,15873.654411947797,12937.955356052202,0.0,2025-08-31 00:00:00,8,31,0,2025-08-31,night_00_05,15873.654411947797,0.44905353988314517
26903.670378,-0.0,15873.654411947797,11030.015966052202,0.0,2025-08-31 01:00:00,8,31,1,2025-08-31,night_00_05,15873.654411947797,0.4099818281698769
25660.265704,-0.0,15873.654411947797,9786.611292052205,0.0,2025-08-31 02:00:00,8,31,2,2025-08-31,night_00_05,15873.654411947797,0.3813916584085346
24476.809374,-0.0,15873.654411947797,8603.154962052204,0.0,2025-08-31 03:00:00,8,31,3,2025-08-31,night_00_05,15873.654411947797,0.35148187946386233
23607.0323079999,-0.0,15873.654411947797,7733.377896052103,0.0,2025-08-31 04:00:00,8,31,4,2025-08-31,night_00_05,15873.654411947797,0.32758788970824737
23451.870498,625.2710575590075,15873.654411947797,6952.945028493196,0.0007741100622754,2025-08-31 05:00:00,8,31,5,2025-08-31,night_00_05,16498.925469506805,0.2964772054786057
38171.695305,11867.706888495886,15873.654411947797,10430.334004556316,0.0146926860078643,2025-08-31 19:00:00,8,31,19,2025-08-31,evening_peak_16_20,27741.361300443685,0.27324785868732626
36729.916568,-0.0,15873.654411947797,20856.262156052202,0.0,2025-08-31 20:00:00,8,31,20,2025-08-31,evening_peak_16_20,15873.654411947797,0.5678276485447474
34970.990617,-0.0,15873.654411947797,19097.336205052205,0.0,2025-08-31 21:00:00,8,31,21,2025-08-31,late_evening_21_23,15873.654411947797,0.5460907989197383
32976.688212,-0.0,15873.654411947797,17103.033800052202,0.0,2025-08-31 22:00:00,8,31,22,2025-08-31,late_evening_21_23,15873.654411947797,0.5186401281444788
30402.646402,-0.0,15873.654411947797,14528.991990052202,0.0,2025-08-31 23:00:00,8,31,23,2025-08-31,late_evening_21_23,15873.654411947797,0.4778857668487843
28562.022861,-0.0,15873.654411947797,12688.368449052205,0.0,2025-09-01 00:00:00,9,1,0,2025-09-01,night_00_05,15873.654411947797,0.4442391391814734
26934.123459,-0.0,15873.654411947797,11060.469047052202,0.0,2025-09-01 01:00:00,9,1,1,2025-09-01,night_00_05,15873.654411947797,0.41064893252935475
25664.4116389999,-0.0,15873.654411947797,9790.757227052103,0.0,2025-09-01 02:00:00,9,1,2,2025-09-01,night_00_05,15873.654411947797,0.3814915909536757
24555.848426,-0.0,15873.654411947797,8682.194014052204,0.0,2025-09-01 03:00:00,9,1,3,2025-09-01,night_00_05,15873.654411947797,0.35356929491629385
23956.521252,-0.0,15873.654411947797,8082.866840052202,0.0,2025-09-01 04:00:00,9,1,4,2025-09-01,night_00_05,15873.654411947797,0.3373973522711444
24018.926757,-0.0,15873.654411947797,8145.272345052204,0.0,2025-09-01 05:00:00,9,1,5,2025-09-01,night_00_05,15873.654411947797,0.3391189134909357
40532.006719,10996.682529707161,15873.654411947797,13661.669777345038,0.0136143237320577,2025-09-01 19:00:00,9,1,19,2025-09-01,evening_peak_16_20,26870.336941654958,0.3370588057003583
38817.078537,-0.0,15873.654411947797,22943.424125052203,0.0,2025-09-01 20:00:00,9,1,20,2025-09-01,evening_peak_16_20,15873.654411947797,0.5910651957792957
37005.472075,152.42926278798262,15873.654411947797,20979.388400264215,0.0001887133982661,2025-09-01 21:00:00,9,1,21,2025-09-01,late_evening_21_23,16026.083674735779,0.5669266523000901
34097.001397,164.87246791356353,15873.654411947797,18058.47451713864,0.0002041185736348,2025-09-01 22:00:00,9,1,22,2025-09-01,late_evening_21_23,16038.52687986136,0.5296206052514489
31645.3479,-0.0,15873.654411947797,15771.693488052204,0.0,2025-09-01 23:00:00,9,1,23,2025-09-01,late_evening_21_23,15873.654411947797,0.4983890061152465
29801.533626,-0.0,15873.654411947797,13927.879214052204,0.0,2025-09-02 00:00:00,9,2,0,2025-09-02,night_00_05,15873.654411947797,0.46735444520549735
28938.011448,-0.0,15873.654411947797,13064.357036052204,0.0,2025-09-02 01:00:00,9,2,1,2025-09-02,night_00_05,15873.654411947797,0.4514600825121701
28351.758069,-0.0,15873.654411947797,12478.103657052203,0.0,2025-09-02 02:00:00,9,2,2,2025-09-02,night_00_05,15873.654411947797,0.4401174567970035
27985.729127,-0.0,15873.654411947797,12112.074715052202,0.0,2025-09-02 03:00:00,9,2,3,2025-09-02,night_00_05,15873.654411947797,0.43279468117794173
27706.865791,-0.0,15873.654411947797,11833.211379052203,0.0,2025-09-02 04:00:00,9,2,4,2025-09-02,night_00_05,15873.654411947797,0.42708588796412966
27365.997404,-0.0,15873.654411947797,11492.342992052205,0.0,2025-09-02 05:00:00,9,2,5,2025-09-02,night_00_05,15873.654411947797,0.419949721634206
28436.0645359999,3101.4688775439568,15873.654411947797,9460.941246508146,0.0038397399606397,2025-09-02 06:00:00,9,2,6,2025-09-02,morning_06_09,18975.123289491752,0.33270923388609724
40902.125214,9015.1021134629,15873.654411947797,16013.3686885893,0.0111610495545978,2025-09-02 19:00:00,9,2,19,2025-09-02,evening_peak_16_20,24888.756525410696,0.3915045637557297
39331.43948,-0.0,15873.654411947797,23457.785068052202,0.0,2025-09-02 20:00:00,9,2,20,2025-09-02,evening_peak_16_20,15873.654411947797,0.5964130827192445
37572.513412,-0.0,15873.654411947797,21698.8590000522,0.0,2025-09-02 21:00:00,9,2,21,2025-09-02,late_evening_21_23,15873.654411947797,0.5775194957578209
34769.3635979999,-0.0,15873.654411947797,18895.709186052103,0.0,2025-09-02 22:00:00,9,2,22,2025-09-02,late_evening_21_23,15873.654411947797,0.5434585862577903
32166.392721,-0.0,15873.654411947797,16292.738309052203,0.0,2025-09-02 23:00:00,9,2,23,2025-09-02,late_evening_21_23,15873.654411947797,0.506514312946736
30207.580746,52.88362178359912,15873.654411947797,14281.042712268603,6.547199531682669e-05,2025-09-03 00:00:00,9,3,0,2025-09-03,night_00_05,15926.538033731396,0.47276353682046046
28508.712594,-0.0,15873.654411947797,12635.058182052204,0.0,2025-09-03 01:00:00,9,3,1,2025-09-03,night_00_05,15873.654411947797,0.44319988636426194
26928.6116579999,-0.0,15873.654411947797,11054.957246052103,0.0,2025-09-03 02:00:00,9,3,2,2025-09-03,night_00_05,15873.654411947797,0.4105283029980462
27019.112557,-0.0,15873.654411947797,11145.458145052204,0.0,2025-09-03 03:00:00,9,3,3,2025-09-03,night_00_05,15873.654411947797,0.41250274677007054
26686.859471,-0.0,15873.654411947797,10813.205059052203,0.0,2025-09-03 04:00:00,9,3,4,2025-09-03,night_00_05,15873.654411947797,0.4051883688600626
26753.479806,-0.0,15873.654411947797,10879.825394052203,0.0,2025-09-03 05:00:00,9,3,5,2025-09-03,night_00_05,15873.654411947797,0.4066695425397404
28166.425498,8651.138363540527,15873.654411947797,3641.6327225116765,0.0107104481750644,2025-09-03 06:00:00,9,3,6,2025-09-03,morning_06_09,24524.792775488324,0.12928984271611804
40729.952378,9382.176664666691,15873.654411947797,15474.121301385512,0.0116155022279734,2025-09-03 19:00:00,9,3,19,2025-09-03,evening_peak_16_20,25255.831076614486,0.37991994583680755
39271.155691,-0.0,15873.654411947797,23397.5012790522,0.0,2025-09-03 20:00:00,9,3,20,2025-09-03,evening_peak_16_20,15873.654411947797,0.5957935504407461
37485.213634,15.554006406940918,15873.654411947797,21596.005215645262,1.925646921083138e-05,2025-09-03 21:00:00,9,3,21,2025-09-03,late_evening_21_23,15889.208418354738,0.5761206385671271
34614.657586,-0.0,15873.654411947797,18741.003174052203,0.0,2025-09-03 22:00:00,9,3,22,2025-09-03,late_evening_21_23,15873.654411947797,0.5414181298049892
31849.879863,-0.0,15873.654411947797,15976.225451052202,0.0,2025-09-03 23:00:00,9,3,23,2025-09-03,late_evening_21_23,15873.654411947797,0.5016102264678173
29834.233358,-0.0,15873.654411947797,13960.578946052205,0.0,2025-09-04 00:00:00,9,4,0,2025-09-04,night_00_05,15873.654411947797,0.4679382499469757
28439.444245,-0.0,15873.654411947797,12565.789833052202,0.0,2025-09-04 01:00:00,9,4,1,2025-09-04,night_00_05,15873.654411947797,0.44184371975768905
27413.04474,-0.0,15873.654411947797,11539.390328052204,0.0,2025-09-04 02:00:00,9,4,2,2025-09-04,night_00_05,15873.654411947797,0.4209452265334976
26679.130761,-0.0,15873.654411947797,10805.476349052204,0.0,2025-09-04 03:00:00,9,4,3,2025-09-04,night_00_05,15873.654411947797,0.40501605715160066
26516.372493,-0.0,15873.654411947797,10642.718081052202,0.0,2025-09-04 04:00:00,9,4,4,2025-09-04,night_00_05,15873.654411947797,0.4013640283512291
26532.488444,-0.0,15873.654411947797,10658.834032052202,0.0,2025-09-04 05:00:00,9,4,5,2025-09-04,night_00_05,15873.654411947797,0.40172764249191895
27992.4168509999,8523.595511003545,15873.654411947797,3595.1669280485585,0.0105525451275355,2025-09-04 06:00:00,9,4,6,2025-09-04,morning_06_09,24397.24992295134,0.12843360211392885
38293.221093,2852.604775032904,15873.654411947797,19566.961906019296,0.0035316364532664,2025-09-04 19:00:00,9,4,19,2025-09-04,evening_peak_16_20,18726.2591869807,0.5109771742235635
37076.332308,-0.0,15873.654411947797,21202.6778960522,0.0,2025-09-04 20:00:00,9,4,20,2025-09-04,evening_peak_16_20,15873.654411947797,0.5718655696555314
35384.0814669999,-0.0,15873.654411947797,19510.427055052103,0.0,2025-09-04 21:00:00,9,4,21,2025-09-04,late_evening_21_23,15873.654411947797,0.5513899540743491
32874.266264,-0.0,15873.654411947797,17000.6118520522,0.0,2025-09-04 22:00:00,9,4,22,2025-09-04,late_evening_21_23,15873.654411947797,0.517140419668294
30696.2793059999,-0.0,15873.654411947797,14822.624894052102,0.0,2025-09-04 23:00:00,9,4,23,2025-09-04,late_evening_21_23,15873.654411947797,0.48288018056816645
28825.800531,-0.0,15873.654411947797,12952.146119052204,0.0,2025-09-05 00:00:00,9,5,0,2025-09-05,night_00_05,15873.654411947797,0.44932476741185856
27287.615499,-0.0,15873.654411947797,11413.961087052203,0.0,2025-09-05 01:00:00,9,5,1,2025-09-05,night_00_05,15873.654411947797,0.41828356484539614
26506.354622,87.10243587882412,15873.654411947797,10545.597774173379,0.0001078362275806,2025-09-05 02:00:00,9,5,2,2025-09-05,night_00_05,15960.75684782662,0.3978516821555176
25437.096859,-0.0,15873.654411947797,9563.442447052204,0.0,2025-09-05 03:00:00,9,5,3,2025-09-05,night_00_05,15873.654411947797,0.3759643838313461
24981.095305,62.21602562776367,15873.654411947797,9045.224867424438,7.702587684332552e-05,2025-09-05 04:00:00,9,5,4,2025-09-05,night_00_05,15935.87043757556,0.3620827972908788
25672.2361519999,-0.0,15873.654411947797,9798.581740052103,0.0,2025-09-05 05:00:00,9,5,5,2025-09-05,night_00_05,15873.654411947797,0.3816801030512794
27201.521323,9052.431728839563,15873.654411947797,2275.435182212641,0.0112072650807038,2025-09-05 06:00:00,9,5,6,2025-09-05,morning_06_09,24926.08614078736,0.0836510265434554
35483.12334,2889.934390409566,15873.654411947797,16719.534537642634,0.0035778519793724,2025-09-05 19:00:00,9,5,19,2025-09-05,evening_peak_16_20,18763.588802357364,0.4711968103099527
34506.848761,77.77003203470458,15873.654411947797,18555.4243170175,9.62823460541569e-05,2025-09-05 20:00:00,9,5,20,2025-09-05,evening_peak_16_20,15951.424443982502,0.5377316383056407
33159.0385669999,-0.0,15873.654411947797,17285.384155052103,0.0,2025-09-05 21:00:00,9,5,21,2025-09-05,late_evening_21_23,15873.654411947797,0.5212872538546589
31198.410478,-0.0,15873.654411947797,15324.756066052205,0.0,2025-09-05 22:00:00,9,5,22,2025-09-05,late_evening_21_23,15873.654411947797,0.49120310398052724
29129.979992,-0.0,15873.654411947797,13256.325580052204,0.0,2025-09-05 23:00:00,9,5,23,2025-09-05,late_evening_21_23,15873.654411947797,0.45507499777524063
27708.543124,-0.0,15873.654411947797,11834.888712052203,0.0,2025-09-06 00:00:00,9,6,0,2025-09-06,night_00_05,15873.654411947797,0.4271205692442671
26210.675024,-0.0,15873.654411947797,10337.020612052203,0.0,2025-09-06 01:00:00,9,6,1,2025-09-06,night_00_05,15873.654411947797,0.3943820829714242
25282.368936,-0.0,15873.654411947797,9408.714524052202,0.0,2025-09-06 02:00:00,9,6,2,2025-09-06,night_00_05,15873.654411947797,0.37214529017709935
24464.426907,-0.0,15873.654411947797,8590.772495052204,0.0,2025-09-06 03:00:00,9,6,3,2025-09-06,night_00_05,15873.654411947797,0.35115363738989236
23877.451861,-0.0,15873.654411947797,8003.797449052205,0.0,2025-09-06 04:00:00,9,6,4,2025-09-06,night_00_05,15873.654411947797,0.3352031655490479
23957.323516,-0.0,15873.654411947797,8083.669104052204,0.0,2025-09-06 05:00:00,9,6,5,2025-09-06,night_00_05,15873.654411947797,0.33741954098726806
34131.713382,2644.181089179928,15873.654411947797,15613.877880872275,0.0032735997658413,2025-09-06 19:00:00,9,6,19,2025-09-06,evening_peak_16_20,18517.835501127724,0.4574595393475484
33290.115576,-0.0,15873.654411947797,17416.461164052198,0.0,2025-09-06 20:00:00,9,6,20,2025-09-06,evening_peak_16_20,15873.654411947797,0.5231721447253951
31933.951839,-0.0,15873.654411947797,16060.297427052205,0.0,2025-09-06 21:00:00,9,6,21,2025-09-06,late_evening_21_23,15873.654411947797,0.5029223288123781
30115.040021,-0.0,15873.654411947797,14241.385609052204,0.0,2025-09-06 22:00:00,9,6,22,2025-09-06,late_evening_21_23,15873.654411947797,0.4728994415787366
28128.153604,-0.0,15873.654411947797,12254.499192052202,0.0,2025-09-06 23:00:00,9,6,23,2025-09-06,late_evening_21_23,15873.654411947797,0.4356666763334774
26881.594449,46.66201922082274,15873.654411947797,10961.27801783138,5.776940763249413e-05,2025-09-07 00:00:00,9,7,0,2025-09-07,night_00_05,15920.31643116862,0.4077614532362362
25573.19545,-0.0,15873.654411947797,9699.541038052203,0.0,2025-09-07 01:00:00,9,7,1,2025-09-07,night_00_05,15873.654411947797,0.3792854536702883
24462.84174,-0.0,15873.654411947797,8589.187328052203,0.0,2025-09-07 02:00:00,9,7,2,2025-09-07,night_00_05,15873.654411947797,0.3511115928125284
23653.272676,-0.0,15873.654411947797,7779.618264052204,0.0,2025-09-07 03:00:00,9,7,3,2025-09-07,night_00_05,15873.654411947797,0.32890240477994664
23119.069237,34.21881409527001,15873.654411947797,7211.196010956933,4.236423226382903e-05,2025-09-07 04:00:00,9,7,4,2025-09-07,night_00_05,15907.873226043066,0.3119154987180911
22650.665895,-0.0,15873.654411947797,6777.011483052202,0.0,2025-09-07 05:00:00,9,7,5,2025-09-07,night_00_05,15873.654411947797,0.2991970087973523
34849.545024,1614.505865040389,15873.654411947797,17361.384747011813,0.0019988215040842,2025-09-07 19:00:00,9,7,19,2025-09-07,evening_peak_16_20,17488.160276988187,0.498181102079108
33954.570051,-0.0,15873.654411947797,18080.915639052204,0.0,2025-09-07 20:00:00,9,7,20,2025-09-07,evening_peak_16_20,15873.654411947797,0.5325031538286169
32489.7795249999,-0.0,15873.654411947797,16616.125113052105,0.0,2025-09-07 21:00:00,9,7,21,2025-09-07,late_evening_21_23,15873.654411947797,0.5114262194443795
30380.169989,-0.0,15873.654411947797,14506.515577052205,0.0,2025-09-07 22:00:00,9,7,22,2025-09-07,late_evening_21_23,15873.654411947797,0.4774994867475955
28054.447823,-0.0,15873.654411947797,12180.793411052202,0.0,2025-09-07 23:00:00,9,7,23,2025-09-07,late_evening_21_23,15873.654411947797,0.4341840369806163
26659.54208,-0.0,15873.654411947797,10785.887668052203,0.0,2025-09-08 00:00:00,9,8,0,2025-09-08,night_00_05,15873.654411947797,0.4045788797004049
25772.210155,-0.0,15873.654411947797,9898.555743052204,0.0,2025-09-08 01:00:00,9,8,1,2025-09-08,night_00_05,15873.654411947797,0.3840786522971842
25247.333945,-0.0,15873.654411947797,9373.679533052202,0.0,2025-09-08 02:00:00,9,8,2,2025-09-08,night_00_05,15873.654411947797,0.37127403445735196
24577.4123679999,-0.0,15873.654411947797,8703.757956052103,0.0,2025-09-08 03:00:00,9,8,3,2025-09-08,night_00_05,15873.654411947797,0.35413646586263514
24057.594562,-0.0,15873.654411947797,8183.940150052202,0.0,2025-09-08 04:00:00,9,8,4,2025-09-08,night_00_05,15873.654411947797,0.3401811485749737
24543.9940349999,-0.0,15873.654411947797,8670.339623052105,0.0,2025-09-08 05:00:00,9,8,5,2025-09-08,night_00_05,15873.654411947797,0.35325707831774006
26227.9415549999,9907.902081221293,15873.654411947797,446.3850618308097,0.0122663708872995,2025-09-08 06:00:00,9,8,6,2025-09-08,morning_06_09,25781.55649316909,0.017019447023501322
35329.378524,2071.7936534044984,15873.654411947797,17383.9304586477,0.0025649616988827,2025-09-08 19:00:00,9,8,19,2025-09-08,evening_peak_16_20,17945.448065352295,0.4920531066471613
34492.207264,-0.0,15873.654411947797,18618.5528520522,0.0,2025-09-08 20:00:00,9,8,20,2025-09-08,evening_peak_16_20,15873.654411947797,0.5397901244634072
33294.801735,-0.0,15873.654411947797,17421.147323052202,0.0,2025-09-08 21:00:00,9,8,21,2025-09-08,late_evening_21_23,15873.654411947797,0.5232392570380988
31147.012826,-0.0,15873.654411947797,15273.358414052202,0.0,2025-09-08 22:00:00,9,8,22,2025-09-08,late_evening_21_23,15873.654411947797,0.49036350610491775
28733.8591539999,-0.0,15873.654411947797,12860.204742052103,0.0,2025-09-08 23:00:00,9,8,23,2025-09-08,late_evening_21_23,15873.654411947797,0.447562740289339
27330.266902,-0.0,15873.654411947797,11456.612490052203,0.0,2025-09-09 00:00:00,9,9,0,2025-09-09,night_00_05,15873.654411947797,0.41919138701180486
26142.956265,-0.0,15873.654411947797,10269.301853052204,0.0,2025-09-09 01:00:00,9,9,1,2025-09-09,night_00_05,15873.654411947797,0.39281333560583853
25389.7947069999,-0.0,15873.654411947797,9516.140295052102,0.0,2025-09-09 02:00:00,9,9,2,2025-09-09,night_00_05,15873.654411947797,0.37480178177370327
24681.561013,-0.0,15873.654411947797,8807.906601052202,0.0,2025-09-09 03:00:00,9,9,3,2025-09-09,night_00_05,15873.654411947797,0.35686181260630145
24345.91376,-0.0,15873.654411947797,8472.259348052203,0.0,2025-09-09 04:00:00,9,9,4,2025-09-09,night_00_05,15873.654411947797,0.3479951268853999
24874.171389,-0.0,15873.654411947797,9000.516977052202,0.0,2025-09-09 05:00:00,9,9,5,2025-09-09,night_00_05,15873.654411947797,0.3618418815363017
26687.559991,10371.411472148153,15873.654411947797,442.49410690404875,0.0128402136697823,2025-09-09 06:00:00,9,9,6,2025-09-09,morning_06_09,26245.06588409595,0.01658053816284717
32722.015785,2476.197819984949,15873.654411947797,14372.163553067256,0.0030656298983643,2025-09-09 19:00:00,9,9,19,2025-09-09,evening_peak_16_20,18349.852231932746,0.43921999327607303
32299.032094,177.31567303906368,15873.654411947797,16248.06200901314,0.0002195237490034,2025-09-09 20:00:00,9,9,20,2025-09-09,evening_peak_16_20,16050.97008498686,0.5030510500044194
31229.4590489999,-0.0,15873.654411947797,15355.804637052102,0.0,2025-09-09 21:00:00,9,9,21,2025-09-09,late_evening_21_23,15873.654411947797,0.4917089538105163
29457.171187,-0.0,15873.654411947797,13583.516775052203,0.0,2025-09-09 22:00:00,9,9,22,2025-09-09,late_evening_21_23,15873.654411947797,0.46112767206400535
27620.010052,-0.0,15873.654411947797,11746.355640052205,0.0,2025-09-09 23:00:00,9,9,23,2025-09-09,late_evening_21_23,15873.654411947797,0.425284263761578
26582.3725329999,-0.0,15873.654411947797,10708.718121052103,0.0,2025-09-10 00:00:00,9,10,0,2025-09-10,night_00_05,15873.654411947797,0.40285035159138194
25409.297874,-0.0,15873.654411947797,9535.643462052203,0.0,2025-09-10 01:00:00,9,10,1,2025-09-10,night_00_05,15873.654411947797,0.37528165907368605
24836.77648,-0.0,15873.654411947797,8963.122068052204,0.0,2025-09-10 02:00:00,9,10,2,2025-09-10,night_00_05,15873.654411947797,0.3608810537579152
24461.437174,-0.0,15873.654411947797,8587.782762052202,0.0,2025-09-10 03:00:00,9,10,3,2025-09-10,night_00_05,15873.654411947797,0.35107433389809717
24259.753975,-0.0,15873.654411947797,8386.099563052203,0.0,2025-09-10 04:00:00,9,10,4,2025-09-10,night_00_05,15873.654411947797,0.34567949747941346
25040.5560029999,-0.0,15873.654411947797,9166.901591052103,0.0,2025-09-10 05:00:00,9,10,5,2025-09-10,night_00_05,15873.654411947797,0.3660821904255598
26726.002913,9603.043555645247,15873.654411947797,1249.304945406957,0.0118889440907672,2025-09-10 06:00:00,9,10,6,2025-09-10,morning_06_09,25476.69796759304,0.046744922893025384
31765.984877,2286.4389418203045,15873.654411947797,13605.891523231898,0.0028307009739922,2025-09-10 19:00:00,9,10,19,2025-09-10,evening_peak_16_20,18160.0933537681,0.4283163760202875
31332.2604709999,-0.0,15873.654411947797,15458.606059052103,0.0,2025-09-10 20:00:00,9,10,20,2025-09-10,evening_peak_16_20,15873.654411947797,0.4933766612006841
30329.347293,-0.0,15873.654411947797,14455.692881052202,0.0,2025-09-10 21:00:00,9,10,21,2025-09-10,late_evening_21_23,15873.654411947797,0.4766239359324614
28782.823165,-0.0,15873.654411947797,12909.168753052205,0.0,2025-09-10 22:00:00,9,10,22,2025-09-10,late_evening_21_23,15873.654411947797,0.44850252107131006
26934.860113,-0.0,15873.654411947797,11061.205701052202,0.0,2025-09-10 23:00:00,9,10,23,2025-09-10,late_evening_21_23,15873.654411947797,0.41066505096544226
25947.364176,-0.0,15873.654411947797,10073.709764052202,0.0,2025-09-11 00:00:00,9,11,0,2025-09-11,night_00_05,15873.654411947797,0.38823634245554217
25013.054527,-0.0,15873.654411947797,9139.400115052204,0.0,2025-09-11 01:00:00,9,11,1,2025-09-11,night_00_05,15873.654411947797,0.36538520735989294
24327.830353,-0.0,15873.654411947797,8454.175941052205,0.0,2025-09-11 02:00:00,9,11,2,2025-09-11,night_00_05,15873.654411947797,0.34751047744007607
24114.80967,-0.0,15873.654411947797,8241.155258052202,0.0,2025-09-11 03:00:00,9,11,3,2025-09-11,night_00_05,15873.654411947797,0.34174664327973536
23503.759057,-0.0,15873.654411947797,7630.104645052203,0.0,2025-09-11 04:00:00,9,11,4,2025-09-11,night_00_05,15873.654411947797,0.32463337573143514
24270.991294,-0.0,15873.654411947797,8397.336882052203,0.0,2025-09-11 05:00:00,9,11,5,2025-09-11,night_00_05,15873.654411947797,0.34598244382907006
25884.1708979999,9603.043555645247,15873.654411947797,407.4729304068551,0.0118889440907672,2025-09-11 06:00:00,9,11,6,2025-09-11,morning_06_09,25476.69796759304,0.015742166593342228
31500.250825,2286.4389418203045,15873.654411947797,13340.157471231898,0.0028307009739922,2025-09-11 19:00:00,9,11,19,2025-09-11,evening_peak_16_20,18160.0933537681,0.4234936904262539
31157.3804499999,-0.0,15873.654411947797,15283.726038052102,0.0,2025-09-11 20:00:00,9,11,20,2025-09-11,evening_peak_16_20,15873.654411947797,0.490533087740762
30271.419468,-0.0,15873.654411947797,14397.765056052203,0.0,2025-09-11 21:00:00,9,11,21,2025-09-11,late_evening_21_23,15873.654411947797,0.4756223959458565
28779.603165,-0.0,15873.654411947797,12905.948753052204,0.0,2025-09-11 22:00:00,9,11,22,2025-09-11,late_evening_21_23,15873.654411947797,0.4484408168889428
26841.822627,-0.0,15873.654411947797,10968.168215052205,0.0,2025-09-11 23:00:00,9,11,23,2025-09-11,late_evening_21_23,15873.654411947797,0.4086223341636794
26137.214229,-0.0,15873.654411947797,10263.559817052204,0.0,2025-09-12 00:00:00,9,12,0,2025-09-12,night_00_05,15873.654411947797,0.3926799438964113
24888.058461,-0.0,15873.654411947797,9014.404049052204,0.0,2025-09-12 01:00:00,9,12,1,2025-09-12,night_00_05,15873.654411947797,0.36219796185298764
23808.779302,-0.0,15873.654411947797,7935.124890052202,0.0,2025-09-12 02:00:00,9,12,2,2025-09-12,night_00_05,15873.654411947797,0.3332856669970321
23633.855182,-0.0,15873.654411947797,7760.200770052203,0.0,2025-09-12 03:00:00,9,12,3,2025-09-12,night_00_05,15873.654411947797,0.3283510333076138
23484.742437,-0.0,15873.654411947797,7611.088025052204,0.0,2025-09-12 04:00:00,9,12,4,2025-09-12,night_00_05,15873.654411947797,0.324086501926502
24057.971868,-0.0,15873.654411947797,8184.317456052204,0.0,2025-09-12 05:00:00,9,12,5,2025-09-12,night_00_05,15873.654411947797,0.3401914966464123
25672.640961,7923.210863695699,15873.654411947797,1875.7756853565052,0.0098092454159975,2025-09-12 06:00:00,9,12,6,2025-09-12,morning_06_09,23796.865275643497,0.07306516256765505
31262.178206,2090.458461092829,15873.654411947797,13298.065332959375,0.0025880694619357,2025-09-12 19:00:00,9,12,19,2025-09-12,evening_peak_16_20,17964.112873040627,0.4253723219582678
30602.571417,186.64807688322918,15873.654411947797,14542.268928168973,0.0002310776305299,2025-09-12 20:00:00,9,12,20,2025-09-12,evening_peak_16_20,16060.302488831026,0.4751976142792567
29635.238465,-0.0,15873.654411947797,13761.584053052202,0.0,2025-09-12 21:00:00,9,12,21,2025-09-12,late_evening_21_23,15873.654411947797,0.46436555822909936
28349.785165,68.43762819054002,15873.654411947797,12407.693124861664,8.472846452765806e-05,2025-09-12 22:00:00,9,12,22,2025-09-12,late_evening_21_23,15942.092040138337,0.43766444975321783
26698.996241,-0.0,15873.654411947797,10825.341829052204,0.0,2025-09-12 23:00:00,9,12,23,2025-09-12,late_evening_21_23,15873.654411947797,0.40545875700107387
25828.177854,-0.0,15873.654411947797,9954.523442052205,0.0,2025-09-13 00:00:00,9,13,0,2025-09-13,night_00_05,15873.654411947797,0.3854133070603179
24573.697367,-0.0,15873.654411947797,8700.042955052204,0.0,2025-09-13 01:00:00,9,13,1,2025-09-13,night_00_05,15873.654411947797,0.35403882554260985
23723.922821,-0.0,15873.654411947797,7850.268409052203,0.0,2025-09-13 02:00:00,9,13,2,2025-09-13,night_00_05,15873.654411947797,0.3309009419851629
23103.362337,-0.0,15873.654411947797,7229.707925052202,0.0,2025-09-13 03:00:00,9,13,3,2025-09-13,night_00_05,15873.654411947797,0.3129288204718945
22711.328436,-0.0,15873.654411947797,6837.674024052203,0.0,2025-09-13 04:00:00,9,13,4,2025-09-13,night_00_05,15873.654411947797,0.3010688715686804
22754.054763,-0.0,15873.654411947797,6880.400351052203,0.0,2025-09-13 05:00:00,9,13,5,2025-09-13,night_00_05,15873.654411947797,0.30238128644395773
29742.11379,3502.7622428430736,15873.654411947797,10365.69713520913,0.0043365568662792,2025-09-13 19:00:00,9,13,19,2025-09-13,evening_peak_16_20,19376.41665479087,0.3485191808624685
29341.534125,-0.0,15873.654411947797,13467.879713052202,0.0,2025-09-13 20:00:00,9,13,20,2025-09-13,evening_peak_16_20,15873.654411947797,0.45900393809255885
28516.849025,18.6648076883291,15873.654411947797,12624.529805363874,2.3107763052997653e-05,2025-09-13 21:00:00,9,13,21,2025-09-13,late_evening_21_23,15892.319219636125,0.44270423405812714
27351.980568,3.110801281388183,15873.654411947797,11475.215354770815,3.851293842166275e-06,2025-09-13 22:00:00,9,13,22,2025-09-13,late_evening_21_23,15876.765213229184,0.41953873600641756
25891.660178,-0.0,15873.654411947797,10018.005766052202,0.0,2025-09-13 23:00:00,9,13,23,2025-09-13,late_evening_21_23,15873.654411947797,0.38692017804885476
24947.003139,-0.0,15873.654411947797,9073.348727052204,0.0,2025-09-14 00:00:00,9,14,0,2025-09-14,night_00_05,15873.654411947797,0.363704957926097
23613.91785,-0.0,15873.654411947797,7740.263438052205,0.0,2025-09-14 01:00:00,9,14,1,2025-09-14,night_00_05,15873.654411947797,0.32778395720777037
22713.96998,-0.0,15873.654411947797,6840.315568052205,0.0,2025-09-14 02:00:00,9,14,2,2025-09-14,night_00_05,15873.654411947797,0.3011501544677222
22162.535006,-0.0,15873.654411947797,6288.880594052202,0.0,2025-09-14 03:00:00,9,14,3,2025-09-14,night_00_05,15873.654411947797,0.28376178954030445
21733.727479,-0.0,15873.654411947797,5860.073067052204,0.0,2025-09-14 04:00:00,9,14,4,2025-09-14,night_00_05,15873.654411947797,0.269630373929849
21722.138978,-0.0,15873.654411947797,5848.484566052202,0.0,2025-09-14 05:00:00,9,14,5,2025-09-14,night_00_05,15873.654411947797,0.26924073048126146
31353.825922,404.40416658045103,15873.654411947797,15075.767343471753,0.0005006681994816,2025-09-14 19:00:00,9,14,19,2025-09-14,evening_peak_16_20,16278.058578528247,0.4808270410436118
30711.626326,-0.0,15873.654411947797,14837.971914052205,0.0,2025-09-14 20:00:00,9,14,20,2025-09-14,evening_peak_16_20,15873.654411947797,0.48313859241933405
29589.58236,-0.0,15873.654411947797,13715.927948052204,0.0,2025-09-14 21:00:00,9,14,21,2025-09-14,late_evening_21_23,15873.654411947797,0.463539085519293
28041.6276989999,-0.0,15873.654411947797,12167.973287052102,0.0,2025-09-14 22:00:00,9,14,22,2025-09-14,late_evening_21_23,15873.654411947797,0.4339253561763132
26030.820867,-0.0,15873.654411947797,10157.166455052202,0.0,2025-09-14 23:00:00,9,14,23,2025-09-14,late_evening_21_23,15873.654411947797,0.3901977009080312
24995.339261,-0.0,15873.654411947797,9121.684849052204,0.0,2025-09-15 00:00:00,9,15,0,2025-09-15,night_00_05,15873.654411947797,0.3649354287134916
23997.9366119999,-0.0,15873.654411947797,8124.282200052103,0.0,2025-09-15 01:00:00,9,15,1,2025-09-15,night_00_05,15873.654411947797,0.33854086421703633
23653.842509,-0.0,15873.654411947797,7780.188097052202,0.0,2025-09-15 02:00:00,9,15,2,2025-09-15,night_00_05,15873.654411947797,0.32891857185960105
23116.250045,-0.0,15873.654411947797,7242.595633052204,0.0,2025-09-15 03:00:00,9,15,3,2025-09-15,night_00_05,15873.654411947797,0.31331187450184045
22536.593992,-0.0,15873.654411947797,6662.939580052202,0.0,2025-09-15 04:00:00,9,15,4,2025-09-15,night_00_05,15873.654411947797,0.2956498032674059
23711.141704,-0.0,15873.654411947797,7837.487292052205,0.0,2025-09-15 05:00:00,9,15,5,2025-09-15,night_00_05,15873.654411947797,0.33054027468993796
25827.850455,6526.461088352371,15873.654411947797,3427.734954699832,0.0080800144808648,2025-09-15 06:00:00,9,15,6,2025-09-15,morning_06_09,22400.11550030017,0.13271468179947815
36794.518699,1287.8717304946772,15873.654411947797,19632.992556557525,0.0015944356506568,2025-09-15 19:00:00,9,15,19,2025-09-15,evening_peak_16_20,17161.526142442475,0.5335847091020954
35661.602286,507.06060886627154,15873.654411947797,19280.88726518593,0.0006277608962731,2025-09-15 20:00:00,9,15,20,2025-09-15,evening_peak_16_20,16380.715020814068,0.5406623939820899
33628.592272,472.8417947709442,15873.654411947797,17282.096065281257,0.0005853966640092,2025-09-15 21:00:00,9,15,21,2025-09-15,late_evening_21_23,16346.49620671874,0.5139107794194157
31092.953959,-0.0,15873.654411947797,15219.299547052202,0.0,2025-09-15 22:00:00,9,15,22,2025-09-15,late_evening_21_23,15873.654411947797,0.4894774413238696
28634.358353,-0.0,15873.654411947797,12760.703941052203,0.0,2025-09-15 23:00:00,9,15,23,2025-09-15,late_evening_21_23,15873.654411947797,0.44564309015554643
27196.623211,-0.0,15873.654411947797,11322.968799052202,0.0,2025-09-16 00:00:00,9,16,0,2025-09-16,night_00_05,15873.654411947797,0.41633730449567324
25769.587218,-0.0,15873.654411947797,9895.932806052204,0.0,2025-09-16 01:00:00,9,16,1,2025-09-16,night_00_05,15873.654411947797,0.3840159612312267
25194.31767,-0.0,15873.654411947797,9320.663258052204,0.0,2025-09-16 02:00:00,9,16,2,2025-09-16,night_00_05,15873.654411947797,0.36995100959414884
24784.85945,-0.0,15873.654411947797,8911.205038052203,0.0,2025-09-16 03:00:00,9,16,3,2025-09-16,night_00_05,15873.654411947797,0.3595422865330069
24056.881221,-0.0,15873.654411947797,8183.226809052203,0.0,2025-09-16 04:00:00,9,16,4,2025-09-16,night_00_05,15873.654411947797,0.34016158345200664
24835.321792,-0.0,15873.654411947797,8961.667380052202,0.0,2025-09-16 05:00:00,9,16,5,2025-09-16,night_00_05,15873.654411947797,0.36084361842007423
26590.691617,4753.3043579610885,15873.654411947797,5963.732847091115,0.00588477699083,2025-09-16 06:00:00,9,16,6,2025-09-16,morning_06_09,20626.958769908884,0.22427896697799213
38886.490387,248.864102511053,15873.654411947797,22763.971872541148,0.0003081035073733,2025-09-16 19:00:00,9,16,19,2025-09-16,evening_peak_16_20,16122.51851445885,0.5853953814292093
37554.29847,-0.0,15873.654411947797,21680.644058052203,0.0,2025-09-16 20:00:00,9,16,20,2025-09-16,evening_peak_16_20,15873.654411947797,0.5773145802569482
35542.076363,-0.0,15873.654411947797,19668.4219510522,0.0,2025-09-16 21:00:00,9,16,21,2025-09-16,late_evening_21_23,15873.654411947797,0.5533841565746962
32941.822078,-0.0,15873.654411947797,17068.1676660522,0.0,2025-09-16 22:00:00,9,16,22,2025-09-16,late_evening_21_23,15873.654411947797,0.518130649410892
30301.431162,-0.0,15873.654411947797,14427.776750052204,0.0,2025-09-16 23:00:00,9,16,23,2025-09-16,late_evening_21_23,15873.654411947797,0.4761417595399121
28863.798408,21.775608969717286,15873.654411947797,12968.368387082484,2.695905689516393e-05,2025-09-17 00:00:00,9,17,0,2025-09-17,night_00_05,15895.430020917514,0.44929527998255847
27377.8870609999,-0.0,15873.654411947797,11504.232649052103,0.0,2025-09-17 01:00:00,9,17,1,2025-09-17,night_00_05,15873.654411947797,0.42020162561923957
26535.6527599999,-0.0,15873.654411947797,10661.998348052102,0.0,2025-09-17 02:00:00,9,17,2,2025-09-17,night_00_05,15873.654411947797,0.4017989851044517
26041.338301,-0.0,15873.654411947797,10167.683889052203,0.0,2025-09-17 03:00:00,9,17,3,2025-09-17,night_00_05,15873.654411947797,0.39044398454213697
25895.998369,-0.0,15873.654411947797,10022.343957052204,0.0,2025-09-17 04:00:00,9,17,4,2025-09-17,night_00_05,15873.654411947797,0.38702288339073704
25829.662046,-0.0,15873.654411947797,9956.007634052205,0.0,2025-09-17 05:00:00,9,17,5,2025-09-17,night_00_05,15873.654411947797,0.3854486216785015
27638.490931,3826.2855761074497,15873.654411947797,7938.550942944754,0.0047370914258645,2025-09-17 06:00:00,9,17,6,2025-09-17,morning_06_09,19699.939988055245,0.28722808936144495
36574.200116,-0.0,15873.654411947797,20700.5457040522,0.0,2025-09-17 19:00:00,9,17,19,2025-09-17,evening_peak_16_20,15873.654411947797,0.5659876535480649
35227.596132,-0.0,15873.654411947797,19353.9417200522,0.0,2025-09-17 20:00:00,9,17,20,2025-09-17,evening_peak_16_20,15873.654411947797,0.5493971728167819
33962.328244,-0.0,15873.654411947797,18088.673832052198,0.0,2025-09-17 21:00:00,9,17,21,2025-09-17,late_evening_21_23,15873.654411947797,0.5326099465883308
32199.269019,-0.0,15873.654411947797,16325.614607052203,0.0,2025-09-17 22:00:00,9,17,22,2025-09-17,late_evening_21_23,15873.654411947797,0.5070181747734354
29892.702666,6.221602562776366,15873.654411947797,14012.826651489428,7.70258768433255e-06,2025-09-17 23:00:00,9,17,23,2025-09-17,late_evening_21_23,15879.876014510573,0.4687708170137334
28667.769847,-0.0,15873.654411947797,12794.115435052203,0.0,2025-09-18 00:00:00,9,18,0,2025-09-18,night_00_05,15873.654411947797,0.44628917782354355
27632.49014,-0.0,15873.654411947797,11758.835728052205,0.0,2025-09-18 01:00:00,9,18,1,2025-09-18,night_00_05,15873.654411947797,0.425543831499661
27001.122615,80.88083331607405,15873.654411947797,11046.58736973613,0.0001001336398963,2025-09-18 02:00:00,9,18,2,2025-09-18,night_00_05,15954.53524526387,0.4091158551903835
26467.959393,-0.0,15873.654411947797,10594.304981052204,0.0,2025-09-18 03:00:00,9,18,3,2025-09-18,night_00_05,15873.654411947797,0.4002690507321123
25947.350869,-0.0,15873.654411947797,10073.696457052205,0.0,2025-09-18 04:00:00,9,18,4,2025-09-18,night_00_05,15873.654411947797,0.38823602871488205
26443.553105,-0.0,15873.654411947797,10569.898693052202,0.0,2025-09-18 05:00:00,9,18,5,2025-09-18,night_00_05,15873.654411947797,0.39971552427474755
27914.763528,283.0829166062996,15873.654411947797,11758.026199445903,0.0003504677396371,2025-09-18 06:00:00,9,18,6,2025-09-18,morning_06_09,16156.737328554096,0.42121174294211644
34060.962144,13587.97999710351,15873.654411947797,4599.327734948689,0.0168224515025822,2025-09-18 18:00:00,9,18,18,2025-09-18,evening_peak_16_20,29461.63440905131,0.13503223178206322
33790.020762,874.1351600700606,15873.654411947797,17042.23118998214,0.0010822135696487,2025-09-18 19:00:00,9,18,19,2025-09-18,evening_peak_16_20,16747.789572017857,0.5043569315928833
33046.320768,-0.0,15873.654411947797,17172.6663560522,0.0,2025-09-18 20:00:00,9,18,20,2025-09-18,evening_peak_16_20,15873.654411947797,0.5196544110496302
32191.774551,-0.0,15873.654411947797,16318.120139052202,0.0,2025-09-18 21:00:00,9,18,21,2025-09-18,late_evening_21_23,15873.654411947797,0.5069034051912897
30549.627526,-0.0,15873.654411947797,14675.973114052204,0.0,2025-09-18 22:00:00,9,18,22,2025-09-18,late_evening_21_23,15873.654411947797,0.48039777576868525
28651.616437,-0.0,15873.654411947797,12777.962025052204,0.0,2025-09-18 23:00:00,9,18,23,2025-09-18,late_evening_21_23,15873.654411947797,0.4459770028385224
27257.6283039999,-0.0,15873.654411947797,11383.973892052103,0.0,2025-09-19 00:00:00,9,19,0,2025-09-19,night_00_05,15873.654411947797,0.4176435955868387
25808.219022,-0.0,15873.654411947797,9934.564610052204,0.0,2025-09-19 01:00:00,9,19,1,2025-09-19,night_00_05,15873.654411947797,0.3849380153502095
24846.3576499999,-0.0,15873.654411947797,8972.703238052103,0.0,2025-09-19 02:00:00,9,19,2,2025-09-19,night_00_05,15873.654411947797,0.3611275086854487
24539.521032,-0.0,15873.654411947797,8665.866620052204,0.0,2025-09-19 03:00:00,9,19,3,2025-09-19,night_00_05,15873.654411947797,0.35313919162284174
24176.990525,-0.0,15873.654411947797,8303.336113052204,0.0,2025-09-19 04:00:00,9,19,4,2025-09-19,night_00_05,15873.654411947797,0.3434396065327574
25012.072257,-0.0,15873.654411947797,9138.417845052203,0.0,2025-09-19 05:00:00,9,19,5,2025-09-19,night_00_05,15873.654411947797,0.3653602848718255
26626.590499,877.2459613513952,15873.654411947797,9875.69012570081,0.0010860648634908,2025-09-19 06:00:00,9,19,6,2025-09-19,morning_06_09,16750.90037329919,0.3708957827729279
33528.114975,130.6536538182362,15873.654411947797,17523.80690923396,0.0001617543413709,2025-09-19 19:00:00,9,19,19,2025-09-19,evening_peak_16_20,16004.308065766032,0.5226600696848142
32533.1110449999,-0.0,15873.654411947797,16659.456633052105,0.0,2025-09-19 20:00:00,9,19,20,2025-09-19,evening_peak_16_20,15873.654411947797,0.5120769609155637
31688.524482,395.07176273628556,15873.654411947797,15419.79830731592,0.0004891143179551,2025-09-19 21:00:00,9,19,21,2025-09-19,late_evening_21_23,16268.726174684081,0.48660512155038366
30275.842244,-0.0,15873.654411947797,14402.187832052203,0.0,2025-09-19 22:00:00,9,19,22,2025-09-19,late_evening_21_23,15873.654411947797,0.47569899842857044
28280.803607,-0.0,15873.654411947797,12407.149195052205,0.0,2025-09-19 23:00:00,9,19,23,2025-09-19,late_evening_21_23,15873.654411947797,0.43871275256058195
26948.919648,-0.0,15873.654411947797,11075.265236052202,0.0,2025-09-20 00:00:00,9,20,0,2025-09-20,night_00_05,15873.654411947797,0.410972513210716
25453.451618,-0.0,15873.654411947797,9579.797206052202,0.0,2025-09-20 01:00:00,9,20,1,2025-09-20,night_00_05,15873.654411947797,0.3763653491802906
24294.730142,-0.0,15873.654411947797,8421.075730052204,0.0,2025-09-20 02:00:00,9,20,2,2025-09-20,night_00_05,15873.654411947797,0.346621496959709
23702.179903,-0.0,15873.654411947797,7828.5254910522035,0.0,2025-09-20 03:00:00,9,20,3,2025-09-20,night_00_05,15873.654411947797,0.3302871517763369
23232.680934,-0.0,15873.654411947797,7359.026522052203,0.0,2025-09-20 04:00:00,9,20,4,2025-09-20,night_00_05,15873.654411947797,0.31675322116108406
23455.445416,-0.0,15873.654411947797,7581.791004052202,0.0,2025-09-20 05:00:00,9,20,5,2025-09-20,night_00_05,15873.654411947797,0.323242252260975
23772.691694,3701.8535248518833,15873.654411947797,4197.1837572003205,0.0045830396721778,2025-09-20 06:00:00,9,20,6,2025-09-20,morning_06_09,19575.50793679968,0.17655483910808675
32015.440562,2121.566473906741,15873.654411947797,14020.219676145462,0.0026265824003574,2025-09-20 19:00:00,9,20,19,2025-09-20,evening_peak_16_20,17995.22088585454,0.43792056051811584
31191.098777,-0.0,15873.654411947797,15317.444365052203,0.0,2025-09-20 20:00:00,9,20,20,2025-09-20,evening_peak_16_20,15873.654411947797,0.49108383371050496
30095.944033,-0.0,15873.654411947797,14222.289621052203,0.0,2025-09-20 21:00:00,9,20,21,2025-09-20,late_evening_21_23,15873.654411947797,0.4725649943214128
28753.742797,-0.0,15873.654411947797,12880.088385052202,0.0,2025-09-20 22:00:00,9,20,22,2025-09-20,late_evening_21_23,15873.654411947797,0.44794475891312613
27029.0213749999,-0.0,15873.654411947797,11155.366963052102,0.0,2025-09-20 23:00:00,9,20,23,2025-09-20,late_evening_21_23,15873.654411947797,0.4127181228015194
25914.63015,-0.0,15873.654411947797,10040.975738052204,0.0,2025-09-21 00:00:00,9,21,0,2025-09-21,night_00_05,15873.654411947797,0.38746359411392967
24543.3816,-0.0,15873.654411947797,8669.727188052204,0.0,2025-09-21 01:00:00,9,21,1,2025-09-21,night_00_05,15873.654411947797,0.35324094003624196
23378.389425,-0.0,15873.654411947797,7504.7350130522045,0.0,2025-09-21 02:00:00,9,21,2,2025-09-21,night_00_05,15873.654411947797,0.3210116350028336
22731.031638,-0.0,15873.654411947797,6857.377226052204,0.0,2025-09-21 03:00:00,9,21,3,2025-09-21,night_00_05,15873.654411947797,0.3016747033420412
22141.975925,-0.0,15873.654411947797,6268.321513052202,0.0,2025-09-21 04:00:00,9,21,4,2025-09-21,night_00_05,15873.654411947797,0.28309675406948587
22067.426992,-0.0,15873.654411947797,6193.772580052204,0.0,2025-09-21 05:00:00,9,21,5,2025-09-21,night_00_05,15873.654411947797,0.28067488712198313
22271.945272,790.1435254725711,15873.654411947797,5608.147334579633,0.0009782286359102,2025-09-21 06:00:00,9,21,6,2025-09-21,morning_06_09,16663.797937420368,0.25180321099433206
31039.450391,3322.3357685225133,15873.654411947797,11843.460210529689,0.0041131818234335,2025-09-21 19:00:00,9,21,19,2025-09-21,evening_peak_16_20,19195.99018047031,0.3815615309336709
30367.556478,96.43483972298962,15873.654411947797,14397.467226329212,0.0001193901091071,2025-09-21 20:00:00,9,21,20,2025-09-21,evening_peak_16_20,15970.089251670786,0.4741068724696228
29405.370167,-0.0,15873.654411947797,13531.715755052204,0.0,2025-09-21 21:00:00,9,21,21,2025-09-21,late_evening_21_23,15873.654411947797,0.4601783850433582
27915.455724,-0.0,15873.654411947797,12041.801312052203,0.0,2025-09-21 22:00:00,9,21,22,2025-09-21,late_evening_21_23,15873.654411947797,0.4313668181207373
26252.058837,-0.0,15873.654411947797,10378.404425052204,0.0,2025-09-21 23:00:00,9,21,23,2025-09-21,late_evening_21_23,15873.654411947797,0.39533678061184074
25181.573369,-0.0,15873.654411947797,9307.918957052205,0.0,2025-09-22 00:00:00,9,22,0,2025-09-22,night_00_05,15873.654411947797,0.3696321441340437
23894.111736,-0.0,15873.654411947797,8020.457324052202,0.0,2025-09-22 01:00:00,9,22,1,2025-09-22,night_00_05,15873.654411947797,0.33566668695066837
23631.996892,-0.0,15873.654411947797,7758.3424800522025,0.0,2025-09-22 02:00:00,9,22,2,2025-09-22,night_00_05,15873.654411947797,0.3282982185343207
23090.033927,-0.0,15873.654411947797,7216.379515052204,0.0,2025-09-22 03:00:00,9,22,3,2025-09-22,night_00_05,15873.654411947797,0.31253221791995
22886.683265,-0.0,15873.654411947797,7013.028853052203,0.0,2025-09-22 04:00:00,9,22,4,2025-09-22,night_00_05,15873.654411947797,0.3064239921464305
23783.441858,-0.0,15873.654411947797,7909.787446052202,0.0,2025-09-22 05:00:00,9,22,5,2025-09-22,night_00_05,15873.654411947797,0.3325753897723428
25691.423385,821.2515382864023,15873.654411947797,8996.5174347658,0.0010167415743318,2025-09-22 06:00:00,9,22,6,2025-09-22,morning_06_09,16694.9059502342,0.350175905007211
35838.894964,469.73099348960955,15873.654411947797,19495.50955856259,0.0005815453701671,2025-09-22 19:00:00,9,22,19,2025-09-22,evening_peak_16_20,16343.385405437406,0.5439763022310184
34544.0483679999,-0.0,15873.654411947797,18670.393956052103,0.0,2025-09-22 20:00:00,9,22,20,2025-09-22,evening_peak_16_20,15873.654411947797,0.5404807727558516
33108.036792,-0.0,15873.654411947797,17234.3823800522,0.0,2025-09-22 21:00:00,9,22,21,2025-09-22,late_evening_21_23,15873.654411947797,0.5205498135792999
30857.9171399999,-0.0,15873.654411947797,14984.262728052103,0.0,2025-09-22 22:00:00,9,22,22,2025-09-22,late_evening_21_23,15873.654411947797,0.48558892228758355
28607.129213,-0.0,15873.654411947797,12733.474801052203,0.0,2025-09-22 23:00:00,9,22,23,2025-09-22,late_evening_21_23,15873.654411947797,0.445115436304098
27428.57998,-0.0,15873.654411947797,11554.925568052202,0.0,2025-09-23 00:00:00,9,23,0,2025-09-23,night_00_05,15873.654411947797,0.4212731966612076
25763.894166,-0.0,15873.654411947797,9890.239754052202,0.0,2025-09-23 01:00:00,9,23,1,2025-09-23,night_00_05,15873.654411947797,0.38387984713522527
25075.2596229999,-0.0,15873.654411947797,9201.605211052103,0.0,2025-09-23 02:00:00,9,23,2,2025-09-23,night_00_05,15873.654411947797,0.36695951903971796
24311.125022,99.54564100440504,15873.654411947797,8337.9249690478,0.0001232414029493,2025-09-23 03:00:00,9,23,3,2025-09-23,night_00_05,15973.200052952201,0.34296746701366204
24105.299998,-0.0,15873.654411947797,8231.645586052202,0.0,2025-09-23 04:00:00,9,23,4,2025-09-23,night_00_05,15873.654411947797,0.3414869587491206
24793.939135,-0.0,15873.654411947797,8920.284723052204,0.0,2025-09-23 05:00:00,9,23,5,2025-09-23,night_00_05,15873.654411947797,0.35977682587999965
26715.51226,2917.931601942062,15873.654411947797,7923.926246110141,0.0036125136239519,2025-09-23 06:00:00,9,23,6,2025-09-23,morning_06_09,18791.586013889857,0.29660394189686934
37412.524964,-0.0,15873.654411947797,21538.870552052198,0.0,2025-09-23 19:00:00,9,23,19,2025-09-23,evening_peak_16_20,15873.654411947797,0.5757128280643411
36380.901574,-0.0,15873.654411947797,20507.247162052205,0.0,2025-09-23 20:00:00,9,23,20,2025-09-23,evening_peak_16_20,15873.654411947797,0.5636816646871645
34851.396152,-0.0,15873.654411947797,18977.741740052203,0.0,2025-09-23 21:00:00,9,23,21,2025-09-23,late_evening_21_23,15873.654411947797,0.5445331847620439
32437.979757,-0.0,15873.654411947797,16564.325345052202,0.0,2025-09-23 22:00:00,9,23,22,2025-09-23,late_evening_21_23,15873.654411947797,0.5106460226296208
30107.823064,-0.0,15873.654411947797,14234.168652052203,0.0,2025-09-23 23:00:00,9,23,23,2025-09-23,late_evening_21_23,15873.654411947797,0.4727730936173873
28709.158622,-0.0,15873.654411947797,12835.504210052202,0.0,2025-09-24 00:00:00,9,24,0,2025-09-24,night_00_05,15873.654411947797,0.44708743920542066
26998.662389,-0.0,15873.654411947797,11125.007977052204,0.0,2025-09-24 01:00:00,9,24,1,2025-09-24,night_00_05,15873.654411947797,0.4120577462972699
25967.750097,-0.0,15873.654411947797,10094.095685052203,0.0,2025-09-24 02:00:00,9,24,2,2025-09-24,night_00_05,15873.654411947797,0.38871660607279
25664.965188,-0.0,15873.654411947797,9791.310776052202,0.0,2025-09-24 03:00:00,9,24,3,2025-09-24,night_00_05,15873.654411947797,0.3815049311124825
25000.985494,-0.0,15873.654411947797,9127.331082052204,0.0,2025-09-24 04:00:00,9,24,4,2025-09-24,night_00_05,15873.654411947797,0.36507885196136275
25872.402057,-0.0,15873.654411947797,9998.747645052203,0.0,2025-09-24 05:00:00,9,24,5,2025-09-24,night_00_05,15873.654411947797,0.3864638321182457
27632.02067,2532.192243049942,15873.654411947797,9226.174015002263,0.0031349531875233,2025-09-24 06:00:00,9,24,6,2025-09-24,morning_06_09,18405.84665499774,0.33389429333407716
34588.31399,5412.794229615423,15873.654411947797,13301.86534843678,0.0067012512853693,2025-09-24 19:00:00,9,24,19,2025-09-24,evening_peak_16_20,21286.44864156322,0.3845768646682966
33282.6665529999,-0.0,15873.654411947797,17409.012141052102,0.0,2025-09-24 20:00:00,9,24,20,2025-09-24,evening_peak_16_20,15873.654411947797,0.5230654254619198
32478.181144,-0.0,15873.654411947797,16604.526732052203,0.0,2025-09-24 21:00:00,9,24,21,2025-09-24,late_evening_21_23,15873.654411947797,0.5112517433914157
30429.989347,-0.0,15873.654411947797,14556.334935052202,0.0,2025-09-24 22:00:00,9,24,22,2025-09-24,late_evening_21_23,15873.654411947797,0.478354913932537
28395.316563,-0.0,15873.654411947797,12521.662151052204,0.0,2025-09-24 23:00:00,9,24,23,2025-09-24,late_evening_21_23,15873.654411947797,0.4409763181639724
26963.9698369999,-0.0,15873.654411947797,11090.315425052102,0.0,2025-09-25 00:00:00,9,25,0,2025-09-25,night_00_05,15873.654411947797,0.4113012843470102
25570.419731,-0.0,15873.654411947797,9696.765319052205,0.0,2025-09-25 01:00:00,9,25,1,2025-09-25,night_00_05,15873.654411947797,0.37921807389404893
24407.4489069999,-0.0,15873.654411947797,8533.794495052103,0.0,2025-09-25 02:00:00,9,25,2,2025-09-25,night_00_05,15873.654411947797,0.3496389371772757
23947.4649079999,-0.0,15873.654411947797,8073.810496052103,0.0,2025-09-25 03:00:00,9,25,3,2025-09-25,night_00_05,15873.654411947797,0.3371467721977938
23753.446286,-0.0,15873.654411947797,7879.791874052202,0.0,2025-09-25 04:00:00,9,25,4,2025-09-25,night_00_05,15873.654411947797,0.3317325738411465
24677.248537,-0.0,15873.654411947797,8803.594125052203,0.0,2025-09-25 05:00:00,9,25,5,2025-09-25,night_00_05,15873.654411947797,0.35674942090292094
26384.572359,2137.1204803136566,15873.654411947797,8373.797466738548,0.0026458388695682,2025-09-25 06:00:00,9,25,6,2025-09-25,morning_06_09,18010.774892261452,0.3173747655562124
31644.134919,3157.46330060895,15873.654411947797,12613.017206443254,0.0039090632497987,2025-09-25 19:00:00,9,25,19,2025-09-25,evening_peak_16_20,19031.11771255675,0.39858941439634854
30966.129151,-0.0,15873.654411947797,15092.474739052204,0.0,2025-09-25 20:00:00,9,25,20,2025-09-25,evening_peak_16_20,15873.654411947797,0.48738654629569084
30030.899199,-0.0,15873.654411947797,14157.244787052203,0.0,2025-09-25 21:00:00,9,25,21,2025-09-25,late_evening_21_23,15873.654411947797,0.47142260687031395
28632.148901,-0.0,15873.654411947797,12758.494489052204,0.0,2025-09-25 22:00:00,9,25,22,2025-09-25,late_evening_21_23,15873.654411947797,0.4456003121933542
26591.528376,-0.0,15873.654411947797,10717.873964052202,0.0,2025-09-25 23:00:00,9,25,23,2025-09-25,late_evening_21_23,15873.654411947797,0.40305595874382105
25593.6788,-0.0,15873.654411947797,9720.024388052205,0.0,2025-09-26 00:00:00,9,26,0,2025-09-26,night_00_05,15873.654411947797,0.3797822291984146
24523.878149,-0.0,15873.654411947797,8650.223737052203,0.0,2025-09-26 01:00:00,9,26,1,2025-09-26,night_00_05,15873.654411947797,0.3527265828225023
24285.235604,-0.0,15873.654411947797,8411.581192052205,0.0,2025-09-26 02:00:00,9,26,2,2025-09-26,night_00_05,15873.654411947797,0.34636605257668324
24028.003706,-0.0,15873.654411947797,8154.349294052203,0.0,2025-09-26 03:00:00,9,26,3,2025-09-26,night_00_05,15873.654411947797,0.3393685715145779
23450.939853,-0.0,15873.654411947797,7577.285441052203,0.0,2025-09-26 04:00:00,9,26,4,2025-09-26,night_00_05,15873.654411947797,0.32311222870169387
24024.538158,-0.0,15873.654411947797,8150.883746052203,0.0,2025-09-26 05:00:00,9,26,5,2025-09-26,night_00_05,15873.654411947797,0.33927327520083944
25670.929962,1816.707948330695,15873.654411947797,7980.567601721506,0.0022491556038251,2025-09-26 06:00:00,9,26,6,2025-09-26,morning_06_09,17690.36236027849,0.31087956741477346
30412.144994,1863.3699675514417,15873.654411947797,12675.12061450076,0.0023069250114575,2025-09-26 19:00:00,9,26,19,2025-09-26,evening_peak_16_20,17737.02437949924,0.4167782514847746
29940.312465,2146.452884157822,15873.654411947797,11920.20516889438,0.0026573927510947,2025-09-26 20:00:00,9,26,20,2025-09-26,evening_peak_16_20,18020.10729610562,0.3981322901298712
29338.594875,189.75887816464459,15873.654411947797,13275.181584887558,0.0002349289243721,2025-09-26 21:00:00,9,26,21,2025-09-26,late_evening_21_23,16063.413290112441,0.45248184657267293
28137.247561,-0.0,15873.654411947797,12263.593149052203,0.0,2025-09-26 22:00:00,9,26,22,2025-09-26,late_evening_21_23,15873.654411947797,0.4358490688353724
26508.4838319999,-0.0,15873.654411947797,10634.829420052103,0.0,2025-09-26 23:00:00,9,26,23,2025-09-26,late_evening_21_23,15873.654411947797,0.4011858802431467
25446.873052,-0.0,15873.654411947797,9573.218640052202,0.0,2025-09-27 00:00:00,9,27,0,2025-09-27,night_00_05,15873.654411947797,0.3762041261607895
24071.042405,-0.0,15873.654411947797,8197.387993052203,0.0,2025-09-27 01:00:00,9,27,1,2025-09-27,night_00_05,15873.654411947797,0.3405497715939985
23096.86982,-0.0,15873.654411947797,7223.215408052203,0.0,2025-09-27 02:00:00,9,27,2,2025-09-27,night_00_05,15873.654411947797,0.3127356851532102
22493.0808269999,-0.0,15873.654411947797,6619.426415052103,0.0,2025-09-27 03:00:00,9,27,3,2025-09-27,night_00_05,15873.654411947797,0.29428722841320953
22478.516323,-0.0,15873.654411947797,6604.861911052203,0.0,2025-09-27 04:00:00,9,27,4,2025-09-27,night_00_05,15873.654411947797,0.2938299759710615
22520.231017,-0.0,15873.654411947797,6646.576605052202,0.0,2025-09-27 05:00:00,9,27,5,2025-09-27,night_00_05,15873.654411947797,0.29513802944716044
23247.155898,665.7114742170043,15873.654411947797,6707.7900118352,0.0008241768822235,2025-09-27 06:00:00,9,27,6,2025-09-27,morning_06_09,16539.3658861648,0.2885423937993329
28441.627721,-0.0,15873.654411947797,12567.973309052204,0.0,2025-09-27 19:00:00,9,27,19,2025-09-27,evening_peak_16_20,15873.654411947797,0.4418865696555259
28042.335756,-0.0,15873.654411947797,12168.681344052204,0.0,2025-09-27 20:00:00,9,27,20,2025-09-27,evening_peak_16_20,15873.654411947797,0.43393964931928203
27374.295394,-0.0,15873.654411947797,11500.640982052204,0.0,2025-09-27 21:00:00,9,27,21,2025-09-27,late_evening_21_23,15873.654411947797,0.4201255526954296
26345.169756,-0.0,15873.654411947797,10471.515344052203,0.0,2025-09-27 22:00:00,9,27,22,2025-09-27,late_evening_21_23,15873.654411947797,0.3974738231347839
25025.189593,-0.0,15873.654411947797,9151.535181052202,0.0,2025-09-27 23:00:00,9,27,23,2025-09-27,late_evening_21_23,15873.654411947797,0.36569294098822946
24189.133186,-0.0,15873.654411947797,8315.478774052202,0.0,2025-09-28 00:00:00,9,28,0,2025-09-28,night_00_05,15873.654411947797,0.3437691921455446
23017.983889,-0.0,15873.654411947797,7144.3294770522025,0.0,2025-09-28 01:00:00,9,28,1,2025-09-28,night_00_05,15873.654411947797,0.3103803318094417
22246.480159,-0.0,15873.654411947797,6372.825747052202,0.0,2025-09-28 02:00:00,9,28,2,2025-09-28,night_00_05,15873.654411947797,0.2864644519719234
21901.397926,-0.0,15873.654411947797,6027.743514052205,0.0,2025-09-28 03:00:00,9,28,3,2025-09-28,night_00_05,15873.654411947797,0.2752218618381631
21541.084973,-0.0,15873.654411947797,5667.430561052204,0.0,2025-09-28 04:00:00,9,28,4,2025-09-28,night_00_05,15873.654411947797,0.2630986585938391
21611.022556,-0.0,15873.654411947797,5737.368144052203,0.0,2025-09-28 05:00:00,9,28,5,2025-09-28,night_00_05,15873.654411947797,0.26548341843543644
21798.605728,706.1518908750817,15873.654411947797,5218.799425177121,0.0008742437021717,2025-09-28 06:00:00,9,28,6,2025-09-28,morning_06_09,16579.80630282288,0.2394097810794223
28607.540522,-0.0,15873.654411947797,12733.886110052203,0.0,2025-09-28 19:00:00,9,28,19,2025-09-28,evening_peak_16_20,15873.654411947797,0.44512341423616925
28093.534982,-0.0,15873.654411947797,12219.880570052204,0.0,2025-09-28 20:00:00,9,28,20,2025-09-28,evening_peak_16_20,15873.654411947797,0.4349712692931554
27313.933009,-0.0,15873.654411947797,11440.278597052204,0.0,2025-09-28 21:00:00,9,28,21,2025-09-28,late_evening_21_23,15873.654411947797,0.4188440600364146
25968.773802,-0.0,15873.654411947797,10095.119390052203,0.0,2025-09-28 22:00:00,9,28,22,2025-09-28,late_evening_21_23,15873.654411947797,0.3887407032393159
24650.647224,-0.0,15873.654411947797,8776.992812052204,0.0,2025-09-28 23:00:00,9,28,23,2025-09-28,late_evening_21_23,15873.654411947797,0.3560552683382235
23891.686553,-0.0,15873.654411947797,8018.032141052203,0.0,2025-09-29 00:00:00,9,29,0,2025-09-29,night_00_05,15873.654411947797,0.3355992522028716
23131.906096,-0.0,15873.654411947797,7258.251684052202,0.0,2025-09-29 01:00:00,9,29,1,2025-09-29,night_00_05,15873.654411947797,0.31377663621534885
22875.132571,-0.0,15873.654411947797,7001.478159052202,0.0,2025-09-29 02:00:00,9,29,2,2025-09-29,night_00_05,15873.654411947797,0.306073774100367
22563.5121149999,-0.0,15873.654411947797,6689.857703052103,0.0,2025-09-29 03:00:00,9,29,3,2025-09-29,night_00_05,15873.654411947797,0.2964900884647644
22247.744896,-0.0,15873.654411947797,6374.0904840522035,0.0,2025-09-29 04:00:00,9,29,4,2025-09-29,night_00_05,15873.654411947797,0.28650501495089614
23175.733909,-0.0,15873.654411947797,7302.079497052202,0.0,2025-09-29 05:00:00,9,29,5,2025-09-29,night_00_05,15873.654411947797,0.31507435862544714
25064.93845,1378.0849676549167,15873.654411947797,7813.199070397288,0.0017061231720796,2025-09-29 06:00:00,9,29,6,2025-09-29,morning_06_09,17251.739379602714,0.3117182627830186
30639.893921,8850.229645549338,15873.654411947797,5916.009863502864,0.010956930980963,2025-09-29 19:00:00,9,29,19,2025-09-29,evening_peak_16_20,24723.884057497133,0.19308193033423474
29641.778767,3113.912082669538,15873.654411947797,10654.212272382665,0.0038551451360084,2025-09-29 20:00:00,9,29,20,2025-09-29,evening_peak_16_20,18987.566494617335,0.3594322849559869
28606.320244,-0.0,15873.654411947797,12732.665832052202,0.0,2025-09-29 21:00:00,9,29,21,2025-09-29,late_evening_21_23,15873.654411947797,0.44509974451267637
27192.44174,-0.0,15873.654411947797,11318.787328052202,0.0,2025-09-29 22:00:00,9,29,22,2025-09-29,late_evening_21_23,15873.654411947797,0.4162475527676612
25356.54913,-0.0,15873.654411947797,9482.894718052203,0.0,2025-09-29 23:00:00,9,29,23,2025-09-29,late_evening_21_23,15873.654411947797,0.37398206946199714
24570.70272,-0.0,15873.654411947797,8697.048308052204,0.0,2025-09-30 00:00:00,9,30,0,2025-09-30,night_00_05,15873.654411947797,0.35396009658987093
23772.948718,-0.0,15873.654411947797,7899.294306052203,0.0,2025-09-30 01:00:00,9,30,1,2025-09-30,night_00_05,15873.654411947797,0.3322807952751418
23380.010741,-0.0,15873.654411947797,7506.3563290522015,0.0,2025-09-30 02:00:00,9,30,2,2025-09-30,night_00_05,15873.654411947797,0.32105872029771115
23136.848818,-0.0,15873.654411947797,7263.194406052202,0.0,2025-09-30 03:00:00,9,30,3,2025-09-30,night_00_05,15873.654411947797,0.31392323402319094
22980.94674,-0.0,15873.654411947797,7107.292328052203,0.0,2025-09-30 04:00:00,9,30,4,2025-09-30,night_00_05,15873.654411947797,0.30926890908638877
23776.084713,-0.0,15873.654411947797,7902.4303010522035,0.0,2025-09-30 05:00:00,9,30,5,2025-09-30,night_00_05,15873.654411947797,0.33236886545627964
25775.766475,1185.2152882088567,15873.654411947797,8716.896774843346,0.0014673429538653,2025-09-30 06:00:00,9,30,6,2025-09-30,morning_06_09,17058.869700156654,0.3381818648651202
30075.819611,376.40695504795457,15873.654411947797,13825.758244004248,0.0004660065549021,2025-09-30 19:00:00,9,30,19,2025-09-30,evening_peak_16_20,16250.061366995751,0.4596968070305749
29483.708705,-0.0,15873.654411947797,13610.054293052204,0.0,2025-09-30 20:00:00,9,30,20,2025-09-30,evening_peak_16_20,15873.654411947797,0.4616126970059279
28654.6772099999,-0.0,15873.654411947797,12781.022798052103,0.0,2025-09-30 21:00:00,9,30,21,2025-09-30,late_evening_21_23,15873.654411947797,0.4460361812622962
27248.83978,-0.0,15873.654411947797,11375.185368052202,0.0,2025-09-30 22:00:00,9,30,22,2025-09-30,late_evening_21_23,15873.654411947797,0.4174557691223726
25504.946698,-0.0,15873.654411947797,9631.292286052203,0.0,2025-09-30 23:00:00,9,30,23,2025-09-30,late_evening_21_23,15873.654411947797,0.37762448203067417
24821.589947,-0.0,15873.654411947797,8947.935535052204,0.0,2025-10-01 00:00:00,10,1,0,2025-10-01,night_00_05,15873.654411947797,0.3604900231676607
23928.122766,-0.0,15873.654411947797,8054.468354052204,0.0,2025-10-01 01:00:00,10,1,1,2025-10-01,night_00_05,15873.654411947797,0.3366109591136408
23829.103113,-0.0,15873.654411947797,7955.448701052204,0.0,2025-10-01 02:00:00,10,1,2,2025-10-01,night_00_05,15873.654411947797,0.33385430678304034
23288.647711,-0.0,15873.654411947797,7414.993299052205,0.0,2025-10-01 03:00:00,10,1,3,2025-10-01,night_00_05,15873.654411947797,0.3183951851163027
22579.404849,-0.0,15873.654411947797,6705.750437052202,0.0,2025-10-01 04:00:00,10,1,4,2025-10-01,night_00_05,15873.654411947797,0.2969852607673664
23447.227503,-0.0,15873.654411947797,7573.573091052202,0.0,2025-10-01 05:00:00,10,1,5,2025-10-01,night_00_05,15873.654411947797,0.32300505849073996
25161.703915,1231.8773074296842,15873.654411947797,8056.172195622517,0.0015251123614978,2025-10-01 06:00:00,10,1,6,2025-10-01,morning_06_09,17105.531719377483,0.3201759397073216
30804.376023,202.20208329022552,15873.654411947797,14728.519527761979,0.0002503340997408,2025-10-01 19:00:00,10,1,19,2025-10-01,evening_peak_16_20,16075.856495238022,0.4781307537852729
29596.939879,-0.0,15873.654411947797,13723.285467052205,0.0,2025-10-01 20:00:00,10,1,20,2025-10-01,evening_peak_16_20,15873.654411947797,0.46367244462287555
28817.337945,-0.0,15873.654411947797,12943.683533052203,0.0,2025-10-01 21:00:00,10,1,21,2025-10-01,late_evening_21_23,15873.654411947797,0.4491630544693674
27366.585814,-0.0,15873.654411947797,11492.931402052202,0.0,2025-10-01 22:00:00,10,1,22,2025-10-01,late_evening_21_23,15873.654411947797,0.4199621933172508
25701.34305,-0.0,15873.654411947797,9827.688638052203,0.0,2025-10-01 23:00:00,10,1,23,2025-10-01,late_evening_21_23,15873.654411947797,0.3823803533898281
25010.241708,-0.0,15873.654411947797,9136.587296052205,0.0,2025-10-02 00:00:00,10,2,0,2025-10-02,night_00_05,15873.654411947797,0.36531383433730247
23908.661717,-0.0,15873.654411947797,8035.007305052202,0.0,2025-10-02 01:00:00,10,2,1,2025-10-02,night_00_05,15873.654411947797,0.33607097712788314
23572.8334689999,-0.0,15873.654411947797,7699.1790570521025,0.0,2025-10-02 02:00:00,10,2,2,2025-10-02,night_00_05,15873.654411947797,0.32661237212646155
23125.5864669999,-0.0,15873.654411947797,7251.932055052102,0.0,2025-10-02 03:00:00,10,2,3,2025-10-02,night_00_05,15873.654411947797,0.31358910898975795
22908.725678,-0.0,15873.654411947797,7035.071266052202,0.0,2025-10-02 04:00:00,10,2,4,2025-10-02,night_00_05,15873.654411947797,0.30709133999575594
23618.23848,-0.0,15873.654411947797,7744.584068052203,0.0,2025-10-02 05:00:00,10,2,5,2025-10-02,night_00_05,15873.654411947797,0.3279069298334989
25273.089837,1110.5560574555325,15873.654411947797,8288.87936759667,0.0013749119016533,2025-10-02 06:00:00,10,2,6,2025-10-02,morning_06_09,16984.21046940333,0.3279725360474795
30283.099044,31.108012813881835,15873.654411947797,14378.33661923832,3.851293842166276e-05,2025-10-02 19:00:00,10,2,19,2025-10-02,evening_peak_16_20,15904.762424761679,0.47479739766221535
29302.817841,-0.0,15873.654411947797,13429.163429052203,0.0,2025-10-02 20:00:00,10,2,20,2025-10-02,evening_peak_16_20,15873.654411947797,0.45828914822868494
28782.682627,-0.0,15873.654411947797,12909.028215052202,0.0,2025-10-02 21:00:00,10,2,21,2025-10-02,late_evening_21_23,15873.654411947797,0.44849982825932655
27602.324954,-0.0,15873.654411947797,11728.670542052203,0.0,2025-10-02 22:00:00,10,2,22,2025-10-02,late_evening_21_23,15873.654411947797,0.4249160373844718
25578.4892259999,-0.0,15873.654411947797,9704.834814052103,0.0,2025-10-02 23:00:00,10,2,23,2025-10-02,late_evening_21_23,15873.654411947797,0.37941391801152113
24717.04557303,-0.0,15873.654411947797,8843.391161082202,0.0,2025-10-03 00:00:00,10,3,0,2025-10-03,night_00_05,15873.654411947797,0.35778512180807187
23681.5277402199,-0.0,15873.654411947797,7807.873328272102,0.0,2025-10-03 01:00:00,10,3,1,2025-10-03,night_00_05,15873.654411947797,0.3297031092724426
23007.228712,-0.0,15873.654411947797,7133.574300052203,0.0,2025-10-03 02:00:00,10,3,2,2025-10-03,night_00_05,15873.654411947797,0.3100579556690158
23058.716925,-0.0,15873.654411947797,7185.062513052204,0.0,2025-10-03 03:00:00,10,3,3,2025-10-03,night_00_05,15873.654411947797,0.31159853934727133
22738.609811,-0.0,15873.654411947797,6864.955399052202,0.0,2025-10-03 04:00:00,10,3,4,2025-10-03,night_00_05,15873.654411947797,0.3019074365633039
23835.220129,-0.0,15873.654411947797,7961.5657170522045,0.0,2025-10-03 05:00:00,10,3,5,2025-10-03,night_00_05,15873.654411947797,0.33402526487957507
25205.040453,1035.8968267022087,15873.654411947797,8295.489214349996,0.0012824808494413,2025-10-03 06:00:00,10,3,6,2025-10-03,morning_06_09,16909.551238650005,0.3291202499682017
27977.847265,130.6536538182362,15873.654411947797,11973.539199233968,0.0001617543413709,2025-10-03 19:00:00,10,3,19,2025-10-03,evening_peak_16_20,16004.308065766032,0.427964992653768
27294.182889,-0.0,15873.654411947797,11420.528477052203,0.0,2025-10-03 20:00:00,10,3,20,2025-10-03,evening_peak_16_20,15873.654411947797,0.4184235345493659
26740.900071,-0.0,15873.654411947797,10867.245659052203,0.0,2025-10-03 21:00:00,10,3,21,2025-10-03,late_evening_21_23,15873.654411947797,0.4063904217957692
25731.9845799999,-0.0,15873.654411947797,9858.330168052102,0.0,2025-10-03 22:00:00,10,3,22,2025-10-03,late_evening_21_23,15873.654411947797,0.3831158120510634
24462.175552,-0.0,15873.654411947797,8588.521140052204,0.0,2025-10-03 23:00:00,10,3,23,2025-10-03,late_evening_21_23,15873.654411947797,0.3510939213805951
24023.1344,-0.0,15873.654411947797,8149.479988052202,0.0,2025-10-04 00:00:00,10,4,0,2025-10-04,night_00_05,15873.654411947797,0.33923466656591666
22733.730693,-0.0,15873.654411947797,6860.076281052205,0.0,2025-10-04 01:00:00,10,4,1,2025-10-04,night_00_05,15873.654411947797,0.3017576117924414
22089.517327,-0.0,15873.654411947797,6215.862915052205,0.0,2025-10-04 02:00:00,10,4,2,2025-10-04,night_00_05,15873.654411947797,0.2813942388616414
21446.21579,-0.0,15873.654411947797,5572.561378052202,0.0,2025-10-04 03:00:00,10,4,3,2025-10-04,night_00_05,15873.654411947797,0.2598389120308391
21085.1325579999,-0.0,15873.654411947797,5211.478146052103,0.0,2025-10-04 04:00:00,10,4,4,2025-10-04,night_00_05,15873.654411947797,0.24716364157145498
21486.267933,-0.0,15873.654411947797,5612.6135210522025,0.0,2025-10-04 05:00:00,10,4,5,2025-10-04,night_00_05,15873.654411947797,0.26121863222379293
22218.22829,634.6034614031731,15873.654411947797,5709.970416649029,0.0007856639438019,2025-10-04 06:00:00,10,4,6,2025-10-04,morning_06_09,16508.25787335097,0.25699485765113766
26729.085174,-0.0,15873.654411947797,10855.430762052203,0.0,2025-10-04 19:00:00,10,4,19,2025-10-04,evening_peak_16_20,15873.654411947797,0.40612803211879217
26047.012219,-0.0,15873.654411947797,10173.357807052203,0.0,2025-10-04 20:00:00,10,4,20,2025-10-04,evening_peak_16_20,15873.654411947797,0.3905767664066762
25592.265886,-0.0,15873.654411947797,9718.611474052204,0.0,2025-10-04 21:00:00,10,4,21,2025-10-04,late_evening_21_23,15873.654411947797,0.37974798782348834
24410.688121,-0.0,15873.654411947797,8537.033709052203,0.0,2025-10-04 22:00:00,10,4,22,2025-10-04,late_evening_21_23,15873.654411947797,0.3497252378439907
23192.981049,-0.0,15873.654411947797,7319.326637052205,0.0,2025-10-04 23:00:00,10,4,23,2025-10-04,late_evening_21_23,15873.654411947797,0.31558369411800075
22512.612232,-0.0,15873.654411947797,6638.957820052203,0.0,2025-10-05 00:00:00,10,5,0,2025-10-05,night_00_05,15873.654411947797,0.2948994879685894
21550.119941,-0.0,15873.654411947797,5676.465529052204,0.0,2025-10-05 01:00:00,10,5,1,2025-10-05,night_00_05,15873.654411947797,0.26340760722414785
20962.451817,-0.0,15873.654411947797,5088.797405052204,0.0,2025-10-05 02:00:00,10,5,2,2025-10-05,night_00_05,15873.654411947797,0.24275773890749375
20342.311027,-0.0,15873.654411947797,4468.656615052203,0.0,2025-10-05 03:00:00,10,5,3,2025-10-05,night_00_05,15873.654411947797,0.2196730061358826
20207.776647,-0.0,15873.654411947797,4334.122235052202,0.0,2025-10-05 04:00:00,10,5,4,2025-10-05,night_00_05,15873.654411947797,0.21447793642828272
20578.0475539999,-0.0,15873.654411947797,4704.393142052102,0.0,2025-10-05 05:00:00,10,5,5,2025-10-05,night_00_05,15873.654411947797,0.22861222036284373
20780.896355,759.0355126586592,15873.654411947797,4148.206430393545,0.0009397156974885,2025-10-05 06:00:00,10,5,6,2025-10-05,morning_06_09,16632.689924606457,0.19961633798320075
28005.338934,569.2766344940146,15873.654411947797,11562.407887558187,0.0007047867731164,2025-10-05 19:00:00,10,5,19,2025-10-05,evening_peak_16_20,16442.931046441812,0.4128644154176187
27107.699427,-0.0,15873.654411947797,11234.045015052203,0.0,2025-10-05 20:00:00,10,5,20,2025-10-05,evening_peak_16_20,15873.654411947797,0.414422664132936
26286.051325,-0.0,15873.654411947797,10412.396913052204,0.0,2025-10-05 21:00:00,10,5,21,2025-10-05,late_evening_21_23,15873.654411947797,0.3961187165129376
24896.725401,-0.0,15873.654411947797,9023.070989052203,0.0,2025-10-05 22:00:00,10,5,22,2025-10-05,late_evening_21_23,15873.654411947797,0.3624199907305795
23490.6167609999,-0.0,15873.654411947797,7616.962349052103,0.0,2025-10-05 23:00:00,10,5,23,2025-10-05,late_evening_21_23,15873.654411947797,0.32425552834773164
22502.622307,-0.0,15873.654411947797,6628.967895052205,0.0,2025-10-06 00:00:00,10,6,0,2025-10-06,night_00_05,15873.654411947797,0.2945864621737929
21424.92576,-0.0,15873.654411947797,5551.271348052202,0.0,2025-10-06 01:00:00,10,6,1,2025-10-06,night_00_05,15873.654411947797,0.2591034111500325
20737.123717,-0.0,15873.654411947797,4863.469305052202,0.0,2025-10-06 02:00:00,10,6,2,2025-10-06,night_00_05,15873.654411947797,0.23452959877290983
20516.160834,-0.0,15873.654411947797,4642.506422052202,0.0,2025-10-06 03:00:00,10,6,3,2025-10-06,night_00_05,15873.654411947797,0.22628533962155828
21288.547846,-0.0,15873.654411947797,5414.893434052205,0.0,2025-10-06 04:00:00,10,6,4,2025-10-06,night_00_05,15873.654411947797,0.25435710661070915
21860.800189,-0.0,15873.654411947797,5987.145777052205,0.0,2025-10-06 05:00:00,10,6,5,2025-10-06,night_00_05,15873.654411947797,0.27387587486686965
23753.044648,591.0522434636802,15873.654411947797,7288.337992588522,0.0007317458300115,2025-10-06 06:00:00,10,6,6,2025-10-06,morning_06_09,16464.706655411475,0.3068380538409083
30147.290736,510.17141014760614,15873.654411947797,13763.464913904596,0.0006316121901152,2025-10-06 19:00:00,10,6,19,2025-10-06,evening_peak_16_20,16383.825822095403,0.45654068998874026
28882.087936,746.592307533159,15873.654411947797,12261.841216519044,0.0009243105221199,2025-10-06 20:00:00,10,6,20,2025-10-06,evening_peak_16_20,16620.246719480954,0.4245482959434974
27873.386045,317.30173070154615,15873.654411947797,11682.429902350657,0.0003928319719009,2025-10-06 21:00:00,10,6,21,2025-10-06,late_evening_21_23,16190.956142649342,0.419124891518025
26054.134155,-0.0,15873.654411947797,10180.479743052203,0.0,2025-10-06 22:00:00,10,6,22,2025-10-06,late_evening_21_23,15873.654411947797,0.39074335314645203
24415.20358,-0.0,15873.654411947797,8541.549168052205,0.0,2025-10-06 23:00:00,10,6,23,2025-10-06,late_evening_21_23,15873.654411947797,0.34984550262153513
23565.799046,-0.0,15873.654411947797,7692.144634052203,0.0,2025-10-07 00:00:00,10,7,0,2025-10-07,night_00_05,15873.654411947797,0.3264113650055863
22455.050497,-0.0,15873.654411947797,6581.3960850522035,0.0,2025-10-07 01:00:00,10,7,1,2025-10-07,night_00_05,15873.654411947797,0.2930920189171465
22132.4054049999,-0.0,15873.654411947797,6258.750993052103,0.0,2025-10-07 02:00:00,10,7,2,2025-10-07,night_00_05,15873.654411947797,0.2827867499498359
21828.468125,-0.0,15873.654411947797,5954.813713052203,0.0,2025-10-07 03:00:00,10,7,3,2025-10-07,night_00_05,15873.654411947797,0.27280034856097823
21335.158469,-0.0,15873.654411947797,5461.504057052205,0.0,2025-10-07 04:00:00,10,7,4,2025-10-07,night_00_05,15873.654411947797,0.2559861022353208
22377.669415,-0.0,15873.654411947797,6504.015003052204,0.0,2025-10-07 05:00:00,10,7,5,2025-10-07,night_00_05,15873.654411947797,0.29064755951272075
24253.35466983,519.5038139917716,15873.654411947797,7860.196443890433,0.0006431660716417,2025-10-07 06:00:00,10,7,6,2025-10-07,morning_06_09,16393.15822593957,0.3240869789311306
30359.962136,121.32124997407068,15873.654411947797,14364.98647407813,0.0001502004598444,2025-10-07 19:00:00,10,7,19,2025-10-07,evening_peak_16_20,15994.975661921868,0.4731556123070565
29000.744877,-0.0,15873.654411947797,13127.090465052204,0.0,2025-10-07 20:00:00,10,7,20,2025-10-07,evening_peak_16_20,15873.654411947797,0.4526466654814469
27958.600927,-0.0,15873.654411947797,12084.946515052203,0.0,2025-10-07 21:00:00,10,7,21,2025-10-07,late_evening_21_23,15873.654411947797,0.4322443224754357
26347.191522,-0.0,15873.654411947797,10473.537110052204,0.0,2025-10-07 22:00:00,10,7,22,2025-10-07,late_evening_21_23,15873.654411947797,0.3975200583070405
24481.0779249999,-0.0,15873.654411947797,8607.423513052103,0.0,2025-10-07 23:00:00,10,7,23,2025-10-07,late_evening_21_23,15873.654411947797,0.35159495588477596
23659.61726,-0.0,15873.654411947797,7785.962848052202,0.0,2025-10-08 00:00:00,10,8,0,2025-10-08,night_00_05,15873.654411947797,0.3290823669077478
22719.23449,-0.0,15873.654411947797,6845.580078052202,0.0,2025-10-08 01:00:00,10,8,1,2025-10-08,night_00_05,15873.654411947797,0.30131209223027844
22194.330103,-0.0,15873.654411947797,6320.675691052204,0.0,2025-10-08 02:00:00,10,8,2,2025-10-08,night_00_05,15873.654411947797,0.2847878562551361
22229.801599,-0.0,15873.654411947797,6356.147187052202,0.0,2025-10-08 03:00:00,10,8,3,2025-10-08,night_00_05,15873.654411947797,0.28592910101987284
22382.390166,-0.0,15873.654411947797,6508.735754052204,0.0,2025-10-08 04:00:00,10,8,4,2025-10-08,night_00_05,15873.654411947797,0.2907971716058863
22433.7058689999,-0.0,15873.654411947797,6560.051457052103,0.0,2025-10-08 05:00:00,10,8,5,2025-10-08,night_00_05,15873.654411947797,0.29241942884332517
24669.058667,255.08570507380307,15873.654411947797,8540.318549978401,0.0003158060950576,2025-10-08 06:00:00,10,8,6,2025-10-08,morning_06_09,16128.7401170216,0.3461955587872858
28916.488867,-0.0,15873.654411947797,13042.834455052203,0.0,2025-10-08 19:00:00,10,8,19,2025-10-08,evening_peak_16_20,15873.654411947797,0.45105180352435226
27946.079781,-0.0,15873.654411947797,12072.425369052204,0.0,2025-10-08 20:00:00,10,8,20,2025-10-08,evening_peak_16_20,15873.654411947797,0.43198994147508346
27084.554586,-0.0,15873.654411947797,11210.900174052202,0.0,2025-10-08 21:00:00,10,8,21,2025-10-08,late_evening_21_23,15873.654411947797,0.4139222647525876
25857.6293349999,-0.0,15873.654411947797,9983.974923052103,0.0,2025-10-08 22:00:00,10,8,22,2025-10-08,late_evening_21_23,15873.654411947797,0.3861133127752812
24069.280332,-0.0,15873.654411947797,8195.625920052202,0.0,2025-10-08 23:00:00,10,8,23,2025-10-08,late_evening_21_23,15873.654411947797,0.3405014943116581
23398.467763,-0.0,15873.654411947797,7524.813351052204,0.0,2025-10-09 00:00:00,10,9,0,2025-10-09,night_00_05,15873.654411947797,0.3215942781924888
22544.001293,-0.0,15873.654411947797,6670.3468810522045,0.0,2025-10-09 01:00:00,10,9,1,2025-10-09,night_00_05,15873.654411947797,0.2958812321893972
22069.984918,-0.0,15873.654411947797,6196.330506052202,0.0,2025-10-09 02:00:00,10,9,2,2025-10-09,night_00_05,15873.654411947797,0.28075825738324606
21729.068628,-0.0,15873.654411947797,5855.414216052204,0.0,2025-10-09 03:00:00,10,9,3,2025-10-09,night_00_05,15873.654411947797,0.26947377802042277
21914.931556,-0.0,15873.654411947797,6041.277144052203,0.0,2025-10-09 04:00:00,10,9,4,2025-10-09,night_00_05,15873.654411947797,0.2756694506945967
22216.134345,-0.0,15873.654411947797,6342.479933052202,0.0,2025-10-09 05:00:00,10,9,5,2025-10-09,night_00_05,15873.654411947797,0.2854898081978718
24342.84402,-0.0,15873.654411947797,8469.189608052204,0.0,2025-10-09 06:00:00,10,9,6,2025-10-09,morning_06_09,15873.654411947797,0.3479129061950997
29268.893388,8144.0777546742565,15873.654411947797,5251.161221377947,0.0100826872787913,2025-10-09 19:00:00,10,9,19,2025-10-09,evening_peak_16_20,24017.732166622052,0.17941099281638298
28216.893437,-0.0,15873.654411947797,12343.239025052202,0.0,2025-10-09 20:00:00,10,9,20,2025-10-09,evening_peak_16_20,15873.654411947797,0.4374414586995912
27528.844685,-0.0,15873.654411947797,11655.190273052203,0.0,2025-10-09 21:00:00,10,9,21,2025-10-09,late_evening_21_23,15873.654411947797,0.4233810174897357
26041.243989,-0.0,15873.654411947797,10167.589577052202,0.0,2025-10-09 22:00:00,10,9,22,2025-10-09,late_evening_21_23,15873.654411947797,0.3904417769499438
24424.969553,-0.0,15873.654411947797,8551.315141052202,0.0,2025-10-09 23:00:00,10,9,23,2025-10-09,late_evening_21_23,15873.654411947797,0.3501054575522239
23834.407198,-0.0,15873.654411947797,7960.752786052204,0.0,2025-10-10 00:00:00,10,10,0,2025-10-10,night_00_05,15873.654411947797,0.33400255017545427
22914.321873,-0.0,15873.654411947797,7040.667461052204,0.0,2025-10-10 01:00:00,10,10,1,2025-10-10,night_00_05,15873.654411947797,0.30726056394224954
22228.213885,-0.0,15873.654411947797,6354.559473052204,0.0,2025-10-10 02:00:00,10,10,2,2025-10-10,night_00_05,15873.654411947797,0.285878096455621
22210.699273,-0.0,15873.654411947797,6337.044861052202,0.0,2025-10-10 03:00:00,10,10,3,2025-10-10,night_00_05,15873.654411947797,0.2853149638902052
22198.531053,-0.0,15873.654411947797,6324.876641052202,0.0,2025-10-10 04:00:00,10,10,4,2025-10-10,night_00_05,15873.654411947797,0.28492320622257716
22909.197078,-0.0,15873.654411947797,7035.542666052204,0.0,2025-10-10 05:00:00,10,10,5,2025-10-10,night_00_05,15873.654411947797,0.30710559790017816
24389.677116,-0.0,15873.654411947797,8516.022704052202,0.0,2025-10-10 06:00:00,10,10,6,2025-10-10,morning_06_09,15873.654411947797,0.3491650448486488
29738.982288,7714.787177842643,15873.654411947797,6150.540698209559,0.0095512087285723,2025-10-10 18:00:00,10,10,18,2025-10-10,evening_peak_16_20,23588.44158979044,0.20681745725681303
29300.541391,236.4208973854721,15873.654411947797,13190.46608166673,0.0002926983320046,2025-10-10 19:00:00,10,10,19,2025-10-10,evening_peak_16_20,16110.07530933327,0.45017823751605945
28555.065281,-0.0,15873.654411947797,12681.410869052203,0.0,2025-10-10 20:00:00,10,10,20,2025-10-10,evening_peak_16_20,15873.654411947797,0.444103725355171
27932.045883,-0.0,15873.654411947797,12058.391471052202,0.0,2025-10-10 21:00:00,10,10,21,2025-10-10,late_evening_21_23,15873.654411947797,0.43170455617757597
27082.0836849999,-0.0,15873.654411947797,11208.429273052103,0.0,2025-10-10 22:00:00,10,10,22,2025-10-10,late_evening_21_23,15873.654411947797,0.41386879249842123
25161.956988,-0.0,15873.654411947797,9288.302576052205,0.0,2025-10-10 23:00:00,10,10,23,2025-10-10,late_evening_21_23,15873.654411947797,0.3691407063640516
24029.7908,-0.0,15873.654411947797,8156.136388052202,0.0,2025-10-11 00:00:00,10,11,0,2025-10-11,night_00_05,15873.654411947797,0.339417702631527
22862.5735729999,-0.0,15873.654411947797,6988.919161052103,0.0,2025-10-11 01:00:00,10,11,1,2025-10-11,night_00_05,15873.654411947797,0.30569258262796073
22036.535871,-0.0,15873.654411947797,6162.881459052203,0.0,2025-10-11 02:00:00,10,11,2,2025-10-11,night_00_05,15873.654411947797,0.2796665272222996
21322.4142809999,-0.0,15873.654411947797,5448.759869052103,0.0,2025-10-11 03:00:00,10,11,3,2025-10-11,night_00_05,15873.654411947797,0.2555414127708519
21539.140566,-0.0,15873.654411947797,5665.4861540522015,0.0,2025-10-11 04:00:00,10,11,4,2025-10-11,night_00_05,15873.654411947797,0.2630321361565974
21170.073444,-0.0,15873.654411947797,5296.419032052205,0.0,2025-10-11 05:00:00,10,11,5,2025-10-11,night_00_05,15873.654411947797,0.2501842540160535
21912.832356,-0.0,15873.654411947797,6039.177944052202,0.0,2025-10-11 06:00:00,10,11,6,2025-10-11,morning_06_09,15873.654411947797,0.27560006145890137
26711.594039,-0.0,15873.654411947797,10837.939627052203,0.0,2025-10-11 19:00:00,10,11,19,2025-10-11,evening_peak_16_20,15873.654411947797,0.40573915623411977
25739.004747,-0.0,15873.654411947797,9865.350335052202,0.0,2025-10-11 20:00:00,10,11,20,2025-10-11,evening_peak_16_20,15873.654411947797,0.3832840637011054
25100.3422399999,-0.0,15873.654411947797,9226.687828052103,0.0,2025-10-11 21:00:00,10,11,21,2025-10-11,late_evening_21_23,15873.654411947797,0.36759211248316986
24241.212226,-0.0,15873.654411947797,8367.557814052203,0.0,2025-10-11 22:00:00,10,11,22,2025-10-11,late_evening_21_23,15873.654411947797,0.3451790172884815
22939.83159,-0.0,15873.654411947797,7066.177178052205,0.0,2025-10-11 23:00:00,10,11,23,2025-10-11,late_evening_21_23,15873.654411947797,0.3080309090469746
22132.380333,-0.0,15873.654411947797,6258.725921052204,0.0,2025-10-12 00:00:00,10,12,0,2025-10-12,night_00_05,15873.654411947797,0.28278593747642533
21220.769105,-0.0,15873.654411947797,5347.114693052203,0.0,2025-10-12 01:00:00,10,12,1,2025-10-12,night_00_05,15873.654411947797,0.25197553710682075
20749.59326,-0.0,15873.654411947797,4875.938848052205,0.0,2025-10-12 02:00:00,10,12,2,2025-10-12,night_00_05,15873.654411947797,0.23498961097477458
20446.3415269999,-0.0,15873.654411947797,4572.687115052102,0.0,2025-10-12 03:00:00,10,12,3,2025-10-12,night_00_05,15873.654411947797,0.2236432913445056
20142.095831,-0.0,15873.654411947797,4268.441419052202,0.0,2025-10-12 04:00:00,10,12,4,2025-10-12,night_00_05,15873.654411947797,0.2119164487581671
20046.5308999999,-0.0,15873.654411947797,4172.876488052103,0.0,2025-10-12 05:00:00,10,12,5,2025-10-12,night_00_05,15873.654411947797,0.20815953188449798
20844.885709,-0.0,15873.654411947797,4971.231297052202,0.0,2025-10-12 06:00:00,10,12,6,2025-10-12,morning_06_09,15873.654411947797,0.2384868579493252
26134.0359079999,-0.0,15873.654411947797,10260.381496052103,0.0,2025-10-12 19:00:00,10,12,19,2025-10-12,evening_peak_16_20,15873.654411947797,0.3926060839654427
25419.921975,-0.0,15873.654411947797,9546.267563052204,0.0,2025-10-12 20:00:00,10,12,20,2025-10-12,evening_peak_16_20,15873.654411947797,0.3755427562854352
24691.444735,-0.0,15873.654411947797,8817.790323052204,0.0,2025-10-12 21:00:00,10,12,21,2025-10-12,late_evening_21_23,15873.654411947797,0.35711925396382455
23549.826778,-0.0,15873.654411947797,7676.172366052202,0.0,2025-10-12 22:00:00,10,12,22,2025-10-12,late_evening_21_23,15873.654411947797,0.32595451501253514
22041.430139,-0.0,15873.654411947797,6167.775727052203,0.0,2025-10-12 23:00:00,10,12,23,2025-10-12,late_evening_21_23,15873.654411947797,0.2798264762384438
21706.590709,-0.0,15873.654411947797,5832.936297052203,0.0,2025-10-13 00:00:00,10,13,0,2025-10-13,night_00_05,15873.654411947797,0.26871729306775693
20964.7715059999,-0.0,15873.654411947797,5091.117094052102,0.0,2025-10-13 01:00:00,10,13,1,2025-10-13,night_00_05,15873.654411947797,0.24284152548932278
20449.876047,-0.0,15873.654411947797,4576.221635052205,0.0,2025-10-13 02:00:00,10,13,2,2025-10-13,night_00_05,15873.654411947797,0.2237774754494679
20287.04569,-0.0,15873.654411947797,4413.391278052202,0.0,2025-10-13 03:00:00,10,13,3,2025-10-13,night_00_05,15873.654411947797,0.21754726368204885
20739.547144,-0.0,15873.654411947797,4865.892732052203,0.0,2025-10-13 04:00:00,10,13,4,2025-10-13,night_00_05,15873.654411947797,0.23461904439219725
21244.299665,-0.0,15873.654411947797,5370.645253052202,0.0,2025-10-13 05:00:00,10,13,5,2025-10-13,night_00_05,15873.654411947797,0.25280406215980583
22973.21167,-0.0,15873.654411947797,7099.557258052204,0.0,2025-10-13 06:00:00,10,13,6,2025-10-13,morning_06_09,15873.654411947797,0.3090363402398496
26787.556807,2149.563685439157,15873.654411947797,8764.338709613046,0.0026612440449368,2025-10-13 18:00:00,10,13,18,2025-10-13,evening_peak_16_20,18023.218097386954,0.3271794726468966
26749.715041,-0.0,15873.654411947797,10876.060629052203,0.0,2025-10-13 19:00:00,10,13,19,2025-10-13,evening_peak_16_20,15873.654411947797,0.40658603698701745
26032.497425,-0.0,15873.654411947797,10158.843013052205,0.0,2025-10-13 20:00:00,10,13,20,2025-10-13,evening_peak_16_20,15873.654411947797,0.3902369737025799
25224.589674,-0.0,15873.654411947797,9350.935262052202,0.0,2025-10-13 21:00:00,10,13,21,2025-10-13,late_evening_21_23,15873.654411947797,0.37070713073642536
24162.310555,-0.0,15873.654411947797,8288.656143052203,0.0,2025-10-13 22:00:00,10,13,22,2025-10-13,late_evening_21_23,15873.654411947797,0.3430407089663451
22841.459448,-0.0,15873.654411947797,6967.805036052205,0.0,2025-10-13 23:00:00,10,13,23,2025-10-13,late_evening_21_23,15873.654411947797,0.30505078066114144
22180.056623,-0.0,15873.654411947797,6306.402211052204,0.0,2025-10-14 00:00:00,10,14,0,2025-10-14,night_00_05,15873.654411947797,0.28432759745584546
21462.505649,-0.0,15873.654411947797,5588.851237052202,0.0,2025-10-14 01:00:00,10,14,1,2025-10-14,night_00_05,15873.654411947797,0.26040068799295124
21088.036798,-0.0,15873.654411947797,5214.382386052204,0.0,2025-10-14 02:00:00,10,14,2,2025-10-14,night_00_05,15873.654411947797,0.24726732203666957
20962.259275,-0.0,15873.654411947797,5088.604863052204,0.0,2025-10-14 03:00:00,10,14,3,2025-10-14,night_00_05,15873.654411947797,0.24275078350552476
21020.17251,-0.0,15873.654411947797,5146.518098052204,0.0,2025-10-14 04:00:00,10,14,4,2025-10-14,night_00_05,15873.654411947797,0.24483710091360253
21828.313072,-0.0,15873.654411947797,5954.658660052204,0.0,2025-10-14 05:00:00,10,14,5,2025-10-14,night_00_05,15873.654411947797,0.27279518304556793
23721.002652,24.886410251105463,15873.654411947797,7822.461829801097,3.08103507373302e-05,2025-10-14 06:00:00,10,14,6,2025-10-14,morning_06_09,15898.540822198902,0.3297694429093434
25962.492088,2955.2612173187244,15873.654411947797,7133.576458733478,0.0036587291500579,2025-10-14 18:00:00,10,14,18,2025-10-14,evening_peak_16_20,18828.91562926652,0.27476470419535165
26020.874066,-0.0,15873.654411947797,10147.219654052204,0.0,2025-10-14 19:00:00,10,14,19,2025-10-14,evening_peak_16_20,15873.654411947797,0.38996459643571313
25366.379608,-0.0,15873.654411947797,9492.725196052203,0.0,2025-10-14 20:00:00,10,14,20,2025-10-14,evening_peak_16_20,15873.654411947797,0.3742246762347752
24792.613847,-0.0,15873.654411947797,8918.959435052204,0.0,2025-10-14 21:00:00,10,14,21,2025-10-14,late_evening_21_23,15873.654411947797,0.35974260278052256
23797.660463,-0.0,15873.654411947797,7924.0060510522035,0.0,2025-10-14 22:00:00,10,14,22,2025-10-14,late_evening_21_23,15873.654411947797,0.3329741620346356
22637.246759,-0.0,15873.654411947797,6763.592347052205,0.0,2025-10-14 23:00:00,10,14,23,2025-10-14,late_evening_21_23,15873.654411947797,0.29878157971499647
22007.300851,-0.0,15873.654411947797,6133.646439052203,0.0,2025-10-15 00:00:00,10,15,0,2025-10-15,night_00_05,15873.654411947797,0.27870961916592757
21369.982088,-0.0,15873.654411947797,5496.327676052204,0.0,2025-10-15 01:00:00,10,15,1,2025-10-15,night_00_05,15873.654411947797,0.2571985158161918
21127.8011449999,-0.0,15873.654411947797,5254.146733052103,0.0,2025-10-15 02:00:00,10,15,2,2025-10-15,night_00_05,15873.654411947797,0.24868402996568093
21078.531033,-0.0,15873.654411947797,5204.876621052203,0.0,2025-10-15 03:00:00,10,15,3,2025-10-15,night_00_05,15873.654411947797,0.24692786290010357
20609.16009,-0.0,15873.654411947797,4735.5056780522045,0.0,2025-10-15 04:00:00,10,15,4,2025-10-15,night_00_05,15873.654411947797,0.2297767428353362
21094.726969,-0.0,15873.654411947797,5221.072557052203,0.0,2025-10-15 05:00:00,10,15,5,2025-10-15,night_00_05,15873.654411947797,0.2475060504326456
23386.3692559999,167.98326919489818,15873.654411947797,7344.7315748572055,0.0002079698674769,2025-10-15 06:00:00,10,15,6,2025-10-15,morning_06_09,16041.637681142694,0.3140603611641373
25636.030216,4656.869518238099,15873.654411947797,5105.506285814104,0.0057653868817229,2025-10-15 18:00:00,10,15,18,2025-10-15,evening_peak_16_20,20530.523930185896,0.1991535445541661
26050.759903,-0.0,15873.654411947797,10177.105491052202,0.0,2025-10-15 19:00:00,10,15,19,2025-10-15,evening_peak_16_20,15873.654411947797,0.39066443854024424
25237.837558,-0.0,15873.654411947797,9364.183146052203,0.0,2025-10-15 20:00:00,10,15,20,2025-10-15,evening_peak_16_20,15873.654411947797,0.37103746010457633
25042.323684,-0.0,15873.654411947797,9168.669272052202,0.0,2025-10-15 21:00:00,10,15,21,2025-10-15,late_evening_21_23,15873.654411947797,0.3661269372502454
23737.0608809999,-0.0,15873.654411947797,7863.406469052103,0.0,2025-10-15 22:00:00,10,15,22,2025-10-15,late_evening_21_23,15873.654411947797,0.33127127694845704
22519.894964,-0.0,15873.654411947797,6646.2405520522025,0.0,2025-10-15 23:00:00,10,15,23,2025-10-15,late_evening_21_23,15873.654411947797,0.29512751114855523
22307.358376,-0.0,15873.654411947797,6433.703964052203,0.0,2025-10-16 00:00:00,10,16,0,2025-10-16,night_00_05,15873.654411947797,0.288411736414926
21367.288728,-0.0,15873.654411947797,5493.634316052203,0.0,2025-10-16 01:00:00,10,16,1,2025-10-16,night_00_05,15873.654411947797,0.25710488522829134
20543.942315,-0.0,15873.654411947797,4670.287903052204,0.0,2025-10-16 02:00:00,10,16,2,2025-10-16,night_00_05,15873.654411947797,0.22733163048468205
20403.794895,-0.0,15873.654411947797,4530.140483052202,0.0,2025-10-16 03:00:00,10,16,3,2025-10-16,night_00_05,15873.654411947797,0.2220244080262895
20648.435174,-0.0,15873.654411947797,4774.780762052202,0.0,2025-10-16 04:00:00,10,16,4,2025-10-16,night_00_05,15873.654411947797,0.23124177313274025
21615.412466,-0.0,15873.654411947797,5741.758054052205,0.0,2025-10-16 05:00:00,10,16,5,2025-10-16,night_00_05,15873.654411947797,0.2656325926273076
23448.535017,83.9916345974087,15873.654411947797,7490.888970454793,0.0001039849337384,2025-10-16 06:00:00,10,16,6,2025-10-16,morning_06_09,15957.646046545206,0.31946085181969613
26624.614458,-0.0,15873.654411947797,10750.960046052203,0.0,2025-10-16 19:00:00,10,16,19,2025-10-16,evening_peak_16_20,15873.654411947797,0.4037977737860471
25891.052056,-0.0,15873.654411947797,10017.397644052204,0.0,2025-10-16 20:00:00,10,16,20,2025-10-16,evening_peak_16_20,15873.654411947797,0.3869057781964781
25057.5950229999,-0.0,15873.654411947797,9183.940611052103,0.0,2025-10-16 21:00:00,10,16,21,2025-10-16,late_evening_21_23,15873.654411947797,0.3665132508775218
24022.683771,-0.0,15873.654411947797,8149.029359052203,0.0,2025-10-16 22:00:00,10,16,22,2025-10-16,late_evening_21_23,15873.654411947797,0.33922227161353424
22677.938726,-0.0,15873.654411947797,6804.284314052204,0.0,2025-10-16 23:00:00,10,16,23,2025-10-16,late_evening_21_23,15873.654411947797,0.3000398050397397
21915.9229009999,-0.0,15873.654411947797,6042.268489052103,0.0,2025-10-17 00:00:00,10,17,0,2025-10-17,night_00_05,15873.654411947797,0.2757022150674033
20977.955727,-0.0,15873.654411947797,5104.301315052204,0.0,2025-10-17 01:00:00,10,17,1,2025-10-17,night_00_05,15873.654411947797,0.24331738428080646
20666.505233,-0.0,15873.654411947797,4792.850821052203,0.0,2025-10-17 02:00:00,10,17,2,2025-10-17,night_00_05,15873.654411947797,0.23191394805344462
20510.624291,-0.0,15873.654411947797,4636.969879052203,0.0,2025-10-17 03:00:00,10,17,3,2025-10-17,night_00_05,15873.654411947797,0.22607648666680963
20227.272362,-0.0,15873.654411947797,4353.617950052203,0.0,2025-10-17 04:00:00,10,17,4,2025-10-17,night_00_05,15873.654411947797,0.21523504860848836
21264.163544,-0.0,15873.654411947797,5390.509132052202,0.0,2025-10-17 05:00:00,10,17,5,2025-10-17,night_00_05,15873.654411947797,0.25350205386156444
23508.4069849999,55.9944230649873,15873.654411947797,7578.758149987116,6.932328915899296e-05,2025-10-17 06:00:00,10,17,6,2025-10-17,morning_06_09,15929.648835012784,0.32238501548926407
26784.798365,5163.9301271043705,15873.654411947797,5747.2138259478315,0.006393147777996,2025-10-17 18:00:00,10,17,18,2025-10-17,evening_peak_16_20,21037.584539052168,0.21456998658827992
26731.142003,-0.0,15873.654411947797,10857.487591052204,0.0,2025-10-17 19:00:00,10,17,19,2025-10-17,evening_peak_16_20,15873.654411947797,0.4061737276257663
25737.612825,-0.0,15873.654411947797,9863.958413052203,0.0,2025-10-17 20:00:00,10,17,20,2025-10-17,evening_peak_16_20,15873.654411947797,0.3832507109389312
25308.599568,-0.0,15873.654411947797,9434.945156052205,0.0,2025-10-17 21:00:00,10,17,21,2025-10-17,late_evening_21_23,15873.654411947797,0.37279601863003425
24113.976273,-0.0,15873.654411947797,8240.321861052204,0.0,2025-10-17 22:00:00,10,17,22,2025-10-17,late_evening_21_23,15873.654411947797,0.3417238935529164
23079.104737,-0.0,15873.654411947797,7205.450325052205,0.0,2025-10-17 23:00:00,10,17,23,2025-10-17,late_evening_21_23,15873.654411947797,0.31220666517018564
22573.751391,-0.0,15873.654411947797,6700.096979052205,0.0,2025-10-18 00:00:00,10,18,0,2025-10-18,night_00_05,15873.654411947797,0.2968091950247794
21587.653467,-0.0,15873.654411947797,5713.999055052203,0.0,2025-10-18 01:00:00,10,18,1,2025-10-18,night_00_05,15873.654411947797,0.2646882887844627
20857.652878,-0.0,15873.654411947797,4983.998466052204,0.0,2025-10-18 02:00:00,10,18,2,2025-10-18,night_00_05,15873.654411947797,0.23895298743365173
20280.361406,-0.0,15873.654411947797,4406.706994052203,0.0,2025-10-18 03:00:00,10,18,3,2025-10-18,night_00_05,15873.654411947797,0.21728937201032655
20134.912058,-0.0,15873.654411947797,4261.257646052205,0.0,2025-10-18 04:00:00,10,18,4,2025-10-18,night_00_05,15873.654411947797,0.21163527477931657
20558.494108,-0.0,15873.654411947797,4684.839696052202,0.0,2025-10-18 05:00:00,10,18,5,2025-10-18,night_00_05,15873.654411947797,0.22787854360544696
21350.87815,55.9944230649873,15873.654411947797,5421.229314987217,6.932328915899296e-05,2025-10-18 06:00:00,10,18,6,2025-10-18,morning_06_09,15929.648835012784,0.25391130411126517
26200.202234,5163.9301271043705,15873.654411947797,5162.617694947833,0.006393147777996,2025-10-18 18:00:00,10,18,18,2025-10-18,evening_peak_16_20,21037.584539052168,0.19704495594496993
25922.041366,-0.0,15873.654411947797,10048.386954052205,0.0,2025-10-18 19:00:00,10,18,19,2025-10-18,evening_peak_16_20,15873.654411947797,0.3876387207387116
25068.0784399999,-0.0,15873.654411947797,9194.424028052103,0.0,2025-10-18 20:00:00,10,18,20,2025-10-18,evening_peak_16_20,15873.654411947797,0.36677817368646065
24359.320921,-0.0,15873.654411947797,8485.666509052202,0.0,2025-10-18 21:00:00,10,18,21,2025-10-18,late_evening_21_23,15873.654411947797,0.34835398476715207
23520.121235,-0.0,15873.654411947797,7646.466823052202,0.0,2025-10-18 22:00:00,10,18,22,2025-10-18,late_evening_21_23,15873.654411947797,0.3251032061719814
22447.431515,-0.0,15873.654411947797,6573.7771030522035,0.0,2025-10-18 23:00:00,10,18,23,2025-10-18,late_evening_21_23,15873.654411947797,0.29285208415312114
22094.851756,-0.0,15873.654411947797,6221.197344052203,0.0,2025-10-19 00:00:00,10,19,0,2025-10-19,night_00_05,15873.654411947797,0.28156773409275293
21095.403972,-0.0,15873.654411947797,5221.749560052203,0.0,2025-10-19 01:00:00,10,19,1,2025-10-19,night_00_05,15873.654411947797,0.24753019980006302
20284.516984,-0.0,15873.654411947797,4410.862572052205,0.0,2025-10-19 02:00:00,10,19,2,2025-10-19,night_00_05,15873.654411947797,0.21744972165378157
19967.331329,-0.0,15873.654411947797,4093.676917052204,0.0,2025-10-19 03:00:00,10,19,3,2025-10-19,night_00_05,15873.654411947797,0.20501873032510162
19706.934103,-0.0,15873.654411947797,3833.279691052203,0.0,2025-10-19 04:00:00,10,19,4,2025-10-19,night_00_05,15873.654411947797,0.19451425934735633
19808.643696,-0.0,15873.654411947797,3934.9892840522025,0.0,2025-10-19 05:00:00,10,19,5,2025-10-19,night_00_05,15873.654411947797,0.19865011176140257
20361.071224,12.443205125552732,15873.654411947797,4474.97360692665,1.54051753686651e-05,2025-10-19 06:00:00,10,19,6,2025-10-19,morning_06_09,15886.09761707335,0.2197808532613898
26727.720451,2762.3915378726642,15873.654411947797,8091.67450117954,0.0034199489318436,2025-10-19 18:00:00,10,19,18,2025-10-19,evening_peak_16_20,18636.045949820462,0.3027446547869291
26611.061351,-0.0,15873.654411947797,10737.406939052204,0.0,2025-10-19 19:00:00,10,19,19,2025-10-19,evening_peak_16_20,15873.654411947797,0.4034941258984662
25668.04306,-0.0,15873.654411947797,9794.388648052203,0.0,2025-10-19 20:00:00,10,19,20,2025-10-19,evening_peak_16_20,15873.654411947797,0.3815790952647795
25005.851343,-0.0,15873.654411947797,9132.196931052202,0.0,2025-10-19 21:00:00,10,19,21,2025-10-19,late_evening_21_23,15873.654411947797,0.3652024002617539
23805.4546229999,-0.0,15873.654411947797,7931.800211052103,0.0,2025-10-19 22:00:00,10,19,22,2025-10-19,late_evening_21_23,15873.654411947797,0.33319255341541376
22174.247966,-0.0,15873.654411947797,6300.593554052202,0.0,2025-10-19 23:00:00,10,19,23,2025-10-19,late_evening_21_23,15873.654411947797,0.28414012343115164
21878.393986,-0.0,15873.654411947797,6004.739574052202,0.0,2025-10-20 00:00:00,10,20,0,2025-10-20,night_00_05,15873.654411947797,0.2744597970899802
21740.335737,-0.0,15873.654411947797,5866.681325052205,0.0,2025-10-20 01:00:00,10,20,1,2025-10-20,night_00_05,15873.654411947797,0.26985237928352995
21376.635258,-0.0,15873.654411947797,5502.980846052202,0.0,2025-10-20 02:00:00,10,20,2,2025-10-20,night_00_05,15873.654411947797,0.25742970208525984
21273.928285,-0.0,15873.654411947797,5400.273873052205,0.0,2025-10-20 03:00:00,10,20,3,2025-10-20,night_00_05,15873.654411947797,0.2538446966966545
20530.909719,-0.0,15873.654411947797,4657.255307052203,0.0,2025-10-20 04:00:00,10,20,4,2025-10-20,night_00_05,15873.654411947797,0.22684115661675824
21697.328449,-0.0,15873.654411947797,5823.674037052204,0.0,2025-10-20 05:00:00,10,20,5,2025-10-20,night_00_05,15873.654411947797,0.26840511958607555
24095.061769,115.09964741132062,15873.654411947797,8106.307709640882,0.0001424978721601,2025-10-20 06:00:00,10,20,6,2025-10-20,morning_06_09,15988.754059359117,0.3364302522797522
29011.419024,4740.861152835588,15873.654411947797,8396.903459216614,0.0058693718154614,2025-10-20 18:00:00,10,20,18,2025-10-20,evening_peak_16_20,20614.515564783385,0.28943442760487476
28341.593965,15.554006406940918,15873.654411947797,12452.385546645262,1.925646921083138e-05,2025-10-20 19:00:00,10,20,19,2025-10-20,evening_peak_16_20,15889.208418354738,0.43936786202015093
27204.137859,-0.0,15873.654411947797,11330.483447052202,0.0,2025-10-20 20:00:00,10,20,20,2025-10-20,evening_peak_16_20,15873.654411947797,0.4164985306933267
26166.577459,-0.0,15873.654411947797,10292.923047052203,0.0,2025-10-20 21:00:00,10,20,21,2025-10-20,late_evening_21_23,15873.654411947797,0.3933614574997446
24941.489718,-0.0,15873.654411947797,9067.835306052204,0.0,2025-10-20 22:00:00,10,20,22,2025-10-20,late_evening_21_23,15873.654411947797,0.36356430223604674
23321.488857,-0.0,15873.654411947797,7447.834445052204,0.0,2025-10-20 23:00:00,10,20,23,2025-10-20,late_evening_21_23,15873.654411947797,0.3193550159134338
22428.563323,-0.0,15873.654411947797,6554.908911052202,0.0,2025-10-21 00:00:00,10,21,0,2025-10-21,night_00_05,15873.654411947797,0.2922571908264087
21998.367135,-0.0,15873.654411947797,6124.712723052204,0.0,2025-10-21 01:00:00,10,21,1,2025-10-21,night_00_05,15873.654411947797,0.2784166972696632
21448.538459,-0.0,15873.654411947797,5574.884047052203,0.0,2025-10-21 02:00:00,10,21,2,2025-10-21,night_00_05,15873.654411947797,0.25991906430868866
20976.995343,-0.0,15873.654411947797,5103.340931052202,0.0,2025-10-21 03:00:00,10,21,3,2025-10-21,night_00_05,15873.654411947797,0.24328274128902744
21143.052062,-0.0,15873.654411947797,5269.397650052202,0.0,2025-10-21 04:00:00,10,21,4,2025-10-21,night_00_05,15873.654411947797,0.2492259695809381
21904.590965,-0.0,15873.654411947797,6030.936553052203,0.0,2025-10-21 05:00:00,10,21,5,2025-10-21,night_00_05,15873.654411947797,0.27532751297153485
23967.360488,-0.0,15873.654411947797,8093.706076052202,0.0,2025-10-21 06:00:00,10,21,6,2025-10-21,morning_06_09,15873.654411947797,0.3376970142417045
28204.596681,1110.5560574555325,15873.654411947797,11220.38621159667,0.0013749119016533,2025-10-21 18:00:00,10,21,18,2025-10-21,evening_peak_16_20,16984.21046940333,0.3978211898755947
28177.077877,-0.0,15873.654411947797,12303.423465052203,0.0,2025-10-21 19:00:00,10,21,19,2025-10-21,evening_peak_16_20,15873.654411947797,0.4366465365485991
27047.445695,-0.0,15873.654411947797,11173.791283052202,0.0,2025-10-21 20:00:00,10,21,20,2025-10-21,evening_peak_16_20,15873.654411947797,0.4131181705308976
26426.378564,-0.0,15873.654411947797,10552.724152052202,0.0,2025-10-21 21:00:00,10,21,21,2025-10-21,late_evening_21_23,15873.654411947797,0.3993253985405294
25033.50737,-0.0,15873.654411947797,9159.852958052203,0.0,2025-10-21 22:00:00,10,21,22,2025-10-21,late_evening_21_23,15873.654411947797,0.3659036994963524
23368.703111,-0.0,15873.654411947797,7495.048699052202,0.0,2025-10-21 23:00:00,10,21,23,2025-10-21,late_evening_21_23,15873.654411947797,0.32073019471603326
22523.88647,-0.0,15873.654411947797,6650.232058052205,0.0,2025-10-22 00:00:00,10,22,0,2025-10-22,night_00_05,15873.654411947797,0.2952524231068993
21612.98997,-0.0,15873.654411947797,5739.335558052202,0.0,2025-10-22 01:00:00,10,22,1,2025-10-22,night_00_05,15873.654411947797,0.2655502809198871
21666.1635059999,-0.0,15873.654411947797,5792.509094052102,0.0,2025-10-22 02:00:00,10,22,2,2025-10-22,night_00_05,15873.654411947797,0.2673527822518284
21751.4891159999,-0.0,15873.654411947797,5877.834704052102,0.0,2025-10-22 03:00:00,10,22,3,2025-10-22,night_00_05,15873.654411947797,0.27022677264557954
21421.4933959999,-0.0,15873.654411947797,5547.838984052103,0.0,2025-10-22 04:00:00,10,22,4,2025-10-22,night_00_05,15873.654411947797,0.2589846973548571
21770.4512259999,-0.0,15873.654411947797,5896.7968140521025,0.0,2025-10-22 05:00:00,10,22,5,2025-10-22,night_00_05,15873.654411947797,0.2708624067015068
23889.3090849999,-0.0,15873.654411947797,8015.654673052102,0.0,2025-10-22 06:00:00,10,22,6,2025-10-22,morning_06_09,15873.654411947797,0.33553313093031784
27176.330307,3807.620768419119,15873.654411947797,7495.055126633084,0.0047139836628115,2025-10-22 18:00:00,10,22,18,2025-10-22,evening_peak_16_20,19681.275180366916,0.2757934953676409
27055.652605,-0.0,15873.654411947797,11181.998193052203,0.0,2025-10-22 19:00:00,10,22,19,2025-10-22,evening_peak_16_20,15873.654411947797,0.4132961919752666
25901.26759,-0.0,15873.654411947797,10027.613178052203,0.0,2025-10-22 20:00:00,10,22,20,2025-10-22,evening_peak_16_20,15873.654411947797,0.3871475843106489
25751.944448,-0.0,15873.654411947797,9878.290036052202,0.0,2025-10-22 21:00:00,10,22,21,2025-10-22,late_evening_21_23,15873.654411947797,0.3835939478666975
24429.3135689999,-0.0,15873.654411947797,8555.659157052103,0.0,2025-10-22 22:00:00,10,22,22,2025-10-22,late_evening_21_23,15873.654411947797,0.3502210216790123
23021.514903,-0.0,15873.654411947797,7147.860491052203,0.0,2025-10-22 23:00:00,10,22,23,2025-10-22,late_evening_21_23,15873.654411947797,0.3104861048966306
22596.227992,-0.0,15873.654411947797,6722.573580052203,0.0,2025-10-23 00:00:00,10,23,0,2025-10-23,night_00_05,15873.654411947797,0.29750866305793483
21904.906791,-0.0,15873.654411947797,6031.252379052205,0.0,2025-10-23 01:00:00,10,23,1,2025-10-23,night_00_05,15873.654411947797,0.2753379613343183
21327.374687,-0.0,15873.654411947797,5453.720275052203,0.0,2025-10-23 02:00:00,10,23,2,2025-10-23,night_00_05,15873.654411947797,0.2557145619229212
20845.851933,-0.0,15873.654411947797,4972.197521052205,0.0,2025-10-23 03:00:00,10,23,3,2025-10-23,night_00_05,15873.654411947797,0.23852215476888108
20974.78334,-0.0,15873.654411947797,5101.128928052205,0.0,2025-10-23 04:00:00,10,23,4,2025-10-23,night_00_05,15873.654411947797,0.24320293780217922
21887.301109,-0.0,15873.654411947797,6013.646697052203,0.0,2025-10-23 05:00:00,10,23,5,2025-10-23,night_00_05,15873.654411947797,0.27475505852018495
24104.275596,-0.0,15873.654411947797,8230.621184052203,0.0,2025-10-23 06:00:00,10,23,6,2025-10-23,morning_06_09,15873.654411947797,0.34145897275660253
26901.583683,4068.9280760556726,15873.654411947797,6959.001194996532,0.0050374923455534,2025-10-23 18:00:00,10,23,18,2025-10-23,evening_peak_16_20,19942.58248800347,0.2586836997033061
26810.249442,1091.8912497672015,15873.654411947797,9844.703780285003,0.0013518041386003,2025-10-23 19:00:00,10,23,19,2025-10-23,evening_peak_16_20,16965.545661714998,0.36719926092379557
25824.039378,1318.979743308589,15873.654411947797,8631.405222743615,0.0016329485890785,2025-10-23 20:00:00,10,23,20,2025-10-23,evening_peak_16_20,17192.634155256386,0.334239159737995
25210.126362,304.85852557596525,15873.654411947797,9031.613424476238,0.0003774267965322,2025-10-23 21:00:00,10,23,21,2025-10-23,late_evening_21_23,16178.512937523761,0.3582533976541215
24011.714488,21.775608969717286,15873.654411947797,8116.284467082487,2.695905689516393e-05,2025-10-23 22:00:00,10,23,22,2025-10-23,late_evening_21_23,15895.430020917514,0.3380135338165315
22561.470147,-0.0,15873.654411947797,6687.815735052203,0.0,2025-10-23 23:00:00,10,23,23,2025-10-23,late_evening_21_23,15873.654411947797,0.2964264159860825
22014.927408,-0.0,15873.654411947797,6141.272996052203,0.0,2025-10-24 00:00:00,10,24,0,2025-10-24,night_00_05,15873.654411947797,0.2789594933581533
21143.542598,-0.0,15873.654411947797,5269.888186052203,0.0,2025-10-24 01:00:00,10,24,1,2025-10-24,night_00_05,15873.654411947797,0.24924338774480914
21012.394197,-0.0,15873.654411947797,5138.739785052205,0.0,2025-10-24 02:00:00,10,24,2,2025-10-24,night_00_05,15873.654411947797,0.24455755669127305
20661.800225,-0.0,15873.654411947797,4788.145813052202,0.0,2025-10-24 03:00:00,10,24,3,2025-10-24,night_00_05,15873.654411947797,0.23173904310906687
20604.213124,-0.0,15873.654411947797,4730.558712052205,0.0,2025-10-24 04:00:00,10,24,4,2025-10-24,night_00_05,15873.654411947797,0.2295918161777312
21437.783583,-0.0,15873.654411947797,5564.129171052204,0.0,2025-10-24 05:00:00,10,24,5,2025-10-24,night_00_05,15873.654411947797,0.2595477815843106
23464.804159,43.55121793943457,15873.654411947797,7547.598529112768,5.391811379032786e-05,2025-10-24 06:00:00,10,24,6,2025-10-24,morning_06_09,15917.205629887232,0.3216561484157055
27484.267028,2684.621505837925,15873.654411947797,8925.991110214276,0.0033236665857894,2025-10-24 18:00:00,10,24,18,2025-10-24,evening_peak_16_20,18558.275917785722,0.32476729690920236
27279.185254820004,-0.0,15873.654411947797,11405.530842872207,0.0,2025-10-24 19:00:00,10,24,19,2025-10-24,evening_peak_16_20,15873.654411947797,0.4181037936555288
25903.287765,-0.0,15873.654411947797,10029.633353052204,0.0,2025-10-24 20:00:00,10,24,20,2025-10-24,evening_peak_16_20,15873.654411947797,0.38719538014027866
25515.3901989999,-0.0,15873.654411947797,9641.735787052103,0.0,2025-10-24 21:00:00,10,24,21,2025-10-24,late_evening_21_23,15873.654411947797,0.3778792215934844
24466.648767,-0.0,15873.654411947797,8592.994355052202,0.0,2025-10-24 22:00:00,10,24,22,2025-10-24,late_evening_21_23,15873.654411947797,0.351212560285012
22942.837385,-0.0,15873.654411947797,7069.182973052202,0.0,2025-10-24 23:00:00,10,24,23,2025-10-24,late_evening_21_23,15873.654411947797,0.3081215655424567
22274.183564,-0.0,15873.654411947797,6400.529152052202,0.0,2025-10-25 00:00:00,10,25,0,2025-10-25,night_00_05,15873.654411947797,0.287351908260147
21548.5148009999,-0.0,15873.654411947797,5674.860389052103,0.0,2025-10-25 01:00:00,10,25,1,2025-10-25,night_00_05,15873.654411947797,0.26335273875992493
20725.973093,-0.0,15873.654411947797,4852.318681052204,0.0,2025-10-25 02:00:00,10,25,2,2025-10-25,night_00_05,15873.654411947797,0.23411777383282564
20352.459387,-0.0,15873.654411947797,4478.804975052202,0.0,2025-10-25 03:00:00,10,25,3,2025-10-25,night_00_05,15873.654411947797,0.22006210109000438
20054.284657,-0.0,15873.654411947797,4180.6302450522035,0.0,2025-10-25 04:00:00,10,25,4,2025-10-25,night_00_05,15873.654411947797,0.20846568783459168
20473.986479,-0.0,15873.654411947797,4600.332067052203,0.0,2025-10-25 05:00:00,10,25,5,2025-10-25,night_00_05,15873.654411947797,0.22469156516102642
21092.81782,18.6648076883291,15873.654411947797,5200.498600363874,2.3107763052997653e-05,2025-10-25 06:00:00,10,25,6,2025-10-25,morning_06_09,15892.319219636125,0.24655305160000068
25290.93146,3907.1664094235243,15873.654411947797,5510.110638628679,0.0048372250657608,2025-10-25 18:00:00,10,25,18,2025-10-25,evening_peak_16_20,19780.820821371322,0.2178690273762135
25114.842904,2519.7490379243613,15873.654411947797,6721.439454127843,0.0031195480121546,2025-10-25 19:00:00,10,25,19,2025-10-25,evening_peak_16_20,18393.40344987216,0.26762817031426983
24173.0078139999,-0.0,15873.654411947797,8299.353402052102,0.0,2025-10-25 20:00:00,10,25,20,2025-10-25,evening_peak_16_20,15873.654411947797,0.3433314325594805
23694.276737,-0.0,15873.654411947797,7820.622325052203,0.0,2025-10-25 21:00:00,10,25,21,2025-10-25,late_evening_21_23,15873.654411947797,0.33006377075185606
22864.537487,-0.0,15873.654411947797,6990.883075052205,0.0,2025-10-25 22:00:00,10,25,22,2025-10-25,late_evening_21_23,15873.654411947797,0.30575221908717737
21921.426625,-0.0,15873.654411947797,6047.772213052203,0.0,2025-10-25 23:00:00,10,25,23,2025-10-25,late_evening_21_23,15873.654411947797,0.27588406158544
21234.574981,-0.0,15873.654411947797,5360.920569052205,0.0,2025-10-26 00:00:00,10,26,0,2025-10-26,night_00_05,15873.654411947797,0.2524618728582503
20335.781879,-0.0,15873.654411947797,4462.127467052202,0.0,2025-10-26 01:00:00,10,26,1,2025-10-26,night_00_05,15873.654411947797,0.2194224689073831
19830.670124,-0.0,15873.654411947797,3957.0157120522035,0.0,2025-10-26 02:00:00,10,26,2,2025-10-26,night_00_05,15873.654411947797,0.1995401913959145
19314.995447,-0.0,15873.654411947797,3441.3410350522045,0.0,2025-10-26 03:00:00,10,26,3,2025-10-26,night_00_05,15873.654411947797,0.1781693940594075
19274.878136,-0.0,15873.654411947797,3401.2237240522027,0.0,2025-10-26 04:00:00,10,26,4,2025-10-26,night_00_05,15873.654411947797,0.17645889639632442
19245.689806,-0.0,15873.654411947797,3372.035394052202,0.0,2025-10-26 05:00:00,10,26,5,2025-10-26,night_00_05,15873.654411947797,0.17520990040070908
20056.238188,-0.0,15873.654411947797,4182.583776052203,0.0,2025-10-26 06:00:00,10,26,6,2025-10-26,morning_06_09,15873.654411947797,0.20854278538408644
25316.765106,927.0187818536382,15873.654411947797,8516.091912198564,0.0011476855649655,2025-10-26 18:00:00,10,26,18,2025-10-26,evening_peak_16_20,16800.673193801435,0.33638151938220084
25242.611376,-0.0,15873.654411947797,9368.956964052204,0.0,2025-10-26 19:00:00,10,26,19,2025-10-26,evening_peak_16_20,15873.654411947797,0.3711564078889222
24366.903679,-0.0,15873.654411947797,8493.249267052202,0.0,2025-10-26 20:00:00,10,26,20,2025-10-26,evening_peak_16_20,15873.654411947797,0.34855677105876587
24169.868704,-0.0,15873.654411947797,8296.214292052204,0.0,2025-10-26 21:00:00,10,26,21,2025-10-26,late_evening_21_23,15873.654411947797,0.34324614641697326
23184.717616,-0.0,15873.654411947797,7311.063204052205,0.0,2025-10-26 22:00:00,10,26,22,2025-10-26,late_evening_21_23,15873.654411947797,0.3153397563491034
22087.387511,-0.0,15873.654411947797,6213.733099052204,0.0,2025-10-26 23:00:00,10,26,23,2025-10-26,late_evening_21_23,15873.654411947797,0.28132494601082314
21331.256493,-0.0,15873.654411947797,5457.602081052204,0.0,2025-10-27 00:00:00,10,27,0,2025-10-27,night_00_05,15873.654411947797,0.2558500050310282
20752.203901,-0.0,15873.654411947797,4878.549489052204,0.0,2025-10-27 01:00:00,10,27,1,2025-10-27,night_00_05,15873.654411947797,0.23508584978856717
20648.02436,-0.0,15873.654411947797,4774.369948052203,0.0,2025-10-27 02:00:00,10,27,2,2025-10-27,night_00_05,15873.654411947797,0.23122647788527712
21061.182212,-0.0,15873.654411947797,5187.527800052203,0.0,2025-10-27 03:00:00,10,27,3,2025-10-27,night_00_05,15873.654411947797,0.24630753144980214
20351.056794,-0.0,15873.654411947797,4477.402382052203,0.0,2025-10-27 04:00:00,10,27,4,2025-10-27,night_00_05,15873.654411947797,0.2200083478403074
20918.101614,-0.0,15873.654411947797,5044.447202052203,0.0,2025-10-27 05:00:00,10,27,5,2025-10-27,night_00_05,15873.654411947797,0.24115224675436472
23035.716517,-0.0,15873.654411947797,7162.062105052204,0.0,2025-10-27 06:00:00,10,27,6,2025-10-27,morning_06_09,15873.654411947797,0.3109111930495721
27408.048651,973.6808010744656,15873.654411947797,10560.713437977738,0.001205454972598,2025-10-27 18:00:00,10,27,18,2025-10-27,evening_peak_16_20,16847.335213022263,0.38531431304914965
27090.849035,-0.0,15873.654411947797,11217.194623052203,0.0,2025-10-27 19:00:00,10,27,19,2025-10-27,evening_peak_16_20,15873.654411947797,0.41405843753956023
26040.50341,-0.0,15873.654411947797,10166.848998052204,0.0,2025-10-27 20:00:00,10,27,20,2025-10-27,evening_peak_16_20,15873.654411947797,0.39042444141644206
25303.5067519999,-0.0,15873.654411947797,9429.852340052103,0.0,2025-10-27 21:00:00,10,27,21,2025-10-27,late_evening_21_23,15873.654411947797,0.3726697818003744
24114.5266109999,-0.0,15873.654411947797,8240.872199052103,0.0,2025-10-27 22:00:00,10,27,22,2025-10-27,late_evening_21_23,15873.654411947797,0.3417389166284943
22588.111494,-0.0,15873.654411947797,6714.457082052204,0.0,2025-10-27 23:00:00,10,27,23,2025-10-27,late_evening_21_23,15873.654411947797,0.29725623958584324
21963.878868,-0.0,15873.654411947797,6090.224456052203,0.0,2025-10-28 00:00:00,10,28,0,2025-10-28,night_00_05,15873.654411947797,0.2772836479682685
21458.359243,-0.0,15873.654411947797,5584.704831052202,0.0,2025-10-28 01:00:00,10,28,1,2025-10-28,night_00_05,15873.654411947797,0.26025777496823327
21021.875351,-0.0,15873.654411947797,5148.220939052202,0.0,2025-10-28 02:00:00,10,28,2,2025-10-28,night_00_05,15873.654411947797,0.24489827159056501
21143.0518019999,-0.0,15873.654411947797,5269.397390052103,0.0,2025-10-28 03:00:00,10,28,3,2025-10-28,night_00_05,15873.654411947797,0.24922596034852812
20905.001693,-0.0,15873.654411947797,5031.347281052202,0.0,2025-10-28 04:00:00,10,28,4,2025-10-28,night_00_05,15873.654411947797,0.2406767220084435
21344.325139,-0.0,15873.654411947797,5470.670727052204,0.0,2025-10-28 05:00:00,10,28,5,2025-10-28,night_00_05,15873.654411947797,0.2563056311888861
23632.841764,-0.0,15873.654411947797,7759.187352052204,0.0,2025-10-28 06:00:00,10,28,6,2025-10-28,morning_06_09,15873.654411947797,0.3283222318135183
28623.899134,939.4619869792191,15873.654411947797,11810.782735072984,0.0011630907403342,2025-10-28 18:00:00,10,28,18,2025-10-28,evening_peak_16_20,16813.116398927017,0.4126196322793744
28162.490914,-0.0,15873.654411947797,12288.836502052205,0.0,2025-10-28 19:00:00,10,28,19,2025-10-28,evening_peak_16_20,15873.654411947797,0.4363547436048435
27181.503227,-0.0,15873.654411947797,11307.848815052204,0.0,2025-10-28 20:00:00,10,28,20,2025-10-28,evening_peak_16_20,15873.654411947797,0.4160126362628783
26160.715085,-0.0,15873.654411947797,10287.060673052203,0.0,2025-10-28 21:00:00,10,28,21,2025-10-28,late_evening_21_23,15873.654411947797,0.39322551541989714
24825.983671,-0.0,15873.654411947797,8952.329259052205,0.0,2025-10-28 22:00:00,10,28,22,2025-10-28,late_evening_21_23,15873.654411947797,0.36060320419487335
23136.859845,-0.0,15873.654411947797,7263.205433052202,0.0,2025-10-28 23:00:00,10,28,23,2025-10-28,late_evening_21_23,15873.654411947797,0.31392356100656504
22454.59962,-0.0,15873.654411947797,6580.945208052204,0.0,2025-10-29 00:00:00,10,29,0,2025-10-29,night_00_05,15873.654411947797,0.2930778245625296
21511.137705,-0.0,15873.654411947797,5637.483293052204,0.0,2025-10-29 01:00:00,10,29,1,2025-10-29,night_00_05,15873.654411947797,0.26207276297347304
21404.705864,-0.0,15873.654411947797,5531.051452052203,0.0,2025-10-29 02:00:00,10,29,2,2025-10-29,night_00_05,15873.654411947797,0.25840352524323773
21254.677987,-0.0,15873.654411947797,5381.023575052202,0.0,2025-10-29 03:00:00,10,29,3,2025-10-29,night_00_05,15873.654411947797,0.25316890608003556
21429.203852,-0.0,15873.654411947797,5555.549440052202,0.0,2025-10-29 04:00:00,10,29,4,2025-10-29,night_00_05,15873.654411947797,0.2592513225606233
21629.943808,-0.0,15873.654411947797,5756.289396052203,0.0,2025-10-29 05:00:00,10,29,5,2025-10-29,night_00_05,15873.654411947797,0.2661259523902783
23814.597686,-0.0,15873.654411947797,7940.943274052204,0.0,2025-10-29 06:00:00,10,29,6,2025-10-29,morning_06_09,15873.654411947797,0.33344855868467954
30349.8274899999,485.28499989652505,15873.654411947797,13990.88807815558,0.0006008018393779,2025-10-29 18:00:00,10,29,18,2025-10-29,evening_peak_16_20,16358.939411844322,0.4609874004313698
29038.94516,-0.0,15873.654411947797,13165.290748052203,0.0,2025-10-29 19:00:00,10,29,19,2025-10-29,evening_peak_16_20,15873.654411947797,0.4533667003230844
27894.251255,-0.0,15873.654411947797,12020.596843052203,0.0,2025-10-29 20:00:00,10,29,20,2025-10-29,evening_peak_16_20,15873.654411947797,0.43093455827739885
26891.108521,-0.0,15873.654411947797,11017.454109052202,0.0,2025-10-29 21:00:00,10,29,21,2025-10-29,late_evening_21_23,15873.654411947797,0.40970620829737725
25422.026241,-0.0,15873.654411947797,9548.371829052203,0.0,2025-10-29 22:00:00,10,29,22,2025-10-29,late_evening_21_23,15873.654411947797,0.37559444469665565
23625.0849729999,-0.0,15873.654411947797,7751.430561052102,0.0,2025-10-29 23:00:00,10,29,23,2025-10-29,late_evening_21_23,15873.654411947797,0.3281017007943413
22642.424493,-0.0,15873.654411947797,6768.770081052202,0.0,2025-10-30 00:00:00,10,30,0,2025-10-30,night_00_05,15873.654411947797,0.29894193014289594
21500.106629,-0.0,15873.654411947797,5626.452217052205,0.0,2025-10-30 01:00:00,10,30,1,2025-10-30,night_00_05,15873.654411947797,0.26169415408680224
21056.869656,-0.0,15873.654411947797,5183.215244052202,0.0,2025-10-30 02:00:00,10,30,2,2025-10-30,night_00_05,15873.654411947797,0.24615317132740494
20975.5221089999,-0.0,15873.654411947797,5101.867697052103,0.0,2025-10-30 03:00:00,10,30,3,2025-10-30,night_00_05,15873.654411947797,0.2432295925956027
20881.364413,-0.0,15873.654411947797,5007.710001052203,0.0,2025-10-30 04:00:00,10,30,4,2025-10-30,night_00_05,15873.654411947797,0.239817183494704
21419.770752,-0.0,15873.654411947797,5546.116340052204,0.0,2025-10-30 05:00:00,10,30,5,2025-10-30,night_00_05,15873.654411947797,0.25892510261970725
23398.4767259999,-0.0,15873.654411947797,7524.822314052102,0.0,2025-10-30 06:00:00,10,30,6,2025-10-30,morning_06_09,15873.654411947797,0.32159453806198746
28731.996887,2958.3720186001397,15873.654411947797,9899.970456452065,0.0036625804439001,2025-10-30 18:00:00,10,30,18,2025-10-30,evening_peak_16_20,18832.026430547936,0.3445625619196478
28048.3143529999,566.1658332125992,15873.654411947797,11608.494107839504,0.0007009354792742,2025-10-30 19:00:00,10,30,19,2025-10-30,evening_peak_16_20,16439.820245160397,0.41387492887243404
27377.287986,-0.0,15873.654411947797,11503.633574052203,0.0,2025-10-30 20:00:00,10,30,20,2025-10-30,evening_peak_16_20,15873.654411947797,0.4201889383614202
26273.342932,-0.0,15873.654411947797,10399.688520052203,0.0,2025-10-30 21:00:00,10,30,21,2025-10-30,late_evening_21_23,15873.654411947797,0.395826619664213
24900.3883389999,-0.0,15873.654411947797,9026.733927052102,0.0,2025-10-30 22:00:00,10,30,22,2025-10-30,late_evening_21_23,15873.654411947797,0.3625137810768237
23325.36424,-0.0,15873.654411947797,7451.709828052202,0.0,2025-10-30 23:00:00,10,30,23,2025-10-30,late_evening_21_23,15873.654411947797,0.31946810139296683
22476.019123,-0.0,15873.654411947797,6602.3647110522015,0.0,2025-10-31 00:00:00,10,31,0,2025-10-31,night_00_05,15873.654411947797,0.2937515168909924
21612.2127029999,-0.0,15873.654411947797,5738.5582910521025,0.0,2025-10-31 01:00:00,10,31,1,2025-10-31,night_00_05,15873.654411947797,0.26552386698727787
20936.9015,-0.0,15873.654411947797,5063.247088052203,0.0,2025-10-31 02:00:00,10,31,2,2025-10-31,night_00_05,15873.654411947797,0.24183363942616834
20767.331981,-0.0,15873.654411947797,4893.677569052203,0.0,2025-10-31 03:00:00,10,31,3,2025-10-31,night_00_05,15873.654411947797,0.23564305581137823
20674.902415,-0.0,15873.654411947797,4801.248003052204,0.0,2025-10-31 04:00:00,10,31,4,2025-10-31,night_00_05,15873.654411947797,0.23222590881825952
21502.7597719999,-0.0,15873.654411947797,5629.105360052103,0.0,2025-10-31 05:00:00,10,31,5,2025-10-31,night_00_05,15873.654411947797,0.26178525081148496
23325.9683449999,-0.0,15873.654411947797,7452.313933052103,0.0,2025-10-31 06:00:00,10,31,6,2025-10-31,morning_06_09,15873.654411947797,0.3194857260727426
27100.634765,2410.8709930757905,15873.654411947797,8816.109359976412,0.0029847527276788,2025-10-31 18:00:00,10,31,18,2025-10-31,evening_peak_16_20,18284.52540502359,0.32531006880186675
25925.078846,-0.0,15873.654411947797,10051.424434052204,0.0,2025-10-31 19:00:00,10,31,19,2025-10-31,evening_peak_16_20,15873.654411947797,0.38771046729537895
25061.596409,-0.0,15873.654411947797,9187.941997052205,0.0,2025-10-31 20:00:00,10,31,20,2025-10-31,evening_peak_16_20,15873.654411947797,0.36661439467410284
24751.184755,-0.0,15873.654411947797,8877.530343052202,0.0,2025-10-31 21:00:00,10,31,21,2025-10-31,late_evening_21_23,15873.654411947797,0.3586709254900959
23760.072151,-0.0,15873.654411947797,7886.417739052204,0.0,2025-10-31 22:00:00,10,31,22,2025-10-31,late_evening_21_23,15873.654411947797,0.33191893058793953
22638.119396,-0.0,15873.654411947797,6764.4649840522015,0.0,2025-10-31 23:00:00,10,31,23,2025-10-31,late_evening_21_23,15873.654411947797,0.29880860974906936
22001.556904,-0.0,15873.654411947797,6127.902492052204,0.0,2025-11-01 00:00:00,11,1,0,2025-11-01,night_00_05,15873.654411947797,0.27852131186853046
21179.966633,-0.0,15873.654411947797,5306.312221052203,0.0,2025-11-01 01:00:00,11,1,1,2025-11-01,night_00_05,15873.654411947797,0.2505344938921936
20303.942302,-0.0,15873.654411947797,4430.287890052203,0.0,2025-11-01 02:00:00,11,1,2,2025-11-01,night_00_05,15873.654411947797,0.21819840817887895
20091.541723,-0.0,15873.654411947797,4217.887311052202,0.0,2025-11-01 03:00:00,11,1,3,2025-11-01,night_00_05,15873.654411947797,0.20993348192009237
19716.6151289999,-0.0,15873.654411947797,3842.960717052103,0.0,2025-11-01 04:00:00,11,1,4,2025-11-01,night_00_05,15873.654411947797,0.19490975970818336
20148.772382,-0.0,15873.654411947797,4275.1179700522025,0.0,2025-11-01 05:00:00,11,1,5,2025-11-01,night_00_05,15873.654411947797,0.21217759022735297
20857.173483,-0.0,15873.654411947797,4983.519071052202,0.0,2025-11-01 06:00:00,11,1,6,2025-11-01,morning_06_09,15873.654411947797,0.23893549502832231
25920.9343939999,1857.1483649886918,15873.654411947797,8190.131617063413,0.0022992224237732,2025-11-01 18:00:00,11,1,18,2025-11-01,evening_peak_16_20,17730.80277693649,0.3159659097381628
25165.712567,-0.0,15873.654411947797,9292.058155052202,0.0,2025-11-01 19:00:00,11,1,19,2025-11-01,evening_peak_16_20,15873.654411947797,0.36923485199608264
24258.9446259999,-0.0,15873.654411947797,8385.290214052102,0.0,2025-11-01 20:00:00,11,1,20,2025-11-01,evening_peak_16_20,15873.654411947797,0.3456576674430032
23755.965345,-0.0,15873.654411947797,7882.310933052204,0.0,2025-11-01 21:00:00,11,1,21,2025-11-01,late_evening_21_23,15873.654411947797,0.3318034362561158
22957.283234,-0.0,15873.654411947797,7083.628822052202,0.0,2025-11-01 22:00:00,11,1,22,2025-11-01,late_evening_21_23,15873.654411947797,0.3085569294001333
21947.724785,-0.0,15873.654411947797,6074.070373052202,0.0,2025-11-01 23:00:00,11,1,23,2025-11-01,late_evening_21_23,15873.654411947797,0.27675171037334484
21286.208065,-0.0,15873.654411947797,5412.553653052202,0.0,2025-11-02 00:00:00,11,2,0,2025-11-02,night_00_05,15873.654411947797,0.2542751455085057
20529.902703,-0.0,15873.654411947797,4656.248291052203,0.0,2025-11-02 01:00:00,11,2,1,2025-11-02,night_00_05,15873.654411947797,0.22680323226138785
19501.800664,-0.0,15873.654411947797,3628.146252052202,0.0,2025-11-02 02:00:00,11,2,2,2025-11-02,night_00_05,15873.654411947797,0.18604160275054496
19008.37649,-0.0,15873.654411947797,3134.722078052202,0.0,2025-11-02 03:00:00,11,2,3,2025-11-02,night_00_05,15873.654411947797,0.16491266782838235
18921.162973,-0.0,15873.654411947797,3047.508561052202,0.0,2025-11-02 04:00:00,11,2,4,2025-11-02,night_00_05,15873.654411947797,0.16106349093873967
19137.3636679999,-0.0,15873.654411947797,3263.7092560521032,0.0,2025-11-02 05:00:00,11,2,5,2025-11-02,night_00_05,15873.654411947797,0.17054121522022592
26132.320184,317.30173070154615,15873.654411947797,9941.364041350658,0.0003928319719009,2025-11-02 17:00:00,11,2,17,2025-11-02,evening_peak_16_20,16190.956142649342,0.38042408677655204
25728.781653,111.9888461299052,15873.654411947797,9743.138394922296,0.0001386465783179,2025-11-02 18:00:00,11,2,18,2025-11-02,evening_peak_16_20,15985.643258077702,0.3786863492537836
24941.5775709999,323.5233332642962,15873.654411947797,8744.399825787807,0.0004005345595852,2025-11-02 19:00:00,11,2,19,2025-11-02,evening_peak_16_20,16197.177745212093,0.35059529818815893
24283.419077,357.7421473596236,15873.654411947797,8052.022517692579,0.0004428987918491,2025-11-02 20:00:00,11,2,20,2025-11-02,evening_peak_16_20,16231.39655930742,0.33158520602722863
23613.461461,395.07176273628556,15873.654411947797,7344.735286315917,0.0004891143179551,2025-11-02 21:00:00,11,2,21,2025-11-02,late_evening_21_23,16268.726174684081,0.3110401792827572
22313.159239,-0.0,15873.654411947797,6439.504827052204,0.0,2025-11-02 22:00:00,11,2,22,2025-11-02,late_evening_21_23,15873.654411947797,0.28859673155547294
21237.401093,-0.0,15873.654411947797,5363.746681052204,0.0,2025-11-02 23:00:00,11,2,23,2025-11-02,late_evening_21_23,15873.654411947797,0.25256134955327153
20906.739389,-0.0,15873.654411947797,5033.084977052202,0.0,2025-11-03 00:00:00,11,3,0,2025-11-03,night_00_05,15873.654411947797,0.24073983433783752
19890.383875,-0.0,15873.654411947797,4016.729463052203,0.0,2025-11-03 01:00:00,11,3,1,2025-11-03,night_00_05,15873.654411947797,0.20194328517212706
20017.8683,-0.0,15873.654411947797,4144.213888052202,0.0,2025-11-03 02:00:00,11,3,2,2025-11-03,night_00_05,15873.654411947797,0.2070257345060164
19524.22798,-0.0,15873.654411947797,3650.573568052203,0.0,2025-11-03 03:00:00,11,3,3,2025-11-03,night_00_05,15873.654411947797,0.1869765898959864
19597.0442669999,-0.0,15873.654411947797,3723.3898550521026,0.0,2025-11-03 04:00:00,11,3,4,2025-11-03,night_00_05,15873.654411947797,0.1899975222958515
20922.442348,-0.0,15873.654411947797,5048.787936052204,0.0,2025-11-03 05:00:00,11,3,5,2025-11-03,night_00_05,15873.654411947797,0.24130968326146796
28030.780086,2886.823589128231,15873.654411947797,9270.302084923971,0.0035740006855303,2025-11-03 17:00:00,11,3,17,2025-11-03,evening_peak_16_20,18760.47800107603,0.3307186620023477
27434.66107,-0.0,15873.654411947797,11561.006658052202,0.0,2025-11-03 18:00:00,11,3,18,2025-11-03,evening_peak_16_20,15873.654411947797,0.42140147562071567
26409.521646,-0.0,15873.654411947797,10535.867234052204,0.0,2025-11-03 19:00:00,11,3,19,2025-11-03,evening_peak_16_20,15873.654411947797,0.39894199430333005
25433.954925,-0.0,15873.654411947797,9560.300513052201,0.0,2025-11-03 20:00:00,11,3,20,2025-11-03,evening_peak_16_20,15873.654411947797,0.37588729480899646
24771.75944,-0.0,15873.654411947797,8898.105028052205,0.0,2025-11-03 21:00:00,11,3,21,2025-11-03,late_evening_21_23,15873.654411947797,0.35920359430279547
23437.822667,-0.0,15873.654411947797,7564.168255052204,0.0,2025-11-03 22:00:00,11,3,22,2025-11-03,late_evening_21_23,15873.654411947797,0.3227334024376934
22195.83381,-0.0,15873.654411947797,6322.179398052203,0.0,2025-11-03 23:00:00,11,3,23,2025-11-03,late_evening_21_23,15873.654411947797,0.2848363099206411
21757.928749,-0.0,15873.654411947797,5884.274337052202,0.0,2025-11-04 00:00:00,11,4,0,2025-11-04,night_00_05,15873.654411947797,0.2704427615759448
20998.940747,-0.0,15873.654411947797,5125.286335052204,0.0,2025-11-04 01:00:00,11,4,1,2025-11-04,night_00_05,15873.654411947797,0.2440735652718304
21035.482858,-0.0,15873.654411947797,5161.828446052203,0.0,2025-11-04 02:00:00,11,4,2,2025-11-04,night_00_05,15873.654411947797,0.24538673444755793
20458.101535,-0.0,15873.654411947797,4584.447123052205,0.0,2025-11-04 03:00:00,11,4,3,2025-11-04,night_00_05,15873.654411947797,0.2240895674121604
20496.596864,-0.0,15873.654411947797,4622.9424520522025,0.0,2025-11-04 04:00:00,11,4,4,2025-11-04,night_00_05,15873.654411947797,0.22554683017510524
21667.0868549999,-0.0,15873.654411947797,5793.432443052103,0.0,2025-11-04 05:00:00,11,4,5,2025-11-04,night_00_05,15873.654411947797,0.2673840042190632
28233.476499,1835.3727560190262,15873.654411947797,10524.449331033178,0.0022722633668781,2025-11-04 17:00:00,11,4,17,2025-11-04,evening_peak_16_20,17709.027167966822,0.3727649101734228
27817.5146949999,1791.8215380795334,15873.654411947797,10152.03874497257,0.0022183452530877,2025-11-04 18:00:00,11,4,18,2025-11-04,evening_peak_16_20,17665.47595002733,0.3649513213629168
26525.8494169999,1931.8075957420158,15873.654411947797,8720.387409310088,0.0023916534759852,2025-11-04 19:00:00,11,4,19,2025-11-04,evening_peak_16_20,17805.462007689814,0.3287505433745455
25553.870459,2006.4668264953398,15873.654411947797,7673.749220556865,0.0024840845281972,2025-11-04 20:00:00,11,4,20,2025-11-04,evening_peak_16_20,17880.121238443135,0.3002969445614526
24940.9904509999,1661.1678842612162,15873.654411947797,7406.168154790887,0.0020565909117167,2025-11-04 21:00:00,11,4,21,2025-11-04,late_evening_21_23,17534.82229620901,0.29694763603479785
23559.8575089999,435.5121793942822,15873.654411947797,7250.69091765782,0.0005391811379032,2025-11-04 22:00:00,11,4,22,2025-11-04,late_evening_21_23,16309.166591342078,0.307756144742728
22288.5049,-0.0,15873.654411947797,6414.850488052203,0.0,2025-11-04 23:00:00,11,4,23,2025-11-04,late_evening_21_23,15873.654411947797,0.2878098157248853
21724.163047,-0.0,15873.654411947797,5850.5086350522015,0.0,2025-11-05 00:00:00,11,5,0,2025-11-05,night_00_05,15873.654411947797,0.2693088162887881
21023.675768,-0.0,15873.654411947797,5150.021356052204,0.0,2025-11-05 01:00:00,11,5,1,2025-11-05,night_00_05,15873.654411947797,0.24496293668545907
20395.289232,-0.0,15873.654411947797,4521.6348200522025,0.0,2025-11-05 02:00:00,11,5,2,2025-11-05,night_00_05,15873.654411947797,0.2216999606437453
20361.738428,-0.0,15873.654411947797,4488.084016052204,0.0,2025-11-05 03:00:00,11,5,3,2025-11-05,night_00_05,15873.654411947797,0.2204175263287202
20381.126165,-0.0,15873.654411947797,4507.471753052205,0.0,2025-11-05 04:00:00,11,5,4,2025-11-05,night_00_05,15873.654411947797,0.22115911145247574
21581.775966,-0.0,15873.654411947797,5708.121554052204,0.0,2025-11-05 05:00:00,11,5,5,2025-11-05,night_00_05,15873.654411947797,0.26448803671416093
27299.611663,-0.0,15873.654411947797,11425.957251052203,0.0,2025-11-05 17:00:00,11,5,17,2025-11-05,evening_peak_16_20,15873.654411947797,0.4185391862748785
26917.5449669999,-0.0,15873.654411947797,11043.890555052103,0.0,2025-11-05 18:00:00,11,5,18,2025-11-05,evening_peak_16_20,15873.654411947797,0.41028595173116944
26383.194206,-0.0,15873.654411947797,10509.539794052203,0.0,2025-11-05 19:00:00,11,5,19,2025-11-05,evening_peak_16_20,15873.654411947797,0.3983422064816606
25743.035885,-0.0,15873.654411947797,9869.381473052204,0.0,2025-11-05 20:00:00,11,5,20,2025-11-05,evening_peak_16_20,15873.654411947797,0.3833806361122665
25217.584952,-0.0,15873.654411947797,9343.930540052204,0.0,2025-11-05 21:00:00,11,5,21,2025-11-05,late_evening_21_23,15873.654411947797,0.3705323312219531
23851.117477,-0.0,15873.654411947797,7977.463065052203,0.0,2025-11-05 22:00:00,11,5,22,2025-11-05,late_evening_21_23,15873.654411947797,0.3344691531851702
22600.164035,-0.0,15873.654411947797,6726.509623052205,0.0,2025-11-05 23:00:00,11,5,23,2025-11-05,late_evening_21_23,15873.654411947797,0.29763100890042743
22142.178128,-0.0,15873.654411947797,6268.523716052203,0.0,2025-11-06 00:00:00,11,6,0,2025-11-06,night_00_05,15873.654411947797,0.2831033008503039
21249.37162,-0.0,15873.654411947797,5375.717208052205,0.0,2025-11-06 01:00:00,11,6,1,2025-11-06,night_00_05,15873.654411947797,0.25298240833590374
21078.946313,-0.0,15873.654411947797,5205.291901052204,0.0,2025-11-06 02:00:00,11,6,2,2025-11-06,night_00_05,15873.654411947797,0.24694269930570242
20851.7386669999,-0.0,15873.654411947797,4978.084255052103,0.0,2025-11-06 03:00:00,11,6,3,2025-11-06,night_00_05,15873.654411947797,0.2387371304883296
20759.959093,-0.0,15873.654411947797,4886.304681052205,0.0,2025-11-06 04:00:00,11,6,4,2025-11-06,night_00_05,15873.654411947797,0.23537159486503062
21903.051737,-0.0,15873.654411947797,6029.397325052205,0.0,2025-11-06 05:00:00,11,6,5,2025-11-06,night_00_05,15873.654411947797,0.27527658690898177
27573.478498,625.2710575590075,15873.654411947797,11074.553028493196,0.0007741100622754,2025-11-06 17:00:00,11,6,17,2025-11-06,evening_peak_16_20,16498.925469506805,0.4016378647799722
26959.458761,472.8417947709442,15873.654411947797,10612.962554281261,0.0005853966640092,2025-11-06 18:00:00,11,6,18,2025-11-06,evening_peak_16_20,16346.49620671874,0.39366378414221537
26465.956074,-0.0,15873.654411947797,10592.301662052205,0.0,2025-11-06 19:00:00,11,6,19,2025-11-06,evening_peak_16_20,15873.654411947797,0.4002236545861277
25766.404827,-0.0,15873.654411947797,9892.750415052202,0.0,2025-11-06 20:00:00,11,6,20,2025-11-06,evening_peak_16_20,15873.654411947797,0.38393988146479113
24895.331564,-0.0,15873.654411947797,9021.677152052203,0.0,2025-11-06 21:00:00,11,6,21,2025-11-06,late_evening_21_23,15873.654411947797,0.36238429397333427
24099.685105,-0.0,15873.654411947797,8226.030693052204,0.0,2025-11-06 22:00:00,11,6,22,2025-11-06,late_evening_21_23,15873.654411947797,0.34133353432678404
23110.429982,-0.0,15873.654411947797,7236.775570052205,0.0,2025-11-06 23:00:00,11,6,23,2025-11-06,late_evening_21_23,15873.654411947797,0.31313894097551215
22213.219043,-0.0,15873.654411947797,6339.564631052204,0.0,2025-11-07 00:00:00,11,7,0,2025-11-07,night_00_05,15873.654411947797,0.2853960346215546
21681.482497,-0.0,15873.654411947797,5807.828085052204,0.0,2025-11-07 01:00:00,11,7,1,2025-11-07,night_00_05,15873.654411947797,0.26787043210056394
21176.514178,-0.0,15873.654411947797,5302.859766052205,0.0,2025-11-07 02:00:00,11,7,2,2025-11-07,night_00_05,15873.654411947797,0.25041230683571497
21175.911621,-0.0,15873.654411947797,5302.257209052203,0.0,2025-11-07 03:00:00,11,7,3,2025-11-07,night_00_05,15873.654411947797,0.25039097744410643
20672.5142649999,-0.0,15873.654411947797,4798.859853052103,0.0,2025-11-07 04:00:00,11,7,4,2025-11-07,night_00_05,15873.654411947797,0.23213721328406234
21816.726075,-0.0,15873.654411947797,5943.071663052202,0.0,2025-11-07 05:00:00,11,7,5,2025-11-07,night_00_05,15873.654411947797,0.2724089601080167
27724.095811,451.06618580127855,15873.654411947797,11399.375213250923,0.0005584376071141,2025-11-07 17:00:00,11,7,17,2025-11-07,evening_peak_16_20,16324.720597749076,0.41117211868558146
27043.753239,-0.0,15873.654411947797,11170.098827052205,0.0,2025-11-07 18:00:00,11,7,18,2025-11-07,evening_peak_16_20,15873.654411947797,0.4130380398140788
26116.002586,-0.0,15873.654411947797,10242.348174052202,0.0,2025-11-07 19:00:00,11,7,19,2025-11-07,evening_peak_16_20,15873.654411947797,0.3921866732982641
25251.1392209999,-0.0,15873.654411947797,9377.484809052103,0.0,2025-11-07 20:00:00,11,7,20,2025-11-07,evening_peak_16_20,15873.654411947797,0.37136878170048643
24671.042394,-0.0,15873.654411947797,8797.387982052203,0.0,2025-11-07 21:00:00,11,7,21,2025-11-07,late_evening_21_23,15873.654411947797,0.35658760750991736
23662.5828249999,-0.0,15873.654411947797,7788.928413052103,0.0,2025-11-07 22:00:00,11,7,22,2025-11-07,late_evening_21_23,15873.654411947797,0.3291664511290363
22564.465855,-0.0,15873.654411947797,6690.811443052202,0.0,2025-11-07 23:00:00,11,7,23,2025-11-07,late_evening_21_23,15873.654411947797,0.296519823958944
22333.716222,-0.0,15873.654411947797,6460.061810052202,0.0,2025-11-08 00:00:00,11,8,0,2025-11-08,night_00_05,15873.654411947797,0.28925153995145103
21499.728505,-0.0,15873.654411947797,5626.074093052202,0.0,2025-11-08 01:00:00,11,8,1,2025-11-08,night_00_05,15873.654411947797,0.26168116921773205
20700.181065,-0.0,15873.654411947797,4826.526653052204,0.0,2025-11-08 02:00:00,11,8,2,2025-11-08,night_00_05,15873.654411947797,0.2331634992900099
20451.160359,-0.0,15873.654411947797,4577.505947052205,0.0,2025-11-08 03:00:00,11,8,3,2025-11-08,night_00_05,15873.654411947797,0.22382622143186942
20605.466833,-0.0,15873.654411947797,4731.812421052202,0.0,2025-11-08 04:00:00,11,8,4,2025-11-08,night_00_05,15873.654411947797,0.2296386905184854
20867.698978,-0.0,15873.654411947797,4994.044566052204,0.0,2025-11-08 05:00:00,11,8,5,2025-11-08,night_00_05,15873.654411947797,0.2393193696783354
26383.0796219999,-0.0,15873.654411947797,10509.425210052103,0.0,2025-11-08 17:00:00,11,8,17,2025-11-08,evening_peak_16_20,15873.654411947797,0.39833959342974773
25793.075977,-0.0,15873.654411947797,9919.421565052204,0.0,2025-11-08 18:00:00,11,8,18,2025-11-08,evening_peak_16_20,15873.654411947797,0.38457691412600314
25041.65168,-0.0,15873.654411947797,9167.997268052202,0.0,2025-11-08 19:00:00,11,8,19,2025-11-08,evening_peak_16_20,15873.654411947797,0.3661099269811504
24204.22363,-0.0,15873.654411947797,8330.569218052204,0.0,2025-11-08 20:00:00,11,8,20,2025-11-08,evening_peak_16_20,15873.654411947797,0.3441783279397094
23729.1904479999,-0.0,15873.654411947797,7855.536036052103,0.0,2025-11-08 21:00:00,11,8,21,2025-11-08,late_evening_21_23,15873.654411947797,0.331049474834243
22837.28315,-0.0,15873.654411947797,6963.628738052203,0.0,2025-11-08 22:00:00,11,8,22,2025-11-08,late_evening_21_23,15873.654411947797,0.3049236939575364
21966.862234,-0.0,15873.654411947797,6093.2078220522035,0.0,2025-11-08 23:00:00,11,8,23,2025-11-08,late_evening_21_23,15873.654411947797,0.27738180160392784
21343.536358,-0.0,15873.654411947797,5469.8819460522045,0.0,2025-11-09 00:00:00,11,9,0,2025-11-09,night_00_05,15873.654411947797,0.256278146896776
20574.832978,-0.0,15873.654411947797,4701.178566052202,0.0,2025-11-09 01:00:00,11,9,1,2025-11-09,night_00_05,15873.654411947797,0.2284917000822811
19971.859566,-0.0,15873.654411947797,4098.2051540522025,0.0,2025-11-09 02:00:00,11,9,2,2025-11-09,night_00_05,15873.654411947797,0.20519897711623047
19501.763004,-0.0,15873.654411947797,3628.1085920522037,0.0,2025-11-09 03:00:00,11,9,3,2025-11-09,night_00_05,15873.654411947797,0.18604003090941282
19456.62062,-0.0,15873.654411947797,3582.966208052205,0.0,2025-11-09 04:00:00,11,9,4,2025-11-09,night_00_05,15873.654411947797,0.18415151726652748
19576.442612,-0.0,15873.654411947797,3702.7882000522022,0.0,2025-11-09 05:00:00,11,9,5,2025-11-09,night_00_05,15873.654411947797,0.18914510023299438
26941.711422,-0.0,15873.654411947797,11068.057010052204,0.0,2025-11-09 17:00:00,11,9,17,2025-11-09,evening_peak_16_20,15873.654411947797,0.4108149195382694
26419.781847,-0.0,15873.654411947797,10546.127435052202,0.0,2025-11-09 18:00:00,11,9,18,2025-11-09,evening_peak_16_20,15873.654411947797,0.3991754169707396
25663.714381,-0.0,15873.654411947797,9790.059969052205,0.0,2025-11-09 19:00:00,11,9,19,2025-11-09,evening_peak_16_20,15873.654411947797,0.38147478668560253
25071.570723,-0.0,15873.654411947797,9197.916311052204,0.0,2025-11-09 20:00:00,11,9,20,2025-11-09,evening_peak_16_20,15873.654411947797,0.36686637676889855
24216.937622,-0.0,15873.654411947797,8343.283210052205,0.0,2025-11-09 21:00:00,11,9,21,2025-11-09,late_evening_21_23,15873.654411947797,0.34452263701884034
23040.416406,-0.0,15873.654411947797,7166.761994052204,0.0,2025-11-09 22:00:00,11,9,22,2025-11-09,late_evening_21_23,15873.654411947797,0.31105175652059364
21766.016069,-0.0,15873.654411947797,5892.3616570522045,0.0,2025-11-09 23:00:00,11,9,23,2025-11-09,late_evening_21_23,15873.654411947797,0.27071383382117103
21348.331405,-0.0,15873.654411947797,5474.676993052204,0.0,2025-11-10 00:00:00,11,10,0,2025-11-10,night_00_05,15873.654411947797,0.25644519420238987
20589.284972,-0.0,15873.654411947797,4715.630560052205,0.0,2025-11-10 01:00:00,11,10,1,2025-11-10,night_00_05,15873.654411947797,0.22903323580518387
20234.234012,-0.0,15873.654411947797,4360.579600052204,0.0,2025-11-10 02:00:00,11,10,2,2025-11-10,night_00_05,15873.654411947797,0.21550504938640838
20134.240674,-0.0,15873.654411947797,4260.586262052204,0.0,2025-11-10 03:00:00,11,10,3,2025-11-10,night_00_05,15873.654411947797,0.21160898645430604
20312.767949,-0.0,15873.654411947797,4439.113537052204,0.0,2025-11-10 04:00:00,11,10,4,2025-11-10,night_00_05,15873.654411947797,0.21853809132254387
21406.711967,-0.0,15873.654411947797,5533.057555052203,0.0,2025-11-10 05:00:00,11,10,5,2025-11-10,night_00_05,15873.654411947797,0.25847302302108854
29609.903648,-0.0,15873.654411947797,13736.249236052203,0.0,2025-11-10 17:00:00,11,10,17,2025-11-10,evening_peak_16_20,15873.654411947797,0.46390725884648454
28654.5865649999,-0.0,15873.654411947797,12780.932153052103,0.0,2025-11-10 18:00:00,11,10,18,2025-11-10,evening_peak_16_20,15873.654411947797,0.4460344288709212
27584.261444,-0.0,15873.654411947797,11710.607032052203,0.0,2025-11-10 19:00:00,11,10,19,2025-11-10,evening_peak_16_20,15873.654411947797,0.424539444560675
26867.986535,-0.0,15873.654411947797,10994.332123052203,0.0,2025-11-10 20:00:00,11,10,20,2025-11-10,evening_peak_16_20,15873.654411947797,0.4091982147128988
26040.818966,-0.0,15873.654411947797,10167.164554052202,0.0,2025-11-10 21:00:00,11,10,21,2025-11-10,late_evening_21_23,15873.654411947797,0.3904318280975297
24723.828305,-0.0,15873.654411947797,8850.173893052202,0.0,2025-11-10 22:00:00,11,10,22,2025-11-10,late_evening_21_23,15873.654411947797,0.3579613069575635
23140.893979,-0.0,15873.654411947797,7267.239567052204,0.0,2025-11-10 23:00:00,11,10,23,2025-11-10,late_evening_21_23,15873.654411947797,0.3140431641771104
22373.85514,-0.0,15873.654411947797,6500.200728052203,0.0,2025-11-11 00:00:00,11,11,0,2025-11-11,night_00_05,15873.654411947797,0.2905266297371854
21345.004801,-0.0,15873.654411947797,5471.350389052202,0.0,2025-11-11 01:00:00,11,11,1,2025-11-11,night_00_05,15873.654411947797,0.2563293117083709
20877.3182539999,-0.0,15873.654411947797,5003.663842052103,0.0,2025-11-11 02:00:00,11,11,2,2025-11-11,night_00_05,15873.654411947797,0.23966985515936404
20476.22754,-0.0,15873.654411947797,4602.573128052203,0.0,2025-11-11 03:00:00,11,11,3,2025-11-11,night_00_05,15873.654411947797,0.2247764203177146
20575.620456,-0.0,15873.654411947797,4701.966044052204,0.0,2025-11-11 04:00:00,11,11,4,2025-11-11,night_00_05,15873.654411947797,0.2285212275424276
21448.745773,-0.0,15873.654411947797,5575.091361052202,0.0,2025-11-11 05:00:00,11,11,5,2025-11-11,night_00_05,15873.654411947797,0.2599262176005746
28287.117974,-0.0,15873.654411947797,12413.463562052204,0.0,2025-11-11 17:00:00,11,11,17,2025-11-11,evening_peak_16_20,15873.654411947797,0.43883804541211985
27708.99747,-0.0,15873.654411947797,11835.343058052202,0.0,2025-11-11 18:00:00,11,11,18,2025-11-11,evening_peak_16_20,15873.654411947797,0.42712996278072135
27197.524841,-0.0,15873.654411947797,11323.870429052202,0.0,2025-11-11 19:00:00,11,11,19,2025-11-11,evening_peak_16_20,15873.654411947797,0.41635665360185936
26381.752159,-0.0,15873.654411947797,10508.097747052203,0.0,2025-11-11 20:00:00,11,11,20,2025-11-11,evening_peak_16_20,15873.654411947797,0.3983093194008124
25552.53059,-0.0,15873.654411947797,9678.876178052202,0.0,2025-11-11 21:00:00,11,11,21,2025-11-11,late_evening_21_23,15873.654411947797,0.37878346897821685
24233.699358,-0.0,15873.654411947797,8360.044946052205,0.0,2025-11-11 22:00:00,11,11,22,2025-11-11,late_evening_21_23,15873.654411947797,0.34497601140258416
22878.818828,-0.0,15873.654411947797,7005.164416052203,0.0,2025-11-11 23:00:00,11,11,23,2025-11-11,late_evening_21_23,15873.654411947797,0.3061855801523725
22299.3873499999,-0.0,15873.654411947797,6425.732938052102,0.0,2025-11-12 00:00:00,11,12,0,2025-11-12,night_00_05,15873.654411947797,0.2881573756801947
21750.048091,-0.0,15873.654411947797,5876.393679052204,0.0,2025-11-12 01:00:00,11,12,1,2025-11-12,night_00_05,15873.654411947797,0.2701784223403078
21473.312568,-0.0,15873.654411947797,5599.6581560522045,0.0,2025-11-12 02:00:00,11,12,2,2025-11-12,night_00_05,15873.654411947797,0.2607729076880731
21261.928699,-0.0,15873.654411947797,5388.274287052203,0.0,2025-11-12 03:00:00,11,12,3,2025-11-12,night_00_05,15873.654411947797,0.2534235893334374
20931.21326,-0.0,15873.654411947797,5057.558848052204,0.0,2025-11-12 04:00:00,11,12,4,2025-11-12,night_00_05,15873.654411947797,0.2416276010964595
21934.447441,-0.0,15873.654411947797,6060.793029052204,0.0,2025-11-12 05:00:00,11,12,5,2025-11-12,night_00_05,15873.654411947797,0.2763139142371708
28375.5986969999,3.110801281388183,15873.654411947797,12498.833483770715,3.851293842166275e-06,2025-11-12 17:00:00,11,12,17,2025-11-12,evening_peak_16_20,15876.765213229184,0.440478229807084
27533.584361,3.110801281388183,15873.654411947797,11656.819147770817,3.851293842166275e-06,2025-11-12 18:00:00,11,12,18,2025-11-12,evening_peak_16_20,15876.765213229184,0.423367295552051
26958.297678,-0.0,15873.654411947797,11084.643266052202,0.0,2025-11-12 19:00:00,11,12,19,2025-11-12,evening_peak_16_20,15873.654411947797,0.4111774192291862
25867.7494859999,-0.0,15873.654411947797,9994.095074052102,0.0,2025-11-12 20:00:00,11,12,20,2025-11-12,evening_peak_16_20,15873.654411947797,0.38635348156054666
25138.134058,-0.0,15873.654411947797,9264.479646052203,0.0,2025-11-12 21:00:00,11,12,21,2025-11-12,late_evening_21_23,15873.654411947797,0.3685428530485484
24075.3138159999,-0.0,15873.654411947797,8201.659404052103,0.0,2025-11-12 22:00:00,11,12,22,2025-11-12,late_evening_21_23,15873.654411947797,0.3406667703995397
22870.825378,-0.0,15873.654411947797,6997.170966052205,0.0,2025-11-12 23:00:00,11,12,23,2025-11-12,late_evening_21_23,15873.654411947797,0.30594308908426854
21728.916926,-0.0,15873.654411947797,5855.262514052205,0.0,2025-11-13 00:00:00,11,13,0,2025-11-13,night_00_05,15873.654411947797,0.2694686777989389
21083.396245,-0.0,15873.654411947797,5209.741833052203,0.0,2025-11-13 01:00:00,11,13,1,2025-11-13,night_00_05,15873.654411947797,0.24710164209372631
20435.536678,-0.0,15873.654411947797,4561.882266052204,0.0,2025-11-13 02:00:00,11,13,2,2025-11-13,night_00_05,15873.654411947797,0.2232328094893307
20304.765561,-0.0,15873.654411947797,4431.1111490522035,0.0,2025-11-13 03:00:00,11,13,3,2025-11-13,night_00_05,15873.654411947797,0.21823010641221968
20374.807555,-0.0,15873.654411947797,4501.153143052203,0.0,2025-11-13 04:00:00,11,13,4,2025-11-13,night_00_05,15873.654411947797,0.22091757828395364
21283.786925,-0.0,15873.654411947797,5410.132513052204,0.0,2025-11-13 05:00:00,11,13,5,2025-11-13,night_00_05,15873.654411947797,0.254190315478936
27241.79027,-0.0,15873.654411947797,11368.135858052205,0.0,2025-11-13 17:00:00,11,13,17,2025-11-13,evening_peak_16_20,15873.654411947797,0.4173050209028059
26765.126939,-0.0,15873.654411947797,10891.472527052205,0.0,2025-11-13 18:00:00,11,13,18,2025-11-13,evening_peak_16_20,15873.654411947797,0.4069277366729773
26089.297047,-0.0,15873.654411947797,10215.642635052203,0.0,2025-11-13 19:00:00,11,13,19,2025-11-13,evening_peak_16_20,15873.654411947797,0.3915645031235863
25628.296132,-0.0,15873.654411947797,9754.641720052203,0.0,2025-11-13 20:00:00,11,13,20,2025-11-13,evening_peak_16_20,15873.654411947797,0.38061998619847237
24967.164287,-0.0,15873.654411947797,9093.509875052203,0.0,2025-11-13 21:00:00,11,13,21,2025-11-13,late_evening_21_23,15873.654411947797,0.36421877032254907
23750.127275,-0.0,15873.654411947797,7876.472863052202,0.0,2025-11-13 22:00:00,11,13,22,2025-11-13,late_evening_21_23,15873.654411947797,0.3316391854178896
22434.025314,-0.0,15873.654411947797,6560.370902052202,0.0,2025-11-13 23:00:00,11,13,23,2025-11-13,late_evening_21_23,15873.654411947797,0.292429504301138
22578.572271,-0.0,15873.654411947797,6704.917859052204,0.0,2025-11-14 00:00:00,11,14,0,2025-11-14,night_00_05,15873.654411947797,0.296959337312219
22128.497171,-0.0,15873.654411947797,6254.842759052202,0.0,2025-11-14 01:00:00,11,14,1,2025-11-14,night_00_05,15873.654411947797,0.28266007902467705
22079.970167,-0.0,15873.654411947797,6206.315755052203,0.0,2025-11-14 02:00:00,11,14,2,2025-11-14,night_00_05,15873.654411947797,0.28108352086127175
21601.934733,-0.0,15873.654411947797,5728.2803210522015,0.0,2025-11-14 03:00:00,11,14,3,2025-11-14,night_00_05,15873.654411947797,0.26517441108186696
21113.309457,-0.0,15873.654411947797,5239.655045052203,0.0,2025-11-14 04:00:00,11,14,4,2025-11-14,night_00_05,15873.654411947797,0.248168344035474
22097.445673,-0.0,15873.654411947797,6223.791261052202,0.0,2025-11-14 05:00:00,11,14,5,2025-11-14,night_00_05,15873.654411947797,0.28165206753542593
26300.485364,-0.0,15873.654411947797,10426.830952052203,0.0,2025-11-14 17:00:00,11,14,17,2025-11-14,evening_peak_16_20,15873.654411947797,0.39645013419883146
25720.5018849999,-0.0,15873.654411947797,9846.847473052103,0.0,2025-11-14 18:00:00,11,14,18,2025-11-14,evening_peak_16_20,15873.654411947797,0.38284040945541375
25720.206005,-0.0,15873.654411947797,9846.551593052203,0.0,2025-11-14 19:00:00,11,14,19,2025-11-14,evening_peak_16_20,15873.654411947797,0.3828333097774581
25299.5059369999,-0.0,15873.654411947797,9425.851525052103,0.0,2025-11-14 20:00:00,11,14,20,2025-11-14,evening_peak_16_20,15873.654411947797,0.3725705770114281
24413.186509,-0.0,15873.654411947797,8539.532097052203,0.0,2025-11-14 21:00:00,11,14,21,2025-11-14,late_evening_21_23,15873.654411947797,0.34979178543137235
23333.467502,-0.0,15873.654411947797,7459.813090052203,0.0,2025-11-14 22:00:00,11,14,22,2025-11-14,late_evening_21_23,15873.654411947797,0.3197044369600358
22464.712026,-0.0,15873.654411947797,6591.057614052204,0.0,2025-11-14 23:00:00,11,14,23,2025-11-14,late_evening_21_23,15873.654411947797,0.2933960429327519
22197.353337,-0.0,15873.654411947797,6323.698925052204,0.0,2025-11-15 00:00:00,11,15,0,2025-11-15,night_00_05,15873.654411947797,0.28488526668228725
21773.875695,-0.0,15873.654411947797,5900.221283052202,0.0,2025-11-15 01:00:00,11,15,1,2025-11-15,night_00_05,15873.654411947797,0.27097708123717673
21802.260407,-0.0,15873.654411947797,5928.605995052205,0.0,2025-11-15 02:00:00,11,15,2,2025-11-15,night_00_05,15873.654411947797,0.27192620785084837
21827.427786,-0.0,15873.654411947797,5953.7733740522035,0.0,2025-11-15 03:00:00,11,15,3,2025-11-15,night_00_05,15873.654411947797,0.27276568876663165
21514.8798939999,-0.0,15873.654411947797,5641.225482052103,0.0,2025-11-15 04:00:00,11,15,4,2025-11-15,night_00_05,15873.654411947797,0.26220111429138565
21081.229324,-0.0,15873.654411947797,5207.574912052203,0.0,2025-11-15 05:00:00,11,15,5,2025-11-15,night_00_05,15873.654411947797,0.24702425233445097
21314.34051,2970.81522372564,15873.654411947797,2469.870874326565,0.0036779856192687,2025-11-15 06:00:00,11,15,6,2025-11-15,morning_06_09,18844.469635673435,0.11587836241838124
24329.021668,4625.761505424187,15873.654411947797,3829.6057506280176,0.0057268739433012,2025-11-15 16:00:00,11,15,16,2025-11-15,evening_peak_16_20,20499.41591737198,0.15740894980849574
24664.765933,-0.0,15873.654411947797,8791.111521052202,0.0,2025-11-15 17:00:00,11,15,17,2025-11-15,evening_peak_16_20,15873.654411947797,0.3564238778885071
24321.321135,-0.0,15873.654411947797,8447.666723052202,0.0,2025-11-15 18:00:00,11,15,18,2025-11-15,evening_peak_16_20,15873.654411947797,0.347335848910586
23815.601237,-0.0,15873.654411947797,7941.946825052202,0.0,2025-11-15 19:00:00,11,15,19,2025-11-15,evening_peak_16_20,15873.654411947797,0.3334766460866655
23459.454014,-0.0,15873.654411947797,7585.799602052202,0.0,2025-11-15 20:00:00,11,15,20,2025-11-15,evening_peak_16_20,15873.654411947797,0.3233578921966893
22996.127412,-0.0,15873.654411947797,7122.473000052205,0.0,2025-11-15 21:00:00,11,15,21,2025-11-15,late_evening_21_23,15873.654411947797,0.3097248885625632
22709.093919,-0.0,15873.654411947797,6835.439507052202,0.0,2025-11-15 22:00:00,11,15,22,2025-11-15,late_evening_21_23,15873.654411947797,0.30100009852586856
21571.762934,-0.0,15873.654411947797,5698.108522052202,0.0,2025-11-15 23:00:00,11,15,23,2025-11-15,late_evening_21_23,15873.654411947797,0.2641466318485828
20932.586278,-0.0,15873.654411947797,5058.931866052202,0.0,2025-11-16 00:00:00,11,16,0,2025-11-16,night_00_05,15873.654411947797,0.24167734454146758
19970.714952,-0.0,15873.654411947797,4097.060540052202,0.0,2025-11-16 01:00:00,11,16,1,2025-11-16,night_00_05,15873.654411947797,0.20515342339518472
19365.462292,-0.0,15873.654411947797,3491.8078800522035,0.0,2025-11-16 02:00:00,11,16,2,2025-11-16,night_00_05,15873.654411947797,0.18031110372690107
18984.184448,-0.0,15873.654411947797,3110.5300360522033,0.0,2025-11-16 03:00:00,11,16,3,2025-11-16,night_00_05,15873.654411947797,0.16384849423330905
18864.350651,-0.0,15873.654411947797,2990.696239052204,0.0,2025-11-16 04:00:00,11,16,4,2025-11-16,night_00_05,15873.654411947797,0.15853693002115962
19150.069566,-0.0,15873.654411947797,3276.4151540522016,0.0,2025-11-16 05:00:00,11,16,5,2025-11-16,night_00_05,15873.654411947797,0.17109155362387377
24761.373698,-0.0,15873.654411947797,8887.719286052203,0.0,2025-11-16 17:00:00,11,16,17,2025-11-16,evening_peak_16_20,15873.654411947797,0.3589348230211506
24544.264219,-0.0,15873.654411947797,8670.609807052204,0.0,2025-11-16 18:00:00,11,16,18,2025-11-16,evening_peak_16_20,15873.654411947797,0.3532641976833098
24152.749755,-0.0,15873.654411947797,8279.095343052204,0.0,2025-11-16 19:00:00,11,16,19,2025-11-16,evening_peak_16_20,15873.654411947797,0.34278065342594377
23659.058866,-0.0,15873.654411947797,7785.404454052203,0.0,2025-11-16 20:00:00,11,16,20,2025-11-16,evening_peak_16_20,15873.654411947797,0.32906653211132014
23064.122598,-0.0,15873.654411947797,7190.468186052205,0.0,2025-11-16 21:00:00,11,16,21,2025-11-16,late_evening_21_23,15873.654411947797,0.31175988401465243
21957.821956,-0.0,15873.654411947797,6084.167544052203,0.0,2025-11-16 22:00:00,11,16,22,2025-11-16,late_evening_21_23,15873.654411947797,0.2770842917045193
21201.275797,-0.0,15873.654411947797,5327.621385052202,0.0,2025-11-16 23:00:00,11,16,23,2025-11-16,late_evening_21_23,15873.654411947797,0.25128777324834695
21989.867282,-0.0,15873.654411947797,6116.212870052203,0.0,2025-11-17 00:00:00,11,17,0,2025-11-17,night_00_05,15873.654411947797,0.27813778007922235
21849.515013,-0.0,15873.654411947797,5975.8606010522035,0.0,2025-11-17 01:00:00,11,17,1,2025-11-17,night_00_05,15873.654411947797,0.27350083502982525
21041.268879,-0.0,15873.654411947797,5167.614467052203,0.0,2025-11-17 02:00:00,11,17,2,2025-11-17,night_00_05,15873.654411947797,0.24559424133445118
20640.929157,-0.0,15873.654411947797,4767.274745052202,0.0,2025-11-17 03:00:00,11,17,3,2025-11-17,night_00_05,15873.654411947797,0.2309622163222951
20560.976306,-0.0,15873.654411947797,4687.321894052204,0.0,2025-11-17 04:00:00,11,17,4,2025-11-17,night_00_05,15873.654411947797,0.22797175699698527
21133.529519,-0.0,15873.654411947797,5259.875107052203,0.0,2025-11-17 05:00:00,11,17,5,2025-11-17,night_00_05,15873.654411947797,0.24888767881026863
27020.841322,-0.0,15873.654411947797,11147.186910052204,0.0,2025-11-17 17:00:00,11,17,17,2025-11-17,evening_peak_16_20,15873.654411947797,0.4125403342262447
26773.827747,-0.0,15873.654411947797,10900.173335052203,0.0,2025-11-17 18:00:00,11,17,18,2025-11-17,evening_peak_16_20,15873.654411947797,0.4071204699624455
26064.9001,-0.0,15873.654411947797,10191.245688052202,0.0,2025-11-17 19:00:00,11,17,19,2025-11-17,evening_peak_16_20,15873.654411947797,0.3909950028180696
25426.226902,-0.0,15873.654411947797,9552.572490052202,0.0,2025-11-17 20:00:00,11,17,20,2025-11-17,evening_peak_16_20,15873.654411947797,0.37569760259241636
24727.682707,-0.0,15873.654411947797,8854.028295052203,0.0,2025-11-17 21:00:00,11,17,21,2025-11-17,late_evening_21_23,15873.654411947797,0.35806138407566085
23660.98483,-0.0,15873.654411947797,7787.330418052205,0.0,2025-11-17 22:00:00,11,17,22,2025-11-17,late_evening_21_23,15873.654411947797,0.32912114495667866
22532.530203,-0.0,15873.654411947797,6658.875791052202,0.0,2025-11-17 23:00:00,11,17,23,2025-11-17,late_evening_21_23,15873.654411947797,0.2955227722346793
21427.209102,-0.0,15873.654411947797,5553.554690052204,0.0,2025-11-18 00:00:00,11,18,0,2025-11-18,night_00_05,15873.654411947797,0.25918236311670845
20537.061652,-0.0,15873.654411947797,4663.407240052204,0.0,2025-11-18 01:00:00,11,18,1,2025-11-18,night_00_05,15873.654411947797,0.2270727584633831
20620.89527,-0.0,15873.654411947797,4747.240858052204,0.0,2025-11-18 02:00:00,11,18,2,2025-11-18,night_00_05,15873.654411947797,0.2302150704852595
20361.243124,-0.0,15873.654411947797,4487.588712052204,0.0,2025-11-18 03:00:00,11,18,3,2025-11-18,night_00_05,15873.654411947797,0.22039856234330987
20112.119569,-0.0,15873.654411947797,4238.465157052202,0.0,2025-11-18 04:00:00,11,18,4,2025-11-18,night_00_05,15873.654411947797,0.21074184361877002
21284.045444,-0.0,15873.654411947797,5410.391032052203,0.0,2025-11-18 05:00:00,11,18,5,2025-11-18,night_00_05,15873.654411947797,0.2541993741879272
23415.647592,2833.939967344573,15873.654411947797,4708.053212707631,0.0035085286902134,2025-11-18 06:00:00,11,18,6,2025-11-18,morning_06_09,18707.594379292368,0.20106440337426953
26634.079526,-0.0,15873.654411947797,10760.425114052205,0.0,2025-11-18 17:00:00,11,18,17,2025-11-18,evening_peak_16_20,15873.654411947797,0.4040096487490004
26585.661857,-0.0,15873.654411947797,10712.007445052202,0.0,2025-11-18 18:00:00,11,18,18,2025-11-18,evening_peak_16_20,15873.654411947797,0.4029242342233332
26212.0745399999,-0.0,15873.654411947797,10338.420128052103,0.0,2025-11-18 19:00:00,11,18,19,2025-11-18,evening_peak_16_20,15873.654411947797,0.3944144181444153
25762.237987,-0.0,15873.654411947797,9888.583575052204,0.0,2025-11-18 20:00:00,11,18,20,2025-11-18,evening_peak_16_20,15873.654411947797,0.38384023857097066
25065.925691,-0.0,15873.654411947797,9192.271279052204,0.0,2025-11-18 21:00:00,11,18,21,2025-11-18,late_evening_21_23,15873.654411947797,0.3667237903905826
23785.798022,-0.0,15873.654411947797,7912.143610052202,0.0,2025-11-18 22:00:00,11,18,22,2025-11-18,late_evening_21_23,15873.654411947797,0.3326415032505569
22339.323512,-0.0,15873.654411947797,6465.669100052202,0.0,2025-11-18 23:00:00,11,18,23,2025-11-18,late_evening_21_23,15873.654411947797,0.2894299416264348
22047.732206,-0.0,15873.654411947797,6174.077794052204,0.0,2025-11-19 00:00:00,11,19,0,2025-11-19,night_00_05,15873.654411947797,0.2800323287840012
21255.504394,-0.0,15873.654411947797,5381.849982052203,0.0,2025-11-19 01:00:00,11,19,1,2025-11-19,night_00_05,15873.654411947797,0.25319794262663514
20811.850331,-0.0,15873.654411947797,4938.195919052205,0.0,2025-11-19 02:00:00,11,19,2,2025-11-19,night_00_05,15873.654411947797,0.2372780815022768
20436.050014,-0.0,15873.654411947797,4562.395602052204,0.0,2025-11-19 03:00:00,11,19,3,2025-11-19,night_00_05,15873.654411947797,0.22325232121308528
20519.839593,-0.0,15873.654411947797,4646.185181052204,0.0,2025-11-19 04:00:00,11,19,4,2025-11-19,night_00_05,15873.654411947797,0.22642404975900357
21935.852816,-0.0,15873.654411947797,6062.198404052202,0.0,2025-11-19 05:00:00,11,19,5,2025-11-19,night_00_05,15873.654411947797,0.27636027898721305
23897.990902,6028.732883330265,15873.654411947797,1995.6036067219393,0.0074638074661182,2025-11-19 06:00:00,11,19,6,2025-11-19,morning_06_09,21902.387295278062,0.08350507851917079
26931.375103,127.54285253690153,15873.654411947797,10930.177838515301,0.0001579030475288,2025-11-19 17:00:00,11,19,17,2025-11-19,evening_peak_16_20,16001.197264484697,0.40585294277445727
26751.013981,519.5038139917716,15873.654411947797,10357.855755060431,0.0006431660716417,2025-11-19 18:00:00,11,19,18,2025-11-19,evening_peak_16_20,16393.15822593957,0.3871948839927015
26274.186808,494.6174037406906,15873.654411947797,9905.914992311511,0.0006123557209044,2025-11-19 19:00:00,11,19,19,2025-11-19,evening_peak_16_20,16368.271815688488,0.3770208023829436
25757.029303,416.84737170595116,15873.654411947797,9466.527519346251,0.0005160733748502,2025-11-19 20:00:00,11,19,20,2025-11-19,evening_peak_16_20,16290.501783653748,0.3675318068704319
25270.654538,410.6257691432011,15873.654411947797,8986.374356909,0.0005083707871659,2025-11-19 21:00:00,11,19,21,2025-11-19,late_evening_21_23,16284.280181090999,0.3556051286046432
23941.551011,410.6257691432011,15873.654411947797,7657.270829909002,0.0005083707871659,2025-11-19 22:00:00,11,19,22,2025-11-19,late_evening_21_23,16284.280181090999,0.3198318616196107
22589.647658,482.1741986151097,15873.654411947797,6233.819047437095,0.0005969505455357,2025-11-19 23:00:00,11,19,23,2025-11-19,late_evening_21_23,16355.828610562907,0.2759591093148114
22138.103825,485.28499989652505,15873.654411947797,5779.164413155677,0.0006008018393779,2025-11-20 00:00:00,11,20,0,2025-11-20,night_00_05,16358.939411844322,0.26105056055566117
21150.448414,236.4208973854721,15873.654411947797,5040.37310466673,0.0002926983320046,2025-11-20 01:00:00,11,20,1,2025-11-20,night_00_05,16110.07530933327,0.23831046065814773
20979.82563,-0.0,15873.654411947797,5106.171218052203,0.0,2025-11-20 02:00:00,11,20,2,2025-11-20,night_00_05,15873.654411947797,0.24338482636150502
20686.060725,-0.0,15873.654411947797,4812.406313052203,0.0,2025-11-20 03:00:00,11,20,3,2025-11-20,night_00_05,15873.654411947797,0.23264005539905436
20739.0498749999,-0.0,15873.654411947797,4865.395463052102,0.0,2025-11-20 04:00:00,11,20,4,2025-11-20,night_00_05,15873.654411947797,0.23460069252821186
21971.91589,-0.0,15873.654411947797,6098.2614780522035,0.0,2025-11-20 05:00:00,11,20,5,2025-11-20,night_00_05,15873.654411947797,0.2775480075830658
27619.5419639999,-0.0,15873.654411947797,11745.887552052105,0.0,2025-11-20 17:00:00,11,20,17,2025-11-20,evening_peak_16_20,15873.654411947797,0.42527452364568646
27169.77303,-0.0,15873.654411947797,11296.118618052204,0.0,2025-11-20 18:00:00,11,20,18,2025-11-20,evening_peak_16_20,15873.654411947797,0.41576050729534575
26757.167453,-0.0,15873.654411947797,10883.513041052202,0.0,2025-11-20 19:00:00,11,20,19,2025-11-20,evening_peak_16_20,15873.654411947797,0.40675131477087456
26355.420222,-0.0,15873.654411947797,10481.765810052204,0.0,2025-11-20 20:00:00,11,20,20,2025-11-20,evening_peak_16_20,15873.654411947797,0.39770816483899674
25578.4866679999,-0.0,15873.654411947797,9704.832256052103,0.0,2025-11-20 21:00:00,11,20,21,2025-11-20,late_evening_21_23,15873.654411947797,0.3794138559492413
24316.313197,-0.0,15873.654411947797,8442.658785052203,0.0,2025-11-20 22:00:00,11,20,22,2025-11-20,late_evening_21_23,15873.654411947797,0.3472014329085795
23169.681524,-0.0,15873.654411947797,7296.027112052203,0.0,2025-11-20 23:00:00,11,20,23,2025-11-20,late_evening_21_23,15873.654411947797,0.3148954423259859
22500.37659,-0.0,15873.654411947797,6626.722178052203,0.0,2025-11-21 00:00:00,11,21,0,2025-11-21,night_00_05,15873.654411947797,0.2945160562778031
21743.500034,-0.0,15873.654411947797,5869.845622052204,0.0,2025-11-21 01:00:00,11,21,1,2025-11-21,night_00_05,15873.654411947797,0.2699586365062483
21755.769185,-0.0,15873.654411947797,5882.114773052204,0.0,2025-11-21 02:00:00,11,21,2,2025-11-21,night_00_05,15873.654411947797,0.27037034282877753
21774.563051,-0.0,15873.654411947797,5900.908639052204,0.0,2025-11-21 03:00:00,11,21,3,2025-11-21,night_00_05,15873.654411947797,0.2710000942490189
21366.667804,-0.0,15873.654411947797,5493.013392052204,0.0,2025-11-21 04:00:00,11,21,4,2025-11-21,night_00_05,15873.654411947797,0.25708329639607497
22073.089605,-0.0,15873.654411947797,6199.435193052204,0.0,2025-11-21 05:00:00,11,21,5,2025-11-21,night_00_05,15873.654411947797,0.28085942221916715
23883.886082,-0.0,15873.654411947797,8010.231670052204,0.0,2025-11-21 06:00:00,11,21,6,2025-11-21,morning_06_09,15873.654411947797,0.3353822590909561
26515.919006,-0.0,15873.654411947797,10642.264594052203,0.0,2025-11-21 17:00:00,11,21,17,2025-11-21,evening_peak_16_20,15873.654411947797,0.40135379021349704
26272.09956,-0.0,15873.654411947797,10398.445148052202,0.0,2025-11-21 18:00:00,11,21,18,2025-11-21,evening_peak_16_20,15873.654411947797,0.39579802612670223
25824.7005939999,-0.0,15873.654411947797,9951.046182052103,0.0,2025-11-21 19:00:00,11,21,19,2025-11-21,evening_peak_16_20,15873.654411947797,0.3853305538173064
25298.449757,-0.0,15873.654411947797,9424.795345052202,0.0,2025-11-21 20:00:00,11,21,20,2025-11-21,evening_peak_16_20,15873.654411947797,0.3725443825839325
24945.69878,-0.0,15873.654411947797,9072.044368052202,0.0,2025-11-21 21:00:00,11,21,21,2025-11-21,late_evening_21_23,15873.654411947797,0.3636716873742433
24117.169936,-0.0,15873.654411947797,8243.515524052202,0.0,2025-11-21 22:00:00,11,21,22,2025-11-21,late_evening_21_23,15873.654411947797,0.3418110643134377
23031.926716,-0.0,15873.654411947797,7158.272304052205,0.0,2025-11-21 23:00:00,11,21,23,2025-11-21,late_evening_21_23,15873.654411947797,0.31079780655430095
22196.413644,-0.0,15873.654411947797,6322.7592320522035,0.0,2025-11-22 00:00:00,11,22,0,2025-11-22,night_00_05,15873.654411947797,0.2848549920478407
21297.656211,-0.0,15873.654411947797,5424.001799052205,0.0,2025-11-22 01:00:00,11,22,1,2025-11-22,night_00_05,15873.654411947797,0.25467599557977505
20553.13344,-0.0,15873.654411947797,4679.479028052205,0.0,2025-11-22 02:00:00,11,22,2,2025-11-22,night_00_05,15873.654411947797,0.22767715889710122
20034.299268,-0.0,15873.654411947797,4160.644856052202,0.0,2025-11-22 03:00:00,11,22,3,2025-11-22,night_00_05,15873.654411947797,0.20767608591620856
20121.762834,-0.0,15873.654411947797,4248.108422052204,0.0,2025-11-22 04:00:00,11,22,4,2025-11-22,night_00_05,15873.654411947797,0.21112009206639296
20505.904324,-0.0,15873.654411947797,4632.2499120522025,0.0,2025-11-22 05:00:00,11,22,5,2025-11-22,night_00_05,15873.654411947797,0.22589834804947578
21394.558322,164.87246791356353,15873.654411947797,5356.03144213864,0.0002041185736348,2025-11-22 06:00:00,11,22,6,2025-11-22,morning_06_09,16038.52687986136,0.25034550195088806
24815.140686,-0.0,15873.654411947797,8941.486274052202,0.0,2025-11-22 17:00:00,11,22,17,2025-11-22,evening_peak_16_20,15873.654411947797,0.36032381952590486
24550.116177,-0.0,15873.654411947797,8676.461765052203,0.0,2025-11-22 18:00:00,11,22,18,2025-11-22,evening_peak_16_20,15873.654411947797,0.3534183586952157
24286.389436,-0.0,15873.654411947797,8412.735024052205,0.0,2025-11-22 19:00:00,11,22,19,2025-11-22,evening_peak_16_20,15873.654411947797,0.3463971063389895
23749.876934,-0.0,15873.654411947797,7876.222522052203,0.0,2025-11-22 20:00:00,11,22,20,2025-11-22,evening_peak_16_20,15873.654411947797,0.3316321404081345
23625.511454,-0.0,15873.654411947797,7751.857042052203,0.0,2025-11-22 21:00:00,11,22,21,2025-11-22,late_evening_21_23,15873.654411947797,0.32811382971096476
22782.645594,-0.0,15873.654411947797,6908.991182052205,0.0,2025-11-22 22:00:00,11,22,22,2025-11-22,late_evening_21_23,15873.654411947797,0.3032567553906797
21857.998449,-0.0,15873.654411947797,5984.344037052202,0.0,2025-11-22 23:00:00,11,22,23,2025-11-22,late_evening_21_23,15873.654411947797,0.2737828008824836
21386.4068859999,-0.0,15873.654411947797,5512.752474052102,0.0,2025-11-23 00:00:00,11,23,0,2025-11-23,night_00_05,15873.654411947797,0.2577689886589081
20379.368504,-0.0,15873.654411947797,4505.7140920522015,0.0,2025-11-23 01:00:00,11,23,1,2025-11-23,night_00_05,15873.654411947797,0.2210919387010365
19618.223456,-0.0,15873.654411947797,3744.569044052203,0.0,2025-11-23 02:00:00,11,23,2,2025-11-23,night_00_05,15873.654411947797,0.19087197433807246
19285.924349,-0.0,15873.654411947797,3412.269937052204,0.0,2025-11-23 03:00:00,11,23,3,2025-11-23,night_00_05,15873.654411947797,0.17693058809644946
19182.315056,-0.0,15873.654411947797,3308.6606440522028,0.0,2025-11-23 04:00:00,11,23,4,2025-11-23,night_00_05,15873.654411947797,0.17248494951694024
19659.46507,-0.0,15873.654411947797,3785.8106580522017,0.0,2025-11-23 05:00:00,11,23,5,2025-11-23,night_00_05,15873.654411947797,0.19256936262366992
24878.473745,-0.0,15873.654411947797,9004.819333052203,0.0,2025-11-23 17:00:00,11,23,17,2025-11-23,evening_peak_16_20,15873.654411947797,0.3619522413372309
24765.260865,-0.0,15873.654411947797,8891.606453052204,0.0,2025-11-23 18:00:00,11,23,18,2025-11-23,evening_peak_16_20,15873.654411947797,0.35903544491301703
24255.627962,-0.0,15873.654411947797,8381.973550052202,0.0,2025-11-23 19:00:00,11,23,19,2025-11-23,evening_peak_16_20,15873.654411947797,0.3455681940366085
23677.602025,-0.0,15873.654411947797,7803.947613052203,0.0,2025-11-23 20:00:00,11,23,20,2025-11-23,evening_peak_16_20,15873.654411947797,0.32959197493109327
23337.4325059999,-0.0,15873.654411947797,7463.7780940521025,0.0,2025-11-23 21:00:00,11,23,21,2025-11-23,late_evening_21_23,15873.654411947797,0.31982001842461527
22663.80185,-0.0,15873.654411947797,6790.147438052203,0.0,2025-11-23 22:00:00,11,23,22,2025-11-23,late_evening_21_23,15873.654411947797,0.29960319468872354
21611.140688,-0.0,15873.654411947797,5737.486276052203,0.0,2025-11-23 23:00:00,11,23,23,2025-11-23,late_evening_21_23,15873.654411947797,0.26548743349017445
21160.139101,-0.0,15873.654411947797,5286.484689052204,0.0,2025-11-24 00:00:00,11,24,0,2025-11-24,night_00_05,15873.654411947797,0.2498322276530957
20599.819811,-0.0,15873.654411947797,4726.1653990522045,0.0,2025-11-24 01:00:00,11,24,1,2025-11-24,night_00_05,15873.654411947797,0.22942751161971336
20973.771518,-0.0,15873.654411947797,5100.117106052205,0.0,2025-11-24 02:00:00,11,24,2,2025-11-24,night_00_05,15873.654411947797,0.243166428206544
20259.937183,-0.0,15873.654411947797,4386.2827710522015,0.0,2025-11-24 03:00:00,11,24,3,2025-11-24,night_00_05,15873.654411947797,0.21650031445964735
20873.113867,-0.0,15873.654411947797,4999.459455052203,0.0,2025-11-24 04:00:00,11,24,4,2025-11-24,night_00_05,15873.654411947797,0.23951670492998434
21848.551041,-0.0,15873.654411947797,5974.896629052202,0.0,2025-11-24 05:00:00,11,24,5,2025-11-24,night_00_05,15873.654411947797,0.27346878142353614
23204.900539,7080.18371643947,15873.654411947797,251.06241061273158,0.0087655447847704,2025-11-24 06:00:00,11,24,6,2025-11-24,morning_06_09,22953.838128387266,0.010819370252881547
26862.813241,-0.0,15873.654411947797,10989.158829052203,0.0,2025-11-24 17:00:00,11,24,17,2025-11-24,evening_peak_16_20,15873.654411947797,0.40908443693007335
26423.631685,-0.0,15873.654411947797,10549.977273052204,0.0,2025-11-24 18:00:00,11,24,18,2025-11-24,evening_peak_16_20,15873.654411947797,0.3992629551766402
25985.028885,-0.0,15873.654411947797,10111.374473052203,0.0,2025-11-24 19:00:00,11,24,19,2025-11-24,evening_peak_16_20,15873.654411947797,0.3891230799781427
25346.688651,-0.0,15873.654411947797,9473.034239052204,0.0,2025-11-24 20:00:00,11,24,20,2025-11-24,evening_peak_16_20,15873.654411947797,0.3737385332453857
25123.080223,-0.0,15873.654411947797,9249.425811052204,0.0,2025-11-24 21:00:00,11,24,21,2025-11-24,late_evening_21_23,15873.654411947797,0.368164481781355
24065.262069,-0.0,15873.654411947797,8191.607657052204,0.0,2025-11-24 22:00:00,11,24,22,2025-11-24,late_evening_21_23,15873.654411947797,0.34039137548409815
22730.525915,-0.0,15873.654411947797,6856.871503052202,0.0,2025-11-24 23:00:00,11,24,23,2025-11-24,late_evening_21_23,15873.654411947797,0.3016591665627637
22110.022639,-0.0,15873.654411947797,6236.368227052202,0.0,2025-11-25 00:00:00,11,25,0,2025-11-25,night_00_05,15873.654411947797,0.282060689347818
21350.636427,-0.0,15873.654411947797,5476.982015052205,0.0,2025-11-25 01:00:00,11,25,1,2025-11-25,night_00_05,15873.654411947797,0.25652546863315123
21325.2860999999,-0.0,15873.654411947797,5451.631688052103,0.0,2025-11-25 02:00:00,11,25,2,2025-11-25,night_00_05,15873.654411947797,0.2556416670092003
20948.521558,-0.0,15873.654411947797,5074.867146052204,0.0,2025-11-25 03:00:00,11,25,3,2025-11-25,night_00_05,15873.654411947797,0.24225419116100677
20968.48483,-0.0,15873.654411947797,5094.830418052205,0.0,2025-11-25 04:00:00,11,25,4,2025-11-25,night_00_05,15873.654411947797,0.24297561122599262
22239.075054,-0.0,15873.654411947797,6365.420642052204,0.0,2025-11-25 05:00:00,11,25,5,2025-11-25,night_00_05,15873.654411947797,0.286226860901182
23791.616404,7621.463139400988,15873.654411947797,296.4988526512152,0.0094356699133073,2025-11-25 06:00:00,11,25,6,2025-11-25,morning_06_09,23495.117551348783,0.012462324863365144
27190.02439,-0.0,15873.654411947797,11316.369978052202,0.0,2025-11-25 17:00:00,11,25,17,2025-11-25,evening_peak_16_20,15873.654411947797,0.41619565380802526
26930.000842,-0.0,15873.654411947797,11056.346430052205,0.0,2025-11-25 18:00:00,11,25,18,2025-11-25,evening_peak_16_20,15873.654411947797,0.4105587108934931
26406.63232,-0.0,15873.654411947797,10532.977908052204,0.0,2025-11-25 19:00:00,11,25,19,2025-11-25,evening_peak_16_20,15873.654411947797,0.39887622853273413
25862.956097,-0.0,15873.654411947797,9989.301685052202,0.0,2025-11-25 20:00:00,11,25,20,2025-11-25,evening_peak_16_20,15873.654411947797,0.386239749531606
25465.120526,-0.0,15873.654411947797,9591.466114052202,0.0,2025-11-25 21:00:00,11,25,21,2025-11-25,late_evening_21_23,15873.654411947797,0.3766511179186948
24387.172616,-0.0,15873.654411947797,8513.518204052203,0.0,2025-11-25 22:00:00,11,25,22,2025-11-25,late_evening_21_23,15873.654411947797,0.3490982057701364
23545.460021,-0.0,15873.654411947797,7671.805609052202,0.0,2025-11-25 23:00:00,11,25,23,2025-11-25,late_evening_21_23,15873.654411947797,0.3258295060792944
22869.125043,-0.0,15873.654411947797,6995.470631052203,0.0,2025-11-26 00:00:00,11,26,0,2025-11-26,night_00_05,15873.654411947797,0.3058914854809211
22071.782842,-0.0,15873.654411947797,6198.128430052204,0.0,2025-11-26 01:00:00,11,26,1,2025-11-26,night_00_05,15873.654411947797,0.2808168454003587
21594.21136,-0.0,15873.654411947797,5720.5569480522045,0.0,2025-11-26 02:00:00,11,26,2,2025-11-26,night_00_05,15873.654411947797,0.2649115937916894
21119.748152,-0.0,15873.654411947797,5246.093740052203,0.0,2025-11-26 03:00:00,11,26,3,2025-11-26,night_00_05,15873.654411947797,0.24839755201131072
21529.496385,-0.0,15873.654411947797,5655.841973052202,0.0,2025-11-26 04:00:00,11,26,4,2025-11-26,night_00_05,15873.654411947797,0.26270200992684306
22723.179282,-0.0,15873.654411947797,6849.524870052204,0.0,2025-11-26 05:00:00,11,26,5,2025-11-26,night_00_05,15873.654411947797,0.3014333859293187
23861.907559,7083.294517720885,15873.654411947797,904.9586293313178,0.0087693960786126,2025-11-26 06:00:00,11,26,6,2025-11-26,morning_06_09,22956.94892966868,0.03792482336517955
27164.345106,-0.0,15873.654411947797,11290.690694052204,0.0,2025-11-26 17:00:00,11,26,17,2025-11-26,evening_peak_16_20,15873.654411947797,0.41564376575227435
26719.3533399999,-0.0,15873.654411947797,10845.698928052103,0.0,2025-11-26 18:00:00,11,26,18,2025-11-26,evening_peak_16_20,15873.654411947797,0.40591172960071886
26093.790487,-0.0,15873.654411947797,10220.136075052202,0.0,2025-11-26 19:00:00,11,26,19,2025-11-26,evening_peak_16_20,15873.654411947797,0.3916692777978693
25553.38133,-0.0,15873.654411947797,9679.726918052203,0.0,2025-11-26 20:00:00,11,26,20,2025-11-26,evening_peak_16_20,15873.654411947797,0.378804150928084
25290.3075689999,-0.0,15873.654411947797,9416.653157052102,0.0,2025-11-26 21:00:00,11,26,21,2025-11-26,late_evening_21_23,15873.654411947797,0.372342373905913
24536.498989,-0.0,15873.654411947797,8662.844577052203,0.0,2025-11-26 22:00:00,11,26,22,2025-11-26,late_evening_21_23,15873.654411947797,0.35305952087687237
23002.032093,-0.0,15873.654411947797,7128.377681052205,0.0,2025-11-26 23:00:00,11,26,23,2025-11-26,late_evening_21_23,15873.654411947797,0.3099020839650736
22478.879549,-0.0,15873.654411947797,6605.225137052204,0.0,2025-11-27 00:00:00,11,27,0,2025-11-27,night_00_05,15873.654411947797,0.29384138665158893
21383.6253359999,-0.0,15873.654411947797,5509.970924052102,0.0,2025-11-27 01:00:00,11,27,1,2025-11-27,night_00_05,15873.654411947797,0.25767244035911535
20505.979202,-0.0,15873.654411947797,4632.324790052202,0.0,2025-11-27 02:00:00,11,27,2,2025-11-27,night_00_05,15873.654411947797,0.2259011746973975
20179.758934,-0.0,15873.654411947797,4306.104522052205,0.0,2025-11-27 03:00:00,11,27,3,2025-11-27,night_00_05,15873.654411947797,0.21338731231308397
20118.74987,-0.0,15873.654411947797,4245.095458052203,0.0,2025-11-27 04:00:00,11,27,4,2025-11-27,night_00_05,15873.654411947797,0.21100195019484097
20568.756365,-0.0,15873.654411947797,4695.101953052204,0.0,2025-11-27 05:00:00,11,27,5,2025-11-27,night_00_05,15873.654411947797,0.22826377393634922
21305.3164689999,2846.3831724701536,15873.654411947797,2585.278884581949,0.0035239338655821,2025-11-27 06:00:00,11,27,6,2025-11-27,morning_06_09,18720.03758441795,0.12134430804365826
23974.785723,643.9358652473386,15873.654411947797,7457.195445804866,0.0007972178253284,2025-11-27 17:00:00,11,27,17,2025-11-27,evening_peak_16_20,16517.590277195137,0.31104325736062244
23167.860354,-0.0,15873.654411947797,7294.205942052204,0.0,2025-11-27 18:00:00,11,27,18,2025-11-27,evening_peak_16_20,15873.654411947797,0.31484158789798805
22593.3265709999,-0.0,15873.654411947797,6719.672159052103,0.0,2025-11-27 19:00:00,11,27,19,2025-11-27,evening_peak_16_20,15873.654411947797,0.2974184495556873
22435.801135,-0.0,15873.654411947797,6562.146723052205,0.0,2025-11-27 20:00:00,11,27,20,2025-11-27,evening_peak_16_20,15873.654411947797,0.29248550936811485
22526.269834,-0.0,15873.654411947797,6652.615422052202,0.0,2025-11-27 21:00:00,11,27,21,2025-11-27,late_evening_21_23,15873.654411947797,0.29532698804890833
21951.4148189999,-0.0,15873.654411947797,6077.760407052103,0.0,2025-11-27 22:00:00,11,27,22,2025-11-27,late_evening_21_23,15873.654411947797,0.2768732884493412
21123.683125,-0.0,15873.654411947797,5250.028713052203,0.0,2025-11-27 23:00:00,11,27,23,2025-11-27,late_evening_21_23,15873.654411947797,0.24853756241205702
20913.218061,-0.0,15873.654411947797,5039.563649052203,0.0,2025-11-28 00:00:00,11,28,0,2025-11-28,night_00_05,15873.654411947797,0.2409750443166004
20245.484367,-0.0,15873.654411947797,4371.829955052204,0.0,2025-11-28 01:00:00,11,28,1,2025-11-28,night_00_05,15873.654411947797,0.21594099087983573
19724.37697,-0.0,15873.654411947797,3850.7225580522045,0.0,2025-11-28 02:00:00,11,28,2,2025-11-28,night_00_05,15873.654411947797,0.19522657490824685
19439.902582,-0.0,15873.654411947797,3566.248170052202,0.0,2025-11-28 03:00:00,11,28,3,2025-11-28,night_00_05,15873.654411947797,0.1834498992476588
19633.5336289999,-0.0,15873.654411947797,3759.879217052103,0.0,2025-11-28 04:00:00,11,28,4,2025-11-28,night_00_05,15873.654411947797,0.19150293004304314
20478.231944,-0.0,15873.654411947797,4604.5775320522025,0.0,2025-11-28 05:00:00,11,28,5,2025-11-28,night_00_05,15873.654411947797,0.22485229899944154
26129.9768469999,1779.3783329540329,15873.654411947797,8476.94410209807,0.0022029400777191,2025-11-28 17:00:00,11,28,17,2025-11-28,evening_peak_16_20,17653.03274490183,0.32441452787094016
25578.691695,-0.0,15873.654411947797,9705.037283052205,0.0,2025-11-28 18:00:00,11,28,18,2025-11-28,evening_peak_16_20,15873.654411947797,0.3794188302816636
25235.606428,-0.0,15873.654411947797,9361.952016052202,0.0,2025-11-28 19:00:00,11,28,19,2025-11-28,evening_peak_16_20,15873.654411947797,0.3709818522793536
24692.759886,-0.0,15873.654411947797,8819.105474052203,0.0,2025-11-28 20:00:00,11,28,20,2025-11-28,evening_peak_16_20,15873.654411947797,0.35715349417269276
24357.79588,-0.0,15873.654411947797,8484.141468052205,0.0,2025-11-28 21:00:00,11,28,21,2025-11-28,late_evening_21_23,15873.654411947797,0.3483131852261915
23461.259331,-0.0,15873.654411947797,7587.604919052204,0.0,2025-11-28 22:00:00,11,28,22,2025-11-28,late_evening_21_23,15873.654411947797,0.3234099590309074
22319.4169039999,-0.0,15873.654411947797,6445.762492052103,0.0,2025-11-28 23:00:00,11,28,23,2025-11-28,late_evening_21_23,15873.654411947797,0.28879618673626495
21711.3507509999,-0.0,15873.654411947797,5837.696339052103,0.0,2025-11-29 00:00:00,11,29,0,2025-11-29,night_00_05,15873.654411947797,0.2688776210196527
20629.646251,-0.0,15873.654411947797,4755.991839052202,0.0,2025-11-29 01:00:00,11,29,1,2025-11-29,night_00_05,15873.654411947797,0.2305416089634431
19851.647187,-0.0,15873.654411947797,3977.992775052202,0.0,2025-11-29 02:00:00,11,29,2,2025-11-29,night_00_05,15873.654411947797,0.20038603031677998
19564.150861,-0.0,15873.654411947797,3690.4964490522016,0.0,2025-11-29 03:00:00,11,29,3,2025-11-29,night_00_05,15873.654411947797,0.18863565688450054
19615.099317,-0.0,15873.654411947797,3741.4449050522035,0.0,2025-11-29 04:00:00,11,29,4,2025-11-29,night_00_05,15873.654411947797,0.1907431027794782
20180.950069,-0.0,15873.654411947797,4307.295657052202,0.0,2025-11-29 05:00:00,11,29,5,2025-11-29,night_00_05,15873.654411947797,0.21343374035044307
25403.267856,-0.0,15873.654411947797,9529.613444052202,0.0,2025-11-29 17:00:00,11,29,17,2025-11-29,evening_peak_16_20,15873.654411947797,0.3751333685914508
25258.5389269999,-0.0,15873.654411947797,9384.884515052103,0.0,2025-11-29 18:00:00,11,29,18,2025-11-29,evening_peak_16_20,15873.654411947797,0.37155294461708593
24812.278384,-0.0,15873.654411947797,8938.623972052204,0.0,2025-11-29 19:00:00,11,29,19,2025-11-29,evening_peak_16_20,15873.654411947797,0.36025002757571045
24317.916738,-0.0,15873.654411947797,8444.262326052203,0.0,2025-11-29 20:00:00,11,29,20,2025-11-29,evening_peak_16_20,15873.654411947797,0.34724447891775667
24078.268765,-0.0,15873.654411947797,8204.614353052204,0.0,2025-11-29 21:00:00,11,29,21,2025-11-29,late_evening_21_23,15873.654411947797,0.3407476855220743
23204.309515,-0.0,15873.654411947797,7330.655103052204,0.0,2025-11-29 22:00:00,11,29,22,2025-11-29,late_evening_21_23,15873.654411947797,0.31591782975974514
22036.44072,-0.0,15873.654411947797,6162.786308052202,0.0,2025-11-29 23:00:00,11,29,23,2025-11-29,late_evening_21_23,15873.654411947797,0.2796634168992152
21574.355382,-0.0,15873.654411947797,5700.700970052205,0.0,2025-11-30 00:00:00,11,30,0,2025-11-30,night_00_05,15873.654411947797,0.26423505449476536
20718.129294,-0.0,15873.654411947797,4844.474882052202,0.0,2025-11-30 01:00:00,11,30,1,2025-11-30,night_00_05,15873.654411947797,0.23382781395495822
20144.462983,-0.0,15873.654411947797,4270.808571052205,0.0,2025-11-30 02:00:00,11,30,2,2025-11-30,night_00_05,15873.654411947797,0.21200905552341395
19726.027833,-0.0,15873.654411947797,3852.3734210522034,0.0,2025-11-30 03:00:00,11,30,3,2025-11-30,night_00_05,15873.654411947797,0.19529392605882387
19946.548603,-0.0,15873.654411947797,4072.8941910522026,0.0,2025-11-30 04:00:00,11,30,4,2025-11-30,night_00_05,15873.654411947797,0.20419042272003043
20011.590204,-0.0,15873.654411947797,4137.935792052203,0.0,2025-11-30 05:00:00,11,30,5,2025-11-30,night_00_05,15873.654411947797,0.20677696024502318
20959.447799,4529.326665701116,15873.654411947797,556.4667213510884,0.005607483834194,2025-11-30 06:00:00,11,30,6,2025-11-30,morning_06_09,20402.981077648914,0.026549684261130108
26561.193352,2364.208973854963,15873.654411947797,8323.329966197238,0.0029269833200463,2025-11-30 17:00:00,11,30,17,2025-11-30,evening_peak_16_20,18237.86338580276,0.3133643076910364
26239.969556,1679.832691949547,15873.654411947797,8686.482452102657,0.0020796986747697,2025-11-30 18:00:00,11,30,18,2025-11-30,evening_peak_16_20,17553.487103897343,0.331040111672554
25987.116069,-0.0,15873.654411947797,10113.461657052203,0.0,2025-11-30 19:00:00,11,30,19,2025-11-30,evening_peak_16_20,15873.654411947797,0.3891721432343368
25348.237834,-0.0,15873.654411947797,9474.583422052203,0.0,2025-11-30 20:00:00,11,30,20,2025-11-30,evening_peak_16_20,15873.654411947797,0.3737768078435729
24809.212954,-0.0,15873.654411947797,8935.558542052202,0.0,2025-11-30 21:00:00,11,30,21,2025-11-30,late_evening_21_23,15873.654411947797,0.3601709799750628
23674.72223,-0.0,15873.654411947797,7801.067818052203,0.0,2025-11-30 22:00:00,11,30,22,2025-11-30,late_evening_21_23,15873.654411947797,0.32951042644829387
22495.71438,-0.0,15873.654411947797,6622.059968052205,0.0,2025-11-30 23:00:00,11,30,23,2025-11-30,late_evening_21_23,15873.654411947797,0.29436984557110135
22129.847118,-0.0,15873.654411947797,6256.192706052205,0.0,2025-12-01 00:00:00,12,1,0,2025-12-01,night_00_05,15873.654411947797,0.2827038376132086
22231.215175,-0.0,15873.654411947797,6357.5607630522045,0.0,2025-12-01 01:00:00,12,1,1,2025-12-01,night_00_05,15873.654411947797,0.2859745053523465
21492.018423,-0.0,15873.654411947797,5618.364011052205,0.0,2025-12-01 02:00:00,12,1,2,2025-12-01,night_00_05,15873.654411947797,0.261416303507335
21303.491836,-0.0,15873.654411947797,5429.837424052204,0.0,2025-12-01 03:00:00,12,1,3,2025-12-01,night_00_05,15873.654411947797,0.2548801607667208
21569.191828,-0.0,15873.654411947797,5695.537416052202,0.0,2025-12-01 04:00:00,12,1,4,2025-12-01,night_00_05,15873.654411947797,0.26405891613697613
22575.806545,-0.0,15873.654411947797,6702.152133052203,0.0,2025-12-01 05:00:00,12,1,5,2025-12-01,night_00_05,15873.654411947797,0.29687320892358415
24656.679576,3835.617979951616,15873.654411947797,4947.407184100586,0.004748645307391,2025-12-01 06:00:00,12,1,6,2025-12-01,morning_06_09,19709.272391899412,0.20065180183126644
27906.454185,-0.0,15873.654411947797,12032.799773052202,0.0,2025-12-01 17:00:00,12,1,17,2025-12-01,evening_peak_16_20,15873.654411947797,0.4311833991263553
27775.194473,-0.0,15873.654411947797,11901.540061052203,0.0,2025-12-01 18:00:00,12,1,18,2025-12-01,evening_peak_16_20,15873.654411947797,0.4284952918195254
27359.14045,-0.0,15873.654411947797,11485.486038052202,0.0,2025-12-01 19:00:00,12,1,19,2025-12-01,evening_peak_16_20,15873.654411947797,0.4198043450612939
26762.8548759999,-0.0,15873.654411947797,10889.200464052103,0.0,2025-12-01 20:00:00,12,1,20,2025-12-01,evening_peak_16_20,15873.654411947797,0.40687738712872523
26195.144029,-0.0,15873.654411947797,10321.489617052202,0.0,2025-12-01 21:00:00,12,1,21,2025-12-01,late_evening_21_23,15873.654411947797,0.39402301455664973
24781.153952,-0.0,15873.654411947797,8907.499540052204,0.0,2025-12-01 22:00:00,12,1,22,2025-12-01,late_evening_21_23,15873.654411947797,0.35944651961347873
23203.514517,-0.0,15873.654411947797,7329.860105052203,0.0,2025-12-01 23:00:00,12,1,23,2025-12-01,late_evening_21_23,15873.654411947797,0.31589439176043776
22651.380809,-0.0,15873.654411947797,6777.726397052202,0.0,2025-12-02 00:00:00,12,2,0,2025-12-02,night_00_05,15873.654411947797,0.2992191272665916
21911.338776,-0.0,15873.654411947797,6037.684364052204,0.0,2025-12-02 01:00:00,12,2,1,2025-12-02,night_00_05,15873.654411947797,0.2755506829489314
21897.955175,-0.0,15873.654411947797,6024.3007630522025,0.0,2025-12-02 02:00:00,12,2,2,2025-12-02,night_00_05,15873.654411947797,0.2751079137256569
21742.265878,-0.0,15873.654411947797,5868.611466052202,0.0,2025-12-02 03:00:00,12,2,3,2025-12-02,night_00_05,15873.654411947797,0.2699171971763247
21594.606582,-0.0,15873.654411947797,5720.952170052204,0.0,2025-12-02 04:00:00,12,2,4,2025-12-02,night_00_05,15873.654411947797,0.2649250472949507
23048.177545,-0.0,15873.654411947797,7174.523133052202,0.0,2025-12-02 05:00:00,12,2,5,2025-12-02,night_00_05,15873.654411947797,0.31128374983420853
25372.108108,4056.4848709301723,15873.654411947797,5441.968825122031,0.0050220871701848,2025-12-02 06:00:00,12,2,6,2025-12-02,morning_06_09,19930.139282877968,0.21448626980294716
27594.271235,-0.0,15873.654411947797,11720.616823052203,0.0,2025-12-02 17:00:00,12,2,17,2025-12-02,evening_peak_16_20,15873.654411947797,0.42474819223295945
27415.709847,-0.0,15873.654411947797,11542.055435052202,0.0,2025-12-02 18:00:00,12,2,18,2025-12-02,evening_peak_16_20,15873.654411947797,0.4210015169939219
27147.0159309999,-0.0,15873.654411947797,11273.361519052103,0.0,2025-12-02 19:00:00,12,2,19,2025-12-02,evening_peak_16_20,15873.654411947797,0.4152707445896015
26549.5342709999,-0.0,15873.654411947797,10675.879859052102,0.0,2025-12-02 20:00:00,12,2,20,2025-12-02,evening_peak_16_20,15873.654411947797,0.4021117564654753
26167.240894,-0.0,15873.654411947797,10293.586482052202,0.0,2025-12-02 21:00:00,12,2,21,2025-12-02,late_evening_21_23,15873.654411947797,0.3933768379994722
24880.60776,-0.0,15873.654411947797,9006.953348052202,0.0,2025-12-02 22:00:00,12,2,22,2025-12-02,late_evening_21_23,15873.654411947797,0.3620069668286995
23550.421747,-0.0,15873.654411947797,7676.767335052204,0.0,2025-12-02 23:00:00,12,2,23,2025-12-02,late_evening_21_23,15873.654411947797,0.3259715438442251
22986.3574129999,-0.0,15873.654411947797,7112.703001052103,0.0,2025-12-03 00:00:00,12,3,0,2025-12-03,night_00_05,15873.654411947797,0.3094314977034823
22884.4259529999,-0.0,15873.654411947797,7010.771541052103,0.0,2025-12-03 01:00:00,12,3,1,2025-12-03,night_00_05,15873.654411947797,0.3063555780446862
22276.797257,-0.0,15873.654411947797,6403.142845052202,0.0,2025-12-03 02:00:00,12,3,2,2025-12-03,night_00_05,15873.654411947797,0.2874355218652517
21825.550479,-0.0,15873.654411947797,5951.896067052205,0.0,2025-12-03 03:00:00,12,3,3,2025-12-03,night_00_05,15873.654411947797,0.2727031362979353
21910.987974,-0.0,15873.654411947797,6037.333562052203,0.0,2025-12-03 04:00:00,12,3,4,2025-12-03,night_00_05,15873.654411947797,0.2755390842811935
23040.560858,-0.0,15873.654411947797,7166.906446052204,0.0,2025-12-03 05:00:00,12,3,5,2025-12-03,night_00_05,15873.654411947797,0.3110560758577956
25377.625929,2964.5936211628896,15873.654411947797,6539.377895889315,0.0036702830315844,2025-12-03 06:00:00,12,3,6,2025-12-03,morning_06_09,18838.248033110685,0.2576828074534944
27964.701391,-0.0,15873.654411947797,12091.046979052202,0.0,2025-12-03 17:00:00,12,3,17,2025-12-03,evening_peak_16_20,15873.654411947797,0.4323681776535442
27749.2147769999,-0.0,15873.654411947797,11875.560365052102,0.0,2025-12-03 18:00:00,12,3,18,2025-12-03,evening_peak_16_20,15873.654411947797,0.42796023096463365
27442.685147,-0.0,15873.654411947797,11569.030735052203,0.0,2025-12-03 19:00:00,12,3,19,2025-12-03,evening_peak_16_20,15873.654411947797,0.4215706543685983
27165.828187,-0.0,15873.654411947797,11292.173775052202,0.0,2025-12-03 20:00:00,12,3,20,2025-12-03,evening_peak_16_20,15873.654411947797,0.41567566787660043
26542.1858709999,-0.0,15873.654411947797,10668.531459052103,0.0,2025-12-03 21:00:00,12,3,21,2025-12-03,late_evening_21_23,15873.654411947797,0.40194622669373226
25362.251595,-0.0,15873.654411947797,9488.597183052205,0.0,2025-12-03 22:00:00,12,3,22,2025-12-03,late_evening_21_23,15873.654411947797,0.37412282373710143
23764.282607,-0.0,15873.654411947797,7890.628195052204,0.0,2025-12-03 23:00:00,12,3,23,2025-12-03,late_evening_21_23,15873.654411947797,0.332037298391997
23174.673057,-0.0,15873.654411947797,7301.018645052203,0.0,2025-12-04 00:00:00,12,4,0,2025-12-04,night_00_05,15873.654411947797,0.31504300522793793
22527.591219,-0.0,15873.654411947797,6653.936807052205,0.0,2025-12-04 01:00:00,12,4,1,2025-12-04,night_00_05,15873.654411947797,0.2953683215558442
22310.800046,-0.0,15873.654411947797,6437.145634052204,0.0,2025-12-04 02:00:00,12,4,2,2025-12-04,night_00_05,15873.654411947797,0.2885215062113512
22256.859357,-0.0,15873.654411947797,6383.2049450522045,0.0,2025-12-04 03:00:00,12,4,3,2025-12-04,night_00_05,15873.654411947797,0.2867972000301392
21953.062647,-0.0,15873.654411947797,6079.408235052202,0.0,2025-12-04 04:00:00,12,4,4,2025-12-04,night_00_05,15873.654411947797,0.2769275673653209
23642.841618,-0.0,15873.654411947797,7769.187206052202,0.0,2025-12-04 05:00:00,12,4,5,2025-12-04,night_00_05,15873.654411947797,0.32860632116814964
25632.727121,2812.1643583749074,15873.654411947797,6946.908350677296,0.0034815696333183,2025-12-04 06:00:00,12,4,6,2025-12-04,morning_06_09,18685.818770322705,0.27101713828123797
27960.863777,653.2682690915041,15873.654411947797,11433.941095960698,0.0008087717068549,2025-12-04 17:00:00,12,4,17,2025-12-04,evening_peak_16_20,16526.9226810393,0.40892660495581723
27848.675275,59.10522434637548,15873.654411947797,11915.91563870583,7.317458300115923e-05,2025-12-04 18:00:00,12,4,18,2025-12-04,evening_peak_16_20,15932.759636294171,0.4278808783914706
28014.4453059999,-0.0,15873.654411947797,12140.790894052103,0.0,2025-12-04 19:00:00,12,4,19,2025-12-04,evening_peak_16_20,15873.654411947797,0.4333760944198274
27243.7856259999,-0.0,15873.654411947797,11370.131214052102,0.0,2025-12-04 20:00:00,12,4,20,2025-12-04,evening_peak_16_20,15873.654411947797,0.41734769793523496
26793.0603869999,-0.0,15873.654411947797,10919.405975052103,0.0,2025-12-04 21:00:00,12,4,21,2025-12-04,late_evening_21_23,15873.654411947797,0.40754605175115577
25472.233527,-0.0,15873.654411947797,9598.579115052204,0.0,2025-12-04 22:00:00,12,4,22,2025-12-04,late_evening_21_23,15873.654411947797,0.3768251851522138
23730.696966,-0.0,15873.654411947797,7857.042554052203,0.0,2025-12-04 23:00:00,12,4,23,2025-12-04,late_evening_21_23,15873.654411947797,0.33109194244523577
23136.09548,-0.0,15873.654411947797,7262.441068052203,0.0,2025-12-05 00:00:00,12,5,0,2025-12-05,night_00_05,15873.654411947797,0.3139008945710058
22245.527044,-0.0,15873.654411947797,6371.872632052202,0.0,2025-12-05 01:00:00,12,5,1,2025-12-05,night_00_05,15873.654411947797,0.28643388036835954
21894.2434819999,-0.0,15873.654411947797,6020.589070052103,0.0,2025-12-05 02:00:00,12,5,2,2025-12-05,night_00_05,15873.654411947797,0.2749850240316301
21528.00363,-0.0,15873.654411947797,5654.349218052203,0.0,2025-12-05 03:00:00,12,5,3,2025-12-05,night_00_05,15873.654411947797,0.26265088557364774
21848.542035,-0.0,15873.654411947797,5974.887623052202,0.0,2025-12-05 04:00:00,12,5,4,2025-12-05,night_00_05,15873.654411947797,0.2734684819463379
23071.2249119999,-0.0,15873.654411947797,7197.570500052103,0.0,2025-12-05 05:00:00,12,5,5,2025-12-05,night_00_05,15873.654411947797,0.31197175388414133
25246.97669,2382.873781543294,15873.654411947797,6990.448496508909,0.0029500910830993,2025-12-05 06:00:00,12,5,6,2025-12-05,morning_06_09,18256.52819349109,0.27688259795786696
27653.71322,706.1518908750817,15873.654411947797,11073.906917177123,0.0008742437021717,2025-12-05 17:00:00,12,5,17,2025-12-05,evening_peak_16_20,16579.80630282288,0.40044918485551295
27295.6182229999,1067.0048395161207,15873.654411947797,10354.958971535982,0.001320993787863,2025-12-05 18:00:00,12,5,18,2025-12-05,evening_peak_16_20,16940.659251463916,0.3793634160229667
26800.81138,1119.888461299698,15873.654411947797,9807.268506752505,0.0013864657831798,2025-12-05 19:00:00,12,5,19,2025-12-05,evening_peak_16_20,16993.542873247494,0.36593177600851073
26562.743558,1088.7804484857863,15873.654411947797,9600.308697566416,0.0013479528447581,2025-12-05 20:00:00,12,5,20,2025-12-05,evening_peak_16_20,16962.434860433583,0.36142007231308965
26288.774616,905.2431728838918,15873.654411947797,9509.877031168311,0.0011207265080703,2025-12-05 21:00:00,12,5,21,2025-12-05,late_evening_21_23,16778.897584831688,0.3617466835209719
25221.751637,634.6034614031731,15873.654411947797,8713.493763649032,0.0007856639438019,2025-12-05 22:00:00,12,5,22,2025-12-05,late_evening_21_23,16508.25787335097,0.34547536146801333
24051.69845,656.3790703728387,15873.654411947797,7521.664967679364,0.000812623000697,2025-12-05 23:00:00,12,5,23,2025-12-05,late_evening_21_23,16530.033482320636,0.3127290566741395
23440.902988,631.4926601217576,15873.654411947797,6935.755915930447,0.0007818126499597,2025-12-06 00:00:00,12,6,0,2025-12-06,night_00_05,16505.147072069554,0.295882625318702
22550.791699,597.273846026511,15873.654411947797,6079.863441025694,0.0007394484176959,2025-12-06 01:00:00,12,6,1,2025-12-06,night_00_05,16470.92825797431,0.26960753849255326
21614.723753,597.273846026511,15873.654411947797,5143.795495025691,0.0007394484176959,2025-12-06 02:00:00,12,6,2,2025-12-06,night_00_05,16470.92825797431,0.23797646242468223
21208.481565,597.273846026511,15873.654411947797,4737.553307025691,0.0007394484176959,2025-12-06 03:00:00,12,6,3,2025-12-06,night_00_05,16470.92825797431,0.2233801270735004
21410.415149,597.273846026511,15873.654411947797,4939.486891025693,0.0007394484176959,2025-12-06 04:00:00,12,6,4,2025-12-06,night_00_05,16470.92825797431,0.23070486287401099
21776.531276,625.2710575590075,15873.654411947797,5277.605806493198,0.0007741100622754,2025-12-06 05:00:00,12,6,5,2025-12-06,night_00_05,16498.925469506805,0.24235291376775267
22658.976998,3963.1608324885174,15873.654411947797,2822.161753563684,0.0049065483549198,2025-12-06 06:00:00,12,6,6,2025-12-06,morning_06_09,19836.815244436315,0.12454938957803714
26238.4197829999,-0.0,15873.654411947797,10364.765371052103,0.0,2025-12-06 17:00:00,12,6,17,2025-12-06,evening_peak_16_20,15873.654411947797,0.3950224692177356
25799.972688,-0.0,15873.654411947797,9926.318276052205,0.0,2025-12-06 18:00:00,12,6,18,2025-12-06,evening_peak_16_20,15873.654411947797,0.3847414257406986
25520.347577,-0.0,15873.654411947797,9646.693165052204,0.0,2025-12-06 19:00:00,12,6,19,2025-12-06,evening_peak_16_20,15873.654411947797,0.3780000697853428
25263.731656,-0.0,15873.654411947797,9390.077244052203,0.0,2025-12-06 20:00:00,12,6,20,2025-12-06,evening_peak_16_20,15873.654411947797,0.3716821161620481
25285.39823,-0.0,15873.654411947797,9411.743818052202,0.0,2025-12-06 21:00:00,12,6,21,2025-12-06,late_evening_21_23,15873.654411947797,0.3722205097361523
24416.947244,-0.0,15873.654411947797,8543.292832052202,0.0,2025-12-06 22:00:00,12,6,22,2025-12-06,late_evening_21_23,15873.654411947797,0.3498919314801548
23269.149007,-0.0,15873.654411947797,7395.494595052203,0.0,2025-12-06 23:00:00,12,6,23,2025-12-06,late_evening_21_23,15873.654411947797,0.31782402497089324
22547.4233949999,-0.0,15873.654411947797,6673.768983052103,0.0,2025-12-07 00:00:00,12,7,0,2025-12-07,night_00_05,15873.654411947797,0.2959880987790416
21757.214922,-0.0,15873.654411947797,5883.5605100522025,0.0,2025-12-07 01:00:00,12,7,1,2025-12-07,night_00_05,15873.654411947797,0.2704188257157394
21146.418392,-0.0,15873.654411947797,5272.763980052203,0.0,2025-12-07 02:00:00,12,7,2,2025-12-07,night_00_05,15873.654411947797,0.24934548642274887
20608.81592,-0.0,15873.654411947797,4735.161508052204,0.0,2025-12-07 03:00:00,12,7,3,2025-12-07,night_00_05,15873.654411947797,0.22976388000326242
20628.6151249999,-0.0,15873.654411947797,4754.960713052102,0.0,2025-12-07 04:00:00,12,7,4,2025-12-07,night_00_05,15873.654411947797,0.2305031474114589
21004.265999,-0.0,15873.654411947797,5130.611587052203,0.0,2025-12-07 05:00:00,12,7,5,2025-12-07,night_00_05,15873.654411947797,0.24426521675627552
21659.56918,2183.782499534484,15873.654411947797,3602.132268517718,0.0027036082772007,2025-12-07 06:00:00,12,7,6,2025-12-07,morning_06_09,18057.43691148228,0.1663067366937221
26389.18903,-0.0,15873.654411947797,10515.534618052205,0.0,2025-12-07 17:00:00,12,7,17,2025-12-07,evening_peak_16_20,15873.654411947797,0.39847888489857863
26508.248879,-0.0,15873.654411947797,10634.594467052202,0.0,2025-12-07 18:00:00,12,7,18,2025-12-07,evening_peak_16_20,15873.654411947797,0.4011805727188941
26253.030284,-0.0,15873.654411947797,10379.375872052204,0.0,2025-12-07 19:00:00,12,7,19,2025-12-07,evening_peak_16_20,15873.654411947797,0.39535915510591363
25905.39148,-0.0,15873.654411947797,10031.737068052202,0.0,2025-12-07 20:00:00,12,7,20,2025-12-07,evening_peak_16_20,15873.654411947797,0.3872451445405527
25465.895224,-0.0,15873.654411947797,9592.240812052203,0.0,2025-12-07 21:00:00,12,7,21,2025-12-07,late_evening_21_23,15873.654411947797,0.3766700808150707
24087.16257,-0.0,15873.654411947797,8213.508158052204,0.0,2025-12-07 22:00:00,12,7,22,2025-12-07,late_evening_21_23,15873.654411947797,0.3409911040448549
22842.344805,-0.0,15873.654411947797,6968.690393052204,0.0,2025-12-07 23:00:00,12,7,23,2025-12-07,late_evening_21_23,15873.654411947797,0.3050777165191384
22332.427836,-0.0,15873.654411947797,6458.773424052202,0.0,2025-12-08 00:00:00,12,8,0,2025-12-08,night_00_05,15873.654411947797,0.289210535974088
21877.377314,-0.0,15873.654411947797,6003.7229020522045,0.0,2025-12-08 01:00:00,12,8,1,2025-12-08,night_00_05,15873.654411947797,0.27442608023267206
21578.844605,-0.0,15873.654411947797,5705.190193052202,0.0,2025-12-08 02:00:00,12,8,2,2025-12-08,night_00_05,15873.654411947797,0.26438812167590575
21640.029204,-0.0,15873.654411947797,5766.374792052202,0.0,2025-12-08 03:00:00,12,8,3,2025-12-08,night_00_05,15873.654411947797,0.2664679764381432
21650.101142,-0.0,15873.654411947797,5776.446730052203,0.0,2025-12-08 04:00:00,12,8,4,2025-12-08,night_00_05,15873.654411947797,0.2668092260708296
23201.171751,-0.0,15873.654411947797,7327.517339052205,0.0,2025-12-08 05:00:00,12,8,5,2025-12-08,night_00_05,15873.654411947797,0.31582531338040626
25348.903542,1978.4696149628433,15873.654411947797,7496.77951508936,0.0024494228836177,2025-12-08 06:00:00,12,8,6,2025-12-08,morning_06_09,17852.12402691064,0.29574373908000096
28707.7216869999,-0.0,15873.654411947797,12834.067275052103,0.0,2025-12-08 17:00:00,12,8,17,2025-12-08,evening_peak_16_20,15873.654411947797,0.4470597637451642
28577.8116509999,-0.0,15873.654411947797,12704.157239052105,0.0,2025-12-08 18:00:00,12,8,18,2025-12-08,evening_peak_16_20,15873.654411947797,0.4445461882875697
28067.951554,-0.0,15873.654411947797,12194.297142052203,0.0,2025-12-08 19:00:00,12,8,19,2025-12-08,evening_peak_16_20,15873.654411947797,0.4344562558686039
27547.330427,-0.0,15873.654411947797,11673.676015052204,0.0,2025-12-08 20:00:00,12,8,20,2025-12-08,evening_peak_16_20,15873.654411947797,0.42376795987499644
26781.906568,-0.0,15873.654411947797,10908.252156052202,0.0,2025-12-08 21:00:00,12,8,21,2025-12-08,late_evening_21_23,15873.654411947797,0.4072993133762098
25200.067581,-0.0,15873.654411947797,9326.413169052203,0.0,2025-12-08 22:00:00,12,8,22,2025-12-08,late_evening_21_23,15873.654411947797,0.3700947681618125
23988.629795,-0.0,15873.654411947797,8114.975383052204,0.0,2025-12-08 23:00:00,12,8,23,2025-12-08,late_evening_21_23,15873.654411947797,0.3382842393417412
23004.7586339999,-0.0,15873.654411947797,7131.104222052103,0.0,2025-12-09 00:00:00,12,9,0,2025-12-09,night_00_05,15873.654411947797,0.3099838748802468
22466.886303,-0.0,15873.654411947797,6593.231891052203,0.0,2025-12-09 01:00:00,12,9,1,2025-12-09,night_00_05,15873.654411947797,0.29346442591699096
21991.7826629999,-0.0,15873.654411947797,6118.128251052103,0.0,2025-12-09 02:00:00,12,9,2,2025-12-09,night_00_05,15873.654411947797,0.2782006508888229
21749.191178,-0.0,15873.654411947797,5875.536766052204,0.0,2025-12-09 03:00:00,12,9,3,2025-12-09,night_00_05,15873.654411947797,0.27014966754237263
21852.583015,-0.0,15873.654411947797,5978.9286030522035,0.0,2025-12-09 04:00:00,12,9,4,2025-12-09,night_00_05,15873.654411947797,0.2736028321662552
23226.658979,-0.0,15873.654411947797,7353.004567052203,0.0,2025-12-09 05:00:00,12,9,5,2025-12-09,night_00_05,15873.654411947797,0.3165760763827592
25387.779643,2059.350448278917,15873.654411947797,7454.774782773287,0.002549556523514,2025-12-09 06:00:00,12,9,6,2025-12-09,morning_06_09,17933.004860226712,0.2936363434534828
28963.699919,-0.0,15873.654411947797,13090.045507052202,0.0,2025-12-09 17:00:00,12,9,17,2025-12-09,evening_peak_16_20,15873.654411947797,0.45194659327571673
28759.261086,-0.0,15873.654411947797,12885.606674052202,0.0,2025-12-09 18:00:00,12,9,18,2025-12-09,evening_peak_16_20,15873.654411947797,0.44805068654301805
28152.915545,-0.0,15873.654411947797,12279.261133052203,0.0,2025-12-09 19:00:00,12,9,19,2025-12-09,evening_peak_16_20,15873.654411947797,0.43616303659295486
27629.9879029999,-0.0,15873.654411947797,11756.333491052103,0.0,2025-12-09 20:00:00,12,9,20,2025-12-09,evening_peak_16_20,15873.654411947797,0.42549180739147807
26949.829273,-0.0,15873.654411947797,11076.174861052203,0.0,2025-12-09 21:00:00,12,9,21,2025-12-09,late_evening_21_23,15873.654411947797,0.4109923943803606
25699.959679,-0.0,15873.654411947797,9826.305267052203,0.0,2025-12-09 22:00:00,12,9,22,2025-12-09,late_evening_21_23,15873.654411947797,0.38234710831400615
23971.721208,-0.0,15873.654411947797,8098.066796052202,0.0,2025-12-09 23:00:00,12,9,23,2025-12-09,late_evening_21_23,15873.654411947797,0.33781749444631715
23177.105503,-0.0,15873.654411947797,7303.451091052202,0.0,2025-12-10 00:00:00,12,10,0,2025-12-10,night_00_05,15873.654411947797,0.315114891723941
22456.628364,-0.0,15873.654411947797,6582.9739520522035,0.0,2025-12-10 01:00:00,12,10,1,2025-12-10,night_00_05,15873.654411947797,0.29314168829570625
22015.8062,-0.0,15873.654411947797,6142.151788052202,0.0,2025-12-10 02:00:00,12,10,2,2025-12-10,night_00_05,15873.654411947797,0.27898827470838666
21806.44152,-0.0,15873.654411947797,5932.787108052204,0.0,2025-12-10 03:00:00,12,10,3,2025-12-10,night_00_05,15873.654411947797,0.2720658069135621
21764.790588,-0.0,15873.654411947797,5891.136176052203,0.0,2025-12-10 04:00:00,12,10,4,2025-12-10,night_00_05,15873.654411947797,0.2706727708788651
23128.899428,-0.0,15873.654411947797,7255.245016052204,0.0,2025-12-10 05:00:00,12,10,5,2025-12-10,night_00_05,15873.654411947797,0.31368742981643805
25177.42686,1633.1706727287196,15873.654411947797,7670.601775323483,0.0020219292671372,2025-12-10 06:00:00,12,10,6,2025-12-10,morning_06_09,17506.825084676515,0.3046618631036501
28914.985198,-0.0,15873.654411947797,13041.330786052202,0.0,2025-12-10 17:00:00,12,10,17,2025-12-10,evening_peak_16_20,15873.654411947797,0.4510232565138663
28573.732144,-0.0,15873.654411947797,12700.077732052205,0.0,2025-12-10 18:00:00,12,10,18,2025-12-10,evening_peak_16_20,15873.654411947797,0.44446688546140817
28133.6067439999,-0.0,15873.654411947797,12259.952332052102,0.0,2025-12-10 19:00:00,12,10,19,2025-12-10,evening_peak_16_20,15873.654411947797,0.4357760611218753
27626.781644,-0.0,15873.654411947797,11753.127232052202,0.0,2025-12-10 20:00:00,12,10,20,2025-12-10,evening_peak_16_20,15873.654411947797,0.42542513215992905
26897.1747019999,-0.0,15873.654411947797,11023.520290052102,0.0,2025-12-10 21:00:00,12,10,21,2025-12-10,late_evening_21_23,15873.654411947797,0.4098393385991007
25467.51099,-0.0,15873.654411947797,9593.856578052202,0.0,2025-12-10 22:00:00,12,10,22,2025-12-10,late_evening_21_23,15873.654411947797,0.37670962748653763
24126.761542,-0.0,15873.654411947797,8253.107130052204,0.0,2025-12-10 23:00:00,12,10,23,2025-12-10,late_evening_21_23,15873.654411947797,0.34207272765079344
23445.420336,-0.0,15873.654411947797,7571.7659240522025,0.0,2025-12-11 00:00:00,12,11,0,2025-12-11,night_00_05,15873.654411947797,0.32295287589388616
22732.305067,-0.0,15873.654411947797,6858.6506550522045,0.0,2025-12-11 01:00:00,12,11,1,2025-12-11,night_00_05,15873.654411947797,0.30171382245827594
22226.85588,-0.0,15873.654411947797,6353.2014680522025,0.0,2025-12-11 02:00:00,12,11,2,2025-12-11,night_00_05,15873.654411947797,0.2858344654031294
21868.2307,-0.0,15873.654411947797,5994.576288052203,0.0,2025-12-11 03:00:00,12,11,3,2025-12-11,night_00_05,15873.654411947797,0.27412260142528144
22032.937566,-0.0,15873.654411947797,6159.283154052204,0.0,2025-12-11 04:00:00,12,11,4,2025-12-11,night_00_05,15873.654411947797,0.2795488860984595
23106.618338,-0.0,15873.654411947797,7232.9639260522035,0.0,2025-12-11 05:00:00,12,11,5,2025-12-11,night_00_05,15873.654411947797,0.31302563708152953
25112.176346,1415.4145830315788,15873.654411947797,7823.107351020624,0.0017523386981856,2025-12-11 06:00:00,12,11,6,2025-12-11,morning_06_09,17289.068994979374,0.3115264580509658
28819.008436,-0.0,15873.654411947797,12945.354024052203,0.0,2025-12-11 17:00:00,12,11,17,2025-12-11,evening_peak_16_20,15873.654411947797,0.44919498367893823
28494.224613,-0.0,15873.654411947797,12620.570201052202,0.0,2025-12-11 18:00:00,12,11,18,2025-12-11,evening_peak_16_20,15873.654411947797,0.4429167795390468
28067.985672,-0.0,15873.654411947797,12194.331260052202,0.0,2025-12-11 19:00:00,12,11,19,2025-12-11,evening_peak_16_20,15873.654411947797,0.43445694331449647
27509.146091,-0.0,15873.654411947797,11635.491679052202,0.0,2025-12-11 20:00:00,12,11,20,2025-12-11,evening_peak_16_20,15873.654411947797,0.42296811542467017
26917.986548,-0.0,15873.654411947797,11044.332136052204,0.0,2025-12-11 21:00:00,12,11,21,2025-12-11,late_evening_21_23,15873.654411947797,0.4102956258023985
25623.963301,-0.0,15873.654411947797,9750.308889052203,0.0,2025-12-11 22:00:00,12,11,22,2025-12-11,late_evening_21_23,15873.654411947797,0.38051525341794756
24057.698937,-0.0,15873.654411947797,8184.044525052204,0.0,2025-12-11 23:00:00,12,11,23,2025-12-11,late_evening_21_23,15873.654411947797,0.3401840112175232
23196.0479189999,-0.0,15873.654411947797,7322.393507052102,0.0,2025-12-12 00:00:00,12,12,0,2025-12-12,night_00_05,15873.654411947797,0.3156741843533753
22416.507586,-0.0,15873.654411947797,6542.853174052203,0.0,2025-12-12 01:00:00,12,12,1,2025-12-12,night_00_05,15873.654411947797,0.29187656234811865
22248.764692,-0.0,15873.654411947797,6375.110280052204,0.0,2025-12-12 02:00:00,12,12,2,2025-12-12,night_00_05,15873.654411947797,0.28653771875903317
21906.80981,-0.0,15873.654411947797,6033.155398052202,0.0,2025-12-12 03:00:00,12,12,3,2025-12-12,night_00_05,15873.654411947797,0.275400911879839
21678.480134,-0.0,15873.654411947797,5804.825722052205,0.0,2025-12-12 04:00:00,12,12,4,2025-12-12,night_00_05,15873.654411947797,0.26776903575209854
22962.568324,-0.0,15873.654411947797,7088.913912052203,0.0,2025-12-12 05:00:00,12,12,5,2025-12-12,night_00_05,15873.654411947797,0.30871607269832346
25072.763423,1337.6445509968391,15873.654411947797,7861.464460055365,0.0016560563521314,2025-12-12 06:00:00,12,12,6,2025-12-12,morning_06_09,17211.298962944635,0.3135459912186547
28221.137452,-0.0,15873.654411947797,12347.483040052202,0.0,2025-12-12 17:00:00,12,12,17,2025-12-12,evening_peak_16_20,15873.654411947797,0.4375260586520814
27783.634993,-0.0,15873.654411947797,11909.980581052203,0.0,2025-12-12 18:00:00,12,12,18,2025-12-12,evening_peak_16_20,15873.654411947797,0.4286689118991408
27207.450866,-0.0,15873.654411947797,11333.796454052203,0.0,2025-12-12 19:00:00,12,12,19,2025-12-12,evening_peak_16_20,15873.654411947797,0.4165695827173419
26830.09406,-0.0,15873.654411947797,10956.439648052203,0.0,2025-12-12 20:00:00,12,12,20,2025-12-12,evening_peak_16_20,15873.654411947797,0.40836381801533655
26417.085262,-0.0,15873.654411947797,10543.430850052204,0.0,2025-12-12 21:00:00,12,12,21,2025-12-12,late_evening_21_23,15873.654411947797,0.3991140864135582
25330.642422,-0.0,15873.654411947797,9456.988010052204,0.0,2025-12-12 22:00:00,12,12,22,2025-12-12,late_evening_21_23,15873.654411947797,0.37334181472786826
24057.172906,-0.0,15873.654411947797,8183.518494052203,0.0,2025-12-12 23:00:00,12,12,23,2025-12-12,late_evening_21_23,15873.654411947797,0.340169583767309
23274.609778,-0.0,15873.654411947797,7400.9553660522015,0.0,2025-12-13 00:00:00,12,13,0,2025-12-13,night_00_05,15873.654411947797,0.3179840795031439
22410.919109,-0.0,15873.654411947797,6537.264697052202,0.0,2025-12-13 01:00:00,12,13,1,2025-12-13,night_00_05,15873.654411947797,0.29169998183728674
21523.635637,-0.0,15873.654411947797,5649.981225052203,0.0,2025-12-13 02:00:00,12,13,2,2025-12-13,night_00_05,15873.654411947797,0.26250124841082406
21132.964067,-0.0,15873.654411947797,5259.309655052204,0.0,2025-12-13 03:00:00,12,13,3,2025-12-13,night_00_05,15873.654411947797,0.2488675813945491
21088.41638,-0.0,15873.654411947797,5214.761968052202,0.0,2025-12-13 04:00:00,12,13,4,2025-12-13,night_00_05,15873.654411947797,0.24728087088596276
21665.319657,-0.0,15873.654411947797,5791.665245052203,0.0,2025-12-13 05:00:00,12,13,5,2025-12-13,night_00_05,15873.654411947797,0.26732424615673434
22634.143684,762.1463139400746,15873.654411947797,5998.342958112127,0.0009435669913307,2025-12-13 06:00:00,12,13,6,2025-12-13,morning_06_09,16635.80072588787,0.26501302818680683
26289.579776,-0.0,15873.654411947797,10415.925364052202,0.0,2025-12-13 17:00:00,12,13,17,2025-12-13,evening_peak_16_20,15873.654411947797,0.39619976632570586
26092.879629,-0.0,15873.654411947797,10219.225217052202,0.0,2025-12-13 18:00:00,12,13,18,2025-12-13,evening_peak_16_20,15873.654411947797,0.39164804200815034
25780.582636,-0.0,15873.654411947797,9906.928224052202,0.0,2025-12-13 19:00:00,12,13,19,2025-12-13,evening_peak_16_20,15873.654411947797,0.3842786784119522
25596.464156,-0.0,15873.654411947797,9722.809744052201,0.0,2025-12-13 20:00:00,12,13,20,2025-12-13,evening_peak_16_20,15873.654411947797,0.3798497200549125
25305.500277,-0.0,15873.654411947797,9431.845865052202,0.0,2025-12-13 21:00:00,12,13,21,2025-12-13,late_evening_21_23,15873.654411947797,0.37271920182604507
24408.9178,-0.0,15873.654411947797,8535.263388052203,0.0,2025-12-13 22:00:00,12,13,22,2025-12-13,late_evening_21_23,15873.654411947797,0.3496780749555477
23160.124283,-0.0,15873.654411947797,7286.469871052204,0.0,2025-12-13 23:00:00,12,13,23,2025-12-13,late_evening_21_23,15873.654411947797,0.31461272754916175
22624.3127479999,-0.0,15873.654411947797,6750.658336052102,0.0,2025-12-14 00:00:00,12,14,0,2025-12-14,night_00_05,15873.654411947797,0.2983807027088102
21681.2998129999,-0.0,15873.654411947797,5807.645401052103,0.0,2025-12-14 01:00:00,12,14,1,2025-12-14,night_00_05,15873.654411947797,0.2678642632657058
21183.9899359999,-0.0,15873.654411947797,5310.335524052103,0.0,2025-12-14 02:00:00,12,14,2,2025-12-14,night_00_05,15873.654411947797,0.2506768337832224
20620.033768,-0.0,15873.654411947797,4746.3793560522045,0.0,2025-12-14 03:00:00,12,14,3,2025-12-14,night_00_05,15873.654411947797,0.23018290898330426
20432.667466,-0.0,15873.654411947797,4559.013054052202,0.0,2025-12-14 04:00:00,12,14,4,2025-12-14,night_00_05,15873.654411947797,0.2231237336798247
20725.517089,-0.0,15873.654411947797,4851.862677052204,0.0,2025-12-14 05:00:00,12,14,5,2025-12-14,night_00_05,15873.654411947797,0.23410092284873868
21461.923924,815.0299357236522,15873.654411947797,4773.239576328549,0.0010090389866475,2025-12-14 06:00:00,12,14,6,2025-12-14,morning_06_09,16688.68434767145,0.22240501798586795
26886.997579,124.43205125548612,15873.654411947797,10888.911115796716,0.0001540517536866,2025-12-14 17:00:00,12,14,17,2025-12-14,evening_peak_16_20,15998.086463203283,0.40498799034003946
26902.575912,-0.0,15873.654411947797,11028.921500052204,0.0,2025-12-14 18:00:00,12,14,18,2025-12-14,evening_peak_16_20,15873.654411947797,0.40995782471271497
26661.0488029999,-0.0,15873.654411947797,10787.394391052103,0.0,2025-12-14 19:00:00,12,14,19,2025-12-14,evening_peak_16_20,15873.654411947797,0.40461252934049263
26311.877318,-0.0,15873.654411947797,10438.222906052202,0.0,2025-12-14 20:00:00,12,14,20,2025-12-14,evening_peak_16_20,15873.654411947797,0.3967114463136918
25754.0185789999,-0.0,15873.654411947797,9880.364167052105,0.0,2025-12-14 21:00:00,12,14,21,2025-12-14,late_evening_21_23,15873.654411947797,0.3836435908727913
24729.630774,-0.0,15873.654411947797,8855.976362052204,0.0,2025-12-14 22:00:00,12,14,22,2025-12-14,late_evening_21_23,15873.654411947797,0.35811195253926376
23118.125287,-0.0,15873.654411947797,7244.470875052202,0.0,2025-12-14 23:00:00,12,14,23,2025-12-14,late_evening_21_23,15873.654411947797,0.313367575662633
22440.991975,-0.0,15873.654411947797,6567.337563052204,0.0,2025-12-15 00:00:00,12,15,0,2025-12-15,night_00_05,15873.654411947797,0.29264916499094307
21802.544765,-0.0,15873.654411947797,5928.890353052202,0.0,2025-12-15 01:00:00,12,15,1,2025-12-15,night_00_05,15873.654411947797,0.27193570369684333
21792.146414,-0.0,15873.654411947797,5918.492002052202,0.0,2025-12-15 02:00:00,12,15,2,2025-12-15,night_00_05,15873.654411947797,0.27158830018918956
21358.040139,-0.0,15873.654411947797,5484.385727052204,0.0,2025-12-15 03:00:00,12,15,3,2025-12-15,night_00_05,15873.654411947797,0.25678319224794693
21688.275208,-0.0,15873.654411947797,5814.620796052202,0.0,2025-12-15 04:00:00,12,15,4,2025-12-15,night_00_05,15873.654411947797,0.26809973316400026
22904.70514,-0.0,15873.654411947797,7031.0507280522015,0.0,2025-12-15 05:00:00,12,15,5,2025-12-15,night_00_05,15873.654411947797,0.3069697114665499
25022.512781,799.4759293167366,15873.654411947797,8349.382439735467,0.0009897825174367,2025-12-15 06:00:00,12,15,6,2025-12-15,morning_06_09,16673.130341264532,0.33367481966380647
28933.174347,-0.0,15873.654411947797,13059.519935052203,0.0,2025-12-15 17:00:00,12,15,17,2025-12-15,evening_peak_16_20,15873.654411947797,0.45136837660560075
28818.970425,-0.0,15873.654411947797,12945.316013052203,0.0,2025-12-15 18:00:00,12,15,18,2025-12-15,evening_peak_16_20,15873.654411947797,0.4491942571904771
28429.835787,-0.0,15873.654411947797,12556.181375052203,0.0,2025-12-15 19:00:00,12,15,19,2025-12-15,evening_peak_16_20,15873.654411947797,0.44165507916136887
27875.4726099999,-0.0,15873.654411947797,12001.818198052102,0.0,2025-12-15 20:00:00,12,15,20,2025-12-15,evening_peak_16_20,15873.654411947797,0.4305512005470585
27250.593925,-0.0,15873.654411947797,11376.939513052204,0.0,2025-12-15 21:00:00,12,15,21,2025-12-15,late_evening_21_23,15873.654411947797,0.4174932680133211
25689.11663,-0.0,15873.654411947797,9815.462218052204,0.0,2025-12-15 22:00:00,12,15,22,2025-12-15,late_evening_21_23,15873.654411947797,0.3820864048937211
24300.7829399999,-0.0,15873.654411947797,8427.128528052102,0.0,2025-12-15 23:00:00,12,15,23,2025-12-15,late_evening_21_23,15873.654411947797,0.3467842393744758
23527.59474,-0.0,15873.654411947797,7653.940328052204,0.0,2025-12-16 00:00:00,12,16,0,2025-12-16,night_00_05,15873.654411947797,0.32531758612109635
22473.63915,-0.0,15873.654411947797,6599.984738052202,0.0,2025-12-16 01:00:00,12,16,1,2025-12-16,night_00_05,15873.654411947797,0.2936767247173764
22153.63625,-0.0,15873.654411947797,6279.981838052203,0.0,2025-12-16 02:00:00,12,16,2,2025-12-16,night_00_05,15873.654411947797,0.2834740882798508
21870.2986299999,-0.0,15873.654411947797,5996.644218052103,0.0,2025-12-16 03:00:00,12,16,3,2025-12-16,night_00_05,15873.654411947797,0.2741912362287725
21791.21495,-0.0,15873.654411947797,5917.560538052205,0.0,2025-12-16 04:00:00,12,16,4,2025-12-16,night_00_05,15873.654411947797,0.2715571642806545
23088.9592209999,-0.0,15873.654411947797,7215.304809052102,0.0,2025-12-16 05:00:00,12,16,5,2025-12-16,night_00_05,15873.654411947797,0.3125002188270847
25277.170527,808.8083331609021,15873.654411947797,8594.7077818913,0.0010013363989632,2025-12-16 06:00:00,12,16,6,2025-12-16,morning_06_09,16682.4627451087,0.3400185860482604
28516.539636,-0.0,15873.654411947797,12642.885224052205,0.0,2025-12-16 17:00:00,12,16,17,2025-12-16,evening_peak_16_20,15873.654411947797,0.44335271338783006
28339.393474,-0.0,15873.654411947797,12465.739062052204,0.0,2025-12-16 18:00:00,12,16,18,2025-12-16,evening_peak_16_20,15873.654411947797,0.4398731777195199
27843.198097,-0.0,15873.654411947797,11969.543685052204,0.0,2025-12-16 19:00:00,12,16,19,2025-12-16,evening_peak_16_20,15873.654411947797,0.42989112254105166
27406.725007,-0.0,15873.654411947797,11533.070595052204,0.0,2025-12-16 20:00:00,12,16,20,2025-12-16,evening_peak_16_20,15873.654411947797,0.4208117019493034
26754.6390879999,-0.0,15873.654411947797,10880.984676052105,0.0,2025-12-16 21:00:00,12,16,21,2025-12-16,late_evening_21_23,15873.654411947797,0.4066952516258195
25409.28777,-0.0,15873.654411947797,9535.633358052202,0.0,2025-12-16 22:00:00,12,16,22,2025-12-16,late_evening_21_23,15873.654411947797,0.3752814106545184
23737.4867299999,-0.0,15873.654411947797,7863.832318052102,0.0,2025-12-16 23:00:00,12,16,23,2025-12-16,late_evening_21_23,15873.654411947797,0.3312832738991545
22881.24296,-0.0,15873.654411947797,7007.588548052203,0.0,2025-12-17 00:00:00,12,17,0,2025-12-17,night_00_05,15873.654411947797,0.30625908567565874
22029.97386,-0.0,15873.654411947797,6156.319448052202,0.0,2025-12-17 01:00:00,12,17,1,2025-12-17,night_00_05,15873.654411947797,0.2794519633647991
21822.50647,-0.0,15873.654411947797,5948.852058052204,0.0,2025-12-17 02:00:00,12,17,2,2025-12-17,night_00_05,15873.654411947797,0.27260168607259916
21572.100398,-0.0,15873.654411947797,5698.445986052202,0.0,2025-12-17 03:00:00,12,17,3,2025-12-17,night_00_05,15873.654411947797,0.26415814319965425
21396.630555,-0.0,15873.654411947797,5522.976143052203,0.0,2025-12-17 04:00:00,12,17,4,2025-12-17,night_00_05,15873.654411947797,0.25812363908679
22797.771196,-0.0,15873.654411947797,6924.116784052205,0.0,2025-12-17 05:00:00,12,17,5,2025-12-17,night_00_05,15873.654411947797,0.30371902255370825
24924.908733,553.7226280870183,15873.654411947797,8497.531692965185,0.0006855303039055,2025-12-17 06:00:00,12,17,6,2025-12-17,morning_06_09,16427.377040034815,0.34092528819231543
27982.0012179999,-0.0,15873.654411947797,12108.346806052103,0.0,2025-12-17 17:00:00,12,17,17,2025-12-17,evening_peak_16_20,15873.654411947797,0.43271911510972283
27552.663174,-0.0,15873.654411947797,11679.008762052204,0.0,2025-12-17 18:00:00,12,17,18,2025-12-17,evening_peak_16_20,15873.654411947797,0.4238794881023723
27076.400717,-0.0,15873.654411947797,11202.746305052204,0.0,2025-12-17 19:00:00,12,17,19,2025-12-17,evening_peak_16_20,15873.654411947797,0.4137457715352294
26810.668305,-0.0,15873.654411947797,10937.013893052203,0.0,2025-12-17 20:00:00,12,17,20,2025-12-17,evening_peak_16_20,15873.654411947797,0.40793514613779797
26273.328101,-0.0,15873.654411947797,10399.673689052202,0.0,2025-12-17 21:00:00,12,17,21,2025-12-17,late_evening_21_23,15873.654411947797,0.39582627861509395
24814.03884,-0.0,15873.654411947797,8940.384428052204,0.0,2025-12-17 22:00:00,12,17,22,2025-12-17,late_evening_21_23,15873.654411947797,0.36029541525664044
23291.39723,-0.0,15873.654411947797,7417.742818052202,0.0,2025-12-17 23:00:00,12,17,23,2025-12-17,late_evening_21_23,15873.654411947797,0.31847564767380865
23046.7888,-0.0,15873.654411947797,7173.134388052202,0.0,2025-12-18 00:00:00,12,18,0,2025-12-18,night_00_05,15873.654411947797,0.3112422494214119
21888.60572,-0.0,15873.654411947797,6014.951308052203,0.0,2025-12-18 01:00:00,12,18,1,2025-12-18,night_00_05,15873.654411947797,0.27479828477865254
21526.38621,-0.0,15873.654411947797,5652.731798052204,0.0,2025-12-18 02:00:00,12,18,2,2025-12-18,night_00_05,15873.654411947797,0.26259548365002616
21001.9629199999,-0.0,15873.654411947797,5128.308508052103,0.0,2025-12-18 03:00:00,12,18,3,2025-12-18,night_00_05,15873.654411947797,0.2441823427451384
21308.35107,-0.0,15873.654411947797,5434.696658052204,0.0,2025-12-18 04:00:00,12,18,4,2025-12-18,night_00_05,15873.654411947797,0.25505008060917983
22428.01013,-0.0,15873.654411947797,6554.355718052202,0.0,2025-12-18 05:00:00,12,18,5,2025-12-18,night_00_05,15873.654411947797,0.2922397341565764
24672.504397,528.8362178359372,15873.654411947797,8270.013767216267,0.0006547199531682,2025-12-18 06:00:00,12,18,6,2025-12-18,morning_06_09,16402.490629783733,0.3351915003902823
27779.529713,759.0355126586592,15873.654411947797,11146.839788393543,0.0009397156974885,2025-12-18 17:00:00,12,18,17,2025-12-18,evening_peak_16_20,16632.689924606457,0.40126092498884713
27441.713685,-0.0,15873.654411947797,11568.059273052202,0.0,2025-12-18 18:00:00,12,18,18,2025-12-18,evening_peak_16_20,15873.654411947797,0.42155017743572826
26830.1456699999,-0.0,15873.654411947797,10956.491258052103,0.0,2025-12-18 19:00:00,12,18,19,2025-12-18,evening_peak_16_20,15873.654411947797,0.40836495607636947
26254.09518,-0.0,15873.654411947797,10380.440768052204,0.0,2025-12-18 20:00:00,12,18,20,2025-12-18,evening_peak_16_20,15873.654411947797,0.3953836800271783
25745.510595,-0.0,15873.654411947797,9871.856183052203,0.0,2025-12-18 21:00:00,12,18,21,2025-12-18,late_evening_21_23,15873.654411947797,0.3834399067994947
24640.613373,-0.0,15873.654411947797,8766.958961052203,0.0,2025-12-18 22:00:00,12,18,22,2025-12-18,late_evening_21_23,15873.654411947797,0.3557930489936024
23560.24473,-0.0,15873.654411947797,7686.590318052202,0.0,2025-12-18 23:00:00,12,18,23,2025-12-18,late_evening_21_23,15873.654411947797,0.32625256681924975
23094.02704,-0.0,15873.654411947797,7220.372628052204,0.0,2025-12-19 00:00:00,12,19,0,2025-12-19,night_00_05,15873.654411947797,0.31265108573511935
22752.0727,-0.0,15873.654411947797,6878.418288052204,0.0,2025-12-19 01:00:00,12,19,1,2025-12-19,night_00_05,15873.654411947797,0.3023205128934123
22220.6863299999,-0.0,15873.654411947797,6347.031918052102,0.0,2025-12-19 02:00:00,12,19,2,2025-12-19,night_00_05,15873.654411947797,0.28563617809964065
22083.67139,-0.0,15873.654411947797,6210.016978052203,0.0,2025-12-19 03:00:00,12,19,3,2025-12-19,night_00_05,15873.654411947797,0.2812040112525965
21858.0135769999,-0.0,15873.654411947797,5984.359165052103,0.0,2025-12-19 04:00:00,12,19,4,2025-12-19,night_00_05,15873.654411947797,0.27378330349968977
22132.506525,-0.0,15873.654411947797,6258.852113052204,0.0,2025-12-19 05:00:00,12,19,5,2025-12-19,night_00_05,15873.654411947797,0.2827900267862771
23991.311217,451.06618580127855,15873.654411947797,7666.590619250924,0.0005584376071141,2025-12-19 06:00:00,12,19,6,2025-12-19,morning_06_09,16324.720597749076,0.3195569658493053
27223.91505,-0.0,15873.654411947797,11350.260638052203,0.0,2025-12-19 17:00:00,12,19,17,2025-12-19,evening_peak_16_20,15873.654411947797,0.4169224234356477
26787.698279,-0.0,15873.654411947797,10914.043867052203,0.0,2025-12-19 18:00:00,12,19,18,2025-12-19,evening_peak_16_20,15873.654411947797,0.4074274599250724
26049.734604,-0.0,15873.654411947797,10176.080192052204,0.0,2025-12-19 19:00:00,12,19,19,2025-12-19,evening_peak_16_20,15873.654411947797,0.3906404555265466
25638.012511,-0.0,15873.654411947797,9764.358099052204,0.0,2025-12-19 20:00:00,12,19,20,2025-12-19,evening_peak_16_20,15873.654411947797,0.38085472089003786
25160.258062,-0.0,15873.654411947797,9286.603650052204,0.0,2025-12-19 21:00:00,12,19,21,2025-12-19,late_evening_21_23,15873.654411947797,0.3690981081023939
24049.755766,-0.0,15873.654411947797,8176.101354052202,0.0,2025-12-19 22:00:00,12,19,22,2025-12-19,late_evening_21_23,15873.654411947797,0.33996608670808415
22601.17948,-0.0,15873.654411947797,6727.525068052202,0.0,2025-12-19 23:00:00,12,19,23,2025-12-19,late_evening_21_23,15873.654411947797,0.2976625655313898
22259.801337,-0.0,15873.654411947797,6386.146925052204,0.0,2025-12-20 00:00:00,12,20,0,2025-12-20,night_00_05,15873.654411947797,0.28689146090613216
21335.347533,-0.0,15873.654411947797,5461.693121052203,0.0,2025-12-20 01:00:00,12,20,1,2025-12-20,night_00_05,15873.654411947797,0.2559926953429957
20723.17718,-0.0,15873.654411947797,4849.522768052202,0.0,2025-12-20 02:00:00,12,20,2,2025-12-20,night_00_05,15873.654411947797,0.23401444314882813
20030.625228,-0.0,15873.654411947797,4156.970816052204,0.0,2025-12-20 03:00:00,12,20,3,2025-12-20,night_00_05,15873.654411947797,0.20753075696515666
19991.02665,-0.0,15873.654411947797,4117.372238052203,0.0,2025-12-20 04:00:00,12,20,4,2025-12-20,night_00_05,15873.654411947797,0.20596101991851445
20285.126977,-0.0,15873.654411947797,4411.472565052203,0.0,2025-12-20 05:00:00,12,20,5,2025-12-20,night_00_05,15873.654411947797,0.21747325368256695
21413.007932,491.5066024592752,15873.654411947797,5047.846917592929,0.0006085044270622,2025-12-20 06:00:00,12,20,6,2025-12-20,morning_06_09,16365.161014407073,0.2357374047412242
25647.977653,-0.0,15873.654411947797,9774.323241052205,0.0,2025-12-20 17:00:00,12,20,17,2025-12-20,evening_peak_16_20,15873.654411947797,0.38109528062182
25128.243502,-0.0,15873.654411947797,9254.589090052204,0.0,2025-12-20 18:00:00,12,20,18,2025-12-20,evening_peak_16_20,15873.654411947797,0.3682943095213008
24681.454021,-0.0,15873.654411947797,8807.799609052205,0.0,2025-12-20 19:00:00,12,20,19,2025-12-20,evening_peak_16_20,15873.654411947797,0.35685902465706293
24541.805671,-0.0,15873.654411947797,8668.151259052202,0.0,2025-12-20 20:00:00,12,20,20,2025-12-20,evening_peak_16_20,15873.654411947797,0.3531994090106819
24138.227358,-0.0,15873.654411947797,8264.572946052203,0.0,2025-12-20 21:00:00,12,20,21,2025-12-20,late_evening_21_23,15873.654411947797,0.34238524741184534
23307.583865,-0.0,15873.654411947797,7433.929453052204,0.0,2025-12-20 22:00:00,12,20,22,2025-12-20,late_evening_21_23,15873.654411947797,0.31894895224276837
22197.588336,-0.0,15873.654411947797,6323.933924052204,0.0,2025-12-20 23:00:00,12,20,23,2025-12-20,late_evening_21_23,15873.654411947797,0.28489283738071947
21730.440902,-0.0,15873.654411947797,5856.786490052202,0.0,2025-12-21 00:00:00,12,21,0,2025-12-21,night_00_05,15873.654411947797,0.2695199106389582
20639.408053,-0.0,15873.654411947797,4765.7536410522025,0.0,2025-12-21 01:00:00,12,21,1,2025-12-21,night_00_05,15873.654411947797,0.2309055389967682
19934.754457,-0.0,15873.654411947797,4061.1000450522024,0.0,2025-12-21 02:00:00,12,21,2,2025-12-21,night_00_05,15873.654411947797,0.203719592022673
19510.765051,-0.0,15873.654411947797,3637.110639052202,0.0,2025-12-21 03:00:00,12,21,3,2025-12-21,night_00_05,15873.654411947797,0.18641558286130797
19269.955046,-0.0,15873.654411947797,3396.3006340522024,0.0,2025-12-21 04:00:00,12,21,4,2025-12-21,night_00_05,15873.654411947797,0.1762484980346229
19500.205707,-0.0,15873.654411947797,3626.5512950522043,0.0,2025-12-21 05:00:00,12,21,5,2025-12-21,night_00_05,15873.654411947797,0.18597502762498444
20493.184239,332.8557371084617,15873.654411947797,4286.67408994374,0.0004120884411117,2025-12-21 06:00:00,12,21,6,2025-12-21,morning_06_09,16206.51014905626,0.20917559906507316
25566.9658,-0.0,15873.654411947797,9693.311388052205,0.0,2025-12-21 17:00:00,12,21,17,2025-12-21,evening_peak_16_20,15873.654411947797,0.3791342102883481
25316.20276,-0.0,15873.654411947797,9442.548348052203,0.0,2025-12-21 18:00:00,12,21,18,2025-12-21,evening_peak_16_20,15873.654411947797,0.37298438622760516
25042.838847,-0.0,15873.654411947797,9169.184435052202,0.0,2025-12-21 19:00:00,12,21,19,2025-12-21,evening_peak_16_20,15873.654411947797,0.3661399768241779
24591.309964,-0.0,15873.654411947797,8717.655552052203,0.0,2025-12-21 20:00:00,12,21,20,2025-12-21,evening_peak_16_20,15873.654411947797,0.35450147083722894
24011.59879,-0.0,15873.654411947797,8137.944378052203,0.0,2025-12-21 21:00:00,12,21,21,2025-12-21,late_evening_21_23,15873.654411947797,0.33891722284820847
23137.076553,-0.0,15873.654411947797,7263.422141052202,0.0,2025-12-21 22:00:00,12,21,22,2025-12-21,late_evening_21_23,15873.654411947797,0.31392998698058994
22146.320602,-0.0,15873.654411947797,6272.666190052203,0.0,2025-12-21 23:00:00,12,21,23,2025-12-21,late_evening_21_23,15873.654411947797,0.28323739653103946
22173.58747,-0.0,15873.654411947797,6299.933058052202,0.0,2025-12-22 00:00:00,12,22,0,2025-12-22,night_00_05,15873.654411947797,0.28411879974657983
21397.563624,-0.0,15873.654411947797,5523.909212052202,0.0,2025-12-22 01:00:00,12,22,1,2025-12-22,night_00_05,15873.654411947797,0.25815598958455527
21383.7574,-0.0,15873.654411947797,5510.102988052202,0.0,2025-12-22 02:00:00,12,22,2,2025-12-22,night_00_05,15873.654411947797,0.25767702490172295
21058.825092,-0.0,15873.654411947797,5185.170680052202,0.0,2025-12-22 03:00:00,12,22,3,2025-12-22,night_00_05,15873.654411947797,0.24622317044752834
20679.1759929999,-0.0,15873.654411947797,4805.521581052102,0.0,2025-12-22 04:00:00,12,22,4,2025-12-22,night_00_05,15873.654411947797,0.2323845777355354
21327.847948,-0.0,15873.654411947797,5454.193536052202,0.0,2025-12-22 05:00:00,12,22,5,2025-12-22,night_00_05,15873.654411947797,0.2557310774790883
22879.483064,339.0773396712925,15873.654411947797,6666.751312380911,0.0004197910287961,2025-12-22 06:00:00,12,22,6,2025-12-22,morning_06_09,16212.731751619089,0.29138557430394013
27282.34891,827.473140849233,15873.654411947797,10581.22135720297,0.0010244441620162,2025-12-22 17:00:00,12,22,17,2025-12-22,evening_peak_16_20,16701.12755279703,0.38784128859683914
26867.720744,1088.7804484857863,15873.654411947797,9905.285883566416,0.0013479528447581,2025-12-22 18:00:00,12,22,18,2025-12-22,evening_peak_16_20,16962.434860433583,0.36866863318796506
26388.840397,1157.2180766763602,15873.654411947797,9357.967908375844,0.0014326813092858,2025-12-22 19:00:00,12,22,19,2025-12-22,evening_peak_16_20,17030.872488624158,0.35461838290702985
25952.282066,-0.0,15873.654411947797,10078.627654052203,0.0,2025-12-22 20:00:00,12,22,20,2025-12-22,evening_peak_16_20,15873.654411947797,0.38835227007863715
25486.71491,-0.0,15873.654411947797,9613.060498052202,0.0,2025-12-22 21:00:00,12,22,21,2025-12-22,late_evening_21_23,15873.654411947797,0.37717926896417747
24306.851852,-0.0,15873.654411947797,8433.197440052203,0.0,2025-12-22 22:00:00,12,22,22,2025-12-22,late_evening_21_23,15873.654411947797,0.3469473336736657
23332.889155,-0.0,15873.654411947797,7459.234743052204,0.0,2025-12-22 23:00:00,12,22,23,2025-12-22,late_evening_21_23,15873.654411947797,0.3196875746291267
22793.8529169999,-0.0,15873.654411947797,6920.198505052102,0.0,2025-12-23 00:00:00,12,23,0,2025-12-23,night_00_05,15873.654411947797,0.3035993313745981
22356.542771,-0.0,15873.654411947797,6482.888359052204,0.0,2025-12-23 01:00:00,12,23,1,2025-12-23,night_00_05,15873.654411947797,0.2899772306235803
22098.217255,-0.0,15873.654411947797,6224.562843052203,0.0,2025-12-23 02:00:00,12,23,2,2025-12-23,night_00_05,15873.654411947797,0.28167714939284605
21526.3782819999,-0.0,15873.654411947797,5652.723870052103,0.0,2025-12-23 03:00:00,12,23,3,2025-12-23,night_00_05,15873.654411947797,0.2625952120695957
21480.039412,-0.0,15873.654411947797,5606.385000052202,0.0,2025-12-23 04:00:00,12,23,4,2025-12-23,night_00_05,15873.654411947797,0.2610044093736695
22063.235674,-0.0,15873.654411947797,6189.581262052203,0.0,2025-12-23 05:00:00,12,23,5,2025-12-23,night_00_05,15873.654411947797,0.28053823806751055
23172.1307759999,3.110801281388183,15873.654411947797,7295.365562770715,3.851293842166275e-06,2025-12-23 06:00:00,12,23,6,2025-12-23,morning_06_09,15876.765213229184,0.3148336091010997
27454.348943,1682.9434932309625,15873.654411947797,9897.751037821241,0.0020835499686119,2025-12-23 17:00:00,12,23,17,2025-12-23,evening_peak_16_20,17556.597905178758,0.3605166911213481
26892.687115,248.864102511053,15873.654411947797,10770.16860054115,0.0003081035073733,2025-12-23 18:00:00,12,23,18,2025-12-23,evening_peak_16_20,16122.51851445885,0.40048688903734897
26340.155625,-0.0,15873.654411947797,10466.501213052203,0.0,2025-12-23 19:00:00,12,23,19,2025-12-23,evening_peak_16_20,15873.654411947797,0.3973591258177011
25741.36915,-0.0,15873.654411947797,9867.714738052202,0.0,2025-12-23 20:00:00,12,23,20,2025-12-23,evening_peak_16_20,15873.654411947797,0.3833407104552635
25370.380127,-0.0,15873.654411947797,9496.725715052204,0.0,2025-12-23 21:00:00,12,23,21,2025-12-23,late_evening_21_23,15873.654411947797,0.3743233513850852
24403.459762,-0.0,15873.654411947797,8529.805350052202,0.0,2025-12-23 22:00:00,12,23,22,2025-12-23,late_evening_21_23,15873.654411947797,0.3495326250146892
23477.66264,-0.0,15873.654411947797,7604.008228052202,0.0,2025-12-23 23:00:00,12,23,23,2025-12-23,late_evening_21_23,15873.654411947797,0.3238826771067447
23073.408596,-0.0,15873.654411947797,7199.754184052204,0.0,2025-12-24 00:00:00,12,24,0,2025-12-24,night_00_05,15873.654411947797,0.3120368693726661
22673.4929009999,-0.0,15873.654411947797,6799.838489052103,0.0,2025-12-24 01:00:00,12,24,1,2025-12-24,night_00_05,15873.654411947797,0.29990255664367577
22084.257761,-0.0,15873.654411947797,6210.603349052204,0.0,2025-12-24 02:00:00,12,24,2,2025-12-24,night_00_05,15873.654411947797,0.28122309639130844
21922.790418,-0.0,15873.654411947797,6049.136006052204,0.0,2025-12-24 03:00:00,12,24,3,2025-12-24,night_00_05,15873.654411947797,0.27592910805211546
21403.802474,-0.0,15873.654411947797,5530.148062052203,0.0,2025-12-24 04:00:00,12,24,4,2025-12-24,night_00_05,15873.654411947797,0.2583722246909109
21211.8937789999,-0.0,15873.654411947797,5338.239367052103,0.0,2025-12-24 05:00:00,12,24,5,2025-12-24,night_00_05,15873.654411947797,0.25166255416275196
21901.853703,-0.0,15873.654411947797,6028.199291052204,0.0,2025-12-24 06:00:00,12,24,6,2025-12-24,morning_06_09,15873.654411947797,0.2752369444521718
25612.85895,-0.0,15873.654411947797,9739.204538052205,0.0,2025-12-24 17:00:00,12,24,17,2025-12-24,evening_peak_16_20,15873.654411947797,0.38024667832140635
25050.754274,-0.0,15873.654411947797,9177.099862052202,0.0,2025-12-24 18:00:00,12,24,18,2025-12-24,evening_peak_16_20,15873.654411947797,0.3663402611224784
24176.262347,-0.0,15873.654411947797,8302.607935052203,0.0,2025-12-24 19:00:00,12,24,19,2025-12-24,evening_peak_16_20,15873.654411947797,0.3434198312330302
23834.981685,-0.0,15873.654411947797,7961.327273052202,0.0,2025-12-24 20:00:00,12,24,20,2025-12-24,evening_peak_16_20,15873.654411947797,0.3340186025006464
23153.257229,-0.0,15873.654411947797,7279.602817052202,0.0,2025-12-24 21:00:00,12,24,21,2025-12-24,late_evening_21_23,15873.654411947797,0.3144094476665827
22818.4883869999,15.554006406940918,15873.654411947797,6929.279968645162,1.925646921083138e-05,2025-12-24 22:00:00,12,24,22,2025-12-24,late_evening_21_23,15889.208418354738,0.3036695442364577
22549.580987,-0.0,15873.654411947797,6675.9265750522045,0.0,2025-12-24 23:00:00,12,24,23,2025-12-24,late_evening_21_23,15873.654411947797,0.2960554601391895
21452.70619,-0.0,15873.654411947797,5579.051778052204,0.0,2025-12-25 00:00:00,12,25,0,2025-12-25,night_00_05,15873.654411947797,0.26006284375687916
21273.689249,-0.0,15873.654411947797,5400.034837052202,0.0,2025-12-25 01:00:00,12,25,1,2025-12-25,night_00_05,15873.654411947797,0.2538363127263429
21209.418468,-0.0,15873.654411947797,5335.764056052203,0.0,2025-12-25 02:00:00,12,25,2,2025-12-25,night_00_05,15873.654411947797,0.2515752171188762
20492.216248,-0.0,15873.654411947797,4618.561836052204,0.0,2025-12-25 03:00:00,12,25,3,2025-12-25,night_00_05,15873.654411947797,0.22538127551249937
20338.32705,-0.0,15873.654411947797,4464.672638052203,0.0,2025-12-25 04:00:00,12,25,4,2025-12-25,night_00_05,15873.654411947797,0.2195201516366708
20135.134112,-0.0,15873.654411947797,4261.479700052203,0.0,2025-12-25 05:00:00,12,25,5,2025-12-25,night_00_05,15873.654411947797,0.21164396901198068
20052.601522,171.09407047631362,15873.654411947797,4007.8530395758908,0.0002118211613191,2025-12-25 06:00:00,12,25,6,2025-12-25,morning_06_09,16044.748482424111,0.19986698659417418
23105.99065,-0.0,15873.654411947797,7232.336238052203,0.0,2025-12-25 17:00:00,12,25,17,2025-12-25,evening_peak_16_20,15873.654411947797,0.31300697501373753
22825.362327,-0.0,15873.654411947797,6951.707915052202,0.0,2025-12-25 18:00:00,12,25,18,2025-12-25,evening_peak_16_20,15873.654411947797,0.3045606819055426
22602.409528,-0.0,15873.654411947797,6728.755116052203,0.0,2025-12-25 19:00:00,12,25,19,2025-12-25,evening_peak_16_20,15873.654411947797,0.2977007875074815
22232.627999,-0.0,15873.654411947797,6358.973587052204,0.0,2025-12-25 20:00:00,12,25,20,2025-12-25,evening_peak_16_20,15873.654411947797,0.28601987976132304
22005.044737,-0.0,15873.654411947797,6131.3903250522035,0.0,2025-12-25 21:00:00,12,25,21,2025-12-25,late_evening_21_23,15873.654411947797,0.27863566733598516
21440.064216,-0.0,15873.654411947797,5566.409804052202,0.0,2025-12-25 22:00:00,12,25,22,2025-12-25,late_evening_21_23,15873.654411947797,0.2596265453299425
20613.722137,-0.0,15873.654411947797,4740.067725052204,0.0,2025-12-25 23:00:00,12,25,23,2025-12-25,late_evening_21_23,15873.654411947797,0.22994720184687836
20672.53669,-0.0,15873.654411947797,4798.882278052204,0.0,2025-12-26 00:00:00,12,26,0,2025-12-26,night_00_05,15873.654411947797,0.23213804624052667
20070.358038,-0.0,15873.654411947797,4196.703626052202,0.0,2025-12-26 01:00:00,12,26,1,2025-12-26,night_00_05,15873.654411947797,0.20909958945956109
19764.444563,-0.0,15873.654411947797,3890.7901510522042,0.0,2025-12-26 02:00:00,12,26,2,2025-12-26,night_00_05,15873.654411947797,0.1968580568328215
19369.508811,-0.0,15873.654411947797,3495.854399052203,0.0,2025-12-26 03:00:00,12,26,3,2025-12-26,night_00_05,15873.654411947797,0.18048234641174263
19008.343814,-0.0,15873.654411947797,3134.689402052203,0.0,2025-12-26 04:00:00,12,26,4,2025-12-26,night_00_05,15873.654411947797,0.16491123228439533
19784.502007,-0.0,15873.654411947797,3910.8475950522025,0.0,2025-12-26 05:00:00,12,26,5,2025-12-26,night_00_05,15873.654411947797,0.1976722787193985
20920.270865,261.30730763655316,15873.654411947797,4785.309145415648,0.0003235086827419,2025-12-26 06:00:00,12,26,6,2025-12-26,morning_06_09,16134.96171958435,0.22874030533809003
25891.2811549999,-0.0,15873.654411947797,10017.626743052102,0.0,2025-12-26 17:00:00,12,26,17,2025-12-26,evening_peak_16_20,15873.654411947797,0.3869112031606665
25689.22956,-0.0,15873.654411947797,9815.575148052203,0.0,2025-12-26 18:00:00,12,26,18,2025-12-26,evening_peak_16_20,15873.654411947797,0.3820891212454175
25030.689347,-0.0,15873.654411947797,9157.034935052203,0.0,2025-12-26 19:00:00,12,26,19,2025-12-26,evening_peak_16_20,15873.654411947797,0.36583231121238374
24741.288538,-0.0,15873.654411947797,8867.634126052204,0.0,2025-12-26 20:00:00,12,26,20,2025-12-26,evening_peak_16_20,15873.654411947797,0.35841440159563465
24243.923713,-0.0,15873.654411947797,8370.269301052203,0.0,2025-12-26 21:00:00,12,26,21,2025-12-26,late_evening_21_23,15873.654411947797,0.3452522537250818
23192.379135,-0.0,15873.654411947797,7318.7247230522025,0.0,2025-12-26 22:00:00,12,26,22,2025-12-26,late_evening_21_23,15873.654411947797,0.3155659313971543
22249.169512,-0.0,15873.654411947797,6375.515100052204,0.0,2025-12-26 23:00:00,12,26,23,2025-12-26,late_evening_21_23,15873.654411947797,0.28655070008854017
21228.282594,-0.0,15873.654411947797,5354.628182052204,0.0,2025-12-27 00:00:00,12,27,0,2025-12-27,night_00_05,15873.654411947797,0.25224029114656904
20152.626297,-0.0,15873.654411947797,4278.971885052202,0.0,2025-12-27 01:00:00,12,27,1,2025-12-27,night_00_05,15873.654411947797,0.21232825052133217
19442.909145,-0.0,15873.654411947797,3569.2547330522048,0.0,2025-12-27 02:00:00,12,27,2,2025-12-27,night_00_05,15873.654411947797,0.18357616683972858
19239.38631,-0.0,15873.654411947797,3365.731898052205,0.0,2025-12-27 03:00:00,12,27,3,2025-12-27,night_00_05,15873.654411947797,0.17493967031073168
19199.361394,-0.0,15873.654411947797,3325.706982052203,0.0,2025-12-27 04:00:00,12,27,4,2025-12-27,night_00_05,15873.654411947797,0.17321966672764028
19526.050867,-0.0,15873.654411947797,3652.396455052205,0.0,2025-12-27 05:00:00,12,27,5,2025-12-27,night_00_05,15873.654411947797,0.18705249105055527
20832.646156,-0.0,15873.654411947797,4958.991744052202,0.0,2025-12-27 06:00:00,12,27,6,2025-12-27,morning_06_09,15873.654411947797,0.23803945532977652
24657.87406,-0.0,15873.654411947797,8784.219648052202,0.0,2025-12-27 17:00:00,12,27,17,2025-12-27,evening_peak_16_20,15873.654411947797,0.35624399843545157
24810.394616,-0.0,15873.654411947797,8936.740204052205,0.0,2025-12-27 18:00:00,12,27,18,2025-12-27,evening_peak_16_20,15873.654411947797,0.3602014535588636
24570.422916,-0.0,15873.654411947797,8696.768504052203,0.0,2025-12-27 19:00:00,12,27,19,2025-12-27,evening_peak_16_20,15873.654411947797,0.3539527395919978
24294.969341,-0.0,15873.654411947797,8421.314929052203,0.0,2025-12-27 20:00:00,12,27,20,2025-12-27,evening_peak_16_20,15873.654411947797,0.34662792987519675
23982.4880629999,-0.0,15873.654411947797,8108.833651052102,0.0,2025-12-27 21:00:00,12,27,21,2025-12-27,late_evening_21_23,15873.654411947797,0.3381147789900241
23151.078185,-0.0,15873.654411947797,7277.423773052202,0.0,2025-12-27 22:00:00,12,27,22,2025-12-27,late_evening_21_23,15873.654411947797,0.3143449179730807
22044.753363,-0.0,15873.654411947797,6171.098951052203,0.0,2025-12-27 23:00:00,12,27,23,2025-12-27,late_evening_21_23,15873.654411947797,0.27993504165983546
21434.744698,-0.0,15873.654411947797,5561.090286052202,0.0,2025-12-28 00:00:00,12,28,0,2025-12-28,night_00_05,15873.654411947797,0.2594428048667679
20585.524947,-0.0,15873.654411947797,4711.870535052205,0.0,2025-12-28 01:00:00,12,28,1,2025-12-28,night_00_05,15873.654411947797,0.22889241577193212
20075.27351,-0.0,15873.654411947797,4201.619098052202,0.0,2025-12-28 02:00:00,12,28,2,2025-12-28,night_00_05,15873.654411947797,0.20929324305142194
19584.165047,-0.0,15873.654411947797,3710.510635052202,0.0,2025-12-28 03:00:00,12,28,3,2025-12-28,night_00_05,15873.654411947797,0.18946483682849663
19579.430494,-0.0,15873.654411947797,3705.7760820522035,0.0,2025-12-28 04:00:00,12,28,4,2025-12-28,night_00_05,15873.654411947797,0.1892688392130617
19995.477851,-0.0,15873.654411947797,4121.823439052203,0.0,2025-12-28 05:00:00,12,28,5,2025-12-28,night_00_05,15873.654411947797,0.20613778124067514
20915.346381,264.4181089179686,15873.654411947797,4777.273860134234,0.0003273599765841,2025-12-28 06:00:00,12,28,6,2025-12-28,morning_06_09,16138.072520865766,0.22840998055255848
25235.5230849999,-0.0,15873.654411947797,9361.868673052102,0.0,2025-12-28 17:00:00,12,28,17,2025-12-28,evening_peak_16_20,15873.654411947797,0.37097977487999195
25220.516594,-0.0,15873.654411947797,9346.862182052204,0.0,2025-12-28 18:00:00,12,28,18,2025-12-28,evening_peak_16_20,15873.654411947797,0.3706055007721704
24959.290771,-0.0,15873.654411947797,9085.636359052203,0.0,2025-12-28 19:00:00,12,28,19,2025-12-28,evening_peak_16_20,15873.654411947797,0.3640182103895649
24707.404877,-0.0,15873.654411947797,8833.750465052204,0.0,2025-12-28 20:00:00,12,28,20,2025-12-28,evening_peak_16_20,15873.654411947797,0.35753453302882077
24607.12285,-0.0,15873.654411947797,8733.468438052203,0.0,2025-12-28 21:00:00,12,28,21,2025-12-28,late_evening_21_23,15873.654411947797,0.3549162773433385
23335.486524,-0.0,15873.654411947797,7461.832112052203,0.0,2025-12-28 22:00:00,12,28,22,2025-12-28,late_evening_21_23,15873.654411947797,0.3197632971730795
22095.0491679999,-0.0,15873.654411947797,6221.394756052103,0.0,2025-12-28 23:00:00,12,28,23,2025-12-28,late_evening_21_23,15873.654411947797,0.2815741530488425
21423.876355,-0.0,15873.654411947797,5550.221943052204,0.0,2025-12-29 00:00:00,12,29,0,2025-12-29,night_00_05,15873.654411947797,0.2590671198378564
20611.015993,-0.0,15873.654411947797,4737.361581052204,0.0,2025-12-29 01:00:00,12,29,1,2025-12-29,night_00_05,15873.654411947797,0.22984609699304132
20253.7733129999,-0.0,15873.654411947797,4380.118901052103,0.0,2025-12-29 02:00:00,12,29,2,2025-12-29,night_00_05,15873.654411947797,0.21626187048517623
20219.679905,-0.0,15873.654411947797,4346.025493052204,0.0,2025-12-29 03:00:00,12,29,3,2025-12-29,night_00_05,15873.654411947797,0.2149403706424404
20555.506361,-0.0,15873.654411947797,4681.851949052203,0.0,2025-12-29 04:00:00,12,29,4,2025-12-29,night_00_05,15873.654411947797,0.2277663155958585
21639.899838,-0.0,15873.654411947797,5766.2454260522045,0.0,2025-12-29 05:00:00,12,29,5,2025-12-29,night_00_05,15873.654411947797,0.26646359129290365
23498.804376,31.108012813881835,15873.654411947797,7594.041951238321,3.851293842166276e-05,2025-12-29 06:00:00,12,29,6,2025-12-29,morning_06_09,15904.762424761679,0.3231671633044587
26550.310996,367.07455120378904,15873.654411947797,10309.582032848415,0.0004544526733756,2025-12-29 17:00:00,12,29,17,2025-12-29,evening_peak_16_20,16240.728963151585,0.38830362606304797
26524.574386,-0.0,15873.654411947797,10650.919974052204,0.0,2025-12-29 18:00:00,12,29,18,2025-12-29,evening_peak_16_20,15873.654411947797,0.4015491377563401
26217.027684,-0.0,15873.654411947797,10343.373272052204,0.0,2025-12-29 19:00:00,12,29,19,2025-12-29,evening_peak_16_20,15873.654411947797,0.39452883052660714
25657.868448,-0.0,15873.654411947797,9784.214036052204,0.0,2025-12-29 20:00:00,12,29,20,2025-12-29,evening_peak_16_20,15873.654411947797,0.38133386083421406
25206.577114,-0.0,15873.654411947797,9332.922702052203,0.0,2025-12-29 21:00:00,12,29,21,2025-12-29,late_evening_21_23,15873.654411947797,0.3702574395501164
24077.275506,-0.0,15873.654411947797,8203.621094052205,0.0,2025-12-29 22:00:00,12,29,22,2025-12-29,late_evening_21_23,15873.654411947797,0.3407204894095215
22776.908985,-0.0,15873.654411947797,6903.2545730522015,0.0,2025-12-29 23:00:00,12,29,23,2025-12-29,late_evening_21_23,15873.654411947797,0.30308127312614813
22577.301674,-0.0,15873.654411947797,6703.647262052202,0.0,2025-12-30 00:00:00,12,30,0,2025-12-30,night_00_05,15873.654411947797,0.29691977185086366
21635.887415,-0.0,15873.654411947797,5762.233003052204,0.0,2025-12-30 01:00:00,12,30,1,2025-12-30,night_00_05,15873.654411947797,0.2663275553494187
21577.8471159999,-0.0,15873.654411947797,5704.192704052102,0.0,2025-12-30 02:00:00,12,30,2,2025-12-30,night_00_05,15873.654411947797,0.26435411620941845
21080.07243,-0.0,15873.654411947797,5206.4180180522035,0.0,2025-12-30 03:00:00,12,30,3,2025-12-30,night_00_05,15873.654411947797,0.24698292832441673
20954.793951,-0.0,15873.654411947797,5081.139539052203,0.0,2025-12-30 04:00:00,12,30,4,2025-12-30,night_00_05,15873.654411947797,0.24248100701604475
22140.188774,-0.0,15873.654411947797,6266.534362052202,0.0,2025-12-30 05:00:00,12,30,5,2025-12-30,night_00_05,15873.654411947797,0.28303888580260045
23545.246544,15.554006406940918,15873.654411947797,7656.038125645264,1.925646921083138e-05,2025-12-30 06:00:00,12,30,6,2025-12-30,morning_06_09,15889.208418354738,0.3251627928948674
27437.2473479999,-0.0,15873.654411947797,11563.592936052102,0.0,2025-12-30 17:00:00,12,30,17,2025-12-30,evening_peak_16_20,15873.654411947797,0.42145601522577875
26881.558527,-0.0,15873.654411947797,11007.904115052204,0.0,2025-12-30 18:00:00,12,30,18,2025-12-30,evening_peak_16_20,15873.654411947797,0.40949649939365673
26311.213348,-0.0,15873.654411947797,10437.558936052204,0.0,2025-12-30 19:00:00,12,30,19,2025-12-30,evening_peak_16_20,15873.654411947797,0.3966962221772869
25856.830067,-0.0,15873.654411947797,9983.175655052202,0.0,2025-12-30 20:00:00,12,30,20,2025-12-30,evening_peak_16_20,15873.654411947797,0.38609433674521904
25291.157024,-0.0,15873.654411947797,9417.502612052203,0.0,2025-12-30 21:00:00,12,30,21,2025-12-30,late_evening_21_23,15873.654411947797,0.3723634550651629
24064.97462,-0.0,15873.654411947797,8191.320208052204,0.0,2025-12-30 22:00:00,12,30,22,2025-12-30,late_evening_21_23,15873.654411947797,0.3403834966542842
22736.714879,-0.0,15873.654411947797,6863.0604670522025,0.0,2025-12-30 23:00:00,12,30,23,2025-12-30,late_evening_21_23,15873.654411947797,0.3018492558655005
22593.409076,-0.0,15873.654411947797,6719.754664052203,0.0,2025-12-31 00:00:00,12,31,0,2025-12-31,night_00_05,15873.654411947797,0.29742101519289127
22084.478388,-0.0,15873.654411947797,6210.823976052203,0.0,2025-12-31 01:00:00,12,31,1,2025-12-31,night_00_05,15873.654411947797,0.2812302770721977
21774.27746,-0.0,15873.654411947797,5900.6230480522045,0.0,2025-12-31 02:00:00,12,31,2,2025-12-31,night_00_05,15873.654411947797,0.27099053270042256
22068.276456,-0.0,15873.654411947797,6194.622044052203,0.0,2025-12-31 03:00:00,12,31,3,2025-12-31,night_00_05,15873.654411947797,0.28070257577220026
21958.505106,-0.0,15873.654411947797,6084.850694052204,0.0,2025-12-31 04:00:00,12,31,4,2025-12-31,night_00_05,15873.654411947797,0.2771067823004747
21885.928312,-0.0,15873.654411947797,6012.273900052203,0.0,2025-12-31 05:00:00,12,31,5,2025-12-31,night_00_05,15873.654411947797,0.27470956746009667
22127.732287,-0.0,15873.654411947797,6254.077875052202,0.0,2025-12-31 06:00:00,12,31,6,2025-12-31,morning_06_09,15873.654411947797,0.28263528290815687
23220.818517,3176.1281082972805,15873.654411947797,4171.035996754923,0.0039321710128517,2025-12-31 07:00:00,12,31,7,2025-12-31,morning_06_09,19049.782520245077,0.1796248480087513
26004.663319,1648.7246791357163,15873.654411947797,8482.284227916487,0.0020411857363481,2025-12-31 16:00:00,12,31,16,2025-12-31,evening_peak_16_20,17522.379091083512,0.3261831973697966
26714.956603,-0.0,15873.654411947797,10841.302191052202,0.0,2025-12-31 17:00:00,12,31,17,2025-12-31,evening_peak_16_20,15873.654411947797,0.4058139547879618
25910.144877,-0.0,15873.654411947797,10036.490465052202,0.0,2025-12-31 18:00:00,12,31,18,2025-12-31,evening_peak_16_20,15873.654411947797,0.3873575586974593
24847.87826,-0.0,15873.654411947797,8974.223848052205,0.0,2025-12-31 19:00:00,12,31,19,2025-12-31,evening_peak_16_20,15873.654411947797,0.3611666056211676
23797.290308,-0.0,15873.654411947797,7923.635896052203,0.0,2025-12-31 20:00:00,12,31,20,2025-12-31,evening_peak_16_20,15873.654411947797,0.33296378677989624
23204.001181,-0.0,15873.654411947797,7330.346769052203,0.0,2025-12-31 21:00:00,12,31,21,2025-12-31,late_evening_21_23,15873.654411947797,0.3159087396984995
22436.358005,-0.0,15873.654411947797,6562.7035930522015,0.0,2025-12-31 22:00:00,12,31,22,2025-12-31,late_evening_21_23,15873.654411947797,0.29250306986497926
21726.611339,-0.0,15873.654411947797,5852.956927052202,0.0,2025-12-31 23:00:00,12,31,23,2025-12-31,late_evening_21_23,15873.654411947797,0.26939115519344464
