snapshot,battery
2025-01-01 00:00:00,65047.89398929018
2025-01-01 01:00:00,42794.00439053404
2025-01-01 02:00:00,21333.922284275675
2025-01-01 03:00:00,21333.922284275675
2025-01-01 04:00:00,21333.922284275675
2025-01-01 05:00:00,-0.0
2025-01-01 06:00:00,-0.0
2025-01-01 07:00:00,-0.0
2025-01-01 08:00:00,-0.0
2025-01-01 09:00:00,-0.0
2025-01-01 10:00:00,64831.65995958032
2025-01-01 11:00:00,128726.28012579479
2025-01-01 12:00:00,193203.16711691185
2025-01-01 13:00:00,259194.86771023486
2025-01-01 14:00:00,314513.1453364259
2025-01-01 15:00:00,350989.9216672362
2025-01-01 16:00:00,339285.0497220309
2025-01-01 17:00:00,313419.6799128878
2025-01-01 18:00:00,287203.37801834795
2025-01-01 19:00:00,261233.2478330391
2025-01-01 20:00:00,235741.0053494866
2025-01-01 21:00:00,210634.9925115419
2025-01-01 22:00:00,186697.0221207205
2025-01-01 23:00:00,164044.67699863345
2025-01-02 00:00:00,142097.190948456
2025-01-02 01:00:00,120755.72490535723
2025-01-02 02:00:00,99989.12167382127
2025-01-02 03:00:00,79006.83318418023
2025-01-02 04:00:00,57658.609968257624
2025-01-02 05:00:00,34918.80821531127
2025-01-02 06:00:00,10314.593969694079
2025-01-02 07:00:00,-0.0
2025-01-02 08:00:00,-0.0
2025-01-02 09:00:00,-0.0
2025-01-02 10:00:00,58289.98087432957
2025-01-02 11:00:00,123866.14135535943
2025-01-02 12:00:00,190392.2044556282
2025-01-02 13:00:00,259994.18964921642
2025-01-02 14:00:00,328459.9081131033
2025-01-02 15:00:00,370775.9177324893
2025-01-02 16:00:00,358644.9145171986
2025-01-02 17:00:00,358644.9145171986
2025-01-02 18:00:00,358644.9145171986
2025-01-02 19:00:00,331151.0123344586
2025-01-02 20:00:00,304136.7021630199
2025-01-02 21:00:00,304136.7021630199
2025-01-02 22:00:00,279179.3576090955
2025-01-02 23:00:00,255510.36024491466
2025-01-03 00:00:00,231716.13327434764
2025-01-03 01:00:00,208124.873912039
2025-01-03 02:00:00,185322.79386124405
2025-01-03 03:00:00,162862.82588480198
2025-01-03 04:00:00,140503.4376679025
2025-01-03 05:00:00,117310.49837065302
2025-01-03 06:00:00,92313.77621086506
2025-01-03 07:00:00,74573.006405224
2025-01-03 08:00:00,84170.61280333507
2025-01-03 09:00:00,103764.20618934244
2025-01-03 10:00:00,135855.82869419316
2025-01-03 11:00:00,177543.37051527857
2025-01-03 12:00:00,222282.9546837916
2025-01-03 13:00:00,263219.48429524805
2025-01-03 14:00:00,298241.82837548235
2025-01-03 15:00:00,314446.0215045254
2025-01-03 16:00:00,296144.8375443301
2025-01-03 17:00:00,268080.9765206248
2025-01-03 18:00:00,240123.9365469035
2025-01-03 19:00:00,212320.73082145018
2025-01-03 20:00:00,212320.73082145018
2025-01-03 21:00:00,212320.73082145018
2025-01-03 22:00:00,186815.262713471
2025-01-03 23:00:00,162329.85536864478
2025-01-04 00:00:00,138700.30381433212
2025-01-04 01:00:00,115403.43355276334
2025-01-04 02:00:00,99778.16761561923
2025-01-04 03:00:00,78189.20495749361
2025-01-04 04:00:00,56842.50899202749
2025-01-04 05:00:00,34994.26283591527
2025-01-04 06:00:00,12127.547438062327
2025-01-04 07:00:00,-0.0
2025-01-04 08:00:00,-0.0
2025-01-04 09:00:00,40062.43046331699
2025-01-04 10:00:00,105075.51974457517
2025-01-04 11:00:00,169566.26488128275
2025-01-04 12:00:00,231131.2996494071
2025-01-04 13:00:00,286025.982025333
2025-01-04 14:00:00,336634.60226581333
2025-01-04 15:00:00,361232.33982734353
2025-01-04 16:00:00,345082.8619803023
2025-01-04 17:00:00,318150.564158148
2025-01-04 18:00:00,291039.253856962
2025-01-04 19:00:00,264262.0618201656
2025-01-04 20:00:00,238145.12173287343
2025-01-04 21:00:00,212534.6653772833
2025-01-04 22:00:00,187723.97924802595
2025-01-04 23:00:00,163776.16066126898
2025-01-05 00:00:00,140560.52772321837
2025-01-05 01:00:00,118070.80411172082
2025-01-05 02:00:00,96510.865154188
2025-01-05 03:00:00,75246.11812590645
2025-01-05 04:00:00,54042.145028312276
2025-01-05 05:00:00,32360.312206686307
2025-01-05 06:00:00,9886.840816156815
2025-01-05 07:00:00,-0.0
2025-01-05 08:00:00,-0.0
2025-01-05 09:00:00,-0.0
2025-01-05 10:00:00,32424.970566699936
2025-01-05 11:00:00,101419.33887794417
2025-01-05 12:00:00,170571.45788878374
2025-01-05 13:00:00,241852.2348223122
2025-01-05 14:00:00,312096.51914774394
2025-01-05 15:00:00,356064.4346939452
2025-01-05 16:00:00,347585.11556825496
2025-01-05 17:00:00,321479.1569122544
2025-01-05 18:00:00,295021.7389587831
2025-01-05 19:00:00,268706.2182499209
2025-01-05 20:00:00,242866.8839184602
2025-01-05 21:00:00,217406.3533887935
2025-01-05 22:00:00,193306.65969862102
2025-01-05 23:00:00,170343.17424592358
2025-01-06 00:00:00,147678.14522708752
2025-01-06 01:00:00,125286.7052210794
2025-01-06 02:00:00,103836.82081622453
2025-01-06 03:00:00,82716.34165508184
2025-01-06 04:00:00,61093.164045489684
2025-01-06 05:00:00,37868.91702092907
2025-01-06 06:00:00,12499.456311550986
2025-01-06 07:00:00,-0.0
2025-01-06 08:00:00,-0.0
2025-01-06 09:00:00,6134.931518227459
2025-01-06 10:00:00,77003.66393886934
2025-01-06 11:00:00,144675.14290087478
2025-01-06 12:00:00,211685.45793763013
2025-01-06 13:00:00,278370.43646562693
2025-01-06 14:00:00,338231.7135533771
2025-01-06 15:00:00,370775.9177324893
2025-01-06 16:00:00,358608.0557031557
2025-01-06 17:00:00,330514.52988588065
2025-01-06 18:00:00,302391.02641002793
2025-01-06 19:00:00,274274.4245305462
2025-01-06 20:00:00,246901.51757691582
2025-01-06 21:00:00,220203.43010552527
2025-01-06 22:00:00,220203.43010552527
2025-01-06 23:00:00,198779.79816711007
2025-01-07 00:00:00,175196.66974588143
2025-01-07 01:00:00,152250.58221410651
2025-01-07 02:00:00,130165.56147108885
2025-01-07 03:00:00,108399.92890389619
2025-01-07 04:00:00,86204.86196610042
2025-01-07 05:00:00,62688.46943990661
2025-01-07 06:00:00,36982.89637130441
2025-01-07 07:00:00,16895.187049055035
2025-01-07 08:00:00,29691.282161666662
2025-01-07 09:00:00,70406.98817891217
2025-01-07 10:00:00,123451.32365536608
2025-01-07 11:00:00,177168.53414735885
2025-01-07 12:00:00,234460.09516942262
2025-01-07 13:00:00,291897.67530790484
2025-01-07 14:00:00,341434.2695972622
2025-01-07 15:00:00,370775.9177324893
2025-01-07 16:00:00,356265.74271589675
2025-01-07 17:00:00,328141.490922039
2025-01-07 18:00:00,307651.66583348927
2025-01-07 19:00:00,279764.52712411643
2025-01-07 20:00:00,252612.01627994596
2025-01-07 21:00:00,226177.258337507
2025-01-07 22:00:00,201163.84900294477
2025-01-07 23:00:00,177608.3255949527
2025-01-08 00:00:00,154547.24499834343
2025-01-08 01:00:00,132146.5224372212
2025-01-08 02:00:00,110359.84466554248
2025-01-08 03:00:00,88703.83455951649
2025-01-08 04:00:00,67127.54426847554
2025-01-08 05:00:00,44339.248136957816
2025-01-08 06:00:00,19689.868187870878
2025-01-08 07:00:00,-0.0
2025-01-08 08:00:00,-0.0
2025-01-08 09:00:00,-0.0
2025-01-08 10:00:00,50805.69323835702
2025-01-08 11:00:00,108696.72361189203
2025-01-08 12:00:00,172124.77179716728
2025-01-08 13:00:00,241159.3062132356
2025-01-08 14:00:00,310818.3035809125
2025-01-08 15:00:00,359389.980250406
2025-01-08 16:00:00,351686.29685184726
2025-01-08 17:00:00,325245.4955710489
2025-01-08 18:00:00,297849.63854541373
2025-01-08 19:00:00,270762.89513820375
2025-01-08 20:00:00,244079.29064129805
2025-01-08 21:00:00,217959.08400761854
2025-01-08 22:00:00,193217.24940145033
2025-01-08 23:00:00,169652.72506973846
2025-01-09 00:00:00,146532.39745875093
2025-01-09 01:00:00,124170.61023366326
2025-01-09 02:00:00,102236.50743058848
2025-01-09 03:00:00,80619.78615369713
2025-01-09 04:00:00,58681.36272643889
2025-01-09 05:00:00,35454.76903360175
2025-01-09 06:00:00,9854.213353717792
2025-01-09 07:00:00,-0.0
2025-01-09 08:00:00,-0.0
2025-01-09 09:00:00,-0.0
2025-01-09 10:00:00,21448.103310619044
2025-01-09 11:00:00,94853.6345220861
2025-01-09 12:00:00,167486.8421850307
2025-01-09 13:00:00,239566.4433693957
2025-01-09 14:00:00,307406.5945895072
2025-01-09 15:00:00,357033.70680877904
2025-01-09 16:00:00,352411.43127247976
2025-01-09 17:00:00,325199.1056698171
2025-01-09 18:00:00,297600.9469262172
2025-01-09 19:00:00,270144.40037213935
2025-01-09 20:00:00,243395.22679951807
2025-01-09 21:00:00,217175.36747858848
2025-01-09 22:00:00,192301.7505766247
2025-01-09 23:00:00,168755.02224283403
2025-01-10 00:00:00,145347.1532821036
2025-01-10 01:00:00,122824.42231286691
2025-01-10 02:00:00,101095.35600447873
2025-01-10 03:00:00,79625.89748143483
2025-01-10 04:00:00,57881.70412060524
2025-01-10 05:00:00,34745.931848548935
2025-01-10 06:00:00,9803.478804446473
2025-01-10 07:00:00,-0.0
2025-01-10 08:00:00,-0.0
2025-01-10 09:00:00,-0.0
2025-01-10 10:00:00,29065.36920404699
2025-01-10 11:00:00,99798.53617960306
2025-01-10 12:00:00,170206.8631291319
2025-01-10 13:00:00,239391.36666200298
2025-01-10 14:00:00,304878.4305077903
2025-01-10 15:00:00,351936.9172693109
2025-01-10 16:00:00,345797.5478441289
2025-01-10 17:00:00,319274.2251075672
2025-01-10 18:00:00,292256.9780276726
2025-01-10 19:00:00,265470.95862138714
2025-01-10 20:00:00,239047.41237944074
2025-01-10 21:00:00,212951.13312283915
2025-01-10 22:00:00,187960.0818555514
2025-01-10 23:00:00,163791.67938223298
2025-01-11 00:00:00,140233.37734199828
2025-01-11 01:00:00,117615.70404355101
2025-01-11 02:00:00,95892.41913767226
2025-01-11 03:00:00,74478.22032997037
2025-01-11 04:00:00,52967.34677297284
2025-01-11 05:00:00,30792.607982662797
2025-01-11 06:00:00,7604.86046670764
2025-01-11 07:00:00,-0.0
2025-01-11 08:00:00,-0.0
2025-01-11 09:00:00,-0.0
2025-01-11 10:00:00,32961.38642439418
2025-01-11 11:00:00,103184.040521163
2025-01-11 12:00:00,167856.79775258648
2025-01-11 13:00:00,228745.26822700098
2025-01-11 14:00:00,287629.49405902857
2025-01-11 15:00:00,334869.2886977338
2025-01-11 16:00:00,331368.3126645552
2025-01-11 17:00:00,305857.54352264444
2025-01-11 18:00:00,279863.3380752888
2025-01-11 19:00:00,254242.84832180967
2025-01-11 20:00:00,228952.30528463016
2025-01-11 21:00:00,204014.54128623803
2025-01-11 22:00:00,179990.02189622086
2025-01-11 23:00:00,156968.07169758136
2025-01-12 00:00:00,134365.37569664654
2025-01-12 01:00:00,112447.78474323983
2025-01-12 02:00:00,90907.0712048089
2025-01-12 03:00:00,69666.16682142949
2025-01-12 04:00:00,48732.93376693275
2025-01-12 05:00:00,27467.20481665267
2025-01-12 06:00:00,5283.048715905407
2025-01-12 07:00:00,-0.0
2025-01-12 08:00:00,-0.0
2025-01-12 09:00:00,-0.0
2025-01-12 10:00:00,-0.0
2025-01-12 11:00:00,64427.475701938296
2025-01-12 12:00:00,141233.5910010785
2025-01-12 13:00:00,219110.09615778024
2025-01-12 14:00:00,296553.0824871274
2025-01-12 15:00:00,351652.38994481
2025-01-12 16:00:00,349746.4818934535
2025-01-12 17:00:00,324330.7553029418
2025-01-12 18:00:00,297895.41255944106
2025-01-12 19:00:00,271698.55380682
2025-01-12 20:00:00,245929.972275728
2025-01-12 21:00:00,220566.57886356866
2025-01-12 22:00:00,196536.76623395266
2025-01-12 23:00:00,173438.7248854549
2025-01-13 00:00:00,150379.2492069496
2025-01-13 01:00:00,127921.41357436164
2025-01-13 02:00:00,105686.01360859054
2025-01-13 03:00:00,83494.9181594968
2025-01-13 04:00:00,61183.216615371
2025-01-13 05:00:00,37200.68885847509
2025-01-13 06:00:00,10822.798505402354
2025-01-13 07:00:00,-0.0
2025-01-13 08:00:00,-0.0
2025-01-13 09:00:00,-0.0
2025-01-13 10:00:00,13547.785406686016
2025-01-13 11:00:00,89461.09991573957
2025-01-13 12:00:00,165922.7345374318
2025-01-13 13:00:00,241822.53210394483
2025-01-13 14:00:00,316391.8918948152
2025-01-13 15:00:00,370775.9177324893
2025-01-13 16:00:00,365800.2564861198
2025-01-13 17:00:00,337583.4748770328
2025-01-13 18:00:00,308924.6073731249
2025-01-13 19:00:00,280713.6325399041
2025-01-13 20:00:00,253013.11347943178
2025-01-13 21:00:00,225822.24348729823
2025-01-13 22:00:00,200173.2503649335
2025-01-13 23:00:00,176083.21839329114
2025-01-14 00:00:00,152050.426029547
2025-01-14 01:00:00,128605.55174251627
2025-01-14 02:00:00,105593.817965964
2025-01-14 03:00:00,82707.42428683345
2025-01-14 04:00:00,59506.361675917826
2025-01-14 05:00:00,34725.836894561086
2025-01-14 06:00:00,7206.536579438818
2025-01-14 07:00:00,-0.0
2025-01-14 08:00:00,-0.0
2025-01-14 09:00:00,-0.0
2025-01-14 10:00:00,24956.777357788742
2025-01-14 11:00:00,100832.38219069684
2025-01-14 12:00:00,177189.32525083935
2025-01-14 13:00:00,252495.2597904058
2025-01-14 14:00:00,319987.57705446717
2025-01-14 15:00:00,370775.9177324893
2025-01-14 16:00:00,366897.2122379965
2025-01-14 17:00:00,338727.1388150127
2025-01-14 18:00:00,310271.81049156346
2025-01-14 19:00:00,282113.0786493406
2025-01-14 20:00:00,254404.60144939696
2025-01-14 21:00:00,227384.35932257172
2025-01-14 22:00:00,201846.80217912342
2025-01-14 23:00:00,177980.02775764058
2025-01-15 00:00:00,154555.84386859654
2025-01-15 01:00:00,131467.31526583663
2025-01-15 02:00:00,108145.59271473304
2025-01-15 03:00:00,85179.27035955673
2025-01-15 04:00:00,62356.0511814669
2025-01-15 05:00:00,37824.358476615664
2025-01-15 06:00:00,10717.631743008178
2025-01-15 07:00:00,-0.0
2025-01-15 08:00:00,-0.0
2025-01-15 09:00:00,-0.0
2025-01-15 10:00:00,33361.683038007905
2025-01-15 11:00:00,106891.73507882838
2025-01-15 12:00:00,182127.1861286764
2025-01-15 13:00:00,256271.587626973
2025-01-15 14:00:00,318687.30102343636
2025-01-15 15:00:00,366697.9097777301
2025-01-15 16:00:00,364447.56593412615
2025-01-15 17:00:00,336702.5564521546
2025-01-15 18:00:00,308555.1204143609
2025-01-15 19:00:00,280683.4280905522
2025-01-15 20:00:00,253391.97026452713
2025-01-15 21:00:00,226709.41155497963
2025-01-15 22:00:00,201368.48584520715
2025-01-15 23:00:00,177413.84110686375
2025-01-16 00:00:00,154003.40801013028
2025-01-16 01:00:00,131014.39374918908
2025-01-16 02:00:00,108331.79032903883
2025-01-16 03:00:00,85869.71067422724
2025-01-16 04:00:00,63061.627459877374
2025-01-16 05:00:00,38640.63112146982
2025-01-16 06:00:00,11592.49890015559
2025-01-16 07:00:00,-0.0
2025-01-16 08:00:00,-0.0
2025-01-16 09:00:00,732.1983545653638
2025-01-16 10:00:00,76147.29507413154
2025-01-16 11:00:00,146569.61990171985
2025-01-16 12:00:00,210492.6880864758
2025-01-16 13:00:00,274840.67212151916
2025-01-16 14:00:00,332164.756519013
2025-01-16 15:00:00,370775.9177324893
2025-01-16 16:00:00,363918.6262433172
2025-01-16 17:00:00,336490.7110824258
2025-01-16 18:00:00,308059.66799204366
2025-01-16 19:00:00,280050.65295340726
2025-01-16 20:00:00,252214.00569265423
2025-01-16 21:00:00,224934.12401329743
2025-01-16 22:00:00,198994.37179928756
2025-01-16 23:00:00,174564.6067242351
2025-01-17 00:00:00,150740.36166643232
2025-01-17 01:00:00,132079.78360266867
2025-01-17 02:00:00,109321.83194760495
2025-01-17 03:00:00,86751.47868640535
2025-01-17 04:00:00,63843.64794599019
2025-01-17 05:00:00,39380.81933533588
2025-01-17 06:00:00,12492.788667891487
2025-01-17 07:00:00,-0.0
2025-01-17 08:00:00,-0.0
2025-01-17 09:00:00,5475.960369142616
2025-01-17 10:00:00,68604.0874774107
2025-01-17 11:00:00,131709.31851831355
2025-01-17 12:00:00,191159.9842587253
2025-01-17 13:00:00,250833.34684530643
2025-01-17 14:00:00,308011.26853319095
2025-01-17 15:00:00,355582.86628282885
2025-01-17 16:00:00,354702.65170341113
2025-01-17 17:00:00,327451.6296073612
2025-01-17 18:00:00,299461.2834374995
2025-01-17 19:00:00,271709.0890401674
2025-01-17 20:00:00,244117.15904330747
2025-01-17 21:00:00,217276.36142483377
2025-01-17 22:00:00,191535.18462939322
2025-01-17 23:00:00,167175.79629559597
2025-01-18 00:00:00,143125.98615886774
2025-01-18 01:00:00,119774.81916402059
2025-01-18 02:00:00,97266.01285228251
2025-01-18 03:00:00,75182.77166731501
2025-01-18 04:00:00,53379.17393822479
2025-01-18 05:00:00,30675.009452287853
2025-01-18 06:00:00,7032.363961714486
2025-01-18 07:00:00,-0.0
2025-01-18 08:00:00,-0.0
2025-01-18 09:00:00,-0.0
2025-01-18 10:00:00,-0.0
2025-01-18 11:00:00,44885.834556883754
2025-01-18 12:00:00,121959.74278388623
2025-01-18 13:00:00,199676.1078005319
2025-01-18 14:00:00,277222.40315570595
2025-01-18 15:00:00,335450.30917179934
2025-01-18 16:00:00,337087.5156889196
2025-01-18 17:00:00,311718.20417581056
2025-01-18 18:00:00,285430.6595861174
2025-01-18 19:00:00,259428.90154558897
2025-01-18 20:00:00,233761.1717805147
2025-01-18 21:00:00,208519.39145697744
2025-01-18 22:00:00,184111.60777238783
2025-01-18 23:00:00,160896.0271658161
2025-01-19 00:00:00,137925.50971939252
2025-01-19 01:00:00,115376.64244202114
2025-01-19 02:00:00,93403.35331925843
2025-01-19 03:00:00,71778.03345101762
2025-01-19 04:00:00,50227.05056240417
2025-01-19 05:00:00,28169.99950964513
2025-01-19 06:00:00,5093.121368147852
2025-01-19 07:00:00,-0.0
2025-01-19 08:00:00,-0.0
2025-01-19 09:00:00,-0.0
2025-01-19 10:00:00,-0.0
2025-01-19 11:00:00,38598.84064984397
2025-01-19 12:00:00,119206.45468060339
2025-01-19 13:00:00,199172.26441208887
2025-01-19 14:00:00,279177.8428433194
2025-01-19 15:00:00,341051.4686744195
2025-01-19 16:00:00,343970.20441547834
2025-01-19 17:00:00,318667.38793537545
2025-01-19 18:00:00,292053.6087075122
2025-01-19 19:00:00,265473.4715955618
2025-01-19 20:00:00,239324.6393203686
2025-01-19 21:00:00,213823.83777499147
2025-01-19 22:00:00,189544.7352838528
2025-01-19 23:00:00,166463.80643647458
2025-01-20 00:00:00,143533.63298375116
2025-01-20 01:00:00,121311.29470044613
2025-01-20 02:00:00,99437.59532717532
2025-01-20 03:00:00,77670.56745450757
2025-01-20 04:00:00,55362.70075812019
2025-01-20 05:00:00,31813.587995295467
2025-01-20 06:00:00,6797.32792984898
2025-01-20 07:00:00,-0.0
2025-01-20 08:00:00,-0.0
2025-01-20 09:00:00,-0.0
2025-01-20 10:00:00,-0.0
2025-01-20 11:00:00,69115.40698948927
2025-01-20 12:00:00,149122.04257973633
2025-01-20 13:00:00,229852.30228409817
2025-01-20 14:00:00,305945.75616127765
2025-01-20 15:00:00,363618.5974903186
2025-01-20 16:00:00,363998.1250477917
2025-01-20 17:00:00,337073.8389638592
2025-01-20 18:00:00,309081.70359840913
2025-01-20 19:00:00,281129.9924521969
2025-01-20 20:00:00,253480.76560758828
2025-01-20 21:00:00,226647.49854964484
2025-01-20 22:00:00,201186.79593199014
2025-01-20 23:00:00,176996.13978977772
2025-01-21 00:00:00,153231.2586251896
2025-01-21 01:00:00,129940.55006164165
2025-01-21 02:00:00,106685.36719573091
2025-01-21 03:00:00,83727.64342979579
2025-01-21 04:00:00,60497.402653672674
2025-01-21 05:00:00,35646.5659155892
2025-01-21 06:00:00,8199.654279083132
2025-01-21 07:00:00,-0.0
2025-01-21 08:00:00,-0.0
2025-01-21 09:00:00,-0.0
2025-01-21 10:00:00,14838.742052002213
2025-01-21 11:00:00,94703.64645469881
2025-01-21 12:00:00,171726.22703677675
2025-01-21 13:00:00,245524.67283359362
2025-01-21 14:00:00,315728.0525905699
2025-01-21 15:00:00,370775.9177324893
2025-01-21 16:00:00,368882.41605629027
2025-01-21 17:00:00,341237.76148706436
2025-01-21 18:00:00,312605.6883023219
2025-01-21 19:00:00,284159.68826473824
2025-01-21 20:00:00,256170.46468868857
2025-01-21 21:00:00,228843.1504909218
2025-01-21 22:00:00,202988.59930887498
2025-01-21 23:00:00,178497.80528757782
2025-01-22 00:00:00,154627.61757421278
2025-01-22 01:00:00,131342.5882642272
2025-01-22 02:00:00,108352.97637708011
2025-01-22 03:00:00,85401.6436702186
2025-01-22 04:00:00,62018.98188879568
2025-01-22 05:00:00,44874.977489564655
2025-01-22 06:00:00,17401.223344464124
2025-01-22 07:00:00,-0.0
2025-01-22 08:00:00,-0.0
2025-01-22 09:00:00,-0.0
2025-01-22 10:00:00,11187.22692310634
2025-01-22 11:00:00,86213.58680818051
2025-01-22 12:00:00,162548.26848679327
2025-01-22 13:00:00,238515.41945467162
2025-01-22 14:00:00,308140.7027043332
2025-01-22 15:00:00,359406.50489470735
2025-01-22 16:00:00,360175.92053841625
2025-01-22 17:00:00,332403.7950969349
2025-01-22 18:00:00,303921.53133143403
2025-01-22 19:00:00,275909.24874713056
2025-01-22 20:00:00,248349.24168183515
2025-01-22 21:00:00,221260.62485490367
2025-01-22 22:00:00,195774.93850658913
2025-01-22 23:00:00,171721.7342909237
2025-01-23 00:00:00,148238.33749688236
2025-01-23 01:00:00,125569.0728042358
2025-01-23 02:00:00,103323.48145107561
2025-01-23 03:00:00,81143.03404018466
2025-01-23 04:00:00,58473.00005287307
2025-01-23 05:00:00,34209.843581898305
2025-01-23 06:00:00,7472.068971768499
2025-01-23 07:00:00,-0.0
2025-01-23 08:00:00,-0.0
2025-01-23 09:00:00,-0.0
2025-01-23 10:00:00,-0.0
2025-01-23 11:00:00,70080.87437810564
2025-01-23 12:00:00,146466.89245474915
2025-01-23 13:00:00,221929.57968765276
2025-01-23 14:00:00,296266.08911448414
2025-01-23 15:00:00,353683.93699176225
2025-01-23 16:00:00,358937.63717005984
2025-01-23 17:00:00,332061.26396869606
2025-01-23 18:00:00,304267.60302658286
2025-01-23 19:00:00,276547.9585740674
2025-01-23 20:00:00,249483.16679923335
2025-01-23 21:00:00,223024.36058373333
2025-01-23 22:00:00,197853.80888215953
2025-01-23 23:00:00,173962.103873147
2025-01-24 00:00:00,150401.0961670644
2025-01-24 01:00:00,127453.80732184551
2025-01-24 02:00:00,104952.86415264955
2025-01-24 03:00:00,82585.06831856497
2025-01-24 04:00:00,59834.889075026935
2025-01-24 05:00:00,35582.238059371644
2025-01-24 06:00:00,8793.977456924975
2025-01-24 07:00:00,-0.0
2025-01-24 08:00:00,-0.0
2025-01-24 09:00:00,-0.0
2025-01-24 10:00:00,10697.337826502175
2025-01-24 11:00:00,90836.26497113763
2025-01-24 12:00:00,168569.86001473822
2025-01-24 13:00:00,244607.4750379717
2025-01-24 14:00:00,317153.1472759568
2025-01-24 15:00:00,369985.447024421
2025-01-24 16:00:00,370775.9177324893
2025-01-24 17:00:00,344186.96961482504
2025-01-24 18:00:00,344186.96961482504
2025-01-24 19:00:00,317068.78297776036
2025-01-24 20:00:00,317068.78297776036
2025-01-24 21:00:00,290763.33578238747
2025-01-24 22:00:00,265475.3118366738
2025-01-24 23:00:00,256990.84708776488
2025-01-25 00:00:00,233717.80140711414
2025-01-25 01:00:00,211171.26769037836
2025-01-25 02:00:00,189395.83862100306
2025-01-25 03:00:00,167980.29585689062
2025-01-25 04:00:00,146405.63948625617
2025-01-25 05:00:00,124102.4610235599
2025-01-25 06:00:00,124102.4610235599
2025-01-25 07:00:00,105107.49627776857
2025-01-25 08:00:00,109559.7856662513
2025-01-25 09:00:00,137870.96245380977
2025-01-25 10:00:00,174439.2035472388
2025-01-25 11:00:00,210599.94668725092
2025-01-25 12:00:00,248204.06328234356
2025-01-25 13:00:00,283400.4435647952
2025-01-25 14:00:00,319969.12459780765
2025-01-25 15:00:00,345686.5304600568
2025-01-25 16:00:00,336732.02760886756
2025-01-25 17:00:00,336732.02760886756
2025-01-25 18:00:00,309269.69024872064
2025-01-25 19:00:00,309269.69024872064
2025-01-25 20:00:00,283316.4848000789
2025-01-25 21:00:00,257904.32904953428
2025-01-25 22:00:00,233514.1082228913
2025-01-25 23:00:00,233514.1082228913
2025-01-26 00:00:00,210924.77476035684
2025-01-26 01:00:00,188864.03674588236
2025-01-26 02:00:00,167229.21554667206
2025-01-26 03:00:00,145861.311035592
2025-01-26 04:00:00,124612.16946176552
2025-01-26 05:00:00,103012.46912540635
2025-01-26 06:00:00,80904.43944348863
2025-01-26 07:00:00,67934.24353808997
2025-01-26 08:00:00,74014.43424418577
2025-01-26 09:00:00,94619.56855966209
2025-01-26 10:00:00,130806.03589710797
2025-01-26 11:00:00,167992.66254741763
2025-01-26 12:00:00,196397.617264471
2025-01-26 13:00:00,226231.13085749323
2025-01-26 14:00:00,247325.52773270715
2025-01-26 15:00:00,256278.98471771769
2025-01-26 16:00:00,243201.3756505306
2025-01-26 17:00:00,216555.99660164793
2025-01-26 18:00:00,216555.99660164793
2025-01-26 19:00:00,216555.99660164793
2025-01-26 20:00:00,216555.99660164793
2025-01-26 21:00:00,190140.18032081187
2025-01-26 22:00:00,165058.58732355334
2025-01-26 23:00:00,141389.92580274685
2025-01-27 00:00:00,117663.03133305897
2025-01-27 01:00:00,94594.67124811656
2025-01-27 02:00:00,72128.70843123438
2025-01-27 03:00:00,49910.11589322424
2025-01-27 04:00:00,27094.828507562357
2025-01-27 05:00:00,27094.828507562357
2025-01-27 06:00:00,-0.0
2025-01-27 07:00:00,-0.0
2025-01-27 08:00:00,-0.0
2025-01-27 09:00:00,36352.43158791189
2025-01-27 10:00:00,96960.59089310441
2025-01-27 11:00:00,160087.59900944238
2025-01-27 12:00:00,219259.66047577525
2025-01-27 13:00:00,273122.5112710229
2025-01-27 14:00:00,324926.87178644293
2025-01-27 15:00:00,368379.4629611469
2025-01-27 16:00:00,370775.9177324893
2025-01-27 17:00:00,343607.01929062884
2025-01-27 18:00:00,314476.0953066879
2025-01-27 19:00:00,285700.5838529736
2025-01-27 20:00:00,257244.15169328928
2025-01-27 21:00:00,229344.11275364447
2025-01-27 22:00:00,203028.62552170767
2025-01-27 23:00:00,177999.4471090656
2025-01-28 00:00:00,153523.591800223
2025-01-28 01:00:00,129789.58630094929
2025-01-28 02:00:00,106017.97750131888
2025-01-28 03:00:00,82523.7766971078
2025-01-28 04:00:00,58806.31375321823
2025-01-28 05:00:00,39235.11695096364
2025-01-28 06:00:00,11029.500352850184
2025-01-28 07:00:00,-0.0
2025-01-28 08:00:00,-0.0
2025-01-28 09:00:00,-0.0
2025-01-28 10:00:00,36075.96018385992
2025-01-28 11:00:00,110748.16697705718
2025-01-28 12:00:00,182340.2438966441
2025-01-28 13:00:00,251438.53326215086
2025-01-28 14:00:00,316244.52010078495
2025-01-28 15:00:00,366852.08687814133
2025-01-28 16:00:00,370775.9177324893
2025-01-28 17:00:00,342852.9287874259
2025-01-28 18:00:00,313197.4837344637
2025-01-28 19:00:00,284123.8121818194
2025-01-28 20:00:00,255838.31922527408
2025-01-28 21:00:00,228220.76139449963
2025-01-28 22:00:00,202134.64672709227
2025-01-28 23:00:00,177376.53256795654
2025-01-29 00:00:00,152988.59427859914
2025-01-29 01:00:00,132165.1268120485
2025-01-29 02:00:00,108690.55972863577
2025-01-29 03:00:00,85631.9462788655
2025-01-29 04:00:00,62311.43751006677
2025-01-29 05:00:00,37550.74242217955
2025-01-29 06:00:00,10279.934366635298
2025-01-29 07:00:00,-0.0
2025-01-29 08:00:00,-0.0
2025-01-29 09:00:00,-0.0
2025-01-29 10:00:00,24328.32974383721
2025-01-29 11:00:00,98398.35251971657
2025-01-29 12:00:00,170258.4781135255
2025-01-29 13:00:00,238872.0328591123
2025-01-29 14:00:00,303920.8049668109
2025-01-29 15:00:00,355004.2326310423
2025-01-29 16:00:00,365461.47332598077
2025-01-29 17:00:00,338732.453089061
2025-01-29 18:00:00,309801.27571047435
2025-01-29 19:00:00,281100.8796415744
2025-01-29 20:00:00,252882.5358001562
2025-01-29 21:00:00,225136.8088646343
2025-01-29 22:00:00,198779.4619308543
2025-01-29 23:00:00,173914.71478133296
2025-01-30 00:00:00,149679.06491667626
2025-01-30 01:00:00,126060.66647850018
2025-01-30 02:00:00,102765.34440166599
2025-01-30 03:00:00,79851.93158764325
2025-01-30 04:00:00,56707.76785237013
2025-01-30 05:00:00,31969.607739056657
2025-01-30 06:00:00,4848.407223579894
2025-01-30 07:00:00,-0.0
2025-01-30 08:00:00,-0.0
2025-01-30 09:00:00,-0.0
2025-01-30 10:00:00,23252.820712707442
2025-01-30 11:00:00,101901.94257190521
2025-01-30 12:00:00,178844.3117509415
2025-01-30 13:00:00,248404.14655366313
2025-01-30 14:00:00,311207.6566807879
2025-01-30 15:00:00,360087.93818263727
2025-01-30 16:00:00,370775.9177324893
2025-01-30 17:00:00,343527.4457706996
2025-01-30 18:00:00,313949.5692770697
2025-01-30 19:00:00,284527.97419226257
2025-01-30 20:00:00,255540.30223734255
2025-01-30 21:00:00,227140.8717304872
2025-01-30 22:00:00,200084.95256890278
2025-01-30 23:00:00,174613.55371887964
2025-01-31 00:00:00,149732.94828658795
2025-01-31 01:00:00,125874.38275422121
2025-01-31 02:00:00,102521.52455536171
2025-01-31 03:00:00,79269.66728926546
2025-01-31 04:00:00,61987.61054825617
2025-01-31 05:00:00,37007.74775769382
2025-01-31 06:00:00,9608.351065293411
2025-01-31 07:00:00,-0.0
2025-01-31 08:00:00,-0.0
2025-01-31 09:00:00,45691.2780955862
2025-01-31 10:00:00,98843.2789377975
2025-01-31 11:00:00,157985.69203800216
2025-01-31 12:00:00,222737.37311272445
2025-01-31 13:00:00,281204.67528988916
2025-01-31 14:00:00,333581.33716458833
2025-01-31 15:00:00,366147.71167985944
2025-01-31 16:00:00,361197.4681298355
2025-01-31 17:00:00,333339.53713689256
2025-01-31 18:00:00,304424.6628375672
2025-01-31 19:00:00,276096.9588501307
2025-01-31 20:00:00,247798.18278527522
2025-01-31 21:00:00,220012.4895985523
2025-01-31 22:00:00,193682.6921252231
2025-01-31 23:00:00,168731.10848857358
2025-02-01 00:00:00,144424.66333623973
2025-02-01 01:00:00,121044.73156493221
2025-02-01 02:00:00,98593.98734737572
2025-02-01 03:00:00,76621.2681640239
2025-02-01 04:00:00,54802.58691862281
2025-02-01 05:00:00,32497.12144823432
2025-02-01 06:00:00,9039.12505787289
2025-02-01 07:00:00,-0.0
2025-02-01 08:00:00,-0.0
2025-02-01 09:00:00,10420.052197891906
2025-02-01 10:00:00,71508.80643047838
2025-02-01 11:00:00,130237.51272049616
2025-02-01 12:00:00,187135.3483858293
2025-02-01 13:00:00,241172.77541869076
2025-02-01 14:00:00,290477.6488931531
2025-02-01 15:00:00,323980.04259243817
2025-02-01 16:00:00,324155.3413808469
2025-02-01 17:00:00,299148.1853651979
2025-02-01 18:00:00,272839.826052572
2025-02-01 19:00:00,247034.0847358355
2025-02-01 20:00:00,221759.54923355326
2025-02-01 21:00:00,196971.93426729096
2025-02-01 22:00:00,172812.52465915467
2025-02-01 23:00:00,149790.2957816341
2025-02-02 00:00:00,127162.03408027024
2025-02-02 01:00:00,104961.02718230907
2025-02-02 02:00:00,83309.1352830735
2025-02-02 03:00:00,62465.309508302555
2025-02-02 04:00:00,42057.71572354391
2025-02-02 05:00:00,21275.005472909677
2025-02-02 06:00:00,-0.0
2025-02-02 07:00:00,-0.0
2025-02-02 08:00:00,-0.0
2025-02-02 09:00:00,6458.009955398396
2025-02-02 10:00:00,67121.08627048603
2025-02-02 11:00:00,123747.86359720884
2025-02-02 12:00:00,177346.54507603473
2025-02-02 13:00:00,228707.89811624205
2025-02-02 14:00:00,273994.13645593193
2025-02-02 15:00:00,314630.19427310186
2025-02-02 16:00:00,331514.550183168
2025-02-02 17:00:00,307994.43453930324
2025-02-02 18:00:00,281831.67955156206
2025-02-02 19:00:00,255901.6534274064
2025-02-02 20:00:00,230432.23372047965
2025-02-02 21:00:00,205705.44133022198
2025-02-02 22:00:00,181683.94290727135
2025-02-02 23:00:00,158994.24590276706
2025-02-03 00:00:00,136893.14435487875
2025-02-03 01:00:00,115743.6353003495
2025-02-03 02:00:00,94708.88194166071
2025-02-03 03:00:00,73480.54343039531
2025-02-03 04:00:00,52309.972737022996
2025-02-03 05:00:00,29695.467544313622
2025-02-03 06:00:00,4916.958989267707
2025-02-03 07:00:00,-0.0
2025-02-03 08:00:00,-0.0
2025-02-03 09:00:00,38022.493916388106
2025-02-03 10:00:00,93612.94470307659
2025-02-03 11:00:00,152777.47703490342
2025-02-03 12:00:00,213235.81839850717
2025-02-03 13:00:00,272813.0431843902
2025-02-03 14:00:00,319641.10669157864
2025-02-03 15:00:00,352594.32615566684
2025-02-03 16:00:00,353210.80345780065
2025-02-03 17:00:00,326476.26675312244
2025-02-03 18:00:00,297751.44019593345
2025-02-03 19:00:00,269576.0682479495
2025-02-03 20:00:00,242202.22726230786
2025-02-03 21:00:00,215470.23326150296
2025-02-03 22:00:00,189979.855377374
2025-02-03 23:00:00,165990.52124847006
2025-02-04 00:00:00,143178.97854528076
2025-02-04 01:00:00,120633.52927427905
2025-02-04 02:00:00,98199.87056022494
2025-02-04 03:00:00,76112.71675042284
2025-02-04 04:00:00,54308.915759617026
2025-02-04 05:00:00,31275.030835863825
2025-02-04 06:00:00,6143.507595252247
2025-02-04 07:00:00,-0.0
2025-02-04 08:00:00,-0.0
2025-02-04 09:00:00,21114.70441812552
2025-02-04 10:00:00,92334.00634013624
2025-02-04 11:00:00,160119.44624373282
2025-02-04 12:00:00,224715.2138029133
2025-02-04 13:00:00,276812.8936930299
2025-02-04 14:00:00,320354.515539867
2025-02-04 15:00:00,354479.3450088218
2025-02-04 16:00:00,357507.8694979492
2025-02-04 17:00:00,330305.8422560146
2025-02-04 18:00:00,301473.7114310375
2025-02-04 19:00:00,273135.93663069676
2025-02-04 20:00:00,245312.8772027078
2025-02-04 21:00:00,218301.6364454835
2025-02-04 22:00:00,192668.35656591598
2025-02-04 23:00:00,168742.36779111266
2025-02-05 00:00:00,145376.28913815034
2025-02-05 01:00:00,122688.68163285415
2025-02-05 02:00:00,100250.29979589832
2025-02-05 03:00:00,78037.71140069506
2025-02-05 04:00:00,55576.867799055704
2025-02-05 05:00:00,31429.7659168212
2025-02-05 06:00:00,4913.974439335908
2025-02-05 07:00:00,-0.0
2025-02-05 08:00:00,-0.0
2025-02-05 09:00:00,-0.0
2025-02-05 10:00:00,41109.883585838375
2025-02-05 11:00:00,105850.75449456999
2025-02-05 12:00:00,168372.09740562591
2025-02-05 13:00:00,228110.80813752374
2025-02-05 14:00:00,282808.0112075199
2025-02-05 15:00:00,331870.88582762005
2025-02-05 16:00:00,350422.57137106446
2025-02-05 17:00:00,325706.2423447087
2025-02-05 18:00:00,297251.7189765574
2025-02-05 19:00:00,269090.2469010878
2025-02-05 20:00:00,241714.511183567
2025-02-05 21:00:00,215001.4118820578
2025-02-05 22:00:00,189287.49617822983
2025-02-05 23:00:00,165075.83076246295
2025-02-06 00:00:00,141749.01673443656
2025-02-06 01:00:00,119066.24990852892
2025-02-06 02:00:00,96466.47352907641
2025-02-06 03:00:00,74032.76260969916
2025-02-06 04:00:00,51560.67058253166
2025-02-06 05:00:00,27524.289303490918
2025-02-06 06:00:00,1884.5336701116296
2025-02-06 07:00:00,-0.0
2025-02-06 08:00:00,19598.792585783798
2025-02-06 09:00:00,72072.17895464538
2025-02-06 10:00:00,119864.1647812773
2025-02-06 11:00:00,171137.29000359203
2025-02-06 12:00:00,226044.94969726918
2025-02-06 13:00:00,276148.6769838792
2025-02-06 14:00:00,323119.5577823148
2025-02-06 15:00:00,355048.6764537255
2025-02-06 16:00:00,353118.7564033219
2025-02-06 17:00:00,325664.32155195525
2025-02-06 18:00:00,296937.76144927426
2025-02-06 19:00:00,268910.2109493429
2025-02-06 20:00:00,241507.05736750783
2025-02-06 21:00:00,214765.96199866198
2025-02-06 22:00:00,188967.03800337858
2025-02-06 23:00:00,164689.29927083303
2025-02-07 00:00:00,140988.60249963004
2025-02-07 01:00:00,118102.4477611454
2025-02-07 02:00:00,95551.95544304317
2025-02-07 03:00:00,73592.29079435582
2025-02-07 04:00:00,51677.04298434011
2025-02-07 05:00:00,28460.90609096427
2025-02-07 06:00:00,3259.6976594186413
2025-02-07 07:00:00,-0.0
2025-02-07 08:00:00,-0.0
2025-02-07 09:00:00,-0.0
2025-02-07 10:00:00,38650.890514948
2025-02-07 11:00:00,110291.80067932833
2025-02-07 12:00:00,177610.90966135619
2025-02-07 13:00:00,236112.33681600148
2025-02-07 14:00:00,289415.22468951344
2025-02-07 15:00:00,332587.57595907635
2025-02-07 16:00:00,340175.63265642297
2025-02-07 17:00:00,315589.16847203777
2025-02-07 18:00:00,288063.3331140619
2025-02-07 19:00:00,260637.86811698062
2025-02-07 20:00:00,233856.67140864857
2025-02-07 21:00:00,207544.76246148496
2025-02-07 22:00:00,182053.44480395375
2025-02-07 23:00:00,157936.8849435505
2025-02-08 00:00:00,134247.7656672002
2025-02-08 01:00:00,111359.26665428333
2025-02-08 02:00:00,89135.09376610693
2025-02-08 03:00:00,67404.88435864425
2025-02-08 04:00:00,45722.411175792105
2025-02-08 05:00:00,23354.340950874845
2025-02-08 06:00:00,-0.0
2025-02-08 07:00:00,-0.0
2025-02-08 08:00:00,-0.0
2025-02-08 09:00:00,-0.0
2025-02-08 10:00:00,32009.109305628626
2025-02-08 11:00:00,92758.44127279188
2025-02-08 12:00:00,154670.91878818438
2025-02-08 13:00:00,212479.36866953567
2025-02-08 14:00:00,263949.1328066778
2025-02-08 15:00:00,310686.4435530067
2025-02-08 16:00:00,330208.56387896085
2025-02-08 17:00:00,307964.8394002346
2025-02-08 18:00:00,281477.91667308647
2025-02-08 19:00:00,255261.61690465128
2025-02-08 20:00:00,229485.99693721946
2025-02-08 21:00:00,204186.2239820915
2025-02-08 22:00:00,179773.22496482957
2025-02-08 23:00:00,156566.33859796563
2025-02-09 00:00:00,133870.47491485317
2025-02-09 01:00:00,111816.6487201751
2025-02-09 02:00:00,90093.2351496511
2025-02-09 03:00:00,68491.15795053422
2025-02-09 04:00:00,46997.38297852648
2025-02-09 05:00:00,24721.285263486123
2025-02-09 06:00:00,1842.351187939332
2025-02-09 07:00:00,-0.0
2025-02-09 08:00:00,-0.0
2025-02-09 09:00:00,-0.0
2025-02-09 10:00:00,-0.0
2025-02-09 11:00:00,60695.624062587754
2025-02-09 12:00:00,133757.16767027622
2025-02-09 13:00:00,202816.1669350716
2025-02-09 14:00:00,267338.67359304935
2025-02-09 15:00:00,314485.0766496121
2025-02-09 16:00:00,329924.2770114342
2025-02-09 17:00:00,309177.2069806436
2025-02-09 18:00:00,283873.9428143584
2025-02-09 19:00:00,258592.04028346456
2025-02-09 20:00:00,233232.07161168664
2025-02-09 21:00:00,208252.19449073603
2025-02-09 22:00:00,184194.75322356125
2025-02-09 23:00:00,160958.23521771128
2025-02-10 00:00:00,137949.0347228189
2025-02-10 01:00:00,115608.04335662382
2025-02-10 02:00:00,93373.40843225432
2025-02-10 03:00:00,71235.79865651898
2025-02-10 04:00:00,48992.6648937947
2025-02-10 05:00:00,25372.526101378804
2025-02-10 06:00:00,-0.0
2025-02-10 07:00:00,-0.0
2025-02-10 08:00:00,-0.0
2025-02-10 09:00:00,-0.0
2025-02-10 10:00:00,-0.0
2025-02-10 11:00:00,40825.40538516879
2025-02-10 12:00:00,117078.29380355169
2025-02-10 13:00:00,194182.782740857
2025-02-10 14:00:00,270258.4662035292
2025-02-10 15:00:00,330042.9632376322
2025-02-10 16:00:00,356826.1812339351
2025-02-10 17:00:00,334031.6484594433
2025-02-10 18:00:00,305574.91534474
2025-02-10 19:00:00,277330.9650832974
2025-02-10 20:00:00,249207.85671949925
2025-02-10 21:00:00,221681.3564241293
2025-02-10 22:00:00,195469.70781484182
2025-02-10 23:00:00,170519.5095340878
2025-02-11 00:00:00,146452.25809104164
2025-02-11 01:00:00,123213.59127641187
2025-02-11 02:00:00,100540.9487694762
2025-02-11 03:00:00,77850.99997915413
2025-02-11 04:00:00,54817.9655651378
2025-02-11 05:00:00,30210.96832910444
2025-02-11 06:00:00,3362.7927210161533
2025-02-11 07:00:00,-0.0
2025-02-11 08:00:00,-0.0
2025-02-11 09:00:00,-0.0
2025-02-11 10:00:00,8399.332300350012
2025-02-11 11:00:00,82042.50924841106
2025-02-11 12:00:00,156689.31414853164
2025-02-11 13:00:00,236251.45870555443
2025-02-11 14:00:00,306447.67475870426
2025-02-11 15:00:00,359305.5461750106
2025-02-11 16:00:00,370775.9177324893
2025-02-11 17:00:00,344718.1340203149
2025-02-11 18:00:00,314907.33326508314
2025-02-11 19:00:00,314907.33326508314
2025-02-11 20:00:00,314907.33326508314
2025-02-11 21:00:00,286922.4061850384
2025-02-11 22:00:00,260534.59311144188
2025-02-11 23:00:00,235876.0467102651
2025-02-12 00:00:00,211063.63478800247
2025-02-12 01:00:00,197570.97006496572
2025-02-12 02:00:00,172975.23212381185
2025-02-12 03:00:00,148511.5799464292
2025-02-12 04:00:00,148511.5799464292
2025-02-12 05:00:00,148511.5799464292
2025-02-12 06:00:00,121514.02190686867
2025-02-12 07:00:00,121514.02190686867
2025-02-12 08:00:00,143566.8431075845
2025-02-12 09:00:00,181502.88061405427
2025-02-12 10:00:00,225532.66311985452
2025-02-12 11:00:00,275872.9151995098
2025-02-12 12:00:00,320020.0702824441
2025-02-12 13:00:00,353582.08703022014
2025-02-12 14:00:00,369159.74906596047
2025-02-12 15:00:00,370775.9177324893
2025-02-12 16:00:00,355616.4174311683
2025-02-12 17:00:00,326765.0033774517
2025-02-12 18:00:00,326765.0033774517
2025-02-12 19:00:00,326765.0033774517
2025-02-12 20:00:00,326765.0033774517
2025-02-12 21:00:00,299093.238926717
2025-02-12 22:00:00,299093.238926717
2025-02-12 23:00:00,299093.238926717
2025-02-13 00:00:00,299093.238926717
2025-02-13 01:00:00,299093.238926717
2025-02-13 02:00:00,274696.09527765954
2025-02-13 03:00:00,274696.09527765954
2025-02-13 04:00:00,274696.09527765954
2025-02-13 05:00:00,250132.37671859283
2025-02-13 06:00:00,250132.37671859283
2025-02-13 07:00:00,250132.37671859283
2025-02-13 08:00:00,250132.37671859283
2025-02-13 09:00:00,250132.37671859283
2025-02-13 10:00:00,250132.37671859283
2025-02-13 11:00:00,250706.0020524262
2025-02-13 12:00:00,253169.28923878496
2025-02-13 13:00:00,261405.04592500406
2025-02-13 14:00:00,267997.0801257692
2025-02-13 15:00:00,259705.43503944206
2025-02-13 16:00:00,259705.43503944206
2025-02-13 17:00:00,259705.43503944206
2025-02-13 18:00:00,230161.5628108539
2025-02-13 19:00:00,201189.88442410482
2025-02-13 20:00:00,201189.88442410482
2025-02-13 21:00:00,173618.65214379618
2025-02-13 22:00:00,173618.65214379618
2025-02-13 23:00:00,173618.65214379618
2025-02-14 00:00:00,148994.97605821164
2025-02-14 01:00:00,125740.7808253729
2025-02-14 02:00:00,103059.3933832022
2025-02-14 03:00:00,103059.3933832022
2025-02-14 04:00:00,103059.3933832022
2025-02-14 05:00:00,103059.3933832022
2025-02-14 06:00:00,91973.17270580966
2025-02-14 07:00:00,91973.17270580966
2025-02-14 08:00:00,91973.17270580966
2025-02-14 09:00:00,91973.17270580966
2025-02-14 10:00:00,88300.90330448005
2025-02-14 11:00:00,91817.99294230006
2025-02-14 12:00:00,97666.0878802432
2025-02-14 13:00:00,110415.84276994062
2025-02-14 14:00:00,121315.66343252918
2025-02-14 15:00:00,121315.66343252918
2025-02-14 16:00:00,121315.66343252918
2025-02-14 17:00:00,95647.49046308285
2025-02-14 18:00:00,95647.49046308285
2025-02-14 19:00:00,67941.23634960476
2025-02-14 20:00:00,67941.23634960476
2025-02-14 21:00:00,67941.23634960476
2025-02-14 22:00:00,67941.23634960476
2025-02-14 23:00:00,67941.23634960476
2025-02-15 00:00:00,44254.18828501084
2025-02-15 01:00:00,44254.18828501084
2025-02-15 02:00:00,44254.18828501084
2025-02-15 03:00:00,44254.18828501084
2025-02-15 04:00:00,22320.91938298789
2025-02-15 05:00:00,22320.91938298789
2025-02-15 06:00:00,-0.0
2025-02-15 07:00:00,-0.0
2025-02-15 08:00:00,-0.0
2025-02-15 09:00:00,-0.0
2025-02-15 10:00:00,-0.0
2025-02-15 11:00:00,59509.48861839161
2025-02-15 12:00:00,130098.15790843035
2025-02-15 13:00:00,196238.57063353722
2025-02-15 14:00:00,256582.04754732133
2025-02-15 15:00:00,303728.75481579185
2025-02-15 16:00:00,322415.7771219752
2025-02-15 17:00:00,301112.81644489244
2025-02-15 18:00:00,274924.59808682336
2025-02-15 19:00:00,248935.91229287654
2025-02-15 20:00:00,223575.6456080519
2025-02-15 21:00:00,198722.23367020988
2025-02-15 22:00:00,174931.62056847248
2025-02-15 23:00:00,152116.92232146324
2025-02-16 00:00:00,129574.74975876961
2025-02-16 01:00:00,107622.24493782883
2025-02-16 02:00:00,85865.52064489099
2025-02-16 03:00:00,64337.31422872561
2025-02-16 04:00:00,42989.012802297824
2025-02-16 05:00:00,21291.422236195147
2025-02-16 06:00:00,-0.0
2025-02-16 07:00:00,-0.0
2025-02-16 08:00:00,-0.0
2025-02-16 09:00:00,-0.0
2025-02-16 10:00:00,-0.0
2025-02-16 11:00:00,32371.108075151496
2025-02-16 12:00:00,109517.67820281316
2025-02-16 13:00:00,183206.9571116075
2025-02-16 14:00:00,249255.72880506227
2025-02-16 15:00:00,302674.76404686767
2025-02-16 16:00:00,317925.54148002435
2025-02-16 17:00:00,297278.69196973904
2025-02-16 18:00:00,271768.0846040011
2025-02-16 19:00:00,246613.24692103668
2025-02-16 20:00:00,222007.78977746938
2025-02-16 21:00:00,197724.80212570052
2025-02-16 22:00:00,174074.7634783401
2025-02-16 23:00:00,151590.20508584668
2025-02-17 00:00:00,129555.16227655826
2025-02-17 01:00:00,108062.5367608571
2025-02-17 02:00:00,86839.05083001495
2025-02-17 03:00:00,66148.74301460861
2025-02-17 04:00:00,45188.611649524515
2025-02-17 05:00:00,22770.85059828316
2025-02-17 06:00:00,-0.0
2025-02-17 07:00:00,-0.0
2025-02-17 08:00:00,-0.0
2025-02-17 09:00:00,-0.0
2025-02-17 10:00:00,-0.0
2025-02-17 11:00:00,65721.66759451551
2025-02-17 12:00:00,135152.01106699102
2025-02-17 13:00:00,202561.31251392473
2025-02-17 14:00:00,266168.83011013444
2025-02-17 15:00:00,320276.46568618226
2025-02-17 16:00:00,334709.08601531293
2025-02-17 17:00:00,312565.82850948017
2025-02-17 18:00:00,285054.26177474606
2025-02-17 19:00:00,257767.84341764578
2025-02-17 20:00:00,230996.2532313415
2025-02-17 21:00:00,204852.92400759945
2025-02-17 22:00:00,180269.87574805465
2025-02-17 23:00:00,156989.97339140534
2025-02-18 00:00:00,134141.84957649038
2025-02-18 01:00:00,111929.64948368557
2025-02-18 02:00:00,89956.49475139898
2025-02-18 03:00:00,68500.5675607042
2025-02-18 04:00:00,46629.1027909142
2025-02-18 05:00:00,23357.43251130898
2025-02-18 06:00:00,-0.0
2025-02-18 07:00:00,-0.0
2025-02-18 08:00:00,-0.0
2025-02-18 09:00:00,-0.0
2025-02-18 10:00:00,-0.0
2025-02-18 11:00:00,45705.689193595
2025-02-18 12:00:00,120817.81247347819
2025-02-18 13:00:00,190201.80317551995
2025-02-18 14:00:00,253896.24144395816
2025-02-18 15:00:00,308519.46771700104
2025-02-18 16:00:00,331989.50832066464
2025-02-18 17:00:00,311945.88958615705
2025-02-18 18:00:00,284378.4379300926
2025-02-18 19:00:00,257196.3619190665
2025-02-18 20:00:00,230551.43254596175
2025-02-18 21:00:00,204451.99496454708
2025-02-18 22:00:00,179809.9441431198
2025-02-18 23:00:00,156343.65409590676
2025-02-19 00:00:00,133463.1126037089
2025-02-19 01:00:00,111471.19268599458
2025-02-19 02:00:00,90001.25659577844
2025-02-19 03:00:00,68780.09902046289
2025-02-19 04:00:00,47139.60460131601
2025-02-19 05:00:00,23911.438815871075
2025-02-19 06:00:00,-0.0
2025-02-19 07:00:00,-0.0
2025-02-19 08:00:00,-0.0
2025-02-19 09:00:00,-0.0
2025-02-19 10:00:00,-0.0
2025-02-19 11:00:00,3573.2305289511132
2025-02-19 12:00:00,84660.24190975202
2025-02-19 13:00:00,165463.02263313314
2025-02-19 14:00:00,236685.8270334286
2025-02-19 15:00:00,300160.7118416106
2025-02-19 16:00:00,330047.3650485651
2025-02-19 17:00:00,309971.92837443366
2025-02-19 18:00:00,282367.5917113826
2025-02-19 19:00:00,255240.91658926013
2025-02-19 20:00:00,228848.98746449247
2025-02-19 21:00:00,203278.25623432346
2025-02-19 22:00:00,178660.9758995784
2025-02-19 23:00:00,155159.73660526876
2025-02-20 00:00:00,132654.3344042666
2025-02-20 01:00:00,110610.2134368429
2025-02-20 02:00:00,88806.73020433991
2025-02-20 03:00:00,67555.17085315325
2025-02-20 04:00:00,46088.59012505495
2025-02-20 05:00:00,23018.525681025243
2025-02-20 06:00:00,-0.0
2025-02-20 07:00:00,-0.0
2025-02-20 08:00:00,-0.0
2025-02-20 09:00:00,-0.0
2025-02-20 10:00:00,-0.0
2025-02-20 11:00:00,-0.0
2025-02-20 12:00:00,64738.050120745116
2025-02-20 13:00:00,144795.44008098176
2025-02-20 14:00:00,216941.73920064548
2025-02-20 15:00:00,284647.1096396935
2025-02-20 16:00:00,323589.94874518266
2025-02-20 17:00:00,306058.23677241785
2025-02-20 18:00:00,279043.24138426455
2025-02-20 19:00:00,252265.71602548318
2025-02-20 20:00:00,226049.8063355924
2025-02-20 21:00:00,200143.27465056704
2025-02-20 22:00:00,175651.41508821727
2025-02-20 23:00:00,152417.62213192304
2025-02-21 00:00:00,129755.2516346454
2025-02-21 01:00:00,107914.20597949493
2025-02-21 02:00:00,86646.80483681601
2025-02-21 03:00:00,65629.94248984302
2025-02-21 04:00:00,44623.895263175276
2025-02-21 05:00:00,22015.351125131474
2025-02-21 06:00:00,-0.0
2025-02-21 07:00:00,-0.0
2025-02-21 08:00:00,-0.0
2025-02-21 09:00:00,-0.0
2025-02-21 10:00:00,-0.0
2025-02-21 11:00:00,-0.0
2025-02-21 12:00:00,43883.938648995
2025-02-21 13:00:00,130974.81403323585
2025-02-21 14:00:00,207658.49974717305
2025-02-21 15:00:00,277569.57974047173
2025-02-21 16:00:00,315937.08798803954
2025-02-21 17:00:00,297588.38631589926
2025-02-21 18:00:00,271102.24359826697
2025-02-21 19:00:00,245098.57776932945
2025-02-21 20:00:00,219711.381572778
2025-02-21 21:00:00,194566.49239214245
2025-02-21 22:00:00,170350.10874840233
2025-02-21 23:00:00,146933.0484442405
2025-02-22 00:00:00,124359.04021198036
2025-02-22 01:00:00,102507.72653585806
2025-02-22 02:00:00,81201.53944208701
2025-02-22 03:00:00,60450.44791612259
2025-02-22 04:00:00,39906.35137826804
2025-02-22 05:00:00,18692.291840847574
2025-02-22 06:00:00,-0.0
2025-02-22 07:00:00,-0.0
2025-02-22 08:00:00,-0.0
2025-02-22 09:00:00,-0.0
2025-02-22 10:00:00,-0.0
2025-02-22 11:00:00,31818.29450853687
2025-02-22 12:00:00,98014.03013492192
2025-02-22 13:00:00,161543.76108934128
2025-02-22 14:00:00,219683.62532798707
2025-02-22 15:00:00,269853.7649827337
2025-02-22 16:00:00,298893.1461750754
2025-02-22 17:00:00,282479.5531601784
2025-02-22 18:00:00,257128.55322435006
2025-02-22 19:00:00,232169.24932318745
2025-02-22 20:00:00,207756.4637712626
2025-02-22 21:00:00,183808.14047339605
2025-02-22 22:00:00,160774.22051517162
2025-02-22 23:00:00,138833.61400426022
2025-02-23 00:00:00,117525.516673423
2025-02-23 01:00:00,97085.08402867385
2025-02-23 02:00:00,77256.97473692747
2025-02-23 03:00:00,57740.21207119101
2025-02-23 04:00:00,38141.31277127945
2025-02-23 05:00:00,17657.05373991063
2025-02-23 06:00:00,-0.0
2025-02-23 07:00:00,-0.0
2025-02-23 08:00:00,-0.0
2025-02-23 09:00:00,-0.0
2025-02-23 10:00:00,-0.0
2025-02-23 11:00:00,60632.25767090306
2025-02-23 12:00:00,120499.06438190499
2025-02-23 13:00:00,175213.3180927432
2025-02-23 14:00:00,226135.10853073103
2025-02-23 15:00:00,272765.3903909834
2025-02-23 16:00:00,304438.45929226116
2025-02-23 17:00:00,288876.67182736954
2025-02-23 18:00:00,262945.48717011616
2025-02-23 19:00:00,237372.667430532
2025-02-23 20:00:00,212607.33619377503
2025-02-23 21:00:00,188472.89727506554
2025-02-23 22:00:00,165491.0330229987
2025-02-23 23:00:00,143908.48639118302
2025-02-24 00:00:00,122990.76776708718
2025-02-24 01:00:00,102834.46905465667
2025-02-24 02:00:00,82736.27121541869
2025-02-24 03:00:00,62749.21478682498
2025-02-24 04:00:00,42447.75014042779
2025-02-24 05:00:00,20609.577440883888
2025-02-24 06:00:00,-0.0
2025-02-24 07:00:00,-0.0
2025-02-24 08:00:00,-0.0
2025-02-24 09:00:00,-0.0
2025-02-24 10:00:00,-0.0
2025-02-24 11:00:00,53996.637695088895
2025-02-24 12:00:00,120093.16228535595
2025-02-24 13:00:00,182156.34848708563
2025-02-24 14:00:00,242239.3329901524
2025-02-24 15:00:00,294551.1001781478
2025-02-24 16:00:00,324546.5252217621
2025-02-24 17:00:00,305372.68141599465
2025-02-24 18:00:00,277734.82916975016
2025-02-24 19:00:00,250503.16814326454
2025-02-24 20:00:00,224025.2394218268
2025-02-24 21:00:00,198115.96959752424
2025-02-24 22:00:00,173707.21417347016
2025-02-24 23:00:00,150689.31774072692
2025-02-25 00:00:00,128398.4905326844
2025-02-25 01:00:00,106914.5440113504
2025-02-25 02:00:00,85866.80905171501
2025-02-25 03:00:00,64996.66573551459
2025-02-25 04:00:00,43696.053148020685
2025-02-25 05:00:00,20902.443472973355
2025-02-25 06:00:00,-0.0
2025-02-25 07:00:00,-0.0
2025-02-25 08:00:00,-0.0
2025-02-25 09:00:00,-0.0
2025-02-25 10:00:00,-0.0
2025-02-25 11:00:00,26247.89825287016
2025-02-25 12:00:00,96569.43009693157
2025-02-25 13:00:00,160919.39658678303
2025-02-25 14:00:00,222398.62150204412
2025-02-25 15:00:00,279783.171147285
2025-02-25 16:00:00,317422.62958321645
2025-02-25 17:00:00,302216.20277672296
2025-02-25 18:00:00,275207.07963119145
2025-02-25 19:00:00,248406.96426893465
2025-02-25 20:00:00,222313.30504159373
2025-02-25 21:00:00,196860.83461166287
2025-02-25 22:00:00,172851.68911094044
2025-02-25 23:00:00,150225.63186284807
2025-02-26 00:00:00,127903.86892202686
2025-02-26 01:00:00,106346.04739188432
2025-02-26 02:00:00,85207.62168310567
2025-02-26 03:00:00,64311.39691690929
2025-02-26 04:00:00,43113.48403668357
2025-02-26 05:00:00,20453.46338155525
2025-02-26 06:00:00,-0.0
2025-02-26 07:00:00,-0.0
2025-02-26 08:00:00,-0.0
2025-02-26 09:00:00,-0.0
2025-02-26 10:00:00,-0.0
2025-02-26 11:00:00,-0.0
2025-02-26 12:00:00,31969.054396607302
2025-02-26 13:00:00,112354.04331739842
2025-02-26 14:00:00,190678.46325287584
2025-02-26 15:00:00,268607.23945025343
2025-02-26 16:00:00,316074.9054527937
2025-02-26 17:00:00,301311.2654488915
2025-02-26 18:00:00,273578.56030686514
2025-02-26 19:00:00,246219.31547422556
2025-02-26 20:00:00,219762.7563226344
2025-02-26 21:00:00,194083.03211745206
2025-02-26 22:00:00,169915.43270138308
2025-02-26 23:00:00,147296.362826225
2025-02-27 00:00:00,125276.43174814283
2025-02-27 01:00:00,103996.24249480039
2025-02-27 02:00:00,83155.23985816796
2025-02-27 03:00:00,62586.49719547064
2025-02-27 04:00:00,41515.963325973076
2025-02-27 05:00:00,19087.08766986668
2025-02-27 06:00:00,-0.0
2025-02-27 07:00:00,-0.0
2025-02-27 08:00:00,-0.0
2025-02-27 09:00:00,-0.0
2025-02-27 10:00:00,-0.0
2025-02-27 11:00:00,35956.80904695223
2025-02-27 12:00:00,112711.71076833831
2025-02-27 13:00:00,179797.20417477423
2025-02-27 14:00:00,242796.8610455548
2025-02-27 15:00:00,295884.7234438278
2025-02-27 16:00:00,317502.55634808046
2025-02-27 17:00:00,300369.5104802742
2025-02-27 18:00:00,272628.351529673
2025-02-27 19:00:00,245465.90329436323
2025-02-27 20:00:00,219279.79795336118
2025-02-27 21:00:00,193912.39970733598
2025-02-27 22:00:00,169959.08005820052
2025-02-27 23:00:00,147429.73893780698
2025-02-28 00:00:00,125484.3056538203
2025-02-28 01:00:00,104212.16293615071
2025-02-28 02:00:00,83391.95684357091
2025-02-28 03:00:00,63008.925029121936
2025-02-28 04:00:00,42340.87355789641
2025-02-28 05:00:00,20268.941182751903
2025-02-28 06:00:00,-0.0
2025-02-28 07:00:00,-0.0
2025-02-28 08:00:00,-0.0
2025-02-28 09:00:00,-0.0
2025-02-28 10:00:00,-0.0
2025-02-28 11:00:00,14996.797839100356
2025-02-28 12:00:00,93459.98003256772
2025-02-28 13:00:00,170330.87321846109
2025-02-28 14:00:00,240747.8264907571
2025-02-28 15:00:00,295114.54750794836
2025-02-28 16:00:00,309199.4621494008
2025-02-28 17:00:00,288568.78911155224
2025-02-28 18:00:00,262353.43446569046
2025-02-28 19:00:00,236559.730821614
2025-02-28 20:00:00,211451.66333486914
2025-02-28 21:00:00,186996.81331835216
2025-02-28 22:00:00,163556.02597267262
2025-02-28 23:00:00,141295.75711330082
2025-03-01 00:00:00,119475.74849236503
2025-03-01 01:00:00,98588.48061622614
2025-03-01 02:00:00,78293.36457954135
2025-03-01 03:00:00,58451.780199716275
2025-03-01 04:00:00,38547.39316791827
2025-03-01 05:00:00,18104.66949833032
2025-03-01 06:00:00,-0.0
2025-03-01 07:00:00,-0.0
2025-03-01 08:00:00,-0.0
2025-03-01 09:00:00,-0.0
2025-03-01 10:00:00,-0.0
2025-03-01 11:00:00,-0.0
2025-03-01 12:00:00,37158.73080912093
2025-03-01 13:00:00,116156.53504039034
2025-03-01 14:00:00,192209.55845431142
2025-03-01 15:00:00,262624.7914983896
2025-03-01 16:00:00,296237.3084042163
2025-03-01 17:00:00,279173.25887536426
2025-03-01 18:00:00,254158.63353752426
2025-03-01 19:00:00,229443.23102945616
2025-03-01 20:00:00,205226.56907892952
2025-03-01 21:00:00,181627.04190478515
2025-03-01 22:00:00,158945.00740895464
2025-03-01 23:00:00,137219.0161573383
2025-03-02 00:00:00,115767.61780467498
2025-03-02 01:00:00,95231.04591072917
2025-03-02 02:00:00,75074.06079430974
2025-03-02 03:00:00,55321.125290429714
2025-03-02 04:00:00,35615.609301673896
2025-03-02 05:00:00,15599.6566554949
2025-03-02 06:00:00,-0.0
2025-03-02 07:00:00,-0.0
2025-03-02 08:00:00,-0.0
2025-03-02 09:00:00,-0.0
2025-03-02 10:00:00,2695.109237870085
2025-03-02 11:00:00,66015.81620908169
2025-03-02 12:00:00,124874.93161613119
2025-03-02 13:00:00,181627.37867161434
2025-03-02 14:00:00,233602.48190640303
2025-03-02 15:00:00,276326.43050165847
2025-03-02 16:00:00,308099.0519099179
2025-03-02 17:00:00,293473.7958389121
2025-03-02 18:00:00,268130.8168049999
2025-03-02 19:00:00,242654.17009660206
2025-03-02 20:00:00,217596.9621939767
2025-03-02 21:00:00,193046.83615733188
2025-03-02 22:00:00,169627.34636167935
2025-03-02 23:00:00,147590.83067202836
2025-03-03 00:00:00,125905.53741950123
2025-03-03 01:00:00,104781.34169456191
2025-03-03 02:00:00,84160.66372732066
2025-03-03 03:00:00,63419.267607630274
2025-03-03 04:00:00,42059.65745886907
2025-03-03 05:00:00,18853.981669868524
2025-03-03 06:00:00,-0.0
2025-03-03 07:00:00,-0.0
2025-03-03 08:00:00,-0.0
2025-03-03 09:00:00,-0.0
2025-03-03 10:00:00,-0.0
2025-03-03 11:00:00,-0.0
2025-03-03 12:00:00,48607.75348376983
2025-03-03 13:00:00,134074.88768440695
2025-03-03 14:00:00,208323.85265174505
2025-03-03 15:00:00,278950.5816059897
2025-03-03 16:00:00,325543.0398846585
2025-03-03 17:00:00,311852.7916095196
2025-03-03 18:00:00,284356.3764125058
2025-03-03 19:00:00,256767.8644277545
2025-03-03 20:00:00,229675.98359163644
2025-03-03 21:00:00,203172.62647691983
2025-03-03 22:00:00,178182.94334481764
2025-03-03 23:00:00,154606.92981431584
2025-03-04 00:00:00,131425.92568871245
2025-03-04 01:00:00,108751.1282582062
2025-03-04 02:00:00,86650.36686914714
2025-03-04 03:00:00,64666.21937666172
2025-03-04 04:00:00,42506.00941702501
2025-03-04 05:00:00,18875.1933848803
2025-03-04 06:00:00,-0.0
2025-03-04 07:00:00,-0.0
2025-03-04 08:00:00,-0.0
2025-03-04 09:00:00,-0.0
2025-03-04 10:00:00,-0.0
2025-03-04 11:00:00,44663.96205210498
2025-03-04 12:00:00,122496.9874146595
2025-03-04 13:00:00,195290.4709632541
2025-03-04 14:00:00,263471.16004923504
2025-03-04 15:00:00,324900.09500820487
2025-03-04 16:00:00,370775.9177324893
2025-03-04 17:00:00,357027.6458914186
2025-03-04 18:00:00,357027.6458914186
2025-03-04 19:00:00,329917.0508919047
2025-03-04 20:00:00,329917.0508919047
2025-03-04 21:00:00,329917.0508919047
2025-03-04 22:00:00,305729.4363801351
2025-03-04 23:00:00,283046.49126745097
2025-03-05 00:00:00,260607.6060296226
2025-03-05 01:00:00,260607.6060296226
2025-03-05 02:00:00,239230.63741778553
2025-03-05 03:00:00,218123.66156699555
2025-03-05 04:00:00,196257.4479089415
2025-03-05 05:00:00,172704.7506738203
2025-03-05 06:00:00,151007.36135369923
2025-03-05 07:00:00,149031.50239067466
2025-03-05 08:00:00,162646.92286856225
2025-03-05 09:00:00,181595.99943370337
2025-03-05 10:00:00,205846.5319763653
2025-03-05 11:00:00,234284.52364878266
2025-03-05 12:00:00,259673.50460277882
2025-03-05 13:00:00,276679.8017665502
2025-03-05 14:00:00,288267.4423697703
2025-03-05 15:00:00,298009.1867147323
2025-03-05 16:00:00,290437.31722152757
2025-03-05 17:00:00,265304.4212348765
2025-03-05 18:00:00,236474.98336430095
2025-03-05 19:00:00,207989.73795360216
2025-03-05 20:00:00,180395.50078953002
2025-03-05 21:00:00,153685.035065013
2025-03-05 22:00:00,127920.2934276004
2025-03-05 23:00:00,103398.71150157251
2025-03-06 00:00:00,88288.69449982312
2025-03-06 01:00:00,88288.69449982312
2025-03-06 02:00:00,65270.192577343565
2025-03-06 03:00:00,43063.92425018864
2025-03-06 04:00:00,43063.92425018864
2025-03-06 05:00:00,19122.755638205083
2025-03-06 06:00:00,-0.0
2025-03-06 07:00:00,-0.0
2025-03-06 08:00:00,-0.0
2025-03-06 09:00:00,-0.0
2025-03-06 10:00:00,20056.50816356133
2025-03-06 11:00:00,93197.61784519533
2025-03-06 12:00:00,162120.1882410954
2025-03-06 13:00:00,222484.31077820336
2025-03-06 14:00:00,275589.2304813959
2025-03-06 15:00:00,318188.5878855998
2025-03-06 16:00:00,337553.63289954135
2025-03-06 17:00:00,319391.485438477
2025-03-06 18:00:00,291387.66819555004
2025-03-06 19:00:00,263607.5317006201
2025-03-06 20:00:00,236274.76402577374
2025-03-06 21:00:00,209618.13225395928
2025-03-06 22:00:00,184084.83898672945
2025-03-06 23:00:00,159782.67480482536
2025-03-07 00:00:00,136163.64585064765
2025-03-07 01:00:00,113143.66380091933
2025-03-07 02:00:00,90712.56437529529
2025-03-07 03:00:00,68703.6830680077
2025-03-07 04:00:00,46165.21766765921
2025-03-07 05:00:00,21910.497919473233
2025-03-07 06:00:00,-0.0
2025-03-07 07:00:00,-0.0
2025-03-07 08:00:00,-0.0
2025-03-07 09:00:00,-0.0
2025-03-07 10:00:00,-0.0
2025-03-07 11:00:00,-0.0
2025-03-07 12:00:00,335.81633066246286
2025-03-07 13:00:00,88273.04644870345
2025-03-07 14:00:00,176210.27656674443
2025-03-07 15:00:00,256602.9452867481
2025-03-07 16:00:00,308249.55041460856
2025-03-07 17:00:00,299606.6224718344
2025-03-07 18:00:00,272836.29676547024
2025-03-07 19:00:00,246117.08304147117
2025-03-07 20:00:00,219979.9489030775
2025-03-07 21:00:00,194091.92211745962
2025-03-07 22:00:00,169171.07058082693
2025-03-07 23:00:00,145541.07412777853
2025-03-08 00:00:00,122258.47100681168
2025-03-08 01:00:00,99643.46792402564
2025-03-08 02:00:00,77796.0660528309
2025-03-08 03:00:00,56179.72398678972
2025-03-08 04:00:00,34537.528821984815
2025-03-08 05:00:00,12108.241764095645
2025-03-08 06:00:00,-0.0
2025-03-08 07:00:00,-0.0
2025-03-08 08:00:00,-0.0
2025-03-08 09:00:00,-0.0
2025-03-08 10:00:00,-0.0
2025-03-08 11:00:00,-0.0
2025-03-08 12:00:00,19206.199081852727
2025-03-08 13:00:00,84927.53537143584
2025-03-08 14:00:00,148365.22381997964
2025-03-08 15:00:00,213691.57262792462
2025-03-08 16:00:00,267640.1391474287
2025-03-08 17:00:00,262520.8535922889
2025-03-08 18:00:00,237657.99622955156
2025-03-08 19:00:00,212603.04397142594
2025-03-08 20:00:00,187873.22723678916
2025-03-08 21:00:00,163595.9883475538
2025-03-08 22:00:00,140237.1002596768
2025-03-08 23:00:00,117887.78740830724
2025-03-09 00:00:00,95687.40467544018
2025-03-09 03:00:00,74489.04204343662
2025-03-09 04:00:00,53468.13591809441
2025-03-09 05:00:00,32111.237465644605
2025-03-09 06:00:00,10198.663966439804
2025-03-09 07:00:00,-0.0
2025-03-09 08:00:00,-0.0
2025-03-09 09:00:00,-0.0
2025-03-09 10:00:00,-0.0
2025-03-09 11:00:00,-0.0
2025-03-09 12:00:00,19819.88443278987
2025-03-09 13:00:00,82776.92607258409
2025-03-09 14:00:00,140890.17573068297
2025-03-09 15:00:00,195900.8524259053
2025-03-09 16:00:00,247496.78254609142
2025-03-09 17:00:00,296240.6096868678
2025-03-09 18:00:00,291490.13993750466
2025-03-09 19:00:00,266460.9768194989
2025-03-09 20:00:00,241409.35408635097
2025-03-09 21:00:00,216689.33039858146
2025-03-09 22:00:00,193069.77944512208
2025-03-09 23:00:00,170627.55875698433
2025-03-10 00:00:00,148371.351376304
2025-03-10 01:00:00,126680.8952712105
2025-03-10 02:00:00,105315.2148616871
2025-03-10 03:00:00,84154.94718410529
2025-03-10 04:00:00,62615.97493700245
2025-03-10 05:00:00,39466.317111119
2025-03-10 06:00:00,14123.886575655039
2025-03-10 07:00:00,-0.0
2025-03-10 08:00:00,-0.0
2025-03-10 09:00:00,-0.0
2025-03-10 10:00:00,-0.0
2025-03-10 11:00:00,-0.0
2025-03-10 12:00:00,50136.371268113515
2025-03-10 13:00:00,114524.9950543718
2025-03-10 14:00:00,173114.1703307414
2025-03-10 15:00:00,229596.68538512272
2025-03-10 16:00:00,279890.0193897629
2025-03-10 17:00:00,314270.3011675631
2025-03-10 18:00:00,300758.3699245527
2025-03-10 19:00:00,274532.29268019454
2025-03-10 20:00:00,248239.27462802365
2025-03-10 21:00:00,222633.8569202203
2025-03-10 22:00:00,198341.2496039978
2025-03-10 23:00:00,175577.6006103058
2025-03-11 00:00:00,152781.4229001671
2025-03-11 01:00:00,131022.94948610169
2025-03-11 02:00:00,109517.43785231968
2025-03-11 03:00:00,88252.43725996633
2025-03-11 04:00:00,66917.04586265486
2025-03-11 05:00:00,44491.14421484576
2025-03-11 06:00:00,19616.44895090164
2025-03-11 07:00:00,-0.0
2025-03-11 08:00:00,-0.0
2025-03-11 09:00:00,-0.0
2025-03-11 10:00:00,-0.0
2025-03-11 11:00:00,43394.67073889311
2025-03-11 12:00:00,92640.61646026393
2025-03-11 13:00:00,147066.6444275134
2025-03-11 14:00:00,196655.3728626282
2025-03-11 15:00:00,244411.30190255845
2025-03-11 16:00:00,290333.9322283474
2025-03-11 17:00:00,312278.7982829495
2025-03-11 18:00:00,299663.21050685405
2025-03-11 19:00:00,273345.16290036746
2025-03-11 20:00:00,246627.8446567091
2025-03-11 21:00:00,220499.74054869288
2025-03-11 22:00:00,195822.2943428744
2025-03-11 23:00:00,172453.99995679618
2025-03-12 00:00:00,149567.75248451915
2025-03-12 01:00:00,127225.70497661477
2025-03-12 02:00:00,105063.81218983934
2025-03-12 03:00:00,83257.7658322081
2025-03-12 04:00:00,61663.607847032836
2025-03-12 05:00:00,39210.106546047784
2025-03-12 06:00:00,14802.055233683417
2025-03-12 07:00:00,-0.0
2025-03-12 08:00:00,-0.0
2025-03-12 09:00:00,7009.803328726048
2025-03-12 10:00:00,67420.83122052738
2025-03-12 11:00:00,125256.8384963714
2025-03-12 12:00:00,180929.11446396608
2025-03-12 13:00:00,224717.06914051995
2025-03-12 14:00:00,263043.8871295093
2025-03-12 15:00:00,297695.2861921995
2025-03-12 16:00:00,325293.71114065615
2025-03-12 17:00:00,334649.5120629022
2025-03-12 18:00:00,315095.8514162192
2025-03-12 19:00:00,287423.9484716053
2025-03-12 20:00:00,260058.68377120612
2025-03-12 21:00:00,233627.21494011395
2025-03-12 22:00:00,208448.83395028845
2025-03-12 23:00:00,184792.79227535106
2025-03-13 00:00:00,161352.4646299751
2025-03-13 01:00:00,138092.42303406514
2025-03-13 02:00:00,115532.3164558418
2025-03-13 03:00:00,92834.63296099287
2025-03-13 04:00:00,70747.23929436147
2025-03-13 05:00:00,47471.0878807374
2025-03-13 06:00:00,22121.497749427326
2025-03-13 07:00:00,-0.0
2025-03-13 08:00:00,-0.0
2025-03-13 09:00:00,-0.0
2025-03-13 10:00:00,7863.305821749222
2025-03-13 11:00:00,53409.00361315096
2025-03-13 12:00:00,101550.87235355232
2025-03-13 13:00:00,155002.63205411838
2025-03-13 14:00:00,208027.4358634714
2025-03-13 15:00:00,269705.3835929163
2025-03-13 16:00:00,322100.5711856083
2025-03-13 17:00:00,356286.5781747322
2025-03-13 18:00:00,346103.7739882825
2025-03-13 19:00:00,318167.81689215126
2025-03-13 20:00:00,290284.94878394564
2025-03-13 21:00:00,262876.99766007595
2025-03-13 22:00:00,236952.49601391074
2025-03-13 23:00:00,212788.29254463097
2025-03-14 00:00:00,188869.92536706125
2025-03-14 01:00:00,165654.7707730491
2025-03-14 02:00:00,142733.19044831343
2025-03-14 03:00:00,120194.82419169415
2025-03-14 04:00:00,97591.74921497179
2025-03-14 05:00:00,73792.9860509155
2025-03-14 06:00:00,47739.688731577684
2025-03-14 07:00:00,23328.91490356673
2025-03-14 08:00:00,21540.2689439475
2025-03-14 09:00:00,24302.79153873841
2025-03-14 10:00:00,41347.23870923974
2025-03-14 11:00:00,77601.14289987744
2025-03-14 12:00:00,115579.8942768765
2025-03-14 13:00:00,170963.93062111508
2025-03-14 14:00:00,220995.76496986364
2025-03-14 15:00:00,264638.06431968464
2025-03-14 16:00:00,301793.8059448831
2025-03-14 17:00:00,317279.7819226423
2025-03-14 18:00:00,300972.16094939155
2025-03-14 19:00:00,273147.96098955796
2025-03-14 20:00:00,245604.8963781172
2025-03-14 21:00:00,218660.47304682448
2025-03-14 22:00:00,192874.92675411692
2025-03-14 23:00:00,168244.55715235777
2025-03-15 00:00:00,144057.14493149015
2025-03-15 01:00:00,120536.74171067588
2025-03-15 02:00:00,97958.81236690503
2025-03-15 03:00:00,75846.59603706401
2025-03-15 04:00:00,53942.42328446904
2025-03-15 05:00:00,31425.33785575258
2025-03-15 06:00:00,7829.823732125515
2025-03-15 07:00:00,-0.0
2025-03-15 08:00:00,-0.0
2025-03-15 09:00:00,-0.0
2025-03-15 10:00:00,-0.0
2025-03-15 11:00:00,-0.0
2025-03-15 12:00:00,55778.92481653749
2025-03-15 13:00:00,113831.49351485574
2025-03-15 14:00:00,166067.03624535364
2025-03-15 15:00:00,207675.25600942594
2025-03-15 16:00:00,240867.8023946579
2025-03-15 17:00:00,275936.85590532486
2025-03-15 18:00:00,274932.8840313702
2025-03-15 19:00:00,250396.3810861067
2025-03-15 20:00:00,225639.32207045465
2025-03-15 21:00:00,201042.34411906512
2025-03-15 22:00:00,177300.94926971602
2025-03-15 23:00:00,154349.27386049993
2025-03-16 00:00:00,131787.7145055673
2025-03-16 01:00:00,109878.20563815889
2025-03-16 02:00:00,88699.30419519264
2025-03-16 03:00:00,67782.02926078836
2025-03-16 04:00:00,47128.64939285616
2025-03-16 05:00:00,26055.929852962316
2025-03-16 06:00:00,4126.316084501563
2025-03-16 07:00:00,-0.0
2025-03-16 08:00:00,-0.0
2025-03-16 09:00:00,-0.0
2025-03-16 10:00:00,-0.0
2025-03-16 11:00:00,3968.907089997054
2025-03-16 12:00:00,70125.22924766131
2025-03-16 13:00:00,126417.56110282791
2025-03-16 14:00:00,178870.18952030674
2025-03-16 15:00:00,228983.32251328055
2025-03-16 16:00:00,272181.29153204424
2025-03-16 17:00:00,302961.94813627837
2025-03-16 18:00:00,292664.492166654
2025-03-16 19:00:00,267598.6436079439
2025-03-16 20:00:00,242626.32812666582
2025-03-16 21:00:00,218102.29421375802
2025-03-16 22:00:00,194801.40475631246
2025-03-16 23:00:00,172773.39775761933
2025-03-17 00:00:00,150799.18145715486
2025-03-17 01:00:00,129414.72881243275
2025-03-17 02:00:00,108406.65353172005
2025-03-17 03:00:00,87148.4791657937
2025-03-17 04:00:00,65919.83492025365
2025-03-17 05:00:00,43475.37154163702
2025-03-17 06:00:00,18963.916800329098
2025-03-17 07:00:00,-0.0
2025-03-17 08:00:00,-0.0
2025-03-17 09:00:00,-0.0
2025-03-17 10:00:00,-0.0
2025-03-17 11:00:00,20139.615923859375
2025-03-17 12:00:00,72147.73171751492
2025-03-17 13:00:00,126910.79885244975
2025-03-17 14:00:00,184991.8465022745
2025-03-17 15:00:00,236447.43060933112
2025-03-17 16:00:00,279140.024143874
2025-03-17 17:00:00,307876.1089744754
2025-03-17 18:00:00,300221.93810275715
2025-03-17 19:00:00,272896.68139499164
2025-03-17 20:00:00,245697.49005366158
2025-03-17 21:00:00,219201.36324964403
2025-03-17 22:00:00,194036.07121798364
2025-03-17 23:00:00,170159.6107389736
2025-03-18 00:00:00,146896.71033232502
2025-03-18 01:00:00,124193.3799593124
2025-03-18 02:00:00,102028.24866817381
2025-03-18 03:00:00,80120.98401546209
2025-03-18 04:00:00,57996.03832164385
2025-03-18 05:00:00,34332.537990045654
2025-03-18 06:00:00,8260.780189403997
2025-03-18 07:00:00,-0.0
2025-03-18 08:00:00,-0.0
2025-03-18 09:00:00,-0.0
2025-03-18 10:00:00,-0.0
2025-03-18 11:00:00,5896.033123773486
2025-03-18 12:00:00,63919.870991107215
2025-03-18 13:00:00,118517.21871917829
2025-03-18 14:00:00,167472.7221481792
2025-03-18 15:00:00,213034.1979197589
2025-03-18 16:00:00,251341.46411816677
2025-03-18 17:00:00,291905.0777628103
2025-03-18 18:00:00,292120.36553889513
2025-03-18 19:00:00,266301.2684157622
2025-03-18 20:00:00,240137.52343451584
2025-03-18 21:00:00,214284.32512650266
2025-03-18 22:00:00,189752.18881628718
2025-03-18 23:00:00,166661.02321232238
2025-03-19 00:00:00,143768.0049272639
2025-03-19 01:00:00,121609.06000834462
2025-03-19 02:00:00,100121.1644757782
2025-03-19 03:00:00,78503.2120166763
2025-03-19 04:00:00,56267.76137224343
2025-03-19 05:00:00,32288.96176045904
2025-03-19 06:00:00,6064.335667591333
2025-03-19 07:00:00,-0.0
2025-03-19 08:00:00,-0.0
2025-03-19 09:00:00,-0.0
2025-03-19 10:00:00,-0.0
2025-03-19 11:00:00,-0.0
2025-03-19 12:00:00,46965.77696312139
2025-03-19 13:00:00,112342.25891396476
2025-03-19 14:00:00,173841.49216133193
2025-03-19 15:00:00,226447.57031701782
2025-03-19 16:00:00,266770.67561752186
2025-03-19 17:00:00,300355.33853167936
2025-03-19 18:00:00,291881.36579653446
2025-03-19 19:00:00,265235.0233115678
2025-03-19 20:00:00,238700.9517802909
2025-03-19 21:00:00,212618.29918816898
2025-03-19 22:00:00,188078.3189820872
2025-03-19 23:00:00,164723.0340650545
2025-03-20 00:00:00,141843.71618668252
2025-03-20 01:00:00,119638.86837889667
2025-03-20 02:00:00,97854.45442698203
2025-03-20 03:00:00,75889.36324236791
2025-03-20 04:00:00,53984.20218946035
2025-03-20 05:00:00,30899.665096836303
2025-03-20 06:00:00,5587.566993681865
2025-03-20 07:00:00,-0.0
2025-03-20 08:00:00,-0.0
2025-03-20 09:00:00,-0.0
2025-03-20 10:00:00,-0.0
2025-03-20 11:00:00,-0.0
2025-03-20 12:00:00,41959.93226430614
2025-03-20 13:00:00,101496.45172265278
2025-03-20 14:00:00,153245.36145112469
2025-03-20 15:00:00,203520.6958453004
2025-03-20 16:00:00,248397.87906039134
2025-03-20 17:00:00,289663.2126351451
2025-03-20 18:00:00,288184.90284276544
2025-03-20 19:00:00,261824.4200641468
2025-03-20 20:00:00,235377.10229376063
2025-03-20 21:00:00,209678.30701951275
2025-03-20 22:00:00,185246.81776052242
2025-03-20 23:00:00,162338.08199767343
2025-03-21 00:00:00,139756.78708369043
2025-03-21 01:00:00,117705.25970673232
2025-03-21 02:00:00,95986.98245003284
2025-03-21 03:00:00,74605.73288183511
2025-03-21 04:00:00,53014.820285783106
2025-03-21 05:00:00,30015.67093089751
2025-03-21 06:00:00,4955.299040493921
2025-03-21 07:00:00,-0.0
2025-03-21 08:00:00,-0.0
2025-03-21 09:00:00,-0.0
2025-03-21 10:00:00,-0.0
2025-03-21 11:00:00,-0.0
2025-03-21 12:00:00,-0.0
2025-03-21 13:00:00,31793.767888120157
2025-03-21 14:00:00,97955.47567316578
2025-03-21 15:00:00,161542.05644107723
2025-03-21 16:00:00,222729.92964867776
2025-03-21 17:00:00,274022.693127157
2025-03-21 18:00:00,273510.738632393
2025-03-21 19:00:00,247976.36542656852
2025-03-21 20:00:00,222484.78057027824
2025-03-21 21:00:00,197443.35328910028
2025-03-21 22:00:00,173198.79161581644
2025-03-21 23:00:00,150055.80003778735
2025-03-22 00:00:00,127709.96134054993
2025-03-22 01:00:00,106015.66483159616
2025-03-22 02:00:00,84888.17924163402
2025-03-22 03:00:00,64235.269533765684
2025-03-22 04:00:00,43563.90301419214
2025-03-22 05:00:00,22309.73463847106
2025-03-22 06:00:00,666.0549909856038
2025-03-22 07:00:00,-0.0
2025-03-22 08:00:00,-0.0
2025-03-22 09:00:00,-0.0
2025-03-22 10:00:00,-0.0
2025-03-22 11:00:00,-0.0
2025-03-22 12:00:00,10678.826255420252
2025-03-22 13:00:00,70564.47711519478
2025-03-22 14:00:00,126007.78483068137
2025-03-22 15:00:00,181084.72168532308
2025-03-22 16:00:00,233984.26641112647
2025-03-22 17:00:00,266201.9155583316
2025-03-22 18:00:00,259442.14462499798
2025-03-22 19:00:00,235292.54589537065
2025-03-22 20:00:00,210769.35986499823
2025-03-22 21:00:00,186666.20564378577
2025-03-22 22:00:00,163386.3799607747
2025-03-22 23:00:00,141334.7367643683
2025-03-23 00:00:00,120008.8532861049
2025-03-23 01:00:00,99362.95775674448
2025-03-23 02:00:00,79252.0318795777
2025-03-23 03:00:00,59630.246427833794
2025-03-23 04:00:00,40097.1607710298
2025-03-23 05:00:00,20394.60093845989
2025-03-23 06:00:00,-0.0
2025-03-23 07:00:00,-0.0
2025-03-23 08:00:00,-0.0
2025-03-23 09:00:00,-0.0
2025-03-23 10:00:00,-0.0
2025-03-23 11:00:00,-0.0
2025-03-23 12:00:00,-0.0
2025-03-23 13:00:00,219.01217432085832
2025-03-23 14:00:00,70784.10536859572
2025-03-23 15:00:00,141214.63944841104
2025-03-23 16:00:00,207237.44672441983
2025-03-23 17:00:00,263695.6468311841
2025-03-23 18:00:00,267397.75638250285
2025-03-23 19:00:00,243621.7466362961
2025-03-23 20:00:00,218672.78369403954
2025-03-23 21:00:00,194325.79536773072
2025-03-23 22:00:00,171164.5615606715
2025-03-23 23:00:00,149255.16753032221
2025-03-24 00:00:00,127703.04601409486
2025-03-24 01:00:00,106714.27483206043
2025-03-24 02:00:00,86170.9994987128
2025-03-24 03:00:00,65919.96784623287
2025-03-24 04:00:00,45419.501080384485
2025-03-24 05:00:00,23628.97555360402
2025-03-24 06:00:00,-0.0
2025-03-24 07:00:00,-0.0
2025-03-24 08:00:00,-0.0
2025-03-24 09:00:00,-0.0
2025-03-24 10:00:00,-0.0
2025-03-24 11:00:00,-0.0
2025-03-24 12:00:00,-0.0
2025-03-24 13:00:00,-0.0
2025-03-24 14:00:00,44244.351413756696
2025-03-24 15:00:00,130700.95152529553
2025-03-24 16:00:00,212499.6525463941
2025-03-24 17:00:00,275932.98378510564
2025-03-24 18:00:00,279192.3444436009
2025-03-24 19:00:00,251759.84063090722
2025-03-24 20:00:00,224304.96920382202
2025-03-24 21:00:00,197980.60424207032
2025-03-24 22:00:00,173289.3715692329
2025-03-24 23:00:00,150324.7725805407
2025-03-25 00:00:00,128160.54428305845
2025-03-25 01:00:00,106737.74233981411
2025-03-25 02:00:00,86242.88445736331
2025-03-25 03:00:00,66125.19481718607
2025-03-25 04:00:00,45554.01355669246
2025-03-25 05:00:00,23703.56893139217
2025-03-25 06:00:00,-0.0
2025-03-25 07:00:00,-0.0
2025-03-25 08:00:00,-0.0
2025-03-25 09:00:00,-0.0
2025-03-25 10:00:00,-0.0
2025-03-25 11:00:00,-0.0
2025-03-25 12:00:00,-0.0
2025-03-25 13:00:00,-0.0
2025-03-25 14:00:00,57789.17849123507
2025-03-25 15:00:00,145726.40860927606
2025-03-25 16:00:00,233663.63872731704
2025-03-25 17:00:00,295610.5019922935
2025-03-25 18:00:00,294818.72313397814
2025-03-25 19:00:00,266754.32423972886
2025-03-25 20:00:00,238716.1773052777
2025-03-25 21:00:00,211451.65866017053
2025-03-25 22:00:00,185708.35640515434
2025-03-25 23:00:00,161674.4762305442
2025-03-26 00:00:00,138286.62581450518
2025-03-26 01:00:00,115818.12708389401
2025-03-26 02:00:00,93932.36511394482
2025-03-26 03:00:00,72344.1407960023
2025-03-26 04:00:00,50819.40401507428
2025-03-26 05:00:00,28281.486698581662
2025-03-26 06:00:00,4296.997703900428
2025-03-26 07:00:00,-0.0
2025-03-26 08:00:00,-0.0
2025-03-26 09:00:00,-0.0
2025-03-26 10:00:00,-0.0
2025-03-26 11:00:00,-0.0
2025-03-26 12:00:00,-0.0
2025-03-26 13:00:00,-0.0
2025-03-26 14:00:00,34033.39293955744
2025-03-26 15:00:00,121970.62305759842
2025-03-26 16:00:00,209907.8531756394
2025-03-26 17:00:00,277298.79834126635
2025-03-26 18:00:00,278736.32386803004
2025-03-26 19:00:00,252740.00724555727
2025-03-26 20:00:00,226119.72365155295
2025-03-26 21:00:00,200262.22763005787
2025-03-26 22:00:00,175610.6642684409
2025-03-26 23:00:00,152187.24376692722
2025-03-27 00:00:00,129730.81353275054
2025-03-27 01:00:00,108005.37563229057
2025-03-27 02:00:00,86904.02661925662
2025-03-27 03:00:00,66336.67374596816
2025-03-27 04:00:00,45966.432021768414
2025-03-27 05:00:00,24630.505535454067
2025-03-27 06:00:00,1505.7790316305818
2025-03-27 07:00:00,-0.0
2025-03-27 08:00:00,-0.0
2025-03-27 09:00:00,-0.0
2025-03-27 10:00:00,-0.0
2025-03-27 11:00:00,-0.0
2025-03-27 12:00:00,-0.0
2025-03-27 13:00:00,45762.15710193176
2025-03-27 14:00:00,118176.5142365157
2025-03-27 15:00:00,183619.13964142578
2025-03-27 16:00:00,242933.21679469402
2025-03-27 17:00:00,291741.31237933005
2025-03-27 18:00:00,293113.183500899
2025-03-27 19:00:00,267404.98547722615
2025-03-27 20:00:00,241546.56624668773
2025-03-27 21:00:00,216314.23316757684
2025-03-27 22:00:00,192018.08833361065
2025-03-27 23:00:00,168517.45126029634
2025-03-28 00:00:00,145491.5573619968
2025-03-28 01:00:00,123377.8914388059
2025-03-28 02:00:00,102069.22171463034
2025-03-28 03:00:00,80734.31619179453
2025-03-28 04:00:00,58995.59825465025
2025-03-28 05:00:00,36366.847248793565
2025-03-28 06:00:00,12258.65158302263
2025-03-28 07:00:00,-0.0
2025-03-28 08:00:00,-0.0
2025-03-28 09:00:00,-0.0
2025-03-28 10:00:00,-0.0
2025-03-28 11:00:00,-0.0
2025-03-28 12:00:00,-0.0
2025-03-28 13:00:00,19558.034598409853
2025-03-28 14:00:00,93532.64466918283
2025-03-28 15:00:00,169541.6009074819
2025-03-28 16:00:00,231588.8051050477
2025-03-28 17:00:00,276214.9342997685
2025-03-28 18:00:00,274578.45081407507
2025-03-28 19:00:00,249335.55778161512
2025-03-28 20:00:00,223483.95400256972
2025-03-28 21:00:00,197990.44008312025
2025-03-28 22:00:00,173458.4054148333
2025-03-28 23:00:00,149800.7042261222
2025-03-29 00:00:00,127160.3472649139
2025-03-29 01:00:00,105181.95296531299
2025-03-29 02:00:00,83833.22726452428
2025-03-29 03:00:00,63044.71405097143
2025-03-29 04:00:00,42402.64183336052
2025-03-29 05:00:00,21458.69779974052
2025-03-29 06:00:00,-0.0
2025-03-29 07:00:00,-0.0
2025-03-29 08:00:00,-0.0
2025-03-29 09:00:00,-0.0
2025-03-29 10:00:00,-0.0
2025-03-29 11:00:00,-0.0
2025-03-29 12:00:00,-0.0
2025-03-29 13:00:00,51110.28905163262
2025-03-29 14:00:00,110073.75425383772
2025-03-29 15:00:00,167446.8325965186
2025-03-29 16:00:00,226617.99462868602
2025-03-29 17:00:00,269534.5018746509
2025-03-29 18:00:00,262807.98162226996
2025-03-29 19:00:00,238992.1122275011
2025-03-29 20:00:00,214530.55332719424
2025-03-29 21:00:00,190432.74229270217
2025-03-29 22:00:00,167214.3469744079
2025-03-29 23:00:00,144882.92099006224
2025-03-30 00:00:00,122798.54044172424
2025-03-30 01:00:00,101496.21559682753
2025-03-30 02:00:00,80839.18646574597
2025-03-30 03:00:00,60202.25867305539
2025-03-30 04:00:00,40260.544727130444
2025-03-30 05:00:00,20249.40356757652
2025-03-30 06:00:00,-0.0
2025-03-30 07:00:00,-0.0
2025-03-30 08:00:00,-0.0
2025-03-30 09:00:00,-0.0
2025-03-30 10:00:00,-0.0
2025-03-30 11:00:00,-0.0
2025-03-30 12:00:00,-0.0
2025-03-30 13:00:00,43941.97315752618
2025-03-30 14:00:00,103407.67499251332
2025-03-30 15:00:00,161824.77550780133
2025-03-30 16:00:00,220692.176273064
2025-03-30 17:00:00,271820.0539016471
2025-03-30 18:00:00,274404.4771688642
2025-03-30 19:00:00,250987.1548086635
2025-03-30 20:00:00,226601.02389418514
2025-03-30 21:00:00,202162.0334200791
2025-03-30 22:00:00,178661.82529602616
2025-03-30 23:00:00,155932.8705043588
2025-03-31 00:00:00,133961.08866016098
2025-03-31 01:00:00,112547.7312871103
2025-03-31 02:00:00,91752.24588271823
2025-03-31 03:00:00,71464.19882048864
2025-03-31 04:00:00,51019.82894715366
2025-03-31 05:00:00,29219.908081572234
2025-03-31 06:00:00,5817.897135964998
2025-03-31 07:00:00,-0.0
2025-03-31 08:00:00,-0.0
2025-03-31 09:00:00,-0.0
2025-03-31 10:00:00,-0.0
2025-03-31 11:00:00,-0.0
2025-03-31 12:00:00,-0.0
2025-03-31 13:00:00,77579.71176046378
2025-03-31 14:00:00,153700.2065854951
2025-03-31 15:00:00,219012.16225970513
2025-03-31 16:00:00,267103.7533966547
2025-03-31 17:00:00,294459.0328310678
2025-03-31 18:00:00,285023.0429922156
2025-03-31 19:00:00,259027.36659334027
2025-03-31 20:00:00,232712.09164804412
2025-03-31 21:00:00,207006.73684711725
2025-03-31 22:00:00,182646.0849677456
2025-03-31 23:00:00,159604.15780935306
2025-04-01 00:00:00,136998.19768185436
2025-04-01 01:00:00,114762.9797789492
2025-04-01 02:00:00,93003.81449542499
2025-04-01 03:00:00,71588.87037788003
2025-04-01 04:00:00,49945.683875921895
2025-04-01 05:00:00,26904.342700295867
2025-04-01 06:00:00,2269.214912077859
2025-04-01 07:00:00,-0.0
2025-04-01 08:00:00,-0.0
2025-04-01 09:00:00,-0.0
2025-04-01 10:00:00,-0.0
2025-04-01 11:00:00,-0.0
2025-04-01 12:00:00,-0.0
2025-04-01 13:00:00,46134.27609521804
2025-04-01 14:00:00,118974.71600055517
2025-04-01 15:00:00,192269.92419128673
2025-04-01 16:00:00,259046.06140261574
2025-04-01 17:00:00,300236.077086674
2025-04-01 18:00:00,293775.0572124116
2025-04-01 19:00:00,266864.194895764
2025-04-01 20:00:00,239651.4711975068
2025-04-01 21:00:00,212936.0019865684
2025-04-01 22:00:00,187694.20843206128
2025-04-01 23:00:00,163618.6317502171
2025-04-02 00:00:00,140183.9570672269
2025-04-02 01:00:00,117689.75747306082
2025-04-02 02:00:00,95634.94547837782
2025-04-02 03:00:00,73957.32556216318
2025-04-02 04:00:00,51758.87100385529
2025-04-02 05:00:00,28302.35730668348
2025-04-02 06:00:00,3104.4474261098676
2025-04-02 07:00:00,-0.0
2025-04-02 08:00:00,-0.0
2025-04-02 09:00:00,-0.0
2025-04-02 10:00:00,-0.0
2025-04-02 11:00:00,-0.0
2025-04-02 12:00:00,-0.0
2025-04-02 13:00:00,25895.986737905754
2025-04-02 14:00:00,93548.08816112825
2025-04-02 15:00:00,161847.32516020874
2025-04-02 16:00:00,229280.28251783585
2025-04-02 17:00:00,282391.57476252195
2025-04-02 18:00:00,283858.58632602205
2025-04-02 19:00:00,258464.55820078406
2025-04-02 20:00:00,231805.73207709214
2025-04-02 21:00:00,205848.67714814216
2025-04-02 22:00:00,181108.6682587369
2025-04-02 23:00:00,157547.56720959643
2025-04-03 00:00:00,134806.96780162488
2025-04-03 01:00:00,112443.08271205063
2025-04-03 02:00:00,90704.5399387363
2025-04-03 03:00:00,69269.75707833724
2025-04-03 04:00:00,47426.13529898912
2025-04-03 05:00:00,24082.099253968743
2025-04-03 06:00:00,-0.0
2025-04-03 07:00:00,-0.0
2025-04-03 08:00:00,-0.0
2025-04-03 09:00:00,-0.0
2025-04-03 10:00:00,-0.0
2025-04-03 11:00:00,-0.0
2025-04-03 12:00:00,-0.0
2025-04-03 13:00:00,1687.5116116968275
2025-04-03 14:00:00,83802.90297115968
2025-04-03 15:00:00,157037.4516052292
2025-04-03 16:00:00,229106.7240858474
2025-04-03 17:00:00,285307.17208110227
2025-04-03 18:00:00,290394.6542655754
2025-04-03 19:00:00,264938.7840575732
2025-04-03 20:00:00,238033.93829771777
2025-04-03 21:00:00,211664.75309818253
2025-04-03 22:00:00,186556.0322068702
2025-04-03 23:00:00,162169.87647867252
2025-04-04 00:00:00,138602.3192907842
2025-04-04 01:00:00,115706.55727027117
2025-04-04 02:00:00,93239.930507896
2025-04-04 03:00:00,71037.99224748573
2025-04-04 04:00:00,48120.97623732048
2025-04-04 05:00:00,24239.81720294516
2025-04-04 06:00:00,-0.0
2025-04-04 07:00:00,-0.0
2025-04-04 08:00:00,-0.0
2025-04-04 09:00:00,-0.0
2025-04-04 10:00:00,-0.0
2025-04-04 11:00:00,-0.0
2025-04-04 12:00:00,-0.0
2025-04-04 13:00:00,-0.0
2025-04-04 14:00:00,19392.460621807128
2025-04-04 15:00:00,107329.69073984811
2025-04-04 16:00:00,189248.90265039325
2025-04-04 17:00:00,260462.9676749963
2025-04-04 18:00:00,273848.5277026536
2025-04-04 19:00:00,249974.17181286414
2025-04-04 20:00:00,224174.0607821864
2025-04-04 21:00:00,198766.56901277142
2025-04-04 22:00:00,174420.96294859654
2025-04-04 23:00:00,151310.45778417168
2025-04-05 00:00:00,128563.32510422968
2025-04-05 01:00:00,106606.67454781724
2025-04-05 02:00:00,85130.12729978596
2025-04-05 03:00:00,64052.64600324552
2025-04-05 04:00:00,42731.725850477116
2025-04-05 05:00:00,20895.047539000247
2025-04-05 06:00:00,-0.0
2025-04-05 07:00:00,-0.0
2025-04-05 08:00:00,-0.0
2025-04-05 09:00:00,-0.0
2025-04-05 10:00:00,-0.0
2025-04-05 11:00:00,-0.0
2025-04-05 12:00:00,-0.0
2025-04-05 13:00:00,3066.0404976777136
2025-04-05 14:00:00,62629.364008383476
2025-04-05 15:00:00,124955.3635717615
2025-04-05 16:00:00,188195.5063893354
2025-04-05 17:00:00,249085.39511004693
2025-04-05 18:00:00,260955.9079393828
2025-04-05 19:00:00,237409.54817175408
2025-04-05 20:00:00,212517.26370703633
2025-04-05 21:00:00,188239.1929174169
2025-04-05 22:00:00,165162.16252172177
2025-04-05 23:00:00,142928.1782981723
2025-04-06 00:00:00,121266.06512696965
2025-04-06 01:00:00,100345.11646498203
2025-04-06 02:00:00,79964.56117247122
2025-04-06 03:00:00,59872.22953327221
2025-04-06 04:00:00,39576.967057833535
2025-04-06 05:00:00,19097.714837494015
2025-04-06 06:00:00,-0.0
2025-04-06 07:00:00,-0.0
2025-04-06 08:00:00,-0.0
2025-04-06 09:00:00,-0.0
2025-04-06 10:00:00,-0.0
2025-04-06 11:00:00,-0.0
2025-04-06 12:00:00,-0.0
2025-04-06 13:00:00,-0.0
2025-04-06 14:00:00,62372.066279259656
2025-04-06 15:00:00,130505.25491473022
2025-04-06 16:00:00,197389.9738878674
2025-04-06 17:00:00,256823.96781111773
2025-04-06 18:00:00,266326.2950950195
2025-04-06 19:00:00,242012.4413659557
2025-04-06 20:00:00,216551.4984341725
2025-04-06 21:00:00,191734.04594251246
2025-04-06 22:00:00,168281.2946136751
2025-04-06 23:00:00,146247.2024630542
2025-04-07 00:00:00,124944.07860967747
2025-04-07 01:00:00,104121.16088508593
2025-04-07 02:00:00,84106.1821582348
2025-04-07 03:00:00,64322.13744745659
2025-04-07 04:00:00,43882.24374863508
2025-04-07 05:00:00,21846.27817302222
2025-04-07 06:00:00,-0.0
2025-04-07 07:00:00,-0.0
2025-04-07 08:00:00,-0.0
2025-04-07 09:00:00,-0.0
2025-04-07 10:00:00,-0.0
2025-04-07 11:00:00,-0.0
2025-04-07 12:00:00,-0.0
2025-04-07 13:00:00,-0.0
2025-04-07 14:00:00,57102.5566847334
2025-04-07 15:00:00,145039.78680277438
2025-04-07 16:00:00,224497.4729361759
2025-04-07 17:00:00,280124.9883353962
2025-04-07 18:00:00,283230.465516009
2025-04-07 19:00:00,256680.03577843256
2025-04-07 20:00:00,229242.64843801167
2025-04-07 21:00:00,202637.3325050057
2025-04-07 22:00:00,177659.54001546378
2025-04-07 23:00:00,154048.76726334632
2025-04-08 00:00:00,131285.21447984394
2025-04-08 01:00:00,109263.23882059965
2025-04-08 02:00:00,87635.63670494872
2025-04-08 03:00:00,66390.24360651681
2025-04-08 04:00:00,45146.05447995028
2025-04-08 05:00:00,22614.878271910973
2025-04-08 06:00:00,-0.0
2025-04-08 07:00:00,-0.0
2025-04-08 08:00:00,-0.0
2025-04-08 09:00:00,-0.0
2025-04-08 10:00:00,-0.0
2025-04-08 11:00:00,-0.0
2025-04-08 12:00:00,-0.0
2025-04-08 13:00:00,-0.0
2025-04-08 14:00:00,52932.28252624755
2025-04-08 15:00:00,135101.33285379302
2025-04-08 16:00:00,208951.29189753262
2025-04-08 17:00:00,272338.10424466967
2025-04-08 18:00:00,285278.4809967135
2025-04-08 19:00:00,258916.42959417935
2025-04-08 20:00:00,231145.2323799567
2025-04-08 21:00:00,204128.95413128534
2025-04-08 22:00:00,178600.87543234898
2025-04-08 23:00:00,154767.55283094686
2025-04-09 00:00:00,131594.2433237846
2025-04-09 01:00:00,109060.13940319285
2025-04-09 02:00:00,87259.50423706308
2025-04-09 03:00:00,65907.12887151574
2025-04-09 04:00:00,44468.879892332196
2025-04-09 05:00:00,21874.791002976955
2025-04-09 06:00:00,-0.0
2025-04-09 07:00:00,-0.0
2025-04-09 08:00:00,-0.0
2025-04-09 09:00:00,-0.0
2025-04-09 10:00:00,-0.0
2025-04-09 11:00:00,-0.0
2025-04-09 12:00:00,-0.0
2025-04-09 13:00:00,-0.0
2025-04-09 14:00:00,30821.96627421258
2025-04-09 15:00:00,118759.19639225357
2025-04-09 16:00:00,206696.42651029455
2025-04-09 17:00:00,277205.641193083
2025-04-09 18:00:00,288591.80228565255
2025-04-09 19:00:00,261208.34540624925
2025-04-09 20:00:00,232467.83459191403
2025-04-09 21:00:00,204486.66298222204
2025-04-09 22:00:00,178211.70602216735
2025-04-09 23:00:00,153674.5308586171
2025-04-10 00:00:00,130008.86907650722
2025-04-10 01:00:00,107343.58418197428
2025-04-10 02:00:00,85398.34012868279
2025-04-10 03:00:00,64031.86653348653
2025-04-10 04:00:00,42819.380316691684
2025-04-10 05:00:00,20669.872317362337
2025-04-10 06:00:00,-0.0
2025-04-10 07:00:00,-0.0
2025-04-10 08:00:00,-0.0
2025-04-10 09:00:00,-0.0
2025-04-10 10:00:00,-0.0
2025-04-10 11:00:00,-0.0
2025-04-10 12:00:00,-0.0
2025-04-10 13:00:00,7399.186748102002
2025-04-10 14:00:00,90019.46968194927
2025-04-10 15:00:00,165776.83618211362
2025-04-10 16:00:00,237922.78654195045
2025-04-10 17:00:00,290609.02978674055
2025-04-10 18:00:00,293462.9835849479
2025-04-10 19:00:00,265599.1203323969
2025-04-10 20:00:00,236502.13259610577
2025-04-10 21:00:00,208305.17684704854
2025-04-10 22:00:00,181972.88447262344
2025-04-10 23:00:00,157241.4255450618
2025-04-11 00:00:00,133451.45872222618
2025-04-11 01:00:00,110366.39979265083
2025-04-11 02:00:00,87569.91612476985
2025-04-11 03:00:00,65174.86792305824
2025-04-11 04:00:00,43487.88555045985
2025-04-11 05:00:00,20728.082180494417
2025-04-11 06:00:00,-0.0
2025-04-11 07:00:00,-0.0
2025-04-11 08:00:00,-0.0
2025-04-11 09:00:00,-0.0
2025-04-11 10:00:00,-0.0
2025-04-11 11:00:00,-0.0
2025-04-11 12:00:00,-0.0
2025-04-11 13:00:00,-0.0
2025-04-11 14:00:00,37555.02043227514
2025-04-11 15:00:00,125492.25055031612
2025-04-11 16:00:00,213429.4806683571
2025-04-11 17:00:00,281729.32083837787
2025-04-11 18:00:00,289910.17928489123
2025-04-11 19:00:00,262399.36003287096
2025-04-11 20:00:00,233624.76345138196
2025-04-11 21:00:00,205653.31249242657
2025-04-11 22:00:00,178912.81969769706
2025-04-11 23:00:00,153570.93717862706
2025-04-12 00:00:00,129262.83583185697
2025-04-12 01:00:00,106084.65951085971
2025-04-12 02:00:00,83789.36701918798
2025-04-12 03:00:00,62126.306199806175
2025-04-12 04:00:00,40866.24475311875
2025-04-12 05:00:00,19420.157607061836
2025-04-12 06:00:00,-0.0
2025-04-12 07:00:00,-0.0
2025-04-12 08:00:00,-0.0
2025-04-12 09:00:00,-0.0
2025-04-12 10:00:00,-0.0
2025-04-12 11:00:00,-0.0
2025-04-12 12:00:00,-0.0
2025-04-12 13:00:00,-0.0
2025-04-12 14:00:00,52557.4394646748
2025-04-12 15:00:00,123486.19614758846
2025-04-12 16:00:00,195866.33961588005
2025-04-12 17:00:00,257003.01820522422
2025-04-12 18:00:00,269485.9800002793
2025-04-12 19:00:00,245038.1069274553
2025-04-12 20:00:00,218671.73784685603
2025-04-12 21:00:00,192943.91845427683
2025-04-12 22:00:00,168284.43554878738
2025-04-12 23:00:00,144778.70311223663
2025-04-13 00:00:00,122000.32438942562
2025-04-13 01:00:00,100086.313006785
2025-04-13 02:00:00,79005.04799864409
2025-04-13 03:00:00,58544.2335636392
2025-04-13 04:00:00,38454.73464849628
2025-04-13 05:00:00,18006.15852845273
2025-04-13 06:00:00,-0.0
2025-04-13 07:00:00,-0.0
2025-04-13 08:00:00,-0.0
2025-04-13 09:00:00,-0.0
2025-04-13 10:00:00,-0.0
2025-04-13 11:00:00,-0.0
2025-04-13 12:00:00,-0.0
2025-04-13 13:00:00,-0.0
2025-04-13 14:00:00,33527.23875764785
2025-04-13 15:00:00,114703.86725653899
2025-04-13 16:00:00,193665.85337292615
2025-04-13 17:00:00,256376.93733574875
2025-04-13 18:00:00,270249.68911511975
2025-04-13 19:00:00,247289.5461282918
2025-04-13 20:00:00,222041.4764547923
2025-04-13 21:00:00,196682.7805048359
2025-04-13 22:00:00,172399.29129474825
2025-04-13 23:00:00,149538.39349822648
2025-04-14 00:00:00,127175.18206339172
2025-04-14 01:00:00,105617.8359932904
2025-04-14 02:00:00,84461.99765478163
2025-04-14 03:00:00,63597.187380714764
2025-04-14 04:00:00,42394.39671776692
2025-04-14 05:00:00,20281.863298966273
2025-04-14 06:00:00,-0.0
2025-04-14 07:00:00,-0.0
2025-04-14 08:00:00,-0.0
2025-04-14 09:00:00,-0.0
2025-04-14 10:00:00,-0.0
2025-04-14 11:00:00,-0.0
2025-04-14 12:00:00,-0.0
2025-04-14 13:00:00,-0.0
2025-04-14 14:00:00,84063.69264829798
2025-04-14 15:00:00,160191.6144362914
2025-04-14 16:00:00,228403.85836708712
2025-04-14 17:00:00,279242.84835887066
2025-04-14 18:00:00,285717.3761661487
2025-04-14 19:00:00,259342.80403205415
2025-04-14 20:00:00,231513.77110689122
2025-04-14 21:00:00,204654.02202797023
2025-04-14 22:00:00,179105.92839460948
2025-04-14 23:00:00,154581.3459182337
2025-04-15 00:00:00,131114.9125597594
2025-04-15 01:00:00,108452.09116068884
2025-04-15 02:00:00,86371.08560378
2025-04-15 03:00:00,64749.943418447845
2025-04-15 04:00:00,43002.15178092559
2025-04-15 05:00:00,19978.717670844944
2025-04-15 06:00:00,-0.0
2025-04-15 07:00:00,-0.0
2025-04-15 08:00:00,-0.0
2025-04-15 09:00:00,-0.0
2025-04-15 10:00:00,-0.0
2025-04-15 11:00:00,-0.0
2025-04-15 12:00:00,-0.0
2025-04-15 13:00:00,-0.0
2025-04-15 14:00:00,63625.9674611252
2025-04-15 15:00:00,151563.19757916618
2025-04-15 16:00:00,228348.09854098846
2025-04-15 17:00:00,281809.03854232345
2025-04-15 18:00:00,285318.5831917515
2025-04-15 19:00:00,259073.49699688665
2025-04-15 20:00:00,231398.59371045604
2025-04-15 21:00:00,204179.07171817042
2025-04-15 22:00:00,178766.1110688766
2025-04-15 23:00:00,154542.59134082467
2025-04-16 00:00:00,131297.0742801609
2025-04-16 01:00:00,108785.36419009576
2025-04-16 02:00:00,86919.09408433129
2025-04-16 03:00:00,65111.51930725503
2025-04-16 04:00:00,42793.65685251554
2025-04-16 05:00:00,19896.72523304121
2025-04-16 06:00:00,-0.0
2025-04-16 07:00:00,-0.0
2025-04-16 08:00:00,-0.0
2025-04-16 09:00:00,-0.0
2025-04-16 10:00:00,-0.0
2025-04-16 11:00:00,-0.0
2025-04-16 12:00:00,-0.0
2025-04-16 13:00:00,-0.0
2025-04-16 14:00:00,56031.65321754836
2025-04-16 15:00:00,143968.88333558934
2025-04-16 16:00:00,221136.12431572127
2025-04-16 17:00:00,275058.00951189763
2025-04-16 18:00:00,282050.15738450317
2025-04-16 19:00:00,257076.47916000726
2025-04-16 20:00:00,229711.1048097092
2025-04-16 21:00:00,202786.9885906912
2025-04-16 22:00:00,177055.82975540473
2025-04-16 23:00:00,152715.77770771086
2025-04-17 00:00:00,129333.26938049973
2025-04-17 01:00:00,107002.34813130138
2025-04-17 02:00:00,85331.24738312524
2025-04-17 03:00:00,64014.91342577068
2025-04-17 04:00:00,42482.04527065961
2025-04-17 05:00:00,19690.985837137534
2025-04-17 06:00:00,-0.0
2025-04-17 07:00:00,-0.0
2025-04-17 08:00:00,-0.0
2025-04-17 09:00:00,-0.0
2025-04-17 10:00:00,-0.0
2025-04-17 11:00:00,-0.0
2025-04-17 12:00:00,-0.0
2025-04-17 13:00:00,3685.935717409797
2025-04-17 14:00:00,83687.67769561106
2025-04-17 15:00:00,159866.43194817903
2025-04-17 16:00:00,232179.44994822552
2025-04-17 17:00:00,279073.8382335467
2025-04-17 18:00:00,282060.4096976665
2025-04-17 19:00:00,256860.62553619375
2025-04-17 20:00:00,230145.195909593
2025-04-17 21:00:00,203656.26543549294
2025-04-17 22:00:00,178176.18067098505
2025-04-17 23:00:00,154111.54907694974
2025-04-18 00:00:00,130372.56749871513
2025-04-18 01:00:00,107456.99572289322
2025-04-18 02:00:00,85376.4513725861
2025-04-18 03:00:00,63771.80819385844
2025-04-18 04:00:00,41965.4872777939
2025-04-18 05:00:00,19028.614777018232
2025-04-18 06:00:00,-0.0
2025-04-18 07:00:00,-0.0
2025-04-18 08:00:00,-0.0
2025-04-18 09:00:00,-0.0
2025-04-18 10:00:00,-0.0
2025-04-18 11:00:00,-0.0
2025-04-18 12:00:00,-0.0
2025-04-18 13:00:00,-0.0
2025-04-18 14:00:00,49439.6775270955
2025-04-18 15:00:00,132097.66768027082
2025-04-18 16:00:00,199819.2656714635
2025-04-18 17:00:00,258145.6127651218
2025-04-18 18:00:00,271369.83166496817
2025-04-18 19:00:00,247448.78046236606
2025-04-18 20:00:00,220770.40069775347
2025-04-18 21:00:00,194353.41507969663
2025-04-18 22:00:00,169392.4327461344
2025-04-18 23:00:00,145963.47316448065
2025-04-19 00:00:00,122861.35604059155
2025-04-19 01:00:00,100548.09151495017
2025-04-19 02:00:00,78779.48838205109
2025-04-19 03:00:00,57335.18702161325
2025-04-19 04:00:00,36142.35227251349
2025-04-19 05:00:00,14467.023032525822
2025-04-19 06:00:00,-0.0
2025-04-19 07:00:00,-0.0
2025-04-19 08:00:00,-0.0
2025-04-19 09:00:00,-0.0
2025-04-19 10:00:00,-0.0
2025-04-19 11:00:00,-0.0
2025-04-19 12:00:00,-0.0
2025-04-19 13:00:00,-0.0
2025-04-19 14:00:00,11358.074048771348
2025-04-19 15:00:00,84184.53177766704
2025-04-19 16:00:00,161425.49421619147
2025-04-19 17:00:00,230155.71633697947
2025-04-19 18:00:00,256970.89006867318
2025-04-19 19:00:00,235208.03540610694
2025-04-19 20:00:00,210075.67540973026
2025-04-19 21:00:00,185557.81965128615
2025-04-19 22:00:00,161986.20521061914
2025-04-19 23:00:00,139573.76012546444
2025-04-20 00:00:00,117428.04138320073
2025-04-20 01:00:00,95646.24345124298
2025-04-20 02:00:00,74592.41214472537
2025-04-20 03:00:00,53847.35560460873
2025-04-20 04:00:00,33343.74340544897
2025-04-20 05:00:00,12591.116297667359
2025-04-20 06:00:00,-0.0
2025-04-20 07:00:00,-0.0
2025-04-20 08:00:00,-0.0
2025-04-20 09:00:00,-0.0
2025-04-20 10:00:00,-0.0
2025-04-20 11:00:00,-0.0
2025-04-20 12:00:00,-0.0
2025-04-20 13:00:00,-0.0
2025-04-20 14:00:00,23523.99284478907
2025-04-20 15:00:00,94155.66104321259
2025-04-20 16:00:00,168019.58346390456
2025-04-20 17:00:00,238799.49020419072
2025-04-20 18:00:00,261841.2203466129
2025-04-20 19:00:00,240535.47782442812
2025-04-20 20:00:00,215511.83980389353
2025-04-20 21:00:00,190732.9697721377
2025-04-20 22:00:00,167144.24607336038
2025-04-20 23:00:00,144702.81272404615
2025-04-21 00:00:00,123063.21406492908
2025-04-21 01:00:00,101095.57599456723
2025-04-21 02:00:00,80010.00965362988
2025-04-21 03:00:00,59206.02313788161
2025-04-21 04:00:00,38112.5104515759
2025-04-21 05:00:00,15775.485653437969
2025-04-21 06:00:00,-0.0
2025-04-21 07:00:00,-0.0
2025-04-21 08:00:00,-0.0
2025-04-21 09:00:00,-0.0
2025-04-21 10:00:00,-0.0
2025-04-21 11:00:00,-0.0
2025-04-21 12:00:00,-0.0
2025-04-21 13:00:00,-0.0
2025-04-21 14:00:00,10408.634758111279
2025-04-21 15:00:00,98345.86487615226
2025-04-21 16:00:00,184772.5522510826
2025-04-21 17:00:00,259698.5717135186
2025-04-21 18:00:00,281413.4717966322
2025-04-21 19:00:00,256382.86234001422
2025-04-21 20:00:00,227878.58634024835
2025-04-21 21:00:00,200225.50984157983
2025-04-21 22:00:00,174119.4908330305
2025-04-21 23:00:00,149697.33032634656
2025-04-22 00:00:00,126265.6939976796
2025-04-22 01:00:00,103726.74157178638
2025-04-22 02:00:00,81902.06263673301
2025-04-22 03:00:00,60526.270024307116
2025-04-22 04:00:00,38632.72099094564
2025-04-22 05:00:00,15687.093365022238
2025-04-22 06:00:00,-0.0
2025-04-22 07:00:00,-0.0
2025-04-22 08:00:00,-0.0
2025-04-22 09:00:00,-0.0
2025-04-22 10:00:00,-0.0
2025-04-22 11:00:00,-0.0
2025-04-22 12:00:00,-0.0
2025-04-22 13:00:00,-0.0
2025-04-22 14:00:00,13171.601752805174
2025-04-22 15:00:00,101108.83187084616
2025-04-22 16:00:00,189046.06198888714
2025-04-22 17:00:00,265393.22877213534
2025-04-22 18:00:00,283702.0978918783
2025-04-22 19:00:00,258899.10522941
2025-04-22 20:00:00,230465.56780819598
2025-04-22 21:00:00,202919.12015416706
2025-04-22 22:00:00,177036.61037407754
2025-04-22 23:00:00,152750.176784126
2025-04-23 00:00:00,129196.24440235217
2025-04-23 01:00:00,106345.16986088206
2025-04-23 02:00:00,83727.34097310345
2025-04-23 03:00:00,61798.53343875567
2025-04-23 04:00:00,39585.52108963562
2025-04-23 05:00:00,16097.776877432208
2025-04-23 06:00:00,-0.0
2025-04-23 07:00:00,-0.0
2025-04-23 08:00:00,-0.0
2025-04-23 09:00:00,-0.0
2025-04-23 10:00:00,-0.0
2025-04-23 11:00:00,-0.0
2025-04-23 12:00:00,-0.0
2025-04-23 13:00:00,-0.0
2025-04-23 14:00:00,23767.165798855363
2025-04-23 15:00:00,110251.22915379252
2025-04-23 16:00:00,192335.46662521455
2025-04-23 17:00:00,262890.5538969533
2025-04-23 18:00:00,281445.50764252624
2025-04-23 19:00:00,257009.91416596458
2025-04-23 20:00:00,229114.55583844543
2025-04-23 21:00:00,201962.73072891508
2025-04-23 22:00:00,176260.5836972281
2025-04-23 23:00:00,152142.3082042177
2025-04-24 00:00:00,128366.34325853887
2025-04-24 01:00:00,105423.38974314867
2025-04-24 02:00:00,83000.8542281751
2025-04-24 03:00:00,61002.97369429772
2025-04-24 04:00:00,38797.52127694282
2025-04-24 05:00:00,15411.778016162129
2025-04-24 06:00:00,-0.0
2025-04-24 07:00:00,-0.0
2025-04-24 08:00:00,-0.0
2025-04-24 09:00:00,-0.0
2025-04-24 10:00:00,-0.0
2025-04-24 11:00:00,-0.0
2025-04-24 12:00:00,-0.0
2025-04-24 13:00:00,-0.0
2025-04-24 14:00:00,30461.00034979434
2025-04-24 15:00:00,118398.23046783532
2025-04-24 16:00:00,206335.4605858763
2025-04-24 17:00:00,270389.99414725363
2025-04-24 18:00:00,281709.705536543
2025-04-24 19:00:00,256865.21262121885
2025-04-24 20:00:00,229570.17803253018
2025-04-24 21:00:00,202791.25109853107
2025-04-24 22:00:00,177045.96493381195
2025-04-24 23:00:00,152481.6649372928
2025-04-25 00:00:00,128396.05901068424
2025-04-25 01:00:00,105289.20885526738
2025-04-25 02:00:00,83036.17164950863
2025-04-25 03:00:00,60820.32204900497
2025-04-25 04:00:00,38495.5918344837
2025-04-25 05:00:00,15317.552882828
2025-04-25 06:00:00,-0.0
2025-04-25 07:00:00,-0.0
2025-04-25 08:00:00,-0.0
2025-04-25 09:00:00,-0.0
2025-04-25 10:00:00,-0.0
2025-04-25 11:00:00,-0.0
2025-04-25 12:00:00,-0.0
2025-04-25 13:00:00,-0.0
2025-04-25 14:00:00,27917.64443848627
2025-04-25 15:00:00,115854.87455652725
2025-04-25 16:00:00,199515.3597841019
2025-04-25 17:00:00,259656.34862676132
2025-04-25 18:00:00,271344.3855489035
2025-04-25 19:00:00,248062.1659584286
2025-04-25 20:00:00,221325.11247901822
2025-04-25 21:00:00,194950.72664296892
2025-04-25 22:00:00,169344.26792390077
2025-04-25 23:00:00,145126.34060905027
2025-04-26 00:00:00,121624.78355432404
2025-04-26 01:00:00,98790.12050026178
2025-04-26 02:00:00,76879.04310729477
2025-04-26 03:00:00,55651.27631685665
2025-04-26 04:00:00,34463.867816776
2025-04-26 05:00:00,12830.849115831998
2025-04-26 06:00:00,-0.0
2025-04-26 07:00:00,-0.0
2025-04-26 08:00:00,-0.0
2025-04-26 09:00:00,-0.0
2025-04-26 10:00:00,-0.0
2025-04-26 11:00:00,-0.0
2025-04-26 12:00:00,-0.0
2025-04-26 13:00:00,1438.0363031595916
2025-04-26 14:00:00,77075.18820337104
2025-04-26 15:00:00,146838.11326918122
2025-04-26 16:00:00,210850.78151830254
2025-04-26 17:00:00,257009.51050921
2025-04-26 18:00:00,263272.48049422767
2025-04-26 19:00:00,240452.66861359644
2025-04-26 20:00:00,215523.1205446046
2025-04-26 21:00:00,190876.43731422807
2025-04-26 22:00:00,166922.84761501316
2025-04-26 23:00:00,143480.03129506597
2025-04-27 00:00:00,120402.4109406342
2025-04-27 01:00:00,98033.0759553881
2025-04-27 02:00:00,76405.40545653686
2025-04-27 03:00:00,55310.101341744274
2025-04-27 04:00:00,34181.71875591242
2025-04-27 05:00:00,12970.468300306171
2025-04-27 06:00:00,-0.0
2025-04-27 07:00:00,-0.0
2025-04-27 08:00:00,-0.0
2025-04-27 09:00:00,-0.0
2025-04-27 10:00:00,-0.0
2025-04-27 11:00:00,-0.0
2025-04-27 12:00:00,-0.0
2025-04-27 13:00:00,12898.907688289692
2025-04-27 14:00:00,85553.36802505812
2025-04-27 15:00:00,157129.3076546813
2025-04-27 16:00:00,211722.7562062162
2025-04-27 17:00:00,255578.85240552184
2025-04-27 18:00:00,263141.50644888903
2025-04-27 19:00:00,240251.59199559232
2025-04-27 20:00:00,214816.12106805938
2025-04-27 21:00:00,189788.01968607886
2025-04-27 22:00:00,165821.93432785504
2025-04-27 23:00:00,143171.74443291724
2025-04-28 00:00:00,120893.39008386173
2025-04-28 01:00:00,98791.64014045379
2025-04-28 02:00:00,77568.8149306355
2025-04-28 03:00:00,56863.97624488686
2025-04-28 04:00:00,35871.51491250701
2025-04-28 05:00:00,13037.85195299891
2025-04-28 06:00:00,-0.0
2025-04-28 07:00:00,-0.0
2025-04-28 08:00:00,-0.0
2025-04-28 09:00:00,-0.0
2025-04-28 10:00:00,-0.0
2025-04-28 11:00:00,-0.0
2025-04-28 12:00:00,-0.0
2025-04-28 13:00:00,-0.0
2025-04-28 14:00:00,28374.299186619653
2025-04-28 15:00:00,109225.0571198895
2025-04-28 16:00:00,179382.07210908353
2025-04-28 17:00:00,245241.35266655489
2025-04-28 18:00:00,270588.07395054307
2025-04-28 19:00:00,248308.83869521515
2025-04-28 20:00:00,221131.27215756703
2025-04-28 21:00:00,194644.70248080007
2025-04-28 22:00:00,169453.33198960428
2025-04-28 23:00:00,145682.42246232467
2025-04-29 00:00:00,122646.31800690887
2025-04-29 01:00:00,100389.79071862553
2025-04-29 02:00:00,78731.61714666289
2025-04-29 03:00:00,57040.11516988383
2025-04-29 04:00:00,34848.53648470809
2025-04-29 05:00:00,11620.591646549185
2025-04-29 06:00:00,-0.0
2025-04-29 07:00:00,-0.0
2025-04-29 08:00:00,-0.0
2025-04-29 09:00:00,-0.0
2025-04-29 10:00:00,-0.0
2025-04-29 11:00:00,-0.0
2025-04-29 12:00:00,-0.0
2025-04-29 13:00:00,-0.0
2025-04-29 14:00:00,17119.404445363863
2025-04-29 15:00:00,104104.24004936073
2025-04-29 16:00:00,184497.17434551095
2025-04-29 17:00:00,251721.99188122194
2025-04-29 18:00:00,278997.73415833444
2025-04-29 19:00:00,255617.46995964277
2025-04-29 20:00:00,227472.29462571559
2025-04-29 21:00:00,199989.1629804364
2025-04-29 22:00:00,173839.12758086825
2025-04-29 23:00:00,149328.8074837585
2025-04-30 00:00:00,125546.14365973632
2025-04-30 01:00:00,102513.30507925092
2025-04-30 02:00:00,80012.45969400476
2025-04-30 03:00:00,58101.9557959028
2025-04-30 04:00:00,35973.500539929475
2025-04-30 05:00:00,12916.977403126839
2025-04-30 06:00:00,-0.0
2025-04-30 07:00:00,-0.0
2025-04-30 08:00:00,-0.0
2025-04-30 09:00:00,-0.0
2025-04-30 10:00:00,-0.0
2025-04-30 11:00:00,-0.0
2025-04-30 12:00:00,-0.0
2025-04-30 13:00:00,-0.0
2025-04-30 14:00:00,15435.737188510539
2025-04-30 15:00:00,103372.96730655152
2025-04-30 16:00:00,191310.1974245925
2025-04-30 17:00:00,263163.9278164978
2025-04-30 18:00:00,280385.7317641734
2025-04-30 19:00:00,257038.461537522
2025-04-30 20:00:00,229093.59399859214
2025-04-30 21:00:00,201915.3701798544
2025-04-30 22:00:00,176223.4463806107
2025-04-30 23:00:00,151601.50940438267
2025-05-01 00:00:00,127670.54864682208
2025-05-01 01:00:00,104591.34493891188
2025-05-01 02:00:00,82210.62037400079
2025-05-01 03:00:00,60361.37999462994
2025-05-01 04:00:00,38090.47832763863
2025-05-01 05:00:00,15016.611238398003
2025-05-01 06:00:00,-0.0
2025-05-01 07:00:00,-0.0
2025-05-01 08:00:00,-0.0
2025-05-01 09:00:00,-0.0
2025-05-01 10:00:00,-0.0
2025-05-01 11:00:00,-0.0
2025-05-01 12:00:00,-0.0
2025-05-01 13:00:00,-0.0
2025-05-01 14:00:00,67093.64850297982
2025-05-01 15:00:00,150594.3498361839
2025-05-01 16:00:00,218312.27195049456
2025-05-01 17:00:00,271148.5657739787
2025-05-01 18:00:00,282101.8212952593
2025-05-01 19:00:00,257231.1689073357
2025-05-01 20:00:00,228793.0988343835
2025-05-01 21:00:00,200859.5121764797
2025-05-01 22:00:00,174282.05431270957
2025-05-01 23:00:00,149184.50208118264
2025-05-02 00:00:00,125164.36479424301
2025-05-02 01:00:00,102114.29702037612
2025-05-02 02:00:00,79599.86525279733
2025-05-02 03:00:00,57346.77262390622
2025-05-02 04:00:00,35033.518348744656
2025-05-02 05:00:00,11625.239125705719
2025-05-02 06:00:00,-0.0
2025-05-02 07:00:00,-0.0
2025-05-02 08:00:00,-0.0
2025-05-02 09:00:00,-0.0
2025-05-02 10:00:00,-0.0
2025-05-02 11:00:00,-0.0
2025-05-02 12:00:00,-0.0
2025-05-02 13:00:00,-0.0
2025-05-02 14:00:00,-0.0
2025-05-02 15:00:00,87461.83961489418
2025-05-02 16:00:00,175399.06973293517
2025-05-02 17:00:00,253333.16978901354
2025-05-02 18:00:00,276987.5073638853
2025-05-02 19:00:00,253482.9149581843
2025-05-02 20:00:00,225113.79696980483
2025-05-02 21:00:00,197261.5409057448
2025-05-02 22:00:00,170585.8358835737
2025-05-02 23:00:00,145239.94866206407
2025-05-03 00:00:00,120923.47017131935
2025-05-03 01:00:00,97497.19089872173
2025-05-03 02:00:00,75086.21133700148
2025-05-03 03:00:00,53189.76863620928
2025-05-03 04:00:00,31666.972072716766
2025-05-03 05:00:00,9668.12155428284
2025-05-03 06:00:00,-0.0
2025-05-03 07:00:00,-0.0
2025-05-03 08:00:00,-0.0
2025-05-03 09:00:00,-0.0
2025-05-03 10:00:00,-0.0
2025-05-03 11:00:00,-0.0
2025-05-03 12:00:00,-0.0
2025-05-03 13:00:00,-0.0
2025-05-03 14:00:00,58770.15717595526
2025-05-03 15:00:00,137186.4114452558
2025-05-03 16:00:00,203159.13498708792
2025-05-03 17:00:00,251670.80652834204
2025-05-03 18:00:00,261857.5973332194
2025-05-03 19:00:00,241392.34624549287
2025-05-03 20:00:00,216414.91512855171
2025-05-03 21:00:00,191376.4528748026
2025-05-03 22:00:00,167307.71542583342
2025-05-03 23:00:00,144081.93293100258
2025-05-04 00:00:00,121355.39434082706
2025-05-04 01:00:00,99258.16228553711
2025-05-04 02:00:00,77653.50868815854
2025-05-04 03:00:00,56417.21872774736
2025-05-04 04:00:00,35561.73250209398
2025-05-04 05:00:00,14395.683250185653
2025-05-04 06:00:00,-0.0
2025-05-04 07:00:00,-0.0
2025-05-04 08:00:00,-0.0
2025-05-04 09:00:00,-0.0
2025-05-04 10:00:00,-0.0
2025-05-04 11:00:00,-0.0
2025-05-04 12:00:00,-0.0
2025-05-04 13:00:00,57493.3125506929
2025-05-04 14:00:00,116681.63814364024
2025-05-04 15:00:00,174722.21599712048
2025-05-04 16:00:00,228673.74254048188
2025-05-04 17:00:00,264246.17294471036
2025-05-04 18:00:00,269131.9856367316
2025-05-04 19:00:00,247332.02306592301
2025-05-04 20:00:00,221556.0106798612
2025-05-04 21:00:00,195981.43039278616
2025-05-04 22:00:00,171766.86972727644
2025-05-04 23:00:00,148942.95191983227
2025-05-05 00:00:00,126505.4593248413
2025-05-05 01:00:00,104724.35499586033
2025-05-05 02:00:00,83112.09832692487
2025-05-05 03:00:00,61744.969112512714
2025-05-05 04:00:00,39976.65013985131
2025-05-05 05:00:00,17040.78456942
2025-05-05 06:00:00,-0.0
2025-05-05 07:00:00,-0.0
2025-05-05 08:00:00,-0.0
2025-05-05 09:00:00,-0.0
2025-05-05 10:00:00,-0.0
2025-05-05 11:00:00,-0.0
2025-05-05 12:00:00,-0.0
2025-05-05 13:00:00,48693.84648240829
2025-05-05 14:00:00,115040.82062501303
2025-05-05 15:00:00,166318.492653121
2025-05-05 16:00:00,221690.43587535925
2025-05-05 17:00:00,267928.11944044323
2025-05-05 18:00:00,281440.62051791965
2025-05-05 19:00:00,257960.22693451008
2025-05-05 20:00:00,229309.73050766907
2025-05-05 21:00:00,201447.90603018933
2025-05-05 22:00:00,175146.4858752501
2025-05-05 23:00:00,150112.69903531836
2025-05-06 00:00:00,126065.71152549368
2025-05-06 01:00:00,102807.82063362183
2025-05-06 02:00:00,80699.73913571899
2025-05-06 03:00:00,58967.35549581832
2025-05-06 04:00:00,37052.937053202266
2025-05-06 05:00:00,13772.515290339084
2025-05-06 06:00:00,-0.0
2025-05-06 07:00:00,-0.0
2025-05-06 08:00:00,-0.0
2025-05-06 09:00:00,-0.0
2025-05-06 10:00:00,-0.0
2025-05-06 11:00:00,-0.0
2025-05-06 12:00:00,-0.0
2025-05-06 13:00:00,-0.0
2025-05-06 14:00:00,31429.904532877044
2025-05-06 15:00:00,118363.88674438639
2025-05-06 16:00:00,197072.1837345762
2025-05-06 17:00:00,258390.69827345904
2025-05-06 18:00:00,281383.90103924525
2025-05-06 19:00:00,258804.44397610947
2025-05-06 20:00:00,230207.40231768717
2025-05-06 21:00:00,202149.3279587005
2025-05-06 22:00:00,175701.94490520013
2025-05-06 23:00:00,150891.88410791734
2025-05-07 00:00:00,126766.1637215326
2025-05-07 01:00:00,103367.35040035834
2025-05-07 02:00:00,80945.83482006886
2025-05-07 03:00:00,58824.166890290944
2025-05-07 04:00:00,36443.58819386968
2025-05-07 05:00:00,13061.391441188069
2025-05-07 06:00:00,-0.0
2025-05-07 07:00:00,-0.0
2025-05-07 08:00:00,-0.0
2025-05-07 09:00:00,-0.0
2025-05-07 10:00:00,-0.0
2025-05-07 11:00:00,-0.0
2025-05-07 12:00:00,-0.0
2025-05-07 13:00:00,-0.0
2025-05-07 14:00:00,-0.0
2025-05-07 15:00:00,66535.81838487327
2025-05-07 16:00:00,154473.04850291426
2025-05-07 17:00:00,236211.16887331073
2025-05-07 18:00:00,272406.27428296744
2025-05-07 19:00:00,252534.89396673982
2025-05-07 20:00:00,224154.9277570698
2025-05-07 21:00:00,195958.21177085067
2025-05-07 22:00:00,169212.1849269704
2025-05-07 23:00:00,144082.65035838497
2025-05-08 00:00:00,119761.58374277828
2025-05-08 01:00:00,96291.20676686316
2025-05-08 02:00:00,73755.19868288652
2025-05-08 03:00:00,51726.22813502805
2025-05-08 04:00:00,29524.781767961907
2025-05-08 05:00:00,6290.24231597048
2025-05-08 06:00:00,-0.0
2025-05-08 07:00:00,-0.0
2025-05-08 08:00:00,-0.0
2025-05-08 09:00:00,-0.0
2025-05-08 10:00:00,-0.0
2025-05-08 11:00:00,-0.0
2025-05-08 12:00:00,-0.0
2025-05-08 13:00:00,-0.0
2025-05-08 14:00:00,-0.0
2025-05-08 15:00:00,78822.53740933858
2025-05-08 16:00:00,166759.76752737956
2025-05-08 17:00:00,251618.24309922443
2025-05-08 18:00:00,284357.85060464696
2025-05-08 19:00:00,261904.37659085196
2025-05-08 20:00:00,231228.3785398665
2025-05-08 21:00:00,201428.53386979137
2025-05-08 22:00:00,173339.09106442105
2025-05-08 23:00:00,146954.8146378878
2025-05-09 00:00:00,121530.51875794101
2025-05-09 01:00:00,97353.69184412016
2025-05-09 02:00:00,74254.62938035453
2025-05-09 03:00:00,51599.916295213305
2025-05-09 04:00:00,29032.399734106915
2025-05-09 05:00:00,5515.395643171585
2025-05-09 06:00:00,-0.0
2025-05-09 07:00:00,-0.0
2025-05-09 08:00:00,-0.0
2025-05-09 09:00:00,-0.0
2025-05-09 10:00:00,-0.0
2025-05-09 11:00:00,-0.0
2025-05-09 12:00:00,-0.0
2025-05-09 13:00:00,-0.0
2025-05-09 14:00:00,12526.081878028286
2025-05-09 15:00:00,100463.31199606927
2025-05-09 16:00:00,188400.54211411026
2025-05-09 17:00:00,269004.04433240456
2025-05-09 18:00:00,298547.5273607167
2025-05-09 19:00:00,273186.90553331294
2025-05-09 20:00:00,240134.8225883429
2025-05-09 21:00:00,208088.17736071584
2025-05-09 22:00:00,177947.15898212785
2025-05-09 23:00:00,149755.9919625774
2025-05-10 00:00:00,122991.96622798702
2025-05-10 01:00:00,97547.07400778617
2025-05-10 02:00:00,73234.73162714505
2025-05-10 03:00:00,49875.56246548871
2025-05-10 04:00:00,27099.454359230578
2025-05-10 05:00:00,4273.595922208353
2025-05-10 06:00:00,-0.0
2025-05-10 07:00:00,-0.0
2025-05-10 08:00:00,-0.0
2025-05-10 09:00:00,-0.0
2025-05-10 10:00:00,-0.0
2025-05-10 11:00:00,-0.0
2025-05-10 12:00:00,-0.0
2025-05-10 13:00:00,-0.0
2025-05-10 14:00:00,17595.197140220727
2025-05-10 15:00:00,105532.42725826171
2025-05-10 16:00:00,193469.6573763027
2025-05-10 17:00:00,270652.45529128436
2025-05-10 18:00:00,296781.3267791867
2025-05-10 19:00:00,271155.9771700282
2025-05-10 20:00:00,237864.05482972186
2025-05-10 21:00:00,205832.62729279272
2025-05-10 22:00:00,176104.44383688632
2025-05-10 23:00:00,147969.43565992272
2025-05-11 00:00:00,122005.63270838339
2025-05-11 01:00:00,97238.83829418581
2025-05-11 02:00:00,73852.74596116925
2025-05-11 03:00:00,51109.4136843833
2025-05-11 04:00:00,28672.68942588725
2025-05-11 05:00:00,6519.90747517035
2025-05-11 06:00:00,-0.0
2025-05-11 07:00:00,-0.0
2025-05-11 08:00:00,-0.0
2025-05-11 09:00:00,-0.0
2025-05-11 10:00:00,-0.0
2025-05-11 11:00:00,-0.0
2025-05-11 12:00:00,-0.0
2025-05-11 13:00:00,-0.0
2025-05-11 14:00:00,7456.824437726726
2025-05-11 15:00:00,95394.05455576771
2025-05-11 16:00:00,183331.2846738087
2025-05-11 17:00:00,248647.0096468114
2025-05-11 18:00:00,273662.0082598168
2025-05-11 19:00:00,252966.0748139426
2025-05-11 20:00:00,223796.2774054016
2025-05-11 21:00:00,195377.91829925816
2025-05-11 22:00:00,168652.45287670786
2025-05-11 23:00:00,143578.46564526678
2025-05-12 00:00:00,119285.23273987115
2025-05-12 01:00:00,95930.97603214919
2025-05-12 02:00:00,73586.48484677661
2025-05-12 03:00:00,51306.63604219213
2025-05-12 04:00:00,28987.57040615668
2025-05-12 05:00:00,5996.608539529515
2025-05-12 06:00:00,-0.0
2025-05-12 07:00:00,-0.0
2025-05-12 08:00:00,-0.0
2025-05-12 09:00:00,-0.0
2025-05-12 10:00:00,-0.0
2025-05-12 11:00:00,-0.0
2025-05-12 12:00:00,-0.0
2025-05-12 13:00:00,-0.0
2025-05-12 14:00:00,70875.26354954555
2025-05-12 15:00:00,146451.95562500902
2025-05-12 16:00:00,208184.43687214926
2025-05-12 17:00:00,253434.40060848725
2025-05-12 18:00:00,270200.94126844476
2025-05-12 19:00:00,250831.78063450393
2025-05-12 20:00:00,222569.5551530426
2025-05-12 21:00:00,194744.61888269367
2025-05-12 22:00:00,168291.9348124996
2025-05-12 23:00:00,142983.22320206123
2025-05-13 00:00:00,118776.43669049219
2025-05-13 01:00:00,95345.14313480402
2025-05-13 02:00:00,72815.20740712566
2025-05-13 03:00:00,50685.70582515288
2025-05-13 04:00:00,28458.74288047876
2025-05-13 05:00:00,5352.775612956746
2025-05-13 06:00:00,-0.0
2025-05-13 07:00:00,-0.0
2025-05-13 08:00:00,-0.0
2025-05-13 09:00:00,-0.0
2025-05-13 10:00:00,-0.0
2025-05-13 11:00:00,-0.0
2025-05-13 12:00:00,-0.0
2025-05-13 13:00:00,-0.0
2025-05-13 14:00:00,-0.0
2025-05-13 15:00:00,73652.52285650976
2025-05-13 16:00:00,154365.36672303232
2025-05-13 17:00:00,228613.07165950313
2025-05-13 18:00:00,266016.22726263496
2025-05-13 19:00:00,248390.3635337681
2025-05-13 20:00:00,220434.6418164204
2025-05-13 21:00:00,192865.47844572997
2025-05-13 22:00:00,166814.24710984947
2025-05-13 23:00:00,142049.69363001268
2025-05-14 00:00:00,117870.92105423719
2025-05-14 01:00:00,94255.26035583731
2025-05-14 02:00:00,71603.49177072644
2025-05-14 03:00:00,49361.11489494375
2025-05-14 04:00:00,26798.21748019421
2025-05-14 05:00:00,3321.358558680298
2025-05-14 06:00:00,-0.0
2025-05-14 07:00:00,-0.0
2025-05-14 08:00:00,-0.0
2025-05-14 09:00:00,-0.0
2025-05-14 10:00:00,-0.0
2025-05-14 11:00:00,-0.0
2025-05-14 12:00:00,-0.0
2025-05-14 13:00:00,-0.0
2025-05-14 14:00:00,-0.0
2025-05-14 15:00:00,73318.25754159402
2025-05-14 16:00:00,155309.24428853486
2025-05-14 17:00:00,231081.2540515583
2025-05-14 18:00:00,263557.66949202435
2025-05-14 19:00:00,246717.62702058424
2025-05-14 20:00:00,219932.07000073243
2025-05-14 21:00:00,192154.1999258987
2025-05-14 22:00:00,165384.4692188755
2025-05-14 23:00:00,140295.9063642025
2025-05-15 00:00:00,115902.74046750895
2025-05-15 01:00:00,92469.99898108435
2025-05-15 02:00:00,69963.3660525606
2025-05-15 03:00:00,47967.32895399751
2025-05-15 04:00:00,25669.958855290846
2025-05-15 05:00:00,2586.149611224778
2025-05-15 06:00:00,-0.0
2025-05-15 07:00:00,-0.0
2025-05-15 08:00:00,-0.0
2025-05-15 09:00:00,-0.0
2025-05-15 10:00:00,-0.0
2025-05-15 11:00:00,-0.0
2025-05-15 12:00:00,-0.0
2025-05-15 13:00:00,-0.0
2025-05-15 14:00:00,-0.0
2025-05-15 15:00:00,75628.43345819903
2025-05-15 16:00:00,158362.00311285612
2025-05-15 17:00:00,233692.33711711742
2025-05-15 18:00:00,271190.9181781798
2025-05-15 19:00:00,253297.665796226
2025-05-15 20:00:00,224151.1797647248
2025-05-15 21:00:00,195425.3103835302
2025-05-15 22:00:00,168166.87134741148
2025-05-15 23:00:00,142632.9871897617
2025-05-16 00:00:00,117666.9046013642
2025-05-16 01:00:00,93751.85491044886
2025-05-16 02:00:00,70778.67255291957
2025-05-16 03:00:00,48132.73029858851
2025-05-16 04:00:00,25723.752930095117
2025-05-16 05:00:00,2540.6749230841806
2025-05-16 06:00:00,-0.0
2025-05-16 07:00:00,-0.0
2025-05-16 08:00:00,-0.0
2025-05-16 09:00:00,-0.0
2025-05-16 10:00:00,-0.0
2025-05-16 11:00:00,-0.0
2025-05-16 12:00:00,-0.0
2025-05-16 13:00:00,-0.0
2025-05-16 14:00:00,16298.98826429178
2025-05-16 15:00:00,104236.21838233277
2025-05-16 16:00:00,185435.45769448794
2025-05-16 17:00:00,250864.90810433982
2025-05-16 18:00:00,274947.9100360909
2025-05-16 19:00:00,254674.51273188274
2025-05-16 20:00:00,225646.68063505998
2025-05-16 21:00:00,197046.78049372186
2025-05-16 22:00:00,169923.349074747
2025-05-16 23:00:00,143949.40749420496
2025-05-17 00:00:00,118927.38787524457
2025-05-17 01:00:00,94980.47408464219
2025-05-17 02:00:00,72112.58791906867
2025-05-17 03:00:00,49828.49302623927
2025-05-17 04:00:00,27810.314347512518
2025-05-17 05:00:00,5463.610361908163
2025-05-17 06:00:00,-0.0
2025-05-17 07:00:00,-0.0
2025-05-17 08:00:00,-0.0
2025-05-17 09:00:00,-0.0
2025-05-17 10:00:00,-0.0
2025-05-17 11:00:00,-0.0
2025-05-17 12:00:00,-0.0
2025-05-17 13:00:00,-0.0
2025-05-17 14:00:00,-0.0
2025-05-17 15:00:00,58051.261945682345
2025-05-17 16:00:00,145799.92125587448
2025-05-17 17:00:00,217936.60742715155
2025-05-17 18:00:00,247619.34236879833
2025-05-17 19:00:00,230190.86647082472
2025-05-17 20:00:00,204153.8473647028
2025-05-17 21:00:00,178383.7870935476
2025-05-17 22:00:00,153538.85672697032
2025-05-17 23:00:00,129715.98746022739
2025-05-18 00:00:00,106698.75352465396
2025-05-18 01:00:00,84544.84898539547
2025-05-18 02:00:00,63242.47025950381
2025-05-18 03:00:00,42376.840448504445
2025-05-18 04:00:00,21695.89103438782
2025-05-18 05:00:00,433.54774863051784
2025-05-18 06:00:00,-0.0
2025-05-18 07:00:00,-0.0
2025-05-18 08:00:00,-0.0
2025-05-18 09:00:00,-0.0
2025-05-18 10:00:00,-0.0
2025-05-18 11:00:00,-0.0
2025-05-18 12:00:00,-0.0
2025-05-18 13:00:00,-0.0
2025-05-18 14:00:00,14545.179392544014
2025-05-18 15:00:00,80589.70303029676
2025-05-18 16:00:00,145311.30404110393
2025-05-18 17:00:00,210254.82581166507
2025-05-18 18:00:00,249381.6205841393
2025-05-18 19:00:00,233610.29556655872
2025-05-18 20:00:00,206719.01206929027
2025-05-18 21:00:00,180021.8986974773
2025-05-18 22:00:00,154761.84088024352
2025-05-18 23:00:00,131255.555760831
2025-05-19 00:00:00,108542.83529945242
2025-05-19 01:00:00,86478.62637745087
2025-05-19 02:00:00,65267.38669361643
2025-05-19 03:00:00,44310.78265847149
2025-05-19 04:00:00,22715.241427693833
2025-05-19 05:00:00,-0.0
2025-05-19 06:00:00,-0.0
2025-05-19 07:00:00,-0.0
2025-05-19 08:00:00,-0.0
2025-05-19 09:00:00,-0.0
2025-05-19 10:00:00,-0.0
2025-05-19 11:00:00,-0.0
2025-05-19 12:00:00,-0.0
2025-05-19 13:00:00,-0.0
2025-05-19 14:00:00,-0.0
2025-05-19 15:00:00,68747.1346807107
2025-05-19 16:00:00,153973.2686738825
2025-05-19 17:00:00,233997.5031040552
2025-05-19 18:00:00,276745.8081805984
2025-05-19 19:00:00,259210.98380232937
2025-05-19 20:00:00,228320.8244144116
2025-05-19 21:00:00,198079.5444442145
2025-05-19 22:00:00,169889.61391746544
2025-05-19 23:00:00,143510.28867148238
2025-05-20 00:00:00,118049.02135224242
2025-05-20 01:00:00,93599.23252807483
2025-05-20 02:00:00,70160.58825215482
2025-05-20 03:00:00,47094.074000897395
2025-05-20 04:00:00,23984.157840853833
2025-05-20 05:00:00,-0.0
2025-05-20 06:00:00,-0.0
2025-05-20 07:00:00,-0.0
2025-05-20 08:00:00,-0.0
2025-05-20 09:00:00,-0.0
2025-05-20 10:00:00,-0.0
2025-05-20 11:00:00,-0.0
2025-05-20 12:00:00,-0.0
2025-05-20 13:00:00,-0.0
2025-05-20 14:00:00,-0.0
2025-05-20 15:00:00,73420.02631228819
2025-05-20 16:00:00,161357.25643032917
2025-05-20 17:00:00,249188.54208763863
2025-05-20 18:00:00,289099.44940936443
2025-05-20 19:00:00,269191.2722362159
2025-05-20 20:00:00,236792.37258966776
2025-05-20 21:00:00,205040.85238239833
2025-05-20 22:00:00,175411.6185304931
2025-05-20 23:00:00,148024.72648580914
2025-05-21 00:00:00,121711.40311786969
2025-05-21 01:00:00,96340.32449723984
2025-05-21 02:00:00,71849.48991973168
2025-05-21 03:00:00,48164.04947277279
2025-05-21 04:00:00,24446.89188052238
2025-05-21 05:00:00,-0.0
2025-05-21 06:00:00,-0.0
2025-05-21 07:00:00,-0.0
2025-05-21 08:00:00,-0.0
2025-05-21 09:00:00,-0.0
2025-05-21 10:00:00,-0.0
2025-05-21 11:00:00,-0.0
2025-05-21 12:00:00,-0.0
2025-05-21 13:00:00,-0.0
2025-05-21 14:00:00,-0.0
2025-05-21 15:00:00,82540.78197310586
2025-05-21 16:00:00,170478.01209114684
2025-05-21 17:00:00,256596.02811273205
2025-05-21 18:00:00,294569.7533038281
2025-05-21 19:00:00,273293.8989672716
2025-05-21 20:00:00,239748.83503429804
2025-05-21 21:00:00,207117.02585876468
2025-05-21 22:00:00,176720.93427872236
2025-05-21 23:00:00,148584.84822571508
2025-05-22 00:00:00,121773.0829672045
2025-05-22 01:00:00,96484.93282342226
2025-05-22 02:00:00,72087.43425296931
2025-05-22 03:00:00,48291.21966756406
2025-05-22 04:00:00,24511.143988611002
2025-05-22 05:00:00,-0.0
2025-05-22 06:00:00,-0.0
2025-05-22 07:00:00,-0.0
2025-05-22 08:00:00,-0.0
2025-05-22 09:00:00,-0.0
2025-05-22 10:00:00,-0.0
2025-05-22 11:00:00,-0.0
2025-05-22 12:00:00,-0.0
2025-05-22 13:00:00,-0.0
2025-05-22 14:00:00,-0.0
2025-05-22 15:00:00,78949.77923812903
2025-05-22 16:00:00,166887.00935617002
2025-05-22 17:00:00,247045.1922775353
2025-05-22 18:00:00,285244.8058082267
2025-05-22 19:00:00,266481.5856534609
2025-05-22 20:00:00,234780.9072242122
2025-05-22 21:00:00,203449.57678751112
2025-05-22 22:00:00,174130.43075410117
2025-05-22 23:00:00,146328.05660753365
2025-05-23 00:00:00,120102.72935751682
2025-05-23 01:00:00,95274.30324060016
2025-05-23 02:00:00,71278.81298607698
2025-05-23 03:00:00,47810.834029611215
2025-05-23 04:00:00,24203.829874461095
2025-05-23 05:00:00,-0.0
2025-05-23 06:00:00,-0.0
2025-05-23 07:00:00,-0.0
2025-05-23 08:00:00,-0.0
2025-05-23 09:00:00,-0.0
2025-05-23 10:00:00,-0.0
2025-05-23 11:00:00,-0.0
2025-05-23 12:00:00,-0.0
2025-05-23 13:00:00,-0.0
2025-05-23 14:00:00,-0.0
2025-05-23 15:00:00,75160.44741647574
2025-05-23 16:00:00,163097.67753451673
2025-05-23 17:00:00,241531.2556433457
2025-05-23 18:00:00,275095.13069045043
2025-05-23 19:00:00,256907.05160120595
2025-05-23 20:00:00,227264.49201681462
2025-05-23 21:00:00,197799.76336032717
2025-05-23 22:00:00,169690.32536474007
2025-05-23 23:00:00,143136.73969735682
2025-05-24 00:00:00,117732.4818174877
2025-05-24 01:00:00,93399.54361204377
2025-05-24 02:00:00,70027.1356487496
2025-05-24 03:00:00,47247.01799472373
2025-05-24 04:00:00,24712.879764473448
2025-05-24 05:00:00,2045.1728033041288
2025-05-24 06:00:00,-0.0
2025-05-24 07:00:00,-0.0
2025-05-24 08:00:00,-0.0
2025-05-24 09:00:00,-0.0
2025-05-24 10:00:00,-0.0
2025-05-24 11:00:00,-0.0
2025-05-24 12:00:00,-0.0
2025-05-24 13:00:00,-0.0
2025-05-24 14:00:00,-0.0
2025-05-24 15:00:00,41034.608160991265
2025-05-24 16:00:00,128971.83827903225
2025-05-24 17:00:00,211062.21926450945
2025-05-24 18:00:00,253766.21163658562
2025-05-24 19:00:00,239776.1885991882
2025-05-24 20:00:00,212250.72812395848
2025-05-24 21:00:00,184856.42066497315
2025-05-24 22:00:00,158711.35239090375
2025-05-24 23:00:00,133949.98521676677
2025-05-25 00:00:00,109862.52022296094
2025-05-25 01:00:00,86857.37393668373
2025-05-25 02:00:00,64605.67594918961
2025-05-25 03:00:00,42896.127382958424
2025-05-25 04:00:00,21329.4410440675
2025-05-25 05:00:00,-0.0
2025-05-25 06:00:00,-0.0
2025-05-25 07:00:00,-0.0
2025-05-25 08:00:00,-0.0
2025-05-25 09:00:00,-0.0
2025-05-25 10:00:00,-0.0
2025-05-25 11:00:00,-0.0
2025-05-25 12:00:00,-0.0
2025-05-25 13:00:00,-0.0
2025-05-25 14:00:00,-0.0
2025-05-25 15:00:00,32254.24364485142
2025-05-25 16:00:00,120191.4737628924
2025-05-25 17:00:00,201483.40595170154
2025-05-25 18:00:00,245932.3696651644
2025-05-25 19:00:00,232959.3906868227
2025-05-25 20:00:00,206097.4423267675
2025-05-25 21:00:00,179457.79908340733
2025-05-25 22:00:00,154048.9961683206
2025-05-25 23:00:00,130129.44729291525
2025-05-26 00:00:00,106764.02179259226
2025-05-26 01:00:00,84388.92007464281
2025-05-26 02:00:00,62872.78644506864
2025-05-26 03:00:00,41779.92851964691
2025-05-26 04:00:00,20853.191083880534
2025-05-26 05:00:00,-0.0
2025-05-26 06:00:00,-0.0
2025-05-26 07:00:00,-0.0
2025-05-26 08:00:00,-0.0
2025-05-26 09:00:00,-0.0
2025-05-26 10:00:00,-0.0
2025-05-26 11:00:00,-0.0
2025-05-26 12:00:00,-0.0
2025-05-26 13:00:00,-0.0
2025-05-26 14:00:00,-0.0
2025-05-26 15:00:00,58121.11971353754
2025-05-26 16:00:00,145352.31210548335
2025-05-26 17:00:00,222260.55064480667
2025-05-26 18:00:00,258226.61973056768
2025-05-26 19:00:00,242788.9482971731
2025-05-26 20:00:00,214800.21553658607
2025-05-26 21:00:00,187125.36524983696
2025-05-26 22:00:00,160880.52046511573
2025-05-26 23:00:00,135983.46980496764
2025-05-27 00:00:00,111908.23330303456
2025-05-27 01:00:00,89061.34118578142
2025-05-27 02:00:00,66811.1525101966
2025-05-27 03:00:00,44739.031494648836
2025-05-27 04:00:00,22646.961568817755
2025-05-27 05:00:00,-0.0
2025-05-27 06:00:00,-0.0
2025-05-27 07:00:00,-0.0
2025-05-27 08:00:00,-0.0
2025-05-27 09:00:00,-0.0
2025-05-27 10:00:00,-0.0
2025-05-27 11:00:00,-0.0
2025-05-27 12:00:00,-0.0
2025-05-27 13:00:00,-0.0
2025-05-27 14:00:00,-0.0
2025-05-27 15:00:00,62064.282187080826
2025-05-27 16:00:00,150001.5123051218
2025-05-27 17:00:00,234322.35239316418
2025-05-27 18:00:00,275591.60375195794
2025-05-27 19:00:00,259564.44588833067
2025-05-27 20:00:00,228904.56967788347
2025-05-27 21:00:00,198458.09519610304
2025-05-27 22:00:00,169959.23155389572
2025-05-27 23:00:00,143374.72373816132
2025-05-28 00:00:00,117764.00359251176
2025-05-28 01:00:00,93444.89695496608
2025-05-28 02:00:00,69948.64539577419
2025-05-28 03:00:00,46940.82096362902
2025-05-28 04:00:00,23720.983448235802
2025-05-28 05:00:00,-0.0
2025-05-28 06:00:00,-0.0
2025-05-28 07:00:00,-0.0
2025-05-28 08:00:00,-0.0
2025-05-28 09:00:00,-0.0
2025-05-28 10:00:00,-0.0
2025-05-28 11:00:00,-0.0
2025-05-28 12:00:00,-0.0
2025-05-28 13:00:00,-0.0
2025-05-28 14:00:00,17918.16387071596
2025-05-28 15:00:00,105855.39398875694
2025-05-28 16:00:00,190249.18034448623
2025-05-28 17:00:00,252896.86518993689
2025-05-28 18:00:00,280555.3032311111
2025-05-28 19:00:00,265768.10318854864
2025-05-28 20:00:00,236983.50240719755
2025-05-28 21:00:00,207081.80334251185
2025-05-28 22:00:00,178819.52818799304
2025-05-28 23:00:00,152298.89296894617
2025-05-29 00:00:00,126650.71762528746
2025-05-29 01:00:00,102008.21548570071
2025-05-29 02:00:00,78365.65957469138
2025-05-29 03:00:00,55172.93096419101
2025-05-29 04:00:00,31882.006630005577
2025-05-29 05:00:00,7684.296230159873
2025-05-29 06:00:00,-0.0
2025-05-29 07:00:00,-0.0
2025-05-29 08:00:00,-0.0
2025-05-29 09:00:00,-0.0
2025-05-29 10:00:00,-0.0
2025-05-29 11:00:00,-0.0
2025-05-29 12:00:00,-0.0
2025-05-29 13:00:00,-0.0
2025-05-29 14:00:00,17957.30288230638
2025-05-29 15:00:00,105894.53300034736
2025-05-29 16:00:00,193060.88991017907
2025-05-29 17:00:00,260340.83296236437
2025-05-29 18:00:00,288614.06240909704
2025-05-29 19:00:00,271236.8261314025
2025-05-29 20:00:00,239139.60212135524
2025-05-29 21:00:00,207374.93017242898
2025-05-29 22:00:00,177445.1491998455
2025-05-29 23:00:00,149689.90649017782
2025-05-30 00:00:00,122817.23012348314
2025-05-30 01:00:00,97385.29131463173
2025-05-30 02:00:00,73096.3233393854
2025-05-30 03:00:00,49265.59790819285
2025-05-30 04:00:00,25097.02879549076
2025-05-30 05:00:00,-0.0
2025-05-30 06:00:00,-0.0
2025-05-30 07:00:00,-0.0
2025-05-30 08:00:00,-0.0
2025-05-30 09:00:00,-0.0
2025-05-30 10:00:00,-0.0
2025-05-30 11:00:00,-0.0
2025-05-30 12:00:00,-0.0
2025-05-30 13:00:00,-0.0
2025-05-30 14:00:00,46636.14263148414
2025-05-30 15:00:00,134573.37274952512
2025-05-30 16:00:00,222336.19069127424
2025-05-30 17:00:00,293603.5759574647
2025-05-30 18:00:00,324332.55465986556
2025-05-30 19:00:00,301686.073146095
2025-05-30 20:00:00,265123.6246877089
2025-05-30 21:00:00,229647.1807551965
2025-05-30 22:00:00,196293.99422706684
2025-05-30 23:00:00,165468.4975106244
2025-05-31 00:00:00,136101.3840974856
2025-05-31 01:00:00,108345.18221524489
2025-05-31 02:00:00,81958.37765734794
2025-05-31 03:00:00,56003.50352959775
2025-05-31 04:00:00,30697.404893378698
2025-05-31 05:00:00,5854.257796455538
2025-05-31 06:00:00,-0.0
2025-05-31 07:00:00,-0.0
2025-05-31 08:00:00,-0.0
2025-05-31 09:00:00,-0.0
2025-05-31 10:00:00,-0.0
2025-05-31 11:00:00,-0.0
2025-05-31 12:00:00,-0.0
2025-05-31 13:00:00,52690.01190535085
2025-05-31 14:00:00,140508.71263789578
2025-05-31 15:00:00,212540.642534572
2025-05-31 16:00:00,274785.29091587
2025-05-31 17:00:00,317882.1230393244
2025-05-31 18:00:00,326775.08446761465
2025-05-31 19:00:00,299096.749145371
2025-05-31 20:00:00,263602.209314011
2025-05-31 21:00:00,229262.23013134243
2025-05-31 22:00:00,197181.60887497506
2025-05-31 23:00:00,167247.51270889296
2025-06-01 00:00:00,138834.27657899458
2025-06-01 01:00:00,111885.94751856389
2025-06-01 02:00:00,86182.2875826201
2025-06-01 03:00:00,61698.69504048256
2025-06-01 04:00:00,37835.96927781755
2025-06-01 05:00:00,14283.127841927446
2025-06-01 06:00:00,-0.0
2025-06-01 07:00:00,-0.0
2025-06-01 08:00:00,-0.0
2025-06-01 09:00:00,-0.0
2025-06-01 10:00:00,-0.0
2025-06-01 11:00:00,-0.0
2025-06-01 12:00:00,-0.0
2025-06-01 13:00:00,10882.615532100739
2025-06-01 14:00:00,83889.82980460054
2025-06-01 15:00:00,153091.2901596934
2025-06-01 16:00:00,213417.30424599253
2025-06-01 17:00:00,262174.4088646002
2025-06-01 18:00:00,280858.49995338154
2025-06-01 19:00:00,261369.63089939463
2025-06-01 20:00:00,229890.8901331328
2025-06-01 21:00:00,199227.08707390467
2025-06-01 22:00:00,170576.85269974289
2025-06-01 23:00:00,143887.26816185657
2025-06-02 00:00:00,118544.26293618658
2025-06-02 01:00:00,94208.0048441097
2025-06-02 02:00:00,70843.16525164578
2025-06-02 03:00:00,47697.91451188748
2025-06-02 04:00:00,24643.78324706632
2025-06-02 05:00:00,831.5180022395356
2025-06-02 06:00:00,-0.0
2025-06-02 07:00:00,-0.0
2025-06-02 08:00:00,-0.0
2025-06-02 09:00:00,-0.0
2025-06-02 10:00:00,-0.0
2025-06-02 11:00:00,-0.0
2025-06-02 12:00:00,-0.0
2025-06-02 13:00:00,-0.0
2025-06-02 14:00:00,15062.75773130855
2025-06-02 15:00:00,102999.98784934953
2025-06-02 16:00:00,190322.3825817771
2025-06-02 17:00:00,262844.87787471304
2025-06-02 18:00:00,296891.2699750127
2025-06-02 19:00:00,278208.89875426586
2025-06-02 20:00:00,245941.8419331887
2025-06-02 21:00:00,214147.90868909995
2025-06-02 22:00:00,184302.79679751018
2025-06-02 23:00:00,156097.70834703842
2025-06-03 00:00:00,129516.6654449241
2025-06-03 01:00:00,103911.48840542426
2025-06-03 02:00:00,79176.62919348254
2025-06-03 03:00:00,54910.43524413547
2025-06-03 04:00:00,30655.82580568111
2025-06-03 05:00:00,5975.073055665009
2025-06-03 06:00:00,-0.0
2025-06-03 07:00:00,-0.0
2025-06-03 08:00:00,-0.0
2025-06-03 09:00:00,-0.0
2025-06-03 10:00:00,-0.0
2025-06-03 11:00:00,-0.0
2025-06-03 12:00:00,-0.0
2025-06-03 13:00:00,3485.372947464246
2025-06-03 14:00:00,74715.02014418122
2025-06-03 15:00:00,142274.04409847577
2025-06-03 16:00:00,206997.4969871504
2025-06-03 17:00:00,266255.0686578714
2025-06-03 18:00:00,291086.3333915133
2025-06-03 19:00:00,273342.3282082687
2025-06-03 20:00:00,242317.0573811119
2025-06-03 21:00:00,211553.970801036
2025-06-03 22:00:00,182551.41083340498
2025-06-03 23:00:00,155113.57803347093
2025-06-04 00:00:00,128709.5743175056
2025-06-04 01:00:00,103342.37281153093
2025-06-04 02:00:00,78916.85446666589
2025-06-04 03:00:00,54979.480075585554
2025-06-04 04:00:00,31011.79957385788
2025-06-04 05:00:00,6446.3411762856595
2025-06-04 06:00:00,-0.0
2025-06-04 07:00:00,-0.0
2025-06-04 08:00:00,-0.0
2025-06-04 09:00:00,-0.0
2025-06-04 10:00:00,-0.0
2025-06-04 11:00:00,-0.0
2025-06-04 12:00:00,-0.0
2025-06-04 13:00:00,-0.0
2025-06-04 14:00:00,4993.716630461102
2025-06-04 15:00:00,92930.94674850209
2025-06-04 16:00:00,180868.17686654307
2025-06-04 17:00:00,253327.198105024
2025-06-04 18:00:00,285485.9221939561
2025-06-04 19:00:00,269986.3849722148
2025-06-04 20:00:00,239236.8744196316
2025-06-04 21:00:00,207973.77955015586
2025-06-04 22:00:00,178364.34534621955
2025-06-04 23:00:00,150302.76913874794
2025-06-05 00:00:00,123494.33539983563
2025-06-05 01:00:00,97816.53295295106
2025-06-05 02:00:00,73101.27287281468
2025-06-05 03:00:00,48957.70897317867
2025-06-05 04:00:00,24783.52663210949
2025-06-05 05:00:00,15.282861315924855
2025-06-05 06:00:00,-0.0
2025-06-05 07:00:00,-0.0
2025-06-05 08:00:00,-0.0
2025-06-05 09:00:00,-0.0
2025-06-05 10:00:00,-0.0
2025-06-05 11:00:00,-0.0
2025-06-05 12:00:00,-0.0
2025-06-05 13:00:00,-0.0
2025-06-05 14:00:00,-0.0
2025-06-05 15:00:00,76072.53792630782
2025-06-05 16:00:00,164009.7680443488
2025-06-05 17:00:00,244302.10458211735
2025-06-05 18:00:00,283261.5830093729
2025-06-05 19:00:00,268522.3918662737
2025-06-05 20:00:00,237325.2915057321
2025-06-05 21:00:00,206238.01649561638
2025-06-05 22:00:00,176592.2174899904
2025-06-05 23:00:00,148833.40089744003
2025-06-06 00:00:00,122245.64027824026
2025-06-06 01:00:00,96750.87163342307
2025-06-06 02:00:00,72331.79202212955
2025-06-06 03:00:00,48475.20711069695
2025-06-06 04:00:00,24508.874512956445
2025-06-06 05:00:00,-0.0
2025-06-06 06:00:00,-0.0
2025-06-06 07:00:00,-0.0
2025-06-06 08:00:00,-0.0
2025-06-06 09:00:00,-0.0
2025-06-06 10:00:00,-0.0
2025-06-06 11:00:00,-0.0
2025-06-06 12:00:00,-0.0
2025-06-06 13:00:00,-0.0
2025-06-06 14:00:00,-0.0
2025-06-06 15:00:00,73501.28406355123
2025-06-06 16:00:00,161438.5141815922
2025-06-06 17:00:00,241785.85832908223
2025-06-06 18:00:00,281753.5602468155
2025-06-06 19:00:00,267060.250242358
2025-06-06 20:00:00,236006.55553977744
2025-06-06 21:00:00,205122.55763473827
2025-06-06 22:00:00,175552.5788295667
2025-06-06 23:00:00,147350.0303140232
2025-06-07 00:00:00,120538.48784851472
2025-06-07 01:00:00,94797.20636165574
2025-06-07 02:00:00,70150.94859044006
2025-06-07 03:00:00,46515.053565116286
2025-06-07 04:00:00,23057.510904957562
2025-06-07 05:00:00,-0.0
2025-06-07 06:00:00,-0.0
2025-06-07 07:00:00,-0.0
2025-06-07 08:00:00,-0.0
2025-06-07 09:00:00,-0.0
2025-06-07 10:00:00,-0.0
2025-06-07 11:00:00,-0.0
2025-06-07 12:00:00,-0.0
2025-06-07 13:00:00,-0.0
2025-06-07 14:00:00,-0.0
2025-06-07 15:00:00,46601.993424605054
2025-06-07 16:00:00,134539.22354264604
2025-06-07 17:00:00,220744.72125906445
2025-06-07 18:00:00,267628.9853451969
2025-06-07 19:00:00,255709.76175606463
2025-06-07 20:00:00,225774.39634580328
2025-06-07 21:00:00,196008.68946250126
2025-06-07 22:00:00,167597.86483640852
2025-06-07 23:00:00,140354.05335962656
2025-06-08 00:00:00,114618.82148647525
2025-06-08 01:00:00,90031.73423624519
2025-06-08 02:00:00,66612.09568449784
2025-06-08 03:00:00,43885.167089731665
2025-06-08 04:00:00,21520.046922972495
2025-06-08 05:00:00,-0.0
2025-06-08 06:00:00,-0.0
2025-06-08 07:00:00,-0.0
2025-06-08 08:00:00,-0.0
2025-06-08 09:00:00,-0.0
2025-06-08 10:00:00,-0.0
2025-06-08 11:00:00,-0.0
2025-06-08 12:00:00,-0.0
2025-06-08 13:00:00,-0.0
2025-06-08 14:00:00,-0.0
2025-06-08 15:00:00,53667.11404808401
2025-06-08 16:00:00,141604.344166125
2025-06-08 17:00:00,226984.90098166297
2025-06-08 18:00:00,271631.1589552642
2025-06-08 19:00:00,258101.6008845822
2025-06-08 20:00:00,227579.6510797012
2025-06-08 21:00:00,197498.6295052279
2025-06-08 22:00:00,169305.43245204678
2025-06-08 23:00:00,142912.75409621175
2025-06-09 00:00:00,117373.21157154732
2025-06-09 01:00:00,93018.35743478803
2025-06-09 02:00:00,69637.91997944351
2025-06-09 03:00:00,46651.77248236921
2025-06-09 04:00:00,23527.256912124718
2025-06-09 05:00:00,-0.0
2025-06-09 06:00:00,-0.0
2025-06-09 07:00:00,-0.0
2025-06-09 08:00:00,-0.0
2025-06-09 09:00:00,-0.0
2025-06-09 10:00:00,-0.0
2025-06-09 11:00:00,-0.0
2025-06-09 12:00:00,-0.0
2025-06-09 13:00:00,-0.0
2025-06-09 14:00:00,-0.0
2025-06-09 15:00:00,78863.73331551999
2025-06-09 16:00:00,166800.96343356097
2025-06-09 17:00:00,248308.39869742608
2025-06-09 18:00:00,289969.99320275965
2025-06-09 19:00:00,274521.57989710046
2025-06-09 20:00:00,241414.96832460075
2025-06-09 21:00:00,208797.48111976922
2025-06-09 22:00:00,178325.18847120533
2025-06-09 23:00:00,149848.72807023235
2025-06-10 00:00:00,122781.3189287754
2025-06-10 01:00:00,97014.61157002687
2025-06-10 02:00:00,72539.90625613224
2025-06-10 03:00:00,48516.26780710109
2025-06-10 04:00:00,24403.689860375205
2025-06-10 05:00:00,-0.0
2025-06-10 06:00:00,-0.0
2025-06-10 07:00:00,-0.0
2025-06-10 08:00:00,-0.0
2025-06-10 09:00:00,-0.0
2025-06-10 10:00:00,-0.0
2025-06-10 11:00:00,-0.0
2025-06-10 12:00:00,-0.0
2025-06-10 13:00:00,-0.0
2025-06-10 14:00:00,-0.0
2025-06-10 15:00:00,83360.28816112928
2025-06-10 16:00:00,171297.51827917027
2025-06-10 17:00:00,252012.45777126506
2025-06-10 18:00:00,292859.73699744634
2025-06-10 19:00:00,276907.8677552167
2025-06-10 20:00:00,243777.38553268983
2025-06-10 21:00:00,211006.77117278083
2025-06-10 22:00:00,180258.29593805358
2025-06-10 23:00:00,151356.33409640827
2025-06-11 00:00:00,124069.59284440655
2025-06-11 01:00:00,98024.34723317376
2025-06-11 02:00:00,73312.67829352335
2025-06-11 03:00:00,49060.05218396691
2025-06-11 04:00:00,24632.103121701402
2025-06-11 05:00:00,-0.0
2025-06-11 06:00:00,-0.0
2025-06-11 07:00:00,-0.0
2025-06-11 08:00:00,-0.0
2025-06-11 09:00:00,-0.0
2025-06-11 10:00:00,-0.0
2025-06-11 11:00:00,-0.0
2025-06-11 12:00:00,-0.0
2025-06-11 13:00:00,-0.0
2025-06-11 14:00:00,-0.0
2025-06-11 15:00:00,65229.70894204744
2025-06-11 16:00:00,153166.93906008842
2025-06-11 17:00:00,239198.9299755139
2025-06-11 18:00:00,284310.66360910906
2025-06-11 19:00:00,272332.72677639173
2025-06-11 20:00:00,240267.7301558929
2025-06-11 21:00:00,208470.7453773558
2025-06-11 22:00:00,178401.52744380577
2025-06-11 23:00:00,149969.37139296343
2025-06-12 00:00:00,123066.51172583664
2025-06-12 01:00:00,97410.32369552516
2025-06-12 02:00:00,72866.33542794612
2025-06-12 03:00:00,48643.675820444085
2025-06-12 04:00:00,24508.42253618015
2025-06-12 05:00:00,-0.0
2025-06-12 06:00:00,-0.0
2025-06-12 07:00:00,-0.0
2025-06-12 08:00:00,-0.0
2025-06-12 09:00:00,-0.0
2025-06-12 10:00:00,-0.0
2025-06-12 11:00:00,-0.0
2025-06-12 12:00:00,-0.0
2025-06-12 13:00:00,-0.0
2025-06-12 14:00:00,-0.0
2025-06-12 15:00:00,50741.17732667926
2025-06-12 16:00:00,138678.40744472024
2025-06-12 17:00:00,226615.63756276123
2025-06-12 18:00:00,276285.36151414877
2025-06-12 19:00:00,266835.80376899155
2025-06-12 20:00:00,236844.712572907
2025-06-12 21:00:00,205835.81677893488
2025-06-12 22:00:00,176012.07379627577
2025-06-12 23:00:00,148085.30471386138
2025-06-13 00:00:00,121144.98856671325
2025-06-13 01:00:00,95678.28244924813
2025-06-13 02:00:00,71280.13166008185
2025-06-13 03:00:00,47666.49820302146
2025-06-13 04:00:00,24022.761447991474
2025-06-13 05:00:00,-0.0
2025-06-13 06:00:00,-0.0
2025-06-13 07:00:00,-0.0
2025-06-13 08:00:00,-0.0
2025-06-13 09:00:00,-0.0
2025-06-13 10:00:00,-0.0
2025-06-13 11:00:00,-0.0
2025-06-13 12:00:00,-0.0
2025-06-13 13:00:00,-0.0
2025-06-13 14:00:00,-0.0
2025-06-13 15:00:00,51715.07072251383
2025-06-13 16:00:00,139652.30084055482
2025-06-13 17:00:00,225610.1774303083
2025-06-13 18:00:00,274582.4067757262
2025-06-13 19:00:00,264397.4613347071
2025-06-13 20:00:00,233097.62327994558
2025-06-13 21:00:00,202036.33309010713
2025-06-13 22:00:00,172462.66926925833
2025-06-13 23:00:00,144708.14670297413
2025-06-14 00:00:00,118197.67743395484
2025-06-14 01:00:00,93043.22120916595
2025-06-14 02:00:00,68976.44197006914
2025-06-14 03:00:00,45693.87416752739
2025-06-14 04:00:00,22702.997163768177
2025-06-14 05:00:00,-0.0
2025-06-14 06:00:00,-0.0
2025-06-14 07:00:00,-0.0
2025-06-14 08:00:00,-0.0
2025-06-14 09:00:00,-0.0
2025-06-14 10:00:00,-0.0
2025-06-14 11:00:00,-0.0
2025-06-14 12:00:00,-0.0
2025-06-14 13:00:00,-0.0
2025-06-14 14:00:00,-0.0
2025-06-14 15:00:00,68562.33353054564
2025-06-14 16:00:00,156499.56364858663
2025-06-14 17:00:00,230396.98086367533
2025-06-14 18:00:00,265939.18684879126
2025-06-14 19:00:00,253529.65817153946
2025-06-14 20:00:00,224742.24407541513
2025-06-14 21:00:00,196261.87426409675
2025-06-14 22:00:00,167585.18184728053
2025-06-14 23:00:00,140476.77689712757
2025-06-15 00:00:00,114472.14682121533
2025-06-15 01:00:00,89935.34255172501
2025-06-15 02:00:00,66506.85323324168
2025-06-15 03:00:00,43857.72066059686
2025-06-15 04:00:00,21694.220503898163
2025-06-15 05:00:00,-0.0
2025-06-15 06:00:00,-0.0
2025-06-15 07:00:00,-0.0
2025-06-15 08:00:00,-0.0
2025-06-15 09:00:00,-0.0
2025-06-15 10:00:00,-0.0
2025-06-15 11:00:00,-0.0
2025-06-15 12:00:00,-0.0
2025-06-15 13:00:00,-0.0
2025-06-15 14:00:00,-0.0
2025-06-15 15:00:00,66538.17668665759
2025-06-15 16:00:00,154475.40680469858
2025-06-15 17:00:00,236228.45096690117
2025-06-15 18:00:00,280382.6691873765
2025-06-15 19:00:00,267268.4080496462
2025-06-15 20:00:00,235305.1877098882
2025-06-15 21:00:00,202896.34435912975
2025-06-15 22:00:00,172689.0005681209
2025-06-15 23:00:00,144963.22969911643
2025-06-16 00:00:00,118659.17869465647
2025-06-16 01:00:00,93849.76273216865
2025-06-16 02:00:00,69975.41234933518
2025-06-16 03:00:00,46860.184916678976
2025-06-16 04:00:00,23627.993394712863
2025-06-16 05:00:00,-0.0
2025-06-16 06:00:00,-0.0
2025-06-16 07:00:00,-0.0
2025-06-16 08:00:00,-0.0
2025-06-16 09:00:00,-0.0
2025-06-16 10:00:00,-0.0
2025-06-16 11:00:00,-0.0
2025-06-16 12:00:00,-0.0
2025-06-16 13:00:00,-0.0
2025-06-16 14:00:00,-0.0
2025-06-16 15:00:00,77066.65711721929
2025-06-16 16:00:00,165003.88723526028
2025-06-16 17:00:00,250342.58993108597
2025-06-16 18:00:00,297062.75782867294
2025-06-16 19:00:00,284253.8286294177
2025-06-16 20:00:00,249998.26203569936
2025-06-16 21:00:00,215356.00013382483
2025-06-16 22:00:00,183039.20074882347
2025-06-16 23:00:00,153267.55945921774
2025-06-17 00:00:00,125449.44912542033
2025-06-17 01:00:00,99059.55916167086
2025-06-17 02:00:00,73962.81769702637
2025-06-17 03:00:00,49391.868527898245
2025-06-17 04:00:00,24865.999568454412
2025-06-17 05:00:00,-0.0
2025-06-17 06:00:00,-0.0
2025-06-17 07:00:00,-0.0
2025-06-17 08:00:00,-0.0
2025-06-17 09:00:00,-0.0
2025-06-17 10:00:00,-0.0
2025-06-17 11:00:00,-0.0
2025-06-17 12:00:00,-0.0
2025-06-17 13:00:00,-0.0
2025-06-17 14:00:00,32.862839028879534
2025-06-17 15:00:00,87970.09295706986
2025-06-17 16:00:00,175907.32307511085
2025-06-17 17:00:00,258858.7028720795
2025-06-17 18:00:00,303463.3354740101
2025-06-17 19:00:00,289866.42154704616
2025-06-17 20:00:00,254679.85494468003
2025-06-17 21:00:00,220032.95727973373
2025-06-17 22:00:00,187436.43844088996
2025-06-17 23:00:00,157351.94283455936
2025-06-18 00:00:00,128948.38232456372
2025-06-18 01:00:00,102041.92442817852
2025-06-18 02:00:00,75997.3011184043
2025-06-18 03:00:00,50591.09293751922
2025-06-18 04:00:00,25320.99606824398
2025-06-18 05:00:00,-0.0
2025-06-18 06:00:00,-0.0
2025-06-18 07:00:00,-0.0
2025-06-18 08:00:00,-0.0
2025-06-18 09:00:00,-0.0
2025-06-18 10:00:00,-0.0
2025-06-18 11:00:00,-0.0
2025-06-18 12:00:00,-0.0
2025-06-18 13:00:00,-0.0
2025-06-18 14:00:00,8714.2110524546
2025-06-18 15:00:00,96651.44117049559
2025-06-18 16:00:00,184588.67128853657
2025-06-18 17:00:00,264538.1272701975
2025-06-18 18:00:00,306947.4174522551
2025-06-18 19:00:00,291023.87097829464
2025-06-18 20:00:00,254583.95033321288
2025-06-18 21:00:00,218846.88600739744
2025-06-18 22:00:00,185429.58859035195
2025-06-18 23:00:00,154669.6631154631
2025-06-19 00:00:00,126000.34454981808
2025-06-19 01:00:00,98845.32199843123
2025-06-19 02:00:00,73256.30380197144
2025-06-19 03:00:00,48726.521914676945
2025-06-19 04:00:00,24344.53531565202
2025-06-19 05:00:00,-0.0
2025-06-19 06:00:00,-0.0
2025-06-19 07:00:00,-0.0
2025-06-19 08:00:00,-0.0
2025-06-19 09:00:00,-0.0
2025-06-19 10:00:00,-0.0
2025-06-19 11:00:00,-0.0
2025-06-19 12:00:00,-0.0
2025-06-19 13:00:00,-0.0
2025-06-19 14:00:00,-0.0
2025-06-19 15:00:00,72941.62202119251
2025-06-19 16:00:00,160878.8521392335
2025-06-19 17:00:00,241392.9920795193
2025-06-19 18:00:00,282499.50078191434
2025-06-19 19:00:00,270449.2503181761
2025-06-19 20:00:00,238159.7718150092
2025-06-19 21:00:00,206180.20430245146
2025-06-19 22:00:00,176044.97222259594
2025-06-19 23:00:00,147620.69947215248
2025-06-20 00:00:00,120831.58332138135
2025-06-20 01:00:00,95254.93663176493
2025-06-20 02:00:00,70920.83615571706
2025-06-20 03:00:00,47401.17918833366
2025-06-20 04:00:00,23911.637637241944
2025-06-20 05:00:00,-0.0
2025-06-20 06:00:00,-0.0
2025-06-20 07:00:00,-0.0
2025-06-20 08:00:00,-0.0
2025-06-20 09:00:00,-0.0
2025-06-20 10:00:00,-0.0
2025-06-20 11:00:00,-0.0
2025-06-20 12:00:00,-0.0
2025-06-20 13:00:00,-0.0
2025-06-20 14:00:00,-0.0
2025-06-20 15:00:00,40470.11009018443
2025-06-20 16:00:00,128407.34020822542
2025-06-20 17:00:00,216344.5703262664
2025-06-20 18:00:00,267238.93716944195
2025-06-20 19:00:00,258978.53390195657
2025-06-20 20:00:00,229207.84254636243
2025-06-20 21:00:00,199326.852735271
2025-06-20 22:00:00,170776.67932159526
2025-06-20 23:00:00,143400.35998049402
2025-06-21 00:00:00,117382.38420003947
2025-06-21 01:00:00,92406.33612088548
2025-06-21 02:00:00,68787.45687209436
2025-06-21 03:00:00,45724.49556565951
2025-06-21 04:00:00,22719.138703312907
2025-06-21 05:00:00,-0.0
2025-06-21 06:00:00,-0.0
2025-06-21 07:00:00,-0.0
2025-06-21 08:00:00,-0.0
2025-06-21 09:00:00,-0.0
2025-06-21 10:00:00,-0.0
2025-06-21 11:00:00,-0.0
2025-06-21 12:00:00,-0.0
2025-06-21 13:00:00,-0.0
2025-06-21 14:00:00,-0.0
2025-06-21 15:00:00,24589.063644600057
2025-06-21 16:00:00,112526.29376264104
2025-06-21 17:00:00,199546.0856644904
2025-06-21 18:00:00,249895.90148485414
2025-06-21 19:00:00,243340.68534074468
2025-06-21 20:00:00,215885.55148935333
2025-06-21 21:00:00,188236.80859285578
2025-06-21 22:00:00,161269.6554263859
2025-06-21 23:00:00,135880.70824507112
2025-06-22 00:00:00,111170.88313149374
2025-06-22 01:00:00,87367.9653575607
2025-06-22 02:00:00,64683.29796516172
2025-06-22 03:00:00,42734.420079581745
2025-06-22 04:00:00,21099.666959993097
2025-06-22 05:00:00,-0.0
2025-06-22 06:00:00,-0.0
2025-06-22 07:00:00,-0.0
2025-06-22 08:00:00,-0.0
2025-06-22 09:00:00,-0.0
2025-06-22 10:00:00,-0.0
2025-06-22 11:00:00,-0.0
2025-06-22 12:00:00,-0.0
2025-06-22 13:00:00,-0.0
2025-06-22 14:00:00,-0.0
2025-06-22 15:00:00,29907.456817260405
2025-06-22 16:00:00,117844.68693530139
2025-06-22 17:00:00,202691.94362412952
2025-06-22 18:00:00,255544.8291669565
2025-06-22 19:00:00,248975.06609970727
2025-06-22 20:00:00,220137.3528920009
2025-06-22 21:00:00,191019.36254852178
2025-06-22 22:00:00,163572.69351360374
2025-06-22 23:00:00,137969.86731026584
2025-06-23 00:00:00,113512.18944270056
2025-06-23 01:00:00,90061.59853109786
2025-06-23 02:00:00,67604.55827856968
2025-06-23 03:00:00,45520.52379626449
2025-06-23 04:00:00,23098.679419891178
2025-06-23 05:00:00,-0.0
2025-06-23 06:00:00,-0.0
2025-06-23 07:00:00,-0.0
2025-06-23 08:00:00,-0.0
2025-06-23 09:00:00,-0.0
2025-06-23 10:00:00,-0.0
2025-06-23 11:00:00,-0.0
2025-06-23 12:00:00,-0.0
2025-06-23 13:00:00,-0.0
2025-06-23 14:00:00,-0.0
2025-06-23 15:00:00,69752.24298865156
2025-06-23 16:00:00,157689.47310669255
2025-06-23 17:00:00,239456.61872825035
2025-06-23 18:00:00,278554.611552527
2025-06-23 19:00:00,265275.15960087255
2025-06-23 20:00:00,233825.80071071725
2025-06-23 21:00:00,202732.2588431452
2025-06-23 22:00:00,173434.33875841735
2025-06-23 23:00:00,146007.4379628954
2025-06-24 00:00:00,119951.64271616204
2025-06-24 01:00:00,94986.61200049383
2025-06-24 02:00:00,70994.1819263344
2025-06-24 03:00:00,47667.888159516435
2025-06-24 04:00:00,24120.050302661482
2025-06-24 05:00:00,-0.0
2025-06-24 06:00:00,-0.0
2025-06-24 07:00:00,-0.0
2025-06-24 08:00:00,-0.0
2025-06-24 09:00:00,-0.0
2025-06-24 10:00:00,-0.0
2025-06-24 11:00:00,-0.0
2025-06-24 12:00:00,-0.0
2025-06-24 13:00:00,-0.0
2025-06-24 14:00:00,-0.0
2025-06-24 15:00:00,67706.92411896854
2025-06-24 16:00:00,155644.15423700953
2025-06-24 17:00:00,233415.89602296715
2025-06-24 18:00:00,275521.3856193468
2025-06-24 19:00:00,264508.52097865625
2025-06-24 20:00:00,234331.22201454386
2025-06-24 21:00:00,203410.98836570373
2025-06-24 22:00:00,174206.23683649633
2025-06-24 23:00:00,146931.57190226237
2025-06-25 00:00:00,120874.45319312804
2025-06-25 01:00:00,95802.73150105115
2025-06-25 02:00:00,71853.98518265349
2025-06-25 03:00:00,48453.71504872181
2025-06-25 04:00:00,25077.963214527037
2025-06-25 05:00:00,1226.2077324236493
2025-06-25 06:00:00,-0.0
2025-06-25 07:00:00,-0.0
2025-06-25 08:00:00,-0.0
2025-06-25 09:00:00,-0.0
2025-06-25 10:00:00,-0.0
2025-06-25 11:00:00,-0.0
2025-06-25 12:00:00,-0.0
2025-06-25 13:00:00,-0.0
2025-06-25 14:00:00,-0.0
2025-06-25 15:00:00,74488.6501882518
2025-06-25 16:00:00,162425.8803062928
2025-06-25 17:00:00,244633.93495321754
2025-06-25 18:00:00,288342.30912940315
2025-06-25 19:00:00,275998.239395717
2025-06-25 20:00:00,243641.61050864254
2025-06-25 21:00:00,210920.23336055555
2025-06-25 22:00:00,180044.21353091678
2025-06-25 23:00:00,151427.5113360842
2025-06-26 00:00:00,124120.30741160124
2025-06-26 01:00:00,98121.68423510755
2025-06-26 02:00:00,73316.33928525637
2025-06-26 03:00:00,49227.85577474599
2025-06-26 04:00:00,25147.4807919086
2025-06-26 05:00:00,701.3603738776237
2025-06-26 06:00:00,-0.0
2025-06-26 07:00:00,-0.0
2025-06-26 08:00:00,-0.0
2025-06-26 09:00:00,-0.0
2025-06-26 10:00:00,-0.0
2025-06-26 11:00:00,-0.0
2025-06-26 12:00:00,-0.0
2025-06-26 13:00:00,-0.0
2025-06-26 14:00:00,-0.0
2025-06-26 15:00:00,78811.08063033386
2025-06-26 16:00:00,166748.31074837485
2025-06-26 17:00:00,250182.569927524
2025-06-26 18:00:00,293191.61353862507
2025-06-26 19:00:00,280240.8423615202
2025-06-26 20:00:00,246853.8651084156
2025-06-26 21:00:00,213589.72235733736
2025-06-26 22:00:00,182178.89919724278
2025-06-26 23:00:00,153139.306177515
2025-06-27 00:00:00,125654.88908079649
2025-06-27 01:00:00,99667.55703424213
2025-06-27 02:00:00,74799.37970522181
2025-06-27 03:00:00,50616.79298092339
2025-06-27 04:00:00,26423.940980510157
2025-06-27 05:00:00,1681.939875237112
2025-06-27 06:00:00,-0.0
2025-06-27 07:00:00,-0.0
2025-06-27 08:00:00,-0.0
2025-06-27 09:00:00,-0.0
2025-06-27 10:00:00,-0.0
2025-06-27 11:00:00,-0.0
2025-06-27 12:00:00,-0.0
2025-06-27 13:00:00,-0.0
2025-06-27 14:00:00,9997.408518171986
2025-06-27 15:00:00,97934.63863621297
2025-06-27 16:00:00,185871.86875425396
2025-06-27 17:00:00,262475.0036969717
2025-06-27 18:00:00,298972.9492789693
2025-06-27 19:00:00,282537.3659889372
2025-06-27 20:00:00,247759.1937064275
2025-06-27 21:00:00,213409.85375708554
2025-06-27 22:00:00,181399.4283798326
2025-06-27 23:00:00,151557.41365671414
2025-06-28 00:00:00,123329.71875154461
2025-06-28 01:00:00,96857.44199953755
2025-06-28 02:00:00,71727.66826473053
2025-06-28 03:00:00,47508.6106928152
2025-06-28 04:00:00,23662.318233057533
2025-06-28 05:00:00,-0.0
2025-06-28 06:00:00,-0.0
2025-06-28 07:00:00,-0.0
2025-06-28 08:00:00,-0.0
2025-06-28 09:00:00,-0.0
2025-06-28 10:00:00,-0.0
2025-06-28 11:00:00,-0.0
2025-06-28 12:00:00,-0.0
2025-06-28 13:00:00,-0.0
2025-06-28 14:00:00,-0.0
2025-06-28 15:00:00,85831.26230081951
2025-06-28 16:00:00,173768.4924188605
2025-06-28 17:00:00,252707.8940006176
2025-06-28 18:00:00,295093.2130907683
2025-06-28 19:00:00,279702.8118064873
2025-06-28 20:00:00,244649.48048599175
2025-06-28 21:00:00,210494.73737774455
2025-06-28 22:00:00,178567.21717132555
2025-06-28 23:00:00,148943.34711189548
2025-06-29 00:00:00,121086.52397997516
2025-06-29 01:00:00,94970.88667834671
2025-06-29 02:00:00,70141.68040117898
2025-06-29 03:00:00,46170.1807640165
2025-06-29 04:00:00,22868.1083649061
2025-06-29 05:00:00,-0.0
2025-06-29 06:00:00,-0.0
2025-06-29 07:00:00,-0.0
2025-06-29 08:00:00,-0.0
2025-06-29 09:00:00,-0.0
2025-06-29 10:00:00,-0.0
2025-06-29 11:00:00,-0.0
2025-06-29 12:00:00,-0.0
2025-06-29 13:00:00,-0.0
2025-06-29 14:00:00,-0.0
2025-06-29 15:00:00,75921.95339871792
2025-06-29 16:00:00,163859.1835167589
2025-06-29 17:00:00,247629.2726023785
2025-06-29 18:00:00,294237.05423153413
2025-06-29 19:00:00,281274.6664511826
2025-06-29 20:00:00,246720.36084576882
2025-06-29 21:00:00,213034.08517328656
2025-06-29 22:00:00,181440.58996831026
2025-06-29 23:00:00,152324.830742064
2025-06-30 00:00:00,124775.9411456031
2025-06-30 01:00:00,98205.98801287929
2025-06-30 02:00:00,72960.1247408933
2025-06-30 03:00:00,48719.34990670252
2025-06-30 04:00:00,24682.242594009218
2025-06-30 05:00:00,90.55607984711249
2025-06-30 06:00:00,-0.0
2025-06-30 07:00:00,-0.0
2025-06-30 08:00:00,-0.0
2025-06-30 09:00:00,-0.0
2025-06-30 10:00:00,-0.0
2025-06-30 11:00:00,-0.0
2025-06-30 12:00:00,-0.0
2025-06-30 13:00:00,-0.0
2025-06-30 14:00:00,2960.0629052165896
2025-06-30 15:00:00,90897.29302325757
2025-06-30 16:00:00,178834.52314129856
2025-06-30 17:00:00,262011.43513351437
2025-06-30 18:00:00,307759.1527317352
2025-06-30 19:00:00,293746.0455329224
2025-06-30 20:00:00,257559.56459875475
2025-06-30 21:00:00,222258.12252233192
2025-06-30 22:00:00,189324.12711339744
2025-06-30 23:00:00,159036.17229648228
2025-07-01 00:00:00,130441.76952662802
2025-07-01 01:00:00,103737.52267818748
2025-07-01 02:00:00,78083.93664075348
2025-07-01 03:00:00,53265.0266161044
2025-07-01 04:00:00,28376.22451953778
2025-07-01 05:00:00,3009.622268204635
2025-07-01 06:00:00,-0.0
2025-07-01 07:00:00,-0.0
2025-07-01 08:00:00,-0.0
2025-07-01 09:00:00,-0.0
2025-07-01 10:00:00,-0.0
2025-07-01 11:00:00,-0.0
2025-07-01 12:00:00,-0.0
2025-07-01 13:00:00,-0.0
2025-07-01 14:00:00,36712.112871827296
2025-07-01 15:00:00,124649.34298986828
2025-07-01 16:00:00,210790.43515617066
2025-07-01 17:00:00,281898.86835561215
2025-07-01 18:00:00,318530.6127835497
2025-07-01 19:00:00,302845.2332998599
2025-07-01 20:00:00,267156.9109272097
2025-07-01 21:00:00,232053.05292870314
2025-07-01 22:00:00,199218.99480896926
2025-07-01 23:00:00,168824.5935243114
2025-07-02 00:00:00,140028.229852538
2025-07-02 01:00:00,112498.08129435251
2025-07-02 02:00:00,85788.37546094086
2025-07-02 03:00:00,59874.73924270209
2025-07-02 04:00:00,34105.09276084922
2025-07-02 05:00:00,8391.698190355315
2025-07-02 06:00:00,-0.0
2025-07-02 07:00:00,-0.0
2025-07-02 08:00:00,-0.0
2025-07-02 09:00:00,-0.0
2025-07-02 10:00:00,-0.0
2025-07-02 11:00:00,-0.0
2025-07-02 12:00:00,-0.0
2025-07-02 13:00:00,-0.0
2025-07-02 14:00:00,27302.24884433314
2025-07-02 15:00:00,115239.47896237412
2025-07-02 16:00:00,199641.38721990207
2025-07-02 17:00:00,271653.46177668555
2025-07-02 18:00:00,309647.7943763558
2025-07-02 19:00:00,294273.41389054694
2025-07-02 20:00:00,259472.96075818242
2025-07-02 21:00:00,225285.23241970697
2025-07-02 22:00:00,193048.76179685048
2025-07-02 23:00:00,162983.17094939647
2025-07-03 00:00:00,134361.43313995292
2025-07-03 01:00:00,107355.95776092305
2025-07-03 02:00:00,81469.16935056035
2025-07-03 03:00:00,56285.284541904344
2025-07-03 04:00:00,31311.331844667704
2025-07-03 05:00:00,5623.2876896475545
2025-07-03 06:00:00,-0.0
2025-07-03 07:00:00,-0.0
2025-07-03 08:00:00,-0.0
2025-07-03 09:00:00,-0.0
2025-07-03 10:00:00,-0.0
2025-07-03 11:00:00,-0.0
2025-07-03 12:00:00,-0.0
2025-07-03 13:00:00,-0.0
2025-07-03 14:00:00,9543.128173088116
2025-07-03 15:00:00,97480.3582911291
2025-07-03 16:00:00,182326.01528167556
2025-07-03 17:00:00,254914.724934901
2025-07-03 18:00:00,291871.7084638707
2025-07-03 19:00:00,277129.20400637394
2025-07-03 20:00:00,244673.3921634936
2025-07-03 21:00:00,212219.69265463966
2025-07-03 22:00:00,181301.5289552528
2025-07-03 23:00:00,152072.82693427178
2025-07-04 00:00:00,124379.46751075517
2025-07-04 01:00:00,98184.13149707447
2025-07-04 02:00:00,73180.65582321794
2025-07-04 03:00:00,49170.4465797248
2025-07-04 04:00:00,25343.19198543511
2025-07-04 05:00:00,1653.5786961627211
2025-07-04 06:00:00,-0.0
2025-07-04 07:00:00,-0.0
2025-07-04 08:00:00,-0.0
2025-07-04 09:00:00,-0.0
2025-07-04 10:00:00,-0.0
2025-07-04 11:00:00,-0.0
2025-07-04 12:00:00,-0.0
2025-07-04 13:00:00,-0.0
2025-07-04 14:00:00,-0.0
2025-07-04 15:00:00,45770.329097257345
2025-07-04 16:00:00,133707.55921529833
2025-07-04 17:00:00,220978.29219025766
2025-07-04 18:00:00,270799.11584942584
2025-07-04 19:00:00,260924.3584561806
2025-07-04 20:00:00,230586.3845369567
2025-07-04 21:00:00,200764.78875558605
2025-07-04 22:00:00,171889.83654520012
2025-07-04 23:00:00,144354.22112572312
2025-07-05 00:00:00,118060.78090045648
2025-07-05 01:00:00,93065.89878992795
2025-07-05 02:00:00,69124.35602463028
2025-07-05 03:00:00,45906.22766054564
2025-07-05 04:00:00,22829.415901565666
2025-07-05 05:00:00,-0.0
2025-07-05 06:00:00,-0.0
2025-07-05 07:00:00,-0.0
2025-07-05 08:00:00,-0.0
2025-07-05 09:00:00,-0.0
2025-07-05 10:00:00,-0.0
2025-07-05 11:00:00,-0.0
2025-07-05 12:00:00,-0.0
2025-07-05 13:00:00,-0.0
2025-07-05 14:00:00,-0.0
2025-07-05 15:00:00,58159.82218900026
2025-07-05 16:00:00,146097.05230704125
2025-07-05 17:00:00,227260.50481508853
2025-07-05 18:00:00,272412.9120070355
2025-07-05 19:00:00,262606.80790827516
2025-07-05 20:00:00,230856.3569551873
2025-07-05 21:00:00,199537.28928312435
2025-07-05 22:00:00,170040.89908788976
2025-07-05 23:00:00,142192.02128505398
2025-07-06 00:00:00,116099.28674354004
2025-07-06 01:00:00,91516.6742332076
2025-07-06 02:00:00,67864.4138076973
2025-07-06 03:00:00,44965.50677450614
2025-07-06 04:00:00,22284.880743442278
2025-07-06 05:00:00,-0.0
2025-07-06 06:00:00,-0.0
2025-07-06 07:00:00,-0.0
2025-07-06 08:00:00,-0.0
2025-07-06 09:00:00,-0.0
2025-07-06 10:00:00,-0.0
2025-07-06 11:00:00,-0.0
2025-07-06 12:00:00,-0.0
2025-07-06 13:00:00,-0.0
2025-07-06 14:00:00,-0.0
2025-07-06 15:00:00,62922.37776121372
2025-07-06 16:00:00,150859.6078792547
2025-07-06 17:00:00,237339.51742412103
2025-07-06 18:00:00,287690.5153977761
2025-07-06 19:00:00,277359.0459682815
2025-07-06 20:00:00,244495.14979901293
2025-07-06 21:00:00,212197.68409260985
2025-07-06 22:00:00,181954.4242408144
2025-07-06 23:00:00,153814.60176279861
2025-07-07 00:00:00,127211.85724430485
2025-07-07 01:00:00,101604.48349278922
2025-07-07 02:00:00,76534.59425802204
2025-07-07 03:00:00,51980.44799038144
2025-07-07 04:00:00,27482.37978178259
2025-07-07 05:00:00,2639.737150652667
2025-07-07 06:00:00,-0.0
2025-07-07 07:00:00,-0.0
2025-07-07 08:00:00,-0.0
2025-07-07 09:00:00,-0.0
2025-07-07 10:00:00,-0.0
2025-07-07 11:00:00,-0.0
2025-07-07 12:00:00,-0.0
2025-07-07 13:00:00,-0.0
2025-07-07 14:00:00,8220.460435960034
2025-07-07 15:00:00,96157.69055400102
2025-07-07 16:00:00,184094.920672042
2025-07-07 17:00:00,265064.8853725693
2025-07-07 18:00:00,306869.3821466842
2025-07-07 19:00:00,291712.4301381155
2025-07-07 20:00:00,256771.03943778077
2025-07-07 21:00:00,222678.7752781161
2025-07-07 22:00:00,190997.91365995395
2025-07-07 23:00:00,161350.80950749695
2025-07-08 00:00:00,133364.14246006435
2025-07-08 01:00:00,106690.78014410565
2025-07-08 02:00:00,81082.59796157677
2025-07-08 03:00:00,55989.56067619552
2025-07-08 04:00:00,30720.050645543077
2025-07-08 05:00:00,5049.1910830267725
2025-07-08 06:00:00,-0.0
2025-07-08 07:00:00,-0.0
2025-07-08 08:00:00,-0.0
2025-07-08 09:00:00,-0.0
2025-07-08 10:00:00,-0.0
2025-07-08 11:00:00,-0.0
2025-07-08 12:00:00,-0.0
2025-07-08 13:00:00,-0.0
2025-07-08 14:00:00,17732.357980496134
2025-07-08 15:00:00,105669.58809853712
2025-07-08 16:00:00,193606.8182165781
2025-07-08 17:00:00,271655.4458533275
2025-07-08 18:00:00,315176.6953533572
2025-07-08 19:00:00,301125.9222784991
2025-07-08 20:00:00,265238.7015745232
2025-07-08 21:00:00,229895.55637327323
2025-07-08 22:00:00,196902.6921135997
2025-07-08 23:00:00,166402.50720841618
2025-07-09 00:00:00,137412.42776803137
2025-07-09 01:00:00,109800.35930237023
2025-07-09 02:00:00,83407.88948609776
2025-07-09 03:00:00,57566.19709372823
2025-07-09 04:00:00,31821.9627426144
2025-07-09 05:00:00,5742.481955879105
2025-07-09 06:00:00,-0.0
2025-07-09 07:00:00,-0.0
2025-07-09 08:00:00,-0.0
2025-07-09 09:00:00,-0.0
2025-07-09 10:00:00,-0.0
2025-07-09 11:00:00,-0.0
2025-07-09 12:00:00,-0.0
2025-07-09 13:00:00,-0.0
2025-07-09 14:00:00,27114.689144026663
2025-07-09 15:00:00,115051.91926206765
2025-07-09 16:00:00,202989.14938010863
2025-07-09 17:00:00,281591.06085698155
2025-07-09 18:00:00,324203.79412512126
2025-07-09 19:00:00,308245.52728245215
2025-07-09 20:00:00,270925.8150577948
2025-07-09 21:00:00,234291.5397306988
2025-07-09 22:00:00,200239.3132123027
2025-07-09 23:00:00,168786.89767034465
2025-07-10 00:00:00,139084.43158795
2025-07-10 01:00:00,111030.12703901203
2025-07-10 02:00:00,84286.09950828907
2025-07-10 03:00:00,57858.59580339614
2025-07-10 04:00:00,31938.88435143877
2025-07-10 05:00:00,5921.7374459992525
2025-07-10 06:00:00,-0.0
2025-07-10 07:00:00,-0.0
2025-07-10 08:00:00,-0.0
2025-07-10 09:00:00,-0.0
2025-07-10 10:00:00,-0.0
2025-07-10 11:00:00,-0.0
2025-07-10 12:00:00,-0.0
2025-07-10 13:00:00,-0.0
2025-07-10 14:00:00,46774.537616738555
2025-07-10 15:00:00,134711.76773477954
2025-07-10 16:00:00,222648.99785282052
2025-07-10 17:00:00,299046.74361266126
2025-07-10 18:00:00,338372.6036987877
2025-07-10 19:00:00,319992.2289139277
2025-07-10 20:00:00,280337.7344563294
2025-07-10 21:00:00,241804.54224337492
2025-07-10 22:00:00,206133.70697776013
2025-07-10 23:00:00,173383.71618331308
2025-07-11 00:00:00,142634.74666530354
2025-07-11 01:00:00,113794.93246890858
2025-07-11 02:00:00,86452.71777902918
2025-07-11 03:00:00,59981.780507755684
2025-07-11 04:00:00,33716.30872470208
2025-07-11 05:00:00,6935.1947369037325
2025-07-11 06:00:00,-0.0
2025-07-11 07:00:00,-0.0
2025-07-11 08:00:00,-0.0
2025-07-11 09:00:00,-0.0
2025-07-11 10:00:00,-0.0
2025-07-11 11:00:00,-0.0
2025-07-11 12:00:00,-0.0
2025-07-11 13:00:00,-0.0
2025-07-11 14:00:00,36570.96535616362
2025-07-11 15:00:00,124508.19547420461
2025-07-11 16:00:00,212445.4255922456
2025-07-11 17:00:00,289342.34596750047
2025-07-11 18:00:00,327450.1668843531
2025-07-11 19:00:00,309363.70939476864
2025-07-11 20:00:00,271790.2510151802
2025-07-11 21:00:00,235150.7379538369
2025-07-11 22:00:00,200786.77897406774
2025-07-11 23:00:00,168745.32026127668
2025-07-12 00:00:00,138397.94055599274
2025-07-12 01:00:00,109996.12237666044
2025-07-12 02:00:00,83052.41512417019
2025-07-12 03:00:00,56998.19043212348
2025-07-12 04:00:00,31336.44552628692
2025-07-12 05:00:00,5831.17006532443
2025-07-12 06:00:00,-0.0
2025-07-12 07:00:00,-0.0
2025-07-12 08:00:00,-0.0
2025-07-12 09:00:00,-0.0
2025-07-12 10:00:00,-0.0
2025-07-12 11:00:00,-0.0
2025-07-12 12:00:00,-0.0
2025-07-12 13:00:00,-0.0
2025-07-12 14:00:00,12809.008850696438
2025-07-12 15:00:00,100746.23896873742
2025-07-12 16:00:00,188683.4690867784
2025-07-12 17:00:00,268134.41860234656
2025-07-12 18:00:00,309447.4000376205
2025-07-12 19:00:00,293902.7399035179
2025-07-12 20:00:00,259421.73624594323
2025-07-12 21:00:00,225255.93504378677
2025-07-12 22:00:00,192940.73403097456
2025-07-12 23:00:00,162928.73288527294
2025-07-13 00:00:00,134345.62272119365
2025-07-13 01:00:00,107548.71250021661
2025-07-13 02:00:00,81901.184623422
2025-07-13 03:00:00,56979.10370813114
2025-07-13 04:00:00,32535.367579696358
2025-07-13 05:00:00,8193.287459328947
2025-07-13 06:00:00,-0.0
2025-07-13 07:00:00,-0.0
2025-07-13 08:00:00,-0.0
2025-07-13 09:00:00,-0.0
2025-07-13 10:00:00,-0.0
2025-07-13 11:00:00,-0.0
2025-07-13 12:00:00,-0.0
2025-07-13 13:00:00,-0.0
2025-07-13 14:00:00,38188.83638320456
2025-07-13 15:00:00,126126.06650124554
2025-07-13 16:00:00,214063.29661928653
2025-07-13 17:00:00,287702.65551076725
2025-07-13 18:00:00,322211.23643960175
2025-07-13 19:00:00,303719.79268038797
2025-07-13 20:00:00,268686.55723259266
2025-07-13 21:00:00,234503.54895297048
2025-07-13 22:00:00,202519.91693015106
2025-07-13 23:00:00,172251.16021860304
2025-07-14 00:00:00,143782.43187954678
2025-07-14 01:00:00,116981.96636460925
2025-07-14 02:00:00,91213.26609736966
2025-07-14 03:00:00,65770.40149271127
2025-07-14 04:00:00,40348.59551429956
2025-07-14 05:00:00,14441.325050490275
2025-07-14 06:00:00,-0.0
2025-07-14 07:00:00,-0.0
2025-07-14 08:00:00,-0.0
2025-07-14 09:00:00,-0.0
2025-07-14 10:00:00,-0.0
2025-07-14 11:00:00,-0.0
2025-07-14 12:00:00,-0.0
2025-07-14 13:00:00,-0.0
2025-07-14 14:00:00,66390.05288923049
2025-07-14 15:00:00,154327.28300727147
2025-07-14 16:00:00,238992.85586226342
2025-07-14 17:00:00,306602.0116407011
2025-07-14 18:00:00,336114.4235721889
2025-07-14 19:00:00,315308.573012729
2025-07-14 20:00:00,278289.9109406838
2025-07-14 21:00:00,242318.56698941404
2025-07-14 22:00:00,208719.8907668009
2025-07-14 23:00:00,177706.79384556322
2025-07-15 00:00:00,148196.36202017937
2025-07-15 01:00:00,120079.04530572437
2025-07-15 02:00:00,93204.80844460227
2025-07-15 03:00:00,66646.3284758126
2025-07-15 04:00:00,40503.481936640404
2025-07-15 05:00:00,13403.394808690284
2025-07-15 06:00:00,-0.0
2025-07-15 07:00:00,-0.0
2025-07-15 08:00:00,-0.0
2025-07-15 09:00:00,-0.0
2025-07-15 10:00:00,-0.0
2025-07-15 11:00:00,-0.0
2025-07-15 12:00:00,-0.0
2025-07-15 13:00:00,-0.0
2025-07-15 14:00:00,38907.13680380542
2025-07-15 15:00:00,126844.3669218464
2025-07-15 16:00:00,214781.5970398874
2025-07-15 17:00:00,287928.9743560618
2025-07-15 18:00:00,323178.3654022589
2025-07-15 19:00:00,305750.17286235845
2025-07-15 20:00:00,270394.69681132736
2025-07-15 21:00:00,235782.0280687903
2025-07-15 22:00:00,203366.29650463816
2025-07-15 23:00:00,173208.62954476656
2025-07-16 00:00:00,144514.870501113
2025-07-16 01:00:00,117267.35298065211
2025-07-16 02:00:00,91110.4589339323
2025-07-16 03:00:00,65385.49680573792
2025-07-16 04:00:00,39647.802726823196
2025-07-16 05:00:00,13600.523423593477
2025-07-16 06:00:00,-0.0
2025-07-16 07:00:00,-0.0
2025-07-16 08:00:00,-0.0
2025-07-16 09:00:00,-0.0
2025-07-16 10:00:00,-0.0
2025-07-16 11:00:00,-0.0
2025-07-16 12:00:00,-0.0
2025-07-16 13:00:00,-0.0
2025-07-16 14:00:00,29950.208838320046
2025-07-16 15:00:00,117887.43895636103
2025-07-16 16:00:00,205824.66907440202
2025-07-16 17:00:00,283300.10589635756
2025-07-16 18:00:00,321428.59907342837
2025-07-16 19:00:00,305826.3307791648
2025-07-16 20:00:00,271582.1431918759
2025-07-16 21:00:00,237732.5881654627
2025-07-16 22:00:00,205831.63131591093
2025-07-16 23:00:00,176082.53989626083
2025-07-17 00:00:00,147905.28077729966
2025-07-17 01:00:00,120968.76716046636
2025-07-17 02:00:00,95110.09125417484
2025-07-17 03:00:00,69480.374459366
2025-07-17 04:00:00,44140.252432974026
2025-07-17 05:00:00,18178.640583569908
2025-07-17 06:00:00,-0.0
2025-07-17 07:00:00,-0.0
2025-07-17 08:00:00,-0.0
2025-07-17 09:00:00,-0.0
2025-07-17 10:00:00,-0.0
2025-07-17 11:00:00,-0.0
2025-07-17 12:00:00,-0.0
2025-07-17 13:00:00,8184.787539922574
2025-07-17 14:00:00,96122.01765796356
2025-07-17 15:00:00,175502.60095024423
2025-07-17 16:00:00,244409.70595969533
2025-07-17 17:00:00,299283.4540247505
2025-07-17 18:00:00,324066.8435233371
2025-07-17 19:00:00,304134.8810238527
2025-07-17 20:00:00,269275.4251281974
2025-07-17 21:00:00,234858.4233366687
2025-07-17 22:00:00,202489.55470147435
2025-07-17 23:00:00,171626.7743087273
2025-07-18 00:00:00,142390.03839721237
2025-07-18 01:00:00,115214.17602988814
2025-07-18 02:00:00,89111.881415989
2025-07-18 03:00:00,63630.00471522219
2025-07-18 04:00:00,38104.925954254046
2025-07-18 05:00:00,11966.451114225467
2025-07-18 06:00:00,-0.0
2025-07-18 07:00:00,-0.0
2025-07-18 08:00:00,-0.0
2025-07-18 09:00:00,-0.0
2025-07-18 10:00:00,-0.0
2025-07-18 11:00:00,-0.0
2025-07-18 12:00:00,-0.0
2025-07-18 13:00:00,-0.0
2025-07-18 14:00:00,24173.76945213083
2025-07-18 15:00:00,112110.99957017181
2025-07-18 16:00:00,200048.2296882128
2025-07-18 17:00:00,276798.25915244804
2025-07-18 18:00:00,313946.2530941879
2025-07-18 19:00:00,296133.59595771617
2025-07-18 20:00:00,261876.86716355893
2025-07-18 21:00:00,228237.91696218122
2025-07-18 22:00:00,196202.51559014
2025-07-18 23:00:00,166200.702109262
2025-07-19 00:00:00,137582.7076249168
2025-07-19 01:00:00,110439.82748049489
2025-07-19 02:00:00,84544.77811735964
2025-07-19 03:00:00,59309.77657975991
2025-07-19 04:00:00,34595.121816488674
2025-07-19 05:00:00,9872.638504938719
2025-07-19 06:00:00,-0.0
2025-07-19 07:00:00,-0.0
2025-07-19 08:00:00,-0.0
2025-07-19 09:00:00,-0.0
2025-07-19 10:00:00,-0.0
2025-07-19 11:00:00,-0.0
2025-07-19 12:00:00,-0.0
2025-07-19 13:00:00,-0.0
2025-07-19 14:00:00,2934.8529165662476
2025-07-19 15:00:00,90872.08303460723
2025-07-19 16:00:00,178809.31315264822
2025-07-19 17:00:00,257701.0087420443
2025-07-19 18:00:00,297726.45974557684
2025-07-19 19:00:00,282214.88662049844
2025-07-19 20:00:00,249337.57342013175
2025-07-19 21:00:00,217105.33023488827
2025-07-19 22:00:00,186558.77931789617
2025-07-19 23:00:00,157843.63092751155
2025-07-20 00:00:00,130454.92887496184
2025-07-20 01:00:00,104408.70602640294
2025-07-20 02:00:00,79396.18721239484
2025-07-20 03:00:00,55076.48655796079
2025-07-20 04:00:00,31316.857485414585
2025-07-20 05:00:00,7734.274004737815
2025-07-20 06:00:00,-0.0
2025-07-20 07:00:00,-0.0
2025-07-20 08:00:00,-0.0
2025-07-20 09:00:00,-0.0
2025-07-20 10:00:00,-0.0
2025-07-20 11:00:00,-0.0
2025-07-20 12:00:00,-0.0
2025-07-20 13:00:00,-0.0
2025-07-20 14:00:00,4029.5178421094024
2025-07-20 15:00:00,91966.74796015039
2025-07-20 16:00:00,179903.97807819137
2025-07-20 17:00:00,255817.01115678973
2025-07-20 18:00:00,296192.32832575607
2025-07-20 19:00:00,281237.62281561445
2025-07-20 20:00:00,249004.46878742488
2025-07-20 21:00:00,217437.02926515197
2025-07-20 22:00:00,187815.53975358716
2025-07-20 23:00:00,160054.9447983277
2025-07-21 00:00:00,133355.37972002343
2025-07-21 01:00:00,108081.72110679533
2025-07-21 02:00:00,83794.43330553676
2025-07-21 03:00:00,59899.21220110349
2025-07-21 04:00:00,35865.06126146947
2025-07-21 05:00:00,10523.212730559748
2025-07-21 06:00:00,-0.0
2025-07-21 07:00:00,-0.0
2025-07-21 08:00:00,-0.0
2025-07-21 09:00:00,-0.0
2025-07-21 10:00:00,-0.0
2025-07-21 11:00:00,-0.0
2025-07-21 12:00:00,-0.0
2025-07-21 13:00:00,-0.0
2025-07-21 14:00:00,-0.0
2025-07-21 15:00:00,87504.13623939356
2025-07-21 16:00:00,175441.36635743454
2025-07-21 17:00:00,258503.62052275444
2025-07-21 18:00:00,303085.94014622056
2025-07-21 19:00:00,288552.3629279186
2025-07-21 20:00:00,255726.60673727715
2025-07-21 21:00:00,223457.6400356604
2025-07-21 22:00:00,192799.10301411868
2025-07-21 23:00:00,164207.7781581437
2025-07-22 00:00:00,136626.34245376306
2025-07-22 01:00:00,110472.99380412878
2025-07-22 02:00:00,85458.53553826649
2025-07-22 03:00:00,60906.859882267105
2025-07-22 04:00:00,36175.729036796336
2025-07-22 05:00:00,10600.223348165477
2025-07-22 06:00:00,-0.0
2025-07-22 07:00:00,-0.0
2025-07-22 08:00:00,-0.0
2025-07-22 09:00:00,-0.0
2025-07-22 10:00:00,-0.0
2025-07-22 11:00:00,-0.0
2025-07-22 12:00:00,-0.0
2025-07-22 13:00:00,-0.0
2025-07-22 14:00:00,-0.0
2025-07-22 15:00:00,73518.71924915334
2025-07-22 16:00:00,161455.94936719432
2025-07-22 17:00:00,249393.1794852353
2025-07-22 18:00:00,297598.0132551083
2025-07-22 19:00:00,284967.9831453132
2025-07-22 20:00:00,253071.83560384964
2025-07-22 21:00:00,221190.93461491965
2025-07-22 22:00:00,190767.58543684316
2025-07-22 23:00:00,162406.05394546938
2025-07-23 00:00:00,135204.33896531808
2025-07-23 01:00:00,109375.6737602358
2025-07-23 02:00:00,84345.92714005693
2025-07-23 03:00:00,59735.65545932081
2025-07-23 04:00:00,35016.184072831486
2025-07-23 05:00:00,9554.011875178008
2025-07-23 06:00:00,-0.0
2025-07-23 07:00:00,-0.0
2025-07-23 08:00:00,-0.0
2025-07-23 09:00:00,-0.0
2025-07-23 10:00:00,-0.0
2025-07-23 11:00:00,-0.0
2025-07-23 12:00:00,-0.0
2025-07-23 13:00:00,-0.0
2025-07-23 14:00:00,-0.0
2025-07-23 15:00:00,78321.05756621656
2025-07-23 16:00:00,166258.28768425755
2025-07-23 17:00:00,254195.51780229853
2025-07-23 18:00:00,302948.02440876345
2025-07-23 19:00:00,288494.01039405045
2025-07-23 20:00:00,255384.99766099837
2025-07-23 21:00:00,222337.16704559434
2025-07-23 22:00:00,191272.77323170943
2025-07-23 23:00:00,162295.1923875674
2025-07-24 00:00:00,134909.51647042134
2025-07-24 01:00:00,108909.4348462986
2025-07-24 02:00:00,83775.27720533354
2025-07-24 03:00:00,59216.263028220026
2025-07-24 04:00:00,34697.53428567577
2025-07-24 05:00:00,9550.172843585891
2025-07-24 06:00:00,-0.0
2025-07-24 07:00:00,-0.0
2025-07-24 08:00:00,-0.0
2025-07-24 09:00:00,-0.0
2025-07-24 10:00:00,-0.0
2025-07-24 11:00:00,-0.0
2025-07-24 12:00:00,-0.0
2025-07-24 13:00:00,-0.0
2025-07-24 14:00:00,3560.777561802126
2025-07-24 15:00:00,91498.00767984311
2025-07-24 16:00:00,179435.2377978841
2025-07-24 17:00:00,258552.11427057578
2025-07-24 18:00:00,306144.9591882785
2025-07-24 19:00:00,290925.7598439269
2025-07-24 20:00:00,257589.00871552955
2025-07-24 21:00:00,224813.0957223355
2025-07-24 22:00:00,193821.9604642185
2025-07-24 23:00:00,164993.41617952322
2025-07-25 00:00:00,137360.59044108153
2025-07-25 01:00:00,111220.91206902175
2025-07-25 02:00:00,86127.72025472626
2025-07-25 03:00:00,61629.00042192228
2025-07-25 04:00:00,37047.110793995045
2025-07-25 05:00:00,11803.449907150967
2025-07-25 06:00:00,-0.0
2025-07-25 07:00:00,-0.0
2025-07-25 08:00:00,-0.0
2025-07-25 09:00:00,-0.0
2025-07-25 10:00:00,-0.0
2025-07-25 11:00:00,-0.0
2025-07-25 12:00:00,-0.0
2025-07-25 13:00:00,-0.0
2025-07-25 14:00:00,-0.0
2025-07-25 15:00:00,69111.23025391996
2025-07-25 16:00:00,157048.46037196094
2025-07-25 17:00:00,244985.69049000193
2025-07-25 18:00:00,292146.5404289764
2025-07-25 19:00:00,277155.60781391634
2025-07-25 20:00:00,245583.18354946183
2025-07-25 21:00:00,214507.1648743336
2025-07-25 22:00:00,184900.63098919243
2025-07-25 23:00:00,157044.33860763005
2025-07-26 00:00:00,130230.22898930564
2025-07-26 01:00:00,104793.60710421641
2025-07-26 02:00:00,80392.70441364656
2025-07-26 03:00:00,56433.974647129944
2025-07-26 04:00:00,32744.3478241611
2025-07-26 05:00:00,8864.66733167946
2025-07-26 06:00:00,-0.0
2025-07-26 07:00:00,-0.0
2025-07-26 08:00:00,-0.0
2025-07-26 09:00:00,-0.0
2025-07-26 10:00:00,-0.0
2025-07-26 11:00:00,-0.0
2025-07-26 12:00:00,-0.0
2025-07-26 13:00:00,-0.0
2025-07-26 14:00:00,-0.0
2025-07-26 15:00:00,69827.94577218985
2025-07-26 16:00:00,157765.17589023084
2025-07-26 17:00:00,239264.23164695792
2025-07-26 18:00:00,278331.0251796958
2025-07-26 19:00:00,263812.18937322585
2025-07-26 20:00:00,233928.19731818547
2025-07-26 21:00:00,204333.9449552593
2025-07-26 22:00:00,175950.18493720717
2025-07-26 23:00:00,149202.2657115344
2025-07-27 00:00:00,123522.32292655799
2025-07-27 01:00:00,99187.71036782538
2025-07-27 02:00:00,75804.31975518826
2025-07-27 03:00:00,52864.67504791818
2025-07-27 04:00:00,30262.11080117389
2025-07-27 05:00:00,7668.884745602779
2025-07-27 06:00:00,-0.0
2025-07-27 07:00:00,-0.0
2025-07-27 08:00:00,-0.0
2025-07-27 09:00:00,-0.0
2025-07-27 10:00:00,-0.0
2025-07-27 11:00:00,-0.0
2025-07-27 12:00:00,-0.0
2025-07-27 13:00:00,-0.0
2025-07-27 14:00:00,-0.0
2025-07-27 15:00:00,66395.39021204406
2025-07-27 16:00:00,154332.62033008505
2025-07-27 17:00:00,242269.85044812603
2025-07-27 18:00:00,290619.25816035835
2025-07-27 19:00:00,276402.8578964909
2025-07-27 20:00:00,245347.80522496084
2025-07-27 21:00:00,214818.12616081248
2025-07-27 22:00:00,186006.87936099304
2025-07-27 23:00:00,158888.81526745803
2025-07-28 00:00:00,132906.508644529
2025-07-28 01:00:00,108267.04705177798
2025-07-28 02:00:00,83713.72335158597
2025-07-28 03:00:00,59481.356563596055
2025-07-28 04:00:00,35550.53313321332
2025-07-28 05:00:00,10999.29393266841
2025-07-28 06:00:00,-0.0
2025-07-28 07:00:00,-0.0
2025-07-28 08:00:00,-0.0
2025-07-28 09:00:00,-0.0
2025-07-28 10:00:00,-0.0
2025-07-28 11:00:00,-0.0
2025-07-28 12:00:00,-0.0
2025-07-28 13:00:00,-0.0
2025-07-28 14:00:00,8860.991213808651
2025-07-28 15:00:00,96798.22133184964
2025-07-28 16:00:00,184735.45144989062
2025-07-28 17:00:00,269929.1240455912
2025-07-28 18:00:00,313741.33363419655
2025-07-28 19:00:00,297277.2547587805
2025-07-28 20:00:00,262826.9856889842
2025-07-28 21:00:00,229027.97622514027
2025-07-28 22:00:00,197342.65758216416
2025-07-28 23:00:00,167939.98851829427
2025-07-29 00:00:00,139924.1439096493
2025-07-29 01:00:00,113547.75940765545
2025-07-29 02:00:00,88244.76345702805
2025-07-29 03:00:00,63317.286858045256
2025-07-29 04:00:00,38345.38538504328
2025-07-29 05:00:00,12626.835931144433
2025-07-29 06:00:00,-0.0
2025-07-29 07:00:00,-0.0
2025-07-29 08:00:00,-0.0
2025-07-29 09:00:00,-0.0
2025-07-29 10:00:00,-0.0
2025-07-29 11:00:00,-0.0
2025-07-29 12:00:00,-0.0
2025-07-29 13:00:00,-0.0
2025-07-29 14:00:00,22480.788163102843
2025-07-29 15:00:00,110418.01828114383
2025-07-29 16:00:00,198355.2483991848
2025-07-29 17:00:00,281527.4315734385
2025-07-29 18:00:00,322132.38123993407
2025-07-29 19:00:00,301876.3897558348
2025-07-29 20:00:00,266875.03686535096
2025-07-29 21:00:00,232484.04442862864
2025-07-29 22:00:00,200147.25357962758
2025-07-29 23:00:00,170152.16330189735
2025-07-30 00:00:00,141826.64771811906
2025-07-30 01:00:00,114951.95694682389
2025-07-30 02:00:00,88993.77316240908
2025-07-30 03:00:00,63783.86631912153
2025-07-30 04:00:00,38899.04447866896
2025-07-30 05:00:00,13354.045586204404
2025-07-30 06:00:00,-0.0
2025-07-30 07:00:00,-0.0
2025-07-30 08:00:00,-0.0
2025-07-30 09:00:00,-0.0
2025-07-30 10:00:00,-0.0
2025-07-30 11:00:00,-0.0
2025-07-30 12:00:00,-0.0
2025-07-30 13:00:00,-0.0
2025-07-30 14:00:00,21042.791162079666
2025-07-30 15:00:00,108980.02128012065
2025-07-30 16:00:00,196917.25139816164
2025-07-30 17:00:00,281632.3863916432
2025-07-30 18:00:00,321691.5484116057
2025-07-30 19:00:00,301124.99990810454
2025-07-30 20:00:00,265681.5889162518
2025-07-30 21:00:00,231091.6086667517
2025-07-30 22:00:00,198868.85121775075
2025-07-30 23:00:00,168989.57030256098
2025-07-31 00:00:00,140424.6599613682
2025-07-31 01:00:00,113472.89628024392
2025-07-31 02:00:00,87818.57966516865
2025-07-31 03:00:00,62826.85556111725
2025-07-31 04:00:00,38268.49121457906
2025-07-31 05:00:00,13217.313713260199
2025-07-31 06:00:00,-0.0
2025-07-31 07:00:00,-0.0
2025-07-31 08:00:00,-0.0
2025-07-31 09:00:00,-0.0
2025-07-31 10:00:00,-0.0
2025-07-31 11:00:00,-0.0
2025-07-31 12:00:00,-0.0
2025-07-31 13:00:00,-0.0
2025-07-31 14:00:00,29431.824502640986
2025-07-31 15:00:00,117369.05462068197
2025-07-31 16:00:00,205306.28473872296
2025-07-31 17:00:00,288671.32417403266
2025-07-31 18:00:00,327261.9695281486
2025-07-31 19:00:00,305591.5344476438
2025-07-31 20:00:00,270373.4246901049
2025-07-31 21:00:00,236078.6168801051
2025-07-31 22:00:00,203455.6388719563
2025-07-31 23:00:00,173100.3288752722
2025-08-01 00:00:00,144249.93176989103
2025-08-01 01:00:00,116897.54898967699
2025-08-01 02:00:00,90938.96000154373
2025-08-01 03:00:00,65551.6980781051
2025-08-01 04:00:00,40491.18517579615
2025-08-01 05:00:00,14616.300210030722
2025-08-01 06:00:00,-0.0
2025-08-01 07:00:00,-0.0
2025-08-01 08:00:00,-0.0
2025-08-01 09:00:00,-0.0
2025-08-01 10:00:00,-0.0
2025-08-01 11:00:00,-0.0
2025-08-01 12:00:00,-0.0
2025-08-01 13:00:00,-0.0
2025-08-01 14:00:00,24924.518394606508
2025-08-01 15:00:00,112861.7485126475
2025-08-01 16:00:00,200798.97863068848
2025-08-01 17:00:00,284635.09220775275
2025-08-01 18:00:00,322495.4850023597
2025-08-01 19:00:00,300496.5504799994
2025-08-01 20:00:00,265239.229239356
2025-08-01 21:00:00,231055.3865432308
2025-08-01 22:00:00,198913.3066440057
2025-08-01 23:00:00,168924.85843851714
2025-08-02 00:00:00,140548.53179049966
2025-08-02 01:00:00,113684.58137167085
2025-08-02 02:00:00,87847.42180812717
2025-08-02 03:00:00,62992.97619972087
2025-08-02 04:00:00,38502.249413717225
2025-08-02 05:00:00,14060.914955054317
2025-08-02 06:00:00,-0.0
2025-08-02 07:00:00,-0.0
2025-08-02 08:00:00,-0.0
2025-08-02 09:00:00,-0.0
2025-08-02 10:00:00,-0.0
2025-08-02 11:00:00,-0.0
2025-08-02 12:00:00,-0.0
2025-08-02 13:00:00,-0.0
2025-08-02 14:00:00,9770.146218352835
2025-08-02 15:00:00,97707.37633639382
2025-08-02 16:00:00,185644.6064544348
2025-08-02 17:00:00,271453.07570756343
2025-08-02 18:00:00,310321.73699716607
2025-08-02 19:00:00,288948.68786888337
2025-08-02 20:00:00,254906.1884200598
2025-08-02 21:00:00,221860.69316122803
2025-08-02 22:00:00,190708.1632139512
2025-08-02 23:00:00,161891.45680394294
2025-08-03 00:00:00,134516.73021777172
2025-08-03 01:00:00,108522.6247890421
2025-08-03 02:00:00,83693.63422559097
2025-08-03 03:00:00,59682.94687417611
2025-08-03 04:00:00,36044.23292602993
2025-08-03 05:00:00,12720.860200412648
2025-08-03 06:00:00,-0.0
2025-08-03 07:00:00,-0.0
2025-08-03 08:00:00,-0.0
2025-08-03 09:00:00,-0.0
2025-08-03 10:00:00,-0.0
2025-08-03 11:00:00,-0.0
2025-08-03 12:00:00,-0.0
2025-08-03 13:00:00,-0.0
2025-08-03 14:00:00,27940.47093141172
2025-08-03 15:00:00,115877.7010494527
2025-08-03 16:00:00,203814.9311674937
2025-08-03 17:00:00,283950.293094988
2025-08-03 18:00:00,316586.7648881733
2025-08-03 19:00:00,293417.1955456338
2025-08-03 20:00:00,259457.7046236332
2025-08-03 21:00:00,226729.29369168787
2025-08-03 22:00:00,195830.3271675402
2025-08-03 23:00:00,167273.85537904088
2025-08-04 00:00:00,140192.4104787302
2025-08-04 01:00:00,114390.37253065973
2025-08-04 02:00:00,89355.5306062735
2025-08-04 03:00:00,64641.12682876378
2025-08-04 04:00:00,40313.14130458825
2025-08-04 05:00:00,15371.791886270446
2025-08-04 06:00:00,-0.0
2025-08-04 07:00:00,-0.0
2025-08-04 08:00:00,-0.0
2025-08-04 09:00:00,-0.0
2025-08-04 10:00:00,-0.0
2025-08-04 11:00:00,-0.0
2025-08-04 12:00:00,-0.0
2025-08-04 13:00:00,-0.0
2025-08-04 14:00:00,85515.67139130335
2025-08-04 15:00:00,173003.28990001988
2025-08-04 16:00:00,249129.73729580498
2025-08-04 17:00:00,311175.5700932514
2025-08-04 18:00:00,330881.047602154
2025-08-04 19:00:00,305215.903818932
2025-08-04 20:00:00,269823.02086631977
2025-08-04 21:00:00,235423.56369440455
2025-08-04 22:00:00,203293.79684108635
2025-08-04 23:00:00,173634.86718582662
2025-08-05 00:00:00,145583.14018621942
2025-08-05 01:00:00,119028.15945685633
2025-08-05 02:00:00,93442.58001209836
2025-08-05 03:00:00,68315.39606147438
2025-08-05 04:00:00,43379.678028268005
2025-08-05 05:00:00,17806.719511246112
2025-08-05 06:00:00,-0.0
2025-08-05 07:00:00,-0.0
2025-08-05 08:00:00,-0.0
2025-08-05 09:00:00,-0.0
2025-08-05 10:00:00,-0.0
2025-08-05 11:00:00,-0.0
2025-08-05 12:00:00,-0.0
2025-08-05 13:00:00,-0.0
2025-08-05 14:00:00,56501.25948624901
2025-08-05 15:00:00,144438.48960429
2025-08-05 16:00:00,232375.71972233098
2025-08-05 17:00:00,309104.3055651152
2025-08-05 18:00:00,339740.8659783066
2025-08-05 19:00:00,313945.10340428504
2025-08-05 20:00:00,277662.5025429308
2025-08-05 21:00:00,242442.83602022484
2025-08-05 22:00:00,209442.47618219064
2025-08-05 23:00:00,178957.90198822186
2025-08-06 00:00:00,150173.0483620268
2025-08-06 01:00:00,122931.52322807856
2025-08-06 02:00:00,96686.27625981765
2025-08-06 03:00:00,70489.0698516611
2025-08-06 04:00:00,44508.16356012058
2025-08-06 05:00:00,18120.657556333983
2025-08-06 06:00:00,-0.0
2025-08-06 07:00:00,-0.0
2025-08-06 08:00:00,-0.0
2025-08-06 09:00:00,-0.0
2025-08-06 10:00:00,-0.0
2025-08-06 11:00:00,-0.0
2025-08-06 12:00:00,-0.0
2025-08-06 13:00:00,27795.85981083638
2025-08-06 14:00:00,115733.08992887737
2025-08-06 15:00:00,203670.32004691835
2025-08-06 16:00:00,286310.0956923917
2025-08-06 17:00:00,348943.6233812606
2025-08-06 18:00:00,368028.5837142228
2025-08-06 19:00:00,335520.92171901814
2025-08-06 20:00:00,295713.67664723954
2025-08-06 21:00:00,257490.5521245296
2025-08-06 22:00:00,221887.4003620733
2025-08-06 23:00:00,188992.58367548464
2025-08-07 00:00:00,158338.79672386535
2025-08-07 01:00:00,129263.06771748068
2025-08-07 02:00:00,101516.28878810354
2025-08-07 03:00:00,74171.60533124488
2025-08-07 04:00:00,47293.57329315762
2025-08-07 05:00:00,19983.306790900242
2025-08-07 06:00:00,-0.0
2025-08-07 07:00:00,-0.0
2025-08-07 08:00:00,-0.0
2025-08-07 09:00:00,-0.0
2025-08-07 10:00:00,-0.0
2025-08-07 11:00:00,-0.0
2025-08-07 12:00:00,-0.0
2025-08-07 13:00:00,44788.97010355251
2025-08-07 14:00:00,132726.2002215935
2025-08-07 15:00:00,220663.43033963448
2025-08-07 16:00:00,299797.8814416118
2025-08-07 17:00:00,357203.76284854393
2025-08-07 18:00:00,370775.9177324893
2025-08-07 19:00:00,337551.9582779982
2025-08-07 20:00:00,296784.41661844146
2025-08-07 21:00:00,257767.93968766596
2025-08-07 22:00:00,221552.45715244953
2025-08-07 23:00:00,188147.69697155236
2025-08-08 00:00:00,157099.81356670332
2025-08-08 01:00:00,127615.41019154173
2025-08-08 02:00:00,99410.3767583767
2025-08-08 03:00:00,71869.07905482128
2025-08-08 04:00:00,44792.416235115714
2025-08-08 05:00:00,21222.160794898304
2025-08-08 06:00:00,-0.0
2025-08-08 07:00:00,-0.0
2025-08-08 08:00:00,-0.0
2025-08-08 09:00:00,-0.0
2025-08-08 10:00:00,-0.0
2025-08-08 11:00:00,-0.0
2025-08-08 12:00:00,-0.0
2025-08-08 13:00:00,27160.478168420377
2025-08-08 14:00:00,115097.70828646136
2025-08-08 15:00:00,203034.93840450235
2025-08-08 16:00:00,286571.1726248387
2025-08-08 17:00:00,351488.2921401102
2025-08-08 18:00:00,367758.41704006284
2025-08-08 19:00:00,335285.8240503319
2025-08-08 20:00:00,295159.3428903642
2025-08-08 21:00:00,256641.34921419184
2025-08-08 22:00:00,220513.59789370486
2025-08-08 23:00:00,187236.05825336956
2025-08-09 00:00:00,155934.31742627887
2025-08-09 01:00:00,126488.31480200522
2025-08-09 02:00:00,98703.68163183583
2025-08-09 03:00:00,71874.61967374836
2025-08-09 04:00:00,45743.625359900936
2025-08-09 05:00:00,19859.891377645596
2025-08-09 06:00:00,-0.0
2025-08-09 07:00:00,-0.0
2025-08-09 08:00:00,-0.0
2025-08-09 09:00:00,-0.0
2025-08-09 10:00:00,-0.0
2025-08-09 11:00:00,-0.0
2025-08-09 12:00:00,-0.0
2025-08-09 13:00:00,12215.437909803877
2025-08-09 14:00:00,100152.66802784486
2025-08-09 15:00:00,188089.89814588585
2025-08-09 16:00:00,270432.24053718225
2025-08-09 17:00:00,333307.3323998551
2025-08-09 18:00:00,348121.4692176591
2025-08-09 19:00:00,316839.40661546827
2025-08-09 20:00:00,279306.9575609008
2025-08-09 21:00:00,243442.84617734782
2025-08-09 22:00:00,209759.68620640194
2025-08-09 23:00:00,178315.24401763303
2025-08-10 00:00:00,148701.89419717048
2025-08-10 01:00:00,120840.61369662076
2025-08-10 02:00:00,94224.01585001737
2025-08-10 03:00:00,68506.59159037692
2025-08-10 04:00:00,43463.18651112468
2025-08-10 05:00:00,18767.570621033898
2025-08-10 06:00:00,-0.0
2025-08-10 07:00:00,-0.0
2025-08-10 08:00:00,-0.0
2025-08-10 09:00:00,-0.0
2025-08-10 10:00:00,-0.0
2025-08-10 11:00:00,-0.0
2025-08-10 12:00:00,-0.0
2025-08-10 13:00:00,31765.4778275016
2025-08-10 14:00:00,119702.70794554258
2025-08-10 15:00:00,207639.93806358357
2025-08-10 16:00:00,285981.3303478361
2025-08-10 17:00:00,340019.55814318155
2025-08-10 18:00:00,353883.36585025105
2025-08-10 19:00:00,321600.1016696719
2025-08-10 20:00:00,284273.3209222211
2025-08-10 21:00:00,248314.70266247014
2025-08-10 22:00:00,214958.11445223368
2025-08-10 23:00:00,183995.7031814115
2025-08-11 00:00:00,154756.24810720293
2025-08-11 01:00:00,127095.75764539788
2025-08-11 02:00:00,100502.49898379491
2025-08-11 03:00:00,74247.3852254058
2025-08-11 04:00:00,48370.08922425617
2025-08-11 05:00:00,21802.870344370305
2025-08-11 06:00:00,-0.0
2025-08-11 07:00:00,-0.0
2025-08-11 08:00:00,-0.0
2025-08-11 09:00:00,-0.0
2025-08-11 10:00:00,-0.0
2025-08-11 11:00:00,-0.0
2025-08-11 12:00:00,-0.0
2025-08-11 13:00:00,19713.592750025564
2025-08-11 14:00:00,107650.82286806655
2025-08-11 15:00:00,195588.05298610753
2025-08-11 16:00:00,277374.33568907983
2025-08-11 17:00:00,341872.79735923465
2025-08-11 18:00:00,357865.85420692305
2025-08-11 19:00:00,326088.15556495916
2025-08-11 20:00:00,287759.9415092098
2025-08-11 21:00:00,250833.2006501954
2025-08-11 22:00:00,216755.9772253129
2025-08-11 23:00:00,185357.71999071803
2025-08-12 00:00:00,155905.18865133412
2025-08-12 01:00:00,127816.57524784868
2025-08-12 02:00:00,100887.74783137786
2025-08-12 03:00:00,74336.74780678947
2025-08-12 04:00:00,48314.53857537902
2025-08-12 05:00:00,21831.643033486507
2025-08-12 06:00:00,-0.0
2025-08-12 07:00:00,-0.0
2025-08-12 08:00:00,-0.0
2025-08-12 09:00:00,-0.0
2025-08-12 10:00:00,-0.0
2025-08-12 11:00:00,-0.0
2025-08-12 12:00:00,-0.0
2025-08-12 13:00:00,16381.691580965824
2025-08-12 14:00:00,104318.92169900681
2025-08-12 15:00:00,192256.1518170478
2025-08-12 16:00:00,276385.64752347674
2025-08-12 17:00:00,341159.63459214056
2025-08-12 18:00:00,357624.9727032339
2025-08-12 19:00:00,326633.2669920668
2025-08-12 20:00:00,289007.5707883738
2025-08-12 21:00:00,252629.81336509256
2025-08-12 22:00:00,218651.56183137195
2025-08-12 23:00:00,187191.69694987717
2025-08-13 00:00:00,157460.16107593355
2025-08-13 01:00:00,129263.05346270805
2025-08-13 02:00:00,102122.04372014062
2025-08-13 03:00:00,75526.7738162147
2025-08-13 04:00:00,49219.11759491682
2025-08-13 05:00:00,22388.213915779135
2025-08-13 06:00:00,-0.0
2025-08-13 07:00:00,-0.0
2025-08-13 08:00:00,-0.0
2025-08-13 09:00:00,-0.0
2025-08-13 10:00:00,-0.0
2025-08-13 11:00:00,-0.0
2025-08-13 12:00:00,-0.0
2025-08-13 13:00:00,-0.0
2025-08-13 14:00:00,85808.62333766522
2025-08-13 15:00:00,173745.8534557062
2025-08-13 16:00:00,260658.4406636196
2025-08-13 17:00:00,330219.7575813993
2025-08-13 18:00:00,350581.47000842326
2025-08-13 19:00:00,320596.601869917
2025-08-13 20:00:00,283885.248012364
2025-08-13 21:00:00,248376.38997910466
2025-08-13 22:00:00,215239.5103949485
2025-08-13 23:00:00,184669.02680881726
2025-08-14 00:00:00,155410.11765647965
2025-08-14 01:00:00,127548.8193946517
2025-08-14 02:00:00,100859.0767808297
2025-08-14 03:00:00,74826.07472907721
2025-08-14 04:00:00,48842.64097552179
2025-08-14 05:00:00,22165.21156821218
2025-08-14 06:00:00,-0.0
2025-08-14 07:00:00,-0.0
2025-08-14 08:00:00,-0.0
2025-08-14 09:00:00,-0.0
2025-08-14 10:00:00,-0.0
2025-08-14 11:00:00,-0.0
2025-08-14 12:00:00,-0.0
2025-08-14 13:00:00,-0.0
2025-08-14 14:00:00,74376.70323755345
2025-08-14 15:00:00,162313.93335559443
2025-08-14 16:00:00,250251.16347363542
2025-08-14 17:00:00,324780.58777368785
2025-08-14 18:00:00,346447.6714637985
2025-08-14 19:00:00,316369.9655150282
2025-08-14 20:00:00,280382.3771605612
2025-08-14 21:00:00,245515.4121734336
2025-08-14 22:00:00,212987.03706879017
2025-08-14 23:00:00,182762.35787825042
2025-08-15 00:00:00,153991.94622234005
2025-08-15 01:00:00,126484.533983055
2025-08-15 02:00:00,99830.86382256955
2025-08-15 03:00:00,73847.81751127304
2025-08-15 04:00:00,48313.137823352416
2025-08-15 05:00:00,21985.316760911737
2025-08-15 06:00:00,-0.0
2025-08-15 07:00:00,-0.0
2025-08-15 08:00:00,-0.0
2025-08-15 09:00:00,-0.0
2025-08-15 10:00:00,-0.0
2025-08-15 11:00:00,-0.0
2025-08-15 12:00:00,-0.0
2025-08-15 13:00:00,-0.0
2025-08-15 14:00:00,64546.61456412435
2025-08-15 15:00:00,152483.84468216533
2025-08-15 16:00:00,240421.07480020632
2025-08-15 17:00:00,312848.9104665834
2025-08-15 18:00:00,333938.85062527074
2025-08-15 19:00:00,305758.9221056769
2025-08-15 20:00:00,271203.6709476987
2025-08-15 21:00:00,237356.68307410146
2025-08-15 22:00:00,205477.74837255516
2025-08-15 23:00:00,175473.7504772698
2025-08-16 00:00:00,147003.5180271968
2025-08-16 01:00:00,119750.41738746851
2025-08-16 02:00:00,93772.09173058766
2025-08-16 03:00:00,68648.3645225949
2025-08-16 04:00:00,43869.38304447012
2025-08-16 05:00:00,19046.921809440177
2025-08-16 06:00:00,-0.0
2025-08-16 07:00:00,-0.0
2025-08-16 08:00:00,-0.0
2025-08-16 09:00:00,-0.0
2025-08-16 10:00:00,-0.0
2025-08-16 11:00:00,-0.0
2025-08-16 12:00:00,-0.0
2025-08-16 13:00:00,-0.0
2025-08-16 14:00:00,40202.251748681476
2025-08-16 15:00:00,128139.48186672246
2025-08-16 16:00:00,216076.71198476345
2025-08-16 17:00:00,293972.3494553131
2025-08-16 18:00:00,318075.1137381785
2025-08-16 19:00:00,290868.0712745498
2025-08-16 20:00:00,257909.71458665212
2025-08-16 21:00:00,226007.40029945452
2025-08-16 22:00:00,195584.2443713281
2025-08-16 23:00:00,167009.53790004732
2025-08-17 00:00:00,139794.74275286295
2025-08-17 01:00:00,113877.85179196522
2025-08-17 02:00:00,88912.69042075815
2025-08-17 03:00:00,64555.486388090954
2025-08-17 04:00:00,40720.17233811598
2025-08-17 05:00:00,17148.29792338448
2025-08-17 06:00:00,-0.0
2025-08-17 07:00:00,-0.0
2025-08-17 08:00:00,-0.0
2025-08-17 09:00:00,-0.0
2025-08-17 10:00:00,-0.0
2025-08-17 11:00:00,-0.0
2025-08-17 12:00:00,-0.0
2025-08-17 13:00:00,-0.0
2025-08-17 14:00:00,43625.93442509393
2025-08-17 15:00:00,131563.16454313492
2025-08-17 16:00:00,219500.3946611759
2025-08-17 17:00:00,297675.153734048
2025-08-17 18:00:00,321127.08611964283
2025-08-17 19:00:00,293601.4835784885
2025-08-17 20:00:00,260364.70110706866
2025-08-17 21:00:00,228049.9938807509
2025-08-17 22:00:00,197716.84693473208
2025-08-17 23:00:00,169595.29188172062
2025-08-18 00:00:00,142919.30034797644
2025-08-18 01:00:00,117154.853642498
2025-08-18 02:00:00,92294.2911434371
2025-08-18 03:00:00,68177.88187702058
2025-08-18 04:00:00,44292.981810198195
2025-08-18 05:00:00,19710.90503054119
2025-08-18 06:00:00,-0.0
2025-08-18 07:00:00,-0.0
2025-08-18 08:00:00,-0.0
2025-08-18 09:00:00,-0.0
2025-08-18 10:00:00,-0.0
2025-08-18 11:00:00,-0.0
2025-08-18 12:00:00,-0.0
2025-08-18 13:00:00,-0.0
2025-08-18 14:00:00,77410.59173413788
2025-08-18 15:00:00,165347.82185217887
2025-08-18 16:00:00,253285.05197021985
2025-08-18 17:00:00,325400.9662813901
2025-08-18 18:00:00,343693.13791279914
2025-08-18 19:00:00,312534.0062648906
2025-08-18 20:00:00,276729.4562134662
2025-08-18 21:00:00,242441.0142520183
2025-08-18 22:00:00,210384.27427199107
2025-08-18 23:00:00,180745.51153654463
2025-08-19 00:00:00,152828.32239821387
2025-08-19 01:00:00,126031.26396394394
2025-08-19 02:00:00,100047.79038360958
2025-08-19 03:00:00,74285.81564744365
2025-08-19 04:00:00,48892.58869541051
2025-08-19 05:00:00,23146.421492744186
2025-08-19 06:00:00,-0.0
2025-08-19 07:00:00,-0.0
2025-08-19 08:00:00,-0.0
2025-08-19 09:00:00,-0.0
2025-08-19 10:00:00,-0.0
2025-08-19 11:00:00,-0.0
2025-08-19 12:00:00,-0.0
2025-08-19 13:00:00,26177.675866716774
2025-08-19 14:00:00,114114.90598475776
2025-08-19 15:00:00,202052.13610279874
2025-08-19 16:00:00,284308.600049544
2025-08-19 17:00:00,347969.6150378604
2025-08-19 18:00:00,361546.79460539995
2025-08-19 19:00:00,327993.15194430534
2025-08-19 20:00:00,290345.5363592165
2025-08-19 21:00:00,254045.53986326643
2025-08-19 22:00:00,220293.10235667185
2025-08-19 23:00:00,189288.35835891904
2025-08-20 00:00:00,159689.02159321072
2025-08-20 01:00:00,131410.3761230852
2025-08-20 02:00:00,104171.82527106475
2025-08-20 03:00:00,77137.28317603318
2025-08-20 04:00:00,50599.8129056759
2025-08-20 05:00:00,23789.067802154863
2025-08-20 06:00:00,-0.0
2025-08-20 07:00:00,-0.0
2025-08-20 08:00:00,-0.0
2025-08-20 09:00:00,-0.0
2025-08-20 10:00:00,-0.0
2025-08-20 11:00:00,-0.0
2025-08-20 12:00:00,-0.0
2025-08-20 13:00:00,43098.045304919535
2025-08-20 14:00:00,131035.27542296052
2025-08-20 15:00:00,218972.5055410015
2025-08-20 16:00:00,301977.42560325604
2025-08-20 17:00:00,362925.5735951016
2025-08-20 18:00:00,370775.9177324893
2025-08-20 19:00:00,334413.97602003824
2025-08-20 20:00:00,293958.80661430996
2025-08-20 21:00:00,255429.38053701672
2025-08-20 22:00:00,220018.50027267842
2025-08-20 23:00:00,187140.59510021989
2025-08-21 00:00:00,156195.7990968261
2025-08-21 01:00:00,126628.57151556593
2025-08-21 02:00:00,98028.02707069558
2025-08-21 03:00:00,79669.37824396639
2025-08-21 04:00:00,52700.223911317604
2025-08-21 05:00:00,25074.82524892391
2025-08-21 06:00:00,-0.0
2025-08-21 07:00:00,-0.0
2025-08-21 08:00:00,-0.0
2025-08-21 09:00:00,-0.0
2025-08-21 10:00:00,-0.0
2025-08-21 11:00:00,-0.0
2025-08-21 12:00:00,22089.83242993882
2025-08-21 13:00:00,109155.22129913223
2025-08-21 14:00:00,195020.89060442412
2025-08-21 15:00:00,269562.8383921464
2025-08-21 16:00:00,330355.04139749764
2025-08-21 17:00:00,370775.9177324893
2025-08-21 18:00:00,365096.61795095965
2025-08-21 19:00:00,324138.4324316941
2025-08-21 20:00:00,280940.289370626
2025-08-21 21:00:00,239943.1110091946
2025-08-21 22:00:00,216164.06812861716
2025-08-21 23:00:00,181233.99283281
2025-08-22 00:00:00,148482.7080784406
2025-08-22 01:00:00,117249.01496118148
2025-08-22 02:00:00,86759.20019048204
2025-08-22 03:00:00,57530.214152380795
2025-08-22 04:00:00,28915.988475678532
2025-08-22 05:00:00,-0.0
2025-08-22 06:00:00,-0.0
2025-08-22 07:00:00,-0.0
2025-08-22 08:00:00,-0.0
2025-08-22 09:00:00,-0.0
2025-08-22 10:00:00,-0.0
2025-08-22 11:00:00,-0.0
2025-08-22 12:00:00,53713.62620170927
2025-08-22 13:00:00,134322.3119308638
2025-08-22 14:00:00,208610.3284178657
2025-08-22 15:00:00,274661.55149923
2025-08-22 16:00:00,335734.6590405182
2025-08-22 17:00:00,370775.9177324893
2025-08-22 18:00:00,360184.36008932826
2025-08-22 19:00:00,319288.30506990734
2025-08-22 20:00:00,277491.96087107784
2025-08-22 21:00:00,241083.7629642776
2025-08-22 22:00:00,203376.3312222936
2025-08-22 23:00:00,203376.3312222936
2025-08-23 00:00:00,170525.1395664028
2025-08-23 01:00:00,139467.03550306853
2025-08-23 02:00:00,110281.94521119141
2025-08-23 03:00:00,81842.75723679602
2025-08-23 04:00:00,53984.66873633547
2025-08-23 05:00:00,25854.433816168224
2025-08-23 06:00:00,-0.0
2025-08-23 07:00:00,-0.0
2025-08-23 08:00:00,-0.0
2025-08-23 09:00:00,-0.0
2025-08-23 10:00:00,23915.083995883222
2025-08-23 11:00:00,85473.65566079947
2025-08-23 12:00:00,144161.575815159
2025-08-23 13:00:00,205488.08179015823
2025-08-23 14:00:00,253653.46004605017
2025-08-23 15:00:00,296237.0242214478
2025-08-23 16:00:00,341898.1361399033
2025-08-23 17:00:00,370775.9177324893
2025-08-23 18:00:00,360110.89716647303
2025-08-23 19:00:00,323089.6160830761
2025-08-23 20:00:00,295655.41668560344
2025-08-23 21:00:00,258659.3025692029
2025-08-23 22:00:00,223922.77539652222
2025-08-23 23:00:00,191367.09207684445
2025-08-24 00:00:00,160584.54551045064
2025-08-24 01:00:00,131356.8710673789
2025-08-24 02:00:00,103530.19440273462
2025-08-24 03:00:00,76477.73320863707
2025-08-24 04:00:00,49667.00961809095
2025-08-24 05:00:00,23074.0443039802
2025-08-24 06:00:00,-0.0
2025-08-24 07:00:00,-0.0
2025-08-24 08:00:00,-0.0
2025-08-24 09:00:00,-0.0
2025-08-24 10:00:00,-0.0
2025-08-24 11:00:00,-0.0
2025-08-24 12:00:00,33330.454901442965
2025-08-24 13:00:00,121267.68501948395
2025-08-24 14:00:00,203748.46393561433
2025-08-24 15:00:00,277589.2108558122
2025-08-24 16:00:00,337574.24739413004
2025-08-24 17:00:00,370775.9177324893
2025-08-24 18:00:00,362665.7995401735
2025-08-24 19:00:00,324894.5955550606
2025-08-24 20:00:00,285973.5342125914
2025-08-24 21:00:00,248814.25941409808
2025-08-24 22:00:00,214148.78334787043
2025-08-24 23:00:00,182136.53311809676
2025-08-25 00:00:00,151577.87995684298
2025-08-25 01:00:00,122211.01158754597
2025-08-25 02:00:00,93418.22125685168
2025-08-25 03:00:00,84804.44363077333
2025-08-25 04:00:00,56689.3797988181
2025-08-25 05:00:00,28136.521049577543
2025-08-25 06:00:00,-0.0
2025-08-25 07:00:00,-0.0
2025-08-25 08:00:00,-0.0
2025-08-25 09:00:00,-0.0
2025-08-25 10:00:00,-0.0
2025-08-25 11:00:00,68382.49013830595
2025-08-25 12:00:00,149126.16993982153
2025-08-25 13:00:00,225532.9779405228
2025-08-25 14:00:00,291048.98468623287
2025-08-25 15:00:00,331396.39452720305
2025-08-25 16:00:00,358799.10280762747
2025-08-25 17:00:00,370775.9177324893
2025-08-25 18:00:00,354740.0210287909
2025-08-25 19:00:00,315163.22737034736
2025-08-25 20:00:00,275134.7793993175
2025-08-25 21:00:00,236736.38716994325
2025-08-25 22:00:00,201377.16706568695
2025-08-25 23:00:00,168529.13099818496
2025-08-26 00:00:00,137552.15596089992
2025-08-26 01:00:00,108100.55481495851
2025-08-26 02:00:00,108100.55481495851
2025-08-26 03:00:00,79880.71765221495
2025-08-26 04:00:00,52037.02120232393
2025-08-26 05:00:00,24036.05868133564
2025-08-26 06:00:00,-0.0
2025-08-26 07:00:00,-0.0
2025-08-26 08:00:00,-0.0
2025-08-26 09:00:00,-0.0
2025-08-26 10:00:00,-0.0
2025-08-26 11:00:00,-0.0
2025-08-26 12:00:00,10883.858564522525
2025-08-26 13:00:00,92008.99262013659
2025-08-26 14:00:00,170959.12648263428
2025-08-26 15:00:00,247910.03782706865
2025-08-26 16:00:00,317516.3623389853
2025-08-26 17:00:00,370684.09060676687
2025-08-26 18:00:00,370775.9177324893
2025-08-26 19:00:00,333752.180803151
2025-08-26 20:00:00,295163.6626441112
2025-08-26 21:00:00,257913.75267666666
2025-08-26 22:00:00,223355.14927617303
2025-08-26 23:00:00,191355.11235406884
2025-08-27 00:00:00,161070.6449948995
2025-08-27 01:00:00,132202.09055710258
2025-08-27 02:00:00,104640.93399122849
2025-08-27 03:00:00,78883.1256927378
2025-08-27 04:00:00,52623.73023358686
2025-08-27 05:00:00,25501.25517650799
2025-08-27 06:00:00,-0.0
2025-08-27 07:00:00,-0.0
2025-08-27 08:00:00,-0.0
2025-08-27 09:00:00,-0.0
2025-08-27 10:00:00,-0.0
2025-08-27 11:00:00,-0.0
2025-08-27 12:00:00,15186.572691197682
2025-08-27 13:00:00,103123.80280923867
2025-08-27 14:00:00,190124.75859542392
2025-08-27 15:00:00,267721.4947962091
2025-08-27 16:00:00,330269.1014365645
2025-08-27 17:00:00,370775.9177324893
2025-08-27 18:00:00,367844.99782468507
2025-08-27 19:00:00,332677.74684730516
2025-08-27 20:00:00,294338.55613029585
2025-08-27 21:00:00,257600.35351977174
2025-08-27 22:00:00,240921.49433445558
2025-08-27 23:00:00,209158.4733811811
2025-08-28 00:00:00,178981.76139012034
2025-08-28 01:00:00,150043.88299241144
2025-08-28 02:00:00,121565.72890820043
2025-08-28 03:00:00,93747.00059050776
2025-08-28 04:00:00,66273.2193459557
2025-08-28 05:00:00,38563.5897540576
2025-08-28 06:00:00,9881.415340673493
2025-08-28 07:00:00,-0.0
2025-08-28 08:00:00,-0.0
2025-08-28 09:00:00,-0.0
2025-08-28 10:00:00,16116.172736548273
2025-08-28 11:00:00,77218.66974744892
2025-08-28 12:00:00,140523.63663212667
2025-08-28 13:00:00,199779.00393223987
2025-08-28 14:00:00,252160.96603950617
2025-08-28 15:00:00,299030.61955191765
2025-08-28 16:00:00,336706.5697676045
2025-08-28 17:00:00,367582.5003411198
2025-08-28 18:00:00,361113.9361873898
2025-08-28 19:00:00,327182.7225410398
2025-08-28 20:00:00,290477.7611017905
2025-08-28 21:00:00,254719.77266907564
2025-08-28 22:00:00,221391.64128005187
2025-08-28 23:00:00,190550.14387609728
2025-08-29 00:00:00,161102.15173434833
2025-08-29 01:00:00,132915.89514276639
2025-08-29 02:00:00,105716.45692241938
2025-08-29 03:00:00,78781.08928654961
2025-08-29 04:00:00,52260.466677611956
2025-08-29 05:00:00,25302.03937257234
2025-08-29 06:00:00,-0.0
2025-08-29 07:00:00,-0.0
2025-08-29 08:00:00,-0.0
2025-08-29 09:00:00,-0.0
2025-08-29 10:00:00,-0.0
2025-08-29 11:00:00,-0.0
2025-08-29 12:00:00,-0.0
2025-08-29 13:00:00,36531.93992453968
2025-08-29 14:00:00,124469.17004258066
2025-08-29 15:00:00,212406.40016062165
2025-08-29 16:00:00,300130.56007844454
2025-08-29 17:00:00,360821.0690495324
2025-08-29 18:00:00,361498.5718263985
2025-08-29 19:00:00,324492.08173706033
2025-08-29 20:00:00,286885.41952804837
2025-08-29 21:00:00,250765.6581277845
2025-08-29 22:00:00,216774.4620349837
2025-08-29 23:00:00,184953.44717255858
2025-08-30 00:00:00,154709.6130437615
2025-08-30 01:00:00,126094.22388619404
2025-08-30 02:00:00,99066.72421091807
2025-08-30 03:00:00,73052.98509301283
2025-08-30 04:00:00,47653.566051362344
2025-08-30 05:00:00,22493.341428403863
2025-08-30 06:00:00,-0.0
2025-08-30 07:00:00,-0.0
2025-08-30 08:00:00,-0.0
2025-08-30 09:00:00,-0.0
2025-08-30 10:00:00,-0.0
2025-08-30 11:00:00,-0.0
2025-08-30 12:00:00,-0.0
2025-08-30 13:00:00,39336.36722780741
2025-08-30 14:00:00,127273.5973458484
2025-08-30 15:00:00,215210.82746388938
2025-08-30 16:00:00,301732.1950124532
2025-08-30 17:00:00,363166.50795980706
2025-08-30 18:00:00,361910.65328321344
2025-08-30 19:00:00,324654.9027753723
2025-08-30 20:00:00,286280.05821364006
2025-08-30 21:00:00,249618.61104526365
2025-08-30 22:00:00,215173.220589723
2025-08-30 23:00:00,183192.50044597642
2025-08-31 00:00:00,152822.39713836458
2025-08-31 01:00:00,124463.43853407018
2025-08-31 02:00:00,97415.14353748884
2025-08-31 03:00:00,71614.32104562211
2025-08-31 04:00:00,46730.324082135034
2025-08-31 05:00:00,22130.891410551303
2025-08-31 06:00:00,-0.0
2025-08-31 07:00:00,-0.0
2025-08-31 08:00:00,-0.0
2025-08-31 09:00:00,-0.0
2025-08-31 10:00:00,-0.0
2025-08-31 11:00:00,-0.0
2025-08-31 12:00:00,-0.0
2025-08-31 13:00:00,54852.087022167805
2025-08-31 14:00:00,142789.3171402088
2025-08-31 15:00:00,230726.54725824978
2025-08-31 16:00:00,311823.8484198356
2025-08-31 17:00:00,369458.5194960072
2025-08-31 18:00:00,365930.1377641188
2025-08-31 19:00:00,327990.408130762
2025-08-31 20:00:00,289273.67658981704
2025-08-31 21:00:00,252411.01579578468
2025-08-31 22:00:00,217650.5343160695
2025-08-31 23:00:00,185603.33114038844
2025-09-01 00:00:00,155496.31553286882
2025-09-01 01:00:00,127105.25656266457
2025-09-01 02:00:00,100052.59136687299
2025-09-01 03:00:00,74168.4543988661
2025-09-01 04:00:00,48916.06374201657
2025-09-01 05:00:00,23597.89190705602
2025-09-01 06:00:00,-0.0
2025-09-01 07:00:00,-0.0
2025-09-01 08:00:00,-0.0
2025-09-01 09:00:00,-0.0
2025-09-01 10:00:00,-0.0
2025-09-01 11:00:00,-0.0
2025-09-01 12:00:00,-0.0
2025-09-01 13:00:00,73181.18810190432
2025-09-01 14:00:00,161118.4182199453
2025-09-01 15:00:00,249055.6483379863
2025-09-01 16:00:00,326230.64838370925
2025-09-01 17:00:00,370775.9177324893
2025-09-01 18:00:00,358867.8942336083
2025-09-01 19:00:00,318271.60762972385
2025-09-01 20:00:00,277354.8141995383
2025-09-01 21:00:00,238377.12145055548
2025-09-01 22:00:00,223017.03316372406
2025-09-01 23:00:00,189659.90759291526
2025-09-02 00:00:00,158246.33291816307
2025-09-02 01:00:00,127742.99054092733
2025-09-02 02:00:00,97857.6134848949
2025-09-02 03:00:00,68358.0648109497
2025-09-02 04:00:00,39152.46390289543
2025-09-02 05:00:00,10306.16982326374
2025-09-02 06:00:00,10306.16982326374
2025-09-02 07:00:00,-0.0
2025-09-02 08:00:00,-0.0
2025-09-02 09:00:00,20112.45472612469
2025-09-02 10:00:00,58421.401474713566
2025-09-02 11:00:00,106964.60987832931
2025-09-02 12:00:00,156700.88164414122
2025-09-02 13:00:00,202695.0775306306
2025-09-02 14:00:00,254369.3266257391
2025-09-02 15:00:00,305689.792910525
2025-09-02 16:00:00,346801.7458065508
2025-09-02 17:00:00,370775.9177324893
2025-09-02 18:00:00,348811.81580815424
2025-09-02 19:00:00,307441.89265564707
2025-09-02 20:00:00,265982.91518569086
2025-09-02 21:00:00,245266.11948469834
2025-09-02 22:00:00,208615.9922299561
2025-09-02 23:00:00,174709.63719334907
2025-09-03 00:00:00,142878.28589754732
2025-09-03 01:00:00,112827.46424549162
2025-09-03 02:00:00,112827.46424549162
2025-09-03 03:00:00,84346.81889996627
2025-09-03 04:00:00,56216.39905823419
2025-09-03 05:00:00,28015.755217474296
2025-09-03 06:00:00,-0.0
2025-09-03 07:00:00,-0.0
2025-09-03 08:00:00,-0.0
2025-09-03 09:00:00,-0.0
2025-09-03 10:00:00,-0.0
2025-09-03 11:00:00,-0.0
2025-09-03 12:00:00,-0.0
2025-09-03 13:00:00,80232.21556641773
2025-09-03 14:00:00,168169.4456844587
2025-09-03 15:00:00,256106.6758024997
2025-09-03 16:00:00,328210.71036203403
2025-09-03 17:00:00,370775.9177324893
2025-09-03 18:00:00,355548.25799096626
2025-09-03 19:00:00,314430.86127732304
2025-09-03 20:00:00,273035.42850044183
2025-09-03 21:00:00,272279.20978564606
2025-09-03 22:00:00,235792.15698611748
2025-09-03 23:00:00,202219.43579618027
2025-09-04 00:00:00,170771.39257742907
2025-09-04 01:00:00,140793.58617623983
2025-09-04 02:00:00,111897.69985007372
2025-09-04 03:00:00,83775.42678399995
2025-09-04 04:00:00,55824.71599622754
2025-09-04 05:00:00,27857.017504515246
2025-09-04 06:00:00,-0.0
2025-09-04 07:00:00,-0.0
2025-09-04 08:00:00,-0.0
2025-09-04 09:00:00,-0.0
2025-09-04 10:00:00,-0.0
2025-09-04 11:00:00,-0.0
2025-09-04 12:00:00,32725.287315987356
2025-09-04 13:00:00,119222.29764578625
2025-09-04 14:00:00,203167.90849309333
2025-09-04 15:00:00,275897.86212352384
2025-09-04 16:00:00,335594.0707251153
2025-09-04 17:00:00,370775.9177324893
2025-09-04 18:00:00,355600.6111084846
2025-09-04 19:00:00,315788.0795935787
2025-09-04 20:00:00,276706.19380072283
2025-09-04 21:00:00,239408.09701783225
2025-09-04 22:00:00,204755.5777508075
2025-09-04 23:00:00,172398.85831759003
2025-09-05 00:00:00,142013.79663237298
2025-09-05 01:00:00,113250.12433512227
2025-09-05 02:00:00,85326.83033910677
2025-09-05 03:00:00,80302.25293178848
2025-09-05 04:00:00,53981.90712994345
2025-09-05 05:00:00,26920.994173264677
2025-09-05 06:00:00,-0.0
2025-09-05 07:00:00,-0.0
2025-09-05 08:00:00,-0.0
2025-09-05 09:00:00,-0.0
2025-09-05 10:00:00,-0.0
2025-09-05 11:00:00,-0.0
2025-09-05 12:00:00,-0.0
2025-09-05 13:00:00,48866.97770281811
2025-09-05 14:00:00,136804.2078208591
2025-09-05 15:00:00,224741.43793890008
2025-09-05 16:00:00,309846.13602410286
2025-09-05 17:00:00,363774.3421159017
2025-09-05 18:00:00,355111.99914224853
2025-09-05 19:00:00,318268.79518387705
2025-09-05 20:00:00,281910.43378230545
2025-09-05 21:00:00,246957.73815127692
2025-09-05 22:00:00,214071.72598882942
2025-09-05 23:00:00,183366.03099887827
2025-09-06 00:00:00,154158.66202659914
2025-09-06 01:00:00,126530.18466448964
2025-09-06 02:00:00,99880.22783700704
2025-09-06 03:00:00,74092.4576113976
2025-09-06 04:00:00,48923.4134108022
2025-09-06 05:00:00,23670.177093444403
2025-09-06 06:00:00,-0.0
2025-09-06 07:00:00,-0.0
2025-09-06 08:00:00,-0.0
2025-09-06 09:00:00,-0.0
2025-09-06 10:00:00,-0.0
2025-09-06 11:00:00,-0.0
2025-09-06 12:00:00,-0.0
2025-09-06 13:00:00,26360.684098158905
2025-09-06 14:00:00,114297.91421619989
2025-09-06 15:00:00,202235.14433424087
2025-09-06 16:00:00,290172.37445228186
2025-09-06 17:00:00,348082.5245730387
2025-09-06 18:00:00,341995.34139091196
2025-09-06 19:00:00,306529.0877039066
2025-09-06 20:00:00,271438.22477377055
2025-09-06 21:00:00,237776.88393998297
2025-09-06 22:00:00,206032.84450882132
2025-09-06 23:00:00,176383.16725425003
2025-09-07 00:00:00,148056.5092733246
2025-09-07 01:00:00,121099.99438310637
2025-09-07 02:00:00,95313.89507022752
2025-09-07 03:00:00,70381.15647916554
2025-09-07 04:00:00,46018.14015921582
2025-09-07 05:00:00,22142.241909983717
2025-09-07 06:00:00,-0.0
2025-09-07 07:00:00,-0.0
2025-09-07 08:00:00,-0.0
2025-09-07 09:00:00,-0.0
2025-09-07 10:00:00,-0.0
2025-09-07 11:00:00,-0.0
2025-09-07 12:00:00,-0.0
2025-09-07 13:00:00,46189.83954600038
2025-09-07 14:00:00,134127.06966404137
2025-09-07 15:00:00,222064.29978208235
2025-09-07 16:00:00,306038.6588999535
2025-09-07 17:00:00,361836.85524154385
2025-09-07 18:00:00,352803.7555989584
2025-09-07 19:00:00,316381.5667647804
2025-09-07 20:00:00,280590.3073204805
2025-09-07 21:00:00,246343.07266191277
2025-09-07 22:00:00,214319.56170580193
2025-09-07 23:00:00,184747.57716612448
2025-09-08 00:00:00,156645.95238282354
2025-09-08 01:00:00,129479.65757404982
2025-09-08 02:00:00,102866.6308696884
2025-09-08 03:00:00,76959.76351099768
2025-09-08 04:00:00,51600.832230730724
2025-09-08 05:00:00,25729.190888002002
2025-09-08 06:00:00,-0.0
2025-09-08 07:00:00,-0.0
2025-09-08 08:00:00,-0.0
2025-09-08 09:00:00,-0.0
2025-09-08 10:00:00,-0.0
2025-09-08 11:00:00,-0.0
2025-09-08 12:00:00,-0.0
2025-09-08 13:00:00,40355.67271367769
2025-09-08 14:00:00,128292.90283171867
2025-09-08 15:00:00,216230.13294975966
2025-09-08 16:00:00,304167.36306780064
2025-09-08 17:00:00,366376.45442185283
2025-09-08 18:00:00,358565.30356746644
2025-09-08 19:00:00,321725.8252138804
2025-09-08 20:00:00,285367.8463869322
2025-09-08 21:00:00,250272.04381149024
2025-09-08 22:00:00,217440.20953127765
2025-09-08 23:00:00,187152.0625669048
2025-09-09 00:00:00,158343.43174336015
2025-09-09 01:00:00,130786.33622083731
2025-09-09 02:00:00,104023.1426881016
2025-09-09 03:00:00,78006.49301827067
2025-09-09 04:00:00,52343.64661839268
2025-09-09 05:00:00,26123.967785514626
2025-09-09 06:00:00,-0.0
2025-09-09 07:00:00,-0.0
2025-09-09 08:00:00,-0.0
2025-09-09 09:00:00,-0.0
2025-09-09 10:00:00,-0.0
2025-09-09 11:00:00,-0.0
2025-09-09 12:00:00,-0.0
2025-09-09 13:00:00,29927.80184192641
2025-09-09 14:00:00,117865.0319599674
2025-09-09 15:00:00,205802.26207800838
2025-09-09 16:00:00,293739.49219604937
2025-09-09 17:00:00,353972.15780386364
2025-09-09 18:00:00,346157.2323981284
2025-09-09 19:00:00,312144.42046704853
2025-09-09 20:00:00,278132.56734887935
2025-09-09 21:00:00,245213.82711894746
2025-09-09 22:00:00,214163.2423268122
2025-09-09 23:00:00,185049.19540645697
2025-09-10 00:00:00,157028.91446799727
2025-09-10 01:00:00,130245.16279215924
2025-09-10 02:00:00,104064.90165439277
2025-09-10 03:00:00,78280.28288407526
2025-09-10 04:00:00,52708.25687196742
2025-09-10 05:00:00,26313.19325647349
2025-09-10 06:00:00,-0.0
2025-09-10 07:00:00,-0.0
2025-09-10 08:00:00,-0.0
2025-09-10 09:00:00,-0.0
2025-09-10 10:00:00,-0.0
2025-09-10 11:00:00,-0.0
2025-09-10 12:00:00,-0.0
2025-09-10 13:00:00,29313.98202794057
2025-09-10 14:00:00,117251.21214598155
2025-09-10 15:00:00,205188.44226402254
2025-09-10 16:00:00,293125.6723820635
2025-09-10 17:00:00,348691.7074870114
2025-09-10 18:00:00,337335.2846908885
2025-09-10 19:00:00,304293.4935800046
2025-09-10 20:00:00,271266.39113666466
2025-09-10 21:00:00,239296.45200595062
2025-09-10 22:00:00,208956.69244219846
2025-09-10 23:00:00,180564.85697049837
2025-09-11 00:00:00,153213.93361249234
2025-09-11 01:00:00,126847.85909805713
2025-09-11 02:00:00,101204.07428283776
2025-09-11 03:00:00,75784.83298328661
2025-09-11 04:00:00,51009.69558464285
2025-09-11 05:00:00,25425.824398257035
2025-09-11 06:00:00,-0.0
2025-09-11 07:00:00,-0.0
2025-09-11 08:00:00,-0.0
2025-09-11 09:00:00,-0.0
2025-09-11 10:00:00,-0.0
2025-09-11 11:00:00,-0.0
2025-09-11 12:00:00,-0.0
2025-09-11 13:00:00,27449.355437019112
2025-09-11 14:00:00,115386.5855550601
2025-09-11 15:00:00,203323.81567310108
2025-09-11 16:00:00,290911.61067667324
2025-09-11 17:00:00,346554.2314530979
2025-09-11 18:00:00,335580.11503861495
2025-09-11 19:00:00,302818.4322131263
2025-09-11 20:00:00,269975.669497659
2025-09-11 21:00:00,238066.79165591148
2025-09-11 22:00:00,207730.42627018125
2025-09-11 23:00:00,179436.66091965983
2025-09-12 00:00:00,151885.6180345259
2025-09-12 01:00:00,125651.30094246427
2025-09-12 02:00:00,100554.64397493296
2025-09-12 03:00:00,75642.37321970187
2025-09-12 04:00:00,50887.281098590734
2025-09-12 05:00:00,25527.952102878822
2025-09-12 06:00:00,-0.0
2025-09-12 07:00:00,-0.0
2025-09-12 08:00:00,-0.0
2025-09-12 09:00:00,-0.0
2025-09-12 10:00:00,-0.0
2025-09-12 11:00:00,-0.0
2025-09-12 12:00:00,-0.0
2025-09-12 13:00:00,18228.69957410614
2025-09-12 14:00:00,106165.92969214713
2025-09-12 15:00:00,194103.1598101881
2025-09-12 16:00:00,282040.3899282291
2025-09-12 17:00:00,338427.91807050566
2025-09-12 18:00:00,327483.4109063333
2025-09-12 19:00:00,294934.7503414947
2025-09-12 20:00:00,262712.92990026943
2025-09-12 21:00:00,231474.64571639203
2025-09-12 22:00:00,201604.5930919092
2025-09-12 23:00:00,173461.37997129792
2025-09-13 00:00:00,146236.09002777797
2025-09-13 01:00:00,120333.1386239771
2025-09-13 02:00:00,95325.92824117473
2025-09-13 03:00:00,70972.84604348452
2025-09-13 04:00:00,47033.00386151463
2025-09-13 05:00:00,23048.124176420366
2025-09-13 06:00:00,-0.0
2025-09-13 07:00:00,-0.0
2025-09-13 08:00:00,-0.0
2025-09-13 09:00:00,-0.0
2025-09-13 10:00:00,-0.0
2025-09-13 11:00:00,-0.0
2025-09-13 12:00:00,-0.0
2025-09-13 13:00:00,2061.2608032673597
2025-09-13 14:00:00,89998.49092130834
2025-09-13 15:00:00,177935.72103934933
2025-09-13 16:00:00,265872.9511573903
2025-09-13 17:00:00,323871.3845978964
2025-09-13 18:00:00,314012.8075040338
2025-09-13 19:00:00,283339.7601977336
2025-09-13 20:00:00,252411.0675715484
2025-09-13 21:00:00,222355.28158856477
2025-09-13 22:00:00,193523.76255138277
2025-09-13 23:00:00,166231.55636286255
2025-09-14 00:00:00,139935.10612465919
2025-09-14 01:00:00,115043.85116262373
2025-09-14 02:00:00,91101.224548794
2025-09-14 03:00:00,67739.86143473617
2025-09-14 04:00:00,44830.50114172639
2025-09-14 05:00:00,21933.356201325656
2025-09-14 06:00:00,-0.0
2025-09-14 07:00:00,-0.0
2025-09-14 08:00:00,-0.0
2025-09-14 09:00:00,-0.0
2025-09-14 10:00:00,-0.0
2025-09-14 11:00:00,-0.0
2025-09-14 12:00:00,-0.0
2025-09-14 13:00:00,24946.372307691956
2025-09-14 14:00:00,112883.60242573294
2025-09-14 15:00:00,200820.83254377393
2025-09-14 16:00:00,287238.7149164153
2025-09-14 17:00:00,342259.7209627327
2025-09-14 18:00:00,329186.7091852426
2025-09-14 19:00:00,296215.1395359341
2025-09-14 20:00:00,263842.24292321777
2025-09-14 21:00:00,232652.08449963763
2025-09-14 22:00:00,203093.61355720222
2025-09-14 23:00:00,175654.71912268255
2025-09-15 00:00:00,149307.31813821924
2025-09-15 01:00:00,124011.27185879786
2025-09-15 02:00:00,99077.93261101391
2025-09-15 03:00:00,74711.26557629064
2025-09-15 04:00:00,50955.6096705618
2025-09-15 05:00:00,25961.871768013123
2025-09-15 06:00:00,-0.0
2025-09-15 07:00:00,-0.0
2025-09-15 08:00:00,-0.0
2025-09-15 09:00:00,-0.0
2025-09-15 10:00:00,-0.0
2025-09-15 11:00:00,-0.0
2025-09-15 12:00:00,-0.0
2025-09-15 13:00:00,69375.58575416269
2025-09-15 14:00:00,157312.81587220368
2025-09-15 15:00:00,244476.42294060503
2025-09-15 16:00:00,323923.5097138535
2025-09-15 17:00:00,370775.9177324893
2025-09-15 18:00:00,361502.3480663944
2025-09-15 19:00:00,322966.76310785406
2025-09-15 20:00:00,285474.265683788
2025-09-15 21:00:00,250118.12657237818
2025-09-15 22:00:00,217343.27534131496
2025-09-15 23:00:00,187160.01143033238
2025-09-16 00:00:00,158492.25342627833
2025-09-16 01:00:00,131328.72343586432
2025-09-16 02:00:00,104771.58079218882
2025-09-16 03:00:00,78646.04500913943
2025-09-16 04:00:00,53287.8656563086
2025-09-16 05:00:00,27109.13789433042
2025-09-16 06:00:00,-0.0
2025-09-16 07:00:00,-0.0
2025-09-16 08:00:00,-0.0
2025-09-16 09:00:00,-0.0
2025-09-16 10:00:00,-0.0
2025-09-16 11:00:00,-0.0
2025-09-16 12:00:00,-0.0
2025-09-16 13:00:00,75956.52229328878
2025-09-16 14:00:00,163893.75241132977
2025-09-16 15:00:00,251578.2641527667
2025-09-16 16:00:00,330160.0324648244
2025-09-16 17:00:00,370775.9177324893
2025-09-16 18:00:00,347550.0524425081
2025-09-16 19:00:00,306608.25543679204
2025-09-16 20:00:00,267022.54907179985
2025-09-16 21:00:00,229557.91104556198
2025-09-16 22:00:00,229557.91104556198
2025-09-16 23:00:00,197617.39810065445
2025-09-17 00:00:00,167196.49739338085
2025-09-17 01:00:00,138337.67051484322
2025-09-17 02:00:00,110366.63654119887
2025-09-17 03:00:00,82916.65575781904
2025-09-17 04:00:00,55619.876714470534
2025-09-17 05:00:00,28393.022295215575
2025-09-17 06:00:00,-0.0
2025-09-17 07:00:00,-0.0
2025-09-17 08:00:00,-0.0
2025-09-17 09:00:00,-0.0
2025-09-17 10:00:00,20209.868472795948
2025-09-17 11:00:00,108147.09859083693
2025-09-17 12:00:00,190627.73779163708
2025-09-17 13:00:00,261014.63530532207
2025-09-17 14:00:00,314472.1356886707
2025-09-17 15:00:00,349624.6841986299
2025-09-17 16:00:00,370775.9177324893
2025-09-17 17:00:00,368833.6776770694
2025-09-17 18:00:00,368833.6776770694
2025-09-17 19:00:00,330281.0856886179
2025-09-17 20:00:00,293147.9389320654
2025-09-17 21:00:00,257348.50163429647
2025-09-17 22:00:00,257348.50163429647
2025-09-17 23:00:00,257348.50163429647
2025-09-18 00:00:00,227130.01891629086
2025-09-18 01:00:00,198002.81682810918
2025-09-18 02:00:00,169556.78750155016
2025-09-18 03:00:00,141657.10860197427
2025-09-18 04:00:00,114306.19927077784
2025-09-18 05:00:00,114306.19927077784
2025-09-18 06:00:00,84936.24024902414
2025-09-18 07:00:00,60883.96422421795
2025-09-18 08:00:00,51934.79923844958
2025-09-18 09:00:00,62389.37445968719
2025-09-18 10:00:00,80457.37759734783
2025-09-18 11:00:00,105432.46095037663
2025-09-18 12:00:00,136986.01859066208
2025-09-18 13:00:00,170733.07733137606
2025-09-18 14:00:00,189715.00073981954
2025-09-18 15:00:00,204171.2613551413
2025-09-18 16:00:00,197681.5417982058
2025-09-18 17:00:00,197681.5417982058
2025-09-18 18:00:00,197681.5417982058
2025-09-18 19:00:00,162232.90485618985
2025-09-18 20:00:00,162232.90485618985
2025-09-18 21:00:00,128299.79502158843
2025-09-18 22:00:00,96097.66013761016
2025-09-18 23:00:00,65896.20460879742
2025-09-19 00:00:00,65896.20460879742
2025-09-19 01:00:00,65896.20460879742
2025-09-19 02:00:00,51351.71205934526
2025-09-19 03:00:00,25484.78567577003
2025-09-19 04:00:00,-0.0
2025-09-19 05:00:00,-0.0
2025-09-19 06:00:00,-0.0
2025-09-19 07:00:00,-0.0
2025-09-19 08:00:00,-0.0
2025-09-19 09:00:00,-0.0
2025-09-19 10:00:00,-0.0
2025-09-19 11:00:00,-0.0
2025-09-19 12:00:00,53501.25305023341
2025-09-19 13:00:00,130973.21238468609
2025-09-19 14:00:00,202599.189387492
2025-09-19 15:00:00,271506.18122913653
2025-09-19 16:00:00,333252.5019111092
2025-09-19 17:00:00,366023.51226458384
2025-09-19 18:00:00,344045.59892364603
2025-09-19 19:00:00,308729.1481421154
2025-09-19 20:00:00,274436.2380509886
2025-09-19 21:00:00,241110.05903175374
2025-09-19 22:00:00,209196.5191747593
2025-09-19 23:00:00,179385.93468875083
2025-09-20 00:00:00,150979.27916590314
2025-09-20 01:00:00,124148.98535731043
2025-09-20 02:00:00,98540.09122802177
2025-09-20 03:00:00,73555.79989317217
2025-09-20 04:00:00,49066.403925369494
2025-09-20 05:00:00,24342.193575930956
2025-09-20 06:00:00,-0.0
2025-09-20 07:00:00,-0.0
2025-09-20 08:00:00,-0.0
2025-09-20 09:00:00,-0.0
2025-09-20 10:00:00,-0.0
2025-09-20 11:00:00,-0.0
2025-09-20 12:00:00,-0.0
2025-09-20 13:00:00,36528.98643524156
2025-09-20 14:00:00,124466.21655328255
2025-09-20 15:00:00,212403.44667132353
2025-09-20 16:00:00,300332.53339367255
2025-09-20 17:00:00,347425.524126862
2025-09-20 18:00:00,330457.27078755153
2025-09-20 19:00:00,297120.62234983867
2025-09-20 20:00:00,264242.3173969679
2025-09-20 21:00:00,232518.40690455667
2025-09-20 22:00:00,202209.30074016316
2025-09-20 23:00:00,173718.21058337123
2025-09-21 00:00:00,146401.79191841424
2025-09-21 01:00:00,120530.79613885835
2025-09-21 02:00:00,95887.80993572695
2025-09-21 03:00:00,71927.19875525094
2025-09-21 04:00:00,48587.50681537974
2025-09-21 05:00:00,25326.396350646974
2025-09-21 06:00:00,2002.6220202160541
2025-09-21 07:00:00,-0.0
2025-09-21 08:00:00,-0.0
2025-09-21 09:00:00,-0.0
2025-09-21 10:00:00,-0.0
2025-09-21 11:00:00,59079.71239089268
2025-09-21 12:00:00,124541.74661876846
2025-09-21 13:00:00,183790.59034094083
2025-09-21 14:00:00,243644.54888408777
2025-09-21 15:00:00,298793.54058112274
2025-09-21 16:00:00,342644.4805055308
2025-09-21 17:00:00,362974.13111508003
2025-09-21 18:00:00,341450.2455886624
2025-09-21 19:00:00,309374.7673014717
2025-09-21 20:00:00,277383.2152921132
2025-09-21 21:00:00,246387.2335694179
2025-09-21 22:00:00,216961.75956627633
2025-09-21 23:00:00,189289.65983505268
2025-09-22 00:00:00,162745.95086415944
2025-09-22 01:00:00,137559.34561338616
2025-09-22 02:00:00,112649.03366780611
2025-09-22 03:00:00,88310.00084784543
2025-09-22 04:00:00,64185.318446425765
2025-09-22 05:00:00,39115.36948993679
2025-09-22 06:00:00,12193.169111448256
2025-09-22 07:00:00,-0.0
2025-09-22 08:00:00,-0.0
2025-09-22 09:00:00,-0.0
2025-09-22 10:00:00,-0.0
2025-09-22 11:00:00,-0.0
2025-09-22 12:00:00,8939.844361900847
2025-09-22 13:00:00,94655.11549050023
2025-09-22 14:00:00,182592.34560854122
2025-09-22 15:00:00,267458.7542221878
2025-09-22 16:00:00,341060.7443552574
2025-09-22 17:00:00,370775.9177324893
2025-09-22 18:00:00,343176.98234981694
2025-09-22 19:00:00,305490.3775932999
2025-09-22 20:00:00,269077.75344466587
2025-09-22 21:00:00,234178.81840487442
2025-09-22 22:00:00,201651.71773449154
2025-09-22 23:00:00,171497.15585721817
2025-09-23 00:00:00,142584.89395025294
2025-09-23 01:00:00,115427.3649635582
2025-09-23 02:00:00,88995.7205206466
2025-09-23 03:00:00,63388.80984590481
2025-09-23 04:00:00,37979.59262079405
2025-09-23 05:00:00,11844.486009399045
2025-09-23 06:00:00,-0.0
2025-09-23 07:00:00,-0.0
2025-09-23 08:00:00,-0.0
2025-09-23 09:00:00,-0.0
2025-09-23 10:00:00,-0.0
2025-09-23 11:00:00,-0.0
2025-09-23 12:00:00,30148.847883669383
2025-09-23 13:00:00,118086.07800171037
2025-09-23 14:00:00,203055.669356987
2025-09-23 15:00:00,278859.34858569794
2025-09-23 16:00:00,344210.6108830056
2025-09-23 17:00:00,370775.9177324893
2025-09-23 18:00:00,370775.9177324893
2025-09-23 19:00:00,331339.65376443963
2025-09-23 20:00:00,292990.8163296913
2025-09-23 21:00:00,256254.21917064206
2025-09-23 22:00:00,229615.8741573465
2025-09-23 23:00:00,197879.44206681667
2025-09-24 00:00:00,167617.33174928967
2025-09-24 01:00:00,139158.2427735687
2025-09-24 02:00:00,111785.83076804256
2025-09-24 03:00:00,84732.58208037206
2025-09-24 04:00:00,58379.22944374876
2025-09-24 05:00:00,31107.323097166915
2025-09-24 06:00:00,2470.673774798341
2025-09-24 07:00:00,-0.0
2025-09-24 08:00:00,-0.0
2025-09-24 09:00:00,-0.0
2025-09-24 10:00:00,-0.0
2025-09-24 11:00:00,-0.0
2025-09-24 12:00:00,44856.03834608436
2025-09-24 13:00:00,119894.22455004086
2025-09-24 14:00:00,197044.48678745123
2025-09-24 15:00:00,275908.51105580817
2025-09-24 16:00:00,345256.65252151876
2025-09-24 17:00:00,370775.9177324893
2025-09-24 18:00:00,343895.194893773
2025-09-24 19:00:00,308483.4545987217
2025-09-24 20:00:00,273400.44362826005
2025-09-24 21:00:00,239165.43473673568
2025-09-24 22:00:00,207089.4095663424
2025-09-24 23:00:00,177158.1178261477
2025-09-25 00:00:00,148735.5980111481
2025-09-25 01:00:00,121782.00898565809
2025-09-25 02:00:00,96054.29884555578
2025-09-25 03:00:00,70811.45441347768
2025-09-25 04:00:00,45773.12356606856
2025-09-25 05:00:00,27398.182012146142
2025-09-25 06:00:00,-0.0
2025-09-25 07:00:00,-0.0
2025-09-25 08:00:00,-0.0
2025-09-25 09:00:00,-0.0
2025-09-25 10:00:00,-0.0
2025-09-25 11:00:00,-0.0
2025-09-25 12:00:00,-0.0
2025-09-25 13:00:00,72257.64376383601
2025-09-25 14:00:00,160194.873881877
2025-09-25 15:00:00,248132.10399991798
2025-09-25 16:00:00,329834.80638077634
2025-09-25 17:00:00,361110.69046903914
2025-09-25 18:00:00,335758.82390329643
2025-09-25 19:00:00,303014.0442111213
2025-09-25 20:00:00,270372.8780657559
2025-09-25 21:00:00,238717.5308485005
2025-09-25 22:00:00,208536.59590441818
2025-09-25 23:00:00,180506.66386003207
2025-09-26 00:00:00,153528.5576231104
2025-09-26 01:00:00,127678.12028601901
2025-09-26 02:00:00,102079.23427853403
2025-09-26 03:00:00,76751.49449922508
2025-09-26 04:00:00,52032.03343019367
2025-09-26 05:00:00,26707.946659224934
2025-09-26 06:00:00,-0.0
2025-09-26 07:00:00,-0.0
2025-09-26 08:00:00,-0.0
2025-09-26 09:00:00,-0.0
2025-09-26 10:00:00,-0.0
2025-09-26 11:00:00,-0.0
2025-09-26 12:00:00,15589.88048881141
2025-09-26 13:00:00,103527.1106068524
2025-09-26 14:00:00,187424.4482896499
2025-09-26 15:00:00,263352.73639029823
2025-09-26 16:00:00,327529.5500266689
2025-09-26 17:00:00,351758.3968484233
2025-09-26 18:00:00,327745.7536037757
2025-09-26 19:00:00,296049.15803630225
2025-09-26 20:00:00,264904.7029668334
2025-09-26 21:00:00,234015.83282292273
2025-09-26 22:00:00,204356.5696959969
2025-09-26 23:00:00,176414.17428704092
2025-09-27 00:00:00,149590.81489588082
2025-09-27 01:00:00,124217.70834444839
2025-09-27 02:00:00,99871.46986058063
2025-09-27 03:00:00,76161.6808580528
2025-09-27 04:00:00,52467.24419073508
2025-09-27 05:00:00,28728.836375105042
2025-09-27 06:00:00,4353.018316485513
2025-09-27 07:00:00,-0.0
2025-09-27 08:00:00,-0.0
2025-09-27 09:00:00,-0.0
2025-09-27 10:00:00,-0.0
2025-09-27 11:00:00,-0.0
2025-09-27 12:00:00,42382.84643887819
2025-09-27 13:00:00,116144.38477013673
2025-09-27 14:00:00,194092.79807655336
2025-09-27 15:00:00,260851.45307051737
2025-09-27 16:00:00,316296.19038884726
2025-09-27 17:00:00,332808.3687403858
2025-09-27 18:00:00,307167.5004269919
2025-09-27 19:00:00,277187.39244001056
2025-09-27 20:00:00,247628.17513996395
2025-09-27 21:00:00,218773.13421086516
2025-09-27 22:00:00,191002.88695328435
2025-09-27 23:00:00,164624.02095614365
2025-09-28 00:00:00,139126.4357918352
2025-09-28 01:00:00,114863.35038040174
2025-09-28 02:00:00,91413.50130567348
2025-09-28 03:00:00,68327.40084305752
2025-09-28 04:00:00,45621.103581088624
2025-09-28 05:00:00,22841.085633677372
2025-09-28 06:00:00,-0.0
2025-09-28 07:00:00,-0.0
2025-09-28 08:00:00,-0.0
2025-09-28 09:00:00,-0.0
2025-09-28 10:00:00,-0.0
2025-09-28 11:00:00,-0.0
2025-09-28 12:00:00,-0.0
2025-09-28 13:00:00,65181.01514376071
2025-09-28 14:00:00,153118.2452618017
2025-09-28 15:00:00,239761.48443118564
2025-09-28 16:00:00,308543.96750519075
2025-09-28 17:00:00,337533.482496974
2025-09-28 18:00:00,314672.7569482205
2025-09-28 19:00:00,284517.7615131931
2025-09-28 20:00:00,254904.57549028058
2025-09-28 21:00:00,226113.1621017151
2025-09-28 22:00:00,198739.6710163716
2025-09-28 23:00:00,172755.60734132264
2025-09-29 00:00:00,147571.55845789023
2025-09-29 01:00:00,123188.38849639238
2025-09-29 02:00:00,99075.88159550459
2025-09-29 03:00:00,75291.85149677034
2025-09-29 04:00:00,51840.669272188374
2025-09-29 05:00:00,27411.300739375874
2025-09-29 06:00:00,1257.2380409589075
2025-09-29 07:00:00,-0.0
2025-09-29 08:00:00,-0.0
2025-09-29 09:00:00,-0.0
2025-09-29 10:00:00,-0.0
2025-09-29 11:00:00,-0.0
2025-09-29 12:00:00,-0.0
2025-09-29 13:00:00,87331.8952593369
2025-09-29 14:00:00,172908.27999811026
2025-09-29 15:00:00,254285.22621234774
2025-09-29 16:00:00,324687.91982799425
2025-09-29 17:00:00,349822.8724039602
2025-09-29 18:00:00,323437.436614843
2025-09-29 19:00:00,292852.9471025776
2025-09-29 20:00:00,262210.4076051917
2025-09-29 21:00:00,232056.69845611713
2025-09-29 22:00:00,203393.3481095064
2025-09-29 23:00:00,176665.1984919194
2025-09-30 00:00:00,150765.40372322127
2025-09-30 01:00:00,125706.51550746796
2025-09-30 02:00:00,101061.82028721429
2025-09-30 03:00:00,76673.44023926277
2025-09-30 04:00:00,52449.39541078898
2025-09-30 05:00:00,27387.20156605871
2025-09-30 06:00:00,446.534062278327
2025-09-30 07:00:00,-0.0
2025-09-30 08:00:00,-0.0
2025-09-30 09:00:00,-0.0
2025-09-30 10:00:00,-0.0
2025-09-30 11:00:00,-0.0
2025-09-30 12:00:00,-0.0
2025-09-30 13:00:00,75758.43361730082
2025-09-30 14:00:00,163695.6637353418
2025-09-30 15:00:00,249689.54187705438
2025-09-30 16:00:00,321960.2615730101
2025-09-30 17:00:00,350437.4251319617
2025-09-30 18:00:00,324374.3322204337
2025-09-30 19:00:00,292744.4811761345
2025-09-30 20:00:00,261665.92338388998
2025-09-30 21:00:00,231461.24151705042
2025-09-30 22:00:00,202738.44241644995
2025-09-30 23:00:00,175853.86802749307
2025-10-01 00:00:00,149689.61490107368
2025-10-01 01:00:00,124467.15887684429
2025-10-01 02:00:00,99349.0787314814
2025-10-01 03:00:00,74800.6886008058
2025-10-01 04:00:00,50999.90608950905
2025-10-01 05:00:00,26284.35818096821
2025-10-01 06:00:00,-0.0
2025-10-01 07:00:00,-0.0
2025-10-01 08:00:00,-0.0
2025-10-01 09:00:00,-0.0
2025-10-01 10:00:00,-0.0
2025-10-01 11:00:00,-0.0
2025-10-01 12:00:00,-0.0
2025-10-01 13:00:00,67465.02350136661
2025-10-01 14:00:00,155402.2536194076
2025-10-01 15:00:00,243339.48373744858
2025-10-01 16:00:00,324822.92849426495
2025-10-01 17:00:00,352796.0574757171
2025-10-01 18:00:00,326202.5785603591
2025-10-01 19:00:00,293771.04757037654
2025-10-01 20:00:00,262573.1336408071
2025-10-01 21:00:00,232196.99230447513
2025-10-01 22:00:00,203350.0779862441
2025-10-01 23:00:00,176258.48366513118
2025-10-02 00:00:00,149895.3741222579
2025-10-02 01:00:00,124693.43184486055
2025-10-02 02:00:00,99845.48362289793
2025-10-02 03:00:00,75468.97513526927
2025-10-02 04:00:00,51321.05799044757
2025-10-02 05:00:00,26425.24868450317
2025-10-02 06:00:00,-0.0
2025-10-02 07:00:00,-0.0
2025-10-02 08:00:00,-0.0
2025-10-02 09:00:00,-0.0
2025-10-02 10:00:00,-0.0
2025-10-02 11:00:00,-0.0
2025-10-02 12:00:00,29759.430309752235
2025-10-02 13:00:00,117696.66042779322
2025-10-02 14:00:00,203023.12464274024
2025-10-02 15:00:00,278784.1061163884
2025-10-02 16:00:00,338315.5644078496
2025-10-02 17:00:00,353483.9900852801
2025-10-02 18:00:00,326221.77680638677
2025-10-02 19:00:00,294300.5876105509
2025-10-02 20:00:00,263412.705531025
2025-10-02 21:00:00,233073.09410733214
2025-10-02 22:00:00,203977.68891708468
2025-10-02 23:00:00,177015.59389700566
2025-10-03 00:00:00,150961.54021668682
2025-10-03 01:00:00,125999.01817283509
2025-10-03 02:00:00,101747.26971338771
2025-10-03 03:00:00,77441.2479120297
2025-10-03 04:00:00,53472.64863582609
2025-10-03 05:00:00,28348.120589448627
2025-10-03 06:00:00,1980.1533722811546
2025-10-03 07:00:00,-0.0
2025-10-03 08:00:00,-0.0
2025-10-03 09:00:00,-0.0
2025-10-03 10:00:00,-0.0
2025-10-03 11:00:00,-0.0
2025-10-03 12:00:00,-0.0
2025-10-03 13:00:00,46861.243001227675
2025-10-03 14:00:00,134798.47311926866
2025-10-03 15:00:00,221652.84776388534
2025-10-03 16:00:00,297271.62547156535
2025-10-03 17:00:00,326627.89995443943
2025-10-03 18:00:00,302681.4290484532
2025-10-03 19:00:00,273215.47412935155
2025-10-03 20:00:00,244444.87919520662
2025-10-03 21:00:00,216257.49555943385
2025-10-03 22:00:00,189133.60222972356
2025-10-03 23:00:00,163348.20514065467
2025-10-04 00:00:00,138025.5980605405
2025-10-04 01:00:00,114062.14182628781
2025-10-04 02:00:00,90777.74610392966
2025-10-04 03:00:00,68171.44974130721
2025-10-04 04:00:00,45945.76852468986
2025-10-04 05:00:00,23297.25349638382
2025-10-04 06:00:00,-0.0
2025-10-04 07:00:00,-0.0
2025-10-04 08:00:00,-0.0
2025-10-04 09:00:00,-0.0
2025-10-04 10:00:00,-0.0
2025-10-04 11:00:00,-0.0
2025-10-04 12:00:00,-0.0
2025-10-04 13:00:00,57142.975559517785
2025-10-04 14:00:00,137245.13392620042
2025-10-04 15:00:00,214562.70576303813
2025-10-04 16:00:00,280802.6032342827
2025-10-04 17:00:00,311304.1230973075
2025-10-04 18:00:00,287521.5468504992
2025-10-04 19:00:00,259346.61720967313
2025-10-04 20:00:00,231890.65559158096
2025-10-04 21:00:00,204914.03869678525
2025-10-04 22:00:00,179182.9141253266
2025-10-04 23:00:00,154735.36551067285
2025-10-05 00:00:00,131004.98859957719
2025-10-05 01:00:00,108289.16764511939
2025-10-05 02:00:00,86192.80328403434
2025-10-05 03:00:00,64750.124711741344
2025-10-05 04:00:00,43449.25782758122
2025-10-05 05:00:00,21758.09113761574
2025-10-05 06:00:00,-0.0
2025-10-05 07:00:00,-0.0
2025-10-05 08:00:00,-0.0
2025-10-05 09:00:00,-0.0
2025-10-05 10:00:00,-0.0
2025-10-05 11:00:00,-0.0
2025-10-05 12:00:00,-0.0
2025-10-05 13:00:00,32175.18194280367
2025-10-05 14:00:00,120112.41206084465
2025-10-05 15:00:00,208049.64217888564
2025-10-05 16:00:00,292624.9670493158
2025-10-05 17:00:00,321715.167356207
2025-10-05 18:00:00,296892.1469256453
2025-10-05 19:00:00,267482.1004223789
2025-10-05 20:00:00,238908.07631685847
2025-10-05 21:00:00,211200.1453571628
2025-10-05 22:00:00,184956.6925081865
2025-10-05 23:00:00,160195.4083058909
2025-10-06 00:00:00,136475.56170034665
2025-10-06 01:00:00,113891.70699980864
2025-10-06 02:00:00,92032.85931100298
2025-10-06 03:00:00,70406.92695174308
2025-10-06 04:00:00,47966.82719479926
2025-10-06 05:00:00,24923.520504439468
2025-10-06 06:00:00,-0.0
2025-10-06 07:00:00,-0.0
2025-10-06 08:00:00,-0.0
2025-10-06 09:00:00,-0.0
2025-10-06 10:00:00,-0.0
2025-10-06 11:00:00,-0.0
2025-10-06 12:00:00,-0.0
2025-10-06 13:00:00,57542.92987782214
2025-10-06 14:00:00,145480.15999586313
2025-10-06 15:00:00,233417.3901139041
2025-10-06 16:00:00,316688.5945382796
2025-10-06 17:00:00,339961.3839088164
2025-10-06 18:00:00,311512.63589302596
2025-10-06 19:00:00,279833.3352476178
2025-10-06 20:00:00,249533.430243955
2025-10-06 21:00:00,220213.7093229769
2025-10-06 22:00:00,192750.24052518143
2025-10-06 23:00:00,167014.35624201575
2025-10-07 00:00:00,142173.8229529547
2025-10-07 01:00:00,118504.12143808272
2025-10-07 02:00:00,95174.51771207569
2025-10-07 03:00:00,72165.292009614
2025-10-07 04:00:00,49676.06034205703
2025-10-07 05:00:00,26087.925649494464
2025-10-07 06:00:00,623.1852317898351
2025-10-07 07:00:00,-0.0
2025-10-07 08:00:00,-0.0
2025-10-07 09:00:00,-0.0
2025-10-07 10:00:00,-0.0
2025-10-07 11:00:00,-0.0
2025-10-07 12:00:00,-0.0
2025-10-07 13:00:00,69803.1520545723
2025-10-07 14:00:00,157740.3821726133
2025-10-07 15:00:00,245677.61229065427
2025-10-07 16:00:00,326078.131634073
2025-10-07 17:00:00,346421.96107183
2025-10-07 18:00:00,317541.4160119309
2025-10-07 19:00:00,285562.6854357897
2025-10-07 20:00:00,254993.21621819647
2025-10-07 21:00:00,225522.2631778581
2025-10-07 22:00:00,197749.884791792
2025-10-07 23:00:00,171944.5628521025
2025-10-08 00:00:00,147005.13648229177
2025-10-08 01:00:00,123056.96058767379
2025-10-08 02:00:00,99662.08249863397
2025-10-08 03:00:00,76229.81416980296
2025-10-08 04:00:00,52636.703368764895
2025-10-08 05:00:00,28989.50106732268
2025-10-08 06:00:00,3035.3970394484995
2025-10-08 07:00:00,-0.0
2025-10-08 08:00:00,-0.0
2025-10-08 09:00:00,-0.0
2025-10-08 10:00:00,-0.0
2025-10-08 11:00:00,-0.0
2025-10-08 12:00:00,-0.0
2025-10-08 13:00:00,72305.49137153721
2025-10-08 14:00:00,160242.7214895782
2025-10-08 15:00:00,248179.95160761918
2025-10-08 16:00:00,326122.58685660287
2025-10-08 17:00:00,346297.970967156
2025-10-08 18:00:00,318714.8701369095
2025-10-08 19:00:00,288234.21455203556
2025-10-08 20:00:00,258776.45995845573
2025-10-08 21:00:00,230226.8326574828
2025-10-08 22:00:00,202970.49812715454
2025-10-08 23:00:00,177599.24896374997
2025-10-09 00:00:00,152935.09833404835
2025-10-09 01:00:00,129171.6344474947
2025-10-09 02:00:00,105907.8276920132
2025-10-09 03:00:00,83003.37825914987
2025-10-09 04:00:00,59903.01209793058
2025-10-09 05:00:00,36485.15031976625
2025-10-09 06:00:00,10825.539709963112
2025-10-09 07:00:00,-0.0
2025-10-09 08:00:00,-0.0
2025-10-09 09:00:00,-0.0
2025-10-09 10:00:00,-0.0
2025-10-09 11:00:00,62770.82535681747
2025-10-09 12:00:00,133611.42193579857
2025-10-09 13:00:00,203580.48189156494
2025-10-09 14:00:00,265419.28528041695
2025-10-09 15:00:00,316416.0534379422
2025-10-09 16:00:00,351398.8746668237
2025-10-09 17:00:00,354436.8214499199
2025-10-09 18:00:00,327787.97513386933
2025-10-09 19:00:00,298511.98473565193
2025-10-09 20:00:00,268768.7674839263
2025-10-09 21:00:00,239750.8172980528
2025-10-09 22:00:00,212300.93592824988
2025-10-09 23:00:00,186554.7574056683
2025-10-10 00:00:00,161431.08626380435
2025-10-10 01:00:00,137277.27021150582
2025-10-10 02:00:00,113846.67548017914
2025-10-10 03:00:00,90434.54277093714
2025-10-10 04:00:00,67035.23649178517
2025-10-10 05:00:00,42886.82244773379
2025-10-10 06:00:00,17177.84542018488
2025-10-10 07:00:00,-0.0
2025-10-10 08:00:00,-0.0
2025-10-10 09:00:00,-0.0
2025-10-10 10:00:00,50482.44510847229
2025-10-10 11:00:00,109739.07481897352
2025-10-10 12:00:00,167389.9162414808
2025-10-10 13:00:00,219756.26594220495
2025-10-10 14:00:00,269969.036019802
2025-10-10 15:00:00,314161.82083708345
2025-10-10 16:00:00,348673.63137540995
2025-10-10 17:00:00,347826.5308309141
2025-10-10 18:00:00,317971.9421545674
2025-10-10 19:00:00,287132.21445577254
2025-10-10 20:00:00,257032.53278152057
2025-10-10 21:00:00,227589.57121531756
2025-10-10 22:00:00,199042.54847268897
2025-10-10 23:00:00,172519.51698293228
2025-10-11 00:00:00,147189.89344114574
2025-10-11 01:00:00,123090.6248865279
2025-10-11 02:00:00,99862.0765224071
2025-10-11 03:00:00,77386.27840852003
2025-10-11 04:00:00,54682.030731490595
2025-10-11 05:00:00,32366.813959462233
2025-10-11 06:00:00,9268.66054933102
2025-10-11 07:00:00,-0.0
2025-10-11 08:00:00,-0.0
2025-10-11 09:00:00,-0.0
2025-10-11 10:00:00,-0.0
2025-10-11 11:00:00,-0.0
2025-10-11 12:00:00,-0.0
2025-10-11 13:00:00,47893.76379290118
2025-10-11 14:00:00,135830.99391094217
2025-10-11 15:00:00,223768.22402898315
2025-10-11 16:00:00,295083.36515774357
2025-10-11 17:00:00,312594.96737103345
2025-10-11 18:00:00,286969.7026756794
2025-10-11 19:00:00,258813.21031000724
2025-10-11 20:00:00,231681.9170745386
2025-10-11 21:00:00,205223.8332318278
2025-10-11 22:00:00,179671.35193926765
2025-10-11 23:00:00,155490.64628424036
2025-10-12 00:00:00,132161.0689864417
2025-10-12 01:00:00,109792.41429566409
2025-10-12 02:00:00,87920.42255443796
2025-10-12 03:00:00,66368.08620676969
2025-10-12 04:00:00,45136.452981655704
2025-10-12 05:00:00,24005.55403867411
2025-10-12 06:00:00,2033.1152365628395
2025-10-12 07:00:00,-0.0
2025-10-12 08:00:00,-0.0
2025-10-12 09:00:00,-0.0
2025-10-12 10:00:00,-0.0
2025-10-12 11:00:00,-0.0
2025-10-12 12:00:00,-0.0
2025-10-12 13:00:00,51731.19065705896
2025-10-12 14:00:00,139668.42077509995
2025-10-12 15:00:00,227223.1141790048
2025-10-12 16:00:00,299841.3320483006
2025-10-12 17:00:00,318237.2855928604
2025-10-12 18:00:00,293138.1356561023
2025-10-12 19:00:00,265590.4430154669
2025-10-12 20:00:00,238795.49255387834
2025-10-12 21:00:00,212768.42452628745
2025-10-12 22:00:00,187944.72748598596
2025-10-12 23:00:00,164711.02011041206
2025-10-13 00:00:00,141830.26448458232
2025-10-13 01:00:00,119731.45495659631
2025-10-13 02:00:00,98175.39289771613
2025-10-13 03:00:00,76790.9691056154
2025-10-13 04:00:00,54929.56690045535
2025-10-13 05:00:00,32536.108821604652
2025-10-13 06:00:00,8320.217472817814
2025-10-13 07:00:00,-0.0
2025-10-13 08:00:00,-0.0
2025-10-13 09:00:00,-0.0
2025-10-13 10:00:00,-0.0
2025-10-13 11:00:00,61988.70224909851
2025-10-13 12:00:00,137273.8450949203
2025-10-13 13:00:00,203623.22698494155
2025-10-13 14:00:00,264148.3515834052
2025-10-13 15:00:00,316188.15052343643
2025-10-13 16:00:00,345163.76174738794
2025-10-13 17:00:00,334320.5280373626
2025-10-13 18:00:00,306499.9712663815
2025-10-13 19:00:00,278303.29583637335
2025-10-13 20:00:00,250862.6341545506
2025-10-13 21:00:00,224273.58201688252
2025-10-13 22:00:00,198804.27038817346
2025-10-13 23:00:00,174727.25807548934
2025-10-14 00:00:00,151347.42555542846
2025-10-14 01:00:00,128723.95817373836
2025-10-14 02:00:00,106495.21561936365
2025-10-14 03:00:00,84399.05421536701
2025-10-14 04:00:00,62241.846901614175
2025-10-14 05:00:00,39232.78463936517
2025-10-14 06:00:00,14233.468678827485
2025-10-14 07:00:00,-0.0
2025-10-14 08:00:00,-0.0
2025-10-14 09:00:00,-0.0
2025-10-14 10:00:00,16788.79893868365
2025-10-14 11:00:00,57187.66525957191
2025-10-14 12:00:00,106456.47847098215
2025-10-14 13:00:00,165493.28491261497
2025-10-14 14:00:00,232952.100649546
2025-10-14 15:00:00,290081.75736828835
2025-10-14 16:00:00,327636.1631537733
2025-10-14 17:00:00,320923.44664974394
2025-10-14 18:00:00,294128.5119690739
2025-10-14 19:00:00,266700.1023834184
2025-10-14 20:00:00,239961.59053217538
2025-10-14 21:00:00,213827.88089699228
2025-10-14 22:00:00,188742.94421485323
2025-10-14 23:00:00,164881.19097695165
2025-10-15 00:00:00,141683.45902971103
2025-10-15 01:00:00,119157.52004468408
2025-10-15 02:00:00,96886.86218824638
2025-10-15 03:00:00,74668.13958997244
2025-10-15 04:00:00,52944.177407492185
2025-10-15 05:00:00,30708.382793685476
2025-10-15 06:00:00,6089.495093723002
2025-10-15 07:00:00,-0.0
2025-10-15 08:00:00,-0.0
2025-10-15 09:00:00,-0.0
2025-10-15 10:00:00,-0.0
2025-10-15 11:00:00,-0.0
2025-10-15 12:00:00,-0.0
2025-10-15 13:00:00,80061.12931496781
2025-10-15 14:00:00,167998.3594330088
2025-10-15 15:00:00,246083.98967914938
2025-10-15 16:00:00,308877.40569074394
2025-10-15 17:00:00,319157.8680336208
2025-10-15 18:00:00,293036.36847435765
2025-10-15 19:00:00,265576.4564504686
2025-10-15 20:00:00,238973.43981692797
2025-10-15 21:00:00,212576.51290205508
2025-10-15 22:00:00,187555.45378804085
2025-10-15 23:00:00,163817.40020337564
2025-10-16 00:00:00,140303.37985344406
2025-10-16 01:00:00,117780.27991913672
2025-10-16 02:00:00,96125.0633076326
2025-10-16 03:00:00,74617.57504792724
2025-10-16 04:00:00,52852.21329186885
2025-10-16 05:00:00,30067.56797301655
2025-10-16 06:00:00,5366.896815506461
2025-10-16 07:00:00,-0.0
2025-10-16 08:00:00,-0.0
2025-10-16 09:00:00,-0.0
2025-10-16 10:00:00,-0.0
2025-10-16 11:00:00,-0.0
2025-10-16 12:00:00,-0.0
2025-10-16 13:00:00,62078.41377582331
2025-10-16 14:00:00,150015.6438938643
2025-10-16 15:00:00,236018.59569424775
2025-10-16 16:00:00,306065.0370550183
2025-10-16 17:00:00,320086.2287603642
2025-10-16 18:00:00,294361.76931923965
2025-10-16 19:00:00,266296.9614821965
2025-10-16 20:00:00,239005.39631054807
2025-10-16 21:00:00,212592.3719909551
2025-10-16 22:00:00,187270.23991551416
2025-10-16 23:00:00,163365.5935782151
2025-10-17 00:00:00,140264.1824476136
2025-10-17 01:00:00,118151.47553044913
2025-10-17 02:00:00,96367.06625975952
2025-10-17 03:00:00,74746.96992924745
2025-10-17 04:00:00,53425.55275708282
2025-10-17 05:00:00,31011.156311296796
2025-10-17 06:00:00,6241.956227560716
2025-10-17 07:00:00,-0.0
2025-10-17 08:00:00,-0.0
2025-10-17 09:00:00,-0.0
2025-10-17 10:00:00,-0.0
2025-10-17 11:00:00,-0.0
2025-10-17 12:00:00,-0.0
2025-10-17 13:00:00,80172.09903639853
2025-10-17 14:00:00,166101.30156358462
2025-10-17 15:00:00,244798.6619671071
2025-10-17 16:00:00,308222.43585738307
2025-10-17 17:00:00,317812.7997854006
2025-10-17 18:00:00,290578.52426224865
2025-10-17 19:00:00,262401.4265332901
2025-10-17 20:00:00,235271.6005124366
2025-10-17 21:00:00,208593.99417109208
2025-10-17 22:00:00,183175.63134911266
2025-10-17 23:00:00,158848.11890694554
2025-10-18 00:00:00,135053.29566362748
2025-10-18 01:00:00,112297.91089891063
2025-10-18 02:00:00,90312.01431902859
2025-10-18 03:00:00,68934.63638091699
2025-10-18 04:00:00,47710.57551742753
2025-10-18 05:00:00,26040.019969283647
2025-10-18 06:00:00,3545.054964243999
2025-10-18 07:00:00,-0.0
2025-10-18 08:00:00,-0.0
2025-10-18 09:00:00,-0.0
2025-10-18 10:00:00,-0.0
2025-10-18 11:00:00,-0.0
2025-10-18 12:00:00,-0.0
2025-10-18 13:00:00,68208.7219731222
2025-10-18 14:00:00,155244.39353972013
2025-10-18 15:00:00,234967.70168997755
2025-10-18 16:00:00,299163.98431241524
2025-10-18 17:00:00,309506.6662303949
2025-10-18 18:00:00,282888.60913567035
2025-10-18 19:00:00,255564.37836311624
2025-10-18 20:00:00,229140.30355172948
2025-10-18 21:00:00,203463.3247632793
2025-10-18 22:00:00,178670.9401146485
2025-10-18 23:00:00,155009.2697119671
2025-10-19 00:00:00,131719.25100772348
2025-10-19 01:00:00,109482.74277009584
2025-10-19 02:00:00,88100.98446815941
2025-10-19 03:00:00,67053.56920320044
2025-10-19 04:00:00,46280.63671509135
2025-10-19 05:00:00,25400.492902392685
2025-10-19 06:00:00,3940.4474930754427
2025-10-19 07:00:00,-0.0
2025-10-19 08:00:00,-0.0
2025-10-19 09:00:00,-0.0
2025-10-19 10:00:00,-0.0
2025-10-19 11:00:00,-0.0
2025-10-19 12:00:00,47239.677046921424
2025-10-19 13:00:00,122269.51357035169
2025-10-19 14:00:00,193017.15909350524
2025-10-19 15:00:00,264677.9259271457
2025-10-19 16:00:00,323761.7170192838
2025-10-19 17:00:00,327029.3473585774
2025-10-19 18:00:00,299390.4648813563
2025-10-19 19:00:00,271339.94327347714
2025-10-19 20:00:00,244283.45022385116
2025-10-19 21:00:00,217924.96853203105
2025-10-19 22:00:00,192831.81608387615
2025-10-19 23:00:00,169458.10642590417
2025-10-20 00:00:00,146396.25424514082
2025-10-20 01:00:00,123479.92823658237
2025-10-20 02:00:00,100946.976194602
2025-10-20 03:00:00,78522.2868080421
2025-10-20 04:00:00,56880.80775893292
2025-10-20 05:00:00,34009.81541239674
2025-10-20 06:00:00,8633.665587370313
2025-10-20 07:00:00,-0.0
2025-10-20 08:00:00,-0.0
2025-10-20 09:00:00,-0.0
2025-10-20 10:00:00,-0.0
2025-10-20 11:00:00,-0.0
2025-10-20 12:00:00,23445.119807351526
2025-10-20 13:00:00,111382.34992539251
2025-10-20 14:00:00,192736.72644330008
2025-10-20 15:00:00,273230.30458372214
2025-10-20 16:00:00,337573.70950086735
2025-10-20 17:00:00,340187.10287421744
2025-10-20 18:00:00,310523.886099449
2025-10-20 19:00:00,280649.22294975485
2025-10-20 20:00:00,251973.5438112027
2025-10-20 21:00:00,224391.5493639823
2025-10-20 22:00:00,198100.91078179874
2025-10-20 23:00:00,173517.90304367978
2025-10-21 00:00:00,149876.12146168153
2025-10-21 01:00:00,126687.8064779506
2025-10-21 02:00:00,104079.06180723125
2025-10-21 03:00:00,81967.36722368957
2025-10-21 04:00:00,59680.6334892097
2025-10-21 05:00:00,36591.16726796116
2025-10-21 06:00:00,11327.351053159591
2025-10-21 07:00:00,-0.0
2025-10-21 08:00:00,-0.0
2025-10-21 09:00:00,-0.0
2025-10-21 10:00:00,-0.0
2025-10-21 11:00:00,32781.85622064452
2025-10-21 12:00:00,106322.22566046103
2025-10-21 13:00:00,179932.85750434874
2025-10-21 14:00:00,250574.49211179384
2025-10-21 15:00:00,315727.1165652026
2025-10-21 16:00:00,355117.5566485282
2025-10-21 17:00:00,347298.2635535767
2025-10-21 18:00:00,317782.9353346029
2025-10-21 19:00:00,288081.6873681823
2025-10-21 20:00:00,259571.17627287697
2025-10-21 21:00:00,231715.32741551372
2025-10-21 22:00:00,205327.69371157655
2025-10-21 23:00:00,180694.91777990235
2025-10-22 00:00:00,156952.65677848575
2025-10-22 01:00:00,134170.56499462767
2025-10-22 02:00:00,111332.42338243472
2025-10-22 03:00:00,88404.34068012734
2025-10-22 04:00:00,65824.10400892235
2025-10-22 05:00:00,42876.03348766743
2025-10-22 06:00:00,17694.49067554987
2025-10-22 07:00:00,-0.0
2025-10-22 08:00:00,-0.0
2025-10-22 09:00:00,-0.0
2025-10-22 10:00:00,-0.0
2025-10-22 11:00:00,-0.0
2025-10-22 12:00:00,32090.915833793973
2025-10-22 13:00:00,113618.59138054264
2025-10-22 14:00:00,195657.78685584676
2025-10-22 15:00:00,276328.7084626148
2025-10-22 16:00:00,335125.65497820504
2025-10-22 17:00:00,335150.1648697477
2025-10-22 18:00:00,307240.69042636
2025-10-22 19:00:00,278721.52848833735
2025-10-22 20:00:00,251419.1951983706
2025-10-22 21:00:00,224274.26232043476
2025-10-22 22:00:00,198523.50480293587
2025-10-22 23:00:00,174256.6973759391
2025-10-23 00:00:00,150438.18171488144
2025-10-23 01:00:00,127348.38258379814
2025-10-23 02:00:00,104867.35574288458
2025-10-23 03:00:00,82893.89845125
2025-10-23 04:00:00,60784.53552359869
2025-10-23 05:00:00,37713.29441080893
2025-10-23 06:00:00,12305.157000218042
2025-10-23 07:00:00,-0.0
2025-10-23 08:00:00,-0.0
2025-10-23 09:00:00,-0.0
2025-10-23 10:00:00,-0.0
2025-10-23 11:00:00,-0.0
2025-10-23 12:00:00,-0.0
2025-10-23 13:00:00,82851.12960888364
2025-10-23 14:00:00,170788.35972692462
2025-10-23 15:00:00,258725.5898449656
2025-10-23 16:00:00,325918.862234377
2025-10-23 17:00:00,328405.5345470263
2025-10-23 18:00:00,300836.2395596709
2025-10-23 19:00:00,272787.0701617658
2025-10-23 20:00:00,245821.40612993855
2025-10-23 21:00:00,219306.59926161956
2025-10-23 22:00:00,193996.02982570496
2025-10-23 23:00:00,170214.15215023365
2025-10-24 00:00:00,147008.38110605133
2025-10-24 01:00:00,124721.13030122669
2025-10-24 02:00:00,102572.12204928508
2025-10-24 03:00:00,80792.67229249192
2025-10-24 04:00:00,59073.92467003414
2025-10-24 05:00:00,36476.516634019026
2025-10-24 06:00:00,11750.869817542609
2025-10-24 07:00:00,-0.0
2025-10-24 08:00:00,-0.0
2025-10-24 09:00:00,-0.0
2025-10-24 10:00:00,-0.0
2025-10-24 11:00:00,-0.0
2025-10-24 12:00:00,-0.0
2025-10-24 13:00:00,81571.2206203483
2025-10-24 14:00:00,169508.45073838928
2025-10-24 15:00:00,257445.68085643026
2025-10-24 16:00:00,323683.97053419816
2025-10-24 17:00:00,324641.31260045705
2025-10-24 18:00:00,296189.9090917931
2025-10-24 19:00:00,267435.1230521558
2025-10-24 20:00:00,240130.66031076497
2025-10-24 21:00:00,213235.07750517278
2025-10-24 22:00:00,187444.96523348268
2025-10-24 23:00:00,163261.09119232887
2025-10-25 00:00:00,139782.04016468656
2025-10-25 01:00:00,117067.91117635001
2025-10-25 02:00:00,95220.8172772684
2025-10-25 03:00:00,73767.4413942703
2025-10-25 04:00:00,52628.36927377409
2025-10-25 05:00:00,31046.89258806371
2025-10-25 06:00:00,8816.72261440157
2025-10-25 07:00:00,-0.0
2025-10-25 08:00:00,-0.0
2025-10-25 09:00:00,-0.0
2025-10-25 10:00:00,-0.0
2025-10-25 11:00:00,-0.0
2025-10-25 12:00:00,13228.679278315714
2025-10-25 13:00:00,96733.7219711485
2025-10-25 14:00:00,180106.48085502145
2025-10-25 15:00:00,256513.90620448499
2025-10-25 16:00:00,308185.3851753052
2025-10-25 17:00:00,306471.020609694
2025-10-25 18:00:00,280568.1962265667
2025-10-25 19:00:00,254582.47709596268
2025-10-25 20:00:00,229101.88956620015
2025-10-25 21:00:00,204125.92889977933
2025-10-25 22:00:00,180024.59019803847
2025-10-25 23:00:00,156917.37763295253
2025-10-26 00:00:00,134534.1702710903
2025-10-26 01:00:00,113098.37402508408
2025-10-26 02:00:00,92195.01231865284
2025-10-26 03:00:00,71835.21944921881
2025-10-26 04:00:00,51517.713938571906
2025-10-26 05:00:00,31230.975629223867
2025-10-26 06:00:00,10089.844306247756
2025-10-26 07:00:00,-0.0
2025-10-26 08:00:00,-0.0
2025-10-26 09:00:00,-0.0
2025-10-26 10:00:00,-0.0
2025-10-26 11:00:00,-0.0
2025-10-26 12:00:00,37336.48796904394
2025-10-26 13:00:00,116032.7344490407
2025-10-26 14:00:00,194058.04359573708
2025-10-26 15:00:00,265879.99375295173
2025-10-26 16:00:00,322860.3245110972
2025-10-26 17:00:00,322147.1119320539
2025-10-26 18:00:00,295640.30530446034
2025-10-26 19:00:00,269032.25662491465
2025-10-26 20:00:00,243347.2849077225
2025-10-26 21:00:00,217870.00629043515
2025-10-26 22:00:00,193431.16809897212
2025-10-26 23:00:00,170149.01739979966
2025-10-27 00:00:00,147663.8987760878
2025-10-27 01:00:00,125789.155177624
2025-10-27 02:00:00,104024.22645754383
2025-10-27 03:00:00,81823.79112229608
2025-10-27 04:00:00,60371.89370213471
2025-10-27 05:00:00,38322.27855977327
2025-10-27 06:00:00,14040.50131721299
2025-10-27 07:00:00,-0.0
2025-10-27 08:00:00,-0.0
2025-10-27 09:00:00,-0.0
2025-10-27 10:00:00,-0.0
2025-10-27 11:00:00,-0.0
2025-10-27 12:00:00,28165.991028393168
2025-10-27 13:00:00,113427.59477146801
2025-10-27 14:00:00,197703.59348797923
2025-10-27 15:00:00,278069.8913950713
2025-10-27 16:00:00,337556.58130699076
2025-10-27 17:00:00,334733.3609033963
2025-10-27 18:00:00,306031.1784149932
2025-10-27 19:00:00,277474.9161822017
2025-10-27 20:00:00,250025.8154512079
2025-10-27 21:00:00,223353.5774092849
2025-10-27 22:00:00,197934.63448011794
2025-10-27 23:00:00,174124.67435916167
2025-10-28 00:00:00,150972.71320085475
2025-10-28 01:00:00,128353.61651485256
2025-10-28 02:00:00,106194.61424908202
2025-10-28 03:00:00,83907.88078866633
2025-10-28 04:00:00,61872.07417548098
2025-10-28 05:00:00,39373.17998933763
2025-10-28 06:00:00,14461.977470473808
2025-10-28 07:00:00,-0.0
2025-10-28 08:00:00,-0.0
2025-10-28 09:00:00,-0.0
2025-10-28 10:00:00,-0.0
2025-10-28 11:00:00,-0.0
2025-10-28 12:00:00,26966.490897702926
2025-10-28 13:00:00,114903.72101574391
2025-10-28 14:00:00,202840.9511337849
2025-10-28 15:00:00,287471.81089198973
2025-10-28 16:00:00,349170.0807802513
2025-10-28 17:00:00,343957.64896416117
2025-10-28 18:00:00,313967.2251315255
2025-10-28 19:00:00,284281.35317417973
2025-10-28 20:00:00,255629.53303266747
2025-10-28 21:00:00,228053.71807022567
2025-10-28 22:00:00,201884.83355205625
2025-10-28 23:00:00,177496.44188062614
2025-10-29 00:00:00,153827.21563184235
2025-10-29 01:00:00,131152.4855620666
2025-10-29 02:00:00,108589.94450333249
2025-10-29 03:00:00,86185.54671254492
2025-10-29 04:00:00,63597.182507086996
2025-10-29 05:00:00,40797.219808841735
2025-10-29 06:00:00,15694.429726063276
2025-10-29 07:00:00,-0.0
2025-10-29 08:00:00,-0.0
2025-10-29 09:00:00,-0.0
2025-10-29 10:00:00,-0.0
2025-10-29 11:00:00,-0.0
2025-10-29 12:00:00,32216.914310083317
2025-10-29 13:00:00,120154.1444281243
2025-10-29 14:00:00,208091.3745461653
2025-10-29 15:00:00,296028.6046642063
2025-10-29 16:00:00,355896.0299747507
2025-10-29 17:00:00,347504.60961679585
2025-10-29 18:00:00,315607.0001933416
2025-10-29 19:00:00,284997.2643419007
2025-10-29 20:00:00,255594.1418116306
2025-10-29 21:00:00,227248.42456725665
2025-10-29 22:00:00,200451.2560145471
2025-10-29 23:00:00,175548.2298713147
2025-10-30 00:00:00,151681.01882256026
2025-10-30 01:00:00,129017.91652785201
2025-10-30 02:00:00,106822.02702576993
2025-10-30 03:00:00,84711.88536721715
2025-10-30 04:00:00,62700.99463486219
2025-10-30 05:00:00,40122.57378986964
2025-10-30 06:00:00,15458.41371233656
2025-10-30 07:00:00,-0.0
2025-10-30 08:00:00,-0.0
2025-10-30 09:00:00,-0.0
2025-10-30 10:00:00,-0.0
2025-10-30 11:00:00,-0.0
2025-10-30 12:00:00,26109.08188635664
2025-10-30 13:00:00,114046.31200439762
2025-10-30 14:00:00,201983.5421224386
2025-10-30 15:00:00,289339.0078289367
2025-10-30 16:00:00,349628.4444099259
2025-10-30 17:00:00,342264.0213287265
2025-10-30 18:00:00,312550.37429958757
2025-10-30 19:00:00,283094.4256904412
2025-10-30 20:00:00,254236.23029239988
2025-10-30 21:00:00,226541.69515513108
2025-10-30 22:00:00,200294.38123048554
2025-10-30 23:00:00,175707.28848000473
2025-10-31 00:00:00,152015.48409261132
2025-10-31 01:00:00,129234.21162011003
2025-10-31 02:00:00,107164.77965791142
2025-10-31 03:00:00,85274.08966297255
2025-10-31 04:00:00,63480.82898526728
2025-10-31 05:00:00,40814.93003227975
2025-10-31 06:00:00,16227.200499217095
2025-10-31 07:00:00,-0.0
2025-10-31 08:00:00,-0.0
2025-10-31 09:00:00,-0.0
2025-10-31 10:00:00,-0.0
2025-10-31 11:00:00,-0.0
2025-10-31 12:00:00,9554.51781359312
2025-10-31 13:00:00,97200.05222910331
2025-10-31 14:00:00,185137.2823471443
2025-10-31 15:00:00,271709.8144709907
2025-10-31 16:00:00,329278.7831208358
2025-10-31 17:00:00,322013.210754704
2025-10-31 18:00:00,293913.21192516974
2025-10-31 19:00:00,266585.7793675665
2025-10-31 20:00:00,240168.53721678758
2025-10-31 21:00:00,214078.49767897534
2025-10-31 22:00:00,189033.18255660994
2025-10-31 23:00:00,165170.50947854485
2025-11-01 00:00:00,141978.832183064
2025-11-01 01:00:00,119653.18707418146
2025-11-01 02:00:00,98250.95268919402
2025-11-01 03:00:00,77072.60817286608
2025-11-01 04:00:00,56289.47098734132
2025-11-01 05:00:00,35050.80005953592
2025-11-01 06:00:00,13065.408806353516
2025-11-01 07:00:00,-0.0
2025-11-01 08:00:00,-0.0
2025-11-01 09:00:00,-0.0
2025-11-01 10:00:00,-0.0
2025-11-01 11:00:00,-0.0
2025-11-01 12:00:00,-0.0
2025-11-01 13:00:00,55173.47914125293
2025-11-01 14:00:00,143110.70925929392
2025-11-01 15:00:00,231047.9393773349
2025-11-01 16:00:00,293686.3519967534
2025-11-01 17:00:00,288108.51954920276
2025-11-01 18:00:00,261144.87155742644
2025-11-01 19:00:00,234617.8813398122
2025-11-01 20:00:00,209046.70845645844
2025-11-01 21:00:00,184005.72228771588
2025-11-01 22:00:00,159806.62098470377
2025-11-01 23:00:00,136671.687724994
2025-11-02 00:00:00,114234.05431377883
2025-11-02 01:00:00,92593.63675273639
2025-11-02 02:00:00,72036.93389512837
2025-11-02 03:00:00,52000.3457849961
2025-11-02 04:00:00,32055.68879368843
2025-11-02 05:00:00,11883.136259743738
2025-11-02 06:00:00,-0.0
2025-11-02 07:00:00,-0.0
2025-11-02 08:00:00,-0.0
2025-11-02 09:00:00,-0.0
2025-11-02 10:00:00,-0.0
2025-11-02 11:00:00,20216.562192045967
2025-11-02 12:00:00,108153.79231008695
2025-11-02 13:00:00,196091.02242812794
2025-11-02 14:00:00,280554.31899897516
2025-11-02 15:00:00,332651.4722975497
2025-11-02 16:00:00,322342.47789265675
2025-11-02 17:00:00,294858.0015307194
2025-11-02 18:00:00,267759.1577049109
2025-11-02 19:00:00,241531.0383378072
2025-11-02 20:00:00,216003.30134224618
2025-11-02 21:00:00,191188.98612159802
2025-11-02 22:00:00,167668.8511251749
2025-11-02 23:00:00,145282.66477969842
2025-11-03 00:00:00,123245.0264740994
2025-11-03 01:00:00,102278.72094740412
2025-11-03 02:00:00,81178.03503764319
2025-11-03 03:00:00,60597.691713247055
2025-11-03 04:00:00,39940.59328295886
2025-11-03 05:00:00,17886.402605211766
2025-11-03 06:00:00,-0.0
2025-11-03 07:00:00,-0.0
2025-11-03 08:00:00,-0.0
2025-11-03 09:00:00,-0.0
2025-11-03 10:00:00,-0.0
2025-11-03 11:00:00,40620.85421967076
2025-11-03 12:00:00,127087.61517167027
2025-11-03 13:00:00,214870.00686323427
2025-11-03 14:00:00,298423.5994964141
2025-11-03 15:00:00,348920.61932270235
2025-11-03 16:00:00,336848.6620076435
2025-11-03 17:00:00,307860.31554188224
2025-11-03 18:00:00,278941.6436032315
2025-11-03 19:00:00,251103.56349760515
2025-11-03 20:00:00,224293.82100791947
2025-11-03 21:00:00,198182.0938478604
2025-11-03 22:00:00,173476.45950691303
2025-11-03 23:00:00,150079.99637152202
2025-11-04 00:00:00,127145.12570002268
2025-11-04 01:00:00,105010.29862954347
2025-11-04 02:00:00,82836.95279197404
2025-11-04 03:00:00,61272.22030744505
2025-11-04 04:00:00,39666.9101832769
2025-11-04 05:00:00,16827.795275778855
2025-11-04 06:00:00,-0.0
2025-11-04 07:00:00,-0.0
2025-11-04 08:00:00,-0.0
2025-11-04 09:00:00,-0.0
2025-11-04 10:00:00,-0.0
2025-11-04 11:00:00,40477.363929636165
2025-11-04 12:00:00,126939.2083348344
2025-11-04 13:00:00,214608.64622269972
2025-11-04 14:00:00,294528.4579365148
2025-11-04 15:00:00,347188.02845989587
2025-11-04 16:00:00,336222.44190219336
2025-11-04 17:00:00,306816.9462410031
2025-11-04 18:00:00,277841.4843056363
2025-11-04 19:00:00,250254.64877428376
2025-11-04 20:00:00,223706.81790621157
2025-11-04 21:00:00,197738.1932132869
2025-11-04 22:00:00,172988.2079968084
2025-11-04 23:00:00,149494.0609555339
2025-11-05 00:00:00,126594.78245907274
2025-11-05 01:00:00,104433.8823871495
2025-11-05 02:00:00,82935.35988347406
2025-11-05 03:00:00,61472.20303245525
2025-11-05 04:00:00,39988.60971223767
2025-11-05 05:00:00,17239.420377557446
2025-11-05 06:00:00,-0.0
2025-11-05 07:00:00,-0.0
2025-11-05 08:00:00,-0.0
2025-11-05 09:00:00,23718.868597576715
2025-11-05 10:00:00,92325.56334937205
2025-11-05 11:00:00,163264.64877143817
2025-11-05 12:00:00,229540.26946315687
2025-11-05 13:00:00,290833.15048966353
2025-11-05 14:00:00,341498.32626001164
2025-11-05 15:00:00,360412.1620406509
2025-11-05 16:00:00,340755.95644051273
2025-11-05 17:00:00,311979.6390761204
2025-11-05 18:00:00,283606.0553708799
2025-11-05 19:00:00,255795.72682370734
2025-11-05 20:00:00,228660.1843956912
2025-11-05 21:00:00,202078.5158833219
2025-11-05 22:00:00,176937.230560799
2025-11-05 23:00:00,153114.56594612522
2025-11-06 00:00:00,129774.66086557746
2025-11-06 01:00:00,107375.85647673014
2025-11-06 02:00:00,85156.69613490063
2025-11-06 03:00:00,63177.03368079297
2025-11-06 04:00:00,41294.11539219186
2025-11-06 05:00:00,18206.271659716083
2025-11-06 06:00:00,-0.0
2025-11-06 07:00:00,-0.0
2025-11-06 08:00:00,-0.0
2025-11-06 09:00:00,-0.0
2025-11-06 10:00:00,-0.0
2025-11-06 11:00:00,73912.08435608653
2025-11-06 12:00:00,154513.5735561481
2025-11-06 13:00:00,234737.42903319874
2025-11-06 14:00:00,306996.2899553747
2025-11-06 15:00:00,354843.3824114222
2025-11-06 16:00:00,342341.1158899862
2025-11-06 17:00:00,313397.12691761204
2025-11-06 18:00:00,285070.8717777075
2025-11-06 19:00:00,257173.3045617715
2025-11-06 20:00:00,230013.12910601258
2025-11-06 21:00:00,203771.14549023862
2025-11-06 22:00:00,178367.84688202722
2025-11-06 23:00:00,154007.31473237253
2025-11-07 00:00:00,130592.5259523373
2025-11-07 01:00:00,107738.23670580568
2025-11-07 02:00:00,85416.23080402956
2025-11-07 03:00:00,63094.86005310014
2025-11-07 04:00:00,41304.116706526365
2025-11-07 05:00:00,18307.26821153121
2025-11-07 06:00:00,-0.0
2025-11-07 07:00:00,-0.0
2025-11-07 08:00:00,-0.0
2025-11-07 09:00:00,-0.0
2025-11-07 10:00:00,-0.0
2025-11-07 11:00:00,52048.68757422306
2025-11-07 12:00:00,136460.21650687366
2025-11-07 13:00:00,220990.16639525822
2025-11-07 14:00:00,300255.69962309604
2025-11-07 15:00:00,349960.514779398
2025-11-07 16:00:00,336693.7372303942
2025-11-07 17:00:00,307557.2696129052
2025-11-07 18:00:00,279050.6507079732
2025-11-07 19:00:00,251521.96685777075
2025-11-07 20:00:00,224904.92904031422
2025-11-07 21:00:00,198899.36696844315
2025-11-07 22:00:00,173956.81461864943
2025-11-07 23:00:00,150171.7791896832
2025-11-08 00:00:00,126629.97523055962
2025-11-08 01:00:00,103967.27151354402
2025-11-08 02:00:00,82147.36479911402
2025-11-08 03:00:00,60589.948956518405
2025-11-08 04:00:00,38869.87980873961
2025-11-08 05:00:00,16873.393709656968
2025-11-08 06:00:00,-0.0
2025-11-08 07:00:00,-0.0
2025-11-08 08:00:00,-0.0
2025-11-08 09:00:00,-0.0
2025-11-08 10:00:00,-0.0
2025-11-08 11:00:00,19193.280425834528
2025-11-08 12:00:00,107130.51054387551
2025-11-08 13:00:00,195067.7406619165
2025-11-08 14:00:00,280805.4855015463
2025-11-08 15:00:00,333581.5113177888
2025-11-08 16:00:00,321635.586401472
2025-11-08 17:00:00,293825.37863644067
2025-11-08 18:00:00,266637.0893200764
2025-11-08 19:00:00,240240.87075961576
2025-11-08 20:00:00,214727.37887065957
2025-11-08 21:00:00,189714.61592146257
2025-11-08 22:00:00,165642.005813401
2025-11-08 23:00:00,142486.89991120945
2025-11-09 00:00:00,119988.83717324446
2025-11-09 01:00:00,98301.05894390278
2025-11-09 02:00:00,77248.87049804213
2025-11-09 03:00:00,56692.20733755967
2025-11-09 04:00:00,36183.128427893855
2025-11-09 05:00:00,15547.746048728553
2025-11-09 06:00:00,-0.0
2025-11-09 07:00:00,-0.0
2025-11-09 08:00:00,-0.0
2025-11-09 09:00:00,-0.0
2025-11-09 10:00:00,-0.0
2025-11-09 11:00:00,33640.118463431136
2025-11-09 12:00:00,121577.34858147212
2025-11-09 13:00:00,209514.5786995131
2025-11-09 14:00:00,294743.0498348395
2025-11-09 15:00:00,345550.281894921
2025-11-09 16:00:00,332161.5117913644
2025-11-09 17:00:00,303762.45440586645
2025-11-09 18:00:00,275913.55909876974
2025-11-09 19:00:00,248861.62887744364
2025-11-09 20:00:00,222433.87287655214
2025-11-09 21:00:00,196906.97926330488
2025-11-09 22:00:00,172620.24790274794
2025-11-09 23:00:00,149676.8524474597
2025-11-10 00:00:00,127173.73528615886
2025-11-10 01:00:00,105470.72331756014
2025-11-10 02:00:00,84141.96792197121
2025-11-10 03:00:00,62918.614759356635
2025-11-10 04:00:00,41507.07732558764
2025-11-10 05:00:00,18942.421648619908
2025-11-10 06:00:00,-0.0
2025-11-10 07:00:00,-0.0
2025-11-10 08:00:00,-0.0
2025-11-10 09:00:00,-0.0
2025-11-10 10:00:00,11913.638717818045
2025-11-10 11:00:00,91380.03388054197
2025-11-10 12:00:00,172527.0529613077
2025-11-10 13:00:00,256256.67996721034
2025-11-10 14:00:00,330935.5848540376
2025-11-10 15:00:00,370775.9177324893
2025-11-10 16:00:00,349827.8072075129
2025-11-10 17:00:00,318616.2282655767
2025-11-10 18:00:00,288411.64194695663
2025-11-10 19:00:00,259335.27736808825
2025-11-10 20:00:00,231013.93283697648
2025-11-10 21:00:00,203564.49948075286
2025-11-10 22:00:00,177503.2961731728
2025-11-10 23:00:00,153110.65215113392
2025-11-11 00:00:00,129526.53805744543
2025-11-11 01:00:00,107052.41561759665
2025-11-11 02:00:00,85045.7899113135
2025-11-11 03:00:00,63461.95093989133
2025-11-11 04:00:00,41773.342635853885
2025-11-11 05:00:00,19164.37943699093
2025-11-11 06:00:00,-0.0
2025-11-11 07:00:00,16937.19164736887
2025-11-11 08:00:00,68047.36580538911
2025-11-11 09:00:00,125440.91142861548
2025-11-11 10:00:00,181993.97326314115
2025-11-11 11:00:00,243195.59020621591
2025-11-11 12:00:00,295866.51128824323
2025-11-11 13:00:00,338195.18575721415
2025-11-11 14:00:00,366936.08139008336
2025-11-11 15:00:00,370775.9177324893
2025-11-11 16:00:00,346674.24708702054
2025-11-11 17:00:00,316857.006673778
2025-11-11 18:00:00,316857.006673778
2025-11-11 19:00:00,288188.2982682551
2025-11-11 20:00:00,260379.48977208688
2025-11-11 21:00:00,233444.7575569115
2025-11-11 22:00:00,216592.15139016835
2025-11-11 23:00:00,192475.75883322698
2025-11-12 00:00:00,168970.14068244497
2025-11-12 01:00:00,168970.14068244497
2025-11-12 02:00:00,146335.28180791187
2025-11-12 03:00:00,123923.24109559832
2025-11-12 04:00:00,101859.8050648256
2025-11-12 05:00:00,78738.86735455501
2025-11-12 06:00:00,56059.01749789186
2025-11-12 07:00:00,48737.00074446046
2025-11-12 08:00:00,62539.55400591733
2025-11-12 09:00:00,93636.96303175812
2025-11-12 10:00:00,133669.4830471357
2025-11-12 11:00:00,181953.37637958955
2025-11-12 12:00:00,226311.00159538246
2025-11-12 13:00:00,257619.3569520883
2025-11-12 14:00:00,272349.87279462616
2025-11-12 15:00:00,270016.8929223536
2025-11-12 16:00:00,245129.91136141634
2025-11-12 17:00:00,245129.91136141634
2025-11-12 18:00:00,216107.56715509912
2025-11-12 19:00:00,187691.02632066296
2025-11-12 20:00:00,160424.02421452643
2025-11-12 21:00:00,133926.10429788267
2025-11-12 22:00:00,108548.4952839228
2025-11-12 23:00:00,108548.4952839228
2025-11-13 00:00:00,108548.4952839228
2025-11-13 01:00:00,108548.4952839228
2025-11-13 02:00:00,87007.54824712583
2025-11-13 03:00:00,65604.44607095697
2025-11-13 04:00:00,44127.51315048816
2025-11-13 05:00:00,21692.43184491771
2025-11-13 06:00:00,-0.0
2025-11-13 07:00:00,-0.0
2025-11-13 08:00:00,9391.670452842089
2025-11-13 09:00:00,66121.720528987
2025-11-13 10:00:00,125130.79146517732
2025-11-13 11:00:00,184368.74106618992
2025-11-13 12:00:00,240743.86808011265
2025-11-13 13:00:00,300652.2612233716
2025-11-13 14:00:00,349388.00821739883
2025-11-13 15:00:00,370775.9177324893
2025-11-13 16:00:00,349079.4770463189
2025-11-13 17:00:00,320364.10878171446
2025-11-13 18:00:00,320364.10878171446
2025-11-13 19:00:00,320364.10878171446
2025-11-13 20:00:00,320364.10878171446
2025-11-13 21:00:00,320364.10878171446
2025-11-13 22:00:00,295329.27647908503
2025-11-13 23:00:00,295329.27647908503
2025-11-14 00:00:00,295329.27647908503
2025-11-14 01:00:00,272003.7923934342
2025-11-14 02:00:00,248729.4602613381
2025-11-14 03:00:00,248729.4602613381
2025-11-14 04:00:00,248729.4602613381
2025-11-14 05:00:00,248729.4602613381
2025-11-14 06:00:00,226680.73788882126
2025-11-14 07:00:00,226680.73788882126
2025-11-14 08:00:00,227636.4316986931
2025-11-14 09:00:00,233449.66019371912
2025-11-14 10:00:00,246491.68971000344
2025-11-14 11:00:00,266504.420786298
2025-11-14 12:00:00,289734.32492651563
2025-11-14 13:00:00,309327.4592426578
2025-11-14 14:00:00,316913.86992300046
2025-11-14 15:00:00,316913.86992300046
2025-11-14 16:00:00,316913.86992300046
2025-11-14 17:00:00,289190.7241502796
2025-11-14 18:00:00,262078.93464386163
2025-11-14 19:00:00,234967.45702234827
2025-11-14 20:00:00,208299.43620972426
2025-11-14 21:00:00,208299.43620972426
2025-11-14 22:00:00,208299.43620972426
2025-11-14 23:00:00,184619.55054907902
2025-11-15 00:00:00,184619.55054907902
2025-11-15 01:00:00,161667.87032055177
2025-11-15 02:00:00,161667.87032055177
2025-11-15 03:00:00,157938.7852957731
2025-11-15 04:00:00,157938.7852957731
2025-11-15 05:00:00,157938.7852957731
2025-11-15 06:00:00,136046.4427641653
2025-11-15 07:00:00,119895.67815844985
2025-11-15 08:00:00,107486.37127572544
2025-11-15 09:00:00,102038.79806679812
2025-11-15 10:00:00,97475.6490836452
2025-11-15 11:00:00,97475.6490836452
2025-11-15 12:00:00,91613.22869058227
2025-11-15 13:00:00,91613.22869058227
2025-11-15 14:00:00,91613.22869058227
2025-11-15 15:00:00,91613.22869058227
2025-11-15 16:00:00,91613.22869058227
2025-11-15 17:00:00,91613.22869058227
2025-11-15 18:00:00,65976.30519358508
2025-11-15 19:00:00,65976.30519358508
2025-11-15 20:00:00,65976.30519358508
2025-11-15 21:00:00,41736.258531800646
2025-11-15 22:00:00,41736.258531800646
2025-11-15 23:00:00,41736.258531800646
2025-11-16 00:00:00,41736.258531800646
2025-11-16 01:00:00,20685.276615033905
2025-11-16 02:00:00,20685.276615033905
2025-11-16 03:00:00,20685.276615033905
2025-11-16 04:00:00,20685.276615033905
2025-11-16 05:00:00,499.33088862318203
2025-11-16 06:00:00,499.33088862318203
2025-11-16 07:00:00,-0.0
2025-11-16 08:00:00,22966.990731699894
2025-11-16 09:00:00,51948.44619826443
2025-11-16 10:00:00,85507.17257629259
2025-11-16 11:00:00,123962.19637305147
2025-11-16 12:00:00,158037.04244088207
2025-11-16 13:00:00,184577.66648600253
2025-11-16 14:00:00,211695.16232443938
2025-11-16 15:00:00,222446.81963021046
2025-11-16 16:00:00,222446.81963021046
2025-11-16 17:00:00,196346.04000345504
2025-11-16 18:00:00,196346.04000345504
2025-11-16 19:00:00,170886.80634283044
2025-11-16 20:00:00,166010.25828374454
2025-11-16 21:00:00,166010.25828374454
2025-11-16 22:00:00,142864.68167127334
2025-11-16 23:00:00,142864.68167127334
2025-11-17 00:00:00,119685.32631929463
2025-11-17 01:00:00,96653.91524892012
2025-11-17 02:00:00,74474.47040970084
2025-11-17 03:00:00,74474.47040970084
2025-11-17 04:00:00,52801.29839512911
2025-11-17 05:00:00,30524.602302314877
2025-11-17 06:00:00,8812.423281513577
2025-11-17 07:00:00,8763.194697324467
2025-11-17 08:00:00,27096.283983560443
2025-11-17 09:00:00,57748.04371772014
2025-11-17 10:00:00,88292.24897917564
2025-11-17 11:00:00,116982.55569944446
2025-11-17 12:00:00,150575.13100892404
2025-11-17 13:00:00,178009.7100642172
2025-11-17 14:00:00,192499.01340996337
2025-11-17 15:00:00,184626.87646270482
2025-11-17 16:00:00,159687.97329670767
2025-11-17 17:00:00,131205.50567286927
2025-11-17 18:00:00,102983.41321902449
2025-11-17 19:00:00,102983.41321902449
2025-11-17 20:00:00,102983.41321902449
2025-11-17 21:00:00,76918.14701499847
2025-11-17 22:00:00,51977.279099834486
2025-11-17 23:00:00,28225.906803829093
2025-11-18 00:00:00,28225.906803829093
2025-11-18 01:00:00,28225.906803829093
2025-11-18 02:00:00,28225.906803829093
2025-11-18 03:00:00,28225.906803829093
2025-11-18 04:00:00,28225.906803829093
2025-11-18 05:00:00,5790.552995305834
2025-11-18 06:00:00,5790.552995305834
2025-11-18 07:00:00,-0.0
2025-11-18 08:00:00,20523.96343772247
2025-11-18 09:00:00,64576.81322514774
2025-11-18 10:00:00,113119.20513700099
2025-11-18 11:00:00,163184.65387257867
2025-11-18 12:00:00,215392.88021469896
2025-11-18 13:00:00,266909.09294101154
2025-11-18 14:00:00,318388.03939084866
2025-11-18 15:00:00,344400.92135737534
2025-11-18 16:00:00,325696.0716264575
2025-11-18 17:00:00,297621.2867317182
2025-11-18 18:00:00,269597.5385413243
2025-11-18 19:00:00,241967.58595982098
2025-11-18 20:00:00,214811.80273907722
2025-11-18 21:00:00,188389.99712438058
2025-11-18 22:00:00,163317.56455296464
2025-11-18 23:00:00,139769.84999120736
2025-11-19 00:00:00,116529.49965373779
2025-11-19 01:00:00,94124.23075348545
2025-11-19 02:00:00,72186.61429732238
2025-11-19 03:00:00,50645.12615687041
2025-11-19 04:00:00,47146.36616704404
2025-11-19 05:00:00,24023.94706145123
2025-11-19 06:00:00,-0.0
2025-11-19 07:00:00,-0.0
2025-11-19 08:00:00,-0.0
2025-11-19 09:00:00,50927.25193515246
2025-11-19 10:00:00,116219.2920124365
2025-11-19 11:00:00,182425.67549142876
2025-11-19 12:00:00,245679.82815391434
2025-11-19 13:00:00,296041.6467033947
2025-11-19 14:00:00,344685.1809599032
2025-11-19 15:00:00,370775.9177324893
2025-11-19 16:00:00,351614.2482896404
2025-11-19 17:00:00,351614.2482896404
2025-11-19 18:00:00,323516.74379112764
2025-11-19 19:00:00,306884.0764360369
2025-11-19 20:00:00,306884.0764360369
2025-11-19 21:00:00,280325.93651706143
2025-11-19 22:00:00,255168.7947285803
2025-11-19 23:00:00,231450.53104226678
2025-11-20 00:00:00,208208.83838458091
2025-11-20 01:00:00,185960.0630022735
2025-11-20 02:00:00,185960.0630022735
2025-11-20 03:00:00,164155.0404330888
2025-11-20 04:00:00,142294.1623954788
2025-11-20 05:00:00,119133.72947213026
2025-11-20 06:00:00,96484.40690718102
2025-11-20 07:00:00,106969.11441540075
2025-11-20 08:00:00,150570.4797680818
2025-11-20 09:00:00,202112.88983293134
2025-11-20 10:00:00,249592.66209447017
2025-11-20 11:00:00,288912.63108672074
2025-11-20 12:00:00,321609.71829335956
2025-11-20 13:00:00,352178.80309493805
2025-11-20 14:00:00,370775.9177324893
2025-11-20 15:00:00,370775.9177324893
2025-11-20 16:00:00,345258.8227260535
2025-11-20 17:00:00,335655.47535416833
2025-11-20 18:00:00,335655.47535416833
2025-11-20 19:00:00,307450.9443921662
2025-11-20 20:00:00,279669.892194706
2025-11-20 21:00:00,252707.79987099575
2025-11-20 22:00:00,252707.79987099575
2025-11-20 23:00:00,228284.811112142
2025-11-21 00:00:00,228284.811112142
2025-11-21 01:00:00,228284.811112142
2025-11-21 02:00:00,205352.2168209736
2025-11-21 03:00:00,205352.2168209736
2025-11-21 04:00:00,205352.2168209736
2025-11-21 05:00:00,205352.2168209736
2025-11-21 06:00:00,205352.2168209736
2025-11-21 07:00:00,181851.44550943325
2025-11-21 08:00:00,168273.88591544025
2025-11-21 09:00:00,164550.4802877588
2025-11-21 10:00:00,167558.86584099458
2025-11-21 11:00:00,177448.3367496456
2025-11-21 12:00:00,191418.05353346423
2025-11-21 13:00:00,204772.42030382514
2025-11-21 14:00:00,214273.87633231544
2025-11-21 15:00:00,209260.1010541068
2025-11-21 16:00:00,209260.1010541068
2025-11-21 17:00:00,181309.86828360416
2025-11-21 18:00:00,153616.64377550164
2025-11-21 19:00:00,153616.64377550164
2025-11-21 20:00:00,153616.64377550164
2025-11-21 21:00:00,153616.64377550164
2025-11-21 22:00:00,153616.64377550164
2025-11-21 23:00:00,129338.86133395426
2025-11-22 00:00:00,129338.86133395426
2025-11-22 01:00:00,106889.16051729038
2025-11-22 02:00:00,106889.16051729038
2025-11-22 03:00:00,85771.15484651568
2025-11-22 04:00:00,85771.15484651568
2025-11-22 05:00:00,64156.03379807055
2025-11-22 06:00:00,41636.097134663694
2025-11-22 07:00:00,41636.097134663694
2025-11-22 08:00:00,43978.981542241854
2025-11-22 09:00:00,63664.36522883281
2025-11-22 10:00:00,86310.30940313356
2025-11-22 11:00:00,109975.50628748308
2025-11-22 12:00:00,140206.3854926776
2025-11-22 13:00:00,170637.68511476502
2025-11-22 14:00:00,196853.21245158752
2025-11-22 15:00:00,207638.07674689635
2025-11-22 16:00:00,187077.98079053973
2025-11-22 17:00:00,160920.52578211532
2025-11-22 18:00:00,135042.4311350935
2025-11-22 19:00:00,109442.32888188947
2025-11-22 20:00:00,109442.32888188947
2025-11-22 21:00:00,109442.32888188947
2025-11-22 22:00:00,85427.31181474288
2025-11-22 23:00:00,85427.31181474288
2025-11-23 00:00:00,62884.05957245332
2025-11-23 01:00:00,41402.31898960723
2025-11-23 02:00:00,20722.895733907193
2025-11-23 03:00:00,20722.895733907193
2025-11-23 04:00:00,20722.895733907193
2025-11-23 05:00:00,-0.0
2025-11-23 06:00:00,-0.0
2025-11-23 07:00:00,-0.0
2025-11-23 08:00:00,-0.0
2025-11-23 09:00:00,-0.0
2025-11-23 10:00:00,7246.3753429476055
2025-11-23 11:00:00,80305.82982161354
2025-11-23 12:00:00,155650.91903905594
2025-11-23 13:00:00,234797.1841803119
2025-11-23 14:00:00,308686.9539547377
2025-11-23 15:00:00,346508.0374840046
2025-11-23 16:00:00,329730.32592726627
2025-11-23 17:00:00,303506.1120129666
2025-11-23 18:00:00,277401.2349524227
2025-11-23 19:00:00,251833.55813989328
2025-11-23 20:00:00,226875.17416322159
2025-11-23 21:00:00,202275.36034341797
2025-11-23 22:00:00,178385.6155818387
2025-11-23 23:00:00,155605.47311236593
2025-11-24 00:00:00,133300.72805731668
2025-11-24 01:00:00,111586.6113933769
2025-11-24 02:00:00,89478.31501976115
2025-11-24 03:00:00,68122.46610302263
2025-11-24 04:00:00,46120.27220976765
2025-11-24 05:00:00,23089.877255100022
2025-11-24 06:00:00,-0.0
2025-11-24 07:00:00,-0.0
2025-11-24 08:00:00,-0.0
2025-11-24 09:00:00,44319.76760400262
2025-11-24 10:00:00,105265.51202470828
2025-11-24 11:00:00,166730.96592137864
2025-11-24 12:00:00,227585.39960917286
2025-11-24 13:00:00,286749.7132526199
2025-11-24 14:00:00,341875.17286783474
2025-11-24 15:00:00,367018.7328760194
2025-11-24 16:00:00,345606.7751798594
2025-11-24 17:00:00,317290.88377942954
2025-11-24 18:00:00,289437.9303867653
2025-11-24 19:00:00,262047.30493947674
2025-11-24 20:00:00,235329.5491793765
2025-11-24 21:00:00,208847.4973981062
2025-11-24 22:00:00,183480.48385580748
2025-11-24 23:00:00,159520.40575417984
2025-11-25 00:00:00,136214.39553513756
2025-11-25 01:00:00,113708.84866731113
2025-11-25 02:00:00,91230.02339040149
2025-11-25 03:00:00,69148.34281159512
2025-11-25 04:00:00,47045.61909643227
2025-11-25 05:00:00,23603.575687741566
2025-11-25 06:00:00,-0.0
2025-11-25 07:00:00,-0.0
2025-11-25 08:00:00,-0.0
2025-11-25 09:00:00,45988.85930472008
2025-11-25 10:00:00,106401.66709924222
2025-11-25 11:00:00,166725.92052083195
2025-11-25 12:00:00,227849.602949168
2025-11-25 13:00:00,289027.94216554594
2025-11-25 14:00:00,346056.07007956883
2025-11-25 15:00:00,370775.9177324893
2025-11-25 16:00:00,349278.95074936224
2025-11-25 17:00:00,320618.14851338544
2025-11-25 18:00:00,295289.58926906274
2025-11-25 19:00:00,267454.5547804573
2025-11-25 20:00:00,240192.60534997107
2025-11-25 21:00:00,213350.0114323494
2025-11-25 22:00:00,187643.67437960044
2025-11-25 23:00:00,162824.5803053351
2025-11-26 00:00:00,138718.4058949764
2025-11-26 01:00:00,115452.70396119496
2025-11-26 02:00:00,92690.40657030088
2025-11-26 03:00:00,70428.23731381688
2025-11-26 04:00:00,47734.155496163075
2025-11-26 05:00:00,23781.821425673224
2025-11-26 06:00:00,-0.0
2025-11-26 07:00:00,-0.0
2025-11-26 08:00:00,-0.0
2025-11-26 09:00:00,-0.0
2025-11-26 10:00:00,54844.630876690986
2025-11-26 11:00:00,120241.11185245814
2025-11-26 12:00:00,189422.77295942005
2025-11-26 13:00:00,262747.81100214564
2025-11-26 14:00:00,333153.45147865766
2025-11-26 15:00:00,365371.4138107444
2025-11-26 16:00:00,344234.99476381805
2025-11-26 17:00:00,315601.260869882
2025-11-26 18:00:00,287436.58948280633
2025-11-26 19:00:00,259931.3192407549
2025-11-26 20:00:00,232995.69026688064
2025-11-26 21:00:00,206337.36538546876
2025-11-26 22:00:00,180473.62451491586
2025-11-26 23:00:00,156227.35377285918
2025-11-27 00:00:00,132532.53423171965
2025-11-27 01:00:00,109992.21400057197
2025-11-27 02:00:00,88377.01402378464
2025-11-27 03:00:00,67105.68040226081
2025-11-27 04:00:00,45898.65598078865
2025-11-27 05:00:00,24217.283063960094
2025-11-27 06:00:00,2310.3712374362603
2025-11-27 07:00:00,-0.0
2025-11-27 08:00:00,5947.022002731552
2025-11-27 09:00:00,47552.19435041382
2025-11-27 10:00:00,99868.38085864595
2025-11-27 11:00:00,157071.29551403626
2025-11-27 12:00:00,218147.7614739093
2025-11-27 13:00:00,272777.56665018323
2025-11-27 14:00:00,317564.3363344186
2025-11-27 15:00:00,334256.3742958874
2025-11-27 16:00:00,314829.3942628858
2025-11-27 17:00:00,289682.37276697595
2025-11-27 18:00:00,265261.30368985765
2025-11-27 19:00:00,241445.84639507043
2025-11-27 20:00:00,217796.43548934013
2025-11-27 21:00:00,194051.6622016791
2025-11-27 22:00:00,170912.83930460826
2025-11-27 23:00:00,148646.52222238717
2025-11-28 00:00:00,126602.05479687711
2025-11-28 01:00:00,105261.4404858597
2025-11-28 02:00:00,84470.12160153614
2025-11-28 03:00:00,63978.665051233416
2025-11-28 04:00:00,43283.10345618309
2025-11-28 05:00:00,21697.151657430524
2025-11-28 06:00:00,-0.0
2025-11-28 07:00:00,-0.0
2025-11-28 08:00:00,-0.0
2025-11-28 09:00:00,35446.59560607078
2025-11-28 10:00:00,96603.55394363531
2025-11-28 11:00:00,157108.8639902256
2025-11-28 12:00:00,218385.3320186436
2025-11-28 13:00:00,278345.15065113036
2025-11-28 14:00:00,326654.9839343906
2025-11-28 15:00:00,349945.62544240843
2025-11-28 16:00:00,329945.19420591183
2025-11-28 17:00:00,302746.14520275116
2025-11-28 18:00:00,275783.83676160686
2025-11-28 19:00:00,249183.17194558485
2025-11-28 20:00:00,223154.71762711828
2025-11-28 21:00:00,197479.3463730298
2025-11-28 22:00:00,172749.0076190837
2025-11-28 23:00:00,149222.2764645826
2025-11-29 00:00:00,126336.50331392694
2025-11-29 01:00:00,104590.94682168905
2025-11-29 02:00:00,83665.47334935753
2025-11-29 03:00:00,63043.04761338945
2025-11-29 04:00:00,42366.91748934507
2025-11-29 05:00:00,21094.32830128766
2025-11-29 06:00:00,-0.0
2025-11-29 07:00:00,-0.0
2025-11-29 08:00:00,5634.053199265967
2025-11-29 09:00:00,60490.342374501386
2025-11-29 10:00:00,118095.71456484172
2025-11-29 11:00:00,178502.77118550517
2025-11-29 12:00:00,237906.67976811936
2025-11-29 13:00:00,294171.950790164
2025-11-29 14:00:00,347768.10500382265
2025-11-29 15:00:00,370775.9177324893
2025-11-29 16:00:00,350300.793179668
2025-11-29 17:00:00,323523.3977009006
2025-11-29 18:00:00,296898.5599084522
2025-11-29 19:00:00,270744.12203125155
2025-11-29 20:00:00,245110.78708378086
2025-11-29 21:00:00,219730.06328008435
2025-11-29 22:00:00,195270.57341377865
2025-11-29 23:00:00,172042.1253476184
2025-11-30 00:00:00,149300.75799527438
2025-11-30 01:00:00,127461.93218630896
2025-11-30 02:00:00,106227.80376389904
2025-11-30 03:00:00,85434.74471718051
2025-11-30 04:00:00,64409.23636893728
2025-11-30 05:00:00,43315.16815341942
2025-11-30 06:00:00,22098.535789158916
2025-11-30 07:00:00,27607.48270271178
2025-11-30 08:00:00,68588.17172672361
2025-11-30 09:00:00,117649.72825278499
2025-11-30 10:00:00,170991.69038636758
2025-11-30 11:00:00,226748.75053705787
2025-11-30 12:00:00,275473.7746410354
2025-11-30 13:00:00,312039.8521710259
2025-11-30 14:00:00,334074.07512825954
2025-11-30 15:00:00,331985.61304506264
2025-11-30 16:00:00,308587.1348017716
2025-11-30 17:00:00,281046.7265976696
2025-11-30 18:00:00,269256.5464681179
2025-11-30 19:00:00,241863.72093571746
2025-11-30 20:00:00,215144.3321933531
2025-11-30 21:00:00,188993.12556308837
2025-11-30 22:00:00,164037.77715688146
2025-11-30 23:00:00,140325.21214574727
2025-12-01 00:00:00,140325.21214574727
2025-12-01 01:00:00,116891.453776981
2025-12-01 02:00:00,94236.87719998762
2025-12-01 03:00:00,71781.02509446687
2025-12-01 04:00:00,49045.100605943284
2025-12-01 05:00:00,25248.11104009776
2025-12-01 06:00:00,-0.0
2025-12-01 07:00:00,-0.0
2025-12-01 08:00:00,-0.0
2025-12-01 09:00:00,15201.385575309505
2025-12-01 10:00:00,75593.55126268831
2025-12-01 11:00:00,137907.32396180407
2025-12-01 12:00:00,203593.4378313695
2025-12-01 13:00:00,271982.5360408612
2025-12-01 14:00:00,339464.42791635776
2025-12-01 15:00:00,370775.9177324893
2025-12-01 16:00:00,349480.4281730154
2025-12-01 17:00:00,320064.4426251028
2025-12-01 18:00:00,290786.8169621694
2025-12-01 19:00:00,272394.0975427051
2025-12-01 20:00:00,244183.5715104708
2025-12-01 21:00:00,216571.46525453753
2025-12-01 22:00:00,190449.83540933655
2025-12-01 23:00:00,165991.18354450262
2025-12-02 00:00:00,142114.5317097468
2025-12-02 01:00:00,119017.9526711715
2025-12-02 02:00:00,95935.48118674781
2025-12-02 03:00:00,73017.12063093427
2025-12-02 04:00:00,50254.406639473054
2025-12-02 05:00:00,25959.494320090394
2025-12-02 06:00:00,-0.0
2025-12-02 07:00:00,-0.0
2025-12-02 08:00:00,33876.73179824391
2025-12-02 09:00:00,89564.83848993303
2025-12-02 10:00:00,143178.64302029004
2025-12-02 11:00:00,195452.86773778393
2025-12-02 12:00:00,245953.85770199215
2025-12-02 13:00:00,295983.6929960581
2025-12-02 14:00:00,348127.32309146284
2025-12-02 15:00:00,370775.9177324893
2025-12-02 16:00:00,347536.45422450104
2025-12-02 17:00:00,318449.53839947854
2025-12-02 18:00:00,289550.84280386975
2025-12-02 19:00:00,260935.37546425773
2025-12-02 20:00:00,232949.70909323846
2025-12-02 21:00:00,205367.01532412492
2025-12-02 22:00:00,179140.5519605049
2025-12-02 23:00:00,154316.227767811
2025-12-03 00:00:00,130086.4795892192
2025-12-03 01:00:00,120295.3283717957
2025-12-03 02:00:00,96813.52226982525
2025-12-03 03:00:00,73807.37203628558
2025-12-03 04:00:00,50711.16277548617
2025-12-03 05:00:00,26424.279149151705
2025-12-03 06:00:00,247.65364161325266
2025-12-03 07:00:00,-0.0
2025-12-03 08:00:00,3042.1886909864625
2025-12-03 09:00:00,57170.335475353735
2025-12-03 10:00:00,112600.90718349654
2025-12-03 11:00:00,170559.55586202609
2025-12-03 12:00:00,231045.73575325613
2025-12-03 13:00:00,292819.45218959247
2025-12-03 14:00:00,348476.36923514755
2025-12-03 15:00:00,370775.9177324893
2025-12-03 16:00:00,346960.8610157295
2025-12-03 17:00:00,317483.4775217165
2025-12-03 18:00:00,288233.23686287616
2025-12-03 19:00:00,259306.10680441192
2025-12-03 20:00:00,230670.80960583774
2025-12-03 21:00:00,202692.88912853782
2025-12-03 22:00:00,175958.72858505836
2025-12-03 23:00:00,150908.975252377
2025-12-04 00:00:00,126480.72495575793
2025-12-04 01:00:00,102734.55880600825
2025-12-04 02:00:00,79216.91061735843
2025-12-04 03:00:00,55756.12090730821
2025-12-04 04:00:00,53158.74967738542
2025-12-04 05:00:00,28237.006386885216
2025-12-04 06:00:00,1761.9808125625277
2025-12-04 07:00:00,-0.0
2025-12-04 08:00:00,15742.667973688483
2025-12-04 09:00:00,68588.72752264753
2025-12-04 10:00:00,125723.36954487834
2025-12-04 11:00:00,184384.03551448174
2025-12-04 12:00:00,244545.7006324203
2025-12-04 13:00:00,300642.6757916865
2025-12-04 14:00:00,348362.81627795805
2025-12-04 15:00:00,370775.9177324893
2025-12-04 16:00:00,347663.9140428797
2025-12-04 17:00:00,318317.0034632195
2025-12-04 18:00:00,288973.3609320153
2025-12-04 19:00:00,259443.54274762448
2025-12-04 20:00:00,230726.0711931192
2025-12-04 21:00:00,202483.70575666847
2025-12-04 22:00:00,192122.930479648
2025-12-04 23:00:00,167108.57952104555
2025-12-05 00:00:00,142720.99356107
2025-12-05 01:00:00,119272.14915776576
2025-12-05 02:00:00,96193.59014129394
2025-12-05 03:00:00,73501.08182556968
2025-12-05 04:00:00,50470.69636405958
2025-12-05 05:00:00,26151.489986747085
2025-12-05 06:00:00,-0.0
2025-12-05 07:00:00,-0.0
2025-12-05 08:00:00,2614.073970131103
2025-12-05 09:00:00,58255.09560069162
2025-12-05 10:00:00,113924.05835197037
2025-12-05 11:00:00,168451.39260999527
2025-12-05 12:00:00,226640.28585665804
2025-12-05 13:00:00,287328.8641947186
2025-12-05 14:00:00,344343.5286522573
2025-12-05 15:00:00,370775.9177324893
2025-12-05 16:00:00,349243.7769380025
2025-12-05 17:00:00,320230.86609771306
2025-12-05 18:00:00,291665.2567882411
2025-12-05 19:00:00,263631.45431180915
2025-12-05 20:00:00,235842.5769864151
2025-12-05 21:00:00,208306.96811537305
2025-12-05 22:00:00,181843.72302498514
2025-12-05 23:00:00,156618.03654321728
2025-12-06 00:00:00,132031.36871572057
2025-12-06 01:00:00,108376.33816557932
2025-12-06 02:00:00,85708.00986678324
2025-12-06 03:00:00,63467.89843323059
2025-12-06 04:00:00,41014.9303125043
2025-12-06 05:00:00,18181.46023923206
2025-12-06 06:00:00,-0.0
2025-12-06 07:00:00,-0.0
2025-12-06 08:00:00,3358.639221034129
2025-12-06 09:00:00,57939.661216573404
2025-12-06 10:00:00,113702.17197470766
2025-12-06 11:00:00,170568.43211416603
2025-12-06 12:00:00,229379.52903630142
2025-12-06 13:00:00,287678.4982613959
2025-12-06 14:00:00,340787.89923213737
2025-12-06 15:00:00,362825.9216639839
2025-12-06 16:00:00,342311.65233465785
2025-12-06 17:00:00,314653.929428691
2025-12-06 18:00:00,287458.3703406187
2025-12-06 19:00:00,260557.5619997923
2025-12-06 20:00:00,233927.25059037312
2025-12-06 21:00:00,207274.1006066431
2025-12-06 22:00:00,181536.3783402394
2025-12-06 23:00:00,157008.54164825095
2025-12-07 00:00:00,133241.47054946225
2025-12-07 01:00:00,110307.352317688
2025-12-07 02:00:00,88017.07015982288
2025-12-07 03:00:00,66293.47076437672
2025-12-07 04:00:00,44549.00117437715
2025-12-07 05:00:00,22408.56079541982
2025-12-07 06:00:00,-0.0
2025-12-07 07:00:00,-0.0
2025-12-07 08:00:00,13298.359360623166
2025-12-07 09:00:00,68787.62153137272
2025-12-07 10:00:00,125283.78517612777
2025-12-07 11:00:00,181149.10465522629
2025-12-07 12:00:00,237890.40551631644
2025-12-07 13:00:00,295603.79806427256
2025-12-07 14:00:00,348909.1336338453
2025-12-07 15:00:00,370775.9177324893
2025-12-07 16:00:00,349811.7691689434
2025-12-07 17:00:00,321995.1215224336
2025-12-07 18:00:00,294052.9737756852
2025-12-07 19:00:00,266379.8500494128
2025-12-07 20:00:00,239073.16979770604
2025-12-07 21:00:00,221359.17471570085
2025-12-07 22:00:00,195969.07601838253
2025-12-07 23:00:00,171891.13045747761
2025-12-08 00:00:00,148350.68457644252
2025-12-08 01:00:00,125289.90406206362
2025-12-08 02:00:00,102543.80465318481
2025-12-08 03:00:00,79733.21101411797
2025-12-08 04:00:00,56912.00062020714
2025-12-08 05:00:00,32455.81824756814
2025-12-08 06:00:00,6118.623149796309
2025-12-08 07:00:00,3315.169393810793
2025-12-08 08:00:00,41774.21191245552
2025-12-08 09:00:00,93152.10844429344
2025-12-08 10:00:00,144783.54329789843
2025-12-08 11:00:00,195565.6715766731
2025-12-08 12:00:00,246766.9288934088
2025-12-08 13:00:00,299345.50155086943
2025-12-08 14:00:00,350081.044783688
2025-12-08 15:00:00,370775.9177324893
2025-12-08 16:00:00,347335.7017295039
2025-12-08 17:00:00,317075.1060744602
2025-12-08 18:00:00,286951.4476209747
2025-12-08 19:00:00,257365.22889900717
2025-12-08 20:00:00,228327.7930301476
2025-12-08 21:00:00,200097.18475124653
2025-12-08 22:00:00,173533.9811692033
2025-12-08 23:00:00,148247.74513627728
2025-12-09 00:00:00,123998.60036765611
2025-12-09 01:00:00,100316.42281781616
2025-12-09 02:00:00,77135.04847698854
2025-12-09 03:00:00,54209.388014015
2025-12-09 04:00:00,31174.74298557851
2025-12-09 05:00:00,6691.694715698174
2025-12-09 06:00:00,2272.2206439732954
2025-12-09 07:00:00,-0.0
2025-12-09 08:00:00,16412.66303369566
2025-12-09 09:00:00,71274.57417078028
2025-12-09 10:00:00,126801.63691087413
2025-12-09 11:00:00,182135.3977259165
2025-12-09 12:00:00,239449.25288971298
2025-12-09 13:00:00,297139.6020932178
2025-12-09 14:00:00,350032.47874096787
2025-12-09 15:00:00,370775.9177324893
2025-12-09 16:00:00,346832.4100184689
2025-12-09 17:00:00,316301.9896152441
2025-12-09 18:00:00,285987.06666350825
2025-12-09 19:00:00,256311.28803132137
2025-12-09 20:00:00,227186.72353252833
2025-12-09 21:00:00,198779.10918074174
2025-12-09 22:00:00,171688.97306069848
2025-12-09 23:00:00,146420.5602434175
2025-12-10 00:00:00,146420.5602434175
2025-12-10 01:00:00,122749.19551069058
2025-12-10 02:00:00,102114.41923815101
2025-12-10 03:00:00,79128.41161599627
2025-12-10 04:00:00,56186.30793110447
2025-12-10 05:00:00,31806.30727595593
2025-12-10 06:00:00,5583.038394353582
2025-12-10 07:00:00,1579.5373537692212
2025-12-10 08:00:00,39669.39239905053
2025-12-10 09:00:00,93114.98832223768
2025-12-10 10:00:00,148179.5866164989
2025-12-10 11:00:00,203451.31312697
2025-12-10 12:00:00,256282.7353599543
2025-12-10 13:00:00,306573.79758453916
2025-12-10 14:00:00,351778.46459046064
2025-12-10 15:00:00,370775.9177324893
2025-12-10 16:00:00,370775.9177324893
2025-12-10 17:00:00,340296.847153911
2025-12-10 18:00:00,310177.48887837556
2025-12-10 19:00:00,280522.0635095378
2025-12-10 20:00:00,251400.87870448077
2025-12-10 21:00:00,223048.76714388732
2025-12-10 22:00:00,196203.6534559641
2025-12-10 23:00:00,170771.81377713868
2025-12-11 00:00:00,149254.47262739312
2025-12-11 01:00:00,125292.51913489093
2025-12-11 02:00:00,101863.3558665222
2025-12-11 03:00:00,78812.21672984942
2025-12-11 04:00:00,55587.46131223392
2025-12-11 05:00:00,31230.94698813578
2025-12-11 06:00:00,5034.315616108145
2025-12-11 07:00:00,-0.0
2025-12-11 08:00:00,16054.4254409153
2025-12-11 09:00:00,69821.77671535438
2025-12-11 10:00:00,125815.08998882973
2025-12-11 11:00:00,182294.4364479337
2025-12-11 12:00:00,239993.26435132563
2025-12-11 13:00:00,297634.5587583679
2025-12-11 14:00:00,349873.8426736389
2025-12-11 15:00:00,370775.9177324893
2025-12-11 16:00:00,347335.1652830942
2025-12-11 17:00:00,316957.2630946386
2025-12-11 18:00:00,289381.8482423635
2025-12-11 19:00:00,259795.59355686622
2025-12-11 20:00:00,230798.40751224037
2025-12-11 21:00:00,202424.3583397559
2025-12-11 22:00:00,175414.329435847
2025-12-11 23:00:00,150055.28813466977
2025-12-12 00:00:00,125604.5067551869
2025-12-12 01:00:00,101975.43303578596
2025-12-12 02:00:00,101975.43303578596
2025-12-12 03:00:00,78883.62794654579
2025-12-12 04:00:00,56032.50346849505
2025-12-12 05:00:00,31827.831191469966
2025-12-12 06:00:00,5657.6937697491085
2025-12-12 07:00:00,-0.0
2025-12-12 08:00:00,22344.89315525059
2025-12-12 09:00:00,75754.88903345127
2025-12-12 10:00:00,131902.13796362866
2025-12-12 11:00:00,188081.55496709785
2025-12-12 12:00:00,245311.8852862131
2025-12-12 13:00:00,301876.15136647987
2025-12-12 14:00:00,352011.2064491719
2025-12-12 15:00:00,370775.9177324893
2025-12-12 16:00:00,347580.7205728195
2025-12-12 17:00:00,317833.0297364859
2025-12-12 18:00:00,288546.5069842738
2025-12-12 19:00:00,259867.33562971358
2025-12-12 20:00:00,231585.9332743288
2025-12-12 21:00:00,203739.88041740016
2025-12-12 22:00:00,177039.0388677988
2025-12-12 23:00:00,151680.55205198153
2025-12-13 00:00:00,127146.95920194623
2025-12-13 01:00:00,103523.77625453578
2025-12-13 02:00:00,80835.87220770608
2025-12-13 03:00:00,58559.772153634345
2025-12-13 04:00:00,36330.62948470004
2025-12-13 05:00:00,13493.377367454053
2025-12-13 06:00:00,3266.2065482043713
2025-12-13 07:00:00,-0.0
2025-12-13 08:00:00,10414.346933227855
2025-12-13 09:00:00,65652.21993794251
2025-12-13 10:00:00,123877.56402234558
2025-12-13 11:00:00,182775.7360754559
2025-12-13 12:00:00,241454.28716243143
2025-12-13 13:00:00,299284.64905897295
2025-12-13 14:00:00,350838.70261462714
2025-12-13 15:00:00,370775.9177324893
2025-12-13 16:00:00,349292.55952278554
2025-12-13 17:00:00,321580.9092491658
2025-12-13 18:00:00,294076.5991357494
2025-12-13 19:00:00,266901.4789571002
2025-12-13 20:00:00,239920.43669716036
2025-12-13 21:00:00,213246.09729537973
2025-12-13 22:00:00,187516.8388061043
2025-12-13 23:00:00,163103.9242638196
2025-12-14 00:00:00,139255.80467059868
2025-12-14 01:00:00,116401.7079899112
2025-12-14 02:00:00,94071.82194729644
2025-12-14 03:00:00,72336.39790180844
2025-12-14 04:00:00,54307.506565060256
2025-12-14 05:00:00,32460.89333639936
2025-12-14 06:00:00,9995.772770848878
2025-12-14 07:00:00,-0.0
2025-12-14 08:00:00,18597.086011901887
2025-12-14 09:00:00,57008.5413719561
2025-12-14 10:00:00,100978.13806347398
2025-12-14 11:00:00,150755.8353725014
2025-12-14 12:00:00,200432.46297362115
2025-12-14 13:00:00,248257.1720552586
2025-12-14 14:00:00,297126.1530016022
2025-12-14 15:00:00,320156.39443330234
2025-12-14 16:00:00,299898.4583426412
2025-12-14 17:00:00,299898.4583426412
2025-12-14 18:00:00,271540.65340680734
2025-12-14 19:00:00,248758.60421732254
2025-12-14 20:00:00,248758.60421732254
2025-12-14 21:00:00,221611.48501334497
2025-12-14 22:00:00,195544.16536640073
2025-12-14 23:00:00,171175.52165304948
2025-12-15 00:00:00,147520.63912152936
2025-12-15 01:00:00,124538.7390398025
2025-12-15 02:00:00,101567.79978243228
2025-12-15 03:00:00,79054.4487169192
2025-12-15 04:00:00,56192.999324305165
2025-12-15 05:00:00,32049.320198649883
2025-12-15 06:00:00,5827.999249587248
2025-12-15 07:00:00,-0.0
2025-12-15 08:00:00,19020.263880351165
2025-12-15 09:00:00,72949.62239660535
2025-12-15 10:00:00,127840.5708462699
2025-12-15 11:00:00,183009.366957627
2025-12-15 12:00:00,237779.06210817507
2025-12-15 13:00:00,294699.41150883114
2025-12-15 14:00:00,347910.60521707754
2025-12-15 15:00:00,370775.9177324893
2025-12-15 16:00:00,347476.15861237043
2025-12-15 17:00:00,316977.9149872788
2025-12-15 18:00:00,286600.05286593526
2025-12-15 19:00:00,256632.37466877338
2025-12-15 20:00:00,227249.04656836065
2025-12-15 21:00:00,198524.3984365781
2025-12-15 22:00:00,171445.69189374178
2025-12-15 23:00:00,145830.41755515427
2025-12-16 00:00:00,121030.15514055525
2025-12-16 01:00:00,97340.85946497842
2025-12-16 02:00:00,81188.50243877864
2025-12-16 03:00:00,58135.18351249203
2025-12-16 04:00:00,35165.226104387955
2025-12-16 05:00:00,35165.226104387955
2025-12-16 06:00:00,8677.27843180396
2025-12-16 07:00:00,1983.616514975649
2025-12-16 08:00:00,39129.892553830425
2025-12-16 09:00:00,90989.56120009144
2025-12-16 10:00:00,145205.41237895066
2025-12-16 11:00:00,198810.73720787812
2025-12-16 12:00:00,252645.28681326297
2025-12-16 13:00:00,304727.98392562417
2025-12-16 14:00:00,352021.5945117321
2025-12-16 15:00:00,370775.9177324893
2025-12-16 16:00:00,347963.8015565956
2025-12-16 17:00:00,317904.72947785264
2025-12-16 18:00:00,288032.3858493354
2025-12-16 19:00:00,258683.0780727401
2025-12-16 20:00:00,229793.85333006873
2025-12-16 21:00:00,201591.98749878546
2025-12-16 22:00:00,174808.24647349858
2025-12-16 23:00:00,149786.73847522459
2025-12-17 00:00:00,125667.79065879359
2025-12-17 01:00:00,102446.15926160314
2025-12-17 02:00:00,79443.21769528283
2025-12-17 03:00:00,58149.0279730116
2025-12-17 04:00:00,35594.999037360714
2025-12-17 05:00:00,35594.999037360714
2025-12-17 06:00:00,9429.000886537475
2025-12-17 07:00:00,-0.0
2025-12-17 08:00:00,31701.635113231547
2025-12-17 09:00:00,80414.18490468456
2025-12-17 10:00:00,129445.76166398483
2025-12-17 11:00:00,180048.6706966858
2025-12-17 12:00:00,233698.52636392968
2025-12-17 13:00:00,291702.8328725786
2025-12-17 14:00:00,346444.6463452156
2025-12-17 15:00:00,370775.9177324893
2025-12-17 16:00:00,349965.4387620056
2025-12-17 17:00:00,320469.8196491771
2025-12-17 18:00:00,291426.7625714157
2025-12-17 19:00:00,262885.730203037
2025-12-17 20:00:00,234624.80439134166
2025-12-17 21:00:00,206930.28488731952
2025-12-17 22:00:00,180773.9913265587
2025-12-17 23:00:00,156222.7029483798
2025-12-18 00:00:00,156222.7029483798
2025-12-18 01:00:00,133150.08665484987
2025-12-18 02:00:00,110459.28324950332
2025-12-18 03:00:00,88321.27052896988
2025-12-18 04:00:00,65860.29634107454
2025-12-18 05:00:00,42219.09787569818
2025-12-18 06:00:00,16314.340962028606
2025-12-18 07:00:00,4556.5630432212765
2025-12-18 08:00:00,21230.919901465393
2025-12-18 09:00:00,56256.38944835156
2025-12-18 10:00:00,98593.3500065798
2025-12-18 11:00:00,145752.21592049117
2025-12-18 12:00:00,193494.14135806428
2025-12-18 13:00:00,245995.39012861202
2025-12-18 14:00:00,291158.00199477293
2025-12-18 15:00:00,307852.5869666814
2025-12-18 16:00:00,286745.27187133563
2025-12-18 17:00:00,257609.97342714903
2025-12-18 18:00:00,257609.97342714903
2025-12-18 19:00:00,229328.51667004768
2025-12-18 20:00:00,201654.27044483158
2025-12-18 21:00:00,201654.27044483158
2025-12-18 22:00:00,191433.45125195954
2025-12-18 23:00:00,166598.7727260333
2025-12-19 00:00:00,142255.53079539447
2025-12-19 01:00:00,118272.74038814886
2025-12-19 02:00:00,94850.080396493
2025-12-19 03:00:00,71571.84683279414
2025-12-19 04:00:00,48531.47748939283
2025-12-19 05:00:00,25201.7671735467
2025-12-19 06:00:00,-0.0
2025-12-19 07:00:00,-0.0
2025-12-19 08:00:00,-0.0
2025-12-19 09:00:00,45731.765998715615
2025-12-19 10:00:00,100719.49972847596
2025-12-19 11:00:00,156998.3934703028
2025-12-19 12:00:00,216229.72928156558
2025-12-19 13:00:00,278014.73363894963
2025-12-19 14:00:00,337115.0818258969
2025-12-19 15:00:00,366453.956128457
2025-12-19 16:00:00,346796.3135250547
2025-12-19 17:00:00,318099.7873967425
2025-12-19 18:00:00,289863.07411840494
2025-12-19 19:00:00,262404.2428545568
2025-12-19 20:00:00,235379.40478300594
2025-12-19 21:00:00,208858.1641184946
2025-12-19 22:00:00,183507.49565471878
2025-12-19 23:00:00,159683.7606670321
2025-12-20 00:00:00,136219.86983777166
2025-12-20 01:00:00,113730.43887926018
2025-12-20 02:00:00,91886.2921312518
2025-12-20 03:00:00,70772.15923868195
2025-12-20 04:00:00,49699.76691230671
2025-12-20 05:00:00,28317.365621291367
2025-12-20 06:00:00,5841.195218376844
2025-12-20 07:00:00,-0.0
2025-12-20 08:00:00,-0.0
2025-12-20 09:00:00,19965.68732806077
2025-12-20 10:00:00,78973.25109830924
2025-12-20 11:00:00,136399.18939058203
2025-12-20 12:00:00,199596.28329468623
2025-12-20 13:00:00,264852.0304777063
2025-12-20 14:00:00,323696.8575104884
2025-12-20 15:00:00,350299.179512023
2025-12-20 16:00:00,331242.9957270328
2025-12-20 17:00:00,304207.6534735062
2025-12-20 18:00:00,277720.15911829093
2025-12-20 19:00:00,251703.62222793046
2025-12-20 20:00:00,225834.28762339815
2025-12-20 21:00:00,200390.36191330862
2025-12-20 22:00:00,175822.0113237118
2025-12-20 23:00:00,152423.69875552948
2025-12-21 00:00:00,129517.80281886156
2025-12-21 01:00:00,107761.95648382782
2025-12-21 02:00:00,86748.88025705678
2025-12-21 03:00:00,66182.72810586635
2025-12-21 04:00:00,45870.4119877281
2025-12-21 05:00:00,25315.39036241675
2025-12-21 06:00:00,3778.095391321664
2025-12-21 07:00:00,-0.0
2025-12-21 08:00:00,-0.0
2025-12-21 09:00:00,42535.99017002089
2025-12-21 10:00:00,102507.48724790146
2025-12-21 11:00:00,161780.25336770588
2025-12-21 12:00:00,222816.81044546253
2025-12-21 13:00:00,286661.4768689476
2025-12-21 14:00:00,345353.7282784293
2025-12-21 15:00:00,370775.9177324893
2025-12-21 16:00:00,368135.1443699167
2025-12-21 17:00:00,341185.1961073737
2025-12-21 18:00:00,314499.57529796
2025-12-21 19:00:00,288102.10535360506
2025-12-21 20:00:00,262180.58864246064
2025-12-21 21:00:00,236870.1411629463
2025-12-21 22:00:00,212481.52106122713
2025-12-21 23:00:00,189137.24942968335
2025-12-22 00:00:00,165764.2359956265
2025-12-22 01:00:00,143209.22351889094
2025-12-22 02:00:00,120668.76408006418
2025-12-22 03:00:00,120668.76408006418
2025-12-22 04:00:00,98870.9986556129
2025-12-22 05:00:00,76389.47295380343
2025-12-22 06:00:00,52338.00223458063
2025-12-22 07:00:00,40367.71841058218
2025-12-22 08:00:00,65706.99299143688
2025-12-22 09:00:00,114124.1841197245
2025-12-22 10:00:00,171266.07089114556
2025-12-22 11:00:00,229976.9176804901
2025-12-22 12:00:00,287459.0051924774
2025-12-22 13:00:00,333068.5954009779
2025-12-22 14:00:00,365150.5329719182
2025-12-22 15:00:00,370775.9177324893
2025-12-22 16:00:00,370775.9177324893
2025-12-22 17:00:00,370775.9177324893
2025-12-22 18:00:00,342665.566226379
2025-12-22 19:00:00,342665.566226379
2025-12-22 20:00:00,342665.566226379
2025-12-22 21:00:00,342665.566226379
2025-12-22 22:00:00,342665.566226379
2025-12-22 23:00:00,342665.566226379
2025-12-23 00:00:00,318638.7356035148
2025-12-23 01:00:00,318638.7356035148
2025-12-23 02:00:00,295345.16935183684
2025-12-23 03:00:00,272654.37430333614
2025-12-23 04:00:00,272654.37430333614
2025-12-23 05:00:00,272654.37430333614
2025-12-23 06:00:00,248229.40584292132
2025-12-23 07:00:00,248229.40584292132
2025-12-23 08:00:00,248229.40584292132
2025-12-23 09:00:00,249728.27630579637
2025-12-23 10:00:00,264097.129766455
2025-12-23 11:00:00,284942.05863109045
2025-12-23 12:00:00,302648.3424452743
2025-12-23 13:00:00,307852.6117893899
2025-12-23 14:00:00,309922.7283773203
2025-12-23 15:00:00,309922.7283773203
2025-12-23 16:00:00,283992.08888886456
2025-12-23 17:00:00,283992.08888886456
2025-12-23 18:00:00,283992.08888886456
2025-12-23 19:00:00,283992.08888886456
2025-12-23 20:00:00,277143.629327426
2025-12-23 21:00:00,250400.9005588954
2025-12-23 22:00:00,224677.39534683188
2025-12-23 23:00:00,224677.39534683188
2025-12-24 00:00:00,224677.39534683188
2025-12-24 01:00:00,224677.39534683188
2025-12-24 02:00:00,201398.5436938284
2025-12-24 03:00:00,201398.5436938284
2025-12-24 04:00:00,201398.5436938284
2025-12-24 05:00:00,179039.24441809638
2025-12-24 06:00:00,179039.24441809638
2025-12-24 07:00:00,179039.24441809638
2025-12-24 08:00:00,160579.5404024201
2025-12-24 09:00:00,160579.5404024201
2025-12-24 10:00:00,152713.79488740684
2025-12-24 11:00:00,152713.79488740684
2025-12-24 12:00:00,151319.34105440273
2025-12-24 13:00:00,152295.6908739336
2025-12-24 14:00:00,152295.6908739336
2025-12-24 15:00:00,152295.6908739336
2025-12-24 16:00:00,152295.6908739336
2025-12-24 17:00:00,125297.36698372403
2025-12-24 18:00:00,98891.55344671145
2025-12-24 19:00:00,98891.55344671145
2025-12-24 20:00:00,98891.55344671145
2025-12-24 21:00:00,74485.87741491187
2025-12-24 22:00:00,74485.87741491187
2025-12-24 23:00:00,74485.87741491187
2025-12-25 00:00:00,74485.87741491187
2025-12-25 01:00:00,74485.87741491187
2025-12-25 02:00:00,52129.18734607218
2025-12-25 03:00:00,30528.494796608888
2025-12-25 04:00:00,9090.015704804466
2025-12-25 05:00:00,9090.015704804466
2025-12-25 06:00:00,9090.015704804466
2025-12-25 07:00:00,-0.0
2025-12-25 08:00:00,26635.81975297491
2025-12-25 09:00:00,66094.14604613099
2025-12-25 10:00:00,107658.50310542724
2025-12-25 11:00:00,149714.8413199821
2025-12-25 12:00:00,187309.57871721475
2025-12-25 13:00:00,219661.6541941462
2025-12-25 14:00:00,246005.806411729
2025-12-25 15:00:00,257881.83114624344
2025-12-25 16:00:00,257881.83114624344
2025-12-25 17:00:00,233525.97846339195
2025-12-25 18:00:00,209465.93400608492
2025-12-25 19:00:00,209465.93400608492
2025-12-25 20:00:00,186030.68639006102
2025-12-25 21:00:00,162835.3325957874
2025-12-25 22:00:00,162835.3325957874
2025-12-25 23:00:00,141106.56159353623
2025-12-26 00:00:00,141106.56159353623
2025-12-26 01:00:00,119950.54664182014
2025-12-26 02:00:00,119950.54664182014
2025-12-26 03:00:00,99533.2916413335
2025-12-26 04:00:00,99533.2916413335
2025-12-26 05:00:00,99533.2916413335
2025-12-26 06:00:00,81714.73806809477
2025-12-26 07:00:00,67196.84974736268
2025-12-26 08:00:00,73387.00010198375
2025-12-26 09:00:00,95681.95225708686
2025-12-26 10:00:00,128638.39498918448
2025-12-26 11:00:00,162383.9195583927
2025-12-26 12:00:00,189863.25334962376
2025-12-26 13:00:00,213079.57921803262
2025-12-26 14:00:00,223886.5799597748
2025-12-26 15:00:00,221055.1600857146
2025-12-26 16:00:00,199084.4096807454
2025-12-26 17:00:00,199084.4096807454
2025-12-26 18:00:00,172005.584099237
2025-12-26 19:00:00,145620.9208523594
2025-12-26 20:00:00,145620.9208523594
2025-12-26 21:00:00,120065.58140154397
2025-12-26 22:00:00,95618.66725995539
2025-12-26 23:00:00,95618.66725995539
2025-12-27 00:00:00,73242.0926563729
2025-12-27 01:00:00,51999.3593454646
2025-12-27 02:00:00,51999.3593454646
2025-12-27 03:00:00,31719.265504310482
2025-12-27 04:00:00,31719.265504310482
2025-12-27 05:00:00,11137.000688301972
2025-12-27 06:00:00,11137.000688301972
2025-12-27 07:00:00,-0.0
2025-12-27 08:00:00,-0.0
2025-12-27 09:00:00,-0.0
2025-12-27 10:00:00,56394.99419697595
2025-12-27 11:00:00,122071.82202952383
2025-12-27 12:00:00,187093.50437457918
2025-12-27 13:00:00,251610.63133496206
2025-12-27 14:00:00,308780.2852482435
2025-12-27 15:00:00,345244.15945050475
2025-12-27 16:00:00,331134.595536596
2025-12-27 17:00:00,305142.9141075349
2025-12-27 18:00:00,278990.4618961554
2025-12-27 19:00:00,253090.96206677007
2025-12-27 20:00:00,227481.81579959675
2025-12-27 21:00:00,202202.05372063693
2025-12-27 22:00:00,177798.67460289126
2025-12-27 23:00:00,154561.4642416457
2025-12-28 00:00:00,131967.2594716797
2025-12-28 01:00:00,110268.21091743404
2025-12-28 02:00:00,89107.01460328636
2025-12-28 03:00:00,68463.49206289352
2025-12-28 04:00:00,47824.9601795616
2025-12-28 05:00:00,26747.87587535863
2025-12-28 06:00:00,4752.338125923762
2025-12-28 07:00:00,-0.0
2025-12-28 08:00:00,-0.0
2025-12-28 09:00:00,24754.005062210512
2025-12-28 10:00:00,85486.58817744773
2025-12-28 11:00:00,146890.11727141004
2025-12-28 12:00:00,206768.70850374422
2025-12-28 13:00:00,264719.7155256874
2025-12-28 14:00:00,321836.1813402689
2025-12-28 15:00:00,359062.4766828503
2025-12-28 16:00:00,345131.923609224
2025-12-28 17:00:00,318531.34664443776
2025-12-28 18:00:00,291946.58791006706
2025-12-28 19:00:00,265637.1853704737
2025-12-28 20:00:00,239593.29387604957
2025-12-28 21:00:00,213655.10891952494
2025-12-28 22:00:00,189057.34634485646
2025-12-28 23:00:00,165767.11955009378
2025-12-29 00:00:00,143184.37101955176
2025-12-29 01:00:00,121458.4525435394
2025-12-29 02:00:00,100109.10091626804
2025-12-29 03:00:00,78795.68689648905
2025-12-29 04:00:00,57128.28071020927
2025-12-29 05:00:00,34317.82343487969
2025-12-29 06:00:00,9553.929095916372
2025-12-29 07:00:00,-0.0
2025-12-29 08:00:00,-0.0
2025-12-29 09:00:00,-0.0
2025-12-29 10:00:00,42295.5665547871
2025-12-29 11:00:00,111801.74864482084
2025-12-29 12:00:00,183623.54408489302
2025-12-29 13:00:00,258656.4359168083
2025-12-29 14:00:00,330160.61399527296
2025-12-29 15:00:00,370775.9177324893
2025-12-29 16:00:00,370775.9177324893
2025-12-29 17:00:00,370775.9177324893
2025-12-29 18:00:00,370775.9177324893
2025-12-29 19:00:00,370775.9177324893
2025-12-29 20:00:00,370775.9177324893
2025-12-29 21:00:00,370775.9177324893
2025-12-29 22:00:00,345396.24091570824
2025-12-29 23:00:00,321387.27076539025
2025-12-30 00:00:00,321387.27076539025
2025-12-30 01:00:00,298581.042955266
2025-12-30 02:00:00,298581.042955266
2025-12-30 03:00:00,276360.69558189256
2025-12-30 04:00:00,276360.69558189256
2025-12-30 05:00:00,276360.69558189256
2025-12-30 06:00:00,251544.8367158102
2025-12-30 07:00:00,251544.8367158102
2025-12-30 08:00:00,251544.8367158102
2025-12-30 09:00:00,261785.34273861395
2025-12-30 10:00:00,278088.9114559769
2025-12-30 11:00:00,299075.1453484648
2025-12-30 12:00:00,316250.0862721969
2025-12-30 13:00:00,327513.0443791461
2025-12-30 14:00:00,334053.00841873087
2025-12-30 15:00:00,334714.4348948534
2025-12-30 16:00:00,334714.4348948534
2025-12-30 17:00:00,305793.03677982197
2025-12-30 18:00:00,277457.3861130083
2025-12-30 19:00:00,277457.3861130083
2025-12-30 20:00:00,277457.3861130083
2025-12-30 21:00:00,250798.16582740637
2025-12-30 22:00:00,250798.16582740637
2025-12-30 23:00:00,226831.56398491314
2025-12-31 00:00:00,226831.56398491314
2025-12-31 01:00:00,226101.7265868598
2025-12-31 02:00:00,226101.7265868598
2025-12-31 03:00:00,226101.7265868598
2025-12-31 04:00:00,226101.7265868598
2025-12-31 05:00:00,203031.93252916503
2025-12-31 06:00:00,203031.93252916503
2025-12-31 07:00:00,179169.7201515817
2025-12-31 08:00:00,179169.7201515817
2025-12-31 09:00:00,179169.7201515817
2025-12-31 10:00:00,179169.7201515817
2025-12-31 11:00:00,179169.7201515817
2025-12-31 12:00:00,179169.7201515817
2025-12-31 13:00:00,179169.7201515817
2025-12-31 14:00:00,162474.5759292975
2025-12-31 15:00:00,139720.60883793718
2025-12-31 16:00:00,139720.60883793718
2025-12-31 17:00:00,139720.60883793718
2025-12-31 18:00:00,112408.91806584942
2025-12-31 19:00:00,112408.91806584942
2025-12-31 20:00:00,112408.91806584942
2025-12-31 21:00:00,87949.75321211708
2025-12-31 22:00:00,87949.75321211708
2025-12-31 23:00:00,65047.89398929018
