timestamp,solar_cf
2025-01-01 00:00:00,0.0
2025-01-01 01:00:00,0.0
2025-01-01 02:00:00,0.0
2025-01-01 03:00:00,0.0
2025-01-01 04:00:00,0.0
2025-01-01 05:00:00,0.0
2025-01-01 06:00:00,8.087717068549179e-05
2025-01-01 07:00:00,0.1000450601379533
2025-01-01 08:00:00,0.4238849541503467
2025-01-01 09:00:00,0.6115045849653191
2025-01-01 10:00:00,0.633114194713714
2025-01-01 11:00:00,0.611269656040947
2025-01-01 12:00:00,0.617454833951466
2025-01-01 13:00:00,0.6257197105367548
2025-01-01 14:00:00,0.5464446780896043
2025-01-01 15:00:00,0.4049173319776779
2025-01-01 16:00:00,0.0803071791968511
2025-01-01 17:00:00,0.001136131683439
2025-01-01 18:00:00,0.0
2025-01-01 19:00:00,0.0
2025-01-01 20:00:00,0.0
2025-01-01 21:00:00,0.0
2025-01-01 22:00:00,0.0
2025-01-01 23:00:00,0.0
2025-01-02 00:00:00,0.0
2025-01-02 01:00:00,0.0
2025-01-02 02:00:00,0.0
2025-01-02 03:00:00,0.0
2025-01-02 04:00:00,0.0
2025-01-02 05:00:00,0.0
2025-01-02 06:00:00,0.0001694569290553
2025-01-02 07:00:00,0.1017319268408221
2025-01-02 08:00:00,0.4644968477159901
2025-01-02 09:00:00,0.6532757179774545
2025-01-02 10:00:00,0.6689081196828074
2025-01-02 11:00:00,0.6457926540421255
2025-01-02 12:00:00,0.6484038312671142
2025-01-02 13:00:00,0.667252063330676
2025-01-02 14:00:00,0.6557559512118096
2025-01-02 15:00:00,0.4593130062044344
2025-01-02 16:00:00,0.0904091229448533
2025-01-02 17:00:00,0.0045830396721778
2025-01-02 18:00:00,0.0
2025-01-02 19:00:00,0.0
2025-01-02 20:00:00,0.0
2025-01-02 21:00:00,0.0
2025-01-02 22:00:00,0.0
2025-01-02 23:00:00,0.0
2025-01-03 00:00:00,0.0
2025-01-03 01:00:00,0.0
2025-01-03 02:00:00,0.0
2025-01-03 03:00:00,0.0
2025-01-03 04:00:00,0.0
2025-01-03 05:00:00,0.0
2025-01-03 06:00:00,0.0
2025-01-03 07:00:00,0.0522659087320385
2025-01-03 08:00:00,0.2382448883702479
2025-01-03 09:00:00,0.3141192283547657
2025-01-03 10:00:00,0.4050482759683115
2025-01-03 11:00:00,0.480891805602092
2025-01-03 12:00:00,0.4987001883282689
2025-01-03 13:00:00,0.4692917085494871
2025-01-03 14:00:00,0.4255718208532156
2025-01-03 15:00:00,0.2823537567445783
2025-01-03 16:00:00,0.0517806457079255
2025-01-03 17:00:00,0.0
2025-01-03 18:00:00,0.0
2025-01-03 19:00:00,0.0
2025-01-03 20:00:00,0.0
2025-01-03 21:00:00,0.0
2025-01-03 22:00:00,0.0
2025-01-03 23:00:00,0.0
2025-01-04 00:00:00,0.0
2025-01-04 01:00:00,0.0
2025-01-04 02:00:00,0.0
2025-01-04 03:00:00,0.0
2025-01-04 04:00:00,0.0
2025-01-04 05:00:00,0.0
2025-01-04 06:00:00,0.0001347952844758
2025-01-04 07:00:00,0.075208066149823
2025-01-04 08:00:00,0.4157356163803229
2025-01-04 09:00:00,0.6140117772565694
2025-01-04 10:00:00,0.6288854740750155
2025-01-04 11:00:00,0.619145551948177
2025-01-04 12:00:00,0.5975243883182555
2025-01-04 13:00:00,0.5450543610125822
2025-01-04 14:00:00,0.5151567669158454
2025-01-04 15:00:00,0.3213635120718805
2025-01-04 16:00:00,0.0532287321925801
2025-01-04 17:00:00,0.0
2025-01-04 18:00:00,0.0
2025-01-04 19:00:00,0.0
2025-01-04 20:00:00,0.0
2025-01-04 21:00:00,0.0
2025-01-04 22:00:00,0.0
2025-01-04 23:00:00,0.0
2025-01-05 00:00:00,0.0
2025-01-05 01:00:00,0.0
2025-01-05 02:00:00,0.0
2025-01-05 03:00:00,0.0
2025-01-05 04:00:00,0.0
2025-01-05 05:00:00,0.0
2025-01-05 06:00:00,0.0001309439906336
2025-01-05 07:00:00,0.0863383053536835
2025-01-05 08:00:00,0.416594454907126
2025-01-05 09:00:00,0.5965192006254502
2025-01-05 10:00:00,0.6327906860309721
2025-01-05 11:00:00,0.6440788282823614
2025-01-05 12:00:00,0.6482074152811637
2025-01-05 13:00:00,0.6607087150928355
2025-01-05 14:00:00,0.6511921680088426
2025-01-05 15:00:00,0.455623466703639
2025-01-05 16:00:00,0.0974955036144392
2025-01-05 17:00:00,0.0005853966640092
2025-01-05 18:00:00,0.0
2025-01-05 19:00:00,0.0
2025-01-05 20:00:00,0.0
2025-01-05 21:00:00,0.0
2025-01-05 22:00:00,0.0
2025-01-05 23:00:00,0.0
2025-01-06 00:00:00,0.0
2025-01-06 01:00:00,0.0
2025-01-06 02:00:00,0.0
2025-01-06 03:00:00,0.0
2025-01-06 04:00:00,0.0
2025-01-06 05:00:00,0.0
2025-01-06 06:00:00,0.0002079698674769
2025-01-06 07:00:00,0.0948304082756602
2025-01-06 08:00:00,0.4617046596804196
2025-01-06 09:00:00,0.6606856073297824
2025-01-06 10:00:00,0.6783630460653256
2025-01-06 11:00:00,0.65534771406454
2025-01-06 12:00:00,0.6508725106199428
2025-01-06 13:00:00,0.64395173558557
2025-01-06 14:00:00,0.5945897024105249
2025-01-06 15:00:00,0.3943686381439845
2025-01-06 16:00:00,0.089708187465579
2025-01-06 17:00:00,0.0014865994230761
2025-01-06 18:00:00,0.001367209313969
2025-01-06 19:00:00,0.0
2025-01-06 20:00:00,0.0
2025-01-06 21:00:00,0.0
2025-01-06 22:00:00,0.0
2025-01-06 23:00:00,0.0
2025-01-07 00:00:00,0.0
2025-01-07 01:00:00,0.0
2025-01-07 02:00:00,0.0
2025-01-07 03:00:00,0.0
2025-01-07 04:00:00,0.0
2025-01-07 05:00:00,0.0
2025-01-07 06:00:00,0.0
2025-01-07 07:00:00,0.0452912155838754
2025-01-07 08:00:00,0.2650961090378312
2025-01-07 09:00:00,0.463264433686497
2025-01-07 10:00:00,0.5484743099444258
2025-01-07 11:00:00,0.5540240243709874
2025-01-07 12:00:00,0.5738774441273545
2025-01-07 13:00:00,0.5724717218749639
2025-01-07 14:00:00,0.5158499998074353
2025-01-07 15:00:00,0.3685187538753644
2025-01-07 16:00:00,0.0736136304991662
2025-01-07 17:00:00,0.0
2025-01-07 18:00:00,0.0
2025-01-07 19:00:00,0.0
2025-01-07 20:00:00,0.0
2025-01-07 21:00:00,0.0
2025-01-07 22:00:00,0.0
2025-01-07 23:00:00,0.0
2025-01-08 00:00:00,0.0
2025-01-08 01:00:00,0.0
2025-01-08 02:00:00,0.0
2025-01-08 03:00:00,0.0
2025-01-08 04:00:00,0.0
2025-01-08 05:00:00,0.0
2025-01-08 06:00:00,0.0
2025-01-08 07:00:00,0.0401728460676364
2025-01-08 08:00:00,0.2511274662722941
2025-01-08 09:00:00,0.41853935829742
2025-01-08 10:00:00,0.5339010140456686
2025-01-08 11:00:00,0.5741431834024641
2025-01-08 12:00:00,0.6130836154406073
2025-01-08 13:00:00,0.6528174140102367
2025-01-08 14:00:00,0.6603389908839875
2025-01-08 15:00:00,0.5032947818819732
2025-01-08 16:00:00,0.1121766357407771
2025-01-08 17:00:00,0.0046870246059163
2025-01-08 18:00:00,0.0
2025-01-08 19:00:00,0.0
2025-01-08 20:00:00,0.0
2025-01-08 21:00:00,0.0
2025-01-08 22:00:00,0.0
2025-01-08 23:00:00,0.0
2025-01-09 00:00:00,0.0
2025-01-09 01:00:00,0.0
2025-01-09 02:00:00,0.0
2025-01-09 03:00:00,0.0
2025-01-09 04:00:00,0.0
2025-01-09 05:00:00,0.0
2025-01-09 06:00:00,7.317458300115923e-05
2025-01-09 07:00:00,0.1116913727166641
2025-01-09 08:00:00,0.5100229922242377
2025-01-09 09:00:00,0.6898476043026655
2025-01-09 10:00:00,0.7023373502328107
2025-01-09 11:00:00,0.6827265619885
2025-01-09 12:00:00,0.6783745999468521
2025-01-09 13:00:00,0.6715038917324275
2025-01-09 14:00:00,0.638787150543225
2025-01-09 15:00:00,0.5073810046485117
2025-01-09 16:00:00,0.136331950718844
2025-01-09 17:00:00,0.0004698578487442
2025-01-09 18:00:00,0.0
2025-01-09 19:00:00,0.0
2025-01-09 20:00:00,0.0
2025-01-09 21:00:00,0.0
2025-01-09 22:00:00,0.0
2025-01-09 23:00:00,0.0
2025-01-10 00:00:00,0.0
2025-01-10 01:00:00,0.0
2025-01-10 02:00:00,0.0
2025-01-10 03:00:00,0.0
2025-01-10 04:00:00,0.0
2025-01-10 05:00:00,0.0
2025-01-10 06:00:00,9.24310522119906e-05
2025-01-10 07:00:00,0.1076475141823895
2025-01-10 08:00:00,0.5064451402448653
2025-01-10 09:00:00,0.6868667028688288
2025-01-10 10:00:00,0.6866279226506145
2025-01-10 11:00:00,0.6645869679918969
2025-01-10 12:00:00,0.6620335601745406
2025-01-10 13:00:00,0.6503641398327767
2025-01-10 14:00:00,0.6256850488921752
2025-01-10 15:00:00,0.489206749007329
2025-01-10 16:00:00,0.1237921379687506
2025-01-10 17:00:00,0.0045714857906513
2025-01-10 18:00:00,0.0
2025-01-10 19:00:00,0.0
2025-01-10 20:00:00,0.0
2025-01-10 21:00:00,0.0
2025-01-10 22:00:00,0.0
2025-01-10 23:00:00,0.0
2025-01-11 00:00:00,0.0
2025-01-11 01:00:00,0.0
2025-01-11 02:00:00,0.0
2025-01-11 03:00:00,0.0
2025-01-11 04:00:00,0.0
2025-01-11 05:00:00,0.0
2025-01-11 06:00:00,0.0001232414029493
2025-01-11 07:00:00,0.1033109573161103
2025-01-11 08:00:00,0.4878048780487805
2025-01-11 09:00:00,0.6730598144446627
2025-01-11 10:00:00,0.6920775034372798
2025-01-11 11:00:00,0.6571154579380943
2025-01-11 12:00:00,0.6094402914659179
2025-01-11 13:00:00,0.5813489541811572
2025-01-11 14:00:00,0.5633287502936611
2025-01-11 15:00:00,0.4751995933033702
2025-01-11 16:00:00,0.1280786280150816
2025-01-11 17:00:00,0.0010860648634908
2025-01-11 18:00:00,0.0
2025-01-11 19:00:00,0.0
2025-01-11 20:00:00,0.0
2025-01-11 21:00:00,0.0
2025-01-11 22:00:00,0.0
2025-01-11 23:00:00,0.0
2025-01-12 00:00:00,0.0
2025-01-12 01:00:00,0.0
2025-01-12 02:00:00,0.0
2025-01-12 03:00:00,0.0
2025-01-12 04:00:00,0.0
2025-01-12 05:00:00,0.0
2025-01-12 06:00:00,7.702587684332552e-05
2025-01-12 07:00:00,0.112477036660466
2025-01-12 08:00:00,0.5239531220513531
2025-01-12 09:00:00,0.7035967233191991
2025-01-12 10:00:00,0.7049870403962212
2025-01-12 11:00:00,0.690113343577775
2025-01-12 12:00:00,0.6875021663527863
2025-01-12 13:00:00,0.6967452715739852
2025-01-12 14:00:00,0.695301036383173
2025-01-12 15:00:00,0.53166341232337
2025-01-12 16:00:00,0.1364975563540571
2025-01-12 17:00:00,0.0029963066092053
2025-01-12 18:00:00,0.0
2025-01-12 19:00:00,0.0
2025-01-12 20:00:00,0.0
2025-01-12 21:00:00,0.0
2025-01-12 22:00:00,0.0
2025-01-12 23:00:00,0.0
2025-01-13 00:00:00,0.0
2025-01-13 01:00:00,0.0
2025-01-13 02:00:00,0.0
2025-01-13 03:00:00,0.0
2025-01-13 04:00:00,0.0
2025-01-13 05:00:00,0.0
2025-01-13 06:00:00,0.0001039849337384
2025-01-13 07:00:00,0.112523252186572
2025-01-13 08:00:00,0.5157691226367499
2025-01-13 09:00:00,0.7019368156732254
2025-01-13 10:00:00,0.7167219327333018
2025-01-13 11:00:00,0.7068241075589344
2025-01-13 12:00:00,0.7060769565535542
2025-01-13 13:00:00,0.7044555618460022
2025-01-13 14:00:00,0.697550191986998
2025-01-13 15:00:00,0.5452469257046905
2025-01-13 16:00:00,0.1340481334704394
2025-01-13 17:00:00,0.0001733082228974
2025-01-13 18:00:00,0.0
2025-01-13 19:00:00,0.0
2025-01-13 20:00:00,0.0
2025-01-13 21:00:00,0.0
2025-01-13 22:00:00,0.0
2025-01-13 23:00:00,0.0
2025-01-14 00:00:00,0.0
2025-01-14 01:00:00,0.0
2025-01-14 02:00:00,0.0
2025-01-14 03:00:00,0.0
2025-01-14 04:00:00,0.0
2025-01-14 05:00:00,0.0
2025-01-14 06:00:00,0.0001193901091071
2025-01-14 07:00:00,0.1147184896766068
2025-01-14 08:00:00,0.524507708364625
2025-01-14 09:00:00,0.7138219084701506
2025-01-14 10:00:00,0.7214205112207446
2025-01-14 11:00:00,0.7095161619546086
2025-01-14 12:00:00,0.7107678324533127
2025-01-14 13:00:00,0.7051603486191186
2025-01-14 14:00:00,0.6488775404097007
2025-01-14 15:00:00,0.5215345095184728
2025-01-14 16:00:00,0.1412924171875541
2025-01-14 17:00:00,0.0002734418627938
2025-01-14 18:00:00,0.0
2025-01-14 19:00:00,0.0
2025-01-14 20:00:00,0.0
2025-01-14 21:00:00,0.0
2025-01-14 22:00:00,0.0
2025-01-14 23:00:00,0.0
2025-01-15 00:00:00,0.0
2025-01-15 01:00:00,0.0
2025-01-15 02:00:00,0.0
2025-01-15 03:00:00,0.0
2025-01-15 04:00:00,0.0
2025-01-15 05:00:00,0.0
2025-01-15 06:00:00,0.0001193901091071
2025-01-15 07:00:00,0.1161203606351553
2025-01-15 08:00:00,0.5263794371719179
2025-01-15 09:00:00,0.7054646008326497
2025-01-15 10:00:00,0.7020408006069639
2025-01-15 11:00:00,0.6864661683092436
2025-01-15 12:00:00,0.6965180452372975
2025-01-15 13:00:00,0.6913573114887946
2025-01-15 14:00:00,0.6085698990575884
2025-01-15 15:00:00,0.4975756105263563
2025-01-15 16:00:00,0.1518334084335632
2025-01-15 17:00:00,0.0022298991346142
2025-01-15 18:00:00,0.0
2025-01-15 19:00:00,0.0
2025-01-15 20:00:00,0.0
2025-01-15 21:00:00,0.0
2025-01-15 22:00:00,0.0
2025-01-15 23:00:00,0.0
2025-01-16 00:00:00,0.0
2025-01-16 01:00:00,0.0
2025-01-16 02:00:00,0.0
2025-01-16 03:00:00,0.0
2025-01-16 04:00:00,0.0
2025-01-16 05:00:00,0.0
2025-01-16 06:00:00,0.0002618879812673
2025-01-16 07:00:00,0.1119070451718254
2025-01-16 08:00:00,0.5024821588812762
2025-01-16 09:00:00,0.6939569348322568
2025-01-16 10:00:00,0.7065545169899828
2025-01-16 11:00:00,0.6672212529799386
2025-01-16 12:00:00,0.6152942581060108
2025-01-16 13:00:00,0.6209903216985747
2025-01-16 14:00:00,0.5740931165825159
2025-01-16 15:00:00,0.4374492110624564
2025-01-16 16:00:00,0.1234262650537448
2025-01-16 17:00:00,0.0047601991889175
2025-01-16 18:00:00,0.0
2025-01-16 19:00:00,0.0
2025-01-16 20:00:00,0.0
2025-01-16 21:00:00,0.0
2025-01-16 22:00:00,0.0
2025-01-16 23:00:00,0.0
2025-01-17 00:00:00,0.0
2025-01-17 01:00:00,0.0
2025-01-17 02:00:00,0.0
2025-01-17 03:00:00,0.0
2025-01-17 04:00:00,0.0
2025-01-17 05:00:00,0.0
2025-01-17 06:00:00,4.621552610599531e-05
2025-01-17 07:00:00,0.1067386088356383
2025-01-17 08:00:00,0.4764859254466538
2025-01-17 09:00:00,0.6192264291188625
2025-01-17 10:00:00,0.6312578710817899
2025-01-17 11:00:00,0.6237940636156717
2025-01-17 12:00:00,0.5944202454814694
2025-01-17 13:00:00,0.5909694861988886
2025-01-17 14:00:00,0.5681351650086847
2025-01-17 15:00:00,0.4949451768321568
2025-01-17 16:00:00,0.1588312093447793
2025-01-17 17:00:00,0.0025572591111984
2025-01-17 18:00:00,0.0
2025-01-17 19:00:00,0.0
2025-01-17 20:00:00,0.0
2025-01-17 21:00:00,0.0
2025-01-17 22:00:00,0.0
2025-01-17 23:00:00,0.0
2025-01-18 00:00:00,0.0
2025-01-18 01:00:00,0.0
2025-01-18 02:00:00,0.0
2025-01-18 03:00:00,0.0
2025-01-18 04:00:00,0.0
2025-01-18 05:00:00,0.0
2025-01-18 06:00:00,0.0001463491660023
2025-01-18 07:00:00,0.1132973622488475
2025-01-18 08:00:00,0.502039260089427
2025-01-18 09:00:00,0.7013052034831101
2025-01-18 10:00:00,0.7258225400823406
2025-01-18 11:00:00,0.7016903328673267
2025-01-18 12:00:00,0.6915845378254825
2025-01-18 13:00:00,0.698127886063323
2025-01-18 14:00:00,0.7000573842782483
2025-01-18 15:00:00,0.5568354688757687
2025-01-18 16:00:00,0.1618968392431437
2025-01-18 17:00:00,0.0019372008026096
2025-01-18 18:00:00,0.0
2025-01-18 19:00:00,0.0
2025-01-18 20:00:00,0.0
2025-01-18 21:00:00,0.0
2025-01-18 22:00:00,0.0
2025-01-18 23:00:00,0.0
2025-01-19 00:00:00,0.0
2025-01-19 01:00:00,0.0
2025-01-19 02:00:00,0.0
2025-01-19 03:00:00,0.0
2025-01-19 04:00:00,0.0
2025-01-19 05:00:00,0.0
2025-01-19 06:00:00,0.0002387802182143
2025-01-19 07:00:00,0.1217316957631916
2025-01-19 08:00:00,0.5351488332505305
2025-01-19 09:00:00,0.7309447608924218
2025-01-19 10:00:00,0.7469199277497275
2025-01-19 11:00:00,0.7294119459432397
2025-01-19 12:00:00,0.7247210700434812
2025-01-19 13:00:00,0.7249675528493797
2025-01-19 14:00:00,0.7260459151251863
2025-01-19 15:00:00,0.5902608481319299
2025-01-19 16:00:00,0.1740977381351265
2025-01-19 17:00:00,0.0060157209814637
2025-01-19 18:00:00,0.0011630907403342
2025-01-19 19:00:00,0.0
2025-01-19 20:00:00,0.0
2025-01-19 21:00:00,0.0
2025-01-19 22:00:00,0.0
2025-01-19 23:00:00,0.0
2025-01-20 00:00:00,0.0
2025-01-20 01:00:00,0.0
2025-01-20 02:00:00,0.0
2025-01-20 03:00:00,0.0
2025-01-20 04:00:00,0.0
2025-01-20 05:00:00,0.0
2025-01-20 06:00:00,0.0004814117302707
2025-01-20 07:00:00,0.1281209922473455
2025-01-20 08:00:00,0.5306120091044586
2025-01-20 09:00:00,0.7216053733251686
2025-01-20 10:00:00,0.7343338994735281
2025-01-20 11:00:00,0.7256261240963902
2025-01-20 12:00:00,0.7286185794117533
2025-01-20 13:00:00,0.7378231716945308
2025-01-20 14:00:00,0.7113378239419533
2025-01-20 15:00:00,0.5696410209009717
2025-01-20 16:00:00,0.1648199712693479
2025-01-20 17:00:00,0.006046531332201
2025-01-20 18:00:00,0.0025842181680935
2025-01-20 19:00:00,0.0007086380669585
2025-01-20 20:00:00,0.0004274936164804
2025-01-20 21:00:00,0.0
2025-01-20 22:00:00,0.0
2025-01-20 23:00:00,0.0
2025-01-21 00:00:00,0.0
2025-01-21 01:00:00,0.0
2025-01-21 02:00:00,0.0
2025-01-21 03:00:00,0.0
2025-01-21 04:00:00,0.0
2025-01-21 05:00:00,0.0
2025-01-21 06:00:00,0.0003851293842166
2025-01-21 07:00:00,0.1350186595186653
2025-01-21 08:00:00,0.5566583093590292
2025-01-21 09:00:00,0.7395292948666105
2025-01-21 10:00:00,0.7572722055974705
2025-01-21 11:00:00,0.7367833223571459
2025-01-21 12:00:00,0.7129553673556631
2025-01-21 13:00:00,0.68976672713198
2025-01-21 14:00:00,0.6628808448198172
2025-01-21 15:00:00,0.5476924972944661
2025-01-21 16:00:00,0.1534085876150092
2025-01-21 17:00:00,0.0035932571547411
2025-01-21 18:00:00,0.000697084185432
2025-01-21 19:00:00,0.0
2025-01-21 20:00:00,0.0
2025-01-21 21:00:00,0.0
2025-01-21 22:00:00,0.0
2025-01-21 23:00:00,0.0
2025-01-22 00:00:00,0.0
2025-01-22 01:00:00,0.0
2025-01-22 02:00:00,0.0
2025-01-22 03:00:00,0.0
2025-01-22 04:00:00,0.0
2025-01-22 05:00:00,0.0
2025-01-22 06:00:00,0.0003735755026901
2025-01-22 07:00:00,0.0747959777087112
2025-01-22 08:00:00,0.3940066165228208
2025-01-22 09:00:00,0.6268635448078782
2025-01-22 10:00:00,0.6837047906244103
2025-01-22 11:00:00,0.7010202077387898
2025-01-22 12:00:00,0.7163175468798743
2025-01-22 13:00:00,0.7124315913931285
2025-01-22 14:00:00,0.6661274855287634
2025-01-22 15:00:00,0.5266759867977647
2025-01-22 16:00:00,0.1706700866155985
2025-01-22 17:00:00,0.0017947029304494
2025-01-22 18:00:00,0.0
2025-01-22 19:00:00,0.0
2025-01-22 20:00:00,0.0
2025-01-22 21:00:00,0.0
2025-01-22 22:00:00,0.0
2025-01-22 23:00:00,0.0
2025-01-23 00:00:00,0.0
2025-01-23 01:00:00,0.0
2025-01-23 02:00:00,0.0
2025-01-23 03:00:00,0.0
2025-01-23 04:00:00,0.0
2025-01-23 05:00:00,0.0
2025-01-23 06:00:00,0.0006624225408525
2025-01-23 07:00:00,0.1343023188640223
2025-01-23 08:00:00,0.5345326262357839
2025-01-23 09:00:00,0.6801577489957752
2025-01-23 10:00:00,0.7238776366920467
2025-01-23 11:00:00,0.7297585623890346
2025-01-23 12:00:00,0.701832830739487
2025-01-23 13:00:00,0.6987980111918599
2025-01-23 14:00:00,0.6917193331099583
2025-01-23 15:00:00,0.5662749900829184
2025-01-23 16:00:00,0.2007833531674966
2025-01-23 17:00:00,0.0087385857278752
2025-01-23 18:00:00,0.003011711784574
2025-01-23 19:00:00,0.0
2025-01-23 20:00:00,0.0
2025-01-23 21:00:00,0.0
2025-01-23 22:00:00,0.0
2025-01-23 23:00:00,0.0
2025-01-24 00:00:00,0.0
2025-01-24 01:00:00,0.0
2025-01-24 02:00:00,0.0
2025-01-24 03:00:00,0.0
2025-01-24 04:00:00,0.0
2025-01-24 05:00:00,0.0
2025-01-24 06:00:00,0.0003504677396371
2025-01-24 07:00:00,0.124774217898503
2025-01-24 08:00:00,0.4999441562392885
2025-01-24 09:00:00,0.7197490496932445
2025-01-24 10:00:00,0.7324814271354462
2025-01-24 11:00:00,0.7294504588816613
2025-01-24 12:00:00,0.7143533870203695
2025-01-24 13:00:00,0.7051641999129608
2025-01-24 14:00:00,0.6798226864315067
2025-01-24 15:00:00,0.5359152407251216
2025-01-24 16:00:00,0.1702040800606964
2025-01-24 17:00:00,0.0054264730236122
2025-01-24 18:00:00,0.0
2025-01-24 19:00:00,0.0
2025-01-24 20:00:00,0.0
2025-01-24 21:00:00,0.0
2025-01-24 22:00:00,0.0
2025-01-24 23:00:00,0.0
2025-01-25 00:00:00,0.0
2025-01-25 01:00:00,0.0
2025-01-25 02:00:00,0.0
2025-01-25 03:00:00,0.0
2025-01-25 04:00:00,0.0
2025-01-25 05:00:00,0.0
2025-01-25 06:00:00,0.0
2025-01-25 07:00:00,0.0317115534963971
2025-01-25 08:00:00,0.1847696733717692
2025-01-25 09:00:00,0.3522008218661059
2025-01-25 10:00:00,0.4040661960385592
2025-01-25 11:00:00,0.4004844927653445
2025-01-25 12:00:00,0.4177305865905651
2025-01-25 13:00:00,0.4017977839655232
2025-01-25 14:00:00,0.4195291408148567
2025-01-25 15:00:00,0.3407817356240829
2025-01-25 16:00:00,0.1020092199974581
2025-01-25 17:00:00,0.0014557890723388
2025-01-25 18:00:00,0.0
2025-01-25 19:00:00,0.0
2025-01-25 20:00:00,0.0
2025-01-25 21:00:00,0.0
2025-01-25 22:00:00,0.0
2025-01-25 23:00:00,0.0
2025-01-26 00:00:00,0.0
2025-01-26 01:00:00,0.0
2025-01-26 02:00:00,0.0
2025-01-26 03:00:00,0.0
2025-01-26 04:00:00,0.0
2025-01-26 05:00:00,0.0
2025-01-26 06:00:00,0.0003966832657431
2025-01-26 07:00:00,0.0647325468991307
2025-01-26 08:00:00,0.1948369554751918
2025-01-26 09:00:00,0.3004894994473393
2025-01-26 10:00:00,0.4151309632471028
2025-01-26 11:00:00,0.4186664509942115
2025-01-26 12:00:00,0.3547080141573561
2025-01-26 13:00:00,0.3670745186845521
2025-01-26 14:00:00,0.3015601591354615
2025-01-26 15:00:00,0.2148405756914035
2025-01-26 16:00:00,0.0758704886906756
2025-01-26 17:00:00,0.0021682784331396
2025-01-26 18:00:00,0.0
2025-01-26 19:00:00,0.0
2025-01-26 20:00:00,0.0
2025-01-26 21:00:00,0.0
2025-01-26 22:00:00,0.0
2025-01-26 23:00:00,0.0
2025-01-27 00:00:00,0.0
2025-01-27 01:00:00,0.0
2025-01-27 02:00:00,0.0
2025-01-27 03:00:00,0.0
2025-01-27 04:00:00,0.0
2025-01-27 05:00:00,0.0
2025-01-27 06:00:00,0.0001656056352131
2025-01-27 07:00:00,0.0728741820814702
2025-01-27 08:00:00,0.3130370147851171
2025-01-27 09:00:00,0.5343939796574659
2025-01-27 10:00:00,0.6123903825490173
2025-01-27 11:00:00,0.6267980728125614
2025-01-27 12:00:00,0.5854929463553281
2025-01-27 13:00:00,0.5415573862038953
2025-01-27 14:00:00,0.5226513847327009
2025-01-27 15:00:00,0.4628561965392273
2025-01-27 16:00:00,0.1822470759051503
2025-01-27 17:00:00,0.0074484022907495
2025-01-27 18:00:00,0.0007086380669585
2025-01-27 19:00:00,0.0
2025-01-27 20:00:00,0.0
2025-01-27 21:00:00,0.0
2025-01-27 22:00:00,0.0
2025-01-27 23:00:00,0.0
2025-01-28 00:00:00,0.0
2025-01-28 01:00:00,0.0
2025-01-28 02:00:00,0.0
2025-01-28 03:00:00,0.0
2025-01-28 04:00:00,0.0
2025-01-28 05:00:00,0.0
2025-01-28 06:00:00,0.0004005345595852
2025-01-28 07:00:00,0.1205454972598044
2025-01-28 08:00:00,0.5103927164330857
2025-01-28 09:00:00,0.6962214956114506
2025-01-28 10:00:00,0.6869437287456721
2025-01-28 11:00:00,0.6914227834841116
2025-01-28 12:00:00,0.6635740777114072
2025-01-28 13:00:00,0.6449222616337958
2025-01-28 14:00:00,0.6154791202104347
2025-01-28 15:00:00,0.5148062991762082
2025-01-28 16:00:00,0.194933237821246
2025-01-28 17:00:00,0.0080723118931805
2025-01-28 18:00:00,0.0
2025-01-28 19:00:00,0.0
2025-01-28 20:00:00,0.0
2025-01-28 21:00:00,0.0
2025-01-28 22:00:00,0.0
2025-01-28 23:00:00,0.0
2025-01-29 00:00:00,0.0
2025-01-29 01:00:00,0.0
2025-01-29 02:00:00,0.0
2025-01-29 03:00:00,0.0
2025-01-29 04:00:00,0.0
2025-01-29 05:00:00,0.0
2025-01-29 06:00:00,0.0001463491660023
2025-01-29 07:00:00,0.1201064497617974
2025-01-29 08:00:00,0.5110936519123599
2025-01-29 09:00:00,0.6867973795796698
2025-01-29 10:00:00,0.7067817433266705
2025-01-29 11:00:00,0.6972613449488355
2025-01-29 12:00:00,0.6810165875225782
2025-01-29 13:00:00,0.6467978417349308
2025-01-29 14:00:00,0.6205628280820942
2025-01-29 15:00:00,0.5182108429326832
2025-01-29 16:00:00,0.2359379633587904
2025-01-29 17:00:00,0.0107913253457499
2025-01-29 18:00:00,0.0004968169056394
2025-01-29 19:00:00,0.0
2025-01-29 20:00:00,0.0
2025-01-29 21:00:00,0.0
2025-01-29 22:00:00,0.0
2025-01-29 23:00:00,0.0
2025-01-30 00:00:00,0.0
2025-01-30 01:00:00,0.0
2025-01-30 02:00:00,0.0
2025-01-30 03:00:00,0.0
2025-01-30 04:00:00,0.0
2025-01-30 05:00:00,0.0
2025-01-30 06:00:00,0.000812623000697
2025-01-30 07:00:00,0.1536050036009597
2025-01-30 08:00:00,0.5818650275560074
2025-01-30 09:00:00,0.7399567884830909
2025-01-30 10:00:00,0.7411083253418986
2025-01-30 11:00:00,0.7397834802601934
2025-01-30 12:00:00,0.7239469599812057
2025-01-30 13:00:00,0.6660966751780261
2025-01-30 14:00:00,0.6096174509826576
2025-01-30 15:00:00,0.5078007956773077
2025-01-30 16:00:00,0.2422925981983647
2025-01-30 17:00:00,0.009012027590669
2025-01-30 18:00:00,0.0013055886124943
2025-01-30 19:00:00,0.0001001336398963
2025-01-30 20:00:00,0.0
2025-01-30 21:00:00,0.0
2025-01-30 22:00:00,0.0
2025-01-30 23:00:00,0.0
2025-01-31 00:00:00,0.0
2025-01-31 01:00:00,0.0
2025-01-31 02:00:00,0.0
2025-01-31 03:00:00,0.0
2025-01-31 04:00:00,0.0
2025-01-31 05:00:00,0.0
2025-01-31 06:00:00,0.0010783622758065
2025-01-31 07:00:00,0.1239269332532264
2025-01-31 08:00:00,0.411079402125144
2025-01-31 09:00:00,0.564830754892106
2025-01-31 10:00:00,0.5677384817429416
2025-01-31 11:00:00,0.6044836762910499
2025-01-31 12:00:00,0.6436936988981449
2025-01-31 13:00:00,0.5963612975779212
2025-01-31 14:00:00,0.5501496227657682
2025-01-31 15:00:00,0.4032574243317042
2025-01-31 16:00:00,0.1403681066654342
2025-01-31 17:00:00,0.005977208043042
2025-01-31 18:00:00,0.0
2025-01-31 19:00:00,0.0
2025-01-31 20:00:00,0.0
2025-01-31 21:00:00,0.0
2025-01-31 22:00:00,0.0
2025-01-31 23:00:00,0.0
2025-02-01 00:00:00,0.0
2025-02-01 01:00:00,0.0
2025-02-01 02:00:00,0.0
2025-02-01 03:00:00,0.0
2025-02-01 04:00:00,0.0
2025-02-01 05:00:00,0.0
2025-02-01 06:00:00,0.0004120884411117
2025-02-01 07:00:00,0.098369747316611
2025-02-01 08:00:00,0.4444662684428834
2025-02-01 09:00:00,0.6122671411460681
2025-02-01 10:00:00,0.5971122998771436
2025-02-01 11:00:00,0.5806364648203564
2025-02-01 12:00:00,0.5675651735200441
2025-02-01 13:00:00,0.5462174517529164
2025-02-01 14:00:00,0.5097456990676018
2025-02-01 15:00:00,0.3900012709269679
2025-02-01 16:00:00,0.1550684952609829
2025-02-01 17:00:00,0.0055689708957724
2025-02-01 18:00:00,0.0
2025-02-01 19:00:00,0.0
2025-02-01 20:00:00,0.0
2025-02-01 21:00:00,0.0
2025-02-01 22:00:00,0.0
2025-02-01 23:00:00,0.0
2025-02-02 00:00:00,0.0
2025-02-02 01:00:00,0.0
2025-02-02 02:00:00,0.0
2025-02-02 03:00:00,0.0
2025-02-02 04:00:00,0.0
2025-02-02 05:00:00,0.0
2025-02-02 06:00:00,0.0012901834371257
2025-02-02 07:00:00,0.1674427023758631
2025-02-02 08:00:00,0.5321525266413252
2025-02-02 09:00:00,0.6180017176770536
2025-02-02 10:00:00,0.5894790354819701
2025-02-02 11:00:00,0.5580024109099452
2025-02-02 12:00:00,0.5297031037577075
2025-02-02 13:00:00,0.5074849895822502
2025-02-02 14:00:00,0.4598483360484955
2025-02-02 15:00:00,0.4272047694422941
2025-02-02 16:00:00,0.2678151224904007
2025-02-02 17:00:00,0.0137221599596384
2025-02-02 18:00:00,0.001274778261757
2025-02-02 19:00:00,0.0
2025-02-02 20:00:00,0.0
2025-02-02 21:00:00,0.0
2025-02-02 22:00:00,0.0
2025-02-02 23:00:00,0.0
2025-02-03 00:00:00,0.0
2025-02-03 01:00:00,0.0
2025-02-03 02:00:00,0.0
2025-02-03 03:00:00,0.0
2025-02-03 04:00:00,0.0
2025-02-03 05:00:00,0.0
2025-02-03 06:00:00,0.0015944356506568
2025-02-03 07:00:00,0.1393321086218915
2025-02-03 08:00:00,0.4233958398323917
2025-02-03 09:00:00,0.517417476401197
2025-02-03 10:00:00,0.5697912213608162
2025-02-03 11:00:00,0.5925446653803346
2025-02-03 12:00:00,0.5993768606563374
2025-02-03 13:00:00,0.5935806634238773
2025-02-03 14:00:00,0.5008029947660917
2025-02-03 15:00:00,0.4012971157660416
2025-02-03 16:00:00,0.1691103126095211
2025-02-03 17:00:00,0.0062236908489407
2025-02-03 18:00:00,0.0003735755026901
2025-02-03 19:00:00,0.0006277608962731
2025-02-03 20:00:00,0.0007240432423272
2025-02-03 21:00:00,0.0007124893608007
2025-02-03 22:00:00,0.0006624225408525
2025-02-03 23:00:00,0.0006470173654839
2025-02-04 00:00:00,0.0006701251285369
2025-02-04 01:00:00,0.0006470173654839
2025-02-04 02:00:00,0.0006123557209044
2025-02-04 03:00:00,0.0006393147777996
2025-02-04 04:00:00,0.0006162070147466
2025-02-04 05:00:00,0.0006085044270622
2025-02-04 06:00:00,0.0015713278876038
2025-02-04 07:00:00,0.1355809484196215
2025-02-04 08:00:00,0.5542820610584126
2025-02-04 09:00:00,0.706858769203514
2025-02-04 10:00:00,0.6937643701401486
2025-02-04 11:00:00,0.6687232575783835
2025-02-04 12:00:00,0.6423341921718602
2025-02-04 13:00:00,0.5497644933815515
2025-02-04 14:00:00,0.4891104666612748
2025-02-04 15:00:00,0.4151694761855246
2025-02-04 16:00:00,0.1927534055065799
2025-02-04 17:00:00,0.0086346007941367
2025-02-04 18:00:00,0.0006585712470104
2025-02-04 19:00:00,0.0
2025-02-04 20:00:00,0.0
2025-02-04 21:00:00,0.0
2025-02-04 22:00:00,0.0
2025-02-04 23:00:00,0.0
2025-02-05 00:00:00,0.0
2025-02-05 01:00:00,0.0
2025-02-05 02:00:00,0.0
2025-02-05 03:00:00,0.0
2025-02-05 04:00:00,0.0
2025-02-05 05:00:00,0.0
2025-02-05 06:00:00,0.0022799659545624
2025-02-05 07:00:00,0.1514290225801358
2025-02-05 08:00:00,0.465347983655109
2025-02-05 09:00:00,0.5925138550295972
2025-02-05 10:00:00,0.6383673595144289
2025-02-05 11:00:00,0.6293476293360755
2025-02-05 12:00:00,0.6110539835857857
2025-02-05 13:00:00,0.5871682591766704
2025-02-05 14:00:00,0.5482316784323693
2025-02-05 15:00:00,0.5032485663558672
2025-02-05 16:00:00,0.2928485324644814
2025-02-05 17:00:00,0.018971473466511
2025-02-05 18:00:00,0.0010860648634908
2025-02-05 19:00:00,0.0005661401947984
2025-02-05 20:00:00,0.0006547199531682
2025-02-05 21:00:00,0.0006855303039055
2025-02-05 22:00:00,0.0006816790100634
2025-02-05 23:00:00,0.000697084185432
2025-02-06 00:00:00,0.0006932328915899
2025-02-06 01:00:00,0.0006893815977477
2025-02-06 02:00:00,0.0006585712470104
2025-02-06 03:00:00,0.0006855303039055
2025-02-06 04:00:00,0.0003889806780587
2025-02-06 05:00:00,0.0
2025-02-06 06:00:00,0.0026535414572525
2025-02-06 07:00:00,0.1662988681047398
2025-02-06 08:00:00,0.4851359314161592
2025-02-06 09:00:00,0.5656818908312248
2025-02-06 10:00:00,0.5331577143341306
2025-02-06 11:00:00,0.560848517059306
2025-02-06 12:00:00,0.5849460626297405
2025-02-06 13:00:00,0.5469569001706123
2025-02-06 14:00:00,0.5247156782321021
2025-02-06 15:00:00,0.4121885747516878
2025-02-06 16:00:00,0.167253988977597
2025-02-06 17:00:00,0.0078720446133878
2025-02-06 18:00:00,0.001274778261757
2025-02-06 19:00:00,0.0004660065549021
2025-02-06 20:00:00,0.0
2025-02-06 21:00:00,0.0
2025-02-06 22:00:00,0.0
2025-02-06 23:00:00,0.0
2025-02-07 00:00:00,0.0
2025-02-07 01:00:00,0.0
2025-02-07 02:00:00,0.0
2025-02-07 03:00:00,0.0
2025-02-07 04:00:00,0.0
2025-02-07 05:00:00,0.0
2025-02-07 06:00:00,0.0017947029304494
2025-02-07 07:00:00,0.1526306262588916
2025-02-07 08:00:00,0.5017966285773706
2025-02-07 09:00:00,0.6342772854540483
2025-02-07 10:00:00,0.6768379337038278
2025-02-07 11:00:00,0.6869937955656202
2025-02-07 12:00:00,0.6537571297077254
2025-02-07 13:00:00,0.5828894717180236
2025-02-07 14:00:00,0.54481943208821
2025-02-07 15:00:00,0.4683519928519986
2025-02-07 16:00:00,0.2115092065179296
2025-02-07 17:00:00,0.0131598710586821
2025-02-07 18:00:00,4.621552610599531e-05
2025-02-07 19:00:00,0.0
2025-02-07 20:00:00,0.0
2025-02-07 21:00:00,0.0
2025-02-07 22:00:00,0.0
2025-02-07 23:00:00,0.0
2025-02-08 00:00:00,0.0
2025-02-08 01:00:00,0.0
2025-02-08 02:00:00,0.0
2025-02-08 03:00:00,0.0
2025-02-08 04:00:00,0.0
2025-02-08 05:00:00,0.0
2025-02-08 06:00:00,0.0025225974666189
2025-02-08 07:00:00,0.1730655913854259
2025-02-08 08:00:00,0.571154579380943
2025-02-08 09:00:00,0.6477260035508929
2025-02-08 10:00:00,0.6287891917289614
2025-02-08 11:00:00,0.5760110609159147
2025-02-08 12:00:00,0.5770663154286683
2025-02-08 13:00:00,0.5445729492823114
2025-02-08 14:00:00,0.4939284352578248
2025-02-08 15:00:00,0.4647625869910996
2025-02-08 16:00:00,0.2826310499012143
2025-02-08 17:00:00,0.0198264606994719
2025-02-08 18:00:00,0.0
2025-02-08 19:00:00,0.0
2025-02-08 20:00:00,0.0
2025-02-08 21:00:00,0.0
2025-02-08 22:00:00,0.0
2025-02-08 23:00:00,0.0
2025-02-09 00:00:00,0.0
2025-02-09 01:00:00,0.0
2025-02-09 02:00:00,0.0
2025-02-09 03:00:00,0.0
2025-02-09 04:00:00,0.0
2025-02-09 05:00:00,0.0
2025-02-09 06:00:00,0.0027690802725175
2025-02-09 07:00:00,0.1379841557771333
2025-02-09 08:00:00,0.5049469869402625
2025-02-09 09:00:00,0.623224072127031
2025-02-09 10:00:00,0.6148706157833724
2025-02-09 11:00:00,0.6354557813697512
2025-02-09 12:00:00,0.653425918437299
2025-02-09 13:00:00,0.6237247403265127
2025-02-09 14:00:00,0.5898718674538711
2025-02-09 15:00:00,0.468128617809153
2025-02-09 16:00:00,0.2510851020400304
2025-02-09 17:00:00,0.0245905111822316
2025-02-09 18:00:00,0.0004428987918491
2025-02-09 19:00:00,0.0
2025-02-09 20:00:00,0.0
2025-02-09 21:00:00,0.0
2025-02-09 22:00:00,0.0
2025-02-09 23:00:00,0.0
2025-02-10 00:00:00,0.0
2025-02-10 01:00:00,0.0
2025-02-10 02:00:00,0.0
2025-02-10 03:00:00,0.0
2025-02-10 04:00:00,0.0
2025-02-10 05:00:00,0.0
2025-02-10 06:00:00,0.0039206171313252
2025-02-10 07:00:00,0.1946636472522944
2025-02-10 08:00:00,0.5515322372551058
2025-02-10 09:00:00,0.6894393671553958
2025-02-10 10:00:00,0.6892545050509719
2025-02-10 11:00:00,0.6799266713652452
2025-02-10 12:00:00,0.6987402417842273
2025-02-10 13:00:00,0.702668561503237
2025-02-10 14:00:00,0.6986401081443311
2025-02-10 15:00:00,0.5773050956468826
2025-02-10 16:00:00,0.3443634388972975
2025-02-10 17:00:00,0.0276445871990695
2025-02-10 18:00:00,0.0
2025-02-10 19:00:00,0.0
2025-02-10 20:00:00,0.0
2025-02-10 21:00:00,0.0
2025-02-10 22:00:00,0.0
2025-02-10 23:00:00,0.0
2025-02-11 00:00:00,0.0
2025-02-11 01:00:00,0.0
2025-02-11 02:00:00,0.0
2025-02-11 03:00:00,0.0
2025-02-11 04:00:00,0.0
2025-02-11 05:00:00,0.0
2025-02-11 06:00:00,0.0041632486433817
2025-02-11 07:00:00,0.1629443911682129
2025-02-11 08:00:00,0.5262292367120734
2025-02-11 09:00:00,0.6670402421693568
2025-02-11 10:00:00,0.6812091522146866
2025-02-11 11:00:00,0.6945038185578445
2025-02-11 12:00:00,0.7012936496015836
2025-02-11 13:00:00,0.740122394118304
2025-02-11 14:00:00,0.6740303404928886
2025-02-11 15:00:00,0.5461365745822309
2025-02-11 16:00:00,0.2498064724844311
2025-02-11 17:00:00,0.0171921757114302
2025-02-11 18:00:00,0.0
2025-02-11 19:00:00,0.0
2025-02-11 20:00:00,0.0
2025-02-11 21:00:00,0.0
2025-02-11 22:00:00,0.0
2025-02-11 23:00:00,0.0
2025-02-12 00:00:00,0.0
2025-02-12 01:00:00,0.0
2025-02-12 02:00:00,0.0
2025-02-12 03:00:00,0.0
2025-02-12 04:00:00,0.0
2025-02-12 05:00:00,0.0
2025-02-12 06:00:00,0.0022799659545624
2025-02-12 07:00:00,0.1163013714457372
2025-02-12 08:00:00,0.3473404890372921
2025-02-12 09:00:00,0.4610961552533574
2025-02-12 10:00:00,0.5031907969482348
2025-02-12 11:00:00,0.5444535591732043
2025-02-12 12:00:00,0.5007567792399856
2025-02-12 13:00:00,0.4227565250545921
2025-02-12 14:00:00,0.286886729596808
2025-02-12 15:00:00,0.1862100572687394
2025-02-12 16:00:00,0.0803187330783776
2025-02-12 17:00:00,0.0042749361648045
2025-02-12 18:00:00,0.0
2025-02-12 19:00:00,0.0
2025-02-12 20:00:00,0.0
2025-02-12 21:00:00,0.0
2025-02-12 22:00:00,0.0
2025-02-12 23:00:00,0.0
2025-02-13 00:00:00,0.0
2025-02-13 01:00:00,0.0
2025-02-13 02:00:00,0.0
2025-02-13 03:00:00,0.0
2025-02-13 04:00:00,0.0
2025-02-13 05:00:00,0.0
2025-02-13 06:00:00,0.0024917871158815
2025-02-13 07:00:00,0.0357053452107235
2025-02-13 08:00:00,0.0608619965877536
2025-02-13 09:00:00,0.0977381351264957
2025-02-13 10:00:00,0.1520721886517775
2025-02-13 11:00:00,0.1936315005025938
2025-02-13 12:00:00,0.2070301517794903
2025-02-13 13:00:00,0.2502262635132272
2025-02-13 14:00:00,0.2298798781450628
2025-02-13 15:00:00,0.1262261556769996
2025-02-13 16:00:00,0.0569375281625862
2025-02-13 17:00:00,0.0068052362191078
2025-02-13 18:00:00,0.0
2025-02-13 19:00:00,0.0
2025-02-13 20:00:00,0.0
2025-02-13 21:00:00,0.0
2025-02-13 22:00:00,0.0
2025-02-13 23:00:00,0.0
2025-02-14 00:00:00,0.0
2025-02-14 01:00:00,0.0
2025-02-14 02:00:00,0.0
2025-02-14 03:00:00,0.0
2025-02-14 04:00:00,0.0
2025-02-14 05:00:00,0.0
2025-02-14 06:00:00,0.0024917871158815
2025-02-14 07:00:00,0.0357053452107235
2025-02-14 08:00:00,0.0608619965877536
2025-02-14 09:00:00,0.0977381351264957
2025-02-14 10:00:00,0.1520721886517775
2025-02-14 11:00:00,0.1936315005025938
2025-02-14 12:00:00,0.2070301517794903
2025-02-14 13:00:00,0.2502262635132272
2025-02-14 14:00:00,0.2298798781450628
2025-02-14 15:00:00,0.1262261556769996
2025-02-14 16:00:00,0.0569375281625862
2025-02-14 17:00:00,0.0068052362191078
2025-02-14 18:00:00,0.0
2025-02-14 19:00:00,0.0
2025-02-14 20:00:00,0.0
2025-02-14 21:00:00,0.0
2025-02-14 22:00:00,0.0
2025-02-14 23:00:00,0.0
2025-02-15 00:00:00,0.0
2025-02-15 01:00:00,0.0
2025-02-15 02:00:00,0.0
2025-02-15 03:00:00,0.0
2025-02-15 04:00:00,0.0
2025-02-15 05:00:00,0.0
2025-02-15 06:00:00,0.0090274327660377
2025-02-15 07:00:00,0.2363307953306913
2025-02-15 08:00:00,0.6162801893296053
2025-02-15 09:00:00,0.7051988615575402
2025-02-15 10:00:00,0.6940724736475219
2025-02-15 11:00:00,0.662946316815134
2025-02-15 12:00:00,0.6378166244949991
2025-02-15 13:00:00,0.6016144623786361
2025-02-15 14:00:00,0.5595467797406539
2025-02-15 15:00:00,0.4674430875052474
2025-02-15 16:00:00,0.2764304668153265
2025-02-15 17:00:00,0.024020519693591
2025-02-15 18:00:00,0.0
2025-02-15 19:00:00,0.0
2025-02-15 20:00:00,0.0
2025-02-15 21:00:00,0.0
2025-02-15 22:00:00,0.0
2025-02-15 23:00:00,0.0
2025-02-16 00:00:00,0.0
2025-02-16 01:00:00,0.0
2025-02-16 02:00:00,0.0
2025-02-16 03:00:00,0.0
2025-02-16 04:00:00,0.0
2025-02-16 05:00:00,0.0
2025-02-16 06:00:00,0.0064547684794706
2025-02-16 07:00:00,0.1933002892321675
2025-02-16 08:00:00,0.5450119967803184
2025-02-16 09:00:00,0.648168902342742
2025-02-16 10:00:00,0.6925589151675505
2025-02-16 11:00:00,0.6930056652532418
2025-02-16 12:00:00,0.6821065036799112
2025-02-16 13:00:00,0.6630926659811364
2025-02-16 14:00:00,0.6096983281533431
2025-02-16 15:00:00,0.5194740673129138
2025-02-16 16:00:00,0.249594651323112
2025-02-16 17:00:00,0.0238934269967995
2025-02-16 18:00:00,0.0
2025-02-16 19:00:00,0.0
2025-02-16 20:00:00,0.0
2025-02-16 21:00:00,0.0
2025-02-16 22:00:00,0.0
2025-02-16 23:00:00,0.0
2025-02-17 00:00:00,0.0
2025-02-17 01:00:00,0.0
2025-02-17 02:00:00,0.0
2025-02-17 03:00:00,0.0
2025-02-17 04:00:00,0.0
2025-02-17 05:00:00,0.0
2025-02-17 06:00:00,0.006439363304102
2025-02-17 07:00:00,0.199912960759167
2025-02-17 08:00:00,0.5718747713294281
2025-02-17 09:00:00,0.6921776370771761
2025-02-17 10:00:00,0.6930749885424008
2025-02-17 11:00:00,0.6483922773855877
2025-02-17 12:00:00,0.6474756694511521
2025-02-17 13:00:00,0.6265438874189784
2025-02-17 14:00:00,0.6016683804924264
2025-02-17 15:00:00,0.5310048410763596
2025-02-17 16:00:00,0.2524792704108945
2025-02-17 17:00:00,0.0266471020939484
2025-02-17 18:00:00,0.0006470173654839
2025-02-17 19:00:00,0.0
2025-02-17 20:00:00,0.0
2025-02-17 21:00:00,0.0
2025-02-17 22:00:00,0.0
2025-02-17 23:00:00,0.0
2025-02-18 00:00:00,0.0
2025-02-18 01:00:00,0.0
2025-02-18 02:00:00,0.0
2025-02-18 03:00:00,0.0
2025-02-18 04:00:00,0.0
2025-02-18 05:00:00,0.0
2025-02-18 06:00:00,0.0114113836543386
2025-02-18 07:00:00,0.2695790150701128
2025-02-18 08:00:00,0.6435627549075111
2025-02-18 09:00:00,0.7445051665106892
2025-02-18 10:00:00,0.7202150562481466
2025-02-18 11:00:00,0.693032624310137
2025-02-18 12:00:00,0.6845905882081085
2025-02-18 13:00:00,0.6417102825694292
2025-02-18 14:00:00,0.5995424662915506
2025-02-18 15:00:00,0.5367663766642403
2025-02-18 16:00:00,0.3193608392739541
2025-02-18 17:00:00,0.0399687274940016
2025-02-18 18:00:00,0.0002002672797926
2025-02-18 19:00:00,0.0
2025-02-18 20:00:00,0.0
2025-02-18 21:00:00,0.0
2025-02-18 22:00:00,0.0
2025-02-18 23:00:00,0.0
2025-02-19 00:00:00,0.0
2025-02-19 01:00:00,0.0
2025-02-19 02:00:00,0.0
2025-02-19 03:00:00,0.0
2025-02-19 04:00:00,0.0
2025-02-19 05:00:00,0.0
2025-02-19 06:00:00,0.0089041913630884
2025-02-19 07:00:00,0.2242146249032362
2025-02-19 08:00:00,0.5526298560001233
2025-02-19 09:00:00,0.7062926290087155
2025-02-19 10:00:00,0.7270742105810447
2025-02-19 11:00:00,0.7340951192553138
2025-02-19 12:00:00,0.7414510904938514
2025-02-19 13:00:00,0.7349038909621687
2025-02-19 14:00:00,0.6628038189429739
2025-02-19 15:00:00,0.6058778446619142
2025-02-19 16:00:00,0.3683531482401512
2025-02-19 17:00:00,0.0400303481954762
2025-02-19 18:00:00,0.0
2025-02-19 19:00:00,0.0
2025-02-19 20:00:00,0.0
2025-02-19 21:00:00,0.0
2025-02-19 22:00:00,0.0
2025-02-19 23:00:00,0.0
2025-02-20 00:00:00,0.0
2025-02-20 01:00:00,0.0
2025-02-20 02:00:00,0.0
2025-02-20 03:00:00,0.0
2025-02-20 04:00:00,0.0
2025-02-20 05:00:00,0.0
2025-02-20 06:00:00,0.014084181580802
2025-02-20 07:00:00,0.2715277697542489
2025-02-20 08:00:00,0.6243948654550496
2025-02-20 09:00:00,0.7196797264040855
2025-02-20 10:00:00,0.7463460849672447
2025-02-20 11:00:00,0.7404959696209942
2025-02-20 12:00:00,0.7475823502905801
2025-02-20 13:00:00,0.722263944572179
2025-02-20 14:00:00,0.6620104524114876
2025-02-20 15:00:00,0.6297173535449234
2025-02-20 16:00:00,0.4273549699021386
2025-02-20 17:00:00,0.0531478550218946
2025-02-20 18:00:00,0.0004043858534274
2025-02-20 19:00:00,0.0
2025-02-20 20:00:00,0.0
2025-02-20 21:00:00,0.0
2025-02-20 22:00:00,0.0
2025-02-20 23:00:00,0.0
2025-02-21 00:00:00,0.0
2025-02-21 01:00:00,0.0
2025-02-21 02:00:00,0.0
2025-02-21 03:00:00,0.0
2025-02-21 04:00:00,0.0
2025-02-21 05:00:00,0.0
2025-02-21 06:00:00,0.0169302877301629
2025-02-21 07:00:00,0.3175199208173986
2025-02-21 08:00:00,0.6542732030825756
2025-02-21 09:00:00,0.769095677692921
2025-02-21 10:00:00,0.784477745298533
2025-02-21 11:00:00,0.7687298047779151
2025-02-21 12:00:00,0.8109746469326371
2025-02-21 13:00:00,0.7685911581995971
2025-02-21 14:00:00,0.6916384559392728
2025-02-21 15:00:00,0.6443522701451553
2025-02-21 16:00:00,0.4235575941737627
2025-02-21 17:00:00,0.0463811317412084
2025-02-21 18:00:00,0.0
2025-02-21 19:00:00,0.0
2025-02-21 20:00:00,0.0
2025-02-21 21:00:00,0.0
2025-02-21 22:00:00,0.0
2025-02-21 23:00:00,0.0
2025-02-22 00:00:00,0.0
2025-02-22 01:00:00,0.0
2025-02-22 02:00:00,0.0
2025-02-22 03:00:00,0.0
2025-02-22 04:00:00,0.0
2025-02-22 05:00:00,0.0
2025-02-22 06:00:00,0.0213708295301806
2025-02-22 07:00:00,0.3312305268955105
2025-02-22 08:00:00,0.6048033336799498
2025-02-22 09:00:00,0.6315120564753729
2025-02-22 10:00:00,0.645272729373433
2025-02-22 11:00:00,0.6302603859766688
2025-02-22 12:00:00,0.5972971619815677
2025-02-22 13:00:00,0.5766811860444516
2025-02-22 14:00:00,0.5392389073109111
2025-02-22 15:00:00,0.484943366724051
2025-02-22 16:00:00,0.3422721863410012
2025-02-22 17:00:00,0.0480911062071302
2025-02-22 18:00:00,0.0
2025-02-22 19:00:00,0.0
2025-02-22 20:00:00,0.0
2025-02-22 21:00:00,0.0
2025-02-22 22:00:00,0.0
2025-02-22 23:00:00,0.0
2025-02-23 00:00:00,0.0
2025-02-23 01:00:00,0.0
2025-02-23 02:00:00,0.0
2025-02-23 03:00:00,0.0
2025-02-23 04:00:00,0.0
2025-02-23 05:00:00,0.0
2025-02-23 06:00:00,0.0223220991091957
2025-02-23 07:00:00,0.3333333333333333
2025-02-23 08:00:00,0.5482047193754742
2025-02-23 09:00:00,0.5922365618729611
2025-02-23 10:00:00,0.595752793150859
2025-02-23 11:00:00,0.5745475692558915
2025-02-23 12:00:00,0.5551331969975314
2025-02-23 13:00:00,0.5113093243675213
2025-02-23 14:00:00,0.4865763153131294
2025-02-23 15:00:00,0.4554771175376367
2025-02-23 16:00:00,0.3603963751622357
2025-02-23 17:00:00,0.0548578294878164
2025-02-23 18:00:00,0.0
2025-02-23 19:00:00,0.0
2025-02-23 20:00:00,0.0
2025-02-23 21:00:00,0.0
2025-02-23 22:00:00,0.0
2025-02-23 23:00:00,0.0
2025-02-24 00:00:00,0.0
2025-02-24 01:00:00,0.0
2025-02-24 02:00:00,0.0
2025-02-24 03:00:00,0.0
2025-02-24 04:00:00,0.0
2025-02-24 05:00:00,0.0
2025-02-24 06:00:00,0.0209664436767532
2025-02-24 07:00:00,0.3188794275436833
2025-02-24 08:00:00,0.6051692065949555
2025-02-24 09:00:00,0.6605122991068849
2025-02-24 10:00:00,0.659865281741401
2025-02-24 11:00:00,0.6589255660439124
2025-02-24 12:00:00,0.6280767023681606
2025-02-24 13:00:00,0.5966424420283994
2025-02-24 14:00:00,0.5855969312890665
2025-02-24 15:00:00,0.5272344244048788
2025-02-24 16:00:00,0.375389462089789
2025-02-24 17:00:00,0.048295224780765
2025-02-24 18:00:00,2.3107763052997653e-05
2025-02-24 19:00:00,0.0
2025-02-24 20:00:00,0.0
2025-02-24 21:00:00,0.0
2025-02-24 22:00:00,0.0
2025-02-24 23:00:00,0.0
2025-02-25 00:00:00,0.0
2025-02-25 01:00:00,0.0
2025-02-25 02:00:00,0.0
2025-02-25 03:00:00,0.0
2025-02-25 04:00:00,0.0
2025-02-25 05:00:00,0.0
2025-02-25 06:00:00,0.0249371276280266
2025-02-25 07:00:00,0.3374503664506091
2025-02-25 08:00:00,0.6641440692000478
2025-02-25 09:00:00,0.7228724489992413
2025-02-25 10:00:00,0.6691507511948639
2025-02-25 11:00:00,0.668573057118539
2025-02-25 12:00:00,0.6569190419521438
2025-02-25 13:00:00,0.6079498407489996
2025-02-25 14:00:00,0.5868139401431911
2025-02-25 15:00:00,0.5582411911281595
2025-02-25 16:00:00,0.4207962164889295
2025-02-25 17:00:00,0.0694734896188374
2025-02-25 18:00:00,9.62823460541569e-05
2025-02-25 19:00:00,0.0
2025-02-25 20:00:00,0.0
2025-02-25 21:00:00,0.0
2025-02-25 22:00:00,0.0
2025-02-25 23:00:00,0.0
2025-02-26 00:00:00,0.0
2025-02-26 01:00:00,0.0
2025-02-26 02:00:00,0.0
2025-02-26 03:00:00,0.0
2025-02-26 04:00:00,0.0
2025-02-26 05:00:00,0.0
2025-02-26 06:00:00,0.0283532252660281
2025-02-26 07:00:00,0.3694469156913265
2025-02-26 08:00:00,0.6995759725479775
2025-02-26 09:00:00,0.7379772234482174
2025-02-26 10:00:00,0.7318960304714369
2025-02-26 11:00:00,0.713995216693048
2025-02-26 12:00:00,0.7281833832075886
2025-02-26 13:00:00,0.715685934689759
2025-02-26 14:00:00,0.7052566309651728
2025-02-26 15:00:00,0.7065737734591936
2025-02-26 16:00:00,0.4933199308307626
2025-02-26 17:00:00,0.0756586675293564
2025-02-26 18:00:00,4.236423226382903e-05
2025-02-26 19:00:00,0.0
2025-02-26 20:00:00,0.0
2025-02-26 21:00:00,0.0
2025-02-26 22:00:00,0.0
2025-02-26 23:00:00,0.0
2025-02-27 00:00:00,0.0
2025-02-27 01:00:00,0.0
2025-02-27 02:00:00,0.0
2025-02-27 03:00:00,0.0
2025-02-27 04:00:00,0.0
2025-02-27 05:00:00,0.0
2025-02-27 06:00:00,0.0345846187026531
2025-02-27 07:00:00,0.3463776655767505
2025-02-27 08:00:00,0.637419941229256
2025-02-27 09:00:00,0.7282373013213789
2025-02-27 10:00:00,0.7376960789977394
2025-02-27 11:00:00,0.7324352116093401
2025-02-27 12:00:00,0.7058035146907604
2025-02-27 13:00:00,0.6341116798188351
2025-02-27 14:00:00,0.6041293572575707
2025-02-27 15:00:00,0.5352412643027424
2025-02-27 16:00:00,0.3137109912074962
2025-02-27 17:00:00,0.0623948115369358
2025-02-27 18:00:00,0.0
2025-02-27 19:00:00,0.0
2025-02-27 20:00:00,0.0
2025-02-27 21:00:00,0.0
2025-02-27 22:00:00,0.0
2025-02-27 23:00:00,0.0
2025-02-28 00:00:00,0.0
2025-02-28 01:00:00,0.0
2025-02-28 02:00:00,0.0
2025-02-28 03:00:00,0.0
2025-02-28 04:00:00,0.0
2025-02-28 05:00:00,0.0
2025-02-28 06:00:00,0.0224530430998293
2025-02-28 07:00:00,0.2106888809295482
2025-02-28 08:00:00,0.4169603278221319
2025-02-28 09:00:00,0.5372747474514062
2025-02-28 10:00:00,0.6158912086515465
2025-02-28 11:00:00,0.6619757907669082
2025-02-28 12:00:00,0.7104982418843611
2025-02-28 13:00:00,0.6970726315505694
2025-02-28 14:00:00,0.6508879157953115
2025-02-28 15:00:00,0.5427743950580197
2025-02-28 16:00:00,0.2557952344089997
2025-02-28 17:00:00,0.0323046527480907
2025-02-28 18:00:00,0.0
2025-02-28 19:00:00,0.0
2025-02-28 20:00:00,0.0
2025-02-28 21:00:00,0.0
2025-02-28 22:00:00,0.0
2025-02-28 23:00:00,0.0
2025-03-01 00:00:00,0.0
2025-03-01 01:00:00,0.0
2025-03-01 02:00:00,0.0
2025-03-01 03:00:00,0.0
2025-03-01 04:00:00,0.0
2025-03-01 05:00:00,0.0
2025-03-01 06:00:00,0.0193219412061482
2025-03-01 07:00:00,0.2240644244433917
2025-03-01 08:00:00,0.525478234412851
2025-03-01 09:00:00,0.6256696437168067
2025-03-01 10:00:00,0.7067316765067224
2025-03-01 11:00:00,0.7400684760045136
2025-03-01 12:00:00,0.704012663054153
2025-03-01 13:00:00,0.7054029801311751
2025-03-01 14:00:00,0.6842978898761038
2025-03-01 15:00:00,0.6445409835434214
2025-03-01 16:00:00,0.3800456763449681
2025-03-01 17:00:00,0.04183275371361
2025-03-01 18:00:00,0.0
2025-03-01 19:00:00,0.0
2025-03-01 20:00:00,0.0
2025-03-01 21:00:00,0.0
2025-03-01 22:00:00,0.0
2025-03-01 23:00:00,0.0
2025-03-02 00:00:00,0.0
2025-03-02 01:00:00,0.0
2025-03-02 02:00:00,0.0
2025-03-02 03:00:00,0.0
2025-03-02 04:00:00,0.0
2025-03-02 05:00:00,0.0
2025-03-02 06:00:00,0.0317115534963971
2025-03-02 07:00:00,0.3224380230538449
2025-03-02 08:00:00,0.6267595598741397
2025-03-02 09:00:00,0.6304799097256724
2025-03-02 10:00:00,0.6374854132245728
2025-03-02 11:00:00,0.5995270611161819
2025-03-02 12:00:00,0.5603439975659823
2025-03-02 13:00:00,0.5438951215660901
2025-03-02 14:00:00,0.5001444235190813
2025-03-02 15:00:00,0.4332320443052843
2025-03-02 16:00:00,0.3633695740083881
2025-03-02 17:00:00,0.0590210781311981
2025-03-02 18:00:00,0.0016830154090266
2025-03-02 19:00:00,0.0003658729150057
2025-03-02 20:00:00,0.0
2025-03-02 21:00:00,0.0
2025-03-02 22:00:00,0.0
2025-03-02 23:00:00,0.0
2025-03-03 00:00:00,0.0
2025-03-03 01:00:00,0.0
2025-03-03 02:00:00,0.0
2025-03-03 03:00:00,0.0
2025-03-03 04:00:00,0.0
2025-03-03 05:00:00,0.0
2025-03-03 06:00:00,0.0409816177744913
2025-03-03 07:00:00,0.3540841045549252
2025-03-03 08:00:00,0.6703716113428306
2025-03-03 09:00:00,0.7187323081189125
2025-03-03 10:00:00,0.729188570900394
2025-03-03 11:00:00,0.7445706385060061
2025-03-03 12:00:00,0.7485413224572796
2025-03-03 13:00:00,0.7562439101416121
2025-03-03 14:00:00,0.6736567649901984
2025-03-03 15:00:00,0.6478993117737905
2025-03-03 16:00:00,0.4792588570130136
2025-03-03 17:00:00,0.0770566871940628
2025-03-03 18:00:00,0.0006624225408525
2025-03-03 19:00:00,0.0
2025-03-03 20:00:00,0.0
2025-03-03 21:00:00,0.0
2025-03-03 22:00:00,0.0
2025-03-03 23:00:00,0.0
2025-03-04 00:00:00,0.0
2025-03-04 01:00:00,0.0
2025-03-04 02:00:00,0.0
2025-03-04 03:00:00,0.0
2025-03-04 04:00:00,0.0
2025-03-04 05:00:00,0.0
2025-03-04 06:00:00,0.045537698389774
2025-03-04 07:00:00,0.439940998178338
2025-03-04 08:00:00,0.7608308011076321
2025-03-04 09:00:00,0.7861607607075597
2025-03-04 10:00:00,0.78857937324044
2025-03-04 11:00:00,0.7576765914508979
2025-03-04 12:00:00,0.7037661802482543
2025-03-04 13:00:00,0.6648565585608485
2025-03-04 14:00:00,0.6319356987980111
2025-03-04 15:00:00,0.5861553688961807
2025-03-04 16:00:00,0.4812230168725183
2025-03-04 17:00:00,0.0793443557363096
2025-03-04 18:00:00,0.0019718624471891
2025-03-04 19:00:00,0.0006508686593261
2025-03-04 20:00:00,0.0
2025-03-04 21:00:00,0.0
2025-03-04 22:00:00,0.0
2025-03-04 23:00:00,0.0
2025-03-05 00:00:00,0.0
2025-03-05 01:00:00,0.0
2025-03-05 02:00:00,0.0
2025-03-05 03:00:00,0.0
2025-03-05 04:00:00,0.0
2025-03-05 05:00:00,0.0
2025-03-05 06:00:00,0.0242207869733837
2025-03-05 07:00:00,0.1581687868039267
2025-03-05 08:00:00,0.2749207596291974
2025-03-05 09:00:00,0.31375335543976
2025-03-05 10:00:00,0.3496666705179605
2025-03-05 11:00:00,0.3836774464381308
2025-03-05 12:00:00,0.3575926332451387
2025-03-05 13:00:00,0.2948358000870392
2025-03-05 14:00:00,0.255964691338055
2025-03-05 15:00:00,0.2454082949166772
2025-03-05 16:00:00,0.1250245519982438
2025-03-05 17:00:00,0.0151009231551339
2025-03-05 18:00:00,0.0
2025-03-05 19:00:00,0.0
2025-03-05 20:00:00,0.0
2025-03-05 21:00:00,0.0
2025-03-05 22:00:00,0.0
2025-03-05 23:00:00,0.0
2025-03-06 00:00:00,0.0
2025-03-06 01:00:00,0.0
2025-03-06 02:00:00,0.0
2025-03-06 03:00:00,0.0
2025-03-06 04:00:00,0.0
2025-03-06 05:00:00,0.0
2025-03-06 06:00:00,0.0425375404867265
2025-03-06 07:00:00,0.3817094352847839
2025-03-06 08:00:00,0.6903752315590422
2025-03-06 09:00:00,0.7561360739140315
2025-03-06 10:00:00,0.7223486730367067
2025-03-06 11:00:00,0.6889541041312829
2025-03-06 12:00:00,0.6549279230357439
2025-03-06 13:00:00,0.5879154101820506
2025-03-06 14:00:00,0.5362965188154961
2025-03-06 15:00:00,0.4661297963050687
2025-03-06 16:00:00,0.3021532583871552
2025-03-06 17:00:00,0.0570184053332717
2025-03-06 18:00:00,0.0001386465783179
2025-03-06 19:00:00,0.0003119548012154
2025-03-06 20:00:00,0.0003851293842166
2025-03-06 21:00:00,0.0003735755026901
2025-03-06 22:00:00,0.0004005345595852
2025-03-06 23:00:00,0.0002811444504781
2025-03-07 00:00:00,0.0
2025-03-07 01:00:00,0.0
2025-03-07 02:00:00,0.0
2025-03-07 03:00:00,0.0
2025-03-07 04:00:00,0.0
2025-03-07 05:00:00,0.0
2025-03-07 06:00:00,0.0262504188282053
2025-03-07 07:00:00,0.2838711665183918
2025-03-07 08:00:00,0.5905188848193551
2025-03-07 09:00:00,0.7159093097326047
2025-03-07 10:00:00,0.721312674993164
2025-03-07 11:00:00,0.7444319919276882
2025-03-07 12:00:00,0.7353082768155962
2025-03-07 13:00:00,0.7761281402487166
2025-03-07 14:00:00,0.7715296954011701
2025-03-07 15:00:00,0.7082760453374312
2025-03-07 16:00:00,0.5092604360434888
2025-03-07 17:00:00,0.1040504057338062
2025-03-07 18:00:00,4.621552610599531e-05
2025-03-07 19:00:00,0.0
2025-03-07 20:00:00,0.0
2025-03-07 21:00:00,0.0
2025-03-07 22:00:00,0.0
2025-03-07 23:00:00,0.0
2025-03-08 00:00:00,0.0
2025-03-08 01:00:00,0.0
2025-03-08 02:00:00,0.0
2025-03-08 03:00:00,0.0
2025-03-08 04:00:00,0.0
2025-03-08 05:00:00,0.0
2025-03-08 06:00:00,0.0693540995097303
2025-03-08 07:00:00,0.5101115719826075
2025-03-08 08:00:00,0.750081839994146
2025-03-08 09:00:00,0.7524118727686566
2025-03-08 10:00:00,0.6866933946459313
2025-03-08 11:00:00,0.6548508971589005
2025-03-08 12:00:00,0.6199081081289259
2025-03-08 13:00:00,0.5820306331912206
2025-03-08 14:00:00,0.5619615409796922
2025-03-08 15:00:00,0.5818303659114279
2025-03-08 16:00:00,0.5110435850924119
2025-03-08 17:00:00,0.1151690910561403
2025-03-08 18:00:00,0.0010167415743318
2025-03-08 19:00:00,8.472846452765806e-05
2025-03-08 20:00:00,0.0
2025-03-08 21:00:00,0.0
2025-03-08 22:00:00,0.0
2025-03-08 23:00:00,0.0
2025-03-09 00:00:00,0.0
2025-03-09 03:00:00,0.0
2025-03-09 04:00:00,0.0
2025-03-09 05:00:00,0.0
2025-03-09 06:00:00,0.0
2025-03-09 07:00:00,0.0782968038112403
2025-03-09 08:00:00,0.5238876500560363
2025-03-09 09:00:00,0.7082144246359564
2025-03-09 10:00:00,0.6721432065102271
2025-03-09 11:00:00,0.6267634111679818
2025-03-09 12:00:00,0.5874417010394641
2025-03-09 13:00:00,0.5596777237312875
2025-03-09 14:00:00,0.5220582854810073
2025-03-09 15:00:00,0.4998286174240235
2025-03-09 16:00:00,0.4790932513778003
2025-03-09 17:00:00,0.4739055585724024
2025-03-09 18:00:00,0.1177725656934447
2025-03-09 19:00:00,0.0003928319719009
2025-03-09 20:00:00,0.0
2025-03-09 21:00:00,0.0
2025-03-09 22:00:00,0.0
2025-03-09 23:00:00,0.0
2025-03-10 00:00:00,0.0
2025-03-10 01:00:00,0.0
2025-03-10 02:00:00,0.0
2025-03-10 03:00:00,0.0
2025-03-10 04:00:00,0.0
2025-03-10 05:00:00,0.0
2025-03-10 06:00:00,0.0
2025-03-10 07:00:00,0.0813277720650252
2025-03-10 08:00:00,0.5070112804396637
2025-03-10 09:00:00,0.7550500090505405
2025-03-10 10:00:00,0.7512256742652694
2025-03-10 11:00:00,0.7237659491706239
2025-03-10 12:00:00,0.6439825459363073
2025-03-10 13:00:00,0.5950171960270053
2025-03-10 14:00:00,0.5525451275355956
2025-03-10 15:00:00,0.5371322495792462
2025-03-10 16:00:00,0.4971827785544553
2025-03-10 17:00:00,0.3911335513165648
2025-03-10 18:00:00,0.0735019429777433
2025-03-10 19:00:00,0.0030386708414691
2025-03-10 20:00:00,0.0002695905689516
2025-03-10 21:00:00,0.0
2025-03-10 22:00:00,0.0
2025-03-10 23:00:00,0.0
2025-03-11 00:00:00,0.0
2025-03-11 01:00:00,0.0
2025-03-11 02:00:00,0.0
2025-03-11 03:00:00,0.0
2025-03-11 04:00:00,0.0
2025-03-11 05:00:00,0.0
2025-03-11 06:00:00,0.0
2025-03-11 07:00:00,0.045953638124728
2025-03-11 08:00:00,0.2241761119648146
2025-03-11 09:00:00,0.3582627583736756
2025-03-11 10:00:00,0.410339953707448
2025-03-11 11:00:00,0.5087443626686385
2025-03-11 12:00:00,0.5035643724509249
2025-03-11 13:00:00,0.5422660242708538
2025-03-11 14:00:00,0.5007221175954062
2025-03-11 15:00:00,0.4917524542370008
2025-03-11 16:00:00,0.4805490404501392
2025-03-11 17:00:00,0.3101832060480718
2025-03-11 18:00:00,0.0834267272090058
2025-03-11 19:00:00,0.0054341756112966
2025-03-11 20:00:00,0.0004082371472696
2025-03-11 21:00:00,0.0
2025-03-11 22:00:00,0.0
2025-03-11 23:00:00,0.0
2025-03-12 00:00:00,0.0
2025-03-12 01:00:00,0.0
2025-03-12 02:00:00,0.0
2025-03-12 03:00:00,0.0
2025-03-12 04:00:00,0.0
2025-03-12 05:00:00,0.0
2025-03-12 06:00:00,0.0
2025-03-12 07:00:00,0.0738524107173805
2025-03-12 08:00:00,0.4032997885639681
2025-03-12 09:00:00,0.5798662060519232
2025-03-12 10:00:00,0.6093517117075482
2025-03-12 11:00:00,0.5890977573915958
2025-03-12 12:00:00,0.5666485655856085
2025-03-12 13:00:00,0.4749492592036295
2025-03-12 14:00:00,0.4402606555672378
2025-03-12 15:00:00,0.4112681155234101
2025-03-12 16:00:00,0.361004879589298
2025-03-12 17:00:00,0.2298683242635363
2025-03-12 18:00:00,0.0445132542277578
2025-03-12 19:00:00,0.0001424978721601
2025-03-12 20:00:00,0.0
2025-03-12 21:00:00,0.0
2025-03-12 22:00:00,0.0
2025-03-12 23:00:00,0.0
2025-03-13 00:00:00,0.0
2025-03-13 01:00:00,0.0
2025-03-13 02:00:00,0.0
2025-03-13 03:00:00,0.0
2025-03-13 04:00:00,0.0
2025-03-13 05:00:00,0.0
2025-03-13 06:00:00,0.0
2025-03-13 07:00:00,0.032797618359888
2025-03-13 08:00:00,0.1948022938306123
2025-03-13 09:00:00,0.3461928034723265
2025-03-13 10:00:00,0.4211274277593557
2025-03-13 11:00:00,0.494070933129985
2025-03-13 12:00:00,0.5076582978051477
2025-03-13 13:00:00,0.5383723661964237
2025-03-13 14:00:00,0.5372285319253003
2025-03-13 15:00:00,0.5934920836655074
2025-03-13 16:00:00,0.5225936153250684
2025-03-13 17:00:00,0.397114610653449
2025-03-13 18:00:00,0.1015971315563463
2025-03-13 19:00:00,9.62823460541569e-05
2025-03-13 20:00:00,0.0
2025-03-13 21:00:00,0.0
2025-03-13 22:00:00,0.0
2025-03-13 23:00:00,0.0
2025-03-14 00:00:00,0.0
2025-03-14 01:00:00,0.0
2025-03-14 02:00:00,0.0
2025-03-14 03:00:00,0.0
2025-03-14 04:00:00,0.0
2025-03-14 05:00:00,0.0
2025-03-14 06:00:00,0.0
2025-03-14 07:00:00,0.0228728341286255
2025-03-14 08:00:00,0.1744559084624479
2025-03-14 09:00:00,0.2064486064093232
2025-03-14 10:00:00,0.3108148182381871
2025-03-14 11:00:00,0.442652309043223
2025-03-14 12:00:00,0.4459490165721174
2025-03-14 13:00:00,0.5757992397545956
2025-03-14 14:00:00,0.5370706288777715
2025-03-14 15:00:00,0.4863914532087054
2025-03-14 16:00:00,0.4332744085375482
2025-03-14 17:00:00,0.2768310013749119
2025-03-14 18:00:00,0.0671896723704328
2025-03-14 19:00:00,6.932328915899296e-05
2025-03-14 20:00:00,0.0
2025-03-14 21:00:00,0.0
2025-03-14 22:00:00,0.0
2025-03-14 23:00:00,0.0
2025-03-15 00:00:00,0.0
2025-03-15 01:00:00,0.0
2025-03-15 02:00:00,0.0
2025-03-15 03:00:00,0.0
2025-03-15 04:00:00,0.0
2025-03-15 05:00:00,0.0
2025-03-15 06:00:00,0.0
2025-03-15 07:00:00,0.1060222681809954
2025-03-15 08:00:00,0.5158923640396992
2025-03-15 09:00:00,0.622850496624341
2025-03-15 10:00:00,0.5963998105163429
2025-03-15 11:00:00,0.5731456982973431
2025-03-15 12:00:00,0.5783680527473205
2025-03-15 13:00:00,0.5468606178245582
2025-03-15 14:00:00,0.4991931539400661
2025-03-15 15:00:00,0.4162285819921202
2025-03-15 16:00:00,0.3557632686701097
2025-03-15 17:00:00,0.3787439390263158
2025-03-15 18:00:00,0.1389700870007278
2025-03-15 19:00:00,0.0005815453701671
2025-03-15 20:00:00,0.0
2025-03-15 21:00:00,0.0
2025-03-15 22:00:00,0.0
2025-03-15 23:00:00,0.0
2025-03-16 00:00:00,0.0
2025-03-16 01:00:00,0.0
2025-03-16 02:00:00,0.0
2025-03-16 03:00:00,0.0
2025-03-16 04:00:00,0.0
2025-03-16 05:00:00,0.0
2025-03-16 06:00:00,2.3107763052997653e-05
2025-03-16 07:00:00,0.1158700265354145
2025-03-16 08:00:00,0.4574451286909837
2025-03-16 09:00:00,0.6296788406065018
2025-03-16 10:00:00,0.6303720734980918
2025-03-16 11:00:00,0.6219646990406427
2025-03-16 12:00:00,0.6067020215441378
2025-03-16 13:00:00,0.5280085344671542
2025-03-16 14:00:00,0.5006836046569845
2025-03-16 15:00:00,0.4828174525231752
2025-03-16 16:00:00,0.436097406923856
2025-03-16 17:00:00,0.3562254239311697
2025-03-16 18:00:00,0.0838734772946971
2025-03-16 19:00:00,0.000812623000697
2025-03-16 20:00:00,8.472846452765806e-05
2025-03-16 21:00:00,0.0
2025-03-16 22:00:00,0.0
2025-03-16 23:00:00,0.0
2025-03-17 00:00:00,0.0
2025-03-17 01:00:00,0.0
2025-03-17 02:00:00,0.0
2025-03-17 03:00:00,0.0
2025-03-17 04:00:00,0.0
2025-03-17 05:00:00,0.0
2025-03-17 06:00:00,0.0
2025-03-17 07:00:00,0.0461462028168363
2025-03-17 08:00:00,0.2200706327290653
2025-03-17 09:00:00,0.4344760122163041
2025-03-17 10:00:00,0.5218541669073725
2025-03-17 11:00:00,0.5886163456613249
2025-03-17 12:00:00,0.5338008804057723
2025-03-17 13:00:00,0.5526375585878076
2025-03-17 14:00:00,0.5744204765591
2025-03-17 15:00:00,0.5200209510385014
2025-03-17 16:00:00,0.4585119370852638
2025-03-17 17:00:00,0.3656764990198457
2025-03-17 18:00:00,0.1174683134799135
2025-03-17 19:00:00,0.000743299711538
2025-03-17 20:00:00,0.0
2025-03-17 21:00:00,0.0
2025-03-17 22:00:00,0.0
2025-03-17 23:00:00,0.0
2025-03-18 00:00:00,0.0
2025-03-18 01:00:00,0.0
2025-03-18 02:00:00,0.0
2025-03-18 03:00:00,0.0
2025-03-18 04:00:00,0.0
2025-03-18 05:00:00,0.0
2025-03-18 06:00:00,5.391811379032786e-05
2025-03-18 07:00:00,0.1248589463630306
2025-03-18 08:00:00,0.4902003828186079
2025-03-18 09:00:00,0.5983408626127947
2025-03-18 10:00:00,0.5648962268874228
2025-03-18 11:00:00,0.5606174394287761
2025-03-18 12:00:00,0.5549098219546856
2025-03-18 13:00:00,0.5232290788090259
2025-03-18 14:00:00,0.4800714800137106
2025-03-18 15:00:00,0.454787735939889
2025-03-18 16:00:00,0.400773339803507
2025-03-18 17:00:00,0.4290610930742182
2025-03-18 18:00:00,0.1582111510361906
2025-03-18 19:00:00,0.0046215526105995
2025-03-18 20:00:00,0.0015867330629725
2025-03-18 21:00:00,0.0
2025-03-18 22:00:00,0.0
2025-03-18 23:00:00,0.0
2025-03-19 00:00:00,0.0
2025-03-19 01:00:00,0.0
2025-03-19 02:00:00,0.0
2025-03-19 03:00:00,0.0
2025-03-19 04:00:00,0.0
2025-03-19 05:00:00,0.0
2025-03-19 06:00:00,0.0002002672797926
2025-03-19 07:00:00,0.1402602704378535
2025-03-19 08:00:00,0.5268608489021888
2025-03-19 09:00:00,0.6467208158580876
2025-03-19 10:00:00,0.6433316772769812
2025-03-19 11:00:00,0.6443407162636288
2025-03-19 12:00:00,0.6082078774364248
2025-03-19 13:00:00,0.6125521368903883
2025-03-19 14:00:00,0.5806942342279888
2025-03-19 15:00:00,0.5124762664016976
2025-03-19 16:00:00,0.4292998732924326
2025-03-19 17:00:00,0.3887187900775265
2025-03-19 18:00:00,0.1080172383912375
2025-03-19 19:00:00,0.0003851293842166
2025-03-19 20:00:00,0.0
2025-03-19 21:00:00,0.0
2025-03-19 22:00:00,0.0
2025-03-19 23:00:00,0.0
2025-03-20 00:00:00,0.0
2025-03-20 01:00:00,0.0
2025-03-20 02:00:00,0.0
2025-03-20 03:00:00,0.0
2025-03-20 04:00:00,0.0
2025-03-20 05:00:00,0.0
2025-03-20 06:00:00,0.0002965496258468
2025-03-20 07:00:00,0.13767605226976
2025-03-20 08:00:00,0.516678027983501
2025-03-20 09:00:00,0.688515056633276
2025-03-20 10:00:00,0.6711842343435277
2025-03-20 11:00:00,0.5991072700873858
2025-03-20 12:00:00,0.5805517363558288
2025-03-20 13:00:00,0.5627549075111784
2025-03-20 14:00:00,0.4976872980477791
2025-03-20 15:00:00,0.4908358463025654
2025-03-20 16:00:00,0.4522073690656376
2025-03-20 17:00:00,0.4371179997920301
2025-03-20 18:00:00,0.1479166425960801
2025-03-20 19:00:00,0.000881946289856
2025-03-20 20:00:00,3.851293842166275e-06
2025-03-20 21:00:00,0.0001848621044239
2025-03-20 22:00:00,0.0001887133982661
2025-03-20 23:00:00,0.0001656056352131
2025-03-21 00:00:00,0.0001540517536866
2025-03-21 01:00:00,0.0001386465783179
2025-03-21 02:00:00,0.0001617543413709
2025-03-21 03:00:00,0.0001232414029493
2025-03-21 04:00:00,8.857975836982434e-05
2025-03-21 05:00:00,9.24310522119906e-05
2025-03-21 06:00:00,0.0009666747543837
2025-03-21 07:00:00,0.1384925265642992
2025-03-21 08:00:00,0.4852861318760037
2025-03-21 09:00:00,0.7008314943405237
2025-03-21 10:00:00,0.7029150443091357
2025-03-21 11:00:00,0.6705526221534125
2025-03-21 12:00:00,0.6432777591631909
2025-03-21 13:00:00,0.6203741146838281
2025-03-21 14:00:00,0.6117087035389539
2025-03-21 15:00:00,0.5913854259338425
2025-03-21 16:00:00,0.5737195410798258
2025-03-21 17:00:00,0.5087597678440071
2025-03-21 18:00:00,0.1514906432816104
2025-03-21 19:00:00,0.0009628234605415
2025-03-21 20:00:00,0.0
2025-03-21 21:00:00,0.0
2025-03-21 22:00:00,0.0
2025-03-21 23:00:00,0.0
2025-03-22 00:00:00,0.0
2025-03-22 01:00:00,0.0
2025-03-22 02:00:00,0.0
2025-03-22 03:00:00,0.0
2025-03-22 04:00:00,0.0
2025-03-22 05:00:00,0.0
2025-03-22 06:00:00,0.000697084185432
2025-03-22 07:00:00,0.1384732700950884
2025-03-22 08:00:00,0.530015058558923
2025-03-22 09:00:00,0.625608023015332
2025-03-22 10:00:00,0.578984259762067
2025-03-22 11:00:00,0.5540201730771452
2025-03-22 12:00:00,0.5528532310429689
2025-03-22 13:00:00,0.5539585523756706
2025-03-22 14:00:00,0.5210608003758863
2025-03-22 15:00:00,0.520128787266082
2025-03-22 16:00:00,0.5035374133940297
2025-03-22 17:00:00,0.3638933499709227
2025-03-22 18:00:00,0.1026485347752577
2025-03-22 19:00:00,0.0021182116131914
2025-03-22 20:00:00,0.0
2025-03-22 21:00:00,0.0
2025-03-22 22:00:00,0.0
2025-03-22 23:00:00,0.0
2025-03-23 00:00:00,0.0
2025-03-23 01:00:00,0.0
2025-03-23 02:00:00,0.0
2025-03-23 03:00:00,0.0
2025-03-23 04:00:00,0.0
2025-03-23 05:00:00,0.0
2025-03-23 06:00:00,0.0003235086827419
2025-03-23 07:00:00,0.1561160471860521
2025-03-23 08:00:00,0.5799432319287664
2025-03-23 09:00:00,0.6910838696260009
2025-03-23 10:00:00,0.6502678574867227
2025-03-23 11:00:00,0.6394495730840776
2025-03-23 12:00:00,0.6309420649867322
2025-03-23 13:00:00,0.6403353706677758
2025-03-23 14:00:00,0.6135842836400889
2025-03-23 15:00:00,0.6173893619561491
2025-03-23 16:00:00,0.5912891435877883
2025-03-23 17:00:00,0.5341706046146203
2025-03-23 18:00:00,0.1758847384778916
2025-03-23 19:00:00,0.0079991373101793
2025-03-23 20:00:00,0.0
2025-03-23 21:00:00,0.0
2025-03-23 22:00:00,0.0
2025-03-23 23:00:00,0.0
2025-03-24 00:00:00,0.0
2025-03-24 01:00:00,0.0
2025-03-24 02:00:00,0.0
2025-03-24 03:00:00,0.0
2025-03-24 04:00:00,0.0
2025-03-24 05:00:00,0.0
2025-03-24 06:00:00,0.0009589721666994
2025-03-24 07:00:00,0.1861291800980539
2025-03-24 08:00:00,0.6188412997346459
2025-03-24 09:00:00,0.7603301329081504
2025-03-24 10:00:00,0.7444820587476363
2025-03-24 11:00:00,0.7401801635259365
2025-03-24 12:00:00,0.7200494506129335
2025-03-24 13:00:00,0.7418554763472789
2025-03-24 14:00:00,0.7395061871035574
2025-03-24 15:00:00,0.7637308253707834
2025-03-24 16:00:00,0.7431533623720888
2025-03-24 17:00:00,0.6151363550584819
2025-03-24 18:00:00,0.1974096197617589
2025-03-24 19:00:00,0.0047139836628115
2025-03-24 20:00:00,0.0
2025-03-24 21:00:00,0.0
2025-03-24 22:00:00,0.0
2025-03-24 23:00:00,0.0
2025-03-25 00:00:00,0.0
2025-03-25 01:00:00,0.0
2025-03-25 02:00:00,0.0
2025-03-25 03:00:00,0.0
2025-03-25 04:00:00,0.0
2025-03-25 05:00:00,0.0
2025-03-25 06:00:00,0.0013633580201268
2025-03-25 07:00:00,0.1932502224122194
2025-03-25 08:00:00,0.6384058724528505
2025-03-25 09:00:00,0.7915217617358552
2025-03-25 10:00:00,0.8198056637127243
2025-03-25 11:00:00,0.8346524014742753
2025-03-25 12:00:00,0.8421470192911309
2025-03-25 13:00:00,0.833208166283463
2025-03-25 14:00:00,0.8436644290649443
2025-03-25 15:00:00,0.8439494248092647
2025-03-25 16:00:00,0.7951650857105445
2025-03-25 17:00:00,0.6074337673741493
2025-03-25 18:00:00,0.1717407463037207
2025-03-25 19:00:00,0.0027267160402537
2025-03-25 20:00:00,0.0
2025-03-25 21:00:00,0.0
2025-03-25 22:00:00,0.0
2025-03-25 23:00:00,0.0
2025-03-26 00:00:00,0.0
2025-03-26 01:00:00,0.0
2025-03-26 02:00:00,0.0
2025-03-26 03:00:00,0.0
2025-03-26 04:00:00,0.0
2025-03-26 05:00:00,0.0
2025-03-26 06:00:00,0.0008241768822235
2025-03-26 07:00:00,0.1360700627375766
2025-03-26 08:00:00,0.5290714915675921
2025-03-26 09:00:00,0.7340180933784705
2025-03-26 10:00:00,0.7964668230291967
2025-03-26 11:00:00,0.8167939519281502
2025-03-26 12:00:00,0.8405140707020523
2025-03-26 13:00:00,0.8579257701624861
2025-03-26 14:00:00,0.8633137302476768
2025-03-26 15:00:00,0.8666874636534144
2025-03-26 16:00:00,0.821997049908917
2025-03-26 17:00:00,0.6430428302388187
2025-03-26 18:00:00,0.1763854066773732
2025-03-26 19:00:00,0.0075408333429615
2025-03-26 20:00:00,0.0
2025-03-26 21:00:00,0.0
2025-03-26 22:00:00,0.0
2025-03-26 23:00:00,0.0
2025-03-27 00:00:00,0.0
2025-03-27 01:00:00,0.0
2025-03-27 02:00:00,0.0
2025-03-27 03:00:00,0.0
2025-03-27 04:00:00,0.0
2025-03-27 05:00:00,0.0
2025-03-27 06:00:00,0.0020835499686119
2025-03-27 07:00:00,0.1515638178646116
2025-03-27 08:00:00,0.5700954735743473
2025-03-27 09:00:00,0.7298394395597201
2025-03-27 10:00:00,0.7614161977716414
2025-03-27 11:00:00,0.7765710390405657
2025-03-27 12:00:00,0.7336445178757803
2025-03-27 13:00:00,0.7079602392423735
2025-03-27 14:00:00,0.6690082533227037
2025-03-27 15:00:00,0.6103299403434583
2025-03-27 16:00:00,0.5629667286724975
2025-03-27 17:00:00,0.4939207326701406
2025-03-27 18:00:00,0.1668534544180117
2025-03-27 19:00:00,0.0026227311065152
2025-03-27 20:00:00,0.0
2025-03-27 21:00:00,0.0
2025-03-27 22:00:00,0.0
2025-03-27 23:00:00,0.0
2025-03-28 00:00:00,0.0
2025-03-28 01:00:00,0.0
2025-03-28 02:00:00,0.0
2025-03-28 03:00:00,0.0
2025-03-28 04:00:00,0.0
2025-03-28 05:00:00,0.0
2025-03-28 06:00:00,0.0006508686593261
2025-03-28 07:00:00,0.0812969617142879
2025-03-28 08:00:00,0.3011365168128233
2025-03-28 09:00:00,0.5200864230338182
2025-03-28 10:00:00,0.6130605076775543
2025-03-28 11:00:00,0.6170851097426181
2025-03-28 12:00:00,0.7300165990764597
2025-03-28 13:00:00,0.7341297808998933
2025-03-28 14:00:00,0.6905408371942554
2025-03-28 15:00:00,0.6992100996329718
2025-03-28 16:00:00,0.595637254335594
2025-03-28 17:00:00,0.4687294196485309
2025-03-28 18:00:00,0.1457098512245188
2025-03-28 19:00:00,0.0034507592825809
2025-03-28 20:00:00,0.0
2025-03-28 21:00:00,0.0
2025-03-28 22:00:00,0.0
2025-03-28 23:00:00,0.0
2025-03-29 00:00:00,0.0
2025-03-29 01:00:00,0.0
2025-03-29 02:00:00,0.0
2025-03-29 03:00:00,0.0
2025-03-29 04:00:00,0.0
2025-03-29 05:00:00,0.0
2025-03-29 06:00:00,0.0019372008026096
2025-03-29 07:00:00,0.1649817256107189
2025-03-29 08:00:00,0.5579330876207862
2025-03-29 09:00:00,0.6629886810473979
2025-03-29 10:00:00,0.6166422109507689
2025-03-29 11:00:00,0.5830781851162898
2025-03-29 12:00:00,0.5333618329077654
2025-03-29 13:00:00,0.5250237817394754
2025-03-29 14:00:00,0.5380296010444708
2025-03-29 15:00:00,0.5276426615521485
2025-03-29 16:00:00,0.544703893272945
2025-03-29 17:00:00,0.4387432457934243
2025-03-29 18:00:00,0.1040927699660701
2025-03-29 19:00:00,0.001344101550916
2025-03-29 20:00:00,0.0
2025-03-29 21:00:00,0.0
2025-03-29 22:00:00,0.0
2025-03-29 23:00:00,0.0
2025-03-30 00:00:00,0.0
2025-03-30 01:00:00,0.0
2025-03-30 02:00:00,0.0
2025-03-30 03:00:00,0.0
2025-03-30 04:00:00,0.0
2025-03-30 05:00:00,0.0
2025-03-30 06:00:00,0.001390317077022
2025-03-30 07:00:00,0.1389854921760965
2025-03-30 08:00:00,0.4240890727239816
2025-03-30 09:00:00,0.623663119625038
2025-03-30 10:00:00,0.6539150327552541
2025-03-30 11:00:00,0.6827150081069735
2025-03-30 12:00:00,0.6220109145667486
2025-03-30 13:00:00,0.5929683077029728
2025-03-30 14:00:00,0.5633942222889781
2025-03-30 15:00:00,0.549498754106442
2025-03-30 16:00:00,0.5531613345503421
2025-03-30 17:00:00,0.4988696452573242
2025-03-30 18:00:00,0.1652898291180922
2025-03-30 19:00:00,0.0080453528362853
2025-03-30 20:00:00,0.0027498238033067
2025-03-30 21:00:00,0.0
2025-03-30 22:00:00,0.0
2025-03-30 23:00:00,0.0
2025-03-31 00:00:00,0.0
2025-03-31 01:00:00,0.0
2025-03-31 02:00:00,0.0
2025-03-31 03:00:00,0.0
2025-03-31 04:00:00,0.0
2025-03-31 05:00:00,0.0
2025-03-31 06:00:00,0.0022876685422467
2025-03-31 07:00:00,0.1256715693637277
2025-03-31 08:00:00,0.3842512892206137
2025-03-31 09:00:00,0.5979711384039468
2025-03-31 10:00:00,0.662434094734126
2025-03-31 11:00:00,0.7216592914389589
2025-03-31 12:00:00,0.7521384309058629
2025-03-31 13:00:00,0.7420788513901245
2025-03-31 14:00:00,0.7111722183067402
2025-03-31 15:00:00,0.6296480302557644
2025-03-31 16:00:00,0.5090216558252745
2025-03-31 17:00:00,0.3530404039236982
2025-03-31 18:00:00,0.1035112245959029
2025-03-31 19:00:00,0.0056614019479844
2025-03-31 20:00:00,0.0039706839512734
2025-03-31 21:00:00,0.0041516947618552
2025-03-31 22:00:00,0.0042017615818034
2025-03-31 23:00:00,0.0042518284017515
2025-04-01 00:00:00,0.0031927225951558
2025-04-01 01:00:00,0.0
2025-04-01 02:00:00,0.0
2025-04-01 03:00:00,0.0
2025-04-01 04:00:00,0.0
2025-04-01 05:00:00,0.0
2025-04-01 06:00:00,0.0017484874043434
2025-04-01 07:00:00,0.1529964991738974
2025-04-01 08:00:00,0.5710005276272564
2025-04-01 09:00:00,0.6255502536076996
2025-04-01 10:00:00,0.6622415300420176
2025-04-01 11:00:00,0.6726169156528136
2025-04-01 12:00:00,0.6608627668465221
2025-04-01 13:00:00,0.6663161989270295
2025-04-01 14:00:00,0.6796147165640297
2025-04-01 15:00:00,0.6805736887307291
2025-04-01 16:00:00,0.6289124331319107
2025-04-01 17:00:00,0.4465459671176531
2025-04-01 18:00:00,0.1219666246875638
2025-04-01 19:00:00,0.0025649616988827
2025-04-01 20:00:00,0.0
2025-04-01 21:00:00,0.0
2025-04-01 22:00:00,0.0
2025-04-01 23:00:00,0.0
2025-04-02 00:00:00,0.0
2025-04-02 01:00:00,0.0
2025-04-02 02:00:00,0.0
2025-04-02 03:00:00,0.0
2025-04-02 04:00:00,0.0
2025-04-02 05:00:00,0.0
2025-04-02 06:00:00,0.004263382283278
2025-04-02 07:00:00,0.1521607684101474
2025-04-02 08:00:00,0.4050251682052586
2025-04-02 09:00:00,0.5970660843510377
2025-04-02 10:00:00,0.6998186040600339
2025-04-02 11:00:00,0.7311219204091615
2025-04-02 12:00:00,0.7251755227168567
2025-04-02 13:00:00,0.6956861657673896
2025-04-02 14:00:00,0.6309613214559432
2025-04-02 15:00:00,0.6355174020712258
2025-04-02 16:00:00,0.6257351157121235
2025-04-02 17:00:00,0.5228323955432828
2025-04-02 18:00:00,0.1665029866783746
2025-04-02 19:00:00,0.0064663223609971
2025-04-02 20:00:00,0.0002349289243721
2025-04-02 21:00:00,4.621552610599531e-05
2025-04-02 22:00:00,0.0
2025-04-02 23:00:00,0.0
2025-04-03 00:00:00,0.0
2025-04-03 01:00:00,0.0
2025-04-03 02:00:00,0.0
2025-04-03 03:00:00,0.0
2025-04-03 04:00:00,0.0
2025-04-03 05:00:00,0.0
2025-04-03 06:00:00,0.0083226459929213
2025-04-03 07:00:00,0.2585604633876751
2025-04-03 08:00:00,0.6598845382106119
2025-04-03 09:00:00,0.7855599588681818
2025-04-03 10:00:00,0.8120260501515485
2025-04-03 11:00:00,0.8149799925284898
2025-04-03 12:00:00,0.7772796771075242
2025-04-03 13:00:00,0.740607657142417
2025-04-03 14:00:00,0.7210315305426858
2025-04-03 15:00:00,0.6593684648357616
2025-04-03 16:00:00,0.6562681732928177
2025-04-03 17:00:00,0.55093528670957
2025-04-03 18:00:00,0.1936777160286998
2025-04-03 19:00:00,0.0074792126414869
2025-04-03 20:00:00,0.0
2025-04-03 21:00:00,0.0
2025-04-03 22:00:00,0.0
2025-04-03 23:00:00,0.0
2025-04-04 00:00:00,0.0
2025-04-04 01:00:00,0.0
2025-04-04 02:00:00,0.0
2025-04-04 03:00:00,0.0
2025-04-04 04:00:00,0.0
2025-04-04 05:00:00,0.0
2025-04-04 06:00:00,0.0094356699133073
2025-04-04 07:00:00,0.2754483868855742
2025-04-04 08:00:00,0.6873519658929418
2025-04-04 09:00:00,0.8217120541645966
2025-04-04 10:00:00,0.8290603228154498
2025-04-04 11:00:00,0.8500190639045188
2025-04-04 12:00:00,0.8477044363053768
2025-04-04 13:00:00,0.8313056271254328
2025-04-04 14:00:00,0.8092569698790308
2025-04-04 15:00:00,0.784269775431056
2025-04-04 16:00:00,0.7267507018983027
2025-04-04 17:00:00,0.655393929590646
2025-04-04 18:00:00,0.2515703650641433
2025-04-04 19:00:00,0.0137260112534806
2025-04-04 20:00:00,0.0004043858534274
2025-04-04 21:00:00,0.0
2025-04-04 22:00:00,0.0
2025-04-04 23:00:00,0.0
2025-04-05 00:00:00,0.0
2025-04-05 01:00:00,0.0
2025-04-05 02:00:00,0.0
2025-04-05 03:00:00,0.0
2025-04-05 04:00:00,0.0
2025-04-05 05:00:00,0.0
2025-04-05 06:00:00,0.0106680839428005
2025-04-05 07:00:00,0.3011134090497703
2025-04-05 08:00:00,0.6695204754037118
2025-04-05 09:00:00,0.6700519539539308
2025-04-05 10:00:00,0.6337458069038294
2025-04-05 11:00:00,0.6147820360250026
2025-04-05 12:00:00,0.591119686658733
2025-04-05 13:00:00,0.5690055574170142
2025-04-05 14:00:00,0.5421928496878526
2025-04-05 15:00:00,0.5668796432161385
2025-04-05 16:00:00,0.5782910268704771
2025-04-05 17:00:00,0.5716475449927403
2025-04-05 18:00:00,0.2344629178172407
2025-04-05 19:00:00,0.0086962214956114
2025-04-05 20:00:00,0.0
2025-04-05 21:00:00,0.0
2025-04-05 22:00:00,0.0
2025-04-05 23:00:00,0.0
2025-04-06 00:00:00,0.0
2025-04-06 01:00:00,0.0
2025-04-06 02:00:00,0.0
2025-04-06 03:00:00,0.0
2025-04-06 04:00:00,0.0
2025-04-06 05:00:00,0.0
2025-04-06 06:00:00,0.0131714249402086
2025-04-06 07:00:00,0.305114903351781
2025-04-06 08:00:00,0.6842170127054183
2025-04-06 09:00:00,0.7187708210573343
2025-04-06 10:00:00,0.6947194910130058
2025-04-06 11:00:00,0.6670594986385676
2025-04-06 12:00:00,0.6505258941741477
2025-04-06 13:00:00,0.6332412874105056
2025-04-06 14:00:00,0.62834244164327
2025-04-06 15:00:00,0.6089935413802267
2025-04-06 16:00:00,0.606266825339973
2025-04-06 17:00:00,0.5646612979630506
2025-04-06 18:00:00,0.2185339664860409
2025-04-06 19:00:00,0.0073136070062737
2025-04-06 20:00:00,0.0
2025-04-06 21:00:00,0.0
2025-04-06 22:00:00,0.0
2025-04-06 23:00:00,0.0
2025-04-07 00:00:00,0.0
2025-04-07 01:00:00,0.0
2025-04-07 02:00:00,0.0
2025-04-07 03:00:00,0.0
2025-04-07 04:00:00,0.0
2025-04-07 05:00:00,0.0
2025-04-07 06:00:00,0.013945535002484
2025-04-07 07:00:00,0.2930680562134849
2025-04-07 08:00:00,0.6966412866402468
2025-04-07 09:00:00,0.8173831998860016
2025-04-07 10:00:00,0.8372019579977894
2025-04-07 11:00:00,0.868139401431911
2025-04-07 12:00:00,0.8825586455769815
2025-04-07 13:00:00,0.8620543571612884
2025-04-07 14:00:00,0.8460368260717187
2025-04-07 15:00:00,0.7974065387266852
2025-04-07 16:00:00,0.7200995174328816
2025-04-07 17:00:00,0.5539547010818284
2025-04-07 18:00:00,0.1900536485232213
2025-04-07 19:00:00,0.0062583524935201
2025-04-07 20:00:00,0.0
2025-04-07 21:00:00,0.0
2025-04-07 22:00:00,0.0
2025-04-07 23:00:00,0.0
2025-04-08 00:00:00,0.0
2025-04-08 01:00:00,0.0
2025-04-08 02:00:00,0.0
2025-04-08 03:00:00,0.0
2025-04-08 04:00:00,0.0
2025-04-08 05:00:00,0.0
2025-04-08 06:00:00,0.0115269224696036
2025-04-08 07:00:00,0.2784716525516747
2025-04-08 08:00:00,0.6417025799817448
2025-04-08 09:00:00,0.7388283593873362
2025-04-08 10:00:00,0.7655832977088652
2025-04-08 11:00:00,0.7833300597335675
2025-04-08 12:00:00,0.7671315178334162
2025-04-08 13:00:00,0.7470816820910985
2025-04-08 14:00:00,0.7141377145652082
2025-04-08 15:00:00,0.7316379937840117
2025-04-08 16:00:00,0.6760253107031307
2025-04-08 17:00:00,0.6085082783561138
2025-04-08 18:00:00,0.2604398947826522
2025-04-08 19:00:00,0.0085075080973453
2025-04-08 20:00:00,0.0
2025-04-08 21:00:00,0.0
2025-04-08 22:00:00,0.0
2025-04-08 23:00:00,0.0
2025-04-09 00:00:00,0.0
2025-04-09 01:00:00,0.0
2025-04-09 02:00:00,0.0
2025-04-09 03:00:00,0.0
2025-04-09 04:00:00,0.0
2025-04-09 05:00:00,0.0
2025-04-09 06:00:00,0.0159019922743045
2025-04-09 07:00:00,0.326239250076063
2025-04-09 08:00:00,0.7189364266925473
2025-04-09 09:00:00,0.824246205512742
2025-04-09 10:00:00,0.8625935382991916
2025-04-09 11:00:00,0.8731383808390428
2025-04-09 12:00:00,0.8738162085552642
2025-04-09 13:00:00,0.8609528871224287
2025-04-09 14:00:00,0.8479509191112754
2025-04-09 15:00:00,0.8398632020427262
2025-04-09 16:00:00,0.7998675154918294
2025-04-09 17:00:00,0.6701751953568802
2025-04-09 18:00:00,0.2618109553904634
2025-04-09 19:00:00,0.0107643662888547
2025-04-09 20:00:00,0.0
2025-04-09 21:00:00,0.0
2025-04-09 22:00:00,0.0
2025-04-09 23:00:00,0.0
2025-04-10 00:00:00,0.0
2025-04-10 01:00:00,0.0
2025-04-10 02:00:00,0.0
2025-04-10 03:00:00,0.0
2025-04-10 04:00:00,0.0
2025-04-10 05:00:00,0.0
2025-04-10 06:00:00,0.0175426434510673
2025-04-10 07:00:00,0.3288658324764205
2025-04-10 08:00:00,0.7344571408764774
2025-04-10 09:00:00,0.8464450632189885
2025-04-10 10:00:00,0.876612247884677
2025-04-10 11:00:00,0.8156809280077643
2025-04-10 12:00:00,0.8205682198934732
2025-04-10 13:00:00,0.803260505366778
2025-04-10 14:00:00,0.741023596877371
2025-04-10 15:00:00,0.6975232329301029
2025-04-10 16:00:00,0.6825378485902339
2025-04-10 17:00:00,0.5508428556573581
2025-04-10 18:00:00,0.2020696853107801
2025-04-10 19:00:00,0.0092045922827773
2025-04-10 20:00:00,0.0
2025-04-10 21:00:00,0.0
2025-04-10 22:00:00,0.0
2025-04-10 23:00:00,0.0
2025-04-11 00:00:00,0.0
2025-04-11 01:00:00,0.0
2025-04-11 02:00:00,0.0
2025-04-11 03:00:00,0.0
2025-04-11 04:00:00,0.0
2025-04-11 05:00:00,0.0
2025-04-11 06:00:00,0.0207238121646967
2025-04-11 07:00:00,0.3093436239904796
2025-04-11 08:00:00,0.6738493296823068
2025-04-11 09:00:00,0.7920801993429692
2025-04-11 10:00:00,0.9025160502670873
2025-04-11 11:00:00,0.9464670155938888
2025-04-11 12:00:00,0.929494363631462
2025-04-11 13:00:00,0.926340153974728
2025-04-11 14:00:00,0.9145051279977509
2025-04-11 15:00:00,0.9123946189722438
2025-04-11 16:00:00,0.827812503610588
2025-04-11 17:00:00,0.6613518811644772
2025-04-11 18:00:00,0.2408522143013945
2025-04-11 19:00:00,0.0098362044728926
2025-04-11 20:00:00,0.0
2025-04-11 21:00:00,0.0
2025-04-11 22:00:00,0.0
2025-04-11 23:00:00,0.0
2025-04-12 00:00:00,0.0
2025-04-12 01:00:00,0.0
2025-04-12 02:00:00,0.0
2025-04-12 03:00:00,0.0
2025-04-12 04:00:00,0.0
2025-04-12 05:00:00,0.0
2025-04-12 06:00:00,0.0142035716899092
2025-04-12 07:00:00,0.2962068606948504
2025-04-12 08:00:00,0.6312578710817899
2025-04-12 09:00:00,0.7348268650853255
2025-04-12 10:00:00,0.7191289913846557
2025-04-12 11:00:00,0.6914458912471645
2025-04-12 12:00:00,0.6951161742787489
2025-04-12 13:00:00,0.6929748549025044
2025-04-12 14:00:00,0.6639707609771504
2025-04-12 15:00:00,0.6377973680257882
2025-04-12 16:00:00,0.652197355701648
2025-04-12 17:00:00,0.5865289443988708
2025-04-12 18:00:00,0.24927114264037
2025-04-12 19:00:00,0.0098169480036818
2025-04-12 20:00:00,0.0
2025-04-12 21:00:00,0.0
2025-04-12 22:00:00,0.0
2025-04-12 23:00:00,0.0
2025-04-13 00:00:00,0.0
2025-04-13 01:00:00,0.0
2025-04-13 02:00:00,0.0
2025-04-13 03:00:00,0.0
2025-04-13 04:00:00,0.0
2025-04-13 05:00:00,0.0
2025-04-13 06:00:00,0.0175888589771733
2025-04-13 07:00:00,0.3066631234763319
2025-04-13 08:00:00,0.6886113389793301
2025-04-13 09:00:00,0.801269386450378
2025-04-13 10:00:00,0.8371595937655255
2025-04-13 11:00:00,0.7811656325942701
2025-04-13 12:00:00,0.7372454776182059
2025-04-13 13:00:00,0.6901557078100388
2025-04-13 14:00:00,0.6860848902188691
2025-04-13 15:00:00,0.7032693633426149
2025-04-13 16:00:00,0.694607803491583
2025-04-13 17:00:00,0.5894405225435485
2025-04-13 18:00:00,0.2564306978929571
2025-04-13 19:00:00,0.0227072284934123
2025-04-13 20:00:00,0.0099517432881576
2025-04-13 21:00:00,0.002641987575726
2025-04-13 22:00:00,0.0
2025-04-13 23:00:00,0.0
2025-04-14 00:00:00,0.0
2025-04-14 01:00:00,0.0
2025-04-14 02:00:00,0.0
2025-04-14 03:00:00,0.0
2025-04-14 04:00:00,0.0
2025-04-14 05:00:00,0.0
2025-04-14 06:00:00,0.02209872406635
2025-04-14 07:00:00,0.257308792888971
2025-04-14 08:00:00,0.5841526960982542
2025-04-14 09:00:00,0.7143996025464755
2025-04-14 10:00:00,0.8207030151779491
2025-04-14 11:00:00,0.7883020800838041
2025-04-14 12:00:00,0.7843506526017415
2025-04-14 13:00:00,0.8121184812037605
2025-04-14 14:00:00,0.7981999052581715
2025-04-14 15:00:00,0.7005464985962034
2025-04-14 16:00:00,0.6427501319068141
2025-04-14 17:00:00,0.5260751849583868
2025-04-14 18:00:00,0.2167161557925385
2025-04-14 19:00:00,0.0094433725009917
2025-04-14 20:00:00,0.0
2025-04-14 21:00:00,0.0
2025-04-14 22:00:00,0.0
2025-04-14 23:00:00,0.0
2025-04-15 00:00:00,0.0
2025-04-15 01:00:00,0.0
2025-04-15 02:00:00,0.0
2025-04-15 03:00:00,0.0
2025-04-15 04:00:00,0.0
2025-04-15 05:00:00,0.0
2025-04-15 06:00:00,0.0287422059440869
2025-04-15 07:00:00,0.3626994488798511
2025-04-15 08:00:00,0.7608385036953164
2025-04-15 09:00:00,0.8789114703084502
2025-04-15 10:00:00,0.9271951412076888
2025-04-15 11:00:00,0.91754379883922
2025-04-15 12:00:00,0.9206402390883216
2025-04-15 13:00:00,0.8965658012809404
2025-04-15 14:00:00,0.8913665545940159
2025-04-15 15:00:00,0.8109592417572683
2025-04-15 16:00:00,0.7110374230222644
2025-04-15 17:00:00,0.5424123734368561
2025-04-15 18:00:00,0.1960347078601056
2025-04-15 19:00:00,0.0085267645665561
2025-04-15 20:00:00,0.0
2025-04-15 21:00:00,0.0
2025-04-15 22:00:00,0.0
2025-04-15 23:00:00,0.0
2025-04-16 00:00:00,0.0
2025-04-16 01:00:00,0.0
2025-04-16 02:00:00,0.0
2025-04-16 03:00:00,0.0
2025-04-16 04:00:00,0.0
2025-04-16 05:00:00,0.0
2025-04-16 06:00:00,0.0285496412519786
2025-04-16 07:00:00,0.3345195318367205
2025-04-16 08:00:00,0.7028919365460826
2025-04-16 09:00:00,0.8146603351395902
2025-04-16 10:00:00,0.8908620351006921
2025-04-16 11:00:00,0.9271643308569514
2025-04-16 12:00:00,0.9347475284321768
2025-04-16 13:00:00,0.8979368618887514
2025-04-16 14:00:00,0.8585111668264953
2025-04-16 15:00:00,0.8043003547041628
2025-04-16 16:00:00,0.7067239739190381
2025-04-16 17:00:00,0.5412954982226279
2025-04-16 18:00:00,0.2134040430882754
2025-04-16 19:00:00,0.0140418173485382
2025-04-16 20:00:00,0.0011322803895968
2025-04-16 21:00:00,0.0003427651519527
2025-04-16 22:00:00,0.0004467500856912
2025-04-16 23:00:00,0.0004506013795334
2025-04-17 00:00:00,0.0004660065549021
2025-04-17 01:00:00,0.0004929656117972
2025-04-17 02:00:00,0.0004737091425864
2025-04-17 03:00:00,0.0003774267965322
2025-04-17 04:00:00,0.0004197910287961
2025-04-17 05:00:00,0.0004082371472696
2025-04-17 06:00:00,0.0301325230211089
2025-04-17 07:00:00,0.3063242096182212
2025-04-17 08:00:00,0.5778365741971015
2025-04-17 09:00:00,0.707093698127886
2025-04-17 10:00:00,0.7855753640435503
2025-04-17 11:00:00,0.8368784493150474
2025-04-17 12:00:00,0.8201330236893084
2025-04-17 13:00:00,0.7941791544869499
2025-04-17 14:00:00,0.7405229286778894
2025-04-17 15:00:00,0.7082413836928516
2025-04-17 16:00:00,0.6753782933376468
2025-04-17 17:00:00,0.4895687706284926
2025-04-17 18:00:00,0.1844230569259742
2025-04-17 19:00:00,0.0082186610591828
2025-04-17 20:00:00,0.0
2025-04-17 21:00:00,0.0
2025-04-17 22:00:00,0.0
2025-04-17 23:00:00,0.0
2025-04-18 00:00:00,0.0
2025-04-18 01:00:00,0.0
2025-04-18 02:00:00,0.0
2025-04-18 03:00:00,0.0
2025-04-18 04:00:00,0.0
2025-04-18 05:00:00,0.0
2025-04-18 06:00:00,0.0334484870192141
2025-04-18 07:00:00,0.3404736321167096
2025-04-18 08:00:00,0.6560139878992347
2025-04-18 09:00:00,0.701813574270276
2025-04-18 10:00:00,0.803006319973195
2025-04-18 11:00:00,0.8479278113482225
2025-04-18 12:00:00,0.8707274708938467
2025-04-18 13:00:00,0.8561503237012474
2025-04-18 14:00:00,0.8151687059267562
2025-04-18 15:00:00,0.7325969659507111
2025-04-18 16:00:00,0.6283077799986906
2025-04-18 17:00:00,0.5753524896689043
2025-04-18 18:00:00,0.2537887103172311
2025-04-18 19:00:00,0.0151895029135037
2025-04-18 20:00:00,8.472846452765806e-05
2025-04-18 21:00:00,0.0003042522135311
2025-04-18 22:00:00,0.0003620216211636
2025-04-18 23:00:00,0.0003812780903744
2025-04-19 00:00:00,0.0003966832657431
2025-04-19 01:00:00,0.0004082371472696
2025-04-19 02:00:00,0.0004159397349539
2025-04-19 03:00:00,0.0003774267965322
2025-04-19 04:00:00,0.0003812780903744
2025-04-19 05:00:00,0.0003235086827419
2025-04-19 06:00:00,0.0494775719903101
2025-04-19 07:00:00,0.4327198222242763
2025-04-19 08:00:00,0.7233114964972482
2025-04-19 09:00:00,0.7802913888920983
2025-04-19 10:00:00,0.7490034777183395
2025-04-19 11:00:00,0.7128552337157669
2025-04-19 12:00:00,0.688145332424428
2025-04-19 13:00:00,0.665376483229541
2025-04-19 14:00:00,0.622989143202659
2025-04-19 15:00:00,0.6404432068953565
2025-04-19 16:00:00,0.6780318347948994
2025-04-19 17:00:00,0.6298097845971353
2025-04-19 18:00:00,0.3415673995678848
2025-04-19 19:00:00,0.0208624587430147
2025-04-19 20:00:00,9.62823460541569e-05
2025-04-19 21:00:00,0.0002772931566359
2025-04-19 22:00:00,0.0003389138581106
2025-04-19 23:00:00,0.0002233750428456
2025-04-20 00:00:00,0.0003158060950576
2025-04-20 01:00:00,0.0003466164457949
2025-04-20 02:00:00,0.0002888470381624
2025-04-20 03:00:00,0.0003235086827419
2025-04-20 04:00:00,0.0002772931566359
2025-04-20 05:00:00,0.0002618879812673
2025-04-20 06:00:00,0.0536523745152183
2025-04-20 07:00:00,0.4401990348657631
2025-04-20 08:00:00,0.6750778924179578
2025-04-20 09:00:00,0.7229610287576111
2025-04-20 10:00:00,0.7366870400110918
2025-04-20 11:00:00,0.7330860802686663
2025-04-20 12:00:00,0.6650606771344832
2025-04-20 13:00:00,0.574258722217729
2025-04-20 14:00:00,0.5745783796066288
2025-04-20 15:00:00,0.6138846845597778
2025-04-20 16:00:00,0.64724074052678
2025-04-20 17:00:00,0.6389720126476489
2025-04-20 18:00:00,0.308912279080157
2025-04-20 19:00:00,0.0205428013541149
2025-04-20 20:00:00,8.857975836982434e-05
2025-04-20 21:00:00,0.0003042522135311
2025-04-20 22:00:00,0.0004698578487442
2025-04-20 23:00:00,0.0005006681994816
2025-04-21 00:00:00,0.0005083707871659
2025-04-21 01:00:00,0.0004775604364286
2025-04-21 02:00:00,0.0004852630241129
2025-04-21 03:00:00,0.0004698578487442
2025-04-21 04:00:00,0.0004428987918491
2025-04-21 05:00:00,0.0004544526733756
2025-04-21 06:00:00,0.0478561772827581
2025-04-21 07:00:00,0.4262920128017007
2025-04-21 08:00:00,0.7667386858615152
2025-04-21 09:00:00,0.8500383203737296
2025-04-21 10:00:00,0.9156143006242948
2025-04-21 11:00:00,0.9211370559939612
2025-04-21 12:00:00,0.925928065533616
2025-04-21 13:00:00,0.8930072057707787
2025-04-21 14:00:00,0.8613611242696985
2025-04-21 15:00:00,0.837009393305681
2025-04-21 16:00:00,0.7661532891975058
2025-04-21 17:00:00,0.6943959823302638
2025-04-21 18:00:00,0.3279492245419849
2025-04-21 19:00:00,0.0211359006058085
2025-04-21 20:00:00,0.0
2025-04-21 21:00:00,0.0
2025-04-21 22:00:00,0.0
2025-04-21 23:00:00,0.0
2025-04-22 00:00:00,0.0
2025-04-22 01:00:00,0.0
2025-04-22 02:00:00,0.0
2025-04-22 03:00:00,0.0
2025-04-22 04:00:00,0.0
2025-04-22 05:00:00,0.0
2025-04-22 06:00:00,0.053991288373329
2025-04-22 07:00:00,0.4612193966563067
2025-04-22 08:00:00,0.7837459994685214
2025-04-22 09:00:00,0.8380607965245924
2025-04-22 10:00:00,0.901372215995964
2025-04-22 11:00:00,0.8978559847180659
2025-04-22 12:00:00,0.9118823968912356
2025-04-22 13:00:00,0.90790786164612
2025-04-22 14:00:00,0.8964618163472019
2025-04-22 15:00:00,0.8726415639334034
2025-04-22 16:00:00,0.846988095650734
2025-04-22 17:00:00,0.7045942084243202
2025-04-22 18:00:00,0.3013752970310375
2025-04-22 19:00:00,0.0200421331546333
2025-04-22 20:00:00,0.0
2025-04-22 21:00:00,0.0
2025-04-22 22:00:00,0.0
2025-04-22 23:00:00,0.0
2025-04-23 00:00:00,0.0
2025-04-23 01:00:00,0.0
2025-04-23 02:00:00,0.0
2025-04-23 03:00:00,0.0
2025-04-23 04:00:00,0.0
2025-04-23 05:00:00,0.0
2025-04-23 06:00:00,0.0559785559958868
2025-04-23 07:00:00,0.4685407062502647
2025-04-23 08:00:00,0.8083634697076484
2025-04-23 09:00:00,0.8681316988442268
2025-04-23 10:00:00,0.9202859200548424
2025-04-23 11:00:00,0.9176670402421694
2025-04-23 12:00:00,0.8874883016949544
2025-04-23 13:00:00,0.8940547576958479
2025-04-23 14:00:00,0.8349296946309113
2025-04-23 15:00:00,0.7610310683874247
2025-04-23 16:00:00,0.7320539335189657
2025-04-23 17:00:00,0.6583324667922189
2025-04-23 18:00:00,0.2995844453944302
2025-04-23 19:00:00,0.0221564934739825
2025-04-23 20:00:00,0.0005276272563767
2025-04-23 21:00:00,0.0
2025-04-23 22:00:00,0.0
2025-04-23 23:00:00,0.0
2025-04-24 00:00:00,0.0
2025-04-24 01:00:00,0.0
2025-04-24 02:00:00,0.0
2025-04-24 03:00:00,0.0
2025-04-24 04:00:00,0.0
2025-04-24 05:00:00,0.0
2025-04-24 06:00:00,0.0603343693313768
2025-04-24 07:00:00,0.4798519562647071
2025-04-24 08:00:00,0.8308588770397416
2025-04-24 09:00:00,0.9101030991361548
2025-04-24 10:00:00,0.9521053097788202
2025-04-24 11:00:00,0.951939704143607
2025-04-24 12:00:00,0.951265727721228
2025-04-24 13:00:00,0.9186799305226592
2025-04-24 14:00:00,0.8895294874313026
2025-04-24 15:00:00,0.8415231096886999
2025-04-24 16:00:00,0.7865535926794607
2025-04-24 17:00:00,0.6138538742090405
2025-04-24 18:00:00,0.2469449611597015
2025-04-24 19:00:00,0.0135681082059517
2025-04-24 20:00:00,0.0
2025-04-24 21:00:00,0.0
2025-04-24 22:00:00,0.0
2025-04-24 23:00:00,0.0
2025-04-25 00:00:00,0.0
2025-04-25 01:00:00,0.0
2025-04-25 02:00:00,0.0
2025-04-25 03:00:00,0.0
2025-04-25 04:00:00,0.0
2025-04-25 05:00:00,0.0
2025-04-25 06:00:00,0.0596835006720507
2025-04-25 07:00:00,0.4023254112218999
2025-04-25 08:00:00,0.663778196285042
2025-04-25 09:00:00,0.7611774175534272
2025-04-25 10:00:00,0.784662607402957
2025-04-25 11:00:00,0.9009177633225882
2025-04-25 12:00:00,0.9227892610522505
2025-04-25 13:00:00,0.90262773778851
2025-04-25 14:00:00,0.9061170100095126
2025-04-25 15:00:00,0.8462794575837752
2025-04-25 16:00:00,0.7525851809915541
2025-04-25 17:00:00,0.5816763141577412
2025-04-25 18:00:00,0.2422348287907322
2025-04-25 19:00:00,0.0186017492576631
2025-04-25 20:00:00,0.0
2025-04-25 21:00:00,0.0
2025-04-25 22:00:00,0.0
2025-04-25 23:00:00,0.0
2025-04-26 00:00:00,0.0
2025-04-26 01:00:00,0.0
2025-04-26 02:00:00,0.0
2025-04-26 03:00:00,0.0
2025-04-26 04:00:00,0.0
2025-04-26 05:00:00,0.0
2025-04-26 06:00:00,0.0609544276399656
2025-04-26 07:00:00,0.3956357138180571
2025-04-26 08:00:00,0.5948169287472126
2025-04-26 09:00:00,0.608446657654639
2025-04-26 10:00:00,0.6476143160294701
2025-04-26 11:00:00,0.7065160040515611
2025-04-26 12:00:00,0.7391403141885516
2025-04-26 13:00:00,0.737180005622889
2025-04-26 14:00:00,0.6858268535314439
2025-04-26 15:00:00,0.6442367313298903
2025-04-26 16:00:00,0.5977439120672591
2025-04-26 17:00:00,0.4730120584010198
2025-04-26 18:00:00,0.1919715928566201
2025-04-26 19:00:00,0.0105371399521669
2025-04-26 20:00:00,0.0
2025-04-26 21:00:00,0.0
2025-04-26 22:00:00,0.0
2025-04-26 23:00:00,0.0
2025-04-27 00:00:00,0.0
2025-04-27 01:00:00,0.0
2025-04-27 02:00:00,0.0
2025-04-27 03:00:00,0.0
2025-04-27 04:00:00,0.0
2025-04-27 05:00:00,0.0
2025-04-27 06:00:00,0.0538911547334326
2025-04-27 07:00:00,0.364270776767455
2025-04-27 08:00:00,0.5456744193211709
2025-04-27 09:00:00,0.6162994457988161
2025-04-27 10:00:00,0.6118473501172719
2025-04-27 11:00:00,0.667228955567623
2025-04-27 12:00:00,0.6808201715366277
2025-04-27 13:00:00,0.6593877213049724
2025-04-27 14:00:00,0.6617370105486938
2025-04-27 15:00:00,0.652474648858284
2025-04-27 16:00:00,0.5303847827677709
2025-04-27 17:00:00,0.4585273422606324
2025-04-27 18:00:00,0.2039491167057573
2025-04-27 19:00:00,0.0126669054468848
2025-04-27 20:00:00,0.0
2025-04-27 21:00:00,0.0
2025-04-27 22:00:00,0.0
2025-04-27 23:00:00,0.0
2025-04-28 00:00:00,0.0
2025-04-28 01:00:00,0.0
2025-04-28 02:00:00,0.0
2025-04-28 03:00:00,0.0
2025-04-28 04:00:00,0.0
2025-04-28 05:00:00,0.0
2025-04-28 06:00:00,0.0740064624710671
2025-04-28 07:00:00,0.4543101755034603
2025-04-28 08:00:00,0.7212279465286363
2025-04-28 09:00:00,0.8204411271966817
2025-04-28 10:00:00,0.8342903798531117
2025-04-28 11:00:00,0.8461254058300887
2025-04-28 12:00:00,0.8516366073182285
2025-04-28 13:00:00,0.8104239119132073
2025-04-28 14:00:00,0.7697311411768784
2025-04-28 15:00:00,0.7189980473940221
2025-04-28 16:00:00,0.6440480179316241
2025-04-28 17:00:00,0.6193458192279696
2025-04-28 18:00:00,0.3399151945095955
2025-04-28 19:00:00,0.0285380873704521
2025-04-28 20:00:00,0.0002002672797926
2025-04-28 21:00:00,0.0
2025-04-28 22:00:00,0.0
2025-04-28 23:00:00,0.0
2025-04-29 00:00:00,0.0
2025-04-29 01:00:00,0.0
2025-04-29 02:00:00,0.0
2025-04-29 03:00:00,0.0
2025-04-29 04:00:00,0.0
2025-04-29 05:00:00,0.0
2025-04-29 06:00:00,0.0842162424466499
2025-04-29 07:00:00,0.5220082186610592
2025-04-29 08:00:00,0.8037611735662595
2025-04-29 09:00:00,0.8602365464677858
2025-04-29 10:00:00,0.8270345422544705
2025-04-29 11:00:00,0.8521680858684475
2025-04-29 12:00:00,0.8217505671030182
2025-04-29 13:00:00,0.8128425244460876
2025-04-29 14:00:00,0.7819667017134406
2025-04-29 15:00:00,0.7679210330710602
2025-04-29 16:00:00,0.7215090909791144
2025-04-29 17:00:00,0.6379052042533689
2025-04-29 18:00:00,0.3635890977573916
2025-04-29 19:00:00,0.0283147123276064
2025-04-29 20:00:00,0.0
2025-04-29 21:00:00,0.0
2025-04-29 22:00:00,0.0
2025-04-29 23:00:00,0.0
2025-04-30 00:00:00,0.0
2025-04-30 01:00:00,0.0
2025-04-30 02:00:00,0.0
2025-04-30 03:00:00,0.0
2025-04-30 04:00:00,0.0
2025-04-30 05:00:00,0.0
2025-04-30 06:00:00,0.075231173912876
2025-04-30 07:00:00,0.4418165782794729
2025-04-30 08:00:00,0.7403149588104123
2025-04-30 09:00:00,0.8031103049069335
2025-04-30 10:00:00,0.8502000747151006
2025-04-30 11:00:00,0.8821504084297119
2025-04-30 12:00:00,0.9028896257697774
2025-04-30 13:00:00,0.8779216877910134
2025-04-30 14:00:00,0.846737761550993
2025-04-30 15:00:00,0.8255556454190786
2025-04-30 16:00:00,0.8014619511424863
2025-04-30 17:00:00,0.6725321871882859
2025-04-30 18:00:00,0.2962492249271142
2025-04-30 19:00:00,0.0317770254917139
2025-04-30 20:00:00,0.0053378932652424
2025-04-30 21:00:00,0.0047794556581283
2025-04-30 22:00:00,0.0031773174197871
2025-04-30 23:00:00,0.0
2025-05-01 00:00:00,0.0
2025-05-01 01:00:00,0.0
2025-05-01 02:00:00,0.0
2025-05-01 03:00:00,0.0
2025-05-01 04:00:00,0.0
2025-05-01 05:00:00,0.0
2025-05-01 06:00:00,0.0599569425348445
2025-05-01 07:00:00,0.4377958275082513
2025-05-01 08:00:00,0.7773490003966832
2025-05-01 09:00:00,0.8798550372997808
2025-05-01 10:00:00,0.9288396436782936
2025-05-01 11:00:00,0.9491013005819304
2025-05-01 12:00:00,0.941425671954493
2025-05-01 13:00:00,0.911104435535118
2025-05-01 14:00:00,0.8320450755431287
2025-05-01 15:00:00,0.7444127354584772
2025-05-01 16:00:00,0.6357715874648088
2025-05-01 17:00:00,0.538680469703797
2025-05-01 18:00:00,0.2504226794991777
2025-05-01 19:00:00,0.0204696267711137
2025-05-01 20:00:00,0.0
2025-05-01 21:00:00,0.0
2025-05-01 22:00:00,0.0
2025-05-01 23:00:00,0.0
2025-05-02 00:00:00,0.0
2025-05-02 01:00:00,0.0
2025-05-02 02:00:00,0.0
2025-05-02 03:00:00,0.0
2025-05-02 04:00:00,0.0
2025-05-02 05:00:00,0.0
2025-05-02 06:00:00,0.084497386897128
2025-05-02 07:00:00,0.4982726947117884
2025-05-02 08:00:00,0.7893226729519782
2025-05-02 09:00:00,0.8803171925608407
2025-05-02 10:00:00,0.9367887141685248
2025-05-02 11:00:00,0.9680111533469667
2025-05-02 12:00:00,0.9826537725348832
2025-05-02 13:00:00,0.9667748880236314
2025-05-02 14:00:00,0.9522131460064008
2025-05-02 15:00:00,0.9085394738362352
2025-05-02 16:00:00,0.8352108390813894
2025-05-02 17:00:00,0.7152391846040677
2025-05-02 18:00:00,0.3383400153281495
2025-05-02 19:00:00,0.0286035593657689
2025-05-02 20:00:00,0.0
2025-05-02 21:00:00,1.1553881526498828e-05
2025-05-02 22:00:00,3.466164457949648e-05
2025-05-02 23:00:00,7.317458300115923e-05
2025-05-03 00:00:00,0.0001078362275806
2025-05-03 01:00:00,0.0001116875214228
2025-05-03 02:00:00,9.62823460541569e-05
2025-05-03 03:00:00,0.0001001336398963
2025-05-03 04:00:00,7.702587684332552e-05
2025-05-03 05:00:00,0.0002156724551613
2025-05-03 06:00:00,0.0814433108802902
2025-05-03 07:00:00,0.39444951531467
2025-05-03 08:00:00,0.576781319684348
2025-05-03 09:00:00,0.6805082167354123
2025-05-03 10:00:00,0.749223001467343
2025-05-03 11:00:00,0.7944718528189545
2025-05-03 12:00:00,0.7696579665938773
2025-05-03 13:00:00,0.762821920024032
2025-05-03 14:00:00,0.7792476882608713
2025-05-03 15:00:00,0.7078408491332664
2025-05-03 16:00:00,0.6090320543186484
2025-05-03 17:00:00,0.4917986697631069
2025-05-03 18:00:00,0.2224199219727867
2025-05-03 19:00:00,0.0278371518911778
2025-05-03 20:00:00,0.0030040091968896
2025-05-03 21:00:00,0.0
2025-05-03 22:00:00,0.0
2025-05-03 23:00:00,0.0
2025-05-04 00:00:00,0.0
2025-05-04 01:00:00,0.0
2025-05-04 02:00:00,0.0
2025-05-04 03:00:00,0.0
2025-05-04 04:00:00,0.0
2025-05-04 05:00:00,0.0
2025-05-04 06:00:00,0.0435350255918475
2025-05-04 07:00:00,0.3189564534205266
2025-05-04 08:00:00,0.5786954127239046
2025-05-04 09:00:00,0.6618987648900648
2025-05-04 10:00:00,0.759020693001814
2025-05-04 11:00:00,0.7673317851132088
2025-05-04 12:00:00,0.7446592182643759
2025-05-04 13:00:00,0.6809588181149457
2025-05-04 14:00:00,0.5477964822282045
2025-05-04 15:00:00,0.5421851471001683
2025-05-04 16:00:00,0.5182878688095266
2025-05-04 17:00:00,0.398597358782683
2025-05-04 18:00:00,0.1876311846964987
2025-05-04 19:00:00,0.020847053567646
2025-05-04 20:00:00,0.0
2025-05-04 21:00:00,0.0
2025-05-04 22:00:00,0.0
2025-05-04 23:00:00,0.0
2025-05-05 00:00:00,0.0
2025-05-05 01:00:00,0.0
2025-05-05 02:00:00,0.0
2025-05-05 03:00:00,0.0
2025-05-05 04:00:00,0.0
2025-05-05 05:00:00,0.0
2025-05-05 06:00:00,0.045399051811456
2025-05-05 07:00:00,0.2975278544827134
2025-05-05 08:00:00,0.4903544345722945
2025-05-05 09:00:00,0.6837548574443584
2025-05-05 10:00:00,0.7832992493828301
2025-05-05 11:00:00,0.80251720565524
2025-05-05 12:00:00,0.8043581241117953
2025-05-05 13:00:00,0.7568832249194116
2025-05-05 14:00:00,0.6295517479097102
2025-05-05 15:00:00,0.5196974423557594
2025-05-05 16:00:00,0.5571204646200891
2025-05-05 17:00:00,0.4987232960913219
2025-05-05 18:00:00,0.2708152803934481
2025-05-05 19:00:00,0.0311184542447035
2025-05-05 20:00:00,0.0
2025-05-05 21:00:00,0.0
2025-05-05 22:00:00,0.0
2025-05-05 23:00:00,0.0
2025-05-06 00:00:00,0.0
2025-05-06 01:00:00,0.0
2025-05-06 02:00:00,0.0
2025-05-06 03:00:00,0.0
2025-05-06 04:00:00,0.0
2025-05-06 05:00:00,0.0
2025-05-06 06:00:00,0.0689420110686185
2025-05-06 07:00:00,0.4458565855199054
2025-05-06 08:00:00,0.7455835287864958
2025-05-06 09:00:00,0.8468725568354689
2025-05-06 10:00:00,0.9003246640708946
2025-05-06 11:00:00,0.9195310664617776
2025-05-06 12:00:00,0.901094922839328
2025-05-06 13:00:00,0.9137156127601068
2025-05-06 14:00:00,0.8605985680889495
2025-05-06 15:00:00,0.7936515272305731
2025-05-06 16:00:00,0.7317150196608551
2025-05-06 17:00:00,0.6074876854879396
2025-05-06 18:00:00,0.3376236746735065
2025-05-06 19:00:00,0.0369493131217432
2025-05-06 20:00:00,0.0
2025-05-06 21:00:00,0.0001424978721601
2025-05-06 22:00:00,0.0
2025-05-06 23:00:00,0.0
2025-05-07 00:00:00,0.0
2025-05-07 01:00:00,0.0
2025-05-07 02:00:00,0.0
2025-05-07 03:00:00,0.0
2025-05-07 04:00:00,0.0
2025-05-07 05:00:00,0.0
2025-05-07 06:00:00,0.0766638552221618
2025-05-07 07:00:00,0.4639461126965604
2025-05-07 08:00:00,0.729119247611235
2025-05-07 09:00:00,0.8460214208963501
2025-05-07 10:00:00,0.9180175079818064
2025-05-07 11:00:00,0.9218649505301304
2025-05-07 12:00:00,0.9368002680500516
2025-05-07 13:00:00,0.9628196092477268
2025-05-07 14:00:00,0.9695362657084649
2025-05-07 15:00:00,0.943343616287892
2025-05-07 16:00:00,0.8795623389677762
2025-05-07 17:00:00,0.743942877609733
2025-05-07 18:00:00,0.4296310845628588
2025-05-07 19:00:00,0.0536562258090605
2025-05-07 20:00:00,0.0026959056895163
2025-05-07 21:00:00,0.0
2025-05-07 22:00:00,0.0
2025-05-07 23:00:00,0.0
2025-05-08 00:00:00,0.0
2025-05-08 01:00:00,0.0
2025-05-08 02:00:00,0.0
2025-05-08 03:00:00,0.0
2025-05-08 04:00:00,0.0
2025-05-08 05:00:00,0.0
2025-05-08 06:00:00,0.1178572941579723
2025-05-08 07:00:00,0.5670028846190878
2025-05-08 08:00:00,0.8392123333834002
2025-05-08 09:00:00,0.8930803803537799
2025-05-08 10:00:00,0.9434591551031568
2025-05-08 11:00:00,0.9697249791067308
2025-05-08 12:00:00,0.971373332871178
2025-05-08 13:00:00,0.9652228166052386
2025-05-08 14:00:00,0.9554482328338204
2025-05-08 15:00:00,0.937462690590904
2025-05-08 16:00:00,0.8907850092238487
2025-05-08 17:00:00,0.7849668596164883
2025-05-08 18:00:00,0.4238117795673456
2025-05-08 19:00:00,0.0519115896985592
2025-05-08 20:00:00,0.0
2025-05-08 21:00:00,0.0
2025-05-08 22:00:00,0.0
2025-05-08 23:00:00,0.0
2025-05-09 00:00:00,0.0
2025-05-09 01:00:00,0.0
2025-05-09 02:00:00,0.0
2025-05-09 03:00:00,0.0
2025-05-09 04:00:00,0.0
2025-05-09 05:00:00,3.466164457949648e-05
2025-05-09 06:00:00,0.124774217898503
2025-05-09 07:00:00,0.5826391376182829
2025-05-09 08:00:00,0.8433909872021506
2025-05-09 09:00:00,0.9128105587071976
2025-05-09 10:00:00,0.9487084686100296
2025-05-09 11:00:00,0.965604094695613
2025-05-09 12:00:00,0.9791606490200382
2025-05-09 13:00:00,0.9769230472977396
2025-05-09 14:00:00,0.9690355975089832
2025-05-09 15:00:00,0.944876431237074
2025-05-09 16:00:00,0.9028703693005664
2025-05-09 17:00:00,0.7854675278159697
2025-05-09 18:00:00,0.4278556381016202
2025-05-09 19:00:00,0.0551543791136632
2025-05-09 20:00:00,0.0016560563521314
2025-05-09 21:00:00,0.0
2025-05-09 22:00:00,0.0
2025-05-09 23:00:00,0.0
2025-05-10 00:00:00,0.0
2025-05-10 01:00:00,0.0
2025-05-10 02:00:00,0.0
2025-05-10 03:00:00,0.0
2025-05-10 04:00:00,0.0
2025-05-10 05:00:00,4.236423226382903e-05
2025-05-10 06:00:00,0.1220475018582492
2025-05-10 07:00:00,0.5660862766846523
2025-05-10 08:00:00,0.8346292937112223
2025-05-10 09:00:00,0.9057472858006648
2025-05-10 10:00:00,0.9486853608469766
2025-05-10 11:00:00,0.9641367517417476
2025-05-10 12:00:00,0.9588874382348752
2025-05-10 13:00:00,0.9541349416336418
2025-05-10 14:00:00,0.9495827123122011
2025-05-10 15:00:00,0.9259588758843534
2025-05-10 16:00:00,0.8797626062475689
2025-05-10 17:00:00,0.7588974515988646
2025-05-10 18:00:00,0.4065849422113359
2025-05-10 19:00:00,0.0559477456451494
2025-05-10 20:00:00,0.0007702587684332
2025-05-10 21:00:00,0.0
2025-05-10 22:00:00,0.0
2025-05-10 23:00:00,0.0
2025-05-11 00:00:00,0.0
2025-05-11 01:00:00,0.0
2025-05-11 02:00:00,0.0
2025-05-11 03:00:00,0.0
2025-05-11 04:00:00,0.0
2025-05-11 05:00:00,0.0
2025-05-11 06:00:00,0.0972143591639611
2025-05-11 07:00:00,0.4789430509179559
2025-05-11 08:00:00,0.7347421366207977
2025-05-11 09:00:00,0.8634446742383104
2025-05-11 10:00:00,0.9156990290888224
2025-05-11 11:00:00,0.9271027101554769
2025-05-11 12:00:00,0.9043069019036946
2025-05-11 13:00:00,0.8843880101520106
2025-05-11 14:00:00,0.8655975474960812
2025-05-11 15:00:00,0.8343866621991658
2025-05-11 16:00:00,0.8251281518025981
2025-05-11 17:00:00,0.6465667641044008
2025-05-11 18:00:00,0.3656071757306867
2025-05-11 19:00:00,0.0579003516231277
2025-05-11 20:00:00,0.0
2025-05-11 21:00:00,0.0
2025-05-11 22:00:00,0.0
2025-05-11 23:00:00,0.0
2025-05-12 00:00:00,0.0
2025-05-12 01:00:00,0.0
2025-05-12 02:00:00,0.0
2025-05-12 03:00:00,0.0
2025-05-12 04:00:00,0.0
2025-05-12 05:00:00,0.0002387802182143
2025-05-12 06:00:00,0.1189395077276211
2025-05-12 07:00:00,0.5207565481623552
2025-05-12 08:00:00,0.7251485636599616
2025-05-12 09:00:00,0.7930353202158265
2025-05-12 10:00:00,0.8437607114109985
2025-05-12 11:00:00,0.8680392677920148
2025-05-12 12:00:00,0.8675655586494283
2025-05-12 13:00:00,0.8327344571408765
2025-05-12 14:00:00,0.8025018004798712
2025-05-12 15:00:00,0.6979353213712146
2025-05-12 16:00:00,0.598625858357115
2025-05-12 17:00:00,0.4851667417668965
2025-05-12 18:00:00,0.2915506464396714
2025-05-12 19:00:00,0.0529514390359441
2025-05-12 20:00:00,0.0
2025-05-12 21:00:00,0.0
2025-05-12 22:00:00,0.0
2025-05-12 23:00:00,0.0
2025-05-13 00:00:00,0.0
2025-05-13 01:00:00,0.0
2025-05-13 02:00:00,0.0
2025-05-13 03:00:00,0.0
2025-05-13 04:00:00,0.0
2025-05-13 05:00:00,1.925646921083138e-05
2025-05-13 06:00:00,0.1218048703461928
2025-05-13 07:00:00,0.529252502378174
2025-05-13 08:00:00,0.744728541553535
2025-05-13 09:00:00,0.8045853504484832
2025-05-13 10:00:00,0.8102120907518882
2025-05-13 11:00:00,0.8200174848740434
2025-05-13 12:00:00,0.8270615013113656
2025-05-13 13:00:00,0.7918683781816501
2025-05-13 14:00:00,0.7996903559750899
2025-05-13 15:00:00,0.7708287599218958
2025-05-13 16:00:00,0.7302515280008319
2025-05-13 17:00:00,0.6870092007409889
2025-05-13 18:00:00,0.4333090701821277
2025-05-13 19:00:00,0.0608889556446488
2025-05-13 20:00:00,0.0004929656117972
2025-05-13 21:00:00,0.0
2025-05-13 22:00:00,0.0
2025-05-13 23:00:00,0.0
2025-05-14 00:00:00,0.0
2025-05-14 01:00:00,0.0
2025-05-14 02:00:00,0.0
2025-05-14 03:00:00,0.0
2025-05-14 04:00:00,0.0
2025-05-14 05:00:00,0.0003273599765841
2025-05-14 06:00:00,0.13545385572283
2025-05-14 07:00:00,0.5625700454067544
2025-05-14 08:00:00,0.7754464612386531
2025-05-14 09:00:00,0.8095689246802463
2025-05-14 10:00:00,0.8384189668519139
2025-05-14 11:00:00,0.8394511136016144
2025-05-14 12:00:00,0.8111672116247453
2025-05-14 13:00:00,0.7371646004475204
2025-05-14 14:00:00,0.7421674311484944
2025-05-14 15:00:00,0.7489649647799178
2025-05-14 16:00:00,0.7431264033151938
2025-05-14 17:00:00,0.7054915598895449
2025-05-14 18:00:00,0.4055258364047401
2025-05-14 19:00:00,0.0716841322842408
2025-05-14 20:00:00,0.0115923944649204
2025-05-14 21:00:00,0.0022376017222986
2025-05-14 22:00:00,0.0021451706700866
2025-05-14 23:00:00,0.0021798323146661
2025-05-15 00:00:00,0.0022106426654034
2025-05-15 01:00:00,0.0021721297269817
2025-05-15 02:00:00,0.0021336167885601
2025-05-15 03:00:00,0.0021721297269817
2025-05-15 04:00:00,0.0021644271392974
2025-05-15 05:00:00,0.0031156967183125
2025-05-15 06:00:00,0.143861230180279
2025-05-15 07:00:00,0.5720942950784317
2025-05-15 08:00:00,0.7786199273645981
2025-05-15 09:00:00,0.855399321402025
2025-05-15 10:00:00,0.8590310914951879
2025-05-15 11:00:00,0.8453166341232337
2025-05-15 12:00:00,0.8248470073521199
2025-05-15 13:00:00,0.7885485628897029
2025-05-15 14:00:00,0.7841349801465803
2025-05-15 15:00:00,0.7953846094595479
2025-05-15 16:00:00,0.7523579546548663
2025-05-15 17:00:00,0.7085417846125406
2025-05-15 18:00:00,0.445941313984433
2025-05-15 19:00:00,0.0707213088236993
2025-05-15 20:00:00,0.0024455715897755
2025-05-15 21:00:00,0.0013132912001787
2025-05-15 22:00:00,0.0014211274277593
2025-05-15 23:00:00,0.001436532603128
2025-05-16 00:00:00,0.0014634916600231
2025-05-16 01:00:00,0.0013749119016533
2025-05-16 02:00:00,0.0013980196647063
2025-05-16 03:00:00,0.0014249787216015
2025-05-16 04:00:00,0.001413424840075
2025-05-16 05:00:00,0.0025110435850924
2025-05-16 06:00:00,0.1421743634774102
2025-05-16 07:00:00,0.5537505825081936
2025-05-16 08:00:00,0.8200405926370964
2025-05-16 09:00:00,0.8945169129569078
2025-05-16 10:00:00,0.9377053221029604
2025-05-16 11:00:00,0.9551208728572363
2025-05-16 12:00:00,0.9601660677904742
2025-05-16 13:00:00,0.906956592067105
2025-05-16 14:00:00,0.906143969066408
2025-05-16 15:00:00,0.8682626428348603
2025-05-16 16:00:00,0.7448440803687999
2025-05-16 17:00:00,0.6416024463418486
2025-05-16 18:00:00,0.3495588342903798
2025-05-16 19:00:00,0.0552853231042968
2025-05-16 20:00:00,0.0005391811379032
2025-05-16 21:00:00,0.0
2025-05-16 22:00:00,0.0
2025-05-16 23:00:00,0.0
2025-05-17 00:00:00,0.0
2025-05-17 01:00:00,0.0
2025-05-17 02:00:00,0.0
2025-05-17 03:00:00,0.0
2025-05-17 04:00:00,0.0
2025-05-17 05:00:00,0.0003851293842166
2025-05-17 06:00:00,0.1110096937066007
2025-05-17 07:00:00,0.3959938841453786
2025-05-17 08:00:00,0.5854775411799594
2025-05-17 09:00:00,0.73711068233373
2025-05-17 10:00:00,0.8145332424427987
2025-05-17 11:00:00,0.8313017758315906
2025-05-17 12:00:00,0.8082132692478039
2025-05-17 13:00:00,0.79631277127551
2025-05-17 14:00:00,0.8137745375558919
2025-05-17 15:00:00,0.7927387705899797
2025-05-17 16:00:00,0.7726273141461875
2025-05-17 17:00:00,0.667344494382888
2025-05-17 18:00:00,0.3663466241483826
2025-05-17 19:00:00,0.0522119906182482
2025-05-17 20:00:00,0.0
2025-05-17 21:00:00,0.0
2025-05-17 22:00:00,0.0
2025-05-17 23:00:00,0.0
2025-05-18 00:00:00,0.0
2025-05-18 01:00:00,0.0
2025-05-18 02:00:00,0.0
2025-05-18 03:00:00,0.0
2025-05-18 04:00:00,0.0
2025-05-18 05:00:00,0.0005045194933237
2025-05-18 06:00:00,0.1360585088560502
2025-05-18 07:00:00,0.5154302087786392
2025-05-18 08:00:00,0.6337804685484089
2025-05-18 09:00:00,0.6522782328723334
2025-05-18 10:00:00,0.663616441943671
2025-05-18 11:00:00,0.6253615402094334
2025-05-18 12:00:00,0.5797545185305003
2025-05-18 13:00:00,0.5848112673452647
2025-05-18 14:00:00,0.6003781970553007
2025-05-18 15:00:00,0.597235541280093
2025-05-18 16:00:00,0.5930068206413945
2025-05-18 17:00:00,0.6067597909517702
2025-05-18 18:00:00,0.4365711160664425
2025-05-18 19:00:00,0.0664733317157899
2025-05-18 20:00:00,1.54051753686651e-05
2025-05-18 21:00:00,0.0
2025-05-18 22:00:00,0.0
2025-05-18 23:00:00,0.0
2025-05-19 00:00:00,0.0
2025-05-19 01:00:00,0.0
2025-05-19 02:00:00,0.0
2025-05-19 03:00:00,0.0
2025-05-19 04:00:00,0.0
2025-05-19 05:00:00,0.0006431660716417
2025-05-19 06:00:00,0.1601753108956954
2025-05-19 07:00:00,0.615856547006967
2025-05-19 08:00:00,0.814656483845748
2025-05-19 09:00:00,0.8803595567931046
2025-05-19 10:00:00,0.8942473223879562
2025-05-19 11:00:00,0.9112276769380674
2025-05-19 12:00:00,0.8849926632852306
2025-05-19 13:00:00,0.8777252718050629
2025-05-19 14:00:00,0.8517559974273357
2025-05-19 15:00:00,0.81215314284834
2025-05-19 16:00:00,0.783410936904253
2025-05-19 17:00:00,0.7586548200868081
2025-05-19 18:00:00,0.5005372554909822
2025-05-19 19:00:00,0.086673367917952
2025-05-19 20:00:00,0.0023762483006165
2025-05-19 21:00:00,0.0019795650348734
2025-05-19 22:00:00,0.0021875349023504
2025-05-19 23:00:00,0.0021721297269817
2025-05-20 00:00:00,0.0022067913715612
2025-05-20 01:00:00,0.0021990887838769
2025-05-20 02:00:00,0.0021759810208239
2025-05-20 03:00:00,0.0022376017222986
2025-05-20 04:00:00,0.0022183452530877
2025-05-20 05:00:00,0.0036086623301098
2025-05-20 06:00:00,0.1688830862728333
2025-05-20 07:00:00,0.6222381409034365
2025-05-20 08:00:00,0.8581915094375955
2025-05-20 09:00:00,0.9317743295860244
2025-05-20 10:00:00,0.9650649135577096
2025-05-20 11:00:00,0.9637208120067936
2025-05-20 12:00:00,0.9419224888601324
2025-05-20 13:00:00,0.9582211644001802
2025-05-20 14:00:00,0.9649455234486024
2025-05-20 15:00:00,0.9567076059202088
2025-05-20 16:00:00,0.8988111055909233
2025-05-20 17:00:00,0.8270114344914175
2025-05-20 18:00:00,0.4909706415870412
2025-05-20 19:00:00,0.0827604533743111
2025-05-20 20:00:00,0.0027844854478862
2025-05-20 21:00:00,0.0021990887838769
2025-05-20 22:00:00,0.0024378690020912
2025-05-20 23:00:00,0.0024186125328804
2025-05-21 00:00:00,0.002457125471302
2025-05-21 01:00:00,0.0008164742945392
2025-05-21 02:00:00,0.0
2025-05-21 03:00:00,0.0
2025-05-21 04:00:00,0.0
2025-05-21 05:00:00,0.000928161815962
2025-05-21 06:00:00,0.1656634046207823
2025-05-21 07:00:00,0.622295910311069
2025-05-21 08:00:00,0.8613380165066454
2025-05-21 09:00:00,0.9446376510188598
2025-05-21 10:00:00,0.9785906575313976
2025-05-21 11:00:00,0.9905258171482708
2025-05-21 12:00:00,0.9862739887465194
2025-05-21 13:00:00,0.9817102055435524
2025-05-21 14:00:00,0.9764955536812592
2025-05-21 15:00:00,0.9566536878064184
2025-05-21 16:00:00,0.9185335813566567
2025-05-21 17:00:00,0.8237686450763134
2025-05-21 18:00:00,0.4851821469422652
2025-05-21 19:00:00,0.079818064878896
2025-05-21 20:00:00,0.0001540517536866
2025-05-21 21:00:00,0.0
2025-05-21 22:00:00,0.0
2025-05-21 23:00:00,0.0
2025-05-22 00:00:00,0.0
2025-05-22 01:00:00,0.0
2025-05-22 02:00:00,0.0
2025-05-22 03:00:00,0.0
2025-05-22 04:00:00,0.0
2025-05-22 05:00:00,0.0014288300154436
2025-05-22 06:00:00,0.1711746061089223
2025-05-22 07:00:00,0.5897601799324483
2025-05-22 08:00:00,0.7920609428737585
2025-05-22 09:00:00,0.8949482578672305
2025-05-22 10:00:00,0.9644833681875428
2025-05-22 11:00:00,0.9819451344679244
2025-05-22 12:00:00,0.9911612806322284
2025-05-22 13:00:00,0.985873454186934
2025-05-22 14:00:00,0.9709188801978024
2025-05-22 15:00:00,0.934497194332436
2025-05-22 16:00:00,0.8904383927780537
2025-05-22 17:00:00,0.772962376710456
2025-05-22 18:00:00,0.4738054249325061
2025-05-22 19:00:00,0.0828066689004171
2025-05-22 20:00:00,0.0001848621044239
2025-05-22 21:00:00,0.0
2025-05-22 22:00:00,0.0
2025-05-22 23:00:00,0.0
2025-05-23 00:00:00,0.0
2025-05-23 01:00:00,0.0
2025-05-23 02:00:00,0.0
2025-05-23 03:00:00,0.0
2025-05-23 04:00:00,0.0
2025-05-23 05:00:00,0.0013363989632316
2025-05-23 06:00:00,0.1832522635979557
2025-05-23 07:00:00,0.6285234524538519
2025-05-23 08:00:00,0.8320373729554444
2025-05-23 09:00:00,0.8875614762779556
2025-05-23 10:00:00,0.94844272933492
2025-05-23 11:00:00,0.9445105583220682
2025-05-23 12:00:00,0.937227761666532
2025-05-23 13:00:00,0.9240139724940594
2025-05-23 14:00:00,0.9031784728079398
2025-05-23 15:00:00,0.8923640396991369
2025-05-23 16:00:00,0.8491717792592421
2025-05-23 17:00:00,0.7361863718116101
2025-05-23 18:00:00,0.4223945034334284
2025-05-23 19:00:00,0.0713567723076567
2025-05-23 20:00:00,0.0002349289243721
2025-05-23 21:00:00,0.0
2025-05-23 22:00:00,0.0
2025-05-23 23:00:00,0.0
2025-05-24 00:00:00,0.0
2025-05-24 01:00:00,0.0
2025-05-24 02:00:00,0.0
2025-05-24 03:00:00,0.0
2025-05-24 04:00:00,0.0
2025-05-24 05:00:00,0.0004737091425864
2025-05-24 06:00:00,0.1330159867207388
2025-05-24 07:00:00,0.5474498657824096
2025-05-24 08:00:00,0.7482871370636965
2025-05-24 09:00:00,0.7687490612471259
2025-05-24 10:00:00,0.8066496439478842
2025-05-24 11:00:00,0.808009150674169
2025-05-24 12:00:00,0.7830450639892471
2025-05-24 13:00:00,0.7907707594366328
2025-05-24 14:00:00,0.7718108398516481
2025-05-24 15:00:00,0.7797252486972999
2025-05-24 16:00:00,0.7770177891262571
2025-05-24 17:00:00,0.7420788513901245
2025-05-24 18:00:00,0.467828216889464
2025-05-24 19:00:00,0.0828374792511544
2025-05-24 20:00:00,5.776940763249413e-05
2025-05-24 21:00:00,0.0
2025-05-24 22:00:00,0.0
2025-05-24 23:00:00,0.0
2025-05-25 00:00:00,0.0
2025-05-25 01:00:00,0.0
2025-05-25 02:00:00,0.0
2025-05-25 03:00:00,0.0
2025-05-25 04:00:00,0.0
2025-05-25 05:00:00,0.0010282954558583
2025-05-25 06:00:00,0.1656248916823607
2025-05-25 07:00:00,0.5717245708695836
2025-05-25 08:00:00,0.733706138577255
2025-05-25 09:00:00,0.8039306304953149
2025-05-25 10:00:00,0.8202909267368372
2025-05-25 11:00:00,0.8030640893808275
2025-05-25 12:00:00,0.7998482590226187
2025-05-25 13:00:00,0.7692150678020281
2025-05-25 14:00:00,0.7482486241252748
2025-05-25 15:00:00,0.7738443230003119
2025-05-25 16:00:00,0.7829025661170871
2025-05-25 17:00:00,0.7326816944152388
2025-05-25 18:00:00,0.4805066762178754
2025-05-25 19:00:00,0.0851867684948758
2025-05-25 20:00:00,0.0001733082228974
2025-05-25 21:00:00,0.0
2025-05-25 22:00:00,0.0
2025-05-25 23:00:00,0.0
2025-05-26 00:00:00,0.0
2025-05-26 01:00:00,0.0
2025-05-26 02:00:00,0.0
2025-05-26 03:00:00,0.0
2025-05-26 04:00:00,0.0
2025-05-26 05:00:00,0.0019410520964518
2025-05-26 06:00:00,0.1697611812688472
2025-05-26 07:00:00,0.5429361493993907
2025-05-26 08:00:00,0.7035196974423558
2025-05-26 09:00:00,0.7757699699213951
2025-05-26 10:00:00,0.8240459382329494
2025-05-26 11:00:00,0.8139478457787894
2025-05-26 12:00:00,0.7902238757110451
2025-05-26 13:00:00,0.793763214751996
2025-05-26 14:00:00,0.7799062595078817
2025-05-26 15:00:00,0.7759933449642408
2025-05-26 16:00:00,0.7749496443330137
2025-05-26 17:00:00,0.7114109985249545
2025-05-26 18:00:00,0.4260840429342237
2025-05-26 19:00:00,0.0798219161727382
2025-05-26 20:00:00,0.0044405418000177
2025-05-26 21:00:00,0.0043904749800695
2025-05-26 22:00:00,0.0037126472638482
2025-05-26 23:00:00,0.0
2025-05-27 00:00:00,0.0
2025-05-27 01:00:00,0.0
2025-05-27 02:00:00,0.0
2025-05-27 03:00:00,0.0
2025-05-27 04:00:00,0.0
2025-05-27 05:00:00,0.0016907179967109
2025-05-27 06:00:00,0.1567361054946409
2025-05-27 07:00:00,0.5709273530442552
2025-05-27 08:00:00,0.812734688218507
2025-05-27 09:00:00,0.8774248708853739
2025-05-27 10:00:00,0.9273530442552176
2025-05-27 11:00:00,0.9499177748764696
2025-05-27 12:00:00,0.9652035601360276
2025-05-27 13:00:00,0.9541503468090106
2025-05-27 14:00:00,0.9364498003104144
2025-05-27 15:00:00,0.9192961375374056
2025-05-27 16:00:00,0.8967005965654161
2025-05-27 17:00:00,0.7840464003882104
2025-05-27 18:00:00,0.4868112442375016
2025-05-27 19:00:00,0.0949305419155565
2025-05-27 20:00:00,0.0039321710128517
2025-05-27 21:00:00,0.0016021382383411
2025-05-27 22:00:00,0.0014750455415496
2025-05-27 23:00:00,0.0015366662430243
2025-05-28 00:00:00,0.0016252460013941
2025-05-28 01:00:00,0.0015790304752881
2025-05-28 02:00:00,0.0016098408260255
2025-05-28 03:00:00,0.0016445024706049
2025-05-28 04:00:00,0.0014249787216015
2025-05-28 05:00:00,0.0037627140837964
2025-05-28 06:00:00,0.174806376202085
2025-05-28 07:00:00,0.6105340589170932
2025-05-28 08:00:00,0.847219173281264
2025-05-28 09:00:00,0.916939145706
2025-05-28 10:00:00,0.9295290252760416
2025-05-28 11:00:00,0.951635451930076
2025-05-28 12:00:00,0.8832672836439402
2025-05-28 13:00:00,0.8515364736783322
2025-05-28 14:00:00,0.8431406531024098
2025-05-28 15:00:00,0.82285588843572
2025-05-28 16:00:00,0.7742795192044768
2025-05-28 17:00:00,0.6279804200221064
2025-05-28 18:00:00,0.3838392007795018
2025-05-28 19:00:00,0.096540382741582
2025-05-28 20:00:00,0.0101096463356864
2025-05-28 21:00:00,0.0
2025-05-28 22:00:00,0.0
2025-05-28 23:00:00,0.0
2025-05-29 00:00:00,0.0
2025-05-29 01:00:00,0.0
2025-05-29 02:00:00,0.0
2025-05-29 03:00:00,0.0
2025-05-29 04:00:00,0.0
2025-05-29 05:00:00,0.0003697242088479
2025-05-29 06:00:00,0.1151151729423499
2025-05-29 07:00:00,0.4812538272232556
2025-05-29 08:00:00,0.7374765552487358
2025-05-29 09:00:00,0.872606902288824
2025-05-29 10:00:00,0.9218187350040246
2025-05-29 11:00:00,0.9306613056656384
2025-05-29 12:00:00,0.9180945338586498
2025-05-29 13:00:00,0.905708772862243
2025-05-29 14:00:00,0.8776174355774823
2025-05-29 15:00:00,0.8764736013063589
2025-05-29 16:00:00,0.8079629351480629
2025-05-29 17:00:00,0.6734526464165637
2025-05-29 18:00:00,0.4019980512453159
2025-05-29 19:00:00,0.0938675848151186
2025-05-29 20:00:00,0.0023030737176154
2025-05-29 21:00:00,0.0
2025-05-29 22:00:00,0.0
2025-05-29 23:00:00,0.0
2025-05-30 00:00:00,0.0
2025-05-30 01:00:00,0.0
2025-05-30 02:00:00,0.0
2025-05-30 03:00:00,0.0
2025-05-30 04:00:00,0.0
2025-05-30 05:00:00,0.0014711942477075
2025-05-30 06:00:00,0.1734545720634847
2025-05-30 07:00:00,0.5997042206329216
2025-05-30 08:00:00,0.8404524500005777
2025-05-30 09:00:00,0.920043288542786
2025-05-30 10:00:00,0.9557332285781408
2025-05-30 11:00:00,0.9431394977142572
2025-05-30 12:00:00,0.9552826271986076
2025-05-30 13:00:00,0.9326870862266178
2025-05-30 14:00:00,0.9254928693294512
2025-05-30 15:00:00,0.9234131706546814
2025-05-30 16:00:00,0.8545905496951701
2025-05-30 17:00:00,0.7460225762845027
2025-05-30 18:00:00,0.4629601814729658
2025-05-30 19:00:00,0.0956006670440934
2025-05-30 20:00:00,0.0003119548012154
2025-05-30 21:00:00,0.0
2025-05-30 22:00:00,0.0
2025-05-30 23:00:00,0.0
2025-05-31 00:00:00,0.0
2025-05-31 01:00:00,0.0
2025-05-31 02:00:00,0.0
2025-05-31 03:00:00,0.0
2025-05-31 04:00:00,0.0
2025-05-31 05:00:00,0.0006585712470104
2025-05-31 06:00:00,0.122644452403785
2025-05-31 07:00:00,0.4754422248154267
2025-05-31 08:00:00,0.7145767620632152
2025-05-31 09:00:00,0.7734861526729905
2025-05-31 10:00:00,0.833212017577305
2025-05-31 11:00:00,0.835688399517818
2025-05-31 12:00:00,0.8568281514174686
2025-05-31 13:00:00,0.8612301802790647
2025-05-31 14:00:00,0.8301579415604673
2025-05-31 15:00:00,0.7209776124288955
2025-05-31 16:00:00,0.6591450897929159
2025-05-31 17:00:00,0.5301460025495565
2025-05-31 18:00:00,0.294042433555553
2025-05-31 19:00:00,0.054176150477753
2025-05-31 20:00:00,7.317458300115923e-05
2025-05-31 21:00:00,0.0
2025-05-31 22:00:00,0.0
2025-05-31 23:00:00,0.0
2025-06-01 00:00:00,0.0
2025-06-01 01:00:00,0.0
2025-06-01 02:00:00,0.0
2025-06-01 03:00:00,0.0
2025-06-01 04:00:00,0.0
2025-06-01 05:00:00,0.0001617543413709
2025-06-01 06:00:00,0.0596912032597351
2025-06-01 07:00:00,0.2396275028595856
2025-06-01 08:00:00,0.4422171128390583
2025-06-01 09:00:00,0.5510123125864134
2025-06-01 10:00:00,0.6161068811067077
2025-06-01 11:00:00,0.6902404362745664
2025-06-01 12:00:00,0.6870477136794105
2025-06-01 13:00:00,0.6740765560189946
2025-06-01 14:00:00,0.6989905758839683
2025-06-01 15:00:00,0.6717157128937467
2025-06-01 16:00:00,0.6148744670772146
2025-06-01 17:00:00,0.5413609702179447
2025-06-01 18:00:00,0.3349316202778323
2025-06-01 19:00:00,0.0774418165782794
2025-06-01 20:00:00,0.0005045194933237
2025-06-01 21:00:00,0.0
2025-06-01 22:00:00,0.0
2025-06-01 23:00:00,0.0
2025-06-02 00:00:00,0.0
2025-06-02 01:00:00,0.0
2025-06-02 02:00:00,0.0
2025-06-02 03:00:00,0.0
2025-06-02 04:00:00,0.0
2025-06-02 05:00:00,0.0010629571004378
2025-06-02 06:00:00,0.1570711680589094
2025-06-02 07:00:00,0.562396737183857
2025-06-02 08:00:00,0.7807535441531582
2025-06-02 09:00:00,0.8586613672863398
2025-06-02 10:00:00,0.8909891277974835
2025-06-02 11:00:00,0.8852198896219186
2025-06-02 12:00:00,0.911243082113436
2025-06-02 13:00:00,0.916361451629675
2025-06-02 14:00:00,0.8847115188347526
2025-06-02 15:00:00,0.8714207037854367
2025-06-02 16:00:00,0.8190854717642393
2025-06-02 17:00:00,0.719275340550658
2025-06-02 18:00:00,0.4515372439371006
2025-06-02 19:00:00,0.0893923813705214
2025-06-02 20:00:00,0.0018601749257663
2025-06-02 21:00:00,0.0
2025-06-02 22:00:00,0.0
2025-06-02 23:00:00,0.0
2025-06-03 00:00:00,0.0
2025-06-03 01:00:00,0.0
2025-06-03 02:00:00,0.0
2025-06-03 03:00:00,0.0
2025-06-03 04:00:00,0.0
2025-06-03 05:00:00,0.0016445024706049
2025-06-03 06:00:00,0.1293110420445749
2025-06-03 07:00:00,0.4338174409692936
2025-06-03 08:00:00,0.6712766653957397
2025-06-03 09:00:00,0.7700315420965673
2025-06-03 10:00:00,0.8036032705187308
2025-06-03 11:00:00,0.8592929794764552
2025-06-03 12:00:00,0.836682033329097
2025-06-03 13:00:00,0.7888874767478135
2025-06-03 14:00:00,0.6878603366801077
2025-06-03 15:00:00,0.6662006601117646
2025-06-03 16:00:00,0.6514425021085833
2025-06-03 17:00:00,0.6186448837486954
2025-06-03 18:00:00,0.3723238321914247
2025-06-03 19:00:00,0.0826795762036256
2025-06-03 20:00:00,0.0001347952844758
2025-06-03 21:00:00,0.0
2025-06-03 22:00:00,0.0
2025-06-03 23:00:00,0.0
2025-06-04 00:00:00,0.0
2025-06-04 01:00:00,0.0
2025-06-04 02:00:00,0.0
2025-06-04 03:00:00,0.0
2025-06-04 04:00:00,0.0
2025-06-04 05:00:00,0.0007009354792742
2025-06-04 06:00:00,0.1250592136428233
2025-06-04 07:00:00,0.4787851478704271
2025-06-04 08:00:00,0.7246864083989016
2025-06-04 09:00:00,0.8649851917751769
2025-06-04 10:00:00,0.9387721304972406
2025-06-04 11:00:00,0.9669982630664772
2025-06-04 12:00:00,0.9702911193015294
2025-06-04 13:00:00,0.955941198445618
2025-06-04 14:00:00,0.9405090640200576
2025-06-04 15:00:00,0.8838141673695278
2025-06-04 16:00:00,0.8376602619650071
2025-06-04 17:00:00,0.714526695243267
2025-06-04 18:00:00,0.4321190203848983
2025-06-04 19:00:00,0.1052982249386681
2025-06-04 20:00:00,0.0093316849795688
2025-06-04 21:00:00,0.0003966832657431
2025-06-04 22:00:00,0.0
2025-06-04 23:00:00,0.0
2025-06-05 00:00:00,0.0
2025-06-05 01:00:00,0.0
2025-06-05 02:00:00,0.0
2025-06-05 03:00:00,0.0
2025-06-05 04:00:00,0.0
2025-06-05 05:00:00,0.0019795650348734
2025-06-05 06:00:00,0.1717677053606159
2025-06-05 07:00:00,0.5998890827373456
2025-06-05 08:00:00,0.8380376887615394
2025-06-05 09:00:00,0.9173204237963744
2025-06-05 10:00:00,0.95594504973946
2025-06-05 11:00:00,0.9538306894201108
2025-06-05 12:00:00,0.9330375539662548
2025-06-05 13:00:00,0.9279153331561738
2025-06-05 14:00:00,0.906513693275256
2025-06-05 15:00:00,0.8951985919669713
2025-06-05 16:00:00,0.8479355139359068
2025-06-05 17:00:00,0.7654908666566533
2025-06-05 18:00:00,0.475007028611262
2025-06-05 19:00:00,0.1077476478222859
2025-06-05 20:00:00,0.0020142266794529
2025-06-05 21:00:00,0.0
2025-06-05 22:00:00,0.0
2025-06-05 23:00:00,0.0
2025-06-06 00:00:00,0.0
2025-06-06 01:00:00,0.0
2025-06-06 02:00:00,0.0
2025-06-06 03:00:00,0.0
2025-06-06 04:00:00,0.0
2025-06-06 05:00:00,0.0020180779732951
2025-06-06 06:00:00,0.1760156824685253
2025-06-06 07:00:00,0.603208898029293
2025-06-06 08:00:00,0.8365587919261476
2025-06-06 09:00:00,0.915595044155084
2025-06-06 10:00:00,0.942276807893612
2025-06-06 11:00:00,0.9548551335821268
2025-06-06 12:00:00,0.9613021994739132
2025-06-06 13:00:00,0.9396309690240436
2025-06-06 14:00:00,0.910176273719156
2025-06-06 15:00:00,0.8964387085841489
2025-06-06 16:00:00,0.8642033791252172
2025-06-06 17:00:00,0.7661802482544011
2025-06-06 18:00:00,0.4843271597093043
2025-06-06 19:00:00,0.1077322426469172
2025-06-06 20:00:00,0.0031580609505763
2025-06-06 21:00:00,0.0007047867731164
2025-06-06 22:00:00,0.0008511359391187
2025-06-06 23:00:00,9.62823460541569e-05
2025-06-07 00:00:00,0.0
2025-06-07 01:00:00,0.0
2025-06-07 02:00:00,0.0
2025-06-07 03:00:00,0.0
2025-06-07 04:00:00,0.0
2025-06-07 05:00:00,0.0028191470924657
2025-06-07 06:00:00,0.1859135076428926
2025-06-07 07:00:00,0.6094556966412866
2025-06-07 08:00:00,0.8230600070093549
2025-06-07 09:00:00,0.901141138365434
2025-06-07 10:00:00,0.945380950730398
2025-06-07 11:00:00,0.950946070332328
2025-06-07 12:00:00,0.9334380885258402
2025-06-07 13:00:00,0.9072878033375312
2025-06-07 14:00:00,0.8928839643678294
2025-06-07 15:00:00,0.8642919588835869
2025-06-07 16:00:00,0.8639954092577402
2025-06-07 17:00:00,0.7917528393663852
2025-06-07 18:00:00,0.5217655871490028
2025-06-07 19:00:00,0.1172487897309101
2025-06-07 20:00:00,0.0024494228836177
2025-06-07 21:00:00,0.0007779613561175
2025-06-07 22:00:00,0.0010013363989632
2025-06-07 23:00:00,0.0010282954558583
2025-06-08 00:00:00,0.0010629571004378
2025-06-08 01:00:00,0.0009936338112788
2025-06-08 02:00:00,0.0010051876928053
2025-06-08 03:00:00,0.0010167415743318
2025-06-08 04:00:00,0.0010514032189113
2025-06-08 05:00:00,0.0043904749800695
2025-06-08 06:00:00,0.1922450347194139
2025-06-08 07:00:00,0.6109114857136255
2025-06-08 08:00:00,0.7846240944645354
2025-06-08 09:00:00,0.8587730548077627
2025-06-08 10:00:00,0.9155103156905562
2025-06-08 11:00:00,0.93880679214182
2025-06-08 12:00:00,0.917077792284318
2025-06-08 13:00:00,0.9282080314881784
2025-06-08 14:00:00,0.9099143857378886
2025-06-08 15:00:00,0.8912394618972245
2025-06-08 16:00:00,0.8528228058216158
2025-06-08 17:00:00,0.7897732743315117
2025-06-08 18:00:00,0.5082976125829473
2025-06-08 19:00:00,0.1088183075104081
2025-06-08 20:00:00,0.0012555217925462
2025-06-08 21:00:00,0.0
2025-06-08 22:00:00,0.0
2025-06-08 23:00:00,0.0
2025-06-09 00:00:00,0.0
2025-06-09 01:00:00,0.0
2025-06-09 02:00:00,0.0
2025-06-09 03:00:00,0.0
2025-06-09 04:00:00,0.0
2025-06-09 05:00:00,0.0027729315663597
2025-06-09 06:00:00,0.1826630156401043
2025-06-09 07:00:00,0.6163032970926583
2025-06-09 08:00:00,0.8447312374592244
2025-06-09 09:00:00,0.9211447585816456
2025-06-09 10:00:00,0.9532722518129968
2025-06-09 11:00:00,0.9668249548435798
2025-06-09 12:00:00,0.969540117002307
2025-06-09 13:00:00,0.9642407366754862
2025-06-09 14:00:00,0.949020423411245
2025-06-09 15:00:00,0.9270680485108972
2025-06-09 16:00:00,0.8814918371827015
2025-06-09 17:00:00,0.783572691245624
2025-06-09 18:00:00,0.5090871278205913
2025-06-09 19:00:00,0.1168713629343778
2025-06-09 20:00:00,0.0020296318548216
2025-06-09 21:00:00,0.0
2025-06-09 22:00:00,0.0
2025-06-09 23:00:00,0.0
2025-06-10 00:00:00,0.0
2025-06-10 01:00:00,0.0
2025-06-10 02:00:00,0.0
2025-06-10 03:00:00,0.0
2025-06-10 04:00:00,0.0
2025-06-10 05:00:00,0.002318478892984
2025-06-10 06:00:00,0.181407493847558
2025-06-10 07:00:00,0.6053733251685903
2025-06-10 08:00:00,0.8318332543818096
2025-06-10 09:00:00,0.9187415512241336
2025-06-10 10:00:00,0.9543929783210672
2025-06-10 11:00:00,0.9703180783584244
2025-06-10 12:00:00,0.9740384282099572
2025-06-10 13:00:00,0.9539269717661648
2025-06-10 14:00:00,0.9263632617377808
2025-06-10 15:00:00,0.9134575760726816
2025-06-10 16:00:00,0.8842262558106396
2025-06-10 17:00:00,0.7824673699129222
2025-06-10 18:00:00,0.5065260174155508
2025-06-10 19:00:00,0.1157121234878857
2025-06-10 20:00:00,0.0035624468040038
2025-06-10 21:00:00,0.0
2025-06-10 22:00:00,6.547199531682669e-05
2025-06-10 23:00:00,3.851293842166276e-05
2025-06-11 00:00:00,1.925646921083138e-05
2025-06-11 01:00:00,0.0
2025-06-11 02:00:00,0.0
2025-06-11 03:00:00,0.0
2025-06-11 04:00:00,0.0
2025-06-11 05:00:00,0.0032312355335775
2025-06-11 06:00:00,0.1970013826144893
2025-06-11 07:00:00,0.6221726689081196
2025-06-11 08:00:00,0.8184885212187034
2025-06-11 09:00:00,0.897208967352582
2025-06-11 10:00:00,0.9420226225000288
2025-06-11 11:00:00,0.967106099294058
2025-06-11 12:00:00,0.9665746207438388
2025-06-11 13:00:00,0.9584406881491836
2025-06-11 14:00:00,0.9424385622349828
2025-06-11 15:00:00,0.9319206787520268
2025-06-11 16:00:00,0.9045841950603306
2025-06-11 17:00:00,0.8105163429654192
2025-06-11 18:00:00,0.5282550172730529
2025-06-11 19:00:00,0.1337477325507504
2025-06-11 20:00:00,0.0035393390409508
2025-06-11 21:00:00,0.0012170088541245
2025-06-11 22:00:00,0.0
2025-06-11 23:00:00,0.0
2025-06-12 00:00:00,0.0
2025-06-12 01:00:00,0.0
2025-06-12 02:00:00,0.0
2025-06-12 03:00:00,0.0
2025-06-12 04:00:00,0.0
2025-06-12 05:00:00,0.0027498238033067
2025-06-12 06:00:00,0.2005638294184931
2025-06-12 07:00:00,0.6401466572695097
2025-06-12 08:00:00,0.8404909629389993
2025-06-12 09:00:00,0.9232552676071528
2025-06-12 10:00:00,0.962938999356834
2025-06-12 11:00:00,0.973133374157048
2025-06-12 12:00:00,0.9594112141974096
2025-06-12 13:00:00,0.9433051033494704
2025-06-12 14:00:00,0.9320015559227124
2025-06-12 15:00:00,0.9376167423445908
2025-06-12 16:00:00,0.9094252714199336
2025-06-12 17:00:00,0.8338667375304734
2025-06-12 18:00:00,0.5559419687043863
2025-06-12 19:00:00,0.1442116979199162
2025-06-12 20:00:00,0.0126592028592005
2025-06-12 21:00:00,0.0023107763052997
2025-06-12 22:00:00,0.0
2025-06-12 23:00:00,0.0
2025-06-13 00:00:00,0.0
2025-06-13 01:00:00,0.0
2025-06-13 02:00:00,0.0
2025-06-13 03:00:00,0.0
2025-06-13 04:00:00,0.0
2025-06-13 05:00:00,0.0023300327745105
2025-06-13 06:00:00,0.1888751526075185
2025-06-13 07:00:00,0.6242908805213111
2025-06-13 08:00:00,0.8112634939707996
2025-06-13 09:00:00,0.9025622657931932
2025-06-13 10:00:00,0.9655155149372432
2025-06-13 11:00:00,0.986705333656842
2025-06-13 12:00:00,0.9754287452869792
2025-06-13 13:00:00,0.9548628361698112
2025-06-13 14:00:00,0.915826121785614
2025-06-13 15:00:00,0.8947325854120692
2025-06-13 16:00:00,0.8549217609655964
2025-06-13 17:00:00,0.8065456590141458
2025-06-13 18:00:00,0.5493023381204916
2025-06-13 19:00:00,0.1376799035636022
2025-06-13 20:00:00,0.0013864657831798
2025-06-13 21:00:00,0.0
2025-06-13 22:00:00,0.0
2025-06-13 23:00:00,0.0
2025-06-14 00:00:00,0.0
2025-06-14 01:00:00,0.0
2025-06-14 02:00:00,0.0
2025-06-14 03:00:00,0.0
2025-06-14 04:00:00,0.0
2025-06-14 05:00:00,0.0023261814806684
2025-06-14 06:00:00,0.1931308323031122
2025-06-14 07:00:00,0.6059972347710213
2025-06-14 08:00:00,0.7899773929051465
2025-06-14 09:00:00,0.8658555841835065
2025-06-14 10:00:00,0.9290206544888756
2025-06-14 11:00:00,0.9438442844873736
2025-06-14 12:00:00,0.9332108621891524
2025-06-14 13:00:00,0.9145243844669616
2025-06-14 14:00:00,0.904572641178804
2025-06-14 15:00:00,0.8778485132080123
2025-06-14 16:00:00,0.803518542054203
2025-06-14 17:00:00,0.7129361108864524
2025-06-14 18:00:00,0.4512638020743069
2025-06-14 19:00:00,0.1231451206032666
2025-06-14 20:00:00,0.0181241888212344
2025-06-14 21:00:00,0.0167877898580027
2025-06-14 22:00:00,0.0025803668742514
2025-06-14 23:00:00,0.0
2025-06-15 00:00:00,0.0
2025-06-15 01:00:00,0.0
2025-06-15 02:00:00,0.0
2025-06-15 03:00:00,0.0
2025-06-15 04:00:00,0.0
2025-06-15 05:00:00,0.0023993560636695
2025-06-15 06:00:00,0.2004636957785968
2025-06-15 07:00:00,0.6376240598028908
2025-06-15 08:00:00,0.8279819605396433
2025-06-15 09:00:00,0.901376067289806
2025-06-15 10:00:00,0.9593110805575132
2025-06-15 11:00:00,0.9736956630580044
2025-06-15 12:00:00,0.9764801485058904
2025-06-15 13:00:00,0.9536265708464758
2025-06-15 14:00:00,0.9329836358524648
2025-06-15 15:00:00,0.9133805501958384
2025-06-15 16:00:00,0.8819462898560771
2025-06-15 17:00:00,0.7853173273561252
2025-06-15 18:00:00,0.528952101458485
2025-06-15 19:00:00,0.1340789438211767
2025-06-15 20:00:00,0.0088194628985607
2025-06-15 21:00:00,0.0
2025-06-15 22:00:00,0.0
2025-06-15 23:00:00,0.0
2025-06-16 00:00:00,0.0
2025-06-16 01:00:00,0.0
2025-06-16 02:00:00,0.0
2025-06-16 03:00:00,0.0
2025-06-16 04:00:00,0.0
2025-06-16 05:00:00,0.0029809014338366
2025-06-16 06:00:00,0.2052585566120938
2025-06-16 07:00:00,0.6413983277682137
2025-06-16 08:00:00,0.823529864858099
2025-06-16 09:00:00,0.8947441392935956
2025-06-16 10:00:00,0.95807866652802
2025-06-16 11:00:00,0.9811517679364384
2025-06-16 12:00:00,0.9774006077341684
2025-06-16 13:00:00,0.976607241202682
2025-06-16 14:00:00,0.9658505775015116
2025-06-16 15:00:00,0.9438134741366362
2025-06-16 16:00:00,0.9056625573361372
2025-06-16 17:00:00,0.8314750840544881
2025-06-16 18:00:00,0.5657396602388572
2025-06-16 19:00:00,0.1521723222916738
2025-06-16 20:00:00,0.0088695297185089
2025-06-16 21:00:00,0.0
2025-06-16 22:00:00,0.0
2025-06-16 23:00:00,0.0
2025-06-17 00:00:00,0.0
2025-06-17 01:00:00,0.0
2025-06-17 02:00:00,0.0
2025-06-17 03:00:00,0.0
2025-06-17 04:00:00,0.0
2025-06-17 05:00:00,0.0023069250114575
2025-06-17 06:00:00,0.1921603062548863
2025-06-17 07:00:00,0.628411764932429
2025-06-17 08:00:00,0.8315790689882266
2025-06-17 09:00:00,0.8910045329728522
2025-06-17 10:00:00,0.9422537001305588
2025-06-17 11:00:00,0.9767959546009484
2025-06-17 12:00:00,0.975956372543356
2025-06-17 13:00:00,0.9797922612101536
2025-06-17 14:00:00,0.9692936341964082
2025-06-17 15:00:00,0.9541079825767468
2025-06-17 16:00:00,0.8991115065106122
2025-06-17 17:00:00,0.8217005002830701
2025-06-17 18:00:00,0.5530303905597086
2025-06-17 19:00:00,0.1467805109126411
2025-06-17 20:00:00,0.0028538087370452
2025-06-17 21:00:00,0.0
2025-06-17 22:00:00,0.0
2025-06-17 23:00:00,0.0
2025-06-18 00:00:00,0.0
2025-06-18 01:00:00,0.0
2025-06-18 02:00:00,0.0
2025-06-18 03:00:00,0.0
2025-06-18 04:00:00,0.0
2025-06-18 05:00:00,0.0019487546841361
2025-06-18 06:00:00,0.1941013583513381
2025-06-18 07:00:00,0.6421300735982253
2025-06-18 08:00:00,0.8658748406527172
2025-06-18 09:00:00,0.9350479293518658
2025-06-18 10:00:00,0.964814579457969
2025-06-18 11:00:00,0.97544800175619
2025-06-18 12:00:00,0.9782093794410232
2025-06-18 13:00:00,0.9686774271816616
2025-06-18 14:00:00,0.9458662137545109
2025-06-18 15:00:00,0.9339926748391122
2025-06-18 16:00:00,0.8966582323331523
2025-06-18 17:00:00,0.8097807458415655
2025-06-18 18:00:00,0.5461096155253358
2025-06-18 19:00:00,0.141103703789288
2025-06-18 20:00:00,0.002896172969309
2025-06-18 21:00:00,0.0005314785502189
2025-06-18 22:00:00,0.0007047867731164
2025-06-18 23:00:00,0.0008087717068549
2025-06-19 00:00:00,0.0009397156974885
2025-06-19 01:00:00,0.0009204592282777
2025-06-19 02:00:00,0.0009243105221199
2025-06-19 03:00:00,0.000928161815962
2025-06-19 04:00:00,0.000858838526803
2025-06-19 05:00:00,0.0039398736005361
2025-06-19 06:00:00,0.1927726619757908
2025-06-19 07:00:00,0.6243255421658906
2025-06-19 08:00:00,0.8504157471702618
2025-06-19 09:00:00,0.9277035119948548
2025-06-19 10:00:00,0.9604048480086884
2025-06-19 11:00:00,0.975332462940925
2025-06-19 12:00:00,0.9776509418339092
2025-06-19 13:00:00,0.9695478195899913
2025-06-19 14:00:00,0.9494402144400412
2025-06-19 15:00:00,0.9365499339503104
2025-06-19 16:00:00,0.8943436047340103
2025-06-19 17:00:00,0.7783079725633826
2025-06-19 18:00:00,0.5063488578988111
2025-06-19 19:00:00,0.134225292987179
2025-06-19 20:00:00,0.002549556523514
2025-06-19 21:00:00,0.0008935001713825
2025-06-19 22:00:00,0.0010128902804897
2025-06-19 23:00:00,0.0011014700388595
2025-06-20 00:00:00,0.0010976187450173
2025-06-20 01:00:00,0.0011014700388595
2025-06-20 02:00:00,0.0010591058065957
2025-06-20 03:00:00,0.001136131683439
2025-06-20 04:00:00,0.0011053213327017
2025-06-20 05:00:00,0.0036471752685314
2025-06-20 06:00:00,0.1890407582427316
2025-06-20 07:00:00,0.6342811367478904
2025-06-20 08:00:00,0.846364186048303
2025-06-20 09:00:00,0.867399953014215
2025-06-20 10:00:00,0.895887973564719
2025-06-20 11:00:00,0.8721601522031326
2025-06-20 12:00:00,0.8619157105829705
2025-06-20 13:00:00,0.8648465451968588
2025-06-20 14:00:00,0.861584499312544
2025-06-20 15:00:00,0.8612609906298021
2025-06-20 16:00:00,0.8820310183206048
2025-06-20 17:00:00,0.828186079113278
2025-06-20 18:00:00,0.5539007829680381
2025-06-20 19:00:00,0.1398943975228478
2025-06-20 20:00:00,0.0028923216754668
2025-06-20 21:00:00,0.0
2025-06-20 22:00:00,0.0
2025-06-20 23:00:00,0.0
2025-06-21 00:00:00,0.0
2025-06-21 01:00:00,0.0
2025-06-21 02:00:00,0.0
2025-06-21 03:00:00,0.0
2025-06-21 04:00:00,0.0
2025-06-21 05:00:00,0.002803741917097
2025-06-21 06:00:00,0.1839031322572818
2025-06-21 07:00:00,0.5818958379067447
2025-06-21 08:00:00,0.7344263305257401
2025-06-21 09:00:00,0.8023939642522906
2025-06-21 10:00:00,0.8148721563009093
2025-06-21 11:00:00,0.803191182077619
2025-06-21 12:00:00,0.7865420387979342
2025-06-21 13:00:00,0.756359448956877
2025-06-21 14:00:00,0.7665730802263021
2025-06-21 15:00:00,0.7873431079171047
2025-06-21 16:00:00,0.7991511748371865
2025-06-21 17:00:00,0.7764323924622477
2025-06-21 18:00:00,0.5263255190581276
2025-06-21 19:00:00,0.1308515595814414
2025-06-21 20:00:00,0.001459640366181
2025-06-21 21:00:00,0.0
2025-06-21 22:00:00,0.0
2025-06-21 23:00:00,0.0
2025-06-22 00:00:00,0.0
2025-06-22 01:00:00,0.0
2025-06-22 02:00:00,0.0
2025-06-22 03:00:00,0.0
2025-06-22 04:00:00,0.0
2025-06-22 05:00:00,0.0023377353621949
2025-06-22 06:00:00,0.1749142124296657
2025-06-22 07:00:00,0.5868486017877707
2025-06-22 08:00:00,0.7330899315625083
2025-06-22 09:00:00,0.8018624857020716
2025-06-22 10:00:00,0.7999676491317258
2025-06-22 11:00:00,0.8140864923571074
2025-06-22 12:00:00,0.8301425363850986
2025-06-22 13:00:00,0.7936130142921515
2025-06-22 14:00:00,0.7703357943100985
2025-06-22 15:00:00,0.7508174371179998
2025-06-22 16:00:00,0.7890376772076579
2025-06-22 17:00:00,0.77458762271185
2025-06-22 18:00:00,0.5570126283925084
2025-06-22 19:00:00,0.1437495426588562
2025-06-22 20:00:00,0.0032967075288943
2025-06-22 21:00:00,0.0009012027590669
2025-06-22 22:00:00,0.0010822135696487
2025-06-22 23:00:00,0.001113023920386
2025-06-23 00:00:00,0.0011515368588077
2025-06-23 01:00:00,0.0011476855649655
2025-06-23 02:00:00,0.0011284290957547
2025-06-23 03:00:00,0.0010745109819643
2025-06-23 04:00:00,0.0010860648634908
2025-06-23 05:00:00,0.0037627140837964
2025-06-23 06:00:00,0.1616349512618764
2025-06-23 07:00:00,0.5546902982056822
2025-06-23 08:00:00,0.8149953977038586
2025-06-23 09:00:00,0.9035366431352612
2025-06-23 10:00:00,0.9637246633006358
2025-06-23 11:00:00,0.9824535052550905
2025-06-23 12:00:00,0.9921395092681388
2025-06-23 13:00:00,0.9916080307179196
2025-06-23 14:00:00,0.9741193053806426
2025-06-23 15:00:00,0.941310133139228
2025-06-23 16:00:00,0.8850735404559161
2025-06-23 17:00:00,0.7785660092508079
2025-06-23 18:00:00,0.4796362838095458
2025-06-23 19:00:00,0.118196208016083
2025-06-23 20:00:00,0.0015405175368665
2025-06-23 21:00:00,0.0
2025-06-23 22:00:00,0.0
2025-06-23 23:00:00,0.0
2025-06-24 00:00:00,0.0
2025-06-24 01:00:00,0.0002926983320046
2025-06-24 02:00:00,0.0
2025-06-24 03:00:00,0.0
2025-06-24 04:00:00,0.0
2025-06-24 05:00:00,0.0023993560636695
2025-06-24 06:00:00,0.1650664540752465
2025-06-24 07:00:00,0.5589998960150663
2025-06-24 08:00:00,0.8095073039787717
2025-06-24 09:00:00,0.8953950079529217
2025-06-24 10:00:00,0.9424539674103516
2025-06-24 11:00:00,0.9552672220232388
2025-06-24 12:00:00,0.9543313576195922
2025-06-24 13:00:00,0.9475107162251158
2025-06-24 14:00:00,0.9256661775523488
2025-06-24 15:00:00,0.8997123083499902
2025-06-24 16:00:00,0.8401212387301513
2025-06-24 17:00:00,0.7433112654196178
2025-06-24 18:00:00,0.4983343154132631
2025-06-24 19:00:00,0.1287988199635667
2025-06-24 20:00:00,0.0066473331715789
2025-06-24 21:00:00,0.0022761146607202
2025-06-24 22:00:00,0.0022761146607202
2025-06-24 23:00:00,0.0021259142008757
2025-06-25 00:00:00,0.0021528732577709
2025-06-25 01:00:00,0.0021336167885601
2025-06-25 02:00:00,0.0021759810208239
2025-06-25 03:00:00,0.0021875349023504
2025-06-25 04:00:00,0.0022761146607202
2025-06-25 05:00:00,0.0043712185108587
2025-06-25 06:00:00,0.1570326551204877
2025-06-25 07:00:00,0.5742317631608339
2025-06-25 08:00:00,0.8165166587715142
2025-06-25 09:00:00,0.902439024390244
2025-06-25 10:00:00,0.9498715593503636
2025-06-25 11:00:00,0.9625769777356704
2025-06-25 12:00:00,0.9535880579080542
2025-06-25 13:00:00,0.9521630791864528
2025-06-25 14:00:00,0.932132499913346
2025-06-25 15:00:00,0.9178865639911729
2025-06-25 16:00:00,0.8869645257324199
2025-06-25 17:00:00,0.7930237663343
2025-06-25 18:00:00,0.5242804820279373
2025-06-25 19:00:00,0.137722267795866
2025-06-25 20:00:00,0.0074252945276965
2025-06-25 21:00:00,0.0012401166171775
2025-06-25 22:00:00,0.0009012027590669
2025-06-25 23:00:00,0.0009435669913307
2025-06-26 00:00:00,0.0010013363989632
2025-06-26 01:00:00,0.0008973514652247
2025-06-26 02:00:00,0.0008087717068549
2025-06-26 03:00:00,0.000858838526803
2025-06-26 04:00:00,0.0008742437021717
2025-06-26 05:00:00,0.0030463734291535
2025-06-26 06:00:00,0.1625592617839963
2025-06-26 07:00:00,0.5867869810862959
2025-06-26 08:00:00,0.8319911574293385
2025-06-26 09:00:00,0.9142509426041678
2025-06-26 10:00:00,0.950780464697115
2025-06-26 11:00:00,0.968685129769346
2025-06-26 12:00:00,0.97215899681498
2025-06-26 13:00:00,0.9680111533469667
2025-06-26 14:00:00,0.9499986520471552
2025-06-26 15:00:00,0.9370660073251608
2025-06-26 16:00:00,0.8933461196288893
2025-06-26 17:00:00,0.8047008892637482
2025-06-26 18:00:00,0.5256515426357484
2025-06-26 19:00:00,0.1385117830335101
2025-06-26 20:00:00,0.0043442594539635
2025-06-26 21:00:00,0.0003196573888998
2025-06-26 22:00:00,0.0
2025-06-26 23:00:00,0.0
2025-06-27 00:00:00,0.0001925646921083
2025-06-27 01:00:00,0.0004082371472696
2025-06-27 02:00:00,0.0
2025-06-27 03:00:00,0.0
2025-06-27 04:00:00,0.0
2025-06-27 05:00:00,0.0013132912001787
2025-06-27 06:00:00,0.1552186957208274
2025-06-27 07:00:00,0.5682275960608967
2025-06-27 08:00:00,0.8234952032135195
2025-06-27 09:00:00,0.9198314673814668
2025-06-27 10:00:00,0.9642676957323812
2025-06-27 11:00:00,0.98517251870766
2025-06-27 12:00:00,0.989324213469515
2025-06-27 13:00:00,0.9771002068144792
2025-06-27 14:00:00,0.9575240802147482
2025-06-27 15:00:00,0.9389107770755586
2025-06-27 16:00:00,0.8779679033171194
2025-06-27 17:00:00,0.7696387101246663
2025-06-27 18:00:00,0.4923648099579053
2025-06-27 19:00:00,0.1264803410705826
2025-06-27 20:00:00,0.0040515611219589
2025-06-27 21:00:00,0.0
2025-06-27 22:00:00,0.0001810108105818
2025-06-27 23:00:00,0.0
2025-06-28 00:00:00,0.0
2025-06-28 01:00:00,0.0
2025-06-28 02:00:00,0.0
2025-06-28 03:00:00,0.0
2025-06-28 04:00:00,0.0
2025-06-28 05:00:00,0.001274778261757
2025-06-28 06:00:00,0.1601599057203267
2025-06-28 07:00:00,0.5794271585539161
2025-06-28 08:00:00,0.8351915826121786
2025-06-28 09:00:00,0.9189995879115588
2025-06-28 10:00:00,0.9596461431217818
2025-06-28 11:00:00,0.976306840282993
2025-06-28 12:00:00,0.9786484269390302
2025-06-28 13:00:00,0.9734491802521056
2025-06-28 14:00:00,0.9612020658340168
2025-06-28 15:00:00,0.938760576615714
2025-06-28 16:00:00,0.8907079833470055
2025-06-28 17:00:00,0.786399540925774
2025-06-28 18:00:00,0.5336429773582435
2025-06-28 19:00:00,0.1342368468687055
2025-06-28 20:00:00,0.0024686793528285
2025-06-28 21:00:00,0.0
2025-06-28 22:00:00,1.1553881526498828e-05
2025-06-28 23:00:00,0.0
2025-06-29 00:00:00,0.0
2025-06-29 01:00:00,0.0
2025-06-29 02:00:00,0.0
2025-06-29 03:00:00,0.0
2025-06-29 04:00:00,0.0
2025-06-29 05:00:00,0.0012362653233353
2025-06-29 06:00:00,0.1517525312628777
2025-06-29 07:00:00,0.5736463664968245
2025-06-29 08:00:00,0.8276777083261121
2025-06-29 09:00:00,0.9050424990275484
2025-06-29 10:00:00,0.9524865878691948
2025-06-29 11:00:00,0.9741116027929584
2025-06-29 12:00:00,0.980381509168005
2025-06-29 13:00:00,0.9735647190673706
2025-06-29 14:00:00,0.9568886167307908
2025-06-29 15:00:00,0.9276457425872222
2025-06-29 16:00:00,0.8875845840410085
2025-06-29 17:00:00,0.8167708441650972
2025-06-29 18:00:00,0.5613145236142082
2025-06-29 19:00:00,0.1460757241395246
2025-06-29 20:00:00,0.0019757137410312
2025-06-29 21:00:00,0.0003774267965322
2025-06-29 22:00:00,0.0
2025-06-29 23:00:00,0.0
2025-06-30 00:00:00,0.0
2025-06-30 01:00:00,0.0
2025-06-30 02:00:00,0.0
2025-06-30 03:00:00,0.0
2025-06-30 04:00:00,0.0
2025-06-30 05:00:00,0.0009166079344355
2025-06-30 06:00:00,0.1683053921965084
2025-06-30 07:00:00,0.6071141099852496
2025-06-30 08:00:00,0.8470073521199446
2025-06-30 09:00:00,0.9159609170700896
2025-06-30 10:00:00,0.960116000970526
2025-06-30 11:00:00,0.9690201923336146
2025-06-30 12:00:00,0.97048753528748
2025-06-30 13:00:00,0.97215899681498
2025-06-30 14:00:00,0.9665707694499968
2025-06-30 15:00:00,0.9416259392342858
2025-06-30 16:00:00,0.9045880463541728
2025-06-30 17:00:00,0.8279203398381686
2025-06-30 18:00:00,0.568281514174687
2025-06-30 19:00:00,0.1517140183244561
2025-06-30 20:00:00,0.0029847527276788
2025-06-30 21:00:00,1.925646921083138e-05
2025-06-30 22:00:00,0.0003273599765841
2025-06-30 23:00:00,0.0003196573888998
2025-07-01 00:00:00,0.0004274936164804
2025-07-01 01:00:00,0.0004544526733756
2025-07-01 02:00:00,0.0003812780903744
2025-07-01 03:00:00,0.0003735755026901
2025-07-01 04:00:00,0.0003081035073733
2025-07-01 05:00:00,0.0015674765937616
2025-07-01 06:00:00,0.1509591647313915
2025-07-01 07:00:00,0.5202481773751892
2025-07-01 08:00:00,0.7625484781612382
2025-07-01 09:00:00,0.8358424512715047
2025-07-01 10:00:00,0.8705464600832651
2025-07-01 11:00:00,0.882477768406296
2025-07-01 12:00:00,0.8646347240355398
2025-07-01 13:00:00,0.8422856658694489
2025-07-01 14:00:00,0.8363739298217236
2025-07-01 15:00:00,0.8435450389558373
2025-07-01 16:00:00,0.8341093690425299
2025-07-01 17:00:00,0.7409465710005276
2025-07-01 18:00:00,0.5005064451402449
2025-07-01 19:00:00,0.1357658105240455
2025-07-01 20:00:00,0.0028345522678343
2025-07-01 21:00:00,0.0005699914886406
2025-07-01 22:00:00,0.0001309439906336
2025-07-01 23:00:00,0.0
2025-07-02 00:00:00,0.0
2025-07-02 01:00:00,0.0
2025-07-02 02:00:00,0.0
2025-07-02 03:00:00,0.0
2025-07-02 04:00:00,0.0
2025-07-02 05:00:00,0.0002541853935829
2025-07-02 06:00:00,0.1156389489048845
2025-07-02 07:00:00,0.4406226771884015
2025-07-02 08:00:00,0.6796262704455562
2025-07-02 09:00:00,0.7698505312859855
2025-07-02 10:00:00,0.7905011688676812
2025-07-02 11:00:00,0.8426784978413498
2025-07-02 12:00:00,0.8967468120915221
2025-07-02 13:00:00,0.8974631527461651
2025-07-02 14:00:00,0.9049770270322316
2025-07-02 15:00:00,0.8688942550249757
2025-07-02 16:00:00,0.8098962846568304
2025-07-02 17:00:00,0.7361709666362415
2025-07-02 18:00:00,0.5002214493959245
2025-07-02 19:00:00,0.1299426542346901
2025-07-02 20:00:00,0.0020219292671372
2025-07-02 21:00:00,0.0
2025-07-02 22:00:00,0.0
2025-07-02 23:00:00,0.0
2025-07-03 00:00:00,0.0
2025-07-03 01:00:00,0.0
2025-07-03 02:00:00,0.0002965496258468
2025-07-03 03:00:00,0.0
2025-07-03 04:00:00,0.0003543190334792
2025-07-03 05:00:00,0.0005276272563767
2025-07-03 06:00:00,0.1353575733767759
2025-07-03 07:00:00,0.5468798742937689
2025-07-03 08:00:00,0.7811232683620062
2025-07-03 09:00:00,0.877752230861958
2025-07-03 10:00:00,0.9273761520182704
2025-07-03 11:00:00,0.9486853608469766
2025-07-03 12:00:00,0.9370775612066874
2025-07-03 13:00:00,0.9186799305226592
2025-07-03 14:00:00,0.8948481242273342
2025-07-03 15:00:00,0.8522297065699221
2025-07-03 16:00:00,0.8070771375643647
2025-07-03 17:00:00,0.7304826056313618
2025-07-03 18:00:00,0.4830562327413895
2025-07-03 19:00:00,0.1217047367062964
2025-07-03 20:00:00,0.0045907422598622
2025-07-03 21:00:00,0.0
2025-07-03 22:00:00,0.0
2025-07-03 23:00:00,0.0
2025-07-04 00:00:00,0.0
2025-07-04 01:00:00,0.0
2025-07-04 02:00:00,0.0
2025-07-04 03:00:00,0.0
2025-07-04 04:00:00,0.0
2025-07-04 05:00:00,0.0005006681994816
2025-07-04 06:00:00,0.1451206032666674
2025-07-04 07:00:00,0.5679926671365245
2025-07-04 08:00:00,0.8044467038701653
2025-07-04 09:00:00,0.8929609902446728
2025-07-04 10:00:00,0.9459740499820914
2025-07-04 11:00:00,0.979823071560891
2025-07-04 12:00:00,0.9824650591366167
2025-07-04 13:00:00,0.9833585593079996
2025-07-04 14:00:00,0.962384413043562
2025-07-04 15:00:00,0.9364729080734674
2025-07-04 16:00:00,0.8916130373999145
2025-07-04 17:00:00,0.8141558156462664
2025-07-04 18:00:00,0.554151117067779
2025-07-04 19:00:00,0.1358351338132045
2025-07-04 20:00:00,0.0017715951673964
2025-07-04 21:00:00,0.0
2025-07-04 22:00:00,0.0
2025-07-04 23:00:00,0.0
2025-07-05 00:00:00,0.0
2025-07-05 01:00:00,0.0
2025-07-05 02:00:00,0.0
2025-07-05 03:00:00,0.0
2025-07-05 04:00:00,0.0
2025-07-05 05:00:00,0.0005353298440611
2025-07-05 06:00:00,0.1547026223459771
2025-07-05 07:00:00,0.5963844053409743
2025-07-05 08:00:00,0.8547946682688049
2025-07-05 09:00:00,0.9384717295775516
2025-07-05 10:00:00,0.974889564149076
2025-07-05 11:00:00,0.989135500071249
2025-07-05 12:00:00,0.9930869275533116
2025-07-05 13:00:00,0.9918391083484496
2025-07-05 14:00:00,0.9811633218179648
2025-07-05 15:00:00,0.9588335201210848
2025-07-05 16:00:00,0.9159301067193524
2025-07-05 17:00:00,0.7779613561175877
2025-07-05 18:00:00,0.5293834463688075
2025-07-05 19:00:00,0.1463453147084763
2025-07-05 20:00:00,0.0017138257597639
2025-07-05 21:00:00,0.0
2025-07-05 22:00:00,0.0
2025-07-05 23:00:00,0.0
2025-07-06 00:00:00,0.0
2025-07-06 01:00:00,0.0
2025-07-06 02:00:00,0.0002618879812673
2025-07-06 03:00:00,0.0
2025-07-06 04:00:00,0.0
2025-07-06 05:00:00,0.0005892479578514
2025-07-06 06:00:00,0.1613345503421874
2025-07-06 07:00:00,0.612659973117969
2025-07-06 08:00:00,0.8593391950025612
2025-07-06 09:00:00,0.9253542227511332
2025-07-06 10:00:00,0.9627965014846738
2025-07-06 11:00:00,0.9794649012335694
2025-07-06 12:00:00,0.9851108980061852
2025-07-06 13:00:00,0.9799771233145776
2025-07-06 14:00:00,0.963539801196212
2025-07-06 15:00:00,0.940154744986578
2025-07-06 16:00:00,0.9018921406646564
2025-07-06 17:00:00,0.8191779028164512
2025-07-06 18:00:00,0.5729839439559721
2025-07-06 19:00:00,0.1508936927360747
2025-07-06 20:00:00,0.0020142266794529
2025-07-06 21:00:00,0.0001386465783179
2025-07-06 22:00:00,0.0
2025-07-06 23:00:00,0.0
2025-07-07 00:00:00,0.0
2025-07-07 01:00:00,0.0
2025-07-07 02:00:00,0.0
2025-07-07 03:00:00,0.0
2025-07-07 04:00:00,0.0
2025-07-07 05:00:00,0.0003658729150057
2025-07-07 06:00:00,0.1524342102729412
2025-07-07 07:00:00,0.5704767516647218
2025-07-07 08:00:00,0.8369593264857329
2025-07-07 09:00:00,0.9223001467342954
2025-07-07 10:00:00,0.9639788486942188
2025-07-07 11:00:00,0.980242862589687
2025-07-07 12:00:00,0.9798423280301016
2025-07-07 13:00:00,0.9780707328627052
2025-07-07 14:00:00,0.9599080311030492
2025-07-07 15:00:00,0.9297601029065716
2025-07-07 16:00:00,0.8810604922723789
2025-07-07 17:00:00,0.7989855692019734
2025-07-07 18:00:00,0.5291677739136463
2025-07-07 19:00:00,0.1332393617635844
2025-07-07 20:00:00,0.0011553881526498
2025-07-07 21:00:00,0.0
2025-07-07 22:00:00,0.0
2025-07-07 23:00:00,0.0
2025-07-08 00:00:00,0.0
2025-07-08 01:00:00,0.0
2025-07-08 02:00:00,0.0
2025-07-08 03:00:00,0.0
2025-07-08 04:00:00,0.0
2025-07-08 05:00:00,0.0003466164457949
2025-07-08 06:00:00,0.139713386712266
2025-07-08 07:00:00,0.550076448182767
2025-07-08 08:00:00,0.8006878410802108
2025-07-08 09:00:00,0.8880775496528058
2025-07-08 10:00:00,0.938390852406866
2025-07-08 11:00:00,0.9618221241426058
2025-07-08 12:00:00,0.9718624471891332
2025-07-08 13:00:00,0.9508228289293787
2025-07-08 14:00:00,0.9376783630460652
2025-07-08 15:00:00,0.9014993086927554
2025-07-08 16:00:00,0.857020716109577
2025-07-08 17:00:00,0.7836651222978359
2025-07-08 18:00:00,0.54787735939889
2025-07-08 19:00:00,0.1475700261502852
2025-07-08 20:00:00,0.0026727979264633
2025-07-08 21:00:00,0.0
2025-07-08 22:00:00,0.0
2025-07-08 23:00:00,0.0
2025-07-09 00:00:00,0.0006508686593261
2025-07-09 01:00:00,0.0
2025-07-09 02:00:00,0.0
2025-07-09 03:00:00,0.0
2025-07-09 04:00:00,0.0
2025-07-09 05:00:00,0.0008703924083295
2025-07-09 06:00:00,0.139320554740365
2025-07-09 07:00:00,0.5611412153913108
2025-07-09 08:00:00,0.8190084458873959
2025-07-09 09:00:00,0.9116859809052852
2025-07-09 10:00:00,0.949139813520352
2025-07-09 11:00:00,0.9663550969948356
2025-07-09 12:00:00,0.9679880455839138
2025-07-09 13:00:00,0.9542620343304332
2025-07-09 14:00:00,0.9360146041062496
2025-07-09 15:00:00,0.915525720865925
2025-07-09 16:00:00,0.8638143984471583
2025-07-09 17:00:00,0.7986659118130736
2025-07-09 18:00:00,0.5522562804974331
2025-07-09 19:00:00,0.1459332262673645
2025-07-09 20:00:00,0.0025919207557779
2025-07-09 21:00:00,0.0
2025-07-09 22:00:00,0.0002695905689516
2025-07-09 23:00:00,0.0
2025-07-10 00:00:00,0.0001733082228974
2025-07-10 01:00:00,0.0
2025-07-10 02:00:00,0.0
2025-07-10 03:00:00,0.0
2025-07-10 04:00:00,0.0002233750428456
2025-07-10 05:00:00,0.0001964159859504
2025-07-10 06:00:00,0.1380573303601344
2025-07-10 07:00:00,0.5718747713294281
2025-07-10 08:00:00,0.833997681521107
2025-07-10 09:00:00,0.922893245985989
2025-07-10 10:00:00,0.9627310294893568
2025-07-10 11:00:00,0.9828001217008854
2025-07-10 12:00:00,0.987005734576531
2025-07-10 13:00:00,0.9748356460352856
2025-07-10 14:00:00,0.94904738246814
2025-07-10 15:00:00,0.919816062206098
2025-07-10 16:00:00,0.8765891401216239
2025-07-10 17:00:00,0.8026057854136096
2025-07-10 18:00:00,0.546926089819875
2025-07-10 19:00:00,0.1465725410451641
2025-07-10 20:00:00,0.0024532741774599
2025-07-10 21:00:00,0.0
2025-07-10 22:00:00,0.0
2025-07-10 23:00:00,0.0
2025-07-11 00:00:00,0.0
2025-07-11 01:00:00,0.0
2025-07-11 02:00:00,0.0
2025-07-11 03:00:00,0.0
2025-07-11 04:00:00,0.0
2025-07-11 05:00:00,0.0001309439906336
2025-07-11 06:00:00,0.1337015170246444
2025-07-11 07:00:00,0.5628011230372844
2025-07-11 08:00:00,0.8297959199393037
2025-07-11 09:00:00,0.9042568350837464
2025-07-11 10:00:00,0.9471718023670052
2025-07-11 11:00:00,0.9684386469634472
2025-07-11 12:00:00,0.9728137167681482
2025-07-11 13:00:00,0.9619261090763442
2025-07-11 14:00:00,0.9344240197494348
2025-07-11 15:00:00,0.9284314065310242
2025-07-11 16:00:00,0.883171001297886
2025-07-11 17:00:00,0.8017700546498596
2025-07-11 18:00:00,0.5265874070393949
2025-07-11 19:00:00,0.1332932798773748
2025-07-11 20:00:00,0.0015559227122351
2025-07-11 21:00:00,0.0
2025-07-11 22:00:00,0.0
2025-07-11 23:00:00,0.0
2025-07-12 00:00:00,0.0
2025-07-12 01:00:00,0.0
2025-07-12 02:00:00,0.0
2025-07-12 03:00:00,0.0
2025-07-12 04:00:00,0.0
2025-07-12 05:00:00,0.0001193901091071
2025-07-12 06:00:00,0.1286447682098801
2025-07-12 07:00:00,0.5548404986655266
2025-07-12 08:00:00,0.8263567145382491
2025-07-12 09:00:00,0.9210908404678552
2025-07-12 10:00:00,0.9628080553662004
2025-07-12 11:00:00,0.9784905238915012
2025-07-12 12:00:00,0.9795804400488344
2025-07-12 13:00:00,0.9642445879693282
2025-07-12 14:00:00,0.9542004136289588
2025-07-12 15:00:00,0.926478800553046
2025-07-12 16:00:00,0.8781566167153855
2025-07-12 17:00:00,0.788671804292652
2025-07-12 18:00:00,0.5256669478111171
2025-07-12 19:00:00,0.1332470643512688
2025-07-12 20:00:00,0.0054264730236122
2025-07-12 21:00:00,0.0
2025-07-12 22:00:00,0.0
2025-07-12 23:00:00,0.0
2025-07-13 00:00:00,0.0
2025-07-13 01:00:00,0.0
2025-07-13 02:00:00,0.0
2025-07-13 03:00:00,0.0
2025-07-13 04:00:00,0.0
2025-07-13 05:00:00,0.0
2025-07-13 06:00:00,0.1029527869887888
2025-07-13 07:00:00,0.5049277304710518
2025-07-13 08:00:00,0.7826560833111884
2025-07-13 09:00:00,0.8952910230191833
2025-07-13 10:00:00,0.9436825301460026
2025-07-13 11:00:00,0.9614523999337578
2025-07-13 12:00:00,0.9627733937216209
2025-07-13 13:00:00,0.9555830281182964
2025-07-13 14:00:00,0.9405822386030588
2025-07-13 15:00:00,0.9148632983250724
2025-07-13 16:00:00,0.8523105837406076
2025-07-13 17:00:00,0.7414664956692201
2025-07-13 18:00:00,0.4748183152129958
2025-07-13 19:00:00,0.1121920409161457
2025-07-13 20:00:00,0.0013595067262846
2025-07-13 21:00:00,0.0
2025-07-13 22:00:00,0.0008935001713825
2025-07-13 23:00:00,0.0
2025-07-14 00:00:00,0.0
2025-07-14 01:00:00,0.0
2025-07-14 02:00:00,0.0
2025-07-14 03:00:00,0.0
2025-07-14 04:00:00,0.0
2025-07-14 05:00:00,5.776940763249413e-05
2025-07-14 06:00:00,0.0838272617685911
2025-07-14 07:00:00,0.444990044405418
2025-07-14 08:00:00,0.7299742348441959
2025-07-14 09:00:00,0.8555957373879756
2025-07-14 10:00:00,0.9131263648022552
2025-07-14 11:00:00,0.9365499339503104
2025-07-14 12:00:00,0.9432165235911004
2025-07-14 13:00:00,0.9338001101470038
2025-07-14 14:00:00,0.9207326701405336
2025-07-14 15:00:00,0.8949482578672305
2025-07-14 16:00:00,0.8373521584576339
2025-07-14 17:00:00,0.7250407274323809
2025-07-14 18:00:00,0.4576453959707763
2025-07-14 19:00:00,0.1099544391938471
2025-07-14 20:00:00,0.000697084185432
2025-07-14 21:00:00,0.0
2025-07-14 22:00:00,0.0
2025-07-14 23:00:00,0.0
2025-07-15 00:00:00,0.0
2025-07-15 01:00:00,0.0
2025-07-15 02:00:00,0.0
2025-07-15 03:00:00,0.0
2025-07-15 04:00:00,0.0002541853935829
2025-07-15 05:00:00,0.0
2025-07-15 06:00:00,0.0917955887280331
2025-07-15 07:00:00,0.4769211216508185
2025-07-15 08:00:00,0.7669967225489402
2025-07-15 09:00:00,0.8864176420068322
2025-07-15 10:00:00,0.9397850207777302
2025-07-15 11:00:00,0.9684579034326584
2025-07-15 12:00:00,0.9725941930191448
2025-07-15 13:00:00,0.9696171428791502
2025-07-15 14:00:00,0.9512349173704906
2025-07-15 15:00:00,0.92115246116933
2025-07-15 16:00:00,0.8642534459451653
2025-07-15 17:00:00,0.7446476643828495
2025-07-15 18:00:00,0.4835607522347132
2025-07-15 19:00:00,0.1195672686238941
2025-07-15 20:00:00,0.0013864657831798
2025-07-15 21:00:00,0.0
2025-07-15 22:00:00,0.0
2025-07-15 23:00:00,0.0
2025-07-16 00:00:00,0.0
2025-07-16 01:00:00,0.0
2025-07-16 02:00:00,0.0
2025-07-16 03:00:00,0.0
2025-07-16 04:00:00,0.0
2025-07-16 05:00:00,0.0007625561807489
2025-07-16 06:00:00,0.0858029755096224
2025-07-16 07:00:00,0.467597139258934
2025-07-16 08:00:00,0.7632917778727765
2025-07-16 09:00:00,0.8841800402845337
2025-07-16 10:00:00,0.9237289767497392
2025-07-16 11:00:00,0.9374434341216932
2025-07-16 12:00:00,0.9414333745421776
2025-07-16 13:00:00,0.9469176169734222
2025-07-16 14:00:00,0.9364151386658348
2025-07-16 15:00:00,0.9189726288546636
2025-07-16 16:00:00,0.8693602615798778
2025-07-16 17:00:00,0.7688877078254439
2025-07-16 18:00:00,0.4968785263409243
2025-07-16 19:00:00,0.1237728814995397
2025-07-16 20:00:00,0.001344101550916
2025-07-16 21:00:00,0.0
2025-07-16 22:00:00,0.0
2025-07-16 23:00:00,0.0
2025-07-17 00:00:00,0.0
2025-07-17 01:00:00,0.0
2025-07-17 02:00:00,0.0
2025-07-17 03:00:00,0.0
2025-07-17 04:00:00,0.0
2025-07-17 05:00:00,0.0
2025-07-17 06:00:00,0.0572995497837498
2025-07-17 07:00:00,0.3636314619896554
2025-07-17 08:00:00,0.6323323820637543
2025-07-17 09:00:00,0.779290052493135
2025-07-17 10:00:00,0.880621444774372
2025-07-17 11:00:00,0.9036175203059468
2025-07-17 12:00:00,0.9025969274377728
2025-07-17 13:00:00,0.8772592652501608
2025-07-17 14:00:00,0.856369847450251
2025-07-17 15:00:00,0.7745337045980598
2025-07-17 16:00:00,0.7040473246987325
2025-07-17 17:00:00,0.6122055204445933
2025-07-17 18:00:00,0.4042664633183517
2025-07-17 19:00:00,0.0992593961941514
2025-07-17 20:00:00,0.0008280281760657
2025-07-17 21:00:00,0.0002464828058986
2025-07-17 22:00:00,0.0
2025-07-17 23:00:00,0.0
2025-07-18 00:00:00,0.0001039849337384
2025-07-18 01:00:00,0.0
2025-07-18 02:00:00,0.0
2025-07-18 03:00:00,0.0
2025-07-18 04:00:00,0.0002195237490034
2025-07-18 05:00:00,0.0001540517536866
2025-07-18 06:00:00,0.0957739752669909
2025-07-18 07:00:00,0.4749646643789981
2025-07-18 08:00:00,0.7583428652855927
2025-07-18 09:00:00,0.8589271065614493
2025-07-18 10:00:00,0.9218842069993416
2025-07-18 11:00:00,0.9183410166645484
2025-07-18 12:00:00,0.9035327918414192
2025-07-18 13:00:00,0.917913523048068
2025-07-18 14:00:00,0.9039140699317936
2025-07-18 15:00:00,0.8898221857633072
2025-07-18 16:00:00,0.8497841349801466
2025-07-18 17:00:00,0.7641467651057373
2025-07-18 18:00:00,0.4869460395219774
2025-07-18 19:00:00,0.108329193192453
2025-07-18 20:00:00,0.0006585712470104
2025-07-18 21:00:00,0.0
2025-07-18 22:00:00,0.0
2025-07-18 23:00:00,0.0002079698674769
2025-07-19 00:00:00,0.0
2025-07-19 01:00:00,0.0
2025-07-19 02:00:00,0.0
2025-07-19 03:00:00,0.0
2025-07-19 04:00:00,0.0
2025-07-19 05:00:00,0.0
2025-07-19 06:00:00,0.096840783661271
2025-07-19 07:00:00,0.5144943443749928
2025-07-19 08:00:00,0.8102236446334147
2025-07-19 09:00:00,0.9031707702202556
2025-07-19 10:00:00,0.9542466291550646
2025-07-19 11:00:00,0.9790566640862998
2025-07-19 12:00:00,0.977905127227492
2025-07-19 13:00:00,0.9669558988342134
2025-07-19 14:00:00,0.9423384285950864
2025-07-19 15:00:00,0.9187762128687132
2025-07-19 16:00:00,0.8652470797564442
2025-07-19 17:00:00,0.7652751942014919
2025-07-19 18:00:00,0.4988811991388506
2025-07-19 19:00:00,0.1150073367147693
2025-07-19 20:00:00,0.0005969505455357
2025-07-19 21:00:00,8.857975836982434e-05
2025-07-19 22:00:00,0.0
2025-07-19 23:00:00,0.0
2025-07-20 00:00:00,0.0002079698674769
2025-07-20 01:00:00,0.0002041185736348
2025-07-20 02:00:00,0.0001386465783179
2025-07-20 03:00:00,3.08103507373302e-05
2025-07-20 04:00:00,0.0
2025-07-20 05:00:00,0.0
2025-07-20 06:00:00,0.1016202393193993
2025-07-20 07:00:00,0.517371260875091
2025-07-20 08:00:00,0.8079937454988004
2025-07-20 09:00:00,0.901148840953118
2025-07-20 10:00:00,0.935494679437557
2025-07-20 11:00:00,0.9477571990310144
2025-07-20 12:00:00,0.960997947260382
2025-07-20 13:00:00,0.9567384162709462
2025-07-20 14:00:00,0.9311927842158574
2025-07-20 15:00:00,0.8966543810393101
2025-07-20 16:00:00,0.8648696529599118
2025-07-20 17:00:00,0.7377654022868984
2025-07-20 18:00:00,0.494999094945947
2025-07-20 19:00:00,0.1139443796143314
2025-07-20 20:00:00,0.0005160733748502
2025-07-20 21:00:00,0.0
2025-07-20 22:00:00,0.0
2025-07-20 23:00:00,0.0
2025-07-21 00:00:00,0.0
2025-07-21 01:00:00,0.0
2025-07-21 02:00:00,0.0
2025-07-21 03:00:00,0.0
2025-07-21 04:00:00,3.466164457949648e-05
2025-07-21 05:00:00,0.0
2025-07-21 06:00:00,0.1017896962484546
2025-07-21 07:00:00,0.5311588928300462
2025-07-21 08:00:00,0.8236068907349424
2025-07-21 09:00:00,0.910780926852376
2025-07-21 10:00:00,0.960092893207473
2025-07-21 11:00:00,0.9781631639149172
2025-07-21 12:00:00,0.975582797040666
2025-07-21 13:00:00,0.9666400927391556
2025-07-21 14:00:00,0.9485852272070804
2025-07-21 15:00:00,0.9398851544176268
2025-07-21 16:00:00,0.8935964537286302
2025-07-21 17:00:00,0.792931335282088
2025-07-21 18:00:00,0.529021424747644
2025-07-21 19:00:00,0.1181538437838191
2025-07-21 20:00:00,0.0004583039672177
2025-07-21 21:00:00,0.0003543190334792
2025-07-21 22:00:00,0.0
2025-07-21 23:00:00,0.0
2025-07-22 00:00:00,0.0
2025-07-22 01:00:00,0.0
2025-07-22 02:00:00,0.0001270926967914
2025-07-22 03:00:00,0.0
2025-07-22 04:00:00,0.0
2025-07-22 05:00:00,0.0
2025-07-22 06:00:00,0.1030875822732647
2025-07-22 07:00:00,0.5368549564226102
2025-07-22 08:00:00,0.8284364132130189
2025-07-22 09:00:00,0.9233168883086272
2025-07-22 10:00:00,0.9455889205978748
2025-07-22 11:00:00,0.9656079459894552
2025-07-22 12:00:00,0.9854344066889272
2025-07-22 13:00:00,0.9729446607587818
2025-07-22 14:00:00,0.9648492411025484
2025-07-22 15:00:00,0.9186837818165012
2025-07-22 16:00:00,0.8953911566590796
2025-07-22 17:00:00,0.8300539566267288
2025-07-22 18:00:00,0.5502227973487693
2025-07-22 19:00:00,0.1275124878202832
2025-07-22 20:00:00,0.0031850200074715
2025-07-22 21:00:00,0.0
2025-07-22 22:00:00,0.0
2025-07-22 23:00:00,0.0
2025-07-23 00:00:00,0.0
2025-07-23 01:00:00,0.0
2025-07-23 02:00:00,0.0
2025-07-23 03:00:00,0.0
2025-07-23 04:00:00,0.0
2025-07-23 05:00:00,0.0
2025-07-23 06:00:00,0.1106130104408576
2025-07-23 07:00:00,0.5606135881349339
2025-07-23 08:00:00,0.8640916916037943
2025-07-23 09:00:00,0.9430817283066246
2025-07-23 10:00:00,0.9793185520675672
2025-07-23 11:00:00,0.9914693841396016
2025-07-23 12:00:00,0.9927595675767272
2025-07-23 13:00:00,0.9741347105560112
2025-07-23 14:00:00,0.9406862235367972
2025-07-23 15:00:00,0.93139305149565
2025-07-23 16:00:00,0.9060939022464596
2025-07-23 17:00:00,0.8456825070382396
2025-07-23 18:00:00,0.5635136123980851
2025-07-23 19:00:00,0.1228716787404728
2025-07-23 20:00:00,0.0013556554324425
2025-07-23 21:00:00,0.0001463491660023
2025-07-23 22:00:00,0.0004313449103226
2025-07-23 23:00:00,0.0004621552610599
2025-07-24 00:00:00,0.0005083707871659
2025-07-24 01:00:00,0.0008395820575922
2025-07-24 02:00:00,0.0004660065549021
2025-07-24 03:00:00,0.0006277608962731
2025-07-24 04:00:00,0.0005468837255876
2025-07-24 05:00:00,0.0007124893608007
2025-07-24 06:00:00,0.1094037041744174
2025-07-24 07:00:00,0.5570781003878252
2025-07-24 08:00:00,0.8539319784481597
2025-07-24 09:00:00,0.9345241533893311
2025-07-24 10:00:00,0.9804431298694796
2025-07-24 11:00:00,0.9944348803980696
2025-07-24 12:00:00,0.9982091483633928
2025-07-24 13:00:00,0.9814829792068644
2025-07-24 14:00:00,0.9564688257019944
2025-07-24 15:00:00,0.9310079221114334
2025-07-24 16:00:00,0.8483437510831764
2025-07-24 17:00:00,0.777387513335105
2025-07-24 18:00:00,0.5561884515102848
2025-07-24 19:00:00,0.1194902427470508
2025-07-24 20:00:00,0.0004814117302707
2025-07-24 21:00:00,0.0
2025-07-24 22:00:00,0.0
2025-07-24 23:00:00,0.0
2025-07-25 00:00:00,0.0
2025-07-25 01:00:00,0.0002387802182143
2025-07-25 02:00:00,0.0
2025-07-25 03:00:00,0.0
2025-07-25 04:00:00,0.0002079698674769
2025-07-25 05:00:00,0.0
2025-07-25 06:00:00,0.0937212356491163
2025-07-25 07:00:00,0.5170785625430864
2025-07-25 08:00:00,0.8215271920601727
2025-07-25 09:00:00,0.9160803071791968
2025-07-25 10:00:00,0.94936703985704
2025-07-25 11:00:00,0.9508382341047474
2025-07-25 12:00:00,0.975682930680562
2025-07-25 13:00:00,0.9623690078681932
2025-07-25 14:00:00,0.9271874386200044
2025-07-25 15:00:00,0.917844199758909
2025-07-25 16:00:00,0.8815765656472291
2025-07-25 17:00:00,0.8252090289732836
2025-07-25 18:00:00,0.5389539115665908
2025-07-25 19:00:00,0.108352300955506
2025-07-25 20:00:00,0.0004043858534274
2025-07-25 21:00:00,0.0
2025-07-25 22:00:00,0.0
2025-07-25 23:00:00,0.0
2025-07-26 00:00:00,0.0
2025-07-26 01:00:00,0.0002541853935829
2025-07-26 02:00:00,6.16207014746604e-05
2025-07-26 03:00:00,0.0
2025-07-26 04:00:00,0.0
2025-07-26 05:00:00,0.0
2025-07-26 06:00:00,0.0961051865374172
2025-07-26 07:00:00,0.4982418843610511
2025-07-26 08:00:00,0.7721690101789697
2025-07-26 09:00:00,0.8469572852999966
2025-07-26 10:00:00,0.9118978020666044
2025-07-26 11:00:00,0.9234362784177343
2025-07-26 12:00:00,0.931296769149596
2025-07-26 13:00:00,0.9379402510273328
2025-07-26 14:00:00,0.9391919215260368
2025-07-26 15:00:00,0.9223425109665592
2025-07-26 16:00:00,0.8703192337465772
2025-07-26 17:00:00,0.7616896396344351
2025-07-26 18:00:00,0.4656868975132195
2025-07-26 19:00:00,0.0985815684779301
2025-07-26 20:00:00,0.0003042522135311
2025-07-26 21:00:00,0.0
2025-07-26 22:00:00,0.0
2025-07-26 23:00:00,0.0
2025-07-27 00:00:00,0.0
2025-07-27 01:00:00,0.0
2025-07-27 02:00:00,0.0
2025-07-27 03:00:00,0.0
2025-07-27 04:00:00,0.0
2025-07-27 05:00:00,0.0
2025-07-27 06:00:00,0.0944260224222327
2025-07-27 07:00:00,0.5213958629401547
2025-07-27 08:00:00,0.7908785956642134
2025-07-27 09:00:00,0.8598514170835693
2025-07-27 10:00:00,0.9383138265300228
2025-07-27 11:00:00,0.974569906760176
2025-07-27 12:00:00,0.9823687767905628
2025-07-27 13:00:00,0.9779436401659136
2025-07-27 14:00:00,0.9607283566914304
2025-07-27 15:00:00,0.9262939384486218
2025-07-27 16:00:00,0.8916669555137049
2025-07-27 17:00:00,0.813893927664999
2025-07-27 18:00:00,0.5420734595787455
2025-07-27 19:00:00,0.109234247245362
2025-07-27 20:00:00,0.0003466164457949
2025-07-27 21:00:00,0.0
2025-07-27 22:00:00,0.0
2025-07-27 23:00:00,0.0
2025-07-28 00:00:00,0.0
2025-07-28 01:00:00,0.0
2025-07-28 02:00:00,0.0
2025-07-28 03:00:00,0.0
2025-07-28 04:00:00,0.0
2025-07-28 05:00:00,0.0
2025-07-28 06:00:00,0.0966828806137421
2025-07-28 07:00:00,0.5334966281922412
2025-07-28 08:00:00,0.8197825559496713
2025-07-28 09:00:00,0.912841369057935
2025-07-28 10:00:00,0.965299842482082
2025-07-28 11:00:00,0.9816370309605512
2025-07-28 12:00:00,0.97429261360354
2025-07-28 13:00:00,0.9820953349277688
2025-07-28 14:00:00,0.9695786299407286
2025-07-28 15:00:00,0.9219535302885004
2025-07-28 16:00:00,0.8811837336753282
2025-07-28 17:00:00,0.8274851436340039
2025-07-28 18:00:00,0.5392658663678063
2025-07-28 19:00:00,0.1224672928870454
2025-07-28 20:00:00,0.0015251123614978
2025-07-28 21:00:00,0.0
2025-07-28 22:00:00,0.0
2025-07-28 23:00:00,0.0
2025-07-29 00:00:00,0.0
2025-07-29 01:00:00,0.0
2025-07-29 02:00:00,0.0
2025-07-29 03:00:00,0.0
2025-07-29 04:00:00,0.0
2025-07-29 05:00:00,0.0
2025-07-29 06:00:00,0.0910022221965469
2025-07-29 07:00:00,0.530550388402984
2025-07-29 08:00:00,0.8395011804215626
2025-07-29 09:00:00,0.9377746453921194
2025-07-29 10:00:00,0.9731988461523648
2025-07-29 11:00:00,0.9876065364159088
2025-07-29 12:00:00,0.996244988503888
2025-07-29 13:00:00,0.9867245901260528
2025-07-29 14:00:00,0.96757210584896
2025-07-29 15:00:00,0.9417568832249196
2025-07-29 16:00:00,0.9088475773436088
2025-07-29 17:00:00,0.8206105841257371
2025-07-29 18:00:00,0.5233330637427643
2025-07-29 19:00:00,0.1006150516265939
2025-07-29 20:00:00,0.0001078362275806
2025-07-29 21:00:00,0.0
2025-07-29 22:00:00,0.0
2025-07-29 23:00:00,0.0
2025-07-30 00:00:00,0.0
2025-07-30 01:00:00,0.0
2025-07-30 02:00:00,0.0
2025-07-30 03:00:00,0.0001463491660023
2025-07-30 04:00:00,0.0
2025-07-30 05:00:00,0.0
2025-07-30 06:00:00,0.0867503937947953
2025-07-30 07:00:00,0.5212957293002584
2025-07-30 08:00:00,0.8393394260801917
2025-07-30 09:00:00,0.9398620466545736
2025-07-30 10:00:00,0.9777587780614898
2025-07-30 11:00:00,0.9974157818319064
2025-07-30 12:00:00,1.0
2025-07-30 13:00:00,0.99480845590076
2025-07-30 14:00:00,0.9736494475318984
2025-07-30 15:00:00,0.9577744143144888
2025-07-30 16:00:00,0.9103341767666848
2025-07-30 17:00:00,0.8314596788791195
2025-07-30 18:00:00,0.5205716860579311
2025-07-30 19:00:00,0.1007382930295432
2025-07-30 20:00:00,0.0009358644036464
2025-07-30 21:00:00,0.0002464828058986
2025-07-30 22:00:00,0.0
2025-07-30 23:00:00,0.0
2025-07-31 00:00:00,0.0
2025-07-31 01:00:00,5.391811379032786e-05
2025-07-31 02:00:00,0.0003851293842166
2025-07-31 03:00:00,0.0
2025-07-31 04:00:00,0.0
2025-07-31 05:00:00,0.0
2025-07-31 06:00:00,0.0821827592979861
2025-07-31 07:00:00,0.5099960331673425
2025-07-31 08:00:00,0.8399017149811479
2025-07-31 09:00:00,0.9374973522354836
2025-07-31 10:00:00,0.9685079702526064
2025-07-31 11:00:00,0.9842443568916978
2025-07-31 12:00:00,0.9864203379125218
2025-07-31 13:00:00,0.9816254770790248
2025-07-31 14:00:00,0.9728329732373592
2025-07-31 15:00:00,0.9507958698724835
2025-07-31 16:00:00,0.9052581714827096
2025-07-31 17:00:00,0.8240960050528975
2025-07-31 18:00:00,0.5121450551312713
2025-07-31 19:00:00,0.0983504908474001
2025-07-31 20:00:00,0.0066203741146838
2025-07-31 21:00:00,0.0052030979807666
2025-07-31 22:00:00,0.0
2025-07-31 23:00:00,0.0
2025-08-01 00:00:00,0.0
2025-08-01 01:00:00,0.0001694569290553
2025-08-01 02:00:00,0.0
2025-08-01 03:00:00,0.0
2025-08-01 04:00:00,0.0
2025-08-01 05:00:00,0.0
2025-08-01 06:00:00,0.0788899030629339
2025-08-01 07:00:00,0.5112823653106261
2025-08-01 08:00:00,0.8489021886902904
2025-08-01 09:00:00,0.932274997785506
2025-08-01 10:00:00,0.974107751499116
2025-08-01 11:00:00,0.9926555826429888
2025-08-01 12:00:00,0.9963220143807312
2025-08-01 13:00:00,0.9915425587226028
2025-08-01 14:00:00,0.975401786230084
2025-08-01 15:00:00,0.9647799178133896
2025-08-01 16:00:00,0.9170739409904758
2025-08-01 17:00:00,0.8260178006801385
2025-08-01 18:00:00,0.5030213400191794
2025-08-01 19:00:00,0.0887530665927218
2025-08-01 20:00:00,0.0
2025-08-01 21:00:00,0.0
2025-08-01 22:00:00,0.0
2025-08-01 23:00:00,0.0
2025-08-02 00:00:00,0.0
2025-08-02 01:00:00,0.0
2025-08-02 02:00:00,0.0
2025-08-02 03:00:00,0.0
2025-08-02 04:00:00,0.0
2025-08-02 05:00:00,0.0
2025-08-02 06:00:00,0.0692385606944653
2025-08-02 07:00:00,0.4621706662353217
2025-08-02 08:00:00,0.797795519404744
2025-08-02 09:00:00,0.8904152850150008
2025-08-02 10:00:00,0.9488201561314524
2025-08-02 11:00:00,0.9736610014134248
2025-08-02 12:00:00,0.9837822016306378
2025-08-02 13:00:00,0.9839092943274292
2025-08-02 14:00:00,0.973872822574744
2025-08-02 15:00:00,0.952448074930773
2025-08-02 16:00:00,0.9201049092442606
2025-08-02 17:00:00,0.8282014842886468
2025-08-02 18:00:00,0.4999287510639199
2025-08-02 19:00:00,0.0842586066789137
2025-08-02 20:00:00,0.0001193901091071
2025-08-02 21:00:00,0.0001617543413709
2025-08-02 22:00:00,0.0
2025-08-02 23:00:00,0.0
2025-08-03 00:00:00,0.0
2025-08-03 01:00:00,0.0
2025-08-03 02:00:00,0.0
2025-08-03 03:00:00,0.0
2025-08-03 04:00:00,0.0
2025-08-03 05:00:00,0.0
2025-08-03 06:00:00,0.0672551443657496
2025-08-03 07:00:00,0.474752843217679
2025-08-03 08:00:00,0.8113135607907477
2025-08-03 09:00:00,0.9046381131741208
2025-08-03 10:00:00,0.941656749585023
2025-08-03 11:00:00,0.9563532868867296
2025-08-03 12:00:00,0.9543159524442236
2025-08-03 13:00:00,0.9397349539577822
2025-08-03 14:00:00,0.9129068410532518
2025-08-03 15:00:00,0.9330221487908864
2025-08-03 16:00:00,0.9007868193319546
2025-08-03 17:00:00,0.7831220898660906
2025-08-03 18:00:00,0.4535206602658163
2025-08-03 19:00:00,0.0725352682233596
2025-08-03 20:00:00,1.925646921083138e-05
2025-08-03 21:00:00,0.0005391811379032
2025-08-03 22:00:00,5.006681994816159e-05
2025-08-03 23:00:00,0.0
2025-08-04 00:00:00,0.0
2025-08-04 01:00:00,0.0
2025-08-04 02:00:00,0.0
2025-08-04 03:00:00,0.0
2025-08-04 04:00:00,0.0
2025-08-04 05:00:00,0.0
2025-08-04 06:00:00,0.0698855780599492
2025-08-04 07:00:00,0.4401374141642885
2025-08-04 08:00:00,0.783549583482571
2025-08-04 09:00:00,0.8915860783430194
2025-08-04 10:00:00,0.9370814125005296
2025-08-04 11:00:00,0.962014688834714
2025-08-04 12:00:00,0.960624371757692
2025-08-04 13:00:00,0.9497444666535724
2025-08-04 14:00:00,0.8758188813531906
2025-08-04 15:00:00,0.8319526444909167
2025-08-04 16:00:00,0.7598602750594062
2025-08-04 17:00:00,0.6717426719506419
2025-08-04 18:00:00,0.3752084512792072
2025-08-04 19:00:00,0.0654219284968785
2025-08-04 20:00:00,0.0
2025-08-04 21:00:00,0.0
2025-08-04 22:00:00,0.0
2025-08-04 23:00:00,0.0
2025-08-05 00:00:00,0.0
2025-08-05 01:00:00,0.0
2025-08-05 02:00:00,0.0001155388152649
2025-08-05 03:00:00,0.0
2025-08-05 04:00:00,0.0
2025-08-05 05:00:00,2.3107763052997653e-05
2025-08-05 06:00:00,0.0566140194798442
2025-08-05 07:00:00,0.4055874571062148
2025-08-05 08:00:00,0.7425217501819736
2025-08-05 09:00:00,0.8756032088980292
2025-08-05 10:00:00,0.9290707213088236
2025-08-05 11:00:00,0.955810254454984
2025-08-05 12:00:00,0.966643944032998
2025-08-05 13:00:00,0.9586216989597656
2025-08-05 14:00:00,0.953075835827046
2025-08-05 15:00:00,0.942373090239666
2025-08-05 16:00:00,0.8937582080700012
2025-08-05 17:00:00,0.7814236692816952
2025-08-05 18:00:00,0.4582847107485759
2025-08-05 19:00:00,0.0705903648330656
2025-08-05 20:00:00,0.0
2025-08-05 21:00:00,0.0
2025-08-05 22:00:00,0.0
2025-08-05 23:00:00,0.0
2025-08-06 00:00:00,0.0
2025-08-06 01:00:00,0.0
2025-08-06 02:00:00,0.0
2025-08-06 03:00:00,0.0
2025-08-06 04:00:00,0.0
2025-08-06 05:00:00,0.0
2025-08-06 06:00:00,0.0598337011318952
2025-08-06 07:00:00,0.4397676899554406
2025-08-06 08:00:00,0.7498854240081956
2025-08-06 09:00:00,0.8683512225932303
2025-08-06 10:00:00,0.8955721674696615
2025-08-06 11:00:00,0.9476493628034338
2025-08-06 12:00:00,0.938710509795766
2025-08-06 13:00:00,0.9425656549317744
2025-08-06 14:00:00,0.9273838546059548
2025-08-06 15:00:00,0.9138619619261092
2025-08-06 16:00:00,0.8396013140614589
2025-08-06 17:00:00,0.7090270476366536
2025-08-06 18:00:00,0.4047632802239912
2025-08-06 19:00:00,0.0535368356999534
2025-08-06 20:00:00,0.0
2025-08-06 21:00:00,0.0
2025-08-06 22:00:00,0.0
2025-08-06 23:00:00,0.0
2025-08-07 00:00:00,0.0
2025-08-07 01:00:00,0.0
2025-08-07 02:00:00,0.0
2025-08-07 03:00:00,0.0
2025-08-07 04:00:00,0.0
2025-08-07 05:00:00,0.0
2025-08-07 06:00:00,0.0536138615767967
2025-08-07 07:00:00,0.401701501619469
2025-08-07 08:00:00,0.7800834190246213
2025-08-07 09:00:00,0.8948519755211762
2025-08-07 10:00:00,0.9395115789149364
2025-08-07 11:00:00,0.9618375293179744
2025-08-07 12:00:00,0.965885239146091
2025-08-07 13:00:00,0.940266432508001
2025-08-07 14:00:00,0.9234632374746296
2025-08-07 15:00:00,0.9072955059252156
2025-08-07 16:00:00,0.8301309825035721
2025-08-07 17:00:00,0.6835314824015128
2025-08-07 18:00:00,0.3749003477718339
2025-08-07 19:00:00,0.056610168186002
2025-08-07 20:00:00,0.0
2025-08-07 21:00:00,0.0
2025-08-07 22:00:00,0.0
2025-08-07 23:00:00,0.0
2025-08-08 00:00:00,0.0
2025-08-08 01:00:00,0.0
2025-08-08 02:00:00,0.0
2025-08-08 03:00:00,0.0
2025-08-08 04:00:00,0.0
2025-08-08 05:00:00,0.0
2025-08-08 06:00:00,0.047367062964803
2025-08-08 07:00:00,0.401655286093363
2025-08-08 08:00:00,0.7687875741855476
2025-08-08 09:00:00,0.9009177633225882
2025-08-08 10:00:00,0.9449958213461812
2025-08-08 11:00:00,0.9620532017731356
2025-08-08 12:00:00,0.962938999356834
2025-08-08 13:00:00,0.9510654604414354
2025-08-08 14:00:00,0.9222539312081894
2025-08-08 15:00:00,0.907099089939265
2025-08-08 16:00:00,0.8568320027113109
2025-08-08 17:00:00,0.7321386619834934
2025-08-08 18:00:00,0.3899280963439667
2025-08-08 19:00:00,0.0575806942342279
2025-08-08 20:00:00,0.0
2025-08-08 21:00:00,0.0
2025-08-08 22:00:00,4.236423226382903e-05
2025-08-08 23:00:00,0.0
2025-08-09 00:00:00,0.0002272263366878
2025-08-09 01:00:00,0.0
2025-08-09 02:00:00,0.0
2025-08-09 03:00:00,0.0
2025-08-09 04:00:00,0.0
2025-08-09 05:00:00,0.0002156724551613
2025-08-09 06:00:00,0.0406812168548023
2025-08-09 07:00:00,0.3877559666169849
2025-08-09 08:00:00,0.7366292706034593
2025-08-09 09:00:00,0.8724066350090314
2025-08-09 10:00:00,0.9228200714029878
2025-08-09 11:00:00,0.944156239288589
2025-08-09 12:00:00,0.955132426738763
2025-08-09 13:00:00,0.9338771360238473
2025-08-09 14:00:00,0.9176593376544848
2025-08-09 15:00:00,0.877960200729435
2025-08-09 16:00:00,0.822601703042137
2025-08-09 17:00:00,0.695601437302862
2025-08-09 18:00:00,0.3588404524500005
2025-08-09 19:00:00,0.045884314835569
2025-08-09 20:00:00,0.0
2025-08-09 21:00:00,0.0
2025-08-09 22:00:00,0.0
2025-08-09 23:00:00,0.0
2025-08-10 00:00:00,0.0
2025-08-10 01:00:00,0.0003543190334792
2025-08-10 02:00:00,0.0
2025-08-10 03:00:00,0.0
2025-08-10 04:00:00,0.0
2025-08-10 05:00:00,0.0
2025-08-10 06:00:00,0.037638694719491
2025-08-10 07:00:00,0.3620793905712624
2025-08-10 08:00:00,0.6981240347694808
2025-08-10 09:00:00,0.8540821789080042
2025-08-10 10:00:00,0.911959422768079
2025-08-10 11:00:00,0.932482967652983
2025-08-10 12:00:00,0.944849472180179
2025-08-10 13:00:00,0.9342199011758
2025-08-10 14:00:00,0.9152561302969732
2025-08-10 15:00:00,0.8831209344779378
2025-08-10 16:00:00,0.7877359398890057
2025-08-10 17:00:00,0.6296172199050271
2025-08-10 18:00:00,0.3486961444697346
2025-08-10 19:00:00,0.0372728218044852
2025-08-10 20:00:00,0.0
2025-08-10 21:00:00,3.08103507373302e-05
2025-08-10 22:00:00,0.0
2025-08-10 23:00:00,0.0
2025-08-11 00:00:00,0.0
2025-08-11 01:00:00,0.0
2025-08-11 02:00:00,0.0
2025-08-11 03:00:00,0.0
2025-08-11 04:00:00,0.0
2025-08-11 05:00:00,0.0
2025-08-11 06:00:00,0.0390675247349347
2025-08-11 07:00:00,0.3795796697900659
2025-08-11 08:00:00,0.7362788028638221
2025-08-11 09:00:00,0.8625858357115074
2025-08-11 10:00:00,0.9201511247703666
2025-08-11 11:00:00,0.9379479536150168
2025-08-11 12:00:00,0.9419032323909218
2025-08-11 13:00:00,0.935074888408761
2025-08-11 14:00:00,0.9190188443807698
2025-08-11 15:00:00,0.8885897717338139
2025-08-11 16:00:00,0.8354265115365507
2025-08-11 17:00:00,0.7191020323277605
2025-08-11 18:00:00,0.3762213415596969
2025-08-11 19:00:00,0.0516111887788702
2025-08-11 20:00:00,0.0028461061493608
2025-08-11 21:00:00,0.0030271169599426
2025-08-11 22:00:00,0.0032967075288943
2025-08-11 23:00:00,0.0031927225951558
2025-08-12 00:00:00,0.0034584618702653
2025-08-12 01:00:00,0.0032735997658413
2025-08-12 02:00:00,0.0032774510596835
2025-08-12 03:00:00,0.0032620458843148
2025-08-12 04:00:00,0.0033544769365268
2025-08-12 05:00:00,0.0032273842397353
2025-08-12 06:00:00,0.0429111159894166
2025-08-12 07:00:00,0.3821946983088969
2025-08-12 08:00:00,0.7456066365495488
2025-08-12 09:00:00,0.8753721312674992
2025-08-12 10:00:00,0.926297789742464
2025-08-12 11:00:00,0.9494209579708304
2025-08-12 12:00:00,0.9536727863725818
2025-08-12 13:00:00,0.941375605134545
2025-08-12 14:00:00,0.9168698224168408
2025-08-12 15:00:00,0.8948096112889126
2025-08-12 16:00:00,0.8404139370621561
2025-08-12 17:00:00,0.7111491105436871
2025-08-12 18:00:00,0.3723430886606355
2025-08-12 19:00:00,0.0488652162694057
2025-08-12 20:00:00,0.0010321467497005
2025-08-12 21:00:00,0.0
2025-08-12 22:00:00,1.1553881526498828e-05
2025-08-12 23:00:00,0.0
2025-08-13 00:00:00,0.0
2025-08-13 01:00:00,0.0
2025-08-13 02:00:00,0.0
2025-08-13 03:00:00,0.0
2025-08-13 04:00:00,0.0
2025-08-13 05:00:00,0.0
2025-08-13 06:00:00,0.0378389619992836
2025-08-13 07:00:00,0.3862847723692775
2025-08-13 08:00:00,0.7477017403996873
2025-08-13 09:00:00,0.8745402517975913
2025-08-13 10:00:00,0.935398397091503
2025-08-13 11:00:00,0.9535187346188952
2025-08-13 12:00:00,0.9619761758962924
2025-08-13 13:00:00,0.9537998790693732
2025-08-13 14:00:00,0.9290514648396128
2025-08-13 15:00:00,0.9077807689493284
2025-08-13 16:00:00,0.8539704913865813
2025-08-13 17:00:00,0.7392288939469215
2025-08-13 18:00:00,0.3909024736860348
2025-08-13 19:00:00,0.0483491428945554
2025-08-13 20:00:00,0.0005468837255876
2025-08-13 21:00:00,0.0
2025-08-13 22:00:00,0.0
2025-08-13 23:00:00,0.0004274936164804
2025-08-14 00:00:00,0.0
2025-08-14 01:00:00,0.0
2025-08-14 02:00:00,0.0
2025-08-14 03:00:00,7.70258768433255e-06
2025-08-14 04:00:00,0.0
2025-08-14 05:00:00,0.0001463491660023
2025-08-14 06:00:00,0.0386053694738747
2025-08-14 07:00:00,0.4083372809095215
2025-08-14 08:00:00,0.7848513208012232
2025-08-14 09:00:00,0.8951831867916027
2025-08-14 10:00:00,0.938668145563502
2025-08-14 11:00:00,0.9607553157483256
2025-08-14 12:00:00,0.9707648284441158
2025-08-14 13:00:00,0.9634743292008952
2025-08-14 14:00:00,0.954651015008492
2025-08-14 15:00:00,0.9326485732881964
2025-08-14 16:00:00,0.8837409927865267
2025-08-14 17:00:00,0.768286905986066
2025-08-14 18:00:00,0.3927433921425903
2025-08-14 19:00:00,0.0410547923574925
2025-08-14 20:00:00,0.0
2025-08-14 21:00:00,0.0
2025-08-14 22:00:00,0.0003081035073733
2025-08-14 23:00:00,0.0
2025-08-15 00:00:00,0.0
2025-08-15 01:00:00,0.0
2025-08-15 02:00:00,0.0
2025-08-15 03:00:00,0.0
2025-08-15 04:00:00,0.0
2025-08-15 05:00:00,0.0
2025-08-15 06:00:00,0.0369377592402167
2025-08-15 07:00:00,0.4090497702703223
2025-08-15 08:00:00,0.7806611131009462
2025-08-15 09:00:00,0.9021232182951864
2025-08-15 10:00:00,0.9542273726858538
2025-08-15 11:00:00,0.97391903810085
2025-08-15 12:00:00,0.9746199735801242
2025-08-15 13:00:00,0.9668211035497376
2025-08-15 14:00:00,0.9430932821881512
2025-08-15 15:00:00,0.9191613422529298
2025-08-15 16:00:00,0.868393586825494
2025-08-15 17:00:00,0.7462613565027171
2025-08-15 18:00:00,0.3842628431021402
2025-08-15 19:00:00,0.0478215156381786
2025-08-15 20:00:00,0.0026727979264633
2025-08-15 21:00:00,0.0
2025-08-15 22:00:00,0.0
2025-08-15 23:00:00,0.0
2025-08-16 00:00:00,0.0
2025-08-16 01:00:00,0.0
2025-08-16 02:00:00,0.0
2025-08-16 03:00:00,0.0
2025-08-16 04:00:00,0.0
2025-08-16 05:00:00,0.0002349289243721
2025-08-16 06:00:00,0.0383396301987652
2025-08-16 07:00:00,0.4014396136382017
2025-08-16 08:00:00,0.7690456108729729
2025-08-16 09:00:00,0.9081273853951234
2025-08-16 10:00:00,0.9566305800433657
2025-08-16 11:00:00,0.9603085656626345
2025-08-16 12:00:00,0.956199235133043
2025-08-16 13:00:00,0.944968862289286
2025-08-16 14:00:00,0.9369389146283694
2025-08-16 15:00:00,0.9041451475623236
2025-08-16 16:00:00,0.8710240205196936
2025-08-16 17:00:00,0.7630568489484042
2025-08-16 18:00:00,0.386388757303016
2025-08-16 19:00:00,0.0384051021940821
2025-08-16 20:00:00,0.0
2025-08-16 21:00:00,0.0010051876928053
2025-08-16 22:00:00,0.0
2025-08-16 23:00:00,0.0
2025-08-17 00:00:00,0.0
2025-08-17 01:00:00,0.0
2025-08-17 02:00:00,0.0
2025-08-17 03:00:00,0.0
2025-08-17 04:00:00,0.0
2025-08-17 05:00:00,0.0
2025-08-17 06:00:00,0.0412011415234948
2025-08-17 07:00:00,0.4115261522108352
2025-08-17 08:00:00,0.7555583798377065
2025-08-17 09:00:00,0.8235953368534159
2025-08-17 10:00:00,0.8748560578926491
2025-08-17 11:00:00,0.9046535183494896
2025-08-17 12:00:00,0.913211093266783
2025-08-17 13:00:00,0.9245762613950156
2025-08-17 14:00:00,0.9013375543513844
2025-08-17 15:00:00,0.9088552799312928
2025-08-17 16:00:00,0.8686978390390252
2025-08-17 17:00:00,0.7672085437102595
2025-08-17 18:00:00,0.3831806295324914
2025-08-17 19:00:00,0.0377696387101246
2025-08-17 20:00:00,0.0001078362275806
2025-08-17 21:00:00,0.0
2025-08-17 22:00:00,0.0
2025-08-17 23:00:00,0.0
2025-08-18 00:00:00,0.0
2025-08-18 01:00:00,0.0
2025-08-18 02:00:00,0.0
2025-08-18 03:00:00,0.0
2025-08-18 04:00:00,0.0
2025-08-18 05:00:00,3.466164457949648e-05
2025-08-18 06:00:00,0.0397299472757873
2025-08-18 07:00:00,0.4094541561237497
2025-08-18 08:00:00,0.7804223328827319
2025-08-18 09:00:00,0.8923101215853465
2025-08-18 10:00:00,0.9412754714946484
2025-08-18 11:00:00,0.9582789338078128
2025-08-18 12:00:00,0.9553558017816084
2025-08-18 13:00:00,0.9507920185786416
2025-08-18 14:00:00,0.9275417576534838
2025-08-18 15:00:00,0.9076228659017996
2025-08-18 16:00:00,0.8592121023057697
2025-08-18 17:00:00,0.7443203044062653
2025-08-18 18:00:00,0.3683492969463091
2025-08-18 19:00:00,0.0339029396925897
2025-08-18 20:00:00,0.0
2025-08-18 21:00:00,0.0
2025-08-18 22:00:00,0.0
2025-08-18 23:00:00,0.0
2025-08-19 00:00:00,0.0012709269679148
2025-08-19 01:00:00,0.0006662738346947
2025-08-19 02:00:00,0.0
2025-08-19 03:00:00,0.0
2025-08-19 04:00:00,0.0
2025-08-19 05:00:00,0.0002387802182143
2025-08-19 06:00:00,0.0265161581033148
2025-08-19 07:00:00,0.346458542747436
2025-08-19 08:00:00,0.716009443372501
2025-08-19 09:00:00,0.8653510646901826
2025-08-19 10:00:00,0.8997354161130432
2025-08-19 11:00:00,0.9471640997793208
2025-08-19 12:00:00,0.955043846980393
2025-08-19 13:00:00,0.9362456817367796
2025-08-19 14:00:00,0.9049808783260735
2025-08-19 15:00:00,0.8804558391391587
2025-08-19 16:00:00,0.8221048861364976
2025-08-19 17:00:00,0.7002615028518832
2025-08-19 18:00:00,0.3512611061686173
2025-08-19 19:00:00,0.0315536504488683
2025-08-19 20:00:00,0.0
2025-08-19 21:00:00,0.0
2025-08-19 22:00:00,0.0
2025-08-19 23:00:00,0.0
2025-08-20 00:00:00,0.0
2025-08-20 01:00:00,0.0
2025-08-20 02:00:00,0.0001309439906336
2025-08-20 03:00:00,0.0
2025-08-20 04:00:00,0.0
2025-08-20 05:00:00,0.0
2025-08-20 06:00:00,0.0296703677600489
2025-08-20 07:00:00,0.3570149391688137
2025-08-20 08:00:00,0.7401801635259365
2025-08-20 09:00:00,0.8890480757010317
2025-08-20 10:00:00,0.9436132068568436
2025-08-20 11:00:00,0.9587526429503992
2025-08-20 12:00:00,0.9468059294519994
2025-08-20 13:00:00,0.94111756844712
2025-08-20 14:00:00,0.9289012643797684
2025-08-20 15:00:00,0.9053968180610276
2025-08-20 16:00:00,0.8538241422205789
2025-08-20 17:00:00,0.7071476162416764
2025-08-20 18:00:00,0.3318775442609945
2025-08-20 19:00:00,0.0333830150238972
2025-08-20 20:00:00,0.0007548535930645
2025-08-20 21:00:00,0.0
2025-08-20 22:00:00,0.001390317077022
2025-08-20 23:00:00,0.0
2025-08-21 00:00:00,0.0
2025-08-21 01:00:00,0.0
2025-08-21 02:00:00,0.0
2025-08-21 03:00:00,0.0001001336398963
2025-08-21 04:00:00,8.087717068549179e-05
2025-08-21 05:00:00,0.0
2025-08-21 06:00:00,0.026011638609991
2025-08-21 07:00:00,0.3295590653680104
2025-08-21 08:00:00,0.7200417480252491
2025-08-21 09:00:00,0.8542208254863222
2025-08-21 10:00:00,0.9030975956372544
2025-08-21 11:00:00,0.9007059421612691
2025-08-21 12:00:00,0.895884122270877
2025-08-21 13:00:00,0.867908323801381
2025-08-21 14:00:00,0.8735235102232595
2025-08-21 15:00:00,0.8078127346882185
2025-08-21 16:00:00,0.7192907457260267
2025-08-21 17:00:00,0.5834325041497691
2025-08-21 18:00:00,0.2598467955309586
2025-08-21 19:00:00,0.0232810712758951
2025-08-21 20:00:00,0.0006393147777996
2025-08-21 21:00:00,0.0014172761339171
2025-08-21 22:00:00,0.0010090389866475
2025-08-21 23:00:00,0.0009782286359102
2025-08-22 00:00:00,0.0009705260482259
2025-08-22 01:00:00,0.0009782286359102
2025-08-22 02:00:00,0.0010013363989632
2025-08-22 03:00:00,0.000928161815962
2025-08-22 04:00:00,0.000951269579015
2025-08-22 05:00:00,0.0003081035073733
2025-08-22 06:00:00,0.0161985419001513
2025-08-22 07:00:00,0.2994535014037966
2025-08-22 08:00:00,0.6335108779794572
2025-08-22 09:00:00,0.8094456832772969
2025-08-22 10:00:00,0.8740896504180579
2025-08-22 11:00:00,0.8919095870257614
2025-08-22 12:00:00,0.857509830427532
2025-08-22 13:00:00,0.8265030637042515
2025-08-22 14:00:00,0.7882135003254344
2025-08-22 15:00:00,0.7456490007818126
2025-08-22 16:00:00,0.7193870280720808
2025-08-22 17:00:00,0.5408063839046728
2025-08-22 18:00:00,0.2171937162289671
2025-08-22 19:00:00,0.0140495199362225
2025-08-22 20:00:00,0.0
2025-08-22 21:00:00,0.0
2025-08-22 22:00:00,0.0
2025-08-22 23:00:00,0.0
2025-08-23 00:00:00,0.0
2025-08-23 01:00:00,0.0
2025-08-23 02:00:00,0.0
2025-08-23 03:00:00,0.0003889806780587
2025-08-23 04:00:00,0.0
2025-08-23 05:00:00,0.0
2025-08-23 06:00:00,0.0129788602481003
2025-08-23 07:00:00,0.2528220355628473
2025-08-23 08:00:00,0.5487901160394835
2025-08-23 09:00:00,0.5999969189649262
2025-08-23 10:00:00,0.6465166972844527
2025-08-23 11:00:00,0.6549895437372185
2025-08-23 12:00:00,0.6355713201850162
2025-08-23 13:00:00,0.662137545108279
2025-08-23 14:00:00,0.5725102348133856
2025-08-23 15:00:00,0.5436755978170866
2025-08-23 16:00:00,0.5766580782813987
2025-08-23 17:00:00,0.4630295047621248
2025-08-23 18:00:00,0.1864295810177429
2025-08-23 19:00:00,0.0106873404120114
2025-08-23 20:00:00,0.0
2025-08-23 21:00:00,0.0
2025-08-23 22:00:00,0.0
2025-08-23 23:00:00,0.0
2025-08-24 00:00:00,0.0
2025-08-24 01:00:00,0.0
2025-08-24 02:00:00,0.0
2025-08-24 03:00:00,0.0
2025-08-24 04:00:00,0.0
2025-08-24 05:00:00,0.0004544526733756
2025-08-24 06:00:00,0.0224645969813558
2025-08-24 07:00:00,0.2721593819443642
2025-08-24 08:00:00,0.6100333907176115
2025-08-24 09:00:00,0.7596330487227184
2025-08-24 10:00:00,0.8143368264568482
2025-08-24 11:00:00,0.8195052627930354
2025-08-24 12:00:00,0.8937119925438952
2025-08-24 13:00:00,0.8586806237555508
2025-08-24 14:00:00,0.8073967949532646
2025-08-24 15:00:00,0.7604148613726782
2025-08-24 16:00:00,0.6702560725275657
2025-08-24 17:00:00,0.4926382518206992
2025-08-24 18:00:00,0.2105463830573881
2025-08-24 19:00:00,0.0133408818692639
2025-08-24 20:00:00,0.0
2025-08-24 21:00:00,0.0
2025-08-24 22:00:00,0.0
2025-08-24 23:00:00,0.0
2025-08-25 00:00:00,0.0
2025-08-25 01:00:00,0.0
2025-08-25 02:00:00,0.0
2025-08-25 03:00:00,0.0
2025-08-25 04:00:00,0.0
2025-08-25 05:00:00,0.0
2025-08-25 06:00:00,0.0087848012539812
2025-08-25 07:00:00,0.2132191809838515
2025-08-25 08:00:00,0.4888870916184292
2025-08-25 09:00:00,0.6183906983551124
2025-08-25 10:00:00,0.6789099297909132
2025-08-25 11:00:00,0.7389593033779698
2025-08-25 12:00:00,0.8107512718897913
2025-08-25 13:00:00,0.7824057492114476
2025-08-25 14:00:00,0.7103172310737792
2025-08-25 15:00:00,0.5386265515900066
2025-08-25 16:00:00,0.4553808351915825
2025-08-25 17:00:00,0.3551355077738366
2025-08-25 18:00:00,0.168413228424089
2025-08-25 19:00:00,0.0101327540987394
2025-08-25 20:00:00,0.0
2025-08-25 21:00:00,0.0
2025-08-25 22:00:00,0.0
2025-08-25 23:00:00,0.0
2025-08-26 00:00:00,0.0
2025-08-26 01:00:00,0.0
2025-08-26 02:00:00,0.0
2025-08-26 03:00:00,0.0
2025-08-26 04:00:00,0.0
2025-08-26 05:00:00,0.0
2025-08-26 06:00:00,0.0099324868189468
2025-08-26 07:00:00,0.2152834744832526
2025-08-26 08:00:00,0.558949829195118
2025-08-26 09:00:00,0.7658798473347121
2025-08-26 10:00:00,0.8572556450339491
2025-08-26 11:00:00,0.8848655705884392
2025-08-26 12:00:00,0.8645654007463808
2025-08-26 13:00:00,0.803934481789157
2025-08-26 14:00:00,0.787508713552318
2025-08-26 15:00:00,0.7813504946986941
2025-08-26 16:00:00,0.7415050086076418
2025-08-26 17:00:00,0.6358332081662834
2025-08-26 18:00:00,0.262149869248574
2025-08-26 19:00:00,0.0155361193592987
2025-08-26 20:00:00,0.0
2025-08-26 21:00:00,0.0
2025-08-26 22:00:00,0.0
2025-08-26 23:00:00,0.0
2025-08-27 00:00:00,0.0
2025-08-27 01:00:00,0.0
2025-08-27 02:00:00,0.0
2025-08-27 03:00:00,0.0
2025-08-27 04:00:00,0.0
2025-08-27 05:00:00,0.0001502004598444
2025-08-27 06:00:00,0.0208624587430147
2025-08-27 07:00:00,0.3388291296461046
2025-08-27 08:00:00,0.7514606031896416
2025-08-27 09:00:00,0.8887361208998162
2025-08-27 10:00:00,0.9316087239508112
2025-08-27 11:00:00,0.9460472245650926
2025-08-27 12:00:00,0.9415951288835483
2025-08-27 13:00:00,0.9104150539373702
2025-08-27 14:00:00,0.8586575159924977
2025-08-27 15:00:00,0.8008187850708446
2025-08-27 16:00:00,0.7004271084870962
2025-08-27 17:00:00,0.5472187881518796
2025-08-27 18:00:00,0.2439871674889178
2025-08-27 19:00:00,0.0294816543617828
2025-08-27 20:00:00,0.0
2025-08-27 21:00:00,0.0
2025-08-27 22:00:00,0.0
2025-08-27 23:00:00,0.0
2025-08-28 00:00:00,0.0
2025-08-28 01:00:00,0.0002002672797926
2025-08-28 02:00:00,0.0
2025-08-28 03:00:00,0.0
2025-08-28 04:00:00,0.0
2025-08-28 05:00:00,0.0
2025-08-28 06:00:00,0.0051722876300293
2025-08-28 07:00:00,0.1351688599785097
2025-08-28 08:00:00,0.3725549098219546
2025-08-28 09:00:00,0.5182801662218423
2025-08-28 10:00:00,0.6083657804839535
2025-08-28 11:00:00,0.6615482971504276
2025-08-28 12:00:00,0.6776467054106827
2025-08-28 13:00:00,0.6399194309328219
2025-08-28 14:00:00,0.5893750505482317
2025-08-28 15:00:00,0.5563078416193921
2025-08-28 16:00:00,0.4987887680866387
2025-08-28 17:00:00,0.4547530742953095
2025-08-28 18:00:00,0.2004713983662811
2025-08-28 19:00:00,0.0232155992805783
2025-08-28 20:00:00,0.0009936338112788
2025-08-28 21:00:00,0.0
2025-08-28 22:00:00,0.0
2025-08-28 23:00:00,0.0
2025-08-29 00:00:00,0.0
2025-08-29 01:00:00,0.0
2025-08-29 02:00:00,0.0
2025-08-29 03:00:00,0.0
2025-08-29 04:00:00,0.0
2025-08-29 05:00:00,0.0
2025-08-29 06:00:00,0.0203040211359006
2025-08-29 07:00:00,0.3198114406534875
2025-08-29 08:00:00,0.7420056768071234
2025-08-29 09:00:00,0.8946016414214356
2025-08-29 10:00:00,0.9551401293264472
2025-08-29 11:00:00,0.985357380812084
2025-08-29 12:00:00,0.9900790670625796
2025-08-29 13:00:00,0.9918776212868712
2025-08-29 14:00:00,0.9780168147489148
2025-08-29 15:00:00,0.9188840490962938
2025-08-29 16:00:00,0.8721524496154484
2025-08-29 17:00:00,0.6904484061420434
2025-08-29 18:00:00,0.2625388499266328
2025-08-29 19:00:00,0.0121585346597189
2025-08-29 20:00:00,0.0001964159859504
2025-08-29 21:00:00,0.0
2025-08-29 22:00:00,0.0
2025-08-29 23:00:00,0.0
2025-08-30 00:00:00,0.0
2025-08-30 01:00:00,0.0
2025-08-30 02:00:00,0.0
2025-08-30 03:00:00,0.0
2025-08-30 04:00:00,0.0
2025-08-30 05:00:00,0.0
2025-08-30 06:00:00,0.0197455835287864
2025-08-30 07:00:00,0.3288350221256831
2025-08-30 08:00:00,0.7708942319172126
2025-08-30 09:00:00,0.9219843406392378
2025-08-30 10:00:00,0.9638710124666382
2025-08-30 11:00:00,0.9716159643832344
2025-08-30 12:00:00,0.9726712188959882
2025-08-30 13:00:00,0.9669558988342134
2025-08-30 14:00:00,0.9403434583848445
2025-08-30 15:00:00,0.919118978020666
2025-08-30 16:00:00,0.8600786434202571
2025-08-30 17:00:00,0.6949313121743249
2025-08-30 18:00:00,0.2550172730528821
2025-08-30 19:00:00,0.015936653918884
2025-08-30 20:00:00,0.0
2025-08-30 21:00:00,0.0
2025-08-30 22:00:00,0.0
2025-08-30 23:00:00,0.0
2025-08-31 00:00:00,0.0
2025-08-31 01:00:00,0.0
2025-08-31 02:00:00,0.0
2025-08-31 03:00:00,0.0
2025-08-31 04:00:00,0.0
2025-08-31 05:00:00,0.0007741100622754
2025-08-31 06:00:00,0.0185593850253992
2025-08-31 07:00:00,0.3258194590472669
2025-08-31 08:00:00,0.7641852780441589
2025-08-31 09:00:00,0.9028703693005664
2025-08-31 10:00:00,0.935194278517868
2025-08-31 11:00:00,0.9402009605126842
2025-08-31 12:00:00,0.9340465929529026
2025-08-31 13:00:00,0.922685276118512
2025-08-31 14:00:00,0.913788787343108
2025-08-31 15:00:00,0.89711653630037
2025-08-31 16:00:00,0.8268766392069415
2025-08-31 17:00:00,0.6733486614828251
2025-08-31 18:00:00,0.2446881029681921
2025-08-31 19:00:00,0.0146926860078643
2025-08-31 20:00:00,0.0
2025-08-31 21:00:00,0.0
2025-08-31 22:00:00,0.0
2025-08-31 23:00:00,0.0
2025-09-01 00:00:00,0.0
2025-09-01 01:00:00,0.0
2025-09-01 02:00:00,0.0
2025-09-01 03:00:00,0.0
2025-09-01 04:00:00,0.0
2025-09-01 05:00:00,0.0
2025-09-01 06:00:00,0.0152549749088206
2025-09-01 07:00:00,0.3196227272552214
2025-09-01 08:00:00,0.7541372524099471
2025-09-01 09:00:00,0.8942088094495346
2025-09-01 10:00:00,0.94362476073837
2025-09-01 11:00:00,0.95608754761162
2025-09-01 12:00:00,0.9514236307687568
2025-09-01 13:00:00,0.931670344652286
2025-09-01 14:00:00,0.9092365580216674
2025-09-01 15:00:00,0.8818307510408121
2025-09-01 16:00:00,0.8158388310552931
2025-09-01 17:00:00,0.5949016572117403
2025-09-01 18:00:00,0.2040453990518114
2025-09-01 19:00:00,0.0136143237320577
2025-09-01 20:00:00,0.0
2025-09-01 21:00:00,0.0001887133982661
2025-09-01 22:00:00,0.0002041185736348
2025-09-01 23:00:00,0.0
2025-09-02 00:00:00,0.0
2025-09-02 01:00:00,0.0
2025-09-02 02:00:00,0.0
2025-09-02 03:00:00,0.0
2025-09-02 04:00:00,0.0
2025-09-02 05:00:00,0.0
2025-09-02 06:00:00,0.0038397399606397
2025-09-02 07:00:00,0.1396325095415805
2025-09-02 08:00:00,0.3697819782555949
2025-09-02 09:00:00,0.4347725618421508
2025-09-02 10:00:00,0.5079240370802571
2025-09-02 11:00:00,0.5884545913199539
2025-09-02 12:00:00,0.5964999441562393
2025-09-02 13:00:00,0.5732150215865021
2025-09-02 14:00:00,0.6270098939738805
2025-09-02 15:00:00,0.6361027987352351
2025-09-02 16:00:00,0.5668873458038227
2025-09-02 17:00:00,0.455249891200949
2025-09-02 18:00:00,0.1455134352385684
2025-09-02 19:00:00,0.0111610495545978
2025-09-02 20:00:00,0.0
2025-09-02 21:00:00,0.0
2025-09-02 22:00:00,0.0
2025-09-02 23:00:00,0.0
2025-09-03 00:00:00,6.547199531682669e-05
2025-09-03 01:00:00,0.0
2025-09-03 02:00:00,0.0
2025-09-03 03:00:00,0.0
2025-09-03 04:00:00,0.0
2025-09-03 05:00:00,0.0
2025-09-03 06:00:00,0.0107104481750644
2025-09-03 07:00:00,0.2815334311561969
2025-09-03 08:00:00,0.7098627784004037
2025-09-03 09:00:00,0.845509198815342
2025-09-03 10:00:00,0.894636303066015
2025-09-03 11:00:00,0.9243028195322218
2025-09-03 12:00:00,0.9425887626948272
2025-09-03 13:00:00,0.9459470909251964
2025-09-03 14:00:00,0.9378901842073843
2025-09-03 15:00:00,0.8943859689662742
2025-09-03 16:00:00,0.7882635671453825
2025-09-03 17:00:00,0.5874070393948847
2025-09-03 18:00:00,0.1860791132781057
2025-09-03 19:00:00,0.0116155022279734
2025-09-03 20:00:00,0.0
2025-09-03 21:00:00,1.925646921083138e-05
2025-09-03 22:00:00,0.0
2025-09-03 23:00:00,0.0
2025-09-04 00:00:00,0.0
2025-09-04 01:00:00,0.0
2025-09-04 02:00:00,0.0
2025-09-04 03:00:00,0.0
2025-09-04 04:00:00,0.0
2025-09-04 05:00:00,0.0
2025-09-04 06:00:00,0.0105525451275355
2025-09-04 07:00:00,0.2712466253037708
2025-09-04 08:00:00,0.6924934431722337
2025-09-04 09:00:00,0.8495415034680902
2025-09-04 10:00:00,0.9083584630256534
2025-09-04 11:00:00,0.9364652054857828
2025-09-04 12:00:00,0.9216338728996004
2025-09-04 13:00:00,0.8539589375050548
2025-09-04 14:00:00,0.8367475053244137
2025-09-04 15:00:00,0.7649362803433813
2025-09-04 16:00:00,0.6817252255895369
2025-09-04 17:00:00,0.5171671423014562
2025-09-04 18:00:00,0.1675004717834956
2025-09-04 19:00:00,0.0035316364532664
2025-09-04 20:00:00,0.0
2025-09-04 21:00:00,0.0
2025-09-04 22:00:00,0.0
2025-09-04 23:00:00,0.0
2025-09-05 00:00:00,0.0
2025-09-05 01:00:00,0.0
2025-09-05 02:00:00,0.0001078362275806
2025-09-05 03:00:00,0.0
2025-09-05 04:00:00,7.702587684332552e-05
2025-09-05 05:00:00,0.0
2025-09-05 06:00:00,0.0112072650807038
2025-09-05 07:00:00,0.280331827477441
2025-09-05 08:00:00,0.6803503136878835
2025-09-05 09:00:00,0.8553261468190237
2025-09-05 10:00:00,0.909413717538407
2025-09-05 11:00:00,0.931993853335028
2025-09-05 12:00:00,0.910730860032428
2025-09-05 13:00:00,0.9096910106950432
2025-09-05 14:00:00,0.8988881314677667
2025-09-05 15:00:00,0.8793158561618777
2025-09-05 16:00:00,0.847777610888378
2025-09-05 17:00:00,0.632417110528282
2025-09-05 18:00:00,0.1928381339711075
2025-09-05 19:00:00,0.0035778519793724
2025-09-05 20:00:00,9.62823460541569e-05
2025-09-05 21:00:00,0.0
2025-09-05 22:00:00,0.0
2025-09-05 23:00:00,0.0
2025-09-06 00:00:00,0.0
2025-09-06 01:00:00,0.0
2025-09-06 02:00:00,0.0
2025-09-06 03:00:00,0.0
2025-09-06 04:00:00,0.0
2025-09-06 05:00:00,0.0
2025-09-06 06:00:00,0.0132869637554736
2025-09-06 07:00:00,0.3134144415816493
2025-09-06 08:00:00,0.7553542612640717
2025-09-06 09:00:00,0.8951793354977605
2025-09-06 10:00:00,0.9438712435442688
2025-09-06 11:00:00,0.950849787986274
2025-09-06 12:00:00,0.9290399109580864
2025-09-06 13:00:00,0.9152676841784996
2025-09-06 14:00:00,0.9086280535946052
2025-09-06 15:00:00,0.8902496793797876
2025-09-06 16:00:00,0.8588423780969218
2025-09-06 17:00:00,0.6441635567468891
2025-09-06 18:00:00,0.1944287183279222
2025-09-06 19:00:00,0.0032735997658413
2025-09-06 20:00:00,0.0
2025-09-06 21:00:00,0.0
2025-09-06 22:00:00,0.0
2025-09-06 23:00:00,0.0
2025-09-07 00:00:00,5.776940763249413e-05
2025-09-07 01:00:00,0.0
2025-09-07 02:00:00,0.0
2025-09-07 03:00:00,0.0
2025-09-07 04:00:00,4.236423226382903e-05
2025-09-07 05:00:00,0.0
2025-09-07 06:00:00,0.0136258776135842
2025-09-07 07:00:00,0.3239053660077102
2025-09-07 08:00:00,0.7601183117468313
2025-09-07 09:00:00,0.8861056872056167
2025-09-07 10:00:00,0.9440522543548504
2025-09-07 11:00:00,0.9528216504334632
2025-09-07 12:00:00,0.9253195611065536
2025-09-07 13:00:00,0.8940316499327948
2025-09-07 14:00:00,0.9024736860348234
2025-09-07 15:00:00,0.8818384536284964
2025-09-07 16:00:00,0.818457710867966
2025-09-07 17:00:00,0.6328407528509202
2025-09-07 18:00:00,0.1811032416340269
2025-09-07 19:00:00,0.0019988215040842
2025-09-07 20:00:00,0.0
2025-09-07 21:00:00,0.0
2025-09-07 22:00:00,0.0
2025-09-07 23:00:00,0.0
2025-09-08 00:00:00,0.0
2025-09-08 01:00:00,0.0
2025-09-08 02:00:00,0.0
2025-09-08 03:00:00,0.0
2025-09-08 04:00:00,0.0
2025-09-08 05:00:00,0.0
2025-09-08 06:00:00,0.0122663708872995
2025-09-08 07:00:00,0.3221029604895765
2025-09-08 08:00:00,0.7565751214120384
2025-09-08 09:00:00,0.8723873785398204
2025-09-08 10:00:00,0.94408691599943
2025-09-08 11:00:00,0.959191690448406
2025-09-08 12:00:00,0.9619068526071334
2025-09-08 13:00:00,0.9583867700353932
2025-09-08 14:00:00,0.9424501161165092
2025-09-08 15:00:00,0.9291670036548778
2025-09-08 16:00:00,0.900517228763003
2025-09-08 17:00:00,0.6894008542169742
2025-09-08 18:00:00,0.1942130458727609
2025-09-08 19:00:00,0.0025649616988827
2025-09-08 20:00:00,0.0
2025-09-08 21:00:00,0.0
2025-09-08 22:00:00,0.0
2025-09-08 23:00:00,0.0
2025-09-09 00:00:00,0.0
2025-09-09 01:00:00,0.0
2025-09-09 02:00:00,0.0
2025-09-09 03:00:00,0.0
2025-09-09 04:00:00,0.0
2025-09-09 05:00:00,0.0
2025-09-09 06:00:00,0.0128402136697823
2025-09-09 07:00:00,0.3226190338644267
2025-09-09 08:00:00,0.7795634943559289
2025-09-09 09:00:00,0.9032554986847832
2025-09-09 10:00:00,0.9406438593045334
2025-09-09 11:00:00,0.9681497999252848
2025-09-09 12:00:00,0.9731179689816792
2025-09-09 13:00:00,0.9583444058031296
2025-09-09 14:00:00,0.9279037792746472
2025-09-09 15:00:00,0.9029820568219894
2025-09-09 16:00:00,0.8583609663666508
2025-09-09 17:00:00,0.6538033452338313
2025-09-09 18:00:00,0.1726689081196828
2025-09-09 19:00:00,0.0030656298983643
2025-09-09 20:00:00,0.0002195237490034
2025-09-09 21:00:00,0.0
2025-09-09 22:00:00,0.0
2025-09-09 23:00:00,0.0
2025-09-10 00:00:00,0.0
2025-09-10 01:00:00,0.0
2025-09-10 02:00:00,0.0
2025-09-10 03:00:00,0.0
2025-09-10 04:00:00,0.0
2025-09-10 05:00:00,0.0
2025-09-10 06:00:00,0.0118889440907672
2025-09-10 07:00:00,0.2989104689720511
2025-09-10 08:00:00,0.7596908181303509
2025-09-10 09:00:00,0.9151482940693926
2025-09-10 10:00:00,0.9437441508474772
2025-09-10 11:00:00,0.959141623628458
2025-09-10 12:00:00,0.946725052281314
2025-09-10 13:00:00,0.9561029527869888
2025-09-10 14:00:00,0.9374703931785884
2025-09-10 15:00:00,0.9091903424955612
2025-09-10 16:00:00,0.832911616657616
2025-09-10 17:00:00,0.608142405441108
2025-09-10 18:00:00,0.1420357168990922
2025-09-10 19:00:00,0.0028307009739922
2025-09-10 20:00:00,0.0
2025-09-10 21:00:00,0.0
2025-09-10 22:00:00,0.0
2025-09-10 23:00:00,0.0
2025-09-11 00:00:00,0.0
2025-09-11 01:00:00,0.0
2025-09-11 02:00:00,0.0
2025-09-11 03:00:00,0.0
2025-09-11 04:00:00,0.0
2025-09-11 05:00:00,0.0
2025-09-11 06:00:00,0.0118889440907672
2025-09-11 07:00:00,0.2989104689720511
2025-09-11 08:00:00,0.7596908181303509
2025-09-11 09:00:00,0.9151482940693926
2025-09-11 10:00:00,0.9437441508474772
2025-09-11 11:00:00,0.959141623628458
2025-09-11 12:00:00,0.946725052281314
2025-09-11 13:00:00,0.9561029527869888
2025-09-11 14:00:00,0.9374703931785884
2025-09-11 15:00:00,0.9091903424955612
2025-09-11 16:00:00,0.832911616657616
2025-09-11 17:00:00,0.608142405441108
2025-09-11 18:00:00,0.1420357168990922
2025-09-11 19:00:00,0.0028307009739922
2025-09-11 20:00:00,0.0
2025-09-11 21:00:00,0.0
2025-09-11 22:00:00,0.0
2025-09-11 23:00:00,0.0
2025-09-12 00:00:00,0.0
2025-09-12 01:00:00,0.0
2025-09-12 02:00:00,0.0
2025-09-12 03:00:00,0.0
2025-09-12 04:00:00,0.0
2025-09-12 05:00:00,0.0
2025-09-12 06:00:00,0.0098092454159975
2025-09-12 07:00:00,0.276022229668057
2025-09-12 08:00:00,0.7251100507215399
2025-09-12 09:00:00,0.8753220644475511
2025-09-12 10:00:00,0.9285662018155
2025-09-12 11:00:00,0.9492399471602484
2025-09-12 12:00:00,0.9433821292263136
2025-09-12 13:00:00,0.9475376752820108
2025-09-12 14:00:00,0.9396117125548328
2025-09-12 15:00:00,0.9134729812480504
2025-09-12 16:00:00,0.859058050552083
2025-09-12 17:00:00,0.6121631562123295
2025-09-12 18:00:00,0.1427559088475773
2025-09-12 19:00:00,0.0025880694619357
2025-09-12 20:00:00,0.0002310776305299
2025-09-12 21:00:00,0.0
2025-09-12 22:00:00,8.472846452765806e-05
2025-09-12 23:00:00,0.0
2025-09-13 00:00:00,0.0
2025-09-13 01:00:00,0.0
2025-09-13 02:00:00,0.0
2025-09-13 03:00:00,0.0
2025-09-13 04:00:00,0.0
2025-09-13 05:00:00,0.0
2025-09-13 06:00:00,0.0092700642780942
2025-09-13 07:00:00,0.2852460784200452
2025-09-13 08:00:00,0.7410428533465818
2025-09-13 09:00:00,0.8611493031083792
2025-09-13 10:00:00,0.9301567861723146
2025-09-13 11:00:00,0.9510962707921726
2025-09-13 12:00:00,0.950437699545162
2025-09-13 13:00:00,0.9432126722972582
2025-09-13 14:00:00,0.924029377669428
2025-09-13 15:00:00,0.90415670144385
2025-09-13 16:00:00,0.8534698231870997
2025-09-13 17:00:00,0.6097599488548178
2025-09-13 18:00:00,0.1380765868293453
2025-09-13 19:00:00,0.0043365568662792
2025-09-13 20:00:00,0.0
2025-09-13 21:00:00,2.3107763052997653e-05
2025-09-13 22:00:00,3.851293842166275e-06
2025-09-13 23:00:00,0.0
2025-09-14 00:00:00,0.0
2025-09-14 01:00:00,0.0
2025-09-14 02:00:00,0.0
2025-09-14 03:00:00,0.0
2025-09-14 04:00:00,0.0
2025-09-14 05:00:00,0.0
2025-09-14 06:00:00,0.0084189283389754
2025-09-14 07:00:00,0.2790878595664213
2025-09-14 08:00:00,0.6874443969451537
2025-09-14 09:00:00,0.8188351376644983
2025-09-14 10:00:00,0.8920828952486588
2025-09-14 11:00:00,0.890927507096009
2025-09-14 12:00:00,0.863252109546202
2025-09-14 13:00:00,0.8457248712705032
2025-09-14 14:00:00,0.7957427797868694
2025-09-14 15:00:00,0.829295251739822
2025-09-14 16:00:00,0.8075007798870031
2025-09-14 17:00:00,0.5998929340311878
2025-09-14 18:00:00,0.1285561884515103
2025-09-14 19:00:00,0.0005006681994816
2025-09-14 20:00:00,0.0
2025-09-14 21:00:00,0.0
2025-09-14 22:00:00,0.0
2025-09-14 23:00:00,0.0
2025-09-15 00:00:00,0.0
2025-09-15 01:00:00,0.0
2025-09-15 02:00:00,0.0
2025-09-15 03:00:00,0.0
2025-09-15 04:00:00,0.0
2025-09-15 05:00:00,0.0
2025-09-15 06:00:00,0.0080800144808648
2025-09-15 07:00:00,0.2814872156300909
2025-09-15 08:00:00,0.7261922642911885
2025-09-15 09:00:00,0.8887284183121319
2025-09-15 10:00:00,0.9191998551913516
2025-09-15 11:00:00,0.918606755939658
2025-09-15 12:00:00,0.929636861503622
2025-09-15 13:00:00,0.8856127215938195
2025-09-15 14:00:00,0.8598090528513054
2025-09-15 15:00:00,0.8473462659780554
2025-09-15 16:00:00,0.8080707713756435
2025-09-15 17:00:00,0.5898641648661869
2025-09-15 18:00:00,0.1237998405564349
2025-09-15 19:00:00,0.0015944356506568
2025-09-15 20:00:00,0.0006277608962731
2025-09-15 21:00:00,0.0005853966640092
2025-09-15 22:00:00,0.0
2025-09-15 23:00:00,0.0
2025-09-16 00:00:00,0.0
2025-09-16 01:00:00,0.0
2025-09-16 02:00:00,0.0
2025-09-16 03:00:00,0.0
2025-09-16 04:00:00,0.0
2025-09-16 05:00:00,0.0
2025-09-16 06:00:00,0.00588477699083
2025-09-16 07:00:00,0.247834610037242
2025-09-16 08:00:00,0.7212703107609001
2025-09-16 09:00:00,0.8904576492472647
2025-09-16 10:00:00,0.937320192718744
2025-09-16 11:00:00,0.9262900871547796
2025-09-16 12:00:00,0.9186914844041856
2025-09-16 13:00:00,0.911728345137549
2025-09-16 14:00:00,0.919627348807832
2025-09-16 15:00:00,0.890788860517691
2025-09-16 16:00:00,0.8341209229240564
2025-09-16 17:00:00,0.5659784404570716
2025-09-16 18:00:00,0.1139982977281217
2025-09-16 19:00:00,0.0003081035073733
2025-09-16 20:00:00,0.0
2025-09-16 21:00:00,0.0
2025-09-16 22:00:00,0.0
2025-09-16 23:00:00,0.0
2025-09-17 00:00:00,2.695905689516393e-05
2025-09-17 01:00:00,0.0
2025-09-17 02:00:00,0.0
2025-09-17 03:00:00,0.0
2025-09-17 04:00:00,0.0
2025-09-17 05:00:00,0.0
2025-09-17 06:00:00,0.0047370914258645
2025-09-17 07:00:00,0.2044574874929232
2025-09-17 08:00:00,0.6386523552587492
2025-09-17 09:00:00,0.8231293302985139
2025-09-17 10:00:00,0.8738701266690544
2025-09-17 11:00:00,0.8708391584152696
2025-09-17 12:00:00,0.8378066111310095
2025-09-17 13:00:00,0.7535595583336222
2025-09-17 14:00:00,0.640108144331088
2025-09-17 15:00:00,0.5163930322391808
2025-09-17 16:00:00,0.415273461119263
2025-09-17 17:00:00,0.2462940925003755
2025-09-17 18:00:00,0.0439509653268015
2025-09-17 19:00:00,0.0
2025-09-17 20:00:00,0.0
2025-09-17 21:00:00,0.0
2025-09-17 22:00:00,0.0
2025-09-17 23:00:00,7.70258768433255e-06
2025-09-18 00:00:00,0.0
2025-09-18 01:00:00,0.0
2025-09-18 02:00:00,0.0001001336398963
2025-09-18 03:00:00,0.0
2025-09-18 04:00:00,0.0
2025-09-18 05:00:00,0.0
2025-09-18 06:00:00,0.0003504677396371
2025-09-18 07:00:00,0.0418982257089269
2025-09-18 08:00:00,0.145390193835619
2025-09-18 09:00:00,0.2849880417326201
2025-09-18 10:00:00,0.3440437815083977
2025-09-18 11:00:00,0.4018517020793135
2025-09-18 12:00:00,0.4519916966104763
2025-09-18 13:00:00,0.4695767042938075
2025-09-18 14:00:00,0.3628612032212222
2025-09-18 15:00:00,0.3380704247591978
2025-09-18 16:00:00,0.1913553858418736
2025-09-18 17:00:00,0.0972990876284888
2025-09-18 18:00:00,0.0168224515025822
2025-09-18 19:00:00,0.0010822135696487
2025-09-18 20:00:00,0.0
2025-09-18 21:00:00,0.0
2025-09-18 22:00:00,0.0
2025-09-18 23:00:00,0.0
2025-09-19 00:00:00,0.0
2025-09-19 01:00:00,0.0
2025-09-19 02:00:00,0.0
2025-09-19 03:00:00,0.0
2025-09-19 04:00:00,0.0
2025-09-19 05:00:00,0.0
2025-09-19 06:00:00,0.0010860648634908
2025-09-19 07:00:00,0.0971065229363804
2025-09-19 08:00:00,0.3441092535037146
2025-09-19 09:00:00,0.5180067243590484
2025-09-19 10:00:00,0.6667629490127208
2025-09-19 11:00:00,0.7550731168135936
2025-09-19 12:00:00,0.7710521349647413
2025-09-19 13:00:00,0.7725310318001332
2025-09-19 14:00:00,0.7290653294974447
2025-09-19 15:00:00,0.7159054584387625
2025-09-19 16:00:00,0.6729635320986085
2025-09-19 17:00:00,0.4696614327583351
2025-09-19 18:00:00,0.0926428733733097
2025-09-19 19:00:00,0.0001617543413709
2025-09-19 20:00:00,0.0
2025-09-19 21:00:00,0.0004891143179551
2025-09-19 22:00:00,0.0
2025-09-19 23:00:00,0.0
2025-09-20 00:00:00,0.0
2025-09-20 01:00:00,0.0
2025-09-20 02:00:00,0.0
2025-09-20 03:00:00,0.0
2025-09-20 04:00:00,0.0
2025-09-20 05:00:00,0.0
2025-09-20 06:00:00,0.0045830396721778
2025-09-20 07:00:00,0.2357954654866302
2025-09-20 08:00:00,0.6885574208655398
2025-09-20 09:00:00,0.8706581476046877
2025-09-20 10:00:00,0.9321093921502928
2025-09-20 11:00:00,0.937162289671215
2025-09-20 12:00:00,0.9243336298829592
2025-09-20 13:00:00,0.903039826229622
2025-09-20 14:00:00,0.9183718270152856
2025-09-20 15:00:00,0.9043916303682222
2025-09-20 16:00:00,0.8441265843260043
2025-09-20 17:00:00,0.5604479824997208
2025-09-20 18:00:00,0.1144142374630757
2025-09-20 19:00:00,0.0026265824003574
2025-09-20 20:00:00,0.0
2025-09-20 21:00:00,0.0
2025-09-20 22:00:00,0.0
2025-09-20 23:00:00,0.0
2025-09-21 00:00:00,0.0
2025-09-21 01:00:00,0.0
2025-09-21 02:00:00,0.0
2025-09-21 03:00:00,0.0
2025-09-21 04:00:00,0.0
2025-09-21 05:00:00,0.0
2025-09-21 06:00:00,0.0009782286359102
2025-09-21 07:00:00,0.1479859658852391
2025-09-21 08:00:00,0.4960736059279114
2025-09-21 09:00:00,0.650483529941884
2025-09-21 10:00:00,0.6869552826271986
2025-09-21 11:00:00,0.6849988253553781
2025-09-21 12:00:00,0.6513654762317401
2025-09-21 13:00:00,0.6066712111934004
2025-09-21 14:00:00,0.6070832996345122
2025-09-21 15:00:00,0.577243474945408
2025-09-21 16:00:00,0.5039803121858788
2025-09-21 17:00:00,0.3502944314142336
2025-09-21 18:00:00,0.0720230461423515
2025-09-21 19:00:00,0.0041131818234335
2025-09-21 20:00:00,0.0001193901091071
2025-09-21 21:00:00,0.0
2025-09-21 22:00:00,0.0
2025-09-21 23:00:00,0.0
2025-09-22 00:00:00,0.0
2025-09-22 01:00:00,0.0
2025-09-22 02:00:00,0.0
2025-09-22 03:00:00,0.0
2025-09-22 04:00:00,0.0
2025-09-22 05:00:00,0.0
2025-09-22 06:00:00,0.0010167415743318
2025-09-22 07:00:00,0.1014315259211332
2025-09-22 08:00:00,0.4432492595887588
2025-09-22 09:00:00,0.6703215445228825
2025-09-22 10:00:00,0.7608308011076321
2025-09-22 11:00:00,0.8190700665888705
2025-09-22 12:00:00,0.8698955914239388
2025-09-22 13:00:00,0.8333160025110435
2025-09-22 14:00:00,0.8533658382533613
2025-09-22 15:00:00,0.8397977300474093
2025-09-22 16:00:00,0.7689531798207608
2025-09-22 17:00:00,0.4596442174748607
2025-09-22 18:00:00,0.0709408325727028
2025-09-22 19:00:00,0.0005815453701671
2025-09-22 20:00:00,0.0
2025-09-22 21:00:00,0.0
2025-09-22 22:00:00,0.0
2025-09-22 23:00:00,0.0
2025-09-23 00:00:00,0.0
2025-09-23 01:00:00,0.0
2025-09-23 02:00:00,0.0
2025-09-23 03:00:00,0.0001232414029493
2025-09-23 04:00:00,0.0
2025-09-23 05:00:00,0.0
2025-09-23 06:00:00,0.0036125136239519
2025-09-23 07:00:00,0.2149484119189841
2025-09-23 08:00:00,0.6357138180571763
2025-09-23 09:00:00,0.8082479308923833
2025-09-23 10:00:00,0.8763195495526722
2025-09-23 11:00:00,0.8736005361001028
2025-09-23 12:00:00,0.8742282969963758
2025-09-23 13:00:00,0.8844457795596431
2025-09-23 14:00:00,0.8510781697111145
2025-09-23 15:00:00,0.7967094545412531
2025-09-23 16:00:00,0.7280177775723754
2025-09-23 17:00:00,0.4558468417464847
2025-09-23 18:00:00,0.0676633815130193
2025-09-23 19:00:00,0.0
2025-09-23 20:00:00,0.0
2025-09-23 21:00:00,0.0
2025-09-23 22:00:00,0.0
2025-09-23 23:00:00,0.0
2025-09-24 00:00:00,0.0
2025-09-24 01:00:00,0.0
2025-09-24 02:00:00,0.0
2025-09-24 03:00:00,0.0
2025-09-24 04:00:00,0.0
2025-09-24 05:00:00,0.0
2025-09-24 06:00:00,0.0031349531875233
2025-09-24 07:00:00,0.1813112115015039
2025-09-24 08:00:00,0.4748991923836813
2025-09-24 09:00:00,0.6183637392982172
2025-09-24 10:00:00,0.6750855950056421
2025-09-24 11:00:00,0.7496813054345607
2025-09-24 12:00:00,0.7912637250484301
2025-09-24 13:00:00,0.7723423184018671
2025-09-24 14:00:00,0.7912637250484301
2025-09-24 15:00:00,0.8024748414229761
2025-09-24 16:00:00,0.7373032470258384
2025-09-24 17:00:00,0.4254254716872133
2025-09-24 18:00:00,0.0645592386762332
2025-09-24 19:00:00,0.0067012512853693
2025-09-24 20:00:00,0.0
2025-09-24 21:00:00,0.0
2025-09-24 22:00:00,0.0
2025-09-24 23:00:00,0.0
2025-09-25 00:00:00,0.0
2025-09-25 01:00:00,0.0
2025-09-25 02:00:00,0.0
2025-09-25 03:00:00,0.0
2025-09-25 04:00:00,0.0
2025-09-25 05:00:00,0.0
2025-09-25 06:00:00,0.0026458388695682
2025-09-25 07:00:00,0.2094256565493177
2025-09-25 08:00:00,0.624729928019318
2025-09-25 09:00:00,0.8226825802128225
2025-09-25 10:00:00,0.8615613915494911
2025-09-25 11:00:00,0.8898221857633072
2025-09-25 12:00:00,0.9039371776948466
2025-09-25 13:00:00,0.8955066954743446
2025-09-25 14:00:00,0.8960651330814586
2025-09-25 15:00:00,0.8723488656013988
2025-09-25 16:00:00,0.8018817421712825
2025-09-25 17:00:00,0.444966936642365
2025-09-25 18:00:00,0.0560786896357831
2025-09-25 19:00:00,0.0039090632497987
2025-09-25 20:00:00,0.0
2025-09-25 21:00:00,0.0
2025-09-25 22:00:00,0.0
2025-09-25 23:00:00,0.0
2025-09-26 00:00:00,0.0
2025-09-26 01:00:00,0.0
2025-09-26 02:00:00,0.0
2025-09-26 03:00:00,0.0
2025-09-26 04:00:00,0.0
2025-09-26 05:00:00,0.0
2025-09-26 06:00:00,0.0022491556038251
2025-09-26 07:00:00,0.2002749823803306
2025-09-26 08:00:00,0.6447951689370044
2025-09-26 09:00:00,0.8374753998605831
2025-09-26 10:00:00,0.8984991507897078
2025-09-26 11:00:00,0.9072415878114252
2025-09-26 12:00:00,0.9078462409446454
2025-09-26 13:00:00,0.876361913784936
2025-09-26 14:00:00,0.7951419779474914
2025-09-26 15:00:00,0.7378616846329524
2025-09-26 16:00:00,0.6608858746095752
2025-09-26 17:00:00,0.3789827192445302
2025-09-26 18:00:00,0.0547885061986574
2025-09-26 19:00:00,0.0023069250114575
2025-09-26 20:00:00,0.0026573927510947
2025-09-26 21:00:00,0.0002349289243721
2025-09-26 22:00:00,0.0
2025-09-26 23:00:00,0.0
2025-09-27 00:00:00,0.0
2025-09-27 01:00:00,0.0
2025-09-27 02:00:00,0.0
2025-09-27 03:00:00,0.0
2025-09-27 04:00:00,0.0
2025-09-27 05:00:00,0.0
2025-09-27 06:00:00,0.0008241768822235
2025-09-27 07:00:00,0.1346489353098173
2025-09-27 08:00:00,0.5049623921156312
2025-09-27 09:00:00,0.684879435246271
2025-09-27 10:00:00,0.7449634704779071
2025-09-27 11:00:00,0.7206618063338378
2025-09-27 12:00:00,0.7253295744705434
2025-09-27 13:00:00,0.7134367790859338
2025-09-27 14:00:00,0.7366754861295652
2025-09-27 15:00:00,0.6583632771429562
2025-09-27 16:00:00,0.5763114618356037
2025-09-27 17:00:00,0.3062741427982731
2025-09-27 18:00:00,0.0278949212988103
2025-09-27 19:00:00,0.0
2025-09-27 20:00:00,0.0
2025-09-27 21:00:00,0.0
2025-09-27 22:00:00,0.0
2025-09-27 23:00:00,0.0
2025-09-28 00:00:00,0.0
2025-09-28 01:00:00,0.0
2025-09-28 02:00:00,0.0
2025-09-28 03:00:00,0.0
2025-09-28 04:00:00,0.0
2025-09-28 05:00:00,0.0
2025-09-28 06:00:00,0.0008742437021717
2025-09-28 07:00:00,0.1547064736398193
2025-09-28 08:00:00,0.6025580293699668
2025-09-28 09:00:00,0.7954192711041274
2025-09-28 10:00:00,0.833974573758054
2025-09-28 11:00:00,0.8801862485702071
2025-09-28 12:00:00,0.882939923667356
2025-09-28 13:00:00,0.862254624441081
2025-09-28 14:00:00,0.8527650364139834
2025-09-28 15:00:00,0.7887911944017594
2025-09-28 16:00:00,0.669940266432508
2025-09-28 17:00:00,0.3926201507396409
2025-09-28 18:00:00,0.0465968041963697
2025-09-28 19:00:00,0.0
2025-09-28 20:00:00,0.0
2025-09-28 21:00:00,0.0
2025-09-28 22:00:00,0.0
2025-09-28 23:00:00,0.0
2025-09-29 00:00:00,0.0
2025-09-29 01:00:00,0.0
2025-09-29 02:00:00,0.0
2025-09-29 03:00:00,0.0
2025-09-29 04:00:00,0.0
2025-09-29 05:00:00,0.0
2025-09-29 06:00:00,0.0017061231720796
2025-09-29 07:00:00,0.174155507542759
2025-09-29 08:00:00,0.5625738967005965
2025-09-29 09:00:00,0.7448825933072216
2025-09-29 10:00:00,0.8106472869560528
2025-09-29 11:00:00,0.8293260620905594
2025-09-29 12:00:00,0.8689905373710298
2025-09-29 13:00:00,0.875456859732027
2025-09-29 14:00:00,0.8149068179454888
2025-09-29 15:00:00,0.7873585130924735
2025-09-29 16:00:00,0.7069434976680415
2025-09-29 17:00:00,0.3874709708726647
2025-09-29 18:00:00,0.0399687274940016
2025-09-29 19:00:00,0.010956930980963
2025-09-29 20:00:00,0.0038551451360084
2025-09-29 21:00:00,0.0
2025-09-29 22:00:00,0.0
2025-09-29 23:00:00,0.0
2025-09-30 00:00:00,0.0
2025-09-30 01:00:00,0.0
2025-09-30 02:00:00,0.0
2025-09-30 03:00:00,0.0
2025-09-30 04:00:00,0.0
2025-09-30 05:00:00,0.0
2025-09-30 06:00:00,0.0014673429538653
2025-09-30 07:00:00,0.1806988557805995
2025-09-30 08:00:00,0.6255695100769103
2025-09-30 09:00:00,0.8478931497036429
2025-09-30 10:00:00,0.919835318675309
2025-09-30 11:00:00,0.9358721062340896
2025-09-30 12:00:00,0.9174321113177972
2025-09-30 13:00:00,0.9004440541800017
2025-09-30 14:00:00,0.8379529602970118
2025-09-30 15:00:00,0.8127154317492962
2025-09-30 16:00:00,0.7161172796000816
2025-09-30 17:00:00,0.4052986100680523
2025-09-30 18:00:00,0.0387209082891397
2025-09-30 19:00:00,0.0004660065549021
2025-09-30 20:00:00,0.0
2025-09-30 21:00:00,0.0
2025-09-30 22:00:00,0.0
2025-09-30 23:00:00,0.0
2025-10-01 00:00:00,0.0
2025-10-01 01:00:00,0.0
2025-10-01 02:00:00,0.0
2025-10-01 03:00:00,0.0
2025-10-01 04:00:00,0.0
2025-10-01 05:00:00,0.0
2025-10-01 06:00:00,0.0015251123614978
2025-10-01 07:00:00,0.1949447917027725
2025-10-01 08:00:00,0.6508917670891536
2025-10-01 09:00:00,0.8509626308958496
2025-10-01 10:00:00,0.8938737468852661
2025-10-01 11:00:00,0.909298178723142
2025-10-01 12:00:00,0.9144820202346978
2025-10-01 13:00:00,0.9068333506641556
2025-10-01 14:00:00,0.8957185166356637
2025-10-01 15:00:00,0.8665988838950446
2025-10-01 16:00:00,0.7842120060234236
2025-10-01 17:00:00,0.4039314007540833
2025-10-01 18:00:00,0.0398069731526306
2025-10-01 19:00:00,0.0002503340997408
2025-10-01 20:00:00,0.0
2025-10-01 21:00:00,0.0
2025-10-01 22:00:00,0.0
2025-10-01 23:00:00,0.0
2025-10-02 00:00:00,0.0
2025-10-02 01:00:00,0.0
2025-10-02 02:00:00,0.0
2025-10-02 03:00:00,0.0
2025-10-02 04:00:00,0.0
2025-10-02 05:00:00,0.0
2025-10-02 06:00:00,0.0013749119016533
2025-10-02 07:00:00,0.1922103730748345
2025-10-02 08:00:00,0.6347394407151082
2025-10-02 09:00:00,0.8009574316491626
2025-10-02 10:00:00,0.8499073763830959
2025-10-02 11:00:00,0.8716055658898606
2025-10-02 12:00:00,0.8603135723446291
2025-10-02 13:00:00,0.8497379194540406
2025-10-02 14:00:00,0.8100156747659377
2025-10-02 15:00:00,0.7403727282180449
2025-10-02 16:00:00,0.6246567534363169
2025-10-02 17:00:00,0.3107185358921329
2025-10-02 18:00:00,0.0318270923116621
2025-10-02 19:00:00,3.851293842166276e-05
2025-10-02 20:00:00,0.0
2025-10-02 21:00:00,0.0
2025-10-02 22:00:00,0.0
2025-10-02 23:00:00,0.0
2025-10-03 00:00:00,0.0
2025-10-03 01:00:00,0.0
2025-10-03 02:00:00,0.0
2025-10-03 03:00:00,0.0
2025-10-03 04:00:00,0.0
2025-10-03 05:00:00,0.0
2025-10-03 06:00:00,0.0012824808494413
2025-10-03 07:00:00,0.1648199712693479
2025-10-03 08:00:00,0.5638294184931427
2025-10-03 09:00:00,0.7650980346847523
2025-10-03 10:00:00,0.8008534467154241
2025-10-03 11:00:00,0.8526687540679291
2025-10-03 12:00:00,0.880713875826584
2025-10-03 13:00:00,0.8756571270118196
2025-10-03 14:00:00,0.8735966848062607
2025-10-03 15:00:00,0.8047124431452747
2025-10-03 16:00:00,0.7218942203633311
2025-10-03 17:00:00,0.394079791105822
2025-10-03 18:00:00,0.037268970510643
2025-10-03 19:00:00,0.0001617543413709
2025-10-03 20:00:00,0.0
2025-10-03 21:00:00,0.0
2025-10-03 22:00:00,0.0
2025-10-03 23:00:00,0.0
2025-10-04 00:00:00,0.0
2025-10-04 01:00:00,0.0
2025-10-04 02:00:00,0.0
2025-10-04 03:00:00,0.0
2025-10-04 04:00:00,0.0
2025-10-04 05:00:00,0.0
2025-10-04 06:00:00,0.0007856639438019
2025-10-04 07:00:00,0.1817733667625638
2025-10-04 08:00:00,0.6245604710902628
2025-10-04 09:00:00,0.7633996141003571
2025-10-04 10:00:00,0.7942330726007403
2025-10-04 11:00:00,0.8014041817348537
2025-10-04 12:00:00,0.7893072677766095
2025-10-04 13:00:00,0.772615760264661
2025-10-04 14:00:00,0.7170839543544654
2025-10-04 15:00:00,0.703454225447039
2025-10-04 16:00:00,0.6313002353140538
2025-10-04 17:00:00,0.3870049643177625
2025-10-04 18:00:00,0.0287190981810339
2025-10-04 19:00:00,0.0
2025-10-04 20:00:00,0.0
2025-10-04 21:00:00,0.0
2025-10-04 22:00:00,0.0
2025-10-04 23:00:00,0.0
2025-10-05 00:00:00,0.0
2025-10-05 01:00:00,0.0
2025-10-05 02:00:00,0.0
2025-10-05 03:00:00,0.0
2025-10-05 04:00:00,0.0
2025-10-05 05:00:00,0.0
2025-10-05 06:00:00,0.0009397156974885
2025-10-05 07:00:00,0.1860868158657901
2025-10-05 08:00:00,0.6641325153185212
2025-10-05 09:00:00,0.8232333152322523
2025-10-05 10:00:00,0.8651662025857587
2025-10-05 11:00:00,0.8985607714911824
2025-10-05 12:00:00,0.8888247006581862
2025-10-05 13:00:00,0.8879581595436987
2025-10-05 14:00:00,0.8733155403557825
2025-10-05 15:00:00,0.8464758735697256
2025-10-05 16:00:00,0.7662264637805071
2025-10-05 17:00:00,0.3850061428136782
2025-10-05 18:00:00,0.0302557644240582
2025-10-05 19:00:00,0.0007047867731164
2025-10-05 20:00:00,0.0
2025-10-05 21:00:00,0.0
2025-10-05 22:00:00,0.0
2025-10-05 23:00:00,0.0
2025-10-06 00:00:00,0.0
2025-10-06 01:00:00,0.0
2025-10-06 02:00:00,0.0
2025-10-06 03:00:00,0.0
2025-10-06 04:00:00,0.0
2025-10-06 05:00:00,0.0
2025-10-06 06:00:00,0.0007317458300115
2025-10-06 07:00:00,0.1788656399117283
2025-10-06 08:00:00,0.6650414206652725
2025-10-06 09:00:00,0.8775827739329028
2025-10-06 10:00:00,0.9141662141396402
2025-10-06 11:00:00,0.9089592648650312
2025-10-06 12:00:00,0.8922099879454504
2025-10-06 13:00:00,0.8929763954200414
2025-10-06 14:00:00,0.8952679152561303
2025-10-06 15:00:00,0.8859092712196662
2025-10-06 16:00:00,0.7855599588681818
2025-10-06 17:00:00,0.3661848698070117
2025-10-06 18:00:00,0.0244249055470185
2025-10-06 19:00:00,0.0006316121901152
2025-10-06 20:00:00,0.0009243105221199
2025-10-06 21:00:00,0.0003928319719009
2025-10-06 22:00:00,0.0
2025-10-06 23:00:00,0.0
2025-10-07 00:00:00,0.0
2025-10-07 01:00:00,0.0
2025-10-07 02:00:00,0.0
2025-10-07 03:00:00,0.0
2025-10-07 04:00:00,0.0
2025-10-07 05:00:00,0.0
2025-10-07 06:00:00,0.0006431660716417
2025-10-07 07:00:00,0.1697072631550569
2025-10-07 08:00:00,0.6481881588119529
2025-10-07 09:00:00,0.8478045699452731
2025-10-07 10:00:00,0.8855356957169761
2025-10-07 11:00:00,0.8902458280859455
2025-10-07 12:00:00,0.8835368742128918
2025-10-07 13:00:00,0.8798319295367278
2025-10-07 14:00:00,0.890835076043797
2025-10-07 15:00:00,0.8745171440345384
2025-10-07 16:00:00,0.7665807828139863
2025-10-07 17:00:00,0.3471787346959211
2025-10-07 18:00:00,0.0229960755315748
2025-10-07 19:00:00,0.0001502004598444
2025-10-07 20:00:00,0.0
2025-10-07 21:00:00,0.0
2025-10-07 22:00:00,0.0
2025-10-07 23:00:00,0.0
2025-10-08 00:00:00,0.0
2025-10-08 01:00:00,0.0
2025-10-08 02:00:00,0.0
2025-10-08 03:00:00,0.0
2025-10-08 04:00:00,0.0
2025-10-08 05:00:00,0.0
2025-10-08 06:00:00,0.0003158060950576
2025-10-08 07:00:00,0.1542982364925496
2025-10-08 08:00:00,0.6128140248716556
2025-10-08 09:00:00,0.8272155530650521
2025-10-08 10:00:00,0.8875653275717978
2025-10-08 11:00:00,0.8876539073301675
2025-10-08 12:00:00,0.8792157225219812
2025-10-08 13:00:00,0.8791425479389802
2025-10-08 14:00:00,0.8669262438716286
2025-10-08 15:00:00,0.8560270822982982
2025-10-08 16:00:00,0.7387898464489145
2025-10-08 17:00:00,0.336683958976018
2025-10-08 18:00:00,0.0206275298186425
2025-10-08 19:00:00,0.0
2025-10-08 20:00:00,0.0
2025-10-08 21:00:00,0.0
2025-10-08 22:00:00,0.0
2025-10-08 23:00:00,0.0
2025-10-09 00:00:00,0.0
2025-10-09 01:00:00,0.0
2025-10-09 02:00:00,0.0
2025-10-09 03:00:00,0.0
2025-10-09 04:00:00,0.0
2025-10-09 05:00:00,0.0
2025-10-09 06:00:00,0.0
2025-10-09 07:00:00,0.1006189029204361
2025-10-09 08:00:00,0.4985885008068461
2025-10-09 09:00:00,0.6935371438034608
2025-10-09 10:00:00,0.7206618063338378
2025-10-09 11:00:00,0.6970264160244635
2025-10-09 12:00:00,0.6860309721050787
2025-10-09 13:00:00,0.6788059448571748
2025-10-09 14:00:00,0.6199119594227681
2025-10-09 15:00:00,0.5437949879261939
2025-10-09 16:00:00,0.4307132981325076
2025-10-09 17:00:00,0.2119521053097788
2025-10-09 18:00:00,0.025988530846938
2025-10-09 19:00:00,0.0100826872787913
2025-10-09 20:00:00,0.0
2025-10-09 21:00:00,0.0
2025-10-09 22:00:00,0.0
2025-10-09 23:00:00,0.0
2025-10-10 00:00:00,0.0
2025-10-10 01:00:00,0.0
2025-10-10 02:00:00,0.0
2025-10-10 03:00:00,0.0
2025-10-10 04:00:00,0.0
2025-10-10 05:00:00,0.0
2025-10-10 06:00:00,0.0
2025-10-10 07:00:00,0.0607233500094356
2025-10-10 08:00:00,0.3455419348130004
2025-10-10 09:00:00,0.5298032373976037
2025-10-10 10:00:00,0.5867523194417165
2025-10-10 11:00:00,0.6065980366103992
2025-10-10 12:00:00,0.5941429523248335
2025-10-10 13:00:00,0.5534925458207686
2025-10-10 14:00:00,0.5402787566482959
2025-10-10 15:00:00,0.5001444235190813
2025-10-10 16:00:00,0.4365865212418112
2025-10-10 17:00:00,0.1915017350078759
2025-10-10 18:00:00,0.0095512087285723
2025-10-10 19:00:00,0.0002926983320046
2025-10-10 20:00:00,0.0
2025-10-10 21:00:00,0.0
2025-10-10 22:00:00,0.0
2025-10-10 23:00:00,0.0
2025-10-11 00:00:00,0.0
2025-10-11 01:00:00,0.0
2025-10-11 02:00:00,0.0
2025-10-11 03:00:00,0.0
2025-10-11 04:00:00,0.0
2025-10-11 05:00:00,0.0
2025-10-11 06:00:00,0.0
2025-10-11 07:00:00,0.0910946532487589
2025-10-11 08:00:00,0.4620859377707941
2025-10-11 09:00:00,0.69787370066974
2025-10-11 10:00:00,0.7832222235059869
2025-10-11 11:00:00,0.7991088106049228
2025-10-11 12:00:00,0.8145139859735878
2025-10-11 13:00:00,0.8176836008056906
2025-10-11 14:00:00,0.8376525593773229
2025-10-11 15:00:00,0.7991511748371865
2025-10-11 16:00:00,0.6757018020203888
2025-10-11 17:00:00,0.2977550808194013
2025-10-11 18:00:00,0.0138800630071672
2025-10-11 19:00:00,0.0
2025-10-11 20:00:00,0.0
2025-10-11 21:00:00,0.0
2025-10-11 22:00:00,0.0
2025-10-11 23:00:00,0.0
2025-10-12 00:00:00,0.0
2025-10-12 01:00:00,0.0
2025-10-12 02:00:00,0.0
2025-10-12 03:00:00,0.0
2025-10-12 04:00:00,0.0
2025-10-12 05:00:00,0.0
2025-10-12 06:00:00,0.0
2025-10-12 07:00:00,0.1280709254273973
2025-10-12 08:00:00,0.5883467550923733
2025-10-12 09:00:00,0.7844700427108487
2025-10-12 10:00:00,0.8473886302103191
2025-10-12 11:00:00,0.8450277870850712
2025-10-12 12:00:00,0.7866922392577786
2025-10-12 13:00:00,0.7846510535214305
2025-10-12 14:00:00,0.7909132573087928
2025-10-12 15:00:00,0.773636353132835
2025-10-12 16:00:00,0.6727324544680785
2025-10-12 17:00:00,0.2988257405075235
2025-10-12 18:00:00,0.014661875657127
2025-10-12 19:00:00,0.0
2025-10-12 20:00:00,0.0
2025-10-12 21:00:00,0.0
2025-10-12 22:00:00,0.0
2025-10-12 23:00:00,0.0
2025-10-13 00:00:00,0.0
2025-10-13 01:00:00,0.0
2025-10-13 02:00:00,0.0
2025-10-13 03:00:00,0.0
2025-10-13 04:00:00,0.0
2025-10-13 05:00:00,0.0
2025-10-13 06:00:00,0.0
2025-10-13 07:00:00,0.1117606960058231
2025-10-13 08:00:00,0.5137780037203499
2025-10-13 09:00:00,0.6915113632424813
2025-10-13 10:00:00,0.747070128209572
2025-10-13 11:00:00,0.7652058709123329
2025-10-13 12:00:00,0.7242704686639477
2025-10-13 13:00:00,0.6598306200968215
2025-10-13 14:00:00,0.615509930561172
2025-10-13 15:00:00,0.5483818788922138
2025-10-13 16:00:00,0.3819251077399452
2025-10-13 17:00:00,0.1067732704802178
2025-10-13 18:00:00,0.0026612440449368
2025-10-13 19:00:00,0.0
2025-10-13 20:00:00,0.0
2025-10-13 21:00:00,0.0
2025-10-13 22:00:00,0.0
2025-10-13 23:00:00,0.0
2025-10-14 00:00:00,0.0
2025-10-14 01:00:00,0.0
2025-10-14 02:00:00,0.0
2025-10-14 03:00:00,0.0
2025-10-14 04:00:00,0.0
2025-10-14 05:00:00,0.0
2025-10-14 06:00:00,3.08103507373302e-05
2025-10-14 07:00:00,0.0790015905843568
2025-10-14 08:00:00,0.294134864607765
2025-10-14 09:00:00,0.379556562027013
2025-10-14 10:00:00,0.426692547361286
2025-10-14 11:00:00,0.4685599627194756
2025-10-14 12:00:00,0.5374095427358822
2025-10-14 13:00:00,0.6086892891666955
2025-10-14 14:00:00,0.6728980601032917
2025-10-14 15:00:00,0.5964344721609225
2025-10-14 16:00:00,0.4462455661979642
2025-10-14 17:00:00,0.1273160718343327
2025-10-14 18:00:00,0.0036587291500579
2025-10-14 19:00:00,0.0
2025-10-14 20:00:00,0.0
2025-10-14 21:00:00,0.0
2025-10-14 22:00:00,0.0
2025-10-14 23:00:00,0.0
2025-10-15 00:00:00,0.0
2025-10-15 01:00:00,0.0
2025-10-15 02:00:00,0.0
2025-10-15 03:00:00,0.0
2025-10-15 04:00:00,0.0
2025-10-15 05:00:00,0.0
2025-10-15 06:00:00,0.0002079698674769
2025-10-15 07:00:00,0.1274739748818615
2025-10-15 08:00:00,0.5601629867554004
2025-10-15 09:00:00,0.7488224669077577
2025-10-15 10:00:00,0.8073236203702634
2025-10-15 11:00:00,0.8433139613253073
2025-10-15 12:00:00,0.8402367775454164
2025-10-15 13:00:00,0.8260678675000866
2025-10-15 14:00:00,0.8016198541900151
2025-10-15 15:00:00,0.7227607614778184
2025-10-15 16:00:00,0.6065903340227149
2025-10-15 17:00:00,0.2371203105683354
2025-10-15 18:00:00,0.0057653868817229
2025-10-15 19:00:00,0.0
2025-10-15 20:00:00,0.0
2025-10-15 21:00:00,0.0
2025-10-15 22:00:00,0.0
2025-10-15 23:00:00,0.0
2025-10-16 00:00:00,0.0
2025-10-16 01:00:00,0.0
2025-10-16 02:00:00,0.0
2025-10-16 03:00:00,0.0
2025-10-16 04:00:00,0.0
2025-10-16 05:00:00,0.0
2025-10-16 06:00:00,0.0001039849337384
2025-10-16 07:00:00,0.1333317928157964
2025-10-16 08:00:00,0.5933072215610835
2025-10-16 09:00:00,0.817598872341163
2025-10-16 10:00:00,0.8741358659441639
2025-10-16 11:00:00,0.8832672836439402
2025-10-16 12:00:00,0.8616692277770717
2025-10-16 13:00:00,0.8377180313726396
2025-10-16 14:00:00,0.8307972563382667
2025-10-16 15:00:00,0.7765209722206176
2025-10-16 16:00:00,0.6560178391930769
2025-10-16 17:00:00,0.2683273445714088
2025-10-16 18:00:00,0.014107289343855
2025-10-16 19:00:00,0.0
2025-10-16 20:00:00,0.0
2025-10-16 21:00:00,0.0
2025-10-16 22:00:00,0.0
2025-10-16 23:00:00,0.0
2025-10-17 00:00:00,0.0
2025-10-17 01:00:00,0.0
2025-10-17 02:00:00,0.0
2025-10-17 03:00:00,0.0
2025-10-17 04:00:00,0.0
2025-10-17 05:00:00,0.0
2025-10-17 06:00:00,6.932328915899296e-05
2025-10-17 07:00:00,0.1261568323878407
2025-10-17 08:00:00,0.5846032974777876
2025-10-17 09:00:00,0.8082979977123315
2025-10-17 10:00:00,0.8729727752038298
2025-10-17 11:00:00,0.8613264626251189
2025-10-17 12:00:00,0.8302465213188371
2025-10-17 13:00:00,0.8132854232379368
2025-10-17 14:00:00,0.7770755585338895
2025-10-17 15:00:00,0.7240740526779972
2025-10-17 16:00:00,0.6176242908805213
2025-10-17 17:00:00,0.2448074930772993
2025-10-17 18:00:00,0.006393147777996
2025-10-17 19:00:00,0.0
2025-10-17 20:00:00,0.0
2025-10-17 21:00:00,0.0
2025-10-17 22:00:00,0.0
2025-10-17 23:00:00,0.0
2025-10-18 00:00:00,0.0
2025-10-18 01:00:00,0.0
2025-10-18 02:00:00,0.0
2025-10-18 03:00:00,0.0
2025-10-18 04:00:00,0.0
2025-10-18 05:00:00,0.0
2025-10-18 06:00:00,6.932328915899296e-05
2025-10-18 07:00:00,0.1261568323878407
2025-10-18 08:00:00,0.5846032974777876
2025-10-18 09:00:00,0.8082979977123315
2025-10-18 10:00:00,0.8729727752038298
2025-10-18 11:00:00,0.8613264626251189
2025-10-18 12:00:00,0.8302465213188371
2025-10-18 13:00:00,0.8132854232379368
2025-10-18 14:00:00,0.7770755585338895
2025-10-18 15:00:00,0.7240740526779972
2025-10-18 16:00:00,0.6176242908805213
2025-10-18 17:00:00,0.2448074930772993
2025-10-18 18:00:00,0.006393147777996
2025-10-18 19:00:00,0.0
2025-10-18 20:00:00,0.0
2025-10-18 21:00:00,0.0
2025-10-18 22:00:00,0.0
2025-10-18 23:00:00,0.0
2025-10-19 00:00:00,0.0
2025-10-19 01:00:00,0.0
2025-10-19 02:00:00,0.0
2025-10-19 03:00:00,0.0
2025-10-19 04:00:00,0.0
2025-10-19 05:00:00,0.0
2025-10-19 06:00:00,1.54051753686651e-05
2025-10-19 07:00:00,0.1157968519524134
2025-10-19 08:00:00,0.549776047263078
2025-10-19 09:00:00,0.7231150805112978
2025-10-19 10:00:00,0.7425949247649748
2025-10-19 11:00:00,0.7438812569082583
2025-10-19 12:00:00,0.7365175830820364
2025-10-19 13:00:00,0.6881337785429015
2025-10-19 14:00:00,0.6595032601202374
2025-10-19 15:00:00,0.6661159316472369
2025-10-19 16:00:00,0.5805517363558288
2025-10-19 17:00:00,0.1986805467296738
2025-10-19 18:00:00,0.0034199489318436
2025-10-19 19:00:00,0.0
2025-10-19 20:00:00,0.0
2025-10-19 21:00:00,0.0
2025-10-19 22:00:00,0.0
2025-10-19 23:00:00,0.0
2025-10-20 00:00:00,0.0
2025-10-20 01:00:00,0.0
2025-10-20 02:00:00,0.0
2025-10-20 03:00:00,0.0
2025-10-20 04:00:00,0.0
2025-10-20 05:00:00,0.0
2025-10-20 06:00:00,0.0001424978721601
2025-10-20 07:00:00,0.1146607202689743
2025-10-20 08:00:00,0.5713201850161562
2025-10-20 09:00:00,0.8190161484750803
2025-10-20 10:00:00,0.857440507138373
2025-10-20 11:00:00,0.8431098427516724
2025-10-20 12:00:00,0.8210111186853223
2025-10-20 13:00:00,0.8044351499886387
2025-10-20 14:00:00,0.7477325507504246
2025-10-20 15:00:00,0.7445590846244796
2025-10-20 16:00:00,0.6403661810185132
2025-10-20 17:00:00,0.2121562238834136
2025-10-20 18:00:00,0.0058693718154614
2025-10-20 19:00:00,1.925646921083138e-05
2025-10-20 20:00:00,0.0
2025-10-20 21:00:00,0.0
2025-10-20 22:00:00,0.0
2025-10-20 23:00:00,0.0
2025-10-21 00:00:00,0.0
2025-10-21 01:00:00,0.0
2025-10-21 02:00:00,0.0
2025-10-21 03:00:00,0.0
2025-10-21 04:00:00,0.0
2025-10-21 05:00:00,0.0
2025-10-21 06:00:00,0.0
2025-10-21 07:00:00,0.0969409173011673
2025-10-21 08:00:00,0.524438385075466
2025-10-21 09:00:00,0.7465771625977747
2025-10-21 10:00:00,0.7591978525185535
2025-10-21 11:00:00,0.763750081839994
2025-10-21 12:00:00,0.7034696306224076
2025-10-21 13:00:00,0.7015401324074823
2025-10-21 14:00:00,0.6819447493385403
2025-10-21 15:00:00,0.6441866645099421
2025-10-21 16:00:00,0.4604183275371361
2025-10-21 17:00:00,0.1350109569309809
2025-10-21 18:00:00,0.0013749119016533
2025-10-21 19:00:00,0.0
2025-10-21 20:00:00,0.0
2025-10-21 21:00:00,0.0
2025-10-21 22:00:00,0.0
2025-10-21 23:00:00,0.0
2025-10-22 00:00:00,0.0
2025-10-22 01:00:00,0.0
2025-10-22 02:00:00,0.0
2025-10-22 03:00:00,0.0
2025-10-22 04:00:00,0.0
2025-10-22 05:00:00,0.0
2025-10-22 06:00:00,0.0
2025-10-22 07:00:00,0.0584818969932949
2025-10-22 08:00:00,0.3460079413679025
2025-10-22 09:00:00,0.5995193585284977
2025-10-22 10:00:00,0.6711688291681591
2025-10-22 11:00:00,0.7065891786345623
2025-10-22 12:00:00,0.7467312143514614
2025-10-22 13:00:00,0.7701509322056744
2025-10-22 14:00:00,0.7862570430536138
2025-10-22 15:00:00,0.7706593029928404
2025-10-22 16:00:00,0.5958028599708072
2025-10-22 17:00:00,0.1789311119070451
2025-10-22 18:00:00,0.0047139836628115
2025-10-22 19:00:00,0.0
2025-10-22 20:00:00,0.0
2025-10-22 21:00:00,0.0
2025-10-22 22:00:00,0.0
2025-10-22 23:00:00,0.0
2025-10-23 00:00:00,0.0
2025-10-23 01:00:00,0.0
2025-10-23 02:00:00,0.0
2025-10-23 03:00:00,0.0
2025-10-23 04:00:00,0.0
2025-10-23 05:00:00,0.0
2025-10-23 06:00:00,0.0
2025-10-23 07:00:00,0.0900702090867427
2025-10-23 08:00:00,0.5179181446006786
2025-10-23 09:00:00,0.7839770770990514
2025-10-23 10:00:00,0.8233334488721485
2025-10-23 11:00:00,0.8269998806098909
2025-10-23 12:00:00,0.8203217370875746
2025-10-23 13:00:00,0.8259253696279265
2025-10-23 14:00:00,0.8346947657065392
2025-10-23 15:00:00,0.8247468737122237
2025-10-23 16:00:00,0.6491240232155993
2025-10-23 17:00:00,0.1948369554751918
2025-10-23 18:00:00,0.0050374923455534
2025-10-23 19:00:00,0.0013518041386003
2025-10-23 20:00:00,0.0016329485890785
2025-10-23 21:00:00,0.0003774267965322
2025-10-23 22:00:00,2.695905689516393e-05
2025-10-23 23:00:00,0.0
2025-10-24 00:00:00,0.0
2025-10-24 01:00:00,0.0
2025-10-24 02:00:00,0.0
2025-10-24 03:00:00,0.0
2025-10-24 04:00:00,0.0
2025-10-24 05:00:00,0.0
2025-10-24 06:00:00,5.391811379032786e-05
2025-10-24 07:00:00,0.0918495068418235
2025-10-24 08:00:00,0.540856450724621
2025-10-24 09:00:00,0.8138746711957883
2025-10-24 10:00:00,0.8604945831552111
2025-10-24 11:00:00,0.8480009859312235
2025-10-24 12:00:00,0.8363200117079332
2025-10-24 13:00:00,0.8478546367652213
2025-10-24 14:00:00,0.8511937085263795
2025-10-24 15:00:00,0.8258830053956627
2025-10-24 16:00:00,0.6466206822181911
2025-10-24 17:00:00,0.1846733910257151
2025-10-24 18:00:00,0.0033236665857894
2025-10-24 19:00:00,0.0
2025-10-24 20:00:00,0.0
2025-10-24 21:00:00,0.0
2025-10-24 22:00:00,0.0
2025-10-24 23:00:00,0.0
2025-10-25 00:00:00,0.0
2025-10-25 01:00:00,0.0
2025-10-25 02:00:00,0.0
2025-10-25 03:00:00,0.0
2025-10-25 04:00:00,0.0
2025-10-25 05:00:00,0.0
2025-10-25 06:00:00,2.3107763052997653e-05
2025-10-25 07:00:00,0.0923193646905678
2025-10-25 08:00:00,0.5159655386227003
2025-10-25 09:00:00,0.7521499847873894
2025-10-25 10:00:00,0.8203332909691011
2025-10-25 11:00:00,0.8090875129499755
2025-10-25 12:00:00,0.8000716340654643
2025-10-25 13:00:00,0.7706438978174718
2025-10-25 14:00:00,0.7645472996653225
2025-10-25 15:00:00,0.7148617578075355
2025-10-25 16:00:00,0.5260867388399133
2025-10-25 17:00:00,0.1534856134918526
2025-10-25 18:00:00,0.0048372250657608
2025-10-25 19:00:00,0.0031195480121546
2025-10-25 20:00:00,0.0
2025-10-25 21:00:00,0.0
2025-10-25 22:00:00,0.0
2025-10-25 23:00:00,0.0
2025-10-26 00:00:00,0.0
2025-10-26 01:00:00,0.0
2025-10-26 02:00:00,0.0
2025-10-26 03:00:00,0.0
2025-10-26 04:00:00,0.0
2025-10-26 05:00:00,0.0
2025-10-26 06:00:00,0.0
2025-10-26 07:00:00,0.0745032793767066
2025-10-26 08:00:00,0.4730582739271258
2025-10-26 09:00:00,0.7294620127631878
2025-10-26 10:00:00,0.7337176924587815
2025-10-26 11:00:00,0.7222369855152839
2025-10-26 12:00:00,0.7203729592956754
2025-10-26 13:00:00,0.725414302935071
2025-10-26 14:00:00,0.7196797264040855
2025-10-26 15:00:00,0.6723973919038101
2025-10-26 16:00:00,0.5602400126322439
2025-10-26 17:00:00,0.1569132650113806
2025-10-26 18:00:00,0.0011476855649655
2025-10-26 19:00:00,0.0
2025-10-26 20:00:00,0.0
2025-10-26 21:00:00,0.0
2025-10-26 22:00:00,0.0
2025-10-26 23:00:00,0.0
2025-10-27 00:00:00,0.0
2025-10-27 01:00:00,0.0
2025-10-27 02:00:00,0.0
2025-10-27 03:00:00,0.0
2025-10-27 04:00:00,0.0
2025-10-27 05:00:00,0.0
2025-10-27 06:00:00,0.0
2025-10-27 07:00:00,0.074769018651816
2025-10-27 08:00:00,0.4845697912213608
2025-10-27 09:00:00,0.7348461215545362
2025-10-27 10:00:00,0.7542027244052639
2025-10-27 11:00:00,0.755870334638922
2025-10-27 12:00:00,0.7900775265450428
2025-10-27 13:00:00,0.7826406781358197
2025-10-27 14:00:00,0.7764978644575645
2025-10-27 15:00:00,0.7463845979056665
2025-10-27 16:00:00,0.5894097121928111
2025-10-27 17:00:00,0.158962153335413
2025-10-27 18:00:00,0.001205454972598
2025-10-27 19:00:00,0.0
2025-10-27 20:00:00,0.0
2025-10-27 21:00:00,0.0
2025-10-27 22:00:00,0.0
2025-10-27 23:00:00,0.0
2025-10-28 00:00:00,0.0
2025-10-28 01:00:00,0.0
2025-10-28 02:00:00,0.0
2025-10-28 03:00:00,0.0
2025-10-28 04:00:00,0.0
2025-10-28 05:00:00,0.0
2025-10-28 06:00:00,0.0
2025-10-28 07:00:00,0.0769527022603243
2025-10-28 08:00:00,0.5127458569706492
2025-10-28 09:00:00,0.8110478215156381
2025-10-28 10:00:00,0.8617578075354415
2025-10-28 11:00:00,0.8599438481357812
2025-10-28 12:00:00,0.8446619141700654
2025-10-28 13:00:00,0.8447890068668569
2025-10-28 14:00:00,0.8491833331407687
2025-10-28 15:00:00,0.7834687063118855
2025-10-28 16:00:00,0.6221880740834883
2025-10-28 17:00:00,0.1579377091733968
2025-10-28 18:00:00,0.0011630907403342
2025-10-28 19:00:00,0.0
2025-10-28 20:00:00,0.0
2025-10-28 21:00:00,0.0
2025-10-28 22:00:00,0.0
2025-10-28 23:00:00,0.0
2025-10-29 00:00:00,0.0
2025-10-29 01:00:00,0.0
2025-10-29 02:00:00,0.0
2025-10-29 03:00:00,0.0
2025-10-29 04:00:00,0.0
2025-10-29 05:00:00,0.0
2025-10-29 06:00:00,0.0
2025-10-29 07:00:00,0.0699664552306347
2025-10-29 08:00:00,0.4983882335270534
2025-10-29 09:00:00,0.7893496320088734
2025-10-29 10:00:00,0.8449392073267014
2025-10-29 11:00:00,0.8461870265315632
2025-10-29 12:00:00,0.8375139127990049
2025-10-29 13:00:00,0.8433909872021506
2025-10-29 14:00:00,0.8451163668434412
2025-10-29 15:00:00,0.8225054206960829
2025-10-29 16:00:00,0.6188335971469615
2025-10-29 17:00:00,0.1493647290807346
2025-10-29 18:00:00,0.0006008018393779
2025-10-29 19:00:00,0.0
2025-10-29 20:00:00,0.0
2025-10-29 21:00:00,0.0
2025-10-29 22:00:00,0.0
2025-10-29 23:00:00,0.0
2025-10-30 00:00:00,0.0
2025-10-30 01:00:00,0.0
2025-10-30 02:00:00,0.0
2025-10-30 03:00:00,0.0
2025-10-30 04:00:00,0.0
2025-10-30 05:00:00,0.0
2025-10-30 06:00:00,0.0
2025-10-30 07:00:00,0.0679252694942866
2025-10-30 08:00:00,0.4992393694661721
2025-10-30 09:00:00,0.7792130266162918
2025-10-30 10:00:00,0.846271754996091
2025-10-30 11:00:00,0.8269382599084162
2025-10-30 12:00:00,0.8200829568693603
2025-10-30 13:00:00,0.8184037927541759
2025-10-30 14:00:00,0.8334623516770459
2025-10-30 15:00:00,0.8162971350225108
2025-10-30 16:00:00,0.6155985103195418
2025-10-30 17:00:00,0.1444081139058666
2025-10-30 18:00:00,0.0036625804439001
2025-10-30 19:00:00,0.0007009354792742
2025-10-30 20:00:00,0.0
2025-10-30 21:00:00,0.0
2025-10-30 22:00:00,0.0
2025-10-30 23:00:00,0.0
2025-10-31 00:00:00,0.0
2025-10-31 01:00:00,0.0
2025-10-31 02:00:00,0.0
2025-10-31 03:00:00,0.0
2025-10-31 04:00:00,0.0
2025-10-31 05:00:00,0.0
2025-10-31 06:00:00,0.0
2025-10-31 07:00:00,0.0627683870396259
2025-10-31 08:00:00,0.4650437314415778
2025-10-31 09:00:00,0.7566521472888817
2025-10-31 10:00:00,0.8375216153866891
2025-10-31 11:00:00,0.8348873303986474
2025-10-31 12:00:00,0.8230677095970391
2025-10-31 13:00:00,0.8101389161688869
2025-10-31 14:00:00,0.8297342992378289
2025-10-31 15:00:00,0.8028368630441396
2025-10-31 16:00:00,0.5874455523333064
2025-10-31 17:00:00,0.1353729785521445
2025-10-31 18:00:00,0.0029847527276788
2025-10-31 19:00:00,0.0
2025-10-31 20:00:00,0.0
2025-10-31 21:00:00,0.0
2025-10-31 22:00:00,0.0
2025-10-31 23:00:00,0.0
2025-11-01 00:00:00,0.0
2025-11-01 01:00:00,0.0
2025-11-01 02:00:00,0.0
2025-11-01 03:00:00,0.0
2025-11-01 04:00:00,0.0
2025-11-01 05:00:00,0.0
2025-11-01 06:00:00,0.0
2025-11-01 07:00:00,0.0616938760576615
2025-11-01 08:00:00,0.4908782105348291
2025-11-01 09:00:00,0.80854448051823
2025-11-01 10:00:00,0.8551605411838107
2025-11-01 11:00:00,0.8430020065240919
2025-11-01 12:00:00,0.8266494128702537
2025-11-01 13:00:00,0.8341825436255309
2025-11-01 14:00:00,0.8491871844346108
2025-11-01 15:00:00,0.8294416009058243
2025-11-01 16:00:00,0.6074222134926228
2025-11-01 17:00:00,0.1330121354268966
2025-11-01 18:00:00,0.0022992224237732
2025-11-01 19:00:00,0.0
2025-11-01 20:00:00,0.0
2025-11-01 21:00:00,0.0
2025-11-01 22:00:00,0.0
2025-11-01 23:00:00,0.0
2025-11-02 00:00:00,0.0
2025-11-02 01:00:00,0.0
2025-11-02 02:00:00,0.0
2025-11-02 03:00:00,0.0
2025-11-02 04:00:00,0.0
2025-11-02 05:00:00,0.0
2025-11-02 06:00:00,0.0580312956137614
2025-11-02 07:00:00,0.4557698158696414
2025-11-02 08:00:00,0.7826406781358197
2025-11-02 09:00:00,0.8274004151694762
2025-11-02 10:00:00,0.8174948874074245
2025-11-02 11:00:00,0.8097037199647222
2025-11-02 12:00:00,0.7983578083057004
2025-11-02 13:00:00,0.80289078115793
2025-11-02 14:00:00,0.7556700673591293
2025-11-02 15:00:00,0.5259288357923845
2025-11-02 16:00:00,0.1021016510496701
2025-11-02 17:00:00,0.0003928319719009
2025-11-02 18:00:00,0.0001386465783179
2025-11-02 19:00:00,0.0004005345595852
2025-11-02 20:00:00,0.0004428987918491
2025-11-02 21:00:00,0.0004891143179551
2025-11-02 22:00:00,0.0
2025-11-02 23:00:00,0.0
2025-11-03 00:00:00,0.0
2025-11-03 01:00:00,0.0
2025-11-03 02:00:00,0.0
2025-11-03 03:00:00,0.0
2025-11-03 04:00:00,0.0
2025-11-03 05:00:00,0.0
2025-11-03 06:00:00,0.0397530550388402
2025-11-03 07:00:00,0.3813358597820938
2025-11-03 08:00:00,0.7226991407763439
2025-11-03 09:00:00,0.7968635062949397
2025-11-03 10:00:00,0.8056483075489211
2025-11-03 11:00:00,0.7960316268250318
2025-11-03 12:00:00,0.7976376163572152
2025-11-03 13:00:00,0.8083018490061735
2025-11-03 14:00:00,0.7786430351276511
2025-11-03 15:00:00,0.5356957169761182
2025-11-03 16:00:00,0.104924649435978
2025-11-03 17:00:00,0.0035740006855303
2025-11-03 18:00:00,0.0
2025-11-03 19:00:00,0.0
2025-11-03 20:00:00,0.0
2025-11-03 21:00:00,0.0
2025-11-03 22:00:00,0.0
2025-11-03 23:00:00,0.0
2025-11-04 00:00:00,0.0
2025-11-04 01:00:00,0.0
2025-11-04 02:00:00,0.0
2025-11-04 03:00:00,0.0
2025-11-04 04:00:00,0.0
2025-11-04 05:00:00,0.0
2025-11-04 06:00:00,0.051630445248081
2025-11-04 07:00:00,0.4460067859797499
2025-11-04 08:00:00,0.773636353132835
2025-11-04 09:00:00,0.8188312863706563
2025-11-04 10:00:00,0.8009689855306891
2025-11-04 11:00:00,0.7861106938876116
2025-11-04 12:00:00,0.7994785348137707
2025-11-04 13:00:00,0.8061682322176136
2025-11-04 14:00:00,0.7457183240709716
2025-11-04 15:00:00,0.5489942346131182
2025-11-04 16:00:00,0.1121381228023554
2025-11-04 17:00:00,0.0022722633668781
2025-11-04 18:00:00,0.0022183452530877
2025-11-04 19:00:00,0.0023916534759852
2025-11-04 20:00:00,0.0024840845281972
2025-11-04 21:00:00,0.0020565909117167
2025-11-04 22:00:00,0.0005391811379032
2025-11-04 23:00:00,0.0
2025-11-05 00:00:00,0.0
2025-11-05 01:00:00,0.0
2025-11-05 02:00:00,0.0
2025-11-05 03:00:00,0.0
2025-11-05 04:00:00,0.0
2025-11-05 05:00:00,0.0
2025-11-05 06:00:00,0.0476135457707016
2025-11-05 07:00:00,0.3862385568431715
2025-11-05 08:00:00,0.629336075454549
2025-11-05 09:00:00,0.6705526221534125
2025-11-05 10:00:00,0.6784978413498014
2025-11-05 11:00:00,0.6970033082614104
2025-11-05 12:00:00,0.661602215264218
2025-11-05 13:00:00,0.6240482490092547
2025-11-05 14:00:00,0.543475330537294
2025-11-05 15:00:00,0.3078801323304564
2025-11-05 16:00:00,0.0519732104000338
2025-11-05 17:00:00,0.0
2025-11-05 18:00:00,0.0
2025-11-05 19:00:00,0.0
2025-11-05 20:00:00,0.0
2025-11-05 21:00:00,0.0
2025-11-05 22:00:00,0.0
2025-11-05 23:00:00,0.0
2025-11-06 00:00:00,0.0
2025-11-06 01:00:00,0.0
2025-11-06 02:00:00,0.0
2025-11-06 03:00:00,0.0
2025-11-06 04:00:00,0.0
2025-11-06 05:00:00,0.0
2025-11-06 06:00:00,0.0430805729184719
2025-11-06 07:00:00,0.3739028626667129
2025-11-06 08:00:00,0.6763449680920306
2025-11-06 09:00:00,0.7559204014588701
2025-11-06 10:00:00,0.7827793247141377
2025-11-06 11:00:00,0.7654369485428629
2025-11-06 12:00:00,0.7541025907653677
2025-11-06 13:00:00,0.755177101747332
2025-11-06 14:00:00,0.6954473855491752
2025-11-06 15:00:00,0.514567518957994
2025-11-06 16:00:00,0.0976688118373367
2025-11-06 17:00:00,0.0007741100622754
2025-11-06 18:00:00,0.0005853966640092
2025-11-06 19:00:00,0.0
2025-11-06 20:00:00,0.0
2025-11-06 21:00:00,0.0
2025-11-06 22:00:00,0.0
2025-11-06 23:00:00,0.0
2025-11-07 00:00:00,0.0
2025-11-07 01:00:00,0.0
2025-11-07 02:00:00,0.0
2025-11-07 03:00:00,0.0
2025-11-07 04:00:00,0.0
2025-11-07 05:00:00,0.0
2025-11-07 06:00:00,0.0410162794190708
2025-11-07 07:00:00,0.4128933615248042
2025-11-07 08:00:00,0.7608153959322634
2025-11-07 09:00:00,0.8124612463557132
2025-11-07 10:00:00,0.8135280547499933
2025-11-07 11:00:00,0.8019780245173366
2025-11-07 12:00:00,0.789388144947295
2025-11-07 13:00:00,0.797190866271524
2025-11-07 14:00:00,0.7604071587849938
2025-11-07 15:00:00,0.5350718073736872
2025-11-07 16:00:00,0.0971912514009081
2025-11-07 17:00:00,0.0005584376071141
2025-11-07 18:00:00,0.0
2025-11-07 19:00:00,0.0
2025-11-07 20:00:00,0.0
2025-11-07 21:00:00,0.0
2025-11-07 22:00:00,0.0
2025-11-07 23:00:00,0.0
2025-11-08 00:00:00,0.0
2025-11-08 01:00:00,0.0
2025-11-08 02:00:00,0.0
2025-11-08 03:00:00,0.0
2025-11-08 04:00:00,0.0
2025-11-08 05:00:00,0.0
2025-11-08 06:00:00,0.038520641009347
2025-11-08 07:00:00,0.4000724043242327
2025-11-08 08:00:00,0.7136331950718844
2025-11-08 09:00:00,0.7952421115873878
2025-11-08 10:00:00,0.8031295613761443
2025-11-08 11:00:00,0.7965053359676183
2025-11-08 12:00:00,0.8056752666058162
2025-11-08 13:00:00,0.8142289902292674
2025-11-08 14:00:00,0.7816239365614878
2025-11-08 15:00:00,0.541183810701205
2025-11-08 16:00:00,0.0947033155788687
2025-11-08 17:00:00,0.0
2025-11-08 18:00:00,0.0
2025-11-08 19:00:00,0.0
2025-11-08 20:00:00,0.0
2025-11-08 21:00:00,0.0
2025-11-08 22:00:00,0.0
2025-11-08 23:00:00,0.0
2025-11-09 00:00:00,0.0
2025-11-09 01:00:00,0.0
2025-11-09 02:00:00,0.0
2025-11-09 03:00:00,0.0
2025-11-09 04:00:00,0.0
2025-11-09 05:00:00,0.0
2025-11-09 06:00:00,0.0367721536050036
2025-11-09 07:00:00,0.405729954978375
2025-11-09 08:00:00,0.7436578818654127
2025-11-09 09:00:00,0.8151378955760188
2025-11-09 10:00:00,0.8077819243374811
2025-11-09 11:00:00,0.7927734322345591
2025-11-09 12:00:00,0.8000100133639897
2025-11-09 13:00:00,0.80817090501554
2025-11-09 14:00:00,0.7765710390405657
2025-11-09 15:00:00,0.5319715158307433
2025-11-09 16:00:00,0.0909906683150204
2025-11-09 17:00:00,0.0
2025-11-09 18:00:00,0.0
2025-11-09 19:00:00,0.0
2025-11-09 20:00:00,0.0
2025-11-09 21:00:00,0.0
2025-11-09 22:00:00,0.0
2025-11-09 23:00:00,0.0
2025-11-10 00:00:00,0.0
2025-11-10 01:00:00,0.0
2025-11-10 02:00:00,0.0
2025-11-10 03:00:00,0.0
2025-11-10 04:00:00,0.0
2025-11-10 05:00:00,0.0
2025-11-10 06:00:00,0.0333753124362129
2025-11-10 07:00:00,0.3912606440133563
2025-11-10 08:00:00,0.7352620612894901
2025-11-10 09:00:00,0.7947221869186953
2025-11-10 10:00:00,0.7698351261106169
2025-11-10 11:00:00,0.7543221145143711
2025-11-10 12:00:00,0.7674203648715786
2025-11-10 13:00:00,0.7862454891720873
2025-11-10 14:00:00,0.7269702256473062
2025-11-10 15:00:00,0.4790239280886413
2025-11-10 16:00:00,0.0642780942257551
2025-11-10 17:00:00,0.0
2025-11-10 18:00:00,0.0
2025-11-10 19:00:00,0.0
2025-11-10 20:00:00,0.0
2025-11-10 21:00:00,0.0
2025-11-10 22:00:00,0.0
2025-11-10 23:00:00,0.0
2025-11-11 00:00:00,0.0
2025-11-11 01:00:00,0.0
2025-11-11 02:00:00,0.0
2025-11-11 03:00:00,0.0
2025-11-11 04:00:00,0.0
2025-11-11 05:00:00,0.0
2025-11-11 06:00:00,0.0319503337146114
2025-11-11 07:00:00,0.3258194590472669
2025-11-11 08:00:00,0.5525720865924907
2025-11-11 09:00:00,0.600362791879932
2025-11-11 10:00:00,0.594362476073837
2025-11-11 11:00:00,0.6262396352054472
2025-11-11 12:00:00,0.559435092219231
2025-11-11 13:00:00,0.4840691230218791
2025-11-11 14:00:00,0.388568589617682
2025-11-11 15:00:00,0.2079198006570307
2025-11-11 16:00:00,0.0303982622962184
2025-11-11 17:00:00,0.0
2025-11-11 18:00:00,0.0
2025-11-11 19:00:00,0.0
2025-11-11 20:00:00,0.0
2025-11-11 21:00:00,0.0
2025-11-11 22:00:00,0.0
2025-11-11 23:00:00,0.0
2025-11-12 00:00:00,0.0
2025-11-12 01:00:00,0.0
2025-11-12 02:00:00,0.0
2025-11-12 03:00:00,0.0
2025-11-12 04:00:00,0.0
2025-11-12 05:00:00,0.0
2025-11-12 06:00:00,0.0134487180968446
2025-11-12 07:00:00,0.120815087828756
2025-11-12 08:00:00,0.277736055427821
2025-11-12 09:00:00,0.4046169310579889
2025-11-12 10:00:00,0.4714099201626786
2025-11-12 11:00:00,0.5374673121435146
2025-11-12 12:00:00,0.5110666928554648
2025-11-12 13:00:00,0.4117225681967857
2025-11-12 14:00:00,0.2876839474221364
2025-11-12 15:00:00,0.1668341979488009
2025-11-12 16:00:00,0.0252452311353999
2025-11-12 17:00:00,3.851293842166275e-06
2025-11-12 18:00:00,3.851293842166275e-06
2025-11-12 19:00:00,0.0
2025-11-12 20:00:00,0.0
2025-11-12 21:00:00,0.0
2025-11-12 22:00:00,0.0
2025-11-12 23:00:00,0.0
2025-11-13 00:00:00,0.0
2025-11-13 01:00:00,0.0
2025-11-13 02:00:00,0.0
2025-11-13 03:00:00,0.0
2025-11-13 04:00:00,0.0
2025-11-13 05:00:00,0.0
2025-11-13 06:00:00,0.0155938887669312
2025-11-13 07:00:00,0.2635209298563852
2025-11-13 08:00:00,0.5498376679645527
2025-11-13 09:00:00,0.6056814286759638
2025-11-13 10:00:00,0.6201815499917197
2025-11-13 11:00:00,0.6216565955332694
2025-11-13 12:00:00,0.5959646143121782
2025-11-13 13:00:00,0.613634350460037
2025-11-13 14:00:00,0.5271304394711404
2025-11-13 15:00:00,0.3315309278151995
2025-11-13 16:00:00,0.0399648762001594
2025-11-13 17:00:00,0.0
2025-11-13 18:00:00,0.0
2025-11-13 19:00:00,0.0
2025-11-13 20:00:00,0.0
2025-11-13 21:00:00,0.0
2025-11-13 22:00:00,0.0
2025-11-13 23:00:00,0.0
2025-11-14 00:00:00,0.0
2025-11-14 01:00:00,0.0
2025-11-14 02:00:00,0.0
2025-11-14 03:00:00,0.0
2025-11-14 04:00:00,0.0
2025-11-14 05:00:00,0.0
2025-11-14 06:00:00,0.0127362287360438
2025-11-14 07:00:00,0.106037673356364
2025-11-14 08:00:00,0.1771055986258583
2025-11-14 09:00:00,0.2152334076633045
2025-11-14 10:00:00,0.2712081123653491
2025-11-14 11:00:00,0.3223109303570534
2025-11-14 12:00:00,0.3466896203779659
2025-11-14 13:00:00,0.3205162274266039
2025-11-14 14:00:00,0.2277809230010822
2025-11-14 15:00:00,0.1100699780091121
2025-11-14 16:00:00,0.0160329362649382
2025-11-14 17:00:00,0.0
2025-11-14 18:00:00,0.0
2025-11-14 19:00:00,0.0
2025-11-14 20:00:00,0.0
2025-11-14 21:00:00,0.0
2025-11-14 22:00:00,0.0
2025-11-14 23:00:00,0.0
2025-11-15 00:00:00,0.0
2025-11-15 01:00:00,0.0
2025-11-15 02:00:00,0.0
2025-11-15 03:00:00,0.0
2025-11-15 04:00:00,0.0
2025-11-15 05:00:00,0.0
2025-11-15 06:00:00,0.0036779856192687
2025-11-15 07:00:00,0.0429842905724178
2025-11-15 08:00:00,0.0737330206082733
2025-11-15 09:00:00,0.1219242604552999
2025-11-15 10:00:00,0.1287487531436186
2025-11-15 11:00:00,0.1184349882342973
2025-11-15 12:00:00,0.1188470766754091
2025-11-15 13:00:00,0.1401139212718512
2025-11-15 14:00:00,0.1466149052774279
2025-11-15 15:00:00,0.0618171174606108
2025-11-15 16:00:00,0.0057268739433012
2025-11-15 17:00:00,0.0
2025-11-15 18:00:00,0.0
2025-11-15 19:00:00,0.0
2025-11-15 20:00:00,0.0
2025-11-15 21:00:00,0.0
2025-11-15 22:00:00,0.0
2025-11-15 23:00:00,0.0
2025-11-16 00:00:00,0.0
2025-11-16 01:00:00,0.0
2025-11-16 02:00:00,0.0
2025-11-16 03:00:00,0.0
2025-11-16 04:00:00,0.0
2025-11-16 05:00:00,0.0
2025-11-16 06:00:00,0.0099170816435781
2025-11-16 07:00:00,0.1348222435327148
2025-11-16 08:00:00,0.3147893534833027
2025-11-16 09:00:00,0.3629574855672763
2025-11-16 10:00:00,0.4075477656718774
2025-11-16 11:00:00,0.4441812726985631
2025-11-16 12:00:00,0.4123310726238479
2025-11-16 13:00:00,0.3544230184130358
2025-11-16 14:00:00,0.3567800102444416
2025-11-16 15:00:00,0.2313087081605065
2025-11-16 16:00:00,0.0261926494205728
2025-11-16 17:00:00,0.0
2025-11-16 18:00:00,0.0
2025-11-16 19:00:00,0.0
2025-11-16 20:00:00,0.0
2025-11-16 21:00:00,0.0
2025-11-16 22:00:00,0.0
2025-11-16 23:00:00,0.0
2025-11-17 00:00:00,0.0
2025-11-17 01:00:00,0.0
2025-11-17 02:00:00,0.0
2025-11-17 03:00:00,0.0
2025-11-17 04:00:00,0.0
2025-11-17 05:00:00,0.0
2025-11-17 06:00:00,0.0133293279877374
2025-11-17 07:00:00,0.1631754687987429
2025-11-17 08:00:00,0.30847323158215
2025-11-17 09:00:00,0.3991557963897972
2025-11-17 10:00:00,0.3956626728749523
2025-11-17 11:00:00,0.38129349554983
2025-11-17 12:00:00,0.4187088152264753
2025-11-17 13:00:00,0.3676252537039818
2025-11-17 14:00:00,0.2706188644074976
2025-11-17 15:00:00,0.1203221222169587
2025-11-17 16:00:00,0.0139262785332732
2025-11-17 17:00:00,0.0
2025-11-17 18:00:00,0.0
2025-11-17 19:00:00,0.0
2025-11-17 20:00:00,0.0
2025-11-17 21:00:00,0.0
2025-11-17 22:00:00,0.0
2025-11-17 23:00:00,0.0
2025-11-18 00:00:00,0.0
2025-11-18 01:00:00,0.0
2025-11-18 02:00:00,0.0
2025-11-18 03:00:00,0.0
2025-11-18 04:00:00,0.0
2025-11-18 05:00:00,0.0
2025-11-18 06:00:00,0.0035085286902134
2025-11-18 07:00:00,0.1255829896053579
2025-11-18 08:00:00,0.3086619449804161
2025-11-18 09:00:00,0.4864723303793909
2025-11-18 10:00:00,0.5214805914046824
2025-11-18 11:00:00,0.5297339141084447
2025-11-18 12:00:00,0.5378948057599952
2025-11-18 13:00:00,0.5329805548173909
2025-11-18 14:00:00,0.5278544827134676
2025-11-18 15:00:00,0.3449796459120441
2025-11-18 16:00:00,0.04910399648762
2025-11-18 17:00:00,0.0
2025-11-18 18:00:00,0.0
2025-11-18 19:00:00,0.0
2025-11-18 20:00:00,0.0
2025-11-18 21:00:00,0.0
2025-11-18 22:00:00,0.0
2025-11-18 23:00:00,0.0
2025-11-19 00:00:00,0.0
2025-11-19 01:00:00,0.0
2025-11-19 02:00:00,0.0
2025-11-19 03:00:00,0.0
2025-11-19 04:00:00,0.0
2025-11-19 05:00:00,0.0
2025-11-19 06:00:00,0.0074638074661182
2025-11-19 07:00:00,0.2116362992147211
2025-11-19 08:00:00,0.5612798619696288
2025-11-19 09:00:00,0.631654554347533
2025-11-19 10:00:00,0.6423572999349131
2025-11-19 11:00:00,0.6489353098173332
2025-11-19 12:00:00,0.6258699109965993
2025-11-19 13:00:00,0.5315401709204207
2025-11-19 14:00:00,0.5144596827304133
2025-11-19 15:00:00,0.3501134206036518
2025-11-19 16:00:00,0.050794714484331
2025-11-19 17:00:00,0.0001579030475288
2025-11-19 18:00:00,0.0006431660716417
2025-11-19 19:00:00,0.0006123557209044
2025-11-19 20:00:00,0.0005160733748502
2025-11-19 21:00:00,0.0005083707871659
2025-11-19 22:00:00,0.0005083707871659
2025-11-19 23:00:00,0.0005969505455357
2025-11-20 00:00:00,0.0006008018393779
2025-11-20 01:00:00,0.0002926983320046
2025-11-20 02:00:00,0.0
2025-11-20 03:00:00,0.0
2025-11-20 04:00:00,0.0
2025-11-20 05:00:00,0.0
2025-11-20 06:00:00,0.0151933542073459
2025-11-20 07:00:00,0.2484854786965681
2025-11-20 08:00:00,0.505697989239485
2025-11-20 09:00:00,0.564530353972417
2025-11-20 10:00:00,0.5352836285350063
2025-11-20 11:00:00,0.4793320315960147
2025-11-20 12:00:00,0.4285296145239993
2025-11-20 13:00:00,0.4095542897636461
2025-11-20 14:00:00,0.31458908620351
2025-11-20 15:00:00,0.1219396656306686
2025-11-20 16:00:00,0.0139840479409057
2025-11-20 17:00:00,0.0
2025-11-20 18:00:00,0.0
2025-11-20 19:00:00,0.0
2025-11-20 20:00:00,0.0
2025-11-20 21:00:00,0.0
2025-11-20 22:00:00,0.0
2025-11-20 23:00:00,0.0
2025-11-21 00:00:00,0.0
2025-11-21 01:00:00,0.0
2025-11-21 02:00:00,0.0
2025-11-21 03:00:00,0.0
2025-11-21 04:00:00,0.0
2025-11-21 05:00:00,0.0
2025-11-21 06:00:00,0.0
2025-11-21 07:00:00,0.0167030613934751
2025-11-21 08:00:00,0.0808463603347544
2025-11-21 09:00:00,0.1364397869464246
2025-11-21 10:00:00,0.1832484123041135
2025-11-21 11:00:00,0.227615317365869
2025-11-21 12:00:00,0.2574666959364998
2025-11-21 13:00:00,0.2572895364197602
2025-11-21 14:00:00,0.2253738643497282
2025-11-21 15:00:00,0.1265073001274778
2025-11-21 16:00:00,0.0199843637470008
2025-11-21 17:00:00,0.0
2025-11-21 18:00:00,0.0
2025-11-21 19:00:00,0.0
2025-11-21 20:00:00,0.0
2025-11-21 21:00:00,0.0
2025-11-21 22:00:00,0.0
2025-11-21 23:00:00,0.0
2025-11-22 00:00:00,0.0
2025-11-22 01:00:00,0.0
2025-11-22 02:00:00,0.0
2025-11-22 03:00:00,0.0
2025-11-22 04:00:00,0.0
2025-11-22 05:00:00,0.0
2025-11-22 06:00:00,0.0002041185736348
2025-11-22 07:00:00,0.042410447789935
2025-11-22 08:00:00,0.1646081501080288
2025-11-22 09:00:00,0.2849302723249876
2025-11-22 10:00:00,0.3138265300227612
2025-11-22 11:00:00,0.3229425425471687
2025-11-22 12:00:00,0.3737873238514479
2025-11-22 13:00:00,0.3752777745683662
2025-11-22 14:00:00,0.340762479154872
2025-11-22 15:00:00,0.2282161192052469
2025-11-22 16:00:00,0.0278217467158091
2025-11-22 17:00:00,0.0
2025-11-22 18:00:00,0.0
2025-11-22 19:00:00,0.0
2025-11-22 20:00:00,0.0
2025-11-22 21:00:00,0.0
2025-11-22 22:00:00,0.0
2025-11-22 23:00:00,0.0
2025-11-23 00:00:00,0.0
2025-11-23 01:00:00,0.0
2025-11-23 02:00:00,0.0
2025-11-23 03:00:00,0.0
2025-11-23 04:00:00,0.0
2025-11-23 05:00:00,0.0
2025-11-23 06:00:00,0.0057538330001964
2025-11-23 07:00:00,0.2169010178969624
2025-11-23 08:00:00,0.5655779058974862
2025-11-23 09:00:00,0.6570807962935148
2025-11-23 10:00:00,0.6543964444855249
2025-11-23 11:00:00,0.6706758635563618
2025-11-23 12:00:00,0.6835160772261442
2025-11-23 13:00:00,0.7191020323277605
2025-11-23 14:00:00,0.6795184342179755
2025-11-23 15:00:00,0.41349031207034
2025-11-23 16:00:00,0.0481873885531844
2025-11-23 17:00:00,0.0
2025-11-23 18:00:00,0.0
2025-11-23 19:00:00,0.0
2025-11-23 20:00:00,0.0
2025-11-23 21:00:00,0.0
2025-11-23 22:00:00,0.0
2025-11-23 23:00:00,0.0
2025-11-24 00:00:00,0.0
2025-11-24 01:00:00,0.0
2025-11-24 02:00:00,0.0
2025-11-24 03:00:00,0.0
2025-11-24 04:00:00,0.0
2025-11-24 05:00:00,0.0
2025-11-24 06:00:00,0.0087655447847704
2025-11-24 07:00:00,0.2272147828062838
2025-11-24 08:00:00,0.5297300628146026
2025-11-24 09:00:00,0.5967579808436644
2025-11-24 10:00:00,0.6099140006085044
2025-11-24 11:00:00,0.6124288954874391
2025-11-24 12:00:00,0.6084312524792704
2025-11-24 13:00:00,0.6034014627214013
2025-11-24 14:00:00,0.5721713209552749
2025-11-24 15:00:00,0.3458384844388472
2025-11-24 16:00:00,0.0358748021397788
2025-11-24 17:00:00,0.0
2025-11-24 18:00:00,0.0
2025-11-24 19:00:00,0.0
2025-11-24 20:00:00,0.0
2025-11-24 21:00:00,0.0
2025-11-24 22:00:00,0.0
2025-11-24 23:00:00,0.0
2025-11-25 00:00:00,0.0
2025-11-25 01:00:00,0.0
2025-11-25 02:00:00,0.0
2025-11-25 03:00:00,0.0
2025-11-25 04:00:00,0.0
2025-11-25 05:00:00,0.0
2025-11-25 06:00:00,0.0094356699133073
2025-11-25 07:00:00,0.2227819435939504
2025-11-25 08:00:00,0.5173443018181958
2025-11-25 09:00:00,0.6021806025734345
2025-11-25 10:00:00,0.6126946347625485
2025-11-25 11:00:00,0.6108845266567303
2025-11-25 12:00:00,0.6152364886983782
2025-11-25 13:00:00,0.6201507396409823
2025-11-25 14:00:00,0.5889321517563826
2025-11-25 15:00:00,0.3472403553973957
2025-11-25 16:00:00,0.0388017854598252
2025-11-25 17:00:00,0.0
2025-11-25 18:00:00,0.0
2025-11-25 19:00:00,0.0
2025-11-25 20:00:00,0.0
2025-11-25 21:00:00,0.0
2025-11-25 22:00:00,0.0
2025-11-25 23:00:00,0.0
2025-11-26 00:00:00,0.0
2025-11-26 01:00:00,0.0
2025-11-26 02:00:00,0.0
2025-11-26 03:00:00,0.0
2025-11-26 04:00:00,0.0
2025-11-26 05:00:00,0.0
2025-11-26 06:00:00,0.0087693960786126
2025-11-26 07:00:00,0.22976819062364
2025-11-26 08:00:00,0.5375558919018845
2025-11-26 09:00:00,0.6231663027193985
2025-11-26 10:00:00,0.6396151787192907
2025-11-26 11:00:00,0.6530369377592402
2025-11-26 12:00:00,0.6813285423237937
2025-11-26 13:00:00,0.7089115088213885
2025-11-26 14:00:00,0.6814864453713225
2025-11-26 15:00:00,0.3990479601622165
2025-11-26 16:00:00,0.0418866718274004
2025-11-26 17:00:00,0.0
2025-11-26 18:00:00,0.0
2025-11-26 19:00:00,0.0
2025-11-26 20:00:00,0.0
2025-11-26 21:00:00,0.0
2025-11-26 22:00:00,0.0
2025-11-26 23:00:00,0.0
2025-11-27 00:00:00,0.0
2025-11-27 01:00:00,0.0
2025-11-27 02:00:00,0.0
2025-11-27 03:00:00,0.0
2025-11-27 04:00:00,0.0
2025-11-27 05:00:00,0.0
2025-11-27 06:00:00,0.0035239338655821
2025-11-27 07:00:00,0.1345834633145005
2025-11-27 08:00:00,0.363111537320963
2025-11-27 09:00:00,0.4688372558761116
2025-11-27 10:00:00,0.5537775415650887
2025-11-27 11:00:00,0.588246621452477
2025-11-27 12:00:00,0.6089203667972255
2025-11-27 13:00:00,0.559250230114807
2025-11-27 14:00:00,0.4834914289455542
2025-11-27 15:00:00,0.2766114776259084
2025-11-27 16:00:00,0.0370879597000612
2025-11-27 17:00:00,0.0007972178253284
2025-11-27 18:00:00,0.0
2025-11-27 19:00:00,0.0
2025-11-27 20:00:00,0.0
2025-11-27 21:00:00,0.0
2025-11-27 22:00:00,0.0
2025-11-27 23:00:00,0.0
2025-11-28 00:00:00,0.0
2025-11-28 01:00:00,0.0
2025-11-28 02:00:00,0.0
2025-11-28 03:00:00,0.0
2025-11-28 04:00:00,0.0
2025-11-28 05:00:00,0.0
2025-11-28 06:00:00,0.0074792126414869
2025-11-28 07:00:00,0.2244572564152927
2025-11-28 08:00:00,0.5378447389400469
2025-11-28 09:00:00,0.6126715269994956
2025-11-28 10:00:00,0.6130528050898699
2025-11-28 11:00:00,0.6070717457529857
2025-11-28 12:00:00,0.612937266274605
2025-11-28 13:00:00,0.60555048468533
2025-11-28 14:00:00,0.5133196997531321
2025-11-28 15:00:00,0.3267976876831772
2025-11-28 16:00:00,0.0396914343373656
2025-11-28 17:00:00,0.0022029400777191
2025-11-28 18:00:00,0.0
2025-11-28 19:00:00,0.0
2025-11-28 20:00:00,0.0
2025-11-28 21:00:00,0.0
2025-11-28 22:00:00,0.0
2025-11-28 23:00:00,0.0
2025-11-29 00:00:00,0.0
2025-11-29 01:00:00,0.0
2025-11-29 02:00:00,0.0
2025-11-29 03:00:00,0.0
2025-11-29 04:00:00,0.0
2025-11-29 05:00:00,0.0
2025-11-29 06:00:00,0.0064586197733128
2025-11-29 07:00:00,0.1857016864815734
2025-11-29 08:00:00,0.4536015374365018
2025-11-29 09:00:00,0.5612529029127336
2025-11-29 10:00:00,0.5856161877582774
2025-11-29 11:00:00,0.6017531089569541
2025-11-29 12:00:00,0.5946012562920513
2025-11-29 13:00:00,0.5745206101989964
2025-11-29 14:00:00,0.55162851960116
2025-11-29 15:00:00,0.318247815353568
2025-11-29 16:00:00,0.0324394480325665
2025-11-29 17:00:00,0.0
2025-11-29 18:00:00,0.0
2025-11-29 19:00:00,0.0
2025-11-29 20:00:00,0.0
2025-11-29 21:00:00,0.0
2025-11-29 22:00:00,0.0
2025-11-29 23:00:00,0.0
2025-11-30 00:00:00,0.0
2025-11-30 01:00:00,0.0
2025-11-30 02:00:00,0.0
2025-11-30 03:00:00,0.0
2025-11-30 04:00:00,0.0
2025-11-30 05:00:00,0.0
2025-11-30 06:00:00,0.005607483834194
2025-11-30 07:00:00,0.1865913353591138
2025-11-30 08:00:00,0.4502509117938171
2025-11-30 09:00:00,0.5121758654820087
2025-11-30 10:00:00,0.5522100649713272
2025-11-30 11:00:00,0.5764077441816579
2025-11-30 12:00:00,0.521773289736687
2025-11-30 13:00:00,0.4255679695593735
2025-11-30 14:00:00,0.3162181834987464
2025-11-30 15:00:00,0.143930553469438
2025-11-30 16:00:00,0.0172268373560097
2025-11-30 17:00:00,0.0029269833200463
2025-11-30 18:00:00,0.0020796986747697
2025-11-30 19:00:00,0.0
2025-11-30 20:00:00,0.0
2025-11-30 21:00:00,0.0
2025-11-30 22:00:00,0.0
2025-11-30 23:00:00,0.0
2025-12-01 00:00:00,0.0
2025-12-01 01:00:00,0.0
2025-12-01 02:00:00,0.0
2025-12-01 03:00:00,0.0
2025-12-01 04:00:00,0.0
2025-12-01 05:00:00,0.0
2025-12-01 06:00:00,0.004748645307391
2025-12-01 07:00:00,0.1958074815234178
2025-12-01 08:00:00,0.504376995451622
2025-12-01 09:00:00,0.6150131136555326
2025-12-01 10:00:00,0.6242331111136786
2025-12-01 11:00:00,0.6337650633730402
2025-12-01 12:00:00,0.6560293930746034
2025-12-01 13:00:00,0.6750817437118
2025-12-01 14:00:00,0.6609898595433136
2025-12-01 15:00:00,0.3908215965153493
2025-12-01 16:00:00,0.0421755188655628
2025-12-01 17:00:00,0.0
2025-12-01 18:00:00,0.0
2025-12-01 19:00:00,0.0
2025-12-01 20:00:00,0.0
2025-12-01 21:00:00,0.0
2025-12-01 22:00:00,0.0
2025-12-01 23:00:00,0.0
2025-12-02 00:00:00,0.0
2025-12-02 01:00:00,0.0
2025-12-02 02:00:00,0.0
2025-12-02 03:00:00,0.0
2025-12-02 04:00:00,0.0
2025-12-02 05:00:00,0.0
2025-12-02 06:00:00,0.0050220871701848
2025-12-02 07:00:00,0.2006100449445991
2025-12-02 08:00:00,0.5127420056768072
2025-12-02 09:00:00,0.587226028584303
2025-12-02 10:00:00,0.5629051079710229
2025-12-02 11:00:00,0.5529995802089712
2025-12-02 12:00:00,0.5406407782694597
2025-12-02 13:00:00,0.5379718316368384
2025-12-02 14:00:00,0.5543975998736775
2025-12-02 15:00:00,0.333626031665338
2025-12-02 16:00:00,0.0311492645954408
2025-12-02 17:00:00,0.0
2025-12-02 18:00:00,0.0
2025-12-02 19:00:00,0.0
2025-12-02 20:00:00,0.0
2025-12-02 21:00:00,0.0
2025-12-02 22:00:00,0.0
2025-12-02 23:00:00,0.0
2025-12-03 00:00:00,0.0
2025-12-03 01:00:00,0.0
2025-12-03 02:00:00,0.0
2025-12-03 03:00:00,0.0
2025-12-03 04:00:00,0.0
2025-12-03 05:00:00,0.0
2025-12-03 06:00:00,0.0036702830315844
2025-12-03 07:00:00,0.1771094499197005
2025-12-03 08:00:00,0.4841538514864069
2025-12-03 09:00:00,0.5762575437218134
2025-12-03 10:00:00,0.5887087767135369
2025-12-03 11:00:00,0.6031549799155026
2025-12-03 12:00:00,0.6168039652921399
2025-12-03 13:00:00,0.6278225169745776
2025-12-03 14:00:00,0.5804939669481963
2025-12-03 15:00:00,0.3295667679556947
2025-12-03 16:00:00,0.0265854813924738
2025-12-03 17:00:00,0.0
2025-12-03 18:00:00,0.0
2025-12-03 19:00:00,0.0
2025-12-03 20:00:00,0.0
2025-12-03 21:00:00,0.0
2025-12-03 22:00:00,0.0
2025-12-03 23:00:00,0.0
2025-12-04 00:00:00,0.0
2025-12-04 01:00:00,0.0
2025-12-04 02:00:00,0.0
2025-12-04 03:00:00,0.0
2025-12-04 04:00:00,0.0
2025-12-04 05:00:00,0.0
2025-12-04 06:00:00,0.0034815696333183
2025-12-04 07:00:00,0.1682283663196651
2025-12-04 08:00:00,0.4472392000092431
2025-12-04 09:00:00,0.5694677126780742
2025-12-04 10:00:00,0.5990340955043847
2025-12-04 11:00:00,0.6100487958929802
2025-12-04 12:00:00,0.6185331962272725
2025-12-04 13:00:00,0.5822771159971192
2025-12-04 14:00:00,0.5133774691607645
2025-12-04 15:00:00,0.324617855368511
2025-12-04 16:00:00,0.031106900363177
2025-12-04 17:00:00,0.0008087717068549
2025-12-04 18:00:00,7.317458300115923e-05
2025-12-04 19:00:00,0.0
2025-12-04 20:00:00,0.0
2025-12-04 21:00:00,0.0
2025-12-04 22:00:00,0.0
2025-12-04 23:00:00,0.0
2025-12-05 00:00:00,0.0
2025-12-05 01:00:00,0.0
2025-12-05 02:00:00,0.0
2025-12-05 03:00:00,0.0
2025-12-05 04:00:00,0.0
2025-12-05 05:00:00,0.0
2025-12-05 06:00:00,0.0029500910830993
2025-12-05 07:00:00,0.1828286212753174
2025-12-05 08:00:00,0.4979954015551524
2025-12-05 09:00:00,0.5895252510080762
2025-12-05 10:00:00,0.5867484681478743
2025-12-05 11:00:00,0.5778750871355232
2025-12-05 12:00:00,0.6034476782475072
2025-12-05 13:00:00,0.6222419921972786
2025-12-05 14:00:00,0.5884507400261118
2025-12-05 15:00:00,0.3567183895429669
2025-12-05 16:00:00,0.0391522531994623
2025-12-05 17:00:00,0.0008742437021717
2025-12-05 18:00:00,0.001320993787863
2025-12-05 19:00:00,0.0013864657831798
2025-12-05 20:00:00,0.0013479528447581
2025-12-05 21:00:00,0.0011207265080703
2025-12-05 22:00:00,0.0007856639438019
2025-12-05 23:00:00,0.000812623000697
2025-12-06 00:00:00,0.0007818126499597
2025-12-06 01:00:00,0.0007394484176959
2025-12-06 02:00:00,0.0007394484176959
2025-12-06 03:00:00,0.0007394484176959
2025-12-06 04:00:00,0.0007394484176959
2025-12-06 05:00:00,0.0007741100622754
2025-12-06 06:00:00,0.0049065483549198
2025-12-06 07:00:00,0.1722414145032023
2025-12-06 08:00:00,0.475819651611959
2025-12-06 09:00:00,0.5651619661625323
2025-12-06 10:00:00,0.5770778693101948
2025-12-06 11:00:00,0.5821192129495905
2025-12-06 12:00:00,0.5977439120672591
2025-12-06 13:00:00,0.5972702029246726
2025-12-06 14:00:00,0.559246378820965
2025-12-06 15:00:00,0.3208666951662411
2025-12-06 16:00:00,0.0366989790220024
2025-12-06 17:00:00,0.0
2025-12-06 18:00:00,0.0
2025-12-06 19:00:00,0.0
2025-12-06 20:00:00,0.0
2025-12-06 21:00:00,0.0
2025-12-06 22:00:00,0.0
2025-12-06 23:00:00,0.0
2025-12-07 00:00:00,0.0
2025-12-07 01:00:00,0.0
2025-12-07 02:00:00,0.0
2025-12-07 03:00:00,0.0
2025-12-07 04:00:00,0.0
2025-12-07 05:00:00,0.0
2025-12-07 06:00:00,0.0027036082772007
2025-12-07 07:00:00,0.1676891851817618
2025-12-07 08:00:00,0.4715909309732604
2025-12-07 09:00:00,0.5655470955467489
2025-12-07 10:00:00,0.5709080965750444
2025-12-07 11:00:00,0.5659322249309655
2025-12-07 12:00:00,0.5779097487801026
2025-12-07 13:00:00,0.5866213754510827
2025-12-07 14:00:00,0.5539315933187755
2025-12-07 15:00:00,0.3169537806226001
2025-12-07 16:00:00,0.0330094395212071
2025-12-07 17:00:00,0.0
2025-12-07 18:00:00,0.0
2025-12-07 19:00:00,0.0
2025-12-07 20:00:00,0.0
2025-12-07 21:00:00,0.0
2025-12-07 22:00:00,0.0
2025-12-07 23:00:00,0.0
2025-12-08 00:00:00,0.0
2025-12-08 01:00:00,0.0
2025-12-08 02:00:00,0.0
2025-12-08 03:00:00,0.0
2025-12-08 04:00:00,0.0
2025-12-08 05:00:00,0.0
2025-12-08 06:00:00,0.0024494228836177
2025-12-08 07:00:00,0.1620316345276195
2025-12-08 08:00:00,0.4654827789395847
2025-12-08 09:00:00,0.5611104050405733
2025-12-08 10:00:00,0.5638525262561958
2025-12-08 11:00:00,0.5589421266074338
2025-12-08 12:00:00,0.5661132357415474
2025-12-08 13:00:00,0.5773089469407247
2025-12-08 14:00:00,0.5577289690471514
2025-12-08 15:00:00,0.3276603775038224
2025-12-08 16:00:00,0.0367528971357927
2025-12-08 17:00:00,0.0
2025-12-08 18:00:00,0.0
2025-12-08 19:00:00,0.0
2025-12-08 20:00:00,0.0
2025-12-08 21:00:00,0.0
2025-12-08 22:00:00,0.0
2025-12-08 23:00:00,0.0
2025-12-09 00:00:00,0.0
2025-12-09 01:00:00,0.0
2025-12-09 02:00:00,0.0
2025-12-09 03:00:00,0.0
2025-12-09 04:00:00,0.0
2025-12-09 05:00:00,0.0
2025-12-09 06:00:00,0.002549556523514
2025-12-09 07:00:00,0.1656634046207823
2025-12-09 08:00:00,0.4871963736217182
2025-12-09 09:00:00,0.5950017908516366
2025-12-09 10:00:00,0.6002010375385611
2025-12-09 11:00:00,0.5984371449588489
2025-12-09 12:00:00,0.6121708588000139
2025-12-09 13:00:00,0.6196962869676068
2025-12-09 14:00:00,0.579746815942816
2025-12-09 15:00:00,0.3310187057341914
2025-12-09 16:00:00,0.0338451702849572
2025-12-09 17:00:00,0.0
2025-12-09 18:00:00,0.0
2025-12-09 19:00:00,0.0
2025-12-09 20:00:00,0.0
2025-12-09 21:00:00,0.0
2025-12-09 22:00:00,0.0
2025-12-09 23:00:00,0.0
2025-12-10 00:00:00,0.0
2025-12-10 01:00:00,0.0
2025-12-10 02:00:00,0.0
2025-12-10 03:00:00,0.0
2025-12-10 04:00:00,0.0
2025-12-10 05:00:00,0.0
2025-12-10 06:00:00,0.0020219292671372
2025-12-10 07:00:00,0.156809280077642
2025-12-10 08:00:00,0.4761855245269649
2025-12-10 09:00:00,0.5903070636580359
2025-12-10 10:00:00,0.6005476539843561
2025-12-10 11:00:00,0.5944125428937852
2025-12-10 12:00:00,0.5779983285384725
2025-12-10 13:00:00,0.5603940643859304
2025-12-10 14:00:00,0.5157845278121185
2025-12-10 15:00:00,0.3180552506614597
2025-12-10 16:00:00,0.0364486449222616
2025-12-10 17:00:00,0.0
2025-12-10 18:00:00,0.0
2025-12-10 19:00:00,0.0
2025-12-10 20:00:00,0.0
2025-12-10 21:00:00,0.0
2025-12-10 22:00:00,0.0
2025-12-10 23:00:00,0.0
2025-12-11 00:00:00,0.0
2025-12-11 01:00:00,0.0
2025-12-11 02:00:00,0.0
2025-12-11 03:00:00,0.0
2025-12-11 04:00:00,0.0
2025-12-11 05:00:00,0.0
2025-12-11 06:00:00,0.0017523386981856
2025-12-11 07:00:00,0.1511016626035516
2025-12-11 08:00:00,0.4777684062960952
2025-12-11 09:00:00,0.5902030787242974
2025-12-11 10:00:00,0.6032666674369255
2025-12-11 11:00:00,0.6021074279904334
2025-12-11 12:00:00,0.6074222134926228
2025-12-11 13:00:00,0.6062283124015513
2025-12-11 14:00:00,0.5623120087193292
2025-12-11 15:00:00,0.3312228243078262
2025-12-11 16:00:00,0.0361020284764666
2025-12-11 17:00:00,0.0
2025-12-11 18:00:00,0.0
2025-12-11 19:00:00,0.0
2025-12-11 20:00:00,0.0
2025-12-11 21:00:00,0.0
2025-12-11 22:00:00,0.0
2025-12-11 23:00:00,0.0
2025-12-12 00:00:00,0.0
2025-12-12 01:00:00,0.0
2025-12-12 02:00:00,0.0
2025-12-12 03:00:00,0.0
2025-12-12 04:00:00,0.0
2025-12-12 05:00:00,0.0
2025-12-12 06:00:00,0.0016560563521314
2025-12-12 07:00:00,0.1433759671561661
2025-12-12 08:00:00,0.4522150716533219
2025-12-12 09:00:00,0.5813374002996307
2025-12-12 10:00:00,0.5944510558322068
2025-12-12 11:00:00,0.5938849156374084
2025-12-12 12:00:00,0.6032512622615568
2025-12-12 13:00:00,0.5996888154575529
2025-12-12 14:00:00,0.5493331484712289
2025-12-12 15:00:00,0.311692913234201
2025-12-12 16:00:00,0.033679564649744
2025-12-12 17:00:00,0.0
2025-12-12 18:00:00,0.0
2025-12-12 19:00:00,0.0
2025-12-12 20:00:00,0.0
2025-12-12 21:00:00,0.0
2025-12-12 22:00:00,0.0
2025-12-12 23:00:00,0.0
2025-12-13 00:00:00,0.0
2025-12-13 01:00:00,0.0
2025-12-13 02:00:00,0.0
2025-12-13 03:00:00,0.0
2025-12-13 04:00:00,0.0
2025-12-13 05:00:00,0.0
2025-12-13 06:00:00,0.0009435669913307
2025-12-13 07:00:00,0.1396710224800021
2025-12-13 08:00:00,0.4611269656040947
2025-12-13 09:00:00,0.5843298556149938
2025-12-13 10:00:00,0.6036787558780372
2025-12-13 11:00:00,0.6038482128070926
2025-12-13 12:00:00,0.6043257732435212
2025-12-13 13:00:00,0.5960878557151275
2025-12-13 14:00:00,0.5415150219716314
2025-12-13 15:00:00,0.3038786380284456
2025-12-13 16:00:00,0.0312108852969155
2025-12-13 17:00:00,0.0
2025-12-13 18:00:00,0.0
2025-12-13 19:00:00,0.0
2025-12-13 20:00:00,0.0
2025-12-13 21:00:00,0.0
2025-12-13 22:00:00,0.0
2025-12-13 23:00:00,0.0
2025-12-14 00:00:00,0.0
2025-12-14 01:00:00,0.0
2025-12-14 02:00:00,0.0
2025-12-14 03:00:00,0.0
2025-12-14 04:00:00,0.0
2025-12-14 05:00:00,0.0
2025-12-14 06:00:00,0.0010090389866475
2025-12-14 07:00:00,0.0867349886194266
2025-12-14 08:00:00,0.296799959946544
2025-12-14 09:00:00,0.450805498107089
2025-12-14 10:00:00,0.4982688434179462
2025-12-14 11:00:00,0.5394930927044941
2025-12-14 12:00:00,0.5390463426188028
2025-12-14 13:00:00,0.5279392111779952
2025-12-14 14:00:00,0.5302307310140841
2025-12-14 15:00:00,0.3306066172930796
2025-12-14 16:00:00,0.0403808159351134
2025-12-14 17:00:00,0.0001540517536866
2025-12-14 18:00:00,0.0
2025-12-14 19:00:00,0.0
2025-12-14 20:00:00,0.0
2025-12-14 21:00:00,0.0
2025-12-14 22:00:00,0.0
2025-12-14 23:00:00,0.0
2025-12-15 00:00:00,0.0
2025-12-15 01:00:00,0.0
2025-12-15 02:00:00,0.0
2025-12-15 03:00:00,0.0
2025-12-15 04:00:00,0.0
2025-12-15 05:00:00,0.0
2025-12-15 06:00:00,0.0009897825174367
2025-12-15 07:00:00,0.1439267021755959
2025-12-15 08:00:00,0.4771252402244533
2025-12-15 09:00:00,0.5885970891921141
2025-12-15 10:00:00,0.5970083149434052
2025-12-15 11:00:00,0.5960377888951793
2025-12-15 12:00:00,0.5965577135638718
2025-12-15 13:00:00,0.607984502393579
2025-12-15 14:00:00,0.5795696564260764
2025-12-15 15:00:00,0.3446676911108287
2025-12-15 16:00:00,0.0378235568239149
2025-12-15 17:00:00,0.0
2025-12-15 18:00:00,0.0
2025-12-15 19:00:00,0.0
2025-12-15 20:00:00,0.0
2025-12-15 21:00:00,0.0
2025-12-15 22:00:00,0.0
2025-12-15 23:00:00,0.0
2025-12-16 00:00:00,0.0
2025-12-16 01:00:00,0.0
2025-12-16 02:00:00,0.0
2025-12-16 03:00:00,0.0
2025-12-16 04:00:00,0.0
2025-12-16 05:00:00,0.0
2025-12-16 06:00:00,0.0010013363989632
2025-12-16 07:00:00,0.1386966451379341
2025-12-16 08:00:00,0.4605800818785071
2025-12-16 09:00:00,0.569879801119186
2025-12-16 10:00:00,0.5874494036271486
2025-12-16 11:00:00,0.5861553688961807
2025-12-16 12:00:00,0.5858357115072809
2025-12-16 13:00:00,0.5717938941587427
2025-12-16 14:00:00,0.5274770559169353
2025-12-16 15:00:00,0.3100753698204911
2025-12-16 16:00:00,0.0354704162863514
2025-12-16 17:00:00,0.0
2025-12-16 18:00:00,0.0
2025-12-16 19:00:00,0.0
2025-12-16 20:00:00,0.0
2025-12-16 21:00:00,0.0
2025-12-16 22:00:00,0.0
2025-12-16 23:00:00,0.0
2025-12-17 00:00:00,0.0
2025-12-17 01:00:00,0.0
2025-12-17 02:00:00,0.0
2025-12-17 03:00:00,0.0
2025-12-17 04:00:00,0.0
2025-12-17 05:00:00,0.0
2025-12-17 06:00:00,0.0006855303039055
2025-12-17 07:00:00,0.1174298005414919
2025-12-17 08:00:00,0.4193096170658532
2025-12-17 09:00:00,0.5476308765929914
2025-12-17 10:00:00,0.5498992886660273
2025-12-17 11:00:00,0.5621078901456944
2025-12-17 12:00:00,0.5814067235887896
2025-12-17 13:00:00,0.6098870415516093
2025-12-17 14:00:00,0.5791267576342273
2025-12-17 15:00:00,0.3481338555687783
2025-12-17 16:00:00,0.0446827111568131
2025-12-17 17:00:00,0.0
2025-12-17 18:00:00,0.0
2025-12-17 19:00:00,0.0
2025-12-17 20:00:00,0.0
2025-12-17 21:00:00,0.0
2025-12-17 22:00:00,0.0
2025-12-17 23:00:00,0.0
2025-12-18 00:00:00,0.0
2025-12-18 01:00:00,0.0
2025-12-18 02:00:00,0.0
2025-12-18 03:00:00,0.0
2025-12-18 04:00:00,0.0
2025-12-18 05:00:00,0.0
2025-12-18 06:00:00,0.0006547199531682
2025-12-18 07:00:00,0.0987202150562481
2025-12-18 08:00:00,0.2990645207257378
2025-12-18 09:00:00,0.4334246089973927
2025-12-18 10:00:00,0.4806106611516139
2025-12-18 11:00:00,0.5191582612178561
2025-12-18 12:00:00,0.5256785016926436
2025-12-18 13:00:00,0.5634288839335575
2025-12-18 14:00:00,0.5124724151078555
2025-12-18 15:00:00,0.2956060588554725
2025-12-18 16:00:00,0.0466122093717384
2025-12-18 17:00:00,0.0009397156974885
2025-12-18 18:00:00,0.0
2025-12-18 19:00:00,0.0
2025-12-18 20:00:00,0.0
2025-12-18 21:00:00,0.0
2025-12-18 22:00:00,0.0
2025-12-18 23:00:00,0.0
2025-12-19 00:00:00,0.0
2025-12-19 01:00:00,0.0
2025-12-19 02:00:00,0.0
2025-12-19 03:00:00,0.0
2025-12-19 04:00:00,0.0
2025-12-19 05:00:00,0.0
2025-12-19 06:00:00,0.0005584376071141
2025-12-19 07:00:00,0.1227753963944187
2025-12-19 08:00:00,0.4228335509314354
2025-12-19 09:00:00,0.5400515303116081
2025-12-19 10:00:00,0.5767967248597167
2025-12-19 11:00:00,0.5903301714210889
2025-12-19 12:00:00,0.6172738231408842
2025-12-19 13:00:00,0.6374122386415716
2025-12-19 14:00:00,0.618498534582693
2025-12-19 15:00:00,0.3864580805921749
2025-12-19 16:00:00,0.0509795765887549
2025-12-19 17:00:00,0.0
2025-12-19 18:00:00,0.0
2025-12-19 19:00:00,0.0
2025-12-19 20:00:00,0.0
2025-12-19 21:00:00,0.0
2025-12-19 22:00:00,0.0
2025-12-19 23:00:00,0.0
2025-12-20 00:00:00,0.0
2025-12-20 01:00:00,0.0
2025-12-20 02:00:00,0.0
2025-12-20 03:00:00,0.0
2025-12-20 04:00:00,0.0
2025-12-20 05:00:00,0.0
2025-12-20 06:00:00,0.0006085044270622
2025-12-20 07:00:00,0.1164169102610021
2025-12-20 08:00:00,0.416220879404436
2025-12-20 09:00:00,0.5867253603848213
2025-12-20 10:00:00,0.606798303890192
2025-12-20 11:00:00,0.5961340712412335
2025-12-20 12:00:00,0.6349859235210068
2025-12-20 13:00:00,0.6412327221330006
2025-12-20 14:00:00,0.5899026778046085
2025-12-20 15:00:00,0.3474752843217679
2025-12-20 16:00:00,0.0421254520456147
2025-12-20 17:00:00,0.0
2025-12-20 18:00:00,0.0
2025-12-20 19:00:00,0.0
2025-12-20 20:00:00,0.0
2025-12-20 21:00:00,0.0
2025-12-20 22:00:00,0.0
2025-12-20 23:00:00,0.0
2025-12-21 00:00:00,0.0
2025-12-21 01:00:00,0.0
2025-12-21 02:00:00,0.0
2025-12-21 03:00:00,0.0
2025-12-21 04:00:00,0.0
2025-12-21 05:00:00,0.0
2025-12-21 06:00:00,0.0004120884411117
2025-12-21 07:00:00,0.1245084786233935
2025-12-21 08:00:00,0.4454175380218985
2025-12-21 09:00:00,0.5942507885524142
2025-12-21 10:00:00,0.6018802016537456
2025-12-21 11:00:00,0.5946513231119994
2025-12-21 12:00:00,0.6078381532275768
2025-12-21 13:00:00,0.6229313737950265
2025-12-21 14:00:00,0.5804554540097746
2025-12-21 15:00:00,0.336637743449912
2025-12-21 16:00:00,0.0395104235267838
2025-12-21 17:00:00,0.0
2025-12-21 18:00:00,0.0
2025-12-21 19:00:00,0.0
2025-12-21 20:00:00,0.0
2025-12-21 21:00:00,0.0
2025-12-21 22:00:00,0.0
2025-12-21 23:00:00,0.0
2025-12-22 00:00:00,0.0
2025-12-22 01:00:00,0.0
2025-12-22 02:00:00,0.0
2025-12-22 03:00:00,0.0
2025-12-22 04:00:00,0.0
2025-12-22 05:00:00,0.0
2025-12-22 06:00:00,0.0004197910287961
2025-12-22 07:00:00,0.0850866348549795
2025-12-22 08:00:00,0.3579546548663023
2025-12-22 09:00:00,0.534883093975421
2025-12-22 10:00:00,0.5965731187392405
2025-12-22 11:00:00,0.6019880378813262
2025-12-22 12:00:00,0.5923058851621202
2025-12-22 13:00:00,0.506533720003235
2025-12-22 14:00:00,0.4054911747601606
2025-12-22 15:00:00,0.2113243444135057
2025-12-22 16:00:00,0.0247946297558664
2025-12-22 17:00:00,0.0010244441620162
2025-12-22 18:00:00,0.0013479528447581
2025-12-22 19:00:00,0.0014326813092858
2025-12-22 20:00:00,0.0
2025-12-22 21:00:00,0.0
2025-12-22 22:00:00,0.0
2025-12-22 23:00:00,0.0
2025-12-23 00:00:00,0.0
2025-12-23 01:00:00,0.0
2025-12-23 02:00:00,0.0
2025-12-23 03:00:00,0.0
2025-12-23 04:00:00,0.0
2025-12-23 05:00:00,0.0
2025-12-23 06:00:00,3.851293842166275e-06
2025-12-23 07:00:00,0.0270938521796397
2025-12-23 08:00:00,0.1059413910103099
2025-12-23 09:00:00,0.1894297389207904
2025-12-23 10:00:00,0.2892822343666354
2025-12-23 11:00:00,0.3354207345957875
2025-12-23 12:00:00,0.3090393717769484
2025-12-23 13:00:00,0.2167777764940131
2025-12-23 14:00:00,0.1914285604248747
2025-12-23 15:00:00,0.0876785556107574
2025-12-23 16:00:00,0.0140418173485382
2025-12-23 17:00:00,0.0020835499686119
2025-12-23 18:00:00,0.0003081035073733
2025-12-23 19:00:00,0.0
2025-12-23 20:00:00,0.0
2025-12-23 21:00:00,0.0
2025-12-23 22:00:00,0.0
2025-12-23 23:00:00,0.0
2025-12-24 00:00:00,0.0
2025-12-24 01:00:00,0.0
2025-12-24 02:00:00,0.0
2025-12-24 03:00:00,0.0
2025-12-24 04:00:00,0.0
2025-12-24 05:00:00,0.0
2025-12-24 06:00:00,0.0
2025-12-24 07:00:00,0.0089234478322992
2025-12-24 08:00:00,0.0426376741266228
2025-12-24 09:00:00,0.0872318055250661
2025-12-24 10:00:00,0.1206802925442802
2025-12-24 11:00:00,0.1518565161966162
2025-12-24 12:00:00,0.1612344167022911
2025-12-24 13:00:00,0.1744019903486576
2025-12-24 14:00:00,0.1200371264726384
2025-12-24 15:00:00,0.0731861368826857
2025-12-24 16:00:00,0.0176697361478588
2025-12-24 17:00:00,0.0
2025-12-24 18:00:00,0.0
2025-12-24 19:00:00,0.0
2025-12-24 20:00:00,0.0
2025-12-24 21:00:00,0.0
2025-12-24 22:00:00,1.925646921083138e-05
2025-12-24 23:00:00,0.0
2025-12-25 00:00:00,0.0
2025-12-25 01:00:00,0.0
2025-12-25 02:00:00,0.0
2025-12-25 03:00:00,0.0
2025-12-25 04:00:00,0.0
2025-12-25 05:00:00,0.0
2025-12-25 06:00:00,0.0002118211613191
2025-12-25 07:00:00,0.0798912394618972
2025-12-25 08:00:00,0.3436663547118654
2025-12-25 09:00:00,0.4419205632132114
2025-12-25 10:00:00,0.4576569498523029
2025-12-25 11:00:00,0.4529699252463865
2025-12-25 12:00:00,0.4218322145324721
2025-12-25 13:00:00,0.3821407801951065
2025-12-25 14:00:00,0.3374234073937139
2025-12-25 15:00:00,0.2319826845828856
2025-12-25 16:00:00,0.0303019799501642
2025-12-25 17:00:00,0.0
2025-12-25 18:00:00,0.0
2025-12-25 19:00:00,0.0
2025-12-25 20:00:00,0.0
2025-12-25 21:00:00,0.0
2025-12-25 22:00:00,0.0
2025-12-25 23:00:00,0.0
2025-12-26 00:00:00,0.0
2025-12-26 01:00:00,0.0
2025-12-26 02:00:00,0.0
2025-12-26 03:00:00,0.0
2025-12-26 04:00:00,0.0
2025-12-26 05:00:00,0.0
2025-12-26 06:00:00,0.0003235086827419
2025-12-26 07:00:00,0.0513184904468656
2025-12-26 08:00:00,0.200236469441909
2025-12-26 09:00:00,0.3155210993133143
2025-12-26 10:00:00,0.3925585300381664
2025-12-26 11:00:00,0.3999222038643882
2025-12-26 12:00:00,0.3566721740168609
2025-12-26 13:00:00,0.3312035678386154
2025-12-26 14:00:00,0.2391537937169992
2025-12-26 15:00:00,0.1419163267899851
2025-12-26 16:00:00,0.0255417807612467
2025-12-26 17:00:00,0.0
2025-12-26 18:00:00,0.0
2025-12-26 19:00:00,0.0
2025-12-26 20:00:00,0.0
2025-12-26 21:00:00,0.0
2025-12-26 22:00:00,0.0
2025-12-26 23:00:00,0.0
2025-12-27 00:00:00,0.0
2025-12-27 01:00:00,0.0
2025-12-27 02:00:00,0.0
2025-12-27 03:00:00,0.0
2025-12-27 04:00:00,0.0
2025-12-27 05:00:00,0.0
2025-12-27 06:00:00,0.0
2025-12-27 07:00:00,0.0728318178492064
2025-12-27 08:00:00,0.425256014758158
2025-12-27 09:00:00,0.6114699233207397
2025-12-27 10:00:00,0.653006127408503
2025-12-27 11:00:00,0.6361259064982882
2025-12-27 12:00:00,0.6285388576292205
2025-12-27 13:00:00,0.6256619411291223
2025-12-27 14:00:00,0.5697719648916053
2025-12-27 15:00:00,0.4084027529048383
2025-12-27 16:00:00,0.0625064990583586
2025-12-27 17:00:00,0.0
2025-12-27 18:00:00,0.0
2025-12-27 19:00:00,0.0
2025-12-27 20:00:00,0.0
2025-12-27 21:00:00,0.0
2025-12-27 22:00:00,0.0
2025-12-27 23:00:00,0.0
2025-12-28 00:00:00,0.0
2025-12-28 01:00:00,0.0
2025-12-28 02:00:00,0.0
2025-12-28 03:00:00,0.0
2025-12-28 04:00:00,0.0
2025-12-28 05:00:00,0.0
2025-12-28 06:00:00,0.0003273599765841
2025-12-28 07:00:00,0.1163090740334215
2025-12-28 08:00:00,0.3980620289386219
2025-12-28 09:00:00,0.5412916469287857
2025-12-28 10:00:00,0.5957681983262277
2025-12-28 11:00:00,0.603139574740134
2025-12-28 12:00:00,0.5930568874613427
2025-12-28 13:00:00,0.5801743095592964
2025-12-28 14:00:00,0.5719826075570088
2025-12-28 15:00:00,0.4180926082117288
2025-12-28 16:00:00,0.067124200375116
2025-12-28 17:00:00,0.0
2025-12-28 18:00:00,0.0
2025-12-28 19:00:00,0.0
2025-12-28 20:00:00,0.0
2025-12-28 21:00:00,0.0
2025-12-28 22:00:00,0.0
2025-12-28 23:00:00,0.0
2025-12-29 00:00:00,0.0
2025-12-29 01:00:00,0.0
2025-12-29 02:00:00,0.0
2025-12-29 03:00:00,0.0
2025-12-29 04:00:00,0.0
2025-12-29 05:00:00,0.0
2025-12-29 06:00:00,3.851293842166276e-05
2025-12-29 07:00:00,0.1065845570819516
2025-12-29 08:00:00,0.467828216889464
2025-12-29 09:00:00,0.6504257605342515
2025-12-29 10:00:00,0.6734295386535106
2025-12-29 11:00:00,0.6754591705083323
2025-12-29 12:00:00,0.6913149472565309
2025-12-29 13:00:00,0.7133327941521954
2025-12-29 14:00:00,0.6835699953399345
2025-12-29 15:00:00,0.4461184735011727
2025-12-29 16:00:00,0.073124516181211
2025-12-29 17:00:00,0.0004544526733756
2025-12-29 18:00:00,0.0
2025-12-29 19:00:00,0.0
2025-12-29 20:00:00,0.0
2025-12-29 21:00:00,0.0
2025-12-29 22:00:00,0.0
2025-12-29 23:00:00,0.0
2025-12-30 00:00:00,0.0
2025-12-30 01:00:00,0.0
2025-12-30 02:00:00,0.0
2025-12-30 03:00:00,0.0
2025-12-30 04:00:00,0.0
2025-12-30 05:00:00,0.0
2025-12-30 06:00:00,1.925646921083138e-05
2025-12-30 07:00:00,0.0368915437141107
2025-12-30 08:00:00,0.1074202878457017
2025-12-30 09:00:00,0.254620589787139
2025-12-30 10:00:00,0.3033933750043327
2025-12-30 11:00:00,0.3365260559284891
2025-12-30 12:00:00,0.300689766727132
2025-12-30 13:00:00,0.254066003473867
2025-12-30 14:00:00,0.2199396887384316
2025-12-30 15:00:00,0.1736432854617508
2025-12-30 16:00:00,0.0278795161234416
2025-12-30 17:00:00,0.0
2025-12-30 18:00:00,0.0
2025-12-30 19:00:00,0.0
2025-12-30 20:00:00,0.0
2025-12-30 21:00:00,0.0
2025-12-30 22:00:00,0.0
2025-12-30 23:00:00,0.0
2025-12-31 00:00:00,0.0
2025-12-31 01:00:00,0.0
2025-12-31 02:00:00,0.0
2025-12-31 03:00:00,0.0
2025-12-31 04:00:00,0.0
2025-12-31 05:00:00,0.0
2025-12-31 06:00:00,0.0
2025-12-31 07:00:00,0.0039321710128517
2025-12-31 08:00:00,0.0305869756944845
2025-12-31 09:00:00,0.0732747166410555
2025-12-31 10:00:00,0.1133204700119005
2025-12-31 11:00:00,0.1459755904996283
2025-12-31 12:00:00,0.1534047363211671
2025-12-31 13:00:00,0.1179574277978687
2025-12-31 14:00:00,0.0640701243582781
2025-12-31 15:00:00,0.0259962334346223
2025-12-31 16:00:00,0.0020411857363481
2025-12-31 17:00:00,0.0
2025-12-31 18:00:00,0.0
2025-12-31 19:00:00,0.0
2025-12-31 20:00:00,0.0
2025-12-31 21:00:00,0.0
2025-12-31 22:00:00,0.0
2025-12-31 23:00:00,0.0
