snapshot,solar,natural_gas_cc,gas_unserved_residual_load
2025-01-01 00:00:00,-0.0,15873.654411947795,5894.930725052203
2025-01-01 01:00:00,-0.0,15873.654411947797,5238.238967052204
2025-01-01 02:00:00,-0.0,15873.654411947797,4485.167057052202
2025-01-01 03:00:00,-0.0,15873.654411947797,4053.1925520522036
2025-01-01 04:00:00,-0.0,15873.654411947797,4043.072791052202
2025-01-01 05:00:00,-0.0,15873.654411947797,4365.481341052202
2025-01-01 06:00:00,65.32682690915185,15873.654411947797,4868.53731714305
2025-01-01 07:00:00,21657.072545,-0.0,-0.0
2025-01-01 08:00:00,23420.194483,-0.0,-0.0
2025-01-01 09:00:00,24822.960477,-0.0,-0.0
2025-01-01 10:00:00,23878.687918,-0.0,-0.0
2025-01-01 11:00:00,23299.703394,-0.0,-0.0
2025-01-01 12:00:00,23603.194633,-0.0,-0.0
2025-01-01 13:00:00,23232.112043,-0.0,-0.0
2025-01-01 14:00:00,22726.496795,-0.0,-0.0
2025-01-01 15:00:00,21598.849668,-0.0,-0.0
2025-01-01 16:00:00,23013.673545,-0.0,-0.0
2025-01-01 17:00:00,917.6863780094726,15873.654411947797,7915.190493042731
2025-01-01 18:00:00,-0.0,15873.654411947797,8997.313332052205
2025-01-01 19:00:00,-0.0,15873.654411947797,8763.774343052204
2025-01-01 20:00:00,-0.0,15873.654411947797,8310.410262052204
2025-01-01 21:00:00,-0.0,15873.654411947797,7944.000648052102
2025-01-01 22:00:00,-0.0,15873.654411947797,6835.898287052203
2025-01-01 23:00:00,-0.0,15873.654411947797,5616.247067052203
2025-01-02 00:00:00,-0.0,15873.654411947797,4947.559038052203
2025-01-02 01:00:00,-0.0,15873.654411947797,4372.637979052202
2025-01-02 02:00:00,-0.0,15873.654411947797,3827.275231052203
2025-01-02 03:00:00,-0.0,15873.654411947797,4031.892233052202
2025-01-02 04:00:00,-0.0,15873.654411947797,4379.0483960522015
2025-01-02 05:00:00,-0.0,15873.654411947797,5699.215712052204
2025-01-02 06:00:00,136.87525638106703,15873.654411947797,7356.2077046711365
2025-01-02 07:00:00,24872.004074,-0.0,-0.0
2025-01-02 08:00:00,26744.935867,-0.0,-0.0
2025-01-02 09:00:00,27473.091131,-0.0,-0.0
2025-01-02 10:00:00,26657.021735,-0.0,-0.0
2025-01-02 11:00:00,26646.922895,-0.0,-0.0
2025-01-02 12:00:00,26032.872025,-0.0,-0.0
2025-01-02 13:00:00,25585.735348,-0.0,-0.0
2025-01-02 14:00:00,25078.606198,-0.0,-0.0
2025-01-02 15:00:00,23510.569686,-0.0,-0.0
2025-01-02 16:00:00,24916.043138,-0.0,-0.0
2025-01-02 17:00:00,3701.8535248518833,15873.654411947797,7111.570492200321
2025-01-02 18:00:00,-0.0,15873.654411947797,10577.981066052203
2025-01-02 19:00:00,-0.0,15873.654411947797,10209.351387052202
2025-01-02 20:00:00,-0.0,15873.654411947797,9754.370456052204
2025-01-02 21:00:00,-0.0,15873.654411947797,9125.797272052203
2025-01-02 22:00:00,-0.0,15873.654411947797,7802.961530052204
2025-01-02 23:00:00,-0.0,15873.654411947797,6580.728069052204
2025-01-03 00:00:00,-0.0,15873.654411947797,6699.531305052204
2025-01-03 01:00:00,-0.0,15873.654411947797,6506.979325052203
2025-01-03 02:00:00,-0.0,15873.654411947797,5758.298093052204
2025-01-03 03:00:00,-0.0,15873.654411947797,5433.742082052204
2025-01-03 04:00:00,-0.0,15873.654411947797,5338.323744052204
2025-01-03 05:00:00,-0.0,15873.654411947797,6129.099732052202
2025-01-03 06:00:00,-0.0,15873.654411947797,7840.318407052202
2025-01-03 07:00:00,24581.342721,-0.0,-0.0
2025-01-03 08:00:00,25214.661815,-0.0,-0.0
2025-01-03 09:00:00,25930.038727,-0.0,-0.0
2025-01-03 10:00:00,26240.6264959999,-0.0,-0.0
2025-01-03 11:00:00,27373.142624,-0.0,-0.0
2025-01-03 12:00:00,26796.969017,-0.0,-0.0
2025-01-03 13:00:00,26444.498714,-0.0,-0.0
2025-01-03 14:00:00,26194.991458,-0.0,-0.0
2025-01-03 15:00:00,24791.999484,-0.0,-0.0
2025-01-03 16:00:00,25041.034353,-0.0,-0.0
2025-01-03 17:00:00,-0.0,15873.654411947797,10750.061820052202
2025-01-03 18:00:00,-0.0,15873.654411947797,10648.722474052202
2025-01-03 19:00:00,-0.0,15873.654411947797,10502.782492052202
2025-01-03 20:00:00,-0.0,15873.654411947797,9864.766210052205
2025-01-03 21:00:00,-0.0,15873.654411947797,9416.022121052103
2025-01-03 22:00:00,-0.0,15873.654411947797,8322.957191052103
2025-01-03 23:00:00,-0.0,15873.654411947797,7355.242582052202
2025-01-04 00:00:00,-0.0,15873.654411947797,6543.3064880522015
2025-01-04 01:00:00,-0.0,15873.654411947797,6227.697302052204
2025-01-04 02:00:00,-0.0,15873.654411947797,5019.376889052202
2025-01-04 03:00:00,-0.0,15873.654411947797,4607.433884052205
2025-01-04 04:00:00,-0.0,15873.654411947797,4377.599519052203
2025-01-04 05:00:00,-0.0,15873.654411947797,4853.411808052204
2025-01-04 06:00:00,108.87804484857055,15873.654411947797,5730.728499203631
2025-01-04 07:00:00,22658.466461,-0.0,-0.0
2025-01-04 08:00:00,25211.037361,-0.0,-0.0
2025-01-04 09:00:00,26109.3112459999,-0.0,-0.0
2025-01-04 10:00:00,24733.1378229999,-0.0,-0.0
2025-01-04 11:00:00,23839.318288,-0.0,-0.0
2025-01-04 12:00:00,23716.895525,-0.0,-0.0
2025-01-04 13:00:00,22966.823062,-0.0,-0.0
2025-01-04 14:00:00,23050.952392,-0.0,-0.0
2025-01-04 15:00:00,21729.526082,-0.0,-0.0
2025-01-04 16:00:00,23214.496166,-0.0,-0.0
2025-01-04 17:00:00,-0.0,15873.654411947797,9676.566710052202
2025-01-04 18:00:00,-0.0,15873.654411947797,9846.392859052203
2025-01-04 19:00:00,-0.0,15873.654411947797,9529.420442052202
2025-01-04 20:00:00,-0.0,15873.654411947797,8903.050445052204
2025-01-04 21:00:00,-0.0,15873.654411947797,8422.557788052205
2025-01-04 22:00:00,-0.0,15873.654411947797,7663.829132052202
2025-01-04 23:00:00,-0.0,15873.654411947797,6845.2411060522045
2025-01-05 00:00:00,-0.0,15873.654411947797,6150.6288100522015
2025-01-05 01:00:00,-0.0,15873.654411947797,5461.970756052202
2025-01-05 02:00:00,-0.0,15873.654411947797,4579.899584052202
2025-01-05 03:00:00,-0.0,15873.654411947797,4299.855931052205
2025-01-05 04:00:00,-0.0,15873.654411947797,4242.200718052203
2025-01-05 05:00:00,-0.0,15873.654411947797,4695.538257052203
2025-01-05 06:00:00,105.76724356715513,15873.654411947797,5360.2041364850475
2025-01-05 07:00:00,22183.346453,-0.0,-0.0
2025-01-05 08:00:00,23528.8456769999,-0.0,-0.0
2025-01-05 09:00:00,23702.10589,-0.0,-0.0
2025-01-05 10:00:00,23237.349309,-0.0,-0.0
2025-01-05 11:00:00,22789.657199,-0.0,-0.0
2025-01-05 12:00:00,23235.637793,-0.0,-0.0
2025-01-05 13:00:00,22845.7628889999,-0.0,-0.0
2025-01-05 14:00:00,22527.029668,-0.0,-0.0
2025-01-05 15:00:00,21222.1537279999,-0.0,-0.0
2025-01-05 16:00:00,22502.653069,-0.0,-0.0
2025-01-05 17:00:00,472.8417947709442,15873.654411947797,8506.604363281258
2025-01-05 18:00:00,-0.0,15873.654411947797,9226.056110052205
2025-01-05 19:00:00,-0.0,15873.654411947797,9091.440564052204
2025-01-05 20:00:00,-0.0,15873.654411947797,8639.690501052204
2025-01-05 21:00:00,-0.0,15873.654411947797,8280.325661052202
2025-01-05 22:00:00,-0.0,15873.654411947797,6989.322480052202
2025-01-05 23:00:00,-0.0,15873.654411947797,5911.420702052203
2025-01-06 00:00:00,-0.0,15873.654411947797,5628.280068052203
2025-01-06 01:00:00,-0.0,15873.654411947797,5368.730741052203
2025-01-06 02:00:00,-0.0,15873.654411947797,4475.492668052202
2025-01-06 03:00:00,-0.0,15873.654411947797,4162.991415052204
2025-01-06 04:00:00,-0.0,15873.654411947797,4639.893037052103
2025-01-06 05:00:00,-0.0,15873.654411947797,6158.800850052203
2025-01-06 06:00:00,167.98326919489818,15873.654411947797,8056.787652857305
2025-01-06 07:00:00,25921.259675,-0.0,-0.0
2025-01-06 08:00:00,26678.445459,-0.0,-0.0
2025-01-06 09:00:00,26504.354398,-0.0,-0.0
2025-01-06 10:00:00,25898.211758,-0.0,-0.0
2025-01-06 11:00:00,25855.26707,-0.0,-0.0
2025-01-06 12:00:00,25888.527811,-0.0,-0.0
2025-01-06 13:00:00,25205.12008,-0.0,-0.0
2025-01-06 14:00:00,25077.6034569999,-0.0,-0.0
2025-01-06 15:00:00,24179.78622,-0.0,-0.0
2025-01-06 16:00:00,24847.0625999999,-0.0,-0.0
2025-01-06 17:00:00,1200.7692946157722,15873.654411947797,9797.895906436432
2025-01-06 18:00:00,1104.3344548927826,15873.654411947797,9905.064642159421
2025-01-06 19:00:00,-0.0,15873.654411947797,10800.096189052203
2025-01-06 20:00:00,-0.0,15873.654411947797,10094.565234052103
2025-01-06 21:00:00,-0.0,15873.654411947797,9454.375262052103
2025-01-06 22:00:00,-0.0,15873.654411947797,8960.111825052203
2025-01-06 23:00:00,-0.0,15873.654411947797,7540.980115052202
2025-01-07 00:00:00,-0.0,15873.654411947797,6499.265637052204
2025-01-07 01:00:00,-0.0,15873.654411947797,5894.915585052202
2025-01-07 02:00:00,-0.0,15873.654411947797,5078.0359040522035
2025-01-07 03:00:00,-0.0,15873.654411947797,4775.037676052203
2025-01-07 04:00:00,-0.0,15873.654411947797,5182.434891052204
2025-01-07 05:00:00,-0.0,15873.654411947797,6435.954408052205
2025-01-07 06:00:00,-0.0,15873.654411947797,8512.793425052203
2025-01-07 07:00:00,25773.506529,-0.0,-0.0
2025-01-07 08:00:00,25825.162054,-0.0,-0.0
2025-01-07 09:00:00,25783.429687,-0.0,-0.0
2025-01-07 10:00:00,25424.434218,-0.0,-0.0
2025-01-07 11:00:00,25538.177576,-0.0,-0.0
2025-01-07 12:00:00,24714.719308,-0.0,-0.0
2025-01-07 13:00:00,24352.334744,-0.0,-0.0
2025-01-07 14:00:00,24283.7725589999,-0.0,-0.0
2025-01-07 15:00:00,23722.070293,-0.0,-0.0
2025-01-07 16:00:00,24682.372582,-0.0,-0.0
2025-01-07 17:00:00,-0.0,15873.654411947797,10807.353535052202
2025-01-07 18:00:00,-0.0,15873.654411947797,10933.736441052204
2025-01-07 19:00:00,-0.0,15873.654411947797,10582.408312052203
2025-01-07 20:00:00,-0.0,15873.654411947797,9885.479126052202
2025-01-07 21:00:00,-0.0,15873.654411947797,9204.558936052204
2025-01-07 22:00:00,-0.0,15873.654411947797,7856.149251052202
2025-01-07 23:00:00,-0.0,15873.654411947797,6473.077222052203
2025-01-08 00:00:00,-0.0,15873.654411947797,6004.007585052203
2025-01-08 01:00:00,-0.0,15873.654411947797,5377.536946052203
2025-01-08 02:00:00,-0.0,15873.654411947797,4795.002910052202
2025-01-08 03:00:00,-0.0,15873.654411947797,4671.040678052204
2025-01-08 04:00:00,-0.0,15873.654411947797,4595.411821052205
2025-01-08 05:00:00,-0.0,15873.654411947797,5745.221519052202
2025-01-08 06:00:00,-0.0,15873.654411947797,7510.800653052202
2025-01-08 07:00:00,24637.033314,-0.0,-0.0
2025-01-08 08:00:00,24618.676601,-0.0,-0.0
2025-01-08 09:00:00,24288.43216,-0.0,-0.0
2025-01-08 10:00:00,24852.735561,-0.0,-0.0
2025-01-08 11:00:00,24122.23194,-0.0,-0.0
2025-01-08 12:00:00,24060.521418,-0.0,-0.0
2025-01-08 13:00:00,24043.2400447,-0.0,-0.0
2025-01-08 14:00:00,24500.439002,-0.0,-0.0
2025-01-08 15:00:00,23438.961485,-0.0,-0.0
2025-01-08 16:00:00,23944.014452,-0.0,-0.0
2025-01-08 17:00:00,3785.845159449373,15873.654411947797,6119.527040602832
2025-01-08 18:00:00,-0.0,15873.654411947797,10116.337584052102
2025-01-08 19:00:00,-0.0,15873.654411947797,9823.086657052203
2025-01-08 20:00:00,-0.0,15873.654411947797,9440.635506052202
2025-01-08 21:00:00,-0.0,15873.654411947797,8906.149363052204
2025-01-08 22:00:00,-0.0,15873.654411947797,7598.510842052203
2025-01-08 23:00:00,-0.0,15873.654411947797,6481.616248052202
2025-01-09 00:00:00,-0.0,15873.654411947797,6060.214238052204
2025-01-09 01:00:00,-0.0,15873.654411947797,5340.599643052205
2025-01-09 02:00:00,-0.0,15873.654411947797,4934.862575052202
2025-01-09 03:00:00,-0.0,15873.654411947797,4633.768022052203
2025-01-09 04:00:00,-0.0,15873.654411947797,4938.961479052205
2025-01-09 05:00:00,-0.0,15873.654411947797,6161.0270950522045
2025-01-09 06:00:00,59.10522434637548,15873.654411947797,8364.91165970583
2025-01-09 07:00:00,25912.222386,-0.0,-0.0
2025-01-09 08:00:00,26751.942931,-0.0,-0.0
2025-01-09 09:00:00,25827.37542,-0.0,-0.0
2025-01-09 10:00:00,24530.7411441,-0.0,-0.0
2025-01-09 11:00:00,23871.2951487,-0.0,-0.0
2025-01-09 12:00:00,24040.00497103,-0.0,-0.0
2025-01-09 13:00:00,23604.6397639,-0.0,-0.0
2025-01-09 14:00:00,23221.5594655,-0.0,-0.0
2025-01-09 15:00:00,22932.416599,-0.0,-0.0
2025-01-09 16:00:00,24602.938118,-0.0,-0.0
2025-01-09 17:00:00,379.51775632928917,15873.654411947797,9632.385979722914
2025-01-09 18:00:00,-0.0,15873.654411947797,10308.257845052203
2025-01-09 19:00:00,-0.0,15873.654411947797,10173.912726052202
2025-01-09 20:00:00,-0.0,15873.654411947797,9502.839793052202
2025-01-09 21:00:00,-0.0,15873.654411947797,9000.688203052205
2025-01-09 22:00:00,-0.0,15873.654411947797,7723.530505052202
2025-01-09 23:00:00,-0.0,15873.654411947797,6464.733482052203
2025-01-10 00:00:00,-0.0,15873.654411947797,6332.999914052203
2025-01-10 01:00:00,-0.0,15873.654411947797,5493.284285052103
2025-01-10 02:00:00,-0.0,15873.654411947797,4740.347877052203
2025-01-10 03:00:00,-0.0,15873.654411947797,4494.062307052203
2025-01-10 04:00:00,-0.0,15873.654411947797,4754.698659052103
2025-01-10 05:00:00,-0.0,15873.654411947797,6074.866330052204
2025-01-10 06:00:00,74.6592307533164,15873.654411947797,7727.882385298885
2025-01-10 07:00:00,25264.392063,-0.0,-0.0
2025-01-10 08:00:00,25732.092966,-0.0,-0.0
2025-01-10 09:00:00,25944.608881,-0.0,-0.0
2025-01-10 10:00:00,24977.989084,-0.0,-0.0
2025-01-10 11:00:00,23998.134657,-0.0,-0.0
2025-01-10 12:00:00,23961.878835,-0.0,-0.0
2025-01-10 13:00:00,23521.341138,-0.0,-0.0
2025-01-10 14:00:00,23758.905601,-0.0,-0.0
2025-01-10 15:00:00,22944.765554,-0.0,-0.0
2025-01-10 16:00:00,24182.540769,-0.0,-0.0
2025-01-10 17:00:00,3692.5211210077177,15873.654411947797,6274.003540044485
2025-01-10 18:00:00,-0.0,15873.654411947797,9757.156652052205
2025-01-10 19:00:00,-0.0,15873.654411947797,9537.794820052202
2025-01-10 20:00:00,-0.0,15873.654411947797,9193.922583052203
2025-01-10 21:00:00,-0.0,15873.654411947797,8883.449860052204
2025-01-10 22:00:00,-0.0,15873.654411947797,7834.938526052205
2025-01-10 23:00:00,-0.0,15873.654411947797,7054.5053550521025
2025-01-11 00:00:00,-0.0,15873.654411947797,6475.713264052205
2025-01-11 01:00:00,-0.0,15873.654411947797,5583.354487052204
2025-01-11 02:00:00,-0.0,15873.654411947797,4734.863157052203
2025-01-11 03:00:00,-0.0,15873.654411947797,4441.638338052204
2025-01-11 04:00:00,-0.0,15873.654411947797,4533.352058052204
2025-01-11 05:00:00,-0.0,15873.654411947797,5163.149917052202
2025-01-11 06:00:00,99.54564100440504,15873.654411947797,6042.905285047799
2025-01-11 07:00:00,22535.4934569999,-0.0,-0.0
2025-01-11 08:00:00,23358.436353,-0.0,-0.0
2025-01-11 09:00:00,24677.883089,-0.0,-0.0
2025-01-11 10:00:00,24194.513542,-0.0,-0.0
2025-01-11 11:00:00,23428.246625,-0.0,-0.0
2025-01-11 12:00:00,22208.1823659999,-0.0,-0.0
2025-01-11 13:00:00,22031.259695,-0.0,-0.0
2025-01-11 14:00:00,21471.544723,-0.0,-0.0
2025-01-11 15:00:00,20676.406112,-0.0,-0.0
2025-01-11 16:00:00,22315.222286,-0.0,-0.0
2025-01-11 17:00:00,877.2459613513952,15873.654411947797,7611.802330700808
2025-01-11 18:00:00,-0.0,15873.654411947797,8786.614142052202
2025-01-11 19:00:00,-0.0,15873.654411947797,8432.076305052202
2025-01-11 20:00:00,-0.0,15873.654411947797,8119.061366052103
2025-01-11 21:00:00,-0.0,15873.654411947797,7784.385784052205
2025-01-11 22:00:00,-0.0,15873.654411947797,6918.005877052203
2025-01-11 23:00:00,-0.0,15873.654411947797,5966.885230052203
2025-01-12 00:00:00,-0.0,15873.654411947797,5569.145775052204
2025-01-12 01:00:00,-0.0,15873.654411947797,4919.198059052202
2025-01-12 02:00:00,-0.0,15873.654411947797,4561.660750052202
2025-01-12 03:00:00,-0.0,15873.654411947797,4277.236812052202
2025-01-12 04:00:00,-0.0,15873.654411947797,3985.3541610522025
2025-01-12 05:00:00,-0.0,15873.654411947797,4300.787464052204
2025-01-12 06:00:00,62.21602562776367,15873.654411947797,5121.2907804244405
2025-01-12 07:00:00,21692.147849,-0.0,-0.0
2025-01-12 08:00:00,22471.814163,-0.0,-0.0
2025-01-12 09:00:00,22720.7457484999,-0.0,-0.0
2025-01-12 10:00:00,21770.217427,-0.0,-0.0
2025-01-12 11:00:00,21235.29669,-0.0,-0.0
2025-01-12 12:00:00,20994.981105,-0.0,-0.0
2025-01-12 13:00:00,21237.432392,-0.0,-0.0
2025-01-12 14:00:00,21480.223037,-0.0,-0.0
2025-01-12 15:00:00,20765.2678792999,-0.0,-0.0
2025-01-12 16:00:00,22050.524768,-0.0,-0.0
2025-01-12 17:00:00,2420.2033969199565,15873.654411947797,6261.966142132245
2025-01-12 18:00:00,-0.0,15873.654411947797,9205.113727052203
2025-01-12 19:00:00,-0.0,15873.654411947797,8978.867948052202
2025-01-12 20:00:00,-0.0,15873.654411947797,8572.568501052103
2025-01-12 21:00:00,-0.0,15873.654411947797,8188.173300052202
2025-01-12 22:00:00,-0.0,15873.654411947797,6923.027485052202
2025-01-12 23:00:00,-0.0,15873.654411947797,6039.071633052203
2025-01-13 00:00:00,-0.0,15873.654411947797,6002.485026052202
2025-01-13 01:00:00,-0.0,15873.654411947797,5431.719163052103
2025-01-13 02:00:00,-0.0,15873.654411947797,5220.698161052203
2025-01-13 03:00:00,-0.0,15873.654411947797,5178.667206052205
2025-01-13 04:00:00,-0.0,15873.654411947797,5293.084194052202
2025-01-13 05:00:00,-0.0,15873.654411947797,6878.169116052204
2025-01-13 06:00:00,83.9916345974087,15873.654411947797,9082.038808454794
2025-01-13 07:00:00,26954.469656,-0.0,-0.0
2025-01-13 08:00:00,27242.0304919999,-0.0,-0.0
2025-01-13 09:00:00,26657.458155,-0.0,-0.0
2025-01-13 10:00:00,25399.2103644,-0.0,-0.0
2025-01-13 11:00:00,24801.4961557,-0.0,-0.0
2025-01-13 12:00:00,24112.7144225,-0.0,-0.0
2025-01-13 13:00:00,24464.491815,-0.0,-0.0
2025-01-13 14:00:00,24842.8384136,-0.0,-0.0
2025-01-13 15:00:00,23533.659426,-0.0,-0.0
2025-01-13 16:00:00,24599.501918,-0.0,-0.0
2025-01-13 17:00:00,139.9860576624017,15873.654411947797,10780.850366389803
2025-01-13 18:00:00,-0.0,15873.654411947797,11314.534530052204
2025-01-13 19:00:00,-0.0,15873.654411947797,10889.626234052203
2025-01-13 20:00:00,-0.0,15873.654411947797,10405.365368052202
2025-01-13 21:00:00,-0.0,15873.654411947797,9921.869809052203
2025-01-13 22:00:00,-0.0,15873.654411947797,8459.116975052102
2025-01-13 23:00:00,-0.0,15873.654411947797,6980.156569052202
2025-01-14 00:00:00,-0.0,15873.654411947797,6925.854309052202
2025-01-14 01:00:00,-0.0,15873.654411947797,6368.106249052204
2025-01-14 02:00:00,-0.0,15873.654411947797,5957.193081052204
2025-01-14 03:00:00,-0.0,15873.654411947797,5838.285024052204
2025-01-14 04:00:00,-0.0,15873.654411947797,6136.806184052102
2025-01-14 05:00:00,-0.0,15873.654411947797,7635.215565052202
2025-01-14 06:00:00,96.43483972298962,15873.654411947797,10154.716739329215
2025-01-14 07:00:00,27767.562929,-0.0,-0.0
2025-01-14 08:00:00,28564.907024,-0.0,-0.0
2025-01-14 09:00:00,27748.4591,-0.0,-0.0
2025-01-14 10:00:00,26478.8264592,-0.0,-0.0
2025-01-14 11:00:00,25240.47403797,-0.0,-0.0
2025-01-14 12:00:00,24918.72020996,-0.0,-0.0
2025-01-14 13:00:00,25194.9974309,-0.0,-0.0
2025-01-14 14:00:00,25084.6011961,-0.0,-0.0
2025-01-14 15:00:00,23807.32189,-0.0,-0.0
2025-01-14 16:00:00,24633.156784,-0.0,-0.0
2025-01-14 17:00:00,220.86689097855648,15873.654411947797,10670.507954073646
2025-01-14 18:00:00,-0.0,15873.654411947797,11121.440309052205
2025-01-14 19:00:00,-0.0,15873.654411947797,10840.064181052205
2025-01-14 20:00:00,-0.0,15873.654411947797,10412.915122052202
2025-01-14 21:00:00,-0.0,15873.654411947797,9759.998003052204
2025-01-14 22:00:00,-0.0,15873.654411947797,8353.399523052203
2025-01-14 23:00:00,-0.0,15873.654411947797,6768.355860052203
2025-01-15 00:00:00,-0.0,15873.654411947797,6348.477614052203
2025-01-15 01:00:00,-0.0,15873.654411947797,6030.047050052102
2025-01-15 02:00:00,-0.0,15873.654411947797,6251.274254052203
2025-01-15 03:00:00,-0.0,15873.654411947797,5914.112024052103
2025-01-15 04:00:00,-0.0,15873.654411947797,5778.352430052202
2025-01-15 05:00:00,-0.0,15873.654411947797,7399.152730052205
2025-01-15 06:00:00,96.43483972298962,15873.654411947797,9763.315073329213
2025-01-15 07:00:00,27388.146514,-0.0,-0.0
2025-01-15 08:00:00,28223.627999,-0.0,-0.0
2025-01-15 09:00:00,26955.9010057,-0.0,-0.0
2025-01-15 10:00:00,25536.198689,-0.0,-0.0
2025-01-15 11:00:00,24294.6177399,-0.0,-0.0
2025-01-15 12:00:00,23987.6504697,-0.0,-0.0
2025-01-15 13:00:00,24372.3871377,-0.0,-0.0
2025-01-15 14:00:00,24458.23732931,-0.0,-0.0
2025-01-15 15:00:00,23182.23283859,-0.0,-0.0
2025-01-15 16:00:00,24651.573467,-0.0,-0.0
2025-01-15 17:00:00,1801.1539419236988,15873.654411947797,8977.110076128403
2025-01-15 18:00:00,-0.0,15873.654411947797,10829.348040052204
2025-01-15 19:00:00,-0.0,15873.654411947797,10567.754584052202
2025-01-15 20:00:00,-0.0,15873.654411947797,10017.295807052202
2025-01-15 21:00:00,-0.0,15873.654411947797,9439.643385052203
2025-01-15 22:00:00,-0.0,15873.654411947797,8166.858566052202
2025-01-15 23:00:00,-0.0,15873.654411947797,6851.716962052202
2025-01-16 00:00:00,-0.0,15873.654411947797,6335.432467052202
2025-01-16 01:00:00,-0.0,15873.654411947797,5935.639456052204
2025-01-16 02:00:00,-0.0,15873.654411947797,5644.952609052203
2025-01-16 03:00:00,-0.0,15873.654411947797,5435.745396052202
2025-01-16 04:00:00,-0.0,15873.654411947797,5763.993194052202
2025-01-16 05:00:00,-0.0,15873.654411947797,7294.136936052202
2025-01-16 06:00:00,211.53448713439101,15873.654411947797,9613.76005191781
2025-01-16 07:00:00,27593.288814,-0.0,-0.0
2025-01-16 08:00:00,27103.332653,-0.0,-0.0
2025-01-16 09:00:00,26078.224231,-0.0,-0.0
2025-01-16 10:00:00,25286.683864,-0.0,-0.0
2025-01-16 11:00:00,24716.452311,-0.0,-0.0
2025-01-16 12:00:00,23866.560142,-0.0,-0.0
2025-01-16 13:00:00,24263.378813,-0.0,-0.0
2025-01-16 14:00:00,24712.4206229999,-0.0,-0.0
2025-01-16 15:00:00,24173.448568,-0.0,-0.0
2025-01-16 16:00:00,24809.362932,-0.0,-0.0
2025-01-16 17:00:00,3844.9503837957814,15873.654411947797,7007.7319692564215
2025-01-16 18:00:00,-0.0,15873.654411947797,11098.401314052202
2025-01-16 19:00:00,-0.0,15873.654411947797,10698.030350052204
2025-01-16 20:00:00,-0.0,15873.654411947797,10534.507918052203
2025-01-16 21:00:00,-0.0,15873.654411947797,10006.313710052202
2025-01-16 22:00:00,-0.0,15873.654411947797,8734.955269052205
2025-01-16 23:00:00,-0.0,15873.654411947797,7302.455690052202
2025-01-17 00:00:00,-0.0,15873.654411947797,6728.008963052203
2025-01-17 01:00:00,-0.0,15873.654411947797,6167.939033052202
2025-01-17 02:00:00,-0.0,15873.654411947797,5716.434221052203
2025-01-17 03:00:00,-0.0,15873.654411947797,5538.462758052205
2025-01-17 04:00:00,-0.0,15873.654411947797,5858.622006052205
2025-01-17 05:00:00,-0.0,15873.654411947797,7333.822514052203
2025-01-17 06:00:00,37.3296153766582,15873.654411947797,9604.095290675443
2025-01-17 07:00:00,27680.905856,-0.0,-0.0
2025-01-17 08:00:00,28455.5365099999,-0.0,-0.0
2025-01-17 09:00:00,27875.2834553,-0.0,-0.0
2025-01-17 10:00:00,27071.8860043399,-0.0,-0.0
2025-01-17 11:00:00,25989.1470069,-0.0,-0.0
2025-01-17 12:00:00,25485.29556404,-0.0,-0.0
2025-01-17 13:00:00,24738.8090712,-0.0,-0.0
2025-01-17 14:00:00,23982.932673,-0.0,-0.0
2025-01-17 15:00:00,23254.9009511,-0.0,-0.0
2025-01-17 16:00:00,24389.520084,-0.0,-0.0
2025-01-17 17:00:00,2065.572050841748,15873.654411947797,8292.601471210455
2025-01-17 18:00:00,-0.0,15873.654411947797,10680.319506052203
2025-01-17 19:00:00,-0.0,15873.654411947797,10454.388897052204
2025-01-17 20:00:00,-0.0,15873.654411947797,10302.348737052203
2025-01-17 21:00:00,-0.0,15873.654411947797,9589.761995052204
2025-01-17 22:00:00,-0.0,15873.654411947797,8546.570086052105
2025-01-17 23:00:00,-0.0,15873.654411947797,7235.690451052202
2025-01-18 00:00:00,-0.0,15873.654411947797,6941.998786052203
2025-01-18 01:00:00,-0.0,15873.654411947797,6279.207706052102
2025-01-18 02:00:00,-0.0,15873.654411947797,5480.074195052102
2025-01-18 03:00:00,-0.0,15873.654411947797,5076.347667052103
2025-01-18 04:00:00,-0.0,15873.654411947797,4811.054591052203
2025-01-18 05:00:00,-0.0,15873.654411947797,5665.407232052205
2025-01-18 06:00:00,118.21044869273605,15873.654411947797,6459.221441359467
2025-01-18 07:00:00,23473.347293,-0.0,-0.0
2025-01-18 08:00:00,24051.026629,-0.0,-0.0
2025-01-18 09:00:00,23669.6728706,-0.0,-0.0
2025-01-18 10:00:00,22612.1783254,-0.0,-0.0
2025-01-18 11:00:00,21606.3956564,-0.0,-0.0
2025-01-18 12:00:00,21318.1132993,-0.0,-0.0
2025-01-18 13:00:00,21611.2749687,-0.0,-0.0
2025-01-18 14:00:00,22076.6863715,-0.0,-0.0
2025-01-18 15:00:00,21200.4208149,-0.0,-0.0
2025-01-18 16:00:00,22283.337202,-0.0,-0.0
2025-01-18 17:00:00,1564.7330445382265,15873.654411947797,6916.339182513977
2025-01-18 18:00:00,-0.0,15873.654411947797,9064.900087052205
2025-01-18 19:00:00,-0.0,15873.654411947797,8793.779161052202
2025-01-18 20:00:00,-0.0,15873.654411947797,8476.892115052202
2025-01-18 21:00:00,-0.0,15873.654411947797,8072.800994052102
2025-01-18 22:00:00,-0.0,15873.654411947797,7281.602312052202
2025-01-18 23:00:00,-0.0,15873.654411947797,6150.579164052202
2025-01-19 00:00:00,-0.0,15873.654411947797,5918.091837052203
2025-01-19 01:00:00,-0.0,15873.654411947797,5518.079364052204
2025-01-19 02:00:00,-0.0,15873.654411947797,4972.037982052205
2025-01-19 03:00:00,-0.0,15873.654411947797,4641.925362052205
2025-01-19 04:00:00,-0.0,15873.654411947797,4571.403111052203
2025-01-19 05:00:00,-0.0,15873.654411947797,5051.501526052203
2025-01-19 06:00:00,192.86967944606002,15873.654411947797,5861.535588606142
2025-01-19 07:00:00,22884.421638,-0.0,-0.0
2025-01-19 08:00:00,23416.24033949,-0.0,-0.0
2025-01-19 09:00:00,23527.488245,-0.0,-0.0
2025-01-19 10:00:00,22568.54274,-0.0,-0.0
2025-01-19 11:00:00,22550.115521,-0.0,-0.0
2025-01-19 12:00:00,22507.3677609999,-0.0,-0.0
2025-01-19 13:00:00,23220.441994,-0.0,-0.0
2025-01-19 14:00:00,23338.441918,-0.0,-0.0
2025-01-19 15:00:00,22314.4378059999,-0.0,-0.0
2025-01-19 16:00:00,22741.86526,-0.0,-0.0
2025-01-19 17:00:00,4859.071601528324,15873.654411947797,4163.7574815238795
2025-01-19 18:00:00,939.4619869792191,15873.654411947797,8607.416395072984
2025-01-19 19:00:00,-0.0,15873.654411947797,9342.477726052204
2025-01-19 20:00:00,-0.0,15873.654411947797,8933.306031052203
2025-01-19 21:00:00,-0.0,15873.654411947797,8318.530101052203
2025-01-19 22:00:00,-0.0,15873.654411947797,7159.524613052103
2025-01-19 23:00:00,-0.0,15873.654411947797,6022.837289052202
2025-01-20 00:00:00,-0.0,15873.654411947797,5879.818164052203
2025-01-20 01:00:00,-0.0,15873.654411947797,5208.306761052203
2025-01-20 02:00:00,-0.0,15873.654411947797,4877.558850052204
2025-01-20 03:00:00,-0.0,15873.654411947797,4776.361379052103
2025-01-20 04:00:00,-0.0,15873.654411947797,5289.4461380522025
2025-01-20 05:00:00,-0.0,15873.654411947797,6466.995550052203
2025-01-20 06:00:00,388.8501601734547,15873.654411947797,7541.3963058787485
2025-01-20 07:00:00,25448.698839,-0.0,-0.0
2025-01-20 08:00:00,25597.0177057,-0.0,-0.0
2025-01-20 09:00:00,25261.5390167,-0.0,-0.0
2025-01-20 10:00:00,23666.82506,-0.0,-0.0
2025-01-20 11:00:00,23229.734547,-0.0,-0.0
2025-01-20 12:00:00,23718.85056,-0.0,-0.0
2025-01-20 13:00:00,24321.113613,-0.0,-0.0
2025-01-20 14:00:00,25280.9912402999,-0.0,-0.0
2025-01-20 15:00:00,23684.5581625,-0.0,-0.0
2025-01-20 16:00:00,24042.544153,-0.0,-0.0
2025-01-20 17:00:00,4883.958011779406,15873.654411947797,5681.701340272796
2025-01-20 18:00:00,2087.347659811414,15873.654411947797,8977.905638240789
2025-01-20 19:00:00,572.3874357753492,15873.654411947797,10176.369832276856
2025-01-20 20:00:00,345.29894223404267,15873.654411947797,10074.803140818161
2025-01-20 21:00:00,-0.0,15873.654411947797,9582.617878052204
2025-01-20 22:00:00,-0.0,15873.654411947797,8280.488918052202
2025-01-20 23:00:00,-0.0,15873.654411947797,7075.617039052204
2025-01-21 00:00:00,-0.0,15873.654411947797,6671.691429052202
2025-01-21 01:00:00,-0.0,15873.654411947797,6221.851802052204
2025-01-21 02:00:00,-0.0,15873.654411947797,6188.149166052202
2025-01-21 03:00:00,-0.0,15873.654411947797,5905.954686052204
2025-01-21 04:00:00,-0.0,15873.654411947797,6164.487022052204
2025-01-21 05:00:00,-0.0,15873.654411947797,7701.919344052103
2025-01-21 06:00:00,311.08012813879606,15873.654411947797,9910.806331913307
2025-01-21 07:00:00,27801.978094,-0.0,-0.0
2025-01-21 08:00:00,28005.00685,-0.0,-0.0
2025-01-21 09:00:00,27305.1661863,-0.0,-0.0
2025-01-21 10:00:00,26558.1505057,-0.0,-0.0
2025-01-21 11:00:00,25079.0698002,-0.0,-0.0
2025-01-21 12:00:00,24541.4854209,-0.0,-0.0
2025-01-21 13:00:00,24501.1747404,-0.0,-0.0
2025-01-21 14:00:00,24303.56342714,-0.0,-0.0
2025-01-21 15:00:00,23196.5866518,-0.0,-0.0
2025-01-21 16:00:00,24546.64042,-0.0,-0.0
2025-01-21 17:00:00,2902.3775955351466,15873.654411947797,7982.865729517056
2025-01-21 18:00:00,563.0550319311837,15873.654411947797,10829.436912120918
2025-01-21 19:00:00,-0.0,15873.654411947797,11112.590720052105
2025-01-21 20:00:00,-0.0,15873.654411947797,10679.254520052202
2025-01-21 21:00:00,-0.0,15873.654411947797,10051.312148052204
2025-01-21 22:00:00,-0.0,15873.654411947797,8654.126473052203
2025-01-21 23:00:00,-0.0,15873.654411947797,7360.352832052204
2025-01-22 00:00:00,-0.0,15873.654411947797,6771.593993052202
2025-01-22 01:00:00,-0.0,15873.654411947797,6216.463989052203
2025-01-22 02:00:00,-0.0,15873.654411947797,5936.206414052203
2025-01-22 03:00:00,-0.0,15873.654411947797,5899.891595052204
2025-01-22 04:00:00,-0.0,15873.654411947797,6309.086284052204
2025-01-22 05:00:00,-0.0,15873.654411947797,7728.462643052202
2025-01-22 06:00:00,301.7477242946306,15873.654411947797,9943.890348757473
2025-01-22 07:00:00,27600.402498,-0.0,-0.0
2025-01-22 08:00:00,27816.293894,-0.0,-0.0
2025-01-22 09:00:00,26298.9611117299,-0.0,-0.0
2025-01-22 10:00:00,24979.3162257,-0.0,-0.0
2025-01-22 11:00:00,24875.717134,-0.0,-0.0
2025-01-22 12:00:00,25765.2016677,-0.0,-0.0
2025-01-22 13:00:00,25576.3305795,-0.0,-0.0
2025-01-22 14:00:00,25394.40352,-0.0,-0.0
2025-01-22 15:00:00,24066.508094,-0.0,-0.0
2025-01-22 16:00:00,24499.131017,-0.0,-0.0
2025-01-22 17:00:00,1449.6333971268252,15873.654411947797,9289.816010925379
2025-01-22 18:00:00,-0.0,15873.654411947797,11146.993513052204
2025-01-22 19:00:00,-0.0,15873.654411947797,10701.130216052205
2025-01-22 20:00:00,-0.0,15873.654411947797,10272.063985052102
2025-01-22 21:00:00,-0.0,15873.654411947797,9824.863939052202
2025-01-22 22:00:00,-0.0,15873.654411947797,8304.190566052204
2025-01-22 23:00:00,-0.0,15873.654411947797,6945.218692052202
2025-01-23 00:00:00,-0.0,15873.654411947797,6404.651908052203
2025-01-23 01:00:00,-0.0,15873.654411947797,5632.298381052204
2025-01-23 02:00:00,-0.0,15873.654411947797,5230.366560052202
2025-01-23 03:00:00,-0.0,15873.654411947797,5168.5655900522015
2025-01-23 04:00:00,-0.0,15873.654411947797,5633.028198052203
2025-01-23 05:00:00,-0.0,15873.654411947797,7144.396890052203
2025-01-23 06:00:00,535.0578203986872,15873.654411947797,9055.204424653415
2025-01-23 07:00:00,27005.497617,-0.0,-0.0
2025-01-23 08:00:00,26995.813588,-0.0,-0.0
2025-01-23 09:00:00,26505.69387504,-0.0,-0.0
2025-01-23 10:00:00,25699.8059428,-0.0,-0.0
2025-01-23 11:00:00,24467.216214,-0.0,-0.0
2025-01-23 12:00:00,23563.022562,-0.0,-0.0
2025-01-23 13:00:00,24086.23868,-0.0,-0.0
2025-01-23 14:00:00,24223.574967,-0.0,-0.0
2025-01-23 15:00:00,23454.1665837999,-0.0,-0.0
2025-01-23 16:00:00,24238.040895,-0.0,-0.0
2025-01-23 17:00:00,7058.408107469723,15873.654411947797,3861.02548658238
2025-01-23 18:00:00,2432.6466020455373,15873.654411947797,8507.714109006667
2025-01-23 19:00:00,-0.0,15873.654411947797,10423.509308052204
2025-01-23 20:00:00,-0.0,15873.654411947797,9802.261510052203
2025-01-23 21:00:00,-0.0,15873.654411947797,9227.373131052203
2025-01-23 22:00:00,-0.0,15873.654411947797,8005.227590052202
2025-01-23 23:00:00,-0.0,15873.654411947797,6792.007092052203
2025-01-24 00:00:00,-0.0,15873.654411947797,6478.280084052205
2025-01-24 01:00:00,-0.0,15873.654411947797,5896.055251052205
2025-01-24 02:00:00,-0.0,15873.654411947797,5472.614563052202
2025-01-24 03:00:00,-0.0,15873.654411947797,5346.299910052103
2025-01-24 04:00:00,-0.0,15873.654411947797,5709.060664052204
2025-01-24 05:00:00,-0.0,15873.654411947797,7134.430540052204
2025-01-24 06:00:00,283.0829166062996,15873.654411947797,9308.812028445904
2025-01-24 07:00:00,26846.564331,-0.0,-0.0
2025-01-24 08:00:00,27177.9778234,-0.0,-0.0
2025-01-24 09:00:00,26784.9164365999,-0.0,-0.0
2025-01-24 10:00:00,25129.9052337,-0.0,-0.0
2025-01-24 11:00:00,23702.7697315,-0.0,-0.0
2025-01-24 12:00:00,23999.334988,-0.0,-0.0
2025-01-24 13:00:00,24424.3096238,-0.0,-0.0
2025-01-24 14:00:00,24347.0248755,-0.0,-0.0
2025-01-24 15:00:00,23785.444806,-0.0,-0.0
2025-01-24 16:00:00,24407.8288249999,-0.0,-0.0
2025-01-24 17:00:00,4383.119005475884,15873.654411947797,5772.456925576319
2025-01-24 18:00:00,-0.0,15873.654411947797,10321.064641052204
2025-01-24 19:00:00,-0.0,15873.654411947797,9852.916324052103
2025-01-24 20:00:00,-0.0,15873.654411947797,9354.879531052202
2025-01-24 21:00:00,-0.0,15873.654411947797,9081.883990052202
2025-01-24 22:00:00,-0.0,15873.654411947797,8116.671546052205
2025-01-24 23:00:00,-0.0,15873.654411947797,6751.701572052103
2025-01-25 00:00:00,-0.0,15873.654411947797,6205.0953200522035
2025-01-25 01:00:00,-0.0,15873.654411947797,5515.865554052203
2025-01-25 02:00:00,-0.0,15873.654411947797,4784.331454052202
2025-01-25 03:00:00,-0.0,15873.654411947797,4442.913327052202
2025-01-25 04:00:00,-0.0,15873.654411947797,4593.8617480522025
2025-01-25 05:00:00,-0.0,15873.654411947797,5284.998489052103
2025-01-25 06:00:00,-0.0,15873.654411947797,6295.0145220522045
2025-01-25 07:00:00,22722.990625,-0.0,-0.0
2025-01-25 08:00:00,22707.992799,-0.0,-0.0
2025-01-25 09:00:00,22388.352992,-0.0,-0.0
2025-01-25 10:00:00,21376.214918,-0.0,-0.0
2025-01-25 11:00:00,21274.593236,-0.0,-0.0
2025-01-25 12:00:00,22310.718769,-0.0,-0.0
2025-01-25 13:00:00,22485.8804309999,-0.0,-0.0
2025-01-25 14:00:00,23668.887089,-0.0,-0.0
2025-01-25 15:00:00,23428.991005,-0.0,-0.0
2025-01-25 16:00:00,23622.830584,-0.0,-0.0
2025-01-25 17:00:00,1175.882884364691,15873.654411947797,8280.666840687512
2025-01-25 18:00:00,-0.0,15873.654411947797,10179.406367052203
2025-01-25 19:00:00,-0.0,15873.654411947797,9202.298469052204
2025-01-25 20:00:00,-0.0,15873.654411947797,8747.718128052204
2025-01-25 21:00:00,-0.0,15873.654411947797,8234.433316052202
2025-01-25 22:00:00,-0.0,15873.654411947797,7264.940722052203
2025-01-25 23:00:00,-0.0,15873.654411947797,6365.063929052203
2025-01-26 00:00:00,-0.0,15873.654411947797,5556.4689580522045
2025-01-26 01:00:00,-0.0,15873.654411947797,5054.999285052205
2025-01-26 02:00:00,-0.0,15873.654411947797,4650.939116052205
2025-01-26 03:00:00,-0.0,15873.654411947797,4397.719712052103
2025-01-26 04:00:00,-0.0,15873.654411947797,4285.051297052205
2025-01-26 05:00:00,-0.0,15873.654411947797,4617.620540052203
2025-01-26 06:00:00,320.4125319829616,15873.654411947797,4838.279214069242
2025-01-26 07:00:00,21904.366221,-0.0,-0.0
2025-01-26 08:00:00,22484.999837,-0.0,-0.0
2025-01-26 09:00:00,22842.508742,-0.0,-0.0
2025-01-26 10:00:00,23419.531314,-0.0,-0.0
2025-01-26 11:00:00,22889.579364,-0.0,-0.0
2025-01-26 12:00:00,22661.3159429999,-0.0,-0.0
2025-01-26 13:00:00,22989.420254,-0.0,-0.0
2025-01-26 14:00:00,22485.558251,-0.0,-0.0
2025-01-26 15:00:00,22422.823803,-0.0,-0.0
2025-01-26 16:00:00,23658.010518,-0.0,-0.0
2025-01-26 17:00:00,1751.3811214215368,15873.654411947797,7974.543595630566
2025-01-26 18:00:00,-0.0,15873.654411947797,10420.687781052102
2025-01-26 19:00:00,-0.0,15873.654411947797,10152.942930052204
2025-01-26 20:00:00,-0.0,15873.654411947797,9641.215249052204
2025-01-26 21:00:00,-0.0,15873.654411947797,9186.589298052202
2025-01-26 22:00:00,-0.0,15873.654411947797,7920.8339530521025
2025-01-26 23:00:00,-0.0,15873.654411947797,6580.409460052202
2025-01-27 00:00:00,-0.0,15873.654411947797,6635.654086052202
2025-01-27 01:00:00,-0.0,15873.654411947797,6010.913514052203
2025-01-27 02:00:00,-0.0,15873.654411947797,5439.429287052202
2025-01-27 03:00:00,-0.0,15873.654411947797,5204.753235052203
2025-01-27 04:00:00,-0.0,15873.654411947797,5770.827671052202
2025-01-27 05:00:00,-0.0,15873.654411947797,7179.611624052204
2025-01-27 06:00:00,133.76445509965163,15873.654411947797,9721.551515952551
2025-01-27 07:00:00,27535.404521,-0.0,-0.0
2025-01-27 08:00:00,27103.9850349999,-0.0,-0.0
2025-01-27 09:00:00,27258.153271,-0.0,-0.0
2025-01-27 10:00:00,26930.139693,-0.0,-0.0
2025-01-27 11:00:00,26411.682865,-0.0,-0.0
2025-01-27 12:00:00,24455.0626495,-0.0,-0.0
2025-01-27 13:00:00,23535.87193559,-0.0,-0.0
2025-01-27 14:00:00,22901.9741815,-0.0,-0.0
2025-01-27 15:00:00,22837.9583504999,-0.0,-0.0
2025-01-27 16:00:00,24500.934623,-0.0,-0.0
2025-01-27 17:00:00,6016.289678204684,15873.654411947797,4989.325090847519
2025-01-27 18:00:00,572.3874357753492,15873.654411947797,11295.069356276856
2025-01-27 19:00:00,-0.0,15873.654411947797,11425.192697052202
2025-01-27 20:00:00,-0.0,15873.654411947797,11122.487500052202
2025-01-27 21:00:00,-0.0,15873.654411947797,10594.646545052203
2025-01-27 22:00:00,-0.0,15873.654411947797,9091.408805052202
2025-01-27 23:00:00,-0.0,15873.654411947797,7871.109112052205
2025-01-28 00:00:00,-0.0,15873.654411947797,7346.1807250522015
2025-01-28 01:00:00,-0.0,15873.654411947797,6642.400201052204
2025-01-28 02:00:00,-0.0,15873.654411947797,6678.073824052202
2025-01-28 03:00:00,-0.0,15873.654411947797,6414.901492052204
2025-01-28 04:00:00,-0.0,15873.654411947797,6626.706555052204
2025-01-28 05:00:00,-0.0,15873.654411947797,8585.058451052204
2025-01-28 06:00:00,323.5233332642962,15873.654411947797,10620.418420787906
2025-01-28 07:00:00,28340.253436,-0.0,-0.0
2025-01-28 08:00:00,28103.7279839,-0.0,-0.0
2025-01-28 09:00:00,26690.0859798,-0.0,-0.0
2025-01-28 10:00:00,25101.4743331,-0.0,-0.0
2025-01-28 11:00:00,23825.740924,-0.0,-0.0
2025-01-28 12:00:00,22942.553684,-0.0,-0.0
2025-01-28 13:00:00,22805.19493,-0.0,-0.0
2025-01-28 14:00:00,22963.296989,-0.0,-0.0
2025-01-28 15:00:00,23000.0889,-0.0,-0.0
2025-01-28 16:00:00,24772.281254,-0.0,-0.0
2025-01-28 17:00:00,6520.2394857896215,15873.654411947797,5293.293384262581
2025-01-28 18:00:00,-0.0,15873.654411947797,12259.971006052203
2025-01-28 19:00:00,-0.0,15873.654411947797,11708.052203052202
2025-01-28 20:00:00,-0.0,15873.654411947797,10960.320333052203
2025-01-28 21:00:00,-0.0,15873.654411947797,10326.661435052103
2025-01-28 22:00:00,-0.0,15873.654411947797,8873.806884052103
2025-01-28 23:00:00,-0.0,15873.654411947797,7613.9549820522025
2025-01-29 00:00:00,-0.0,15873.654411947797,7262.775317052203
2025-01-29 01:00:00,-0.0,15873.654411947797,6634.592756052103
2025-01-29 02:00:00,-0.0,15873.654411947797,6396.275309052204
2025-01-29 03:00:00,-0.0,15873.654411947797,6001.667044052205
2025-01-29 04:00:00,-0.0,15873.654411947797,6250.122759052103
2025-01-29 05:00:00,-0.0,15873.654411947797,7616.403466052203
2025-01-29 06:00:00,118.21044869273605,15873.654411947797,9901.198669359466
2025-01-29 07:00:00,27564.0424939999,-0.0,-0.0
2025-01-29 08:00:00,27583.5528692,-0.0,-0.0
2025-01-29 09:00:00,26359.803453,-0.0,-0.0
2025-01-29 10:00:00,26136.648685,-0.0,-0.0
2025-01-29 11:00:00,25326.3501782,-0.0,-0.0
2025-01-29 12:00:00,25246.7085682,-0.0,-0.0
2025-01-29 13:00:00,23594.2963316,-0.0,-0.0
2025-01-29 14:00:00,23461.2865406,-0.0,-0.0
2025-01-29 15:00:00,23003.3771819999,-0.0,-0.0
2025-01-29 16:00:00,23966.41353,-0.0,-0.0
2025-01-29 17:00:00,8716.465190449686,15873.654411947797,2367.595896602519
2025-01-29 18:00:00,401.29336529903566,15873.654411947797,11245.254337753167
2025-01-29 19:00:00,-0.0,15873.654411947797,11353.931986052203
2025-01-29 20:00:00,-0.0,15873.654411947797,10896.617089052203
2025-01-29 21:00:00,-0.0,15873.654411947797,10448.253324052102
2025-01-29 22:00:00,-0.0,15873.654411947797,9131.120405052205
2025-01-29 23:00:00,-0.0,15873.654411947797,7715.115919052203
2025-01-30 00:00:00,-0.0,15873.654411947797,7118.301832052204
2025-01-30 01:00:00,-0.0,15873.654411947797,6532.725713052203
2025-01-30 02:00:00,-0.0,15873.654411947797,6226.228565052204
2025-01-30 03:00:00,-0.0,15873.654411947797,5863.917626052202
2025-01-30 04:00:00,-0.0,15873.654411947797,6082.827171052204
2025-01-30 05:00:00,-0.0,15873.654411947797,7595.024912052102
2025-01-30 06:00:00,656.3790703728387,15873.654411947797,9319.907472679362
2025-01-30 07:00:00,27379.038212,-0.0,-0.0
2025-01-30 08:00:00,28091.1886409999,-0.0,-0.0
2025-01-30 09:00:00,27576.3733952,-0.0,-0.0
2025-01-30 10:00:00,26924.4558173999,-0.0,-0.0
2025-01-30 11:00:00,26805.5368948,-0.0,-0.0
2025-01-30 12:00:00,26256.0754845999,-0.0,-0.0
2025-01-30 13:00:00,25458.823103,-0.0,-0.0
2025-01-30 14:00:00,24204.81436,-0.0,-0.0
2025-01-30 15:00:00,23781.8997959999,-0.0,-0.0
2025-01-30 16:00:00,24665.578041,-0.0,-0.0
2025-01-30 17:00:00,7279.274998448281,15873.654411947797,4033.7135706038216
2025-01-30 18:00:00,1054.5616343905397,15873.654411947797,11325.438578661662
2025-01-30 19:00:00,80.88083331607405,15873.654411947797,11972.090310736128
2025-01-30 20:00:00,-0.0,15873.654411947797,11626.465821052103
2025-01-30 21:00:00,-0.0,15873.654411947797,11068.410984052103
2025-01-30 22:00:00,-0.0,15873.654411947797,9793.844210052202
2025-01-30 23:00:00,-0.0,15873.654411947797,8290.636255052204
2025-01-31 00:00:00,-0.0,15873.654411947797,7730.160407052203
2025-01-31 01:00:00,-0.0,15873.654411947797,6760.568224052202
2025-01-31 02:00:00,-0.0,15873.654411947797,6280.812123052203
2025-01-31 03:00:00,-0.0,15873.654411947797,6184.994225052202
2025-01-31 04:00:00,-0.0,15873.654411947797,6435.749258052203
2025-01-31 05:00:00,-0.0,15873.654411947797,7824.324205052204
2025-01-31 06:00:00,871.0243587886451,15873.654411947797,9408.591062263557
2025-01-31 07:00:00,27493.495689,-0.0,-0.0
2025-01-31 08:00:00,28955.100445,-0.0,-0.0
2025-01-31 09:00:00,29173.902359,-0.0,-0.0
2025-01-31 10:00:00,28167.7982109999,-0.0,-0.0
2025-01-31 11:00:00,27302.616929,-0.0,-0.0
2025-01-31 12:00:00,27204.728002,-0.0,-0.0
2025-01-31 13:00:00,26809.7074389999,-0.0,-0.0
2025-01-31 14:00:00,26376.670844,-0.0,-0.0
2025-01-31 15:00:00,25474.612817,-0.0,-0.0
2025-01-31 16:00:00,25512.632914,-0.0,-0.0
2025-01-31 17:00:00,4827.963588714412,15873.654411947797,6613.14853533779
2025-01-31 18:00:00,-0.0,15873.654411947797,11557.403901052205
2025-01-31 19:00:00,-0.0,15873.654411947797,11000.365233052204
2025-01-31 20:00:00,-0.0,15873.654411947797,10972.921796052202
2025-01-31 21:00:00,-0.0,15873.654411947797,10486.168639052203
2025-01-31 22:00:00,-0.0,15873.654411947797,9104.984692052205
2025-01-31 23:00:00,-0.0,15873.654411947797,7797.496244052103
2025-02-01 00:00:00,-0.0,15873.654411947797,7185.464139052203
2025-02-01 01:00:00,-0.0,15873.654411947797,6306.496369052204
2025-02-01 02:00:00,-0.0,15873.654411947797,5424.9916560522015
2025-02-01 03:00:00,-0.0,15873.654411947797,4971.4972900522025
2025-02-01 04:00:00,-0.0,15873.654411947797,4825.364071052203
2025-02-01 05:00:00,-0.0,15873.654411947797,5287.168135052203
2025-02-01 06:00:00,332.8557371084617,15873.654411947797,6108.811446943641
2025-02-01 07:00:00,23163.380885,-0.0,-0.0
2025-02-01 08:00:00,23498.785935,-0.0,-0.0
2025-02-01 09:00:00,24138.346288,-0.0,-0.0
2025-02-01 10:00:00,24157.8270761,-0.0,-0.0
2025-02-01 11:00:00,24202.189733,-0.0,-0.0
2025-02-01 12:00:00,24193.640219,-0.0,-0.0
2025-02-01 13:00:00,24042.934478,-0.0,-0.0
2025-02-01 14:00:00,23622.7673673,-0.0,-0.0
2025-02-01 15:00:00,22522.0905343,-0.0,-0.0
2025-02-01 16:00:00,22811.688143,-0.0,-0.0
2025-02-01 17:00:00,4498.218652887285,15873.654411947797,4177.869791164817
2025-02-01 18:00:00,-0.0,15873.654411947797,9084.646667052102
2025-02-01 19:00:00,-0.0,15873.654411947797,8607.821369052204
2025-02-01 20:00:00,-0.0,15873.654411947797,8103.875285052103
2025-02-01 21:00:00,-0.0,15873.654411947797,7641.941905052203
2025-02-01 22:00:00,-0.0,15873.654411947797,7045.973974052204
2025-02-01 23:00:00,-0.0,15873.654411947797,5967.149608052203
2025-02-02 00:00:00,-0.0,15873.654411947797,5593.399528052205
2025-02-02 01:00:00,-0.0,15873.654411947797,5188.070032052203
2025-02-02 02:00:00,-0.0,15873.654411947797,4667.133804052204
2025-02-02 03:00:00,-0.0,15873.654411947797,3900.534968052203
2025-02-02 04:00:00,-0.0,15873.654411947797,3486.6889650522044
2025-02-02 05:00:00,-0.0,15873.654411947797,3842.5556910521027
2025-02-02 06:00:00,1042.1184292650396,15873.654411947797,3458.802151787162
2025-02-02 07:00:00,21341.574394,-0.0,-0.0
2025-02-02 08:00:00,23223.6307696999,-0.0,-0.0
2025-02-02 09:00:00,23813.19043911,-0.0,-0.0
2025-02-02 10:00:00,23474.5271709999,-0.0,-0.0
2025-02-02 11:00:00,23061.2147281,-0.0,-0.0
2025-02-02 12:00:00,22056.3551724,-0.0,-0.0
2025-02-02 13:00:00,21119.7871031,-0.0,-0.0
2025-02-02 14:00:00,20459.062475,-0.0,-0.0
2025-02-02 15:00:00,20519.7819012,-0.0,-0.0
2025-02-02 16:00:00,21918.9831799,-0.0,-0.0
2025-02-02 17:00:00,11083.784965586065,13264.335550413934,-0.0
2025-02-02 18:00:00,1029.6752241394586,15873.654411947797,8105.887117912745
2025-02-02 19:00:00,-0.0,15873.654411947797,8725.728290052202
2025-02-02 20:00:00,-0.0,15873.654411947797,8288.758675052204
2025-02-02 21:00:00,-0.0,15873.654411947797,7584.240543052203
2025-02-02 22:00:00,-0.0,15873.654411947797,6915.139936052203
2025-02-02 23:00:00,-0.0,15873.654411947797,5651.682174052205
2025-02-03 00:00:00,-0.0,15873.654411947797,5093.2914950522045
2025-02-03 01:00:00,-0.0,15873.654411947797,4190.531590052202
2025-02-03 02:00:00,-0.0,15873.654411947797,4081.6647780522017
2025-02-03 03:00:00,-0.0,15873.654411947797,4265.315779052204
2025-02-03 04:00:00,-0.0,15873.654411947797,4210.512415052204
2025-02-03 05:00:00,-0.0,15873.654411947797,5580.348958052202
2025-02-03 06:00:00,1287.8717304946772,15873.654411947797,6581.883942557526
2025-02-03 07:00:00,25327.419157,-0.0,-0.0
2025-02-03 08:00:00,26401.788515,-0.0,-0.0
2025-02-03 09:00:00,25739.6025054,-0.0,-0.0
2025-02-03 10:00:00,25901.8650719999,-0.0,-0.0
2025-02-03 11:00:00,25508.760410933,-0.0,-0.0
2025-02-03 12:00:00,25158.1721968,-0.0,-0.0
2025-02-03 13:00:00,25227.3816184,-0.0,-0.0
2025-02-03 14:00:00,24907.362136,-0.0,-0.0
2025-02-03 15:00:00,24776.1310605,-0.0,-0.0
2025-02-03 16:00:00,24429.0295954999,-0.0,-0.0
2025-02-03 17:00:00,5027.054870723304,15873.654411947797,5384.864955328901
2025-02-03 18:00:00,301.7477242946306,15873.654411947797,11130.761850757573
2025-02-03 19:00:00,507.06060886627154,15873.654411947797,10441.885940185932
2025-02-03 20:00:00,584.8306409009301,15873.654411947797,9617.995426151276
2025-02-03 21:00:00,575.4982370567647,15873.654411947797,9016.704888995439
2025-02-03 22:00:00,535.0578203986872,15873.654411947797,7871.819984653516
2025-02-03 23:00:00,522.6146152731872,15873.654411947797,6457.963480778915
2025-02-04 00:00:00,541.2794229615181,15873.654411947797,5325.374472090684
2025-02-04 01:00:00,522.6146152731872,15873.654411947797,5088.174031779017
2025-02-04 02:00:00,494.6174037406906,15873.654411947797,5004.977129311512
2025-02-04 03:00:00,516.393012710437,15873.654411947797,4658.476100341767
2025-02-04 04:00:00,497.728205022106,15873.654411947797,4404.901968030099
2025-02-04 05:00:00,491.5066024592752,15873.654411947797,5576.9413685928275
2025-02-04 06:00:00,1269.2069228063463,15873.654411947797,6932.0210332458555
2025-02-04 07:00:00,25934.732837,-0.0,-0.0
2025-02-04 08:00:00,27950.28993974,-0.0,-0.0
2025-02-04 09:00:00,27903.131397,-0.0,-0.0
2025-02-04 10:00:00,27812.6766901,-0.0,-0.0
2025-02-04 11:00:00,27718.7185291,-0.0,-0.0
2025-02-04 12:00:00,27167.4620833,-0.0,-0.0
2025-02-04 13:00:00,26613.6294571,-0.0,-0.0
2025-02-04 14:00:00,26637.588117,-0.0,-0.0
2025-02-04 15:00:00,25598.3998609,-0.0,-0.0
2025-02-04 16:00:00,25392.7505449,-0.0,-0.0
2025-02-04 17:00:00,6974.416472872234,15873.654411947797,4238.538831179968
2025-02-04 18:00:00,531.9470191173526,15873.654411947797,11044.624844934851
2025-02-04 19:00:00,-0.0,15873.654411947797,11009.919245052204
2025-02-04 20:00:00,-0.0,15873.654411947797,10521.617368052202
2025-02-04 21:00:00,-0.0,15873.654411947797,9751.458554052204
2025-02-04 22:00:00,-0.0,15873.654411947797,8444.210084052202
2025-02-04 23:00:00,-0.0,15873.654411947797,6824.531528052203
2025-02-05 00:00:00,-0.0,15873.654411947797,6293.354147052205
2025-02-05 01:00:00,-0.0,15873.654411947797,5649.699901052203
2025-02-05 02:00:00,-0.0,15873.654411947797,5413.263672052204
2025-02-05 03:00:00,-0.0,15873.654411947797,5199.057205052204
2025-02-05 04:00:00,-0.0,15873.654411947797,5434.572773052203
2025-02-05 05:00:00,-0.0,15873.654411947797,7034.297840052202
2025-02-05 06:00:00,1841.5943585817763,15873.654411947797,7777.955917470428
2025-02-05 07:00:00,27118.545395,-0.0,-0.0
2025-02-05 08:00:00,27830.381643,-0.0,-0.0
2025-02-05 09:00:00,26983.707822,-0.0,-0.0
2025-02-05 10:00:00,25642.3808389999,-0.0,-0.0
2025-02-05 11:00:00,25088.6182456299,-0.0,-0.0
2025-02-05 12:00:00,24715.2807595499,-0.0,-0.0
2025-02-05 13:00:00,24106.20873258,-0.0,-0.0
2025-02-05 14:00:00,23646.1768377,-0.0,-0.0
2025-02-05 15:00:00,22914.3396767,-0.0,-0.0
2025-02-05 16:00:00,23873.8876889,-0.0,-0.0
2025-02-05 17:00:00,15323.80711211813,10937.60787088187,-0.0
2025-02-05 18:00:00,877.2459613513952,15873.654411947797,10404.492798700809
2025-02-05 19:00:00,457.2877883640286,15873.654411947797,10469.333908688173
2025-02-05 20:00:00,528.8362178359372,15873.654411947797,9665.506790216266
2025-02-05 21:00:00,553.7226280870183,15873.654411947797,9016.557416965185
2025-02-05 22:00:00,550.6118268056836,15873.654411947797,8071.1882852465205
2025-02-05 23:00:00,563.0550319311837,15873.654411947797,6635.869891121018
2025-02-06 00:00:00,559.944230649849,15873.654411947797,5798.965817402355
2025-02-06 01:00:00,556.8334293684336,15873.654411947797,5190.508652683769
2025-02-06 02:00:00,531.9470191173526,15873.654411947797,5132.09427493485
2025-02-06 03:00:00,553.7226280870183,15873.654411947797,4956.773132965187
2025-02-06 04:00:00,314.1909294201307,15873.654411947797,5188.738398632071
2025-02-06 05:00:00,-0.0,15873.654411947797,6929.259053052205
2025-02-06 06:00:00,2143.3420828764065,15873.654411947797,6700.528412175796
2025-02-06 07:00:00,26449.7455449999,-0.0,-0.0
2025-02-06 08:00:00,28235.02759,-0.0,-0.0
2025-02-06 09:00:00,28578.1307425,-0.0,-0.0
2025-02-06 10:00:00,28689.464367,-0.0,-0.0
2025-02-06 11:00:00,29126.533626,-0.0,-0.0
2025-02-06 12:00:00,28869.0346112,-0.0,-0.0
2025-02-06 13:00:00,28299.077389,-0.0,-0.0
2025-02-06 14:00:00,28303.041374,-0.0,-0.0
2025-02-06 15:00:00,27470.818204,-0.0,-0.0
2025-02-06 16:00:00,26634.44611,-0.0,-0.0
2025-02-06 17:00:00,6358.477819157392,15873.654411947797,4980.846213894812
2025-02-06 18:00:00,1029.6752241394586,15873.654411947797,10538.126209912643
2025-02-06 19:00:00,376.40695504795457,15873.654411947797,10408.31588300425
2025-02-06 20:00:00,-0.0,15873.654411947797,10123.259705052204
2025-02-06 21:00:00,-0.0,15873.654411947797,9495.176136052205
2025-02-06 22:00:00,-0.0,15873.654411947797,8601.353890052202
2025-02-06 23:00:00,-0.0,15873.654411947797,7158.230838052203
2025-02-07 00:00:00,-0.0,15873.654411947797,6610.800767052204
2025-02-07 01:00:00,-0.0,15873.654411947797,5838.0583450522045
2025-02-07 02:00:00,-0.0,15873.654411947797,5519.621013052203
2025-02-07 03:00:00,-0.0,15873.654411947797,4959.112671052202
2025-02-07 04:00:00,-0.0,15873.654411947797,4916.975158052204
2025-02-07 05:00:00,-0.0,15873.654411947797,6151.106904052203
2025-02-07 06:00:00,1449.6333971268252,15873.654411947797,6850.829982925379
2025-02-07 07:00:00,25727.357008,-0.0,-0.0
2025-02-07 08:00:00,27040.411834,-0.0,-0.0
2025-02-07 09:00:00,26701.6856538,-0.0,-0.0
2025-02-07 10:00:00,26356.2181107,-0.0,-0.0
2025-02-07 11:00:00,26364.1946047,-0.0,-0.0
2025-02-07 12:00:00,25990.8159159,-0.0,-0.0
2025-02-07 13:00:00,24775.8811605,-0.0,-0.0
2025-02-07 14:00:00,24609.8821197,-0.0,-0.0
2025-02-07 15:00:00,23948.3770582,-0.0,-0.0
2025-02-07 16:00:00,23368.044081,-0.0,-0.0
2025-02-07 17:00:00,10629.607978503369,14646.752827496632,-0.0
2025-02-07 18:00:00,37.3296153766582,15873.654411947797,10202.316241675544
2025-02-07 19:00:00,-0.0,15873.654411947797,10144.426172052203
2025-02-07 20:00:00,-0.0,15873.654411947797,9533.219607052202
2025-02-07 21:00:00,-0.0,15873.654411947797,9088.014146052205
2025-02-07 22:00:00,-0.0,15873.654411947797,8309.532895052203
2025-02-07 23:00:00,-0.0,15873.654411947797,7005.323134052202
2025-02-08 00:00:00,-0.0,15873.654411947797,6599.817391052204
2025-02-08 01:00:00,-0.0,15873.654411947797,5840.282319052103
2025-02-08 02:00:00,-0.0,15873.654411947797,5210.047220052204
2025-02-08 03:00:00,-0.0,15873.654411947797,4741.432316052202
2025-02-08 04:00:00,-0.0,15873.654411947797,4696.145757052202
2025-02-08 05:00:00,-0.0,15873.654411947797,5346.560220052203
2025-02-08 06:00:00,2037.5748393092515,15873.654411947797,4618.742082742953
2025-02-08 07:00:00,23453.70211,-0.0,-0.0
2025-02-08 08:00:00,25046.236186,-0.0,-0.0
2025-02-08 09:00:00,24307.229516,-0.0,-0.0
2025-02-08 10:00:00,22883.23422,-0.0,-0.0
2025-02-08 11:00:00,21386.3214788,-0.0,-0.0
2025-02-08 12:00:00,20316.751379,-0.0,-0.0
2025-02-08 13:00:00,19824.049658,-0.0,-0.0
2025-02-08 14:00:00,18995.091251,-0.0,-0.0
2025-02-08 15:00:00,19658.275296,-0.0,-0.0
2025-02-08 16:00:00,21335.719371,-0.0,-0.0
2025-02-08 17:00:00,16014.404996586298,8028.0849164137035,-0.0
2025-02-08 18:00:00,-0.0,15873.654411947797,9254.046796052202
2025-02-08 19:00:00,-0.0,15873.654411947797,8997.311315052202
2025-02-08 20:00:00,-0.0,15873.654411947797,8579.245748052102
2025-02-08 21:00:00,-0.0,15873.654411947797,8127.817635052203
2025-02-08 22:00:00,-0.0,15873.654411947797,7286.5500110522025
2025-02-08 23:00:00,-0.0,15873.654411947797,6142.3310840522045
2025-02-09 00:00:00,-0.0,15873.654411947797,5657.532399052203
2025-02-09 01:00:00,-0.0,15873.654411947797,5048.4421570522045
2025-02-09 02:00:00,-0.0,15873.654411947797,4734.9852190522015
2025-02-09 03:00:00,-0.0,15873.654411947797,4619.875430052203
2025-02-09 04:00:00,-0.0,15873.654411947797,4517.130916052103
2025-02-09 05:00:00,-0.0,15873.654411947797,5259.307436052202
2025-02-09 06:00:00,2236.666121318062,15873.654411947797,4005.193338734141
2025-02-09 07:00:00,22210.6903199999,-0.0,-0.0
2025-02-09 08:00:00,22396.3209235,-0.0,-0.0
2025-02-09 09:00:00,22084.62129733,-0.0,-0.0
2025-02-09 10:00:00,20254.453673,-0.0,-0.0
2025-02-09 11:00:00,19686.811055,-0.0,-0.0
2025-02-09 12:00:00,19888.64011,-0.0,-0.0
2025-02-09 13:00:00,19703.043698,-0.0,-0.0
2025-02-09 14:00:00,19464.58689,-0.0,-0.0
2025-02-09 15:00:00,19726.2324155,-0.0,-0.0
2025-02-09 16:00:00,20961.269192,-0.0,-0.0
2025-02-09 17:00:00,19862.466181663494,3466.6755473365047,-0.0
2025-02-09 18:00:00,357.7421473596236,15873.654411947797,7839.068893692479
2025-02-09 19:00:00,-0.0,15873.654411947797,8110.864262052202
2025-02-09 20:00:00,-0.0,15873.654411947797,8184.924306052204
2025-02-09 21:00:00,-0.0,15873.654411947797,7824.337800052204
2025-02-09 22:00:00,-0.0,15873.654411947797,6949.238312052103
2025-02-09 23:00:00,-0.0,15873.654411947797,6170.442125052103
2025-02-10 00:00:00,-0.0,15873.654411947797,5954.789799052205
2025-02-10 01:00:00,-0.0,15873.654411947797,5320.870959052203
2025-02-10 02:00:00,-0.0,15873.654411947797,5219.972379052202
2025-02-10 03:00:00,-0.0,15873.654411947797,5127.926241052102
2025-02-10 04:00:00,-0.0,15873.654411947797,5228.035085052203
2025-02-10 05:00:00,-0.0,15873.654411947797,6534.376758052202
2025-02-10 06:00:00,3166.7957044531154,15873.654411947797,5611.4643785989865
2025-02-10 07:00:00,25911.998243,-0.0,-0.0
2025-02-10 08:00:00,25982.331166,-0.0,-0.0
2025-02-10 09:00:00,25122.7500373999,-0.0,-0.0
2025-02-10 10:00:00,24096.5555583,-0.0,-0.0
2025-02-10 11:00:00,23689.7360979,-0.0,-0.0
2025-02-10 12:00:00,23244.7263618,-0.0,-0.0
2025-02-10 13:00:00,22929.625634,-0.0,-0.0
2025-02-10 14:00:00,23416.667089,-0.0,-0.0
2025-02-10 15:00:00,22595.2505741,-0.0,-0.0
2025-02-10 16:00:00,22836.6886114,-0.0,-0.0
2025-02-10 17:00:00,22329.331597804357,3395.119599195641,-0.0
2025-02-10 18:00:00,-0.0,15873.654411947797,11122.773011052204
2025-02-10 19:00:00,-0.0,15873.654411947797,10920.909472052203
2025-02-10 20:00:00,-0.0,15873.654411947797,10806.268782052202
2025-02-10 21:00:00,-0.0,15873.654411947797,10240.276672052203
2025-02-10 22:00:00,-0.0,15873.654411947797,8992.898838052204
2025-02-10 23:00:00,-0.0,15873.654411947797,7796.181980052204
2025-02-11 00:00:00,-0.0,15873.654411947797,6958.545062052204
2025-02-11 01:00:00,-0.0,15873.654411947797,6172.480664052202
2025-02-11 02:00:00,-0.0,15873.654411947797,5635.502857052203
2025-02-11 03:00:00,-0.0,15873.654411947797,5651.921039052204
2025-02-11 04:00:00,-0.0,15873.654411947797,5977.400640052203
2025-02-11 05:00:00,-0.0,15873.654411947797,7470.592881052204
2025-02-11 06:00:00,3362.776185180591,15873.654411947797,6851.389896871612
2025-02-11 07:00:00,27354.680366,-0.0,-0.0
2025-02-11 08:00:00,27258.6792185,-0.0,-0.0
2025-02-11 09:00:00,26177.973476,-0.0,-0.0
2025-02-11 10:00:00,25738.394919,-0.0,-0.0
2025-02-11 11:00:00,25367.347376,-0.0,-0.0
2025-02-11 12:00:00,25316.354313,-0.0,-0.0
2025-02-11 13:00:00,25893.386981,-0.0,-0.0
2025-02-11 14:00:00,25964.571285,-0.0,-0.0
2025-02-11 15:00:00,25274.30128365,-0.0,-0.0
2025-02-11 16:00:00,24955.162872,-0.0,-0.0
2025-02-11 17:00:00,13886.616920116805,13383.546024883195,-0.0
2025-02-11 18:00:00,-0.0,15873.654411947797,12407.354366052203
2025-02-11 19:00:00,-0.0,15873.654411947797,12078.745574052204
2025-02-11 20:00:00,-0.0,15873.654411947797,11503.983151052204
2025-02-11 21:00:00,-0.0,15873.654411947797,10675.178506052203
2025-02-11 22:00:00,-0.0,15873.654411947797,9160.023123052202
2025-02-11 23:00:00,-0.0,15873.654411947797,7519.496713052204
2025-02-12 00:00:00,-0.0,15873.654411947797,7665.466363052203
2025-02-12 01:00:00,-0.0,15873.654411947797,7917.350694052102
2025-02-12 02:00:00,-0.0,15873.654411947797,7459.911376052203
2025-02-12 03:00:00,-0.0,15873.654411947797,7334.603818052203
2025-02-12 04:00:00,-0.0,15873.654411947797,6941.231039052202
2025-02-12 05:00:00,-0.0,15873.654411947797,7828.430407052203
2025-02-12 06:00:00,1841.5943585817763,15873.654411947797,8234.999808470426
2025-02-12 07:00:00,27181.137571,-0.0,-0.0
2025-02-12 08:00:00,28264.457564,-0.0,-0.0
2025-02-12 09:00:00,28391.90451,-0.0,-0.0
2025-02-12 10:00:00,28211.117462,-0.0,-0.0
2025-02-12 11:00:00,27678.51594,-0.0,-0.0
2025-02-12 12:00:00,27726.434036,-0.0,-0.0
2025-02-12 13:00:00,27316.806681,-0.0,-0.0
2025-02-12 14:00:00,26124.655606,-0.0,-0.0
2025-02-12 15:00:00,25911.133713,-0.0,-0.0
2025-02-12 16:00:00,26292.735194,-0.0,-0.0
2025-02-12 17:00:00,3452.98942234083,15873.654411947797,8678.178638711373
2025-02-12 18:00:00,-0.0,15873.654411947797,12653.613463052103
2025-02-12 19:00:00,-0.0,15873.654411947797,12186.817139052202
2025-02-12 20:00:00,-0.0,15873.654411947797,11306.634635052202
2025-02-12 21:00:00,-0.0,15873.654411947797,10378.086350052103
2025-02-12 22:00:00,-0.0,15873.654411947797,9066.062961052203
2025-02-12 23:00:00,-0.0,15873.654411947797,8464.215622052203
2025-02-13 00:00:00,-0.0,15873.654411947797,8127.678118052203
2025-02-13 01:00:00,-0.0,15873.654411947797,7710.875552052103
2025-02-13 02:00:00,-0.0,15873.654411947797,7271.508288052204
2025-02-13 03:00:00,-0.0,15873.654411947797,6715.349237052202
2025-02-13 04:00:00,-0.0,15873.654411947797,7250.647963052203
2025-02-13 05:00:00,-0.0,15873.654411947797,7429.535123052205
2025-02-13 06:00:00,2012.6884290580895,15873.654411947797,7061.372891994115
2025-02-13 07:00:00,26424.964332,-0.0,-0.0
2025-02-13 08:00:00,27459.586748,-0.0,-0.0
2025-02-13 09:00:00,27690.557705,-0.0,-0.0
2025-02-13 10:00:00,27469.519098,-0.0,-0.0
2025-02-13 11:00:00,28110.661884,-0.0,-0.0
2025-02-13 12:00:00,28105.787089,-0.0,-0.0
2025-02-13 13:00:00,28427.0008199999,-0.0,-0.0
2025-02-13 14:00:00,27142.292242,-0.0,-0.0
2025-02-13 15:00:00,26585.3306079999,-0.0,-0.0
2025-02-13 16:00:00,27044.215718,-0.0,-0.0
2025-02-13 17:00:00,5496.785864212912,15873.654411947797,6575.811154839292
2025-02-13 18:00:00,-0.0,15873.654411947797,12154.123731052203
2025-02-13 19:00:00,-0.0,15873.654411947797,11611.292990052103
2025-02-13 20:00:00,-0.0,15873.654411947797,10806.135057052203
2025-02-13 21:00:00,-0.0,15873.654411947797,10282.713159052202
2025-02-13 22:00:00,-0.0,15873.654411947797,9316.320895052204
2025-02-13 23:00:00,-0.0,15873.654411947797,7862.849233052204
2025-02-14 00:00:00,-0.0,15873.654411947797,7486.415827052102
2025-02-14 01:00:00,-0.0,15873.654411947797,6187.212215052203
2025-02-14 02:00:00,-0.0,15873.654411947797,5643.799031052202
2025-02-14 03:00:00,-0.0,15873.654411947797,5352.561549052205
2025-02-14 04:00:00,-0.0,15873.654411947797,5260.472983052203
2025-02-14 05:00:00,-0.0,15873.654411947797,6379.246967052202
2025-02-14 06:00:00,2012.6884290580895,15873.654411947797,6296.366673994113
2025-02-14 07:00:00,25544.2703039999,-0.0,-0.0
2025-02-14 08:00:00,26444.394086,-0.0,-0.0
2025-02-14 09:00:00,26477.5584859,-0.0,-0.0
2025-02-14 10:00:00,26035.9413107,-0.0,-0.0
2025-02-14 11:00:00,25007.97808,-0.0,-0.0
2025-02-14 12:00:00,24537.8864434,-0.0,-0.0
2025-02-14 13:00:00,23668.8289277,-0.0,-0.0
2025-02-14 14:00:00,22601.486611,-0.0,-0.0
2025-02-14 15:00:00,21991.4359889999,-0.0,-0.0
2025-02-14 16:00:00,22634.162591,-0.0,-0.0
2025-02-14 17:00:00,5496.785864212912,15873.654411947797,3989.7349678392893
2025-02-14 18:00:00,-0.0,15873.654411947797,10498.513758052102
2025-02-14 19:00:00,-0.0,15873.654411947797,10410.806117052203
2025-02-14 20:00:00,-0.0,15873.654411947797,9955.108720052203
2025-02-14 21:00:00,-0.0,15873.654411947797,9423.332468052102
2025-02-14 22:00:00,-0.0,15873.654411947797,8629.796928052203
2025-02-14 23:00:00,-0.0,15873.654411947797,7275.485186052205
2025-02-15 00:00:00,-0.0,15873.654411947797,6597.852467052204
2025-02-15 01:00:00,-0.0,15873.654411947797,5726.5983660522015
2025-02-15 02:00:00,-0.0,15873.654411947797,5226.020600052203
2025-02-15 03:00:00,-0.0,15873.654411947797,5117.520343052203
2025-02-15 04:00:00,-0.0,15873.654411947797,4934.071467052103
2025-02-15 05:00:00,-0.0,15873.654411947797,5710.677866052205
2025-02-15 06:00:00,7291.7182035738615,15222.522514426139,-0.0
2025-02-15 07:00:00,22812.123719,-0.0,-0.0
2025-02-15 08:00:00,23582.93123,-0.0,-0.0
2025-02-15 09:00:00,23590.2099956,-0.0,-0.0
2025-02-15 10:00:00,21748.1489548,-0.0,-0.0
2025-02-15 11:00:00,20887.7375241999,-0.0,-0.0
2025-02-15 12:00:00,20180.4392023,-0.0,-0.0
2025-02-15 13:00:00,19500.5767014,-0.0,-0.0
2025-02-15 14:00:00,19372.4973899,-0.0,-0.0
2025-02-15 15:00:00,19624.2484375,-0.0,-0.0
2025-02-15 16:00:00,21296.451043,-0.0,-0.0
2025-02-15 17:00:00,19402.06759201805,4369.90926398195,-0.0
2025-02-15 18:00:00,-0.0,15873.654411947797,8970.670950052203
2025-02-15 19:00:00,-0.0,15873.654411947797,8781.377739052203
2025-02-15 20:00:00,-0.0,15873.654411947797,8185.207026052203
2025-02-15 21:00:00,-0.0,15873.654411947797,7704.362393052203
2025-02-15 22:00:00,-0.0,15873.654411947797,6696.102888052204
2025-02-15 23:00:00,-0.0,15873.654411947797,5770.268765052204
2025-02-16 00:00:00,-0.0,15873.654411947797,5511.728200052205
2025-02-16 01:00:00,-0.0,15873.654411947797,4952.320262052102
2025-02-16 02:00:00,-0.0,15873.654411947797,4766.586545052205
2025-02-16 03:00:00,-0.0,15873.654411947797,4549.795452052202
2025-02-16 04:00:00,-0.0,15873.654411947797,4379.122593052203
2025-02-16 05:00:00,-0.0,15873.654411947797,4710.487366052204
2025-02-16 06:00:00,5213.702947606533,15873.654411947797,68.69362444567196
2025-02-16 07:00:00,21454.24185,-0.0,-0.0
2025-02-16 08:00:00,21618.3419793,-0.0,-0.0
2025-02-16 09:00:00,21332.5150659,-0.0,-0.0
2025-02-16 10:00:00,21326.264792,-0.0,-0.0
2025-02-16 11:00:00,20684.816964,-0.0,-0.0
2025-02-16 12:00:00,19835.939992,-0.0,-0.0
2025-02-16 13:00:00,20660.51591,-0.0,-0.0
2025-02-16 14:00:00,20796.0022952,-0.0,-0.0
2025-02-16 15:00:00,20728.7652664,-0.0,-0.0
2025-02-16 16:00:00,20938.852369,-0.0,-0.0
2025-02-16 17:00:00,19299.411149732226,3831.276308267774,-0.0
2025-02-16 18:00:00,-0.0,15873.654411947797,8327.832719052205
2025-02-16 19:00:00,-0.0,15873.654411947797,7990.319963052205
2025-02-16 20:00:00,-0.0,15873.654411947797,7469.131821052202
2025-02-16 21:00:00,-0.0,15873.654411947797,7163.210400052203
2025-02-16 22:00:00,-0.0,15873.654411947797,6562.742251052203
2025-02-16 23:00:00,-0.0,15873.654411947797,5457.070599052202
2025-02-17 00:00:00,-0.0,15873.654411947797,5030.622673052205
2025-02-17 01:00:00,-0.0,15873.654411947797,4516.040446052202
2025-02-17 02:00:00,-0.0,15873.654411947797,4260.712217052203
2025-02-17 03:00:00,-0.0,15873.654411947797,3754.895044052204
2025-02-17 04:00:00,-0.0,15873.654411947797,4010.8721390522023
2025-02-17 05:00:00,-0.0,15873.654411947797,5393.701077052205
2025-02-17 06:00:00,5201.259742481032,15873.654411947797,1482.3612385711713
2025-02-17 07:00:00,23417.67149,-0.0,-0.0
2025-02-17 08:00:00,23768.0942521,-0.0,-0.0
2025-02-17 09:00:00,23927.931881,-0.0,-0.0
2025-02-17 10:00:00,23666.855132,-0.0,-0.0
2025-02-17 11:00:00,22943.1470652,-0.0,-0.0
2025-02-17 12:00:00,22833.846443,-0.0,-0.0
2025-02-17 13:00:00,21860.053969,-0.0,-0.0
2025-02-17 14:00:00,22178.4785859999,-0.0,-0.0
2025-02-17 15:00:00,21712.91651,-0.0,-0.0
2025-02-17 16:00:00,22229.051183,-0.0,-0.0
2025-02-17 17:00:00,21523.63406592479,3435.037333075208,-0.0
2025-02-17 18:00:00,522.6146152731872,15873.654411947797,9799.446725778915
2025-02-17 19:00:00,-0.0,15873.654411947797,10012.514947052203
2025-02-17 20:00:00,-0.0,15873.654411947797,9524.106060052103
2025-02-17 21:00:00,-0.0,15873.654411947797,8928.085378052203
2025-02-17 22:00:00,-0.0,15873.654411947797,7447.872887052103
2025-02-17 23:00:00,-0.0,15873.654411947797,6211.600134052203
2025-02-18 00:00:00,-0.0,15873.654411947797,5801.9790430522025
2025-02-18 01:00:00,-0.0,15873.654411947797,5198.688829052202
2025-02-18 02:00:00,-0.0,15873.654411947797,4971.910488052103
2025-02-18 03:00:00,-0.0,15873.654411947797,4481.225358052203
2025-02-18 04:00:00,-0.0,15873.654411947797,4875.438919052203
2025-02-18 05:00:00,-0.0,15873.654411947797,6203.790500052202
2025-02-18 06:00:00,9217.304196753126,14633.796232246872,-0.0
2025-02-18 07:00:00,25167.0044209999,-0.0,-0.0
2025-02-18 08:00:00,25518.0448827,-0.0,-0.0
2025-02-18 09:00:00,25023.5618566,-0.0,-0.0
2025-02-18 10:00:00,23661.4687414999,-0.0,-0.0
2025-02-18 11:00:00,22834.9106602,-0.0,-0.0
2025-02-18 12:00:00,22348.8219795,-0.0,-0.0
2025-02-18 13:00:00,22027.70668905,-0.0,-0.0
2025-02-18 14:00:00,21771.5856617,-0.0,-0.0
2025-02-18 15:00:00,22023.8649176,-0.0,-0.0
2025-02-18 16:00:00,22621.229107,-0.0,-0.0
2025-02-18 17:00:00,24942.360013,-0.0,-0.0
2025-02-18 18:00:00,161.7616666321481,15873.654411947797,10147.064271420057
2025-02-18 19:00:00,-0.0,15873.654411947797,9913.527106052205
2025-02-18 20:00:00,-0.0,15873.654411947797,9403.945062052202
2025-02-18 21:00:00,-0.0,15873.654411947797,8886.446110052204
2025-02-18 22:00:00,-0.0,15873.654411947797,7503.847632052204
2025-02-18 23:00:00,-0.0,15873.654411947797,6388.423023052203
2025-02-19 00:00:00,-0.0,15873.654411947797,5832.733152052102
2025-02-19 01:00:00,-0.0,15873.654411947797,4989.712706052202
2025-02-19 02:00:00,-0.0,15873.654411947797,4494.515367052203
2025-02-19 03:00:00,-0.0,15873.654411947797,4258.503345052204
2025-02-19 04:00:00,-0.0,15873.654411947797,4656.321205052203
2025-02-19 05:00:00,-0.0,15873.654411947797,6162.518513052202
2025-02-19 06:00:00,7192.172562569456,15873.654411947797,939.0364144827454
2025-02-19 07:00:00,25113.163482,-0.0,-0.0
2025-02-19 08:00:00,24877.424797,-0.0,-0.0
2025-02-19 09:00:00,25274.9733424,-0.0,-0.0
2025-02-19 10:00:00,24707.828674,-0.0,-0.0
2025-02-19 11:00:00,24912.0043,-0.0,-0.0
2025-02-19 12:00:00,24483.080274,-0.0,-0.0
2025-02-19 13:00:00,23811.743964,-0.0,-0.0
2025-02-19 14:00:00,23217.5726579999,-0.0,-0.0
2025-02-19 15:00:00,22942.544238,-0.0,-0.0
2025-02-19 16:00:00,23123.025391,-0.0,-0.0
2025-02-19 17:00:00,24981.683436,-0.0,-0.0
2025-02-19 18:00:00,-0.0,15873.654411947797,10314.118734052203
2025-02-19 19:00:00,-0.0,15873.654411947797,9860.969208052202
2025-02-19 20:00:00,-0.0,15873.654411947797,9163.927952052205
2025-02-19 21:00:00,-0.0,15873.654411947797,8384.871225052202
2025-02-19 22:00:00,-0.0,15873.654411947797,7480.348285052203
2025-02-19 23:00:00,-0.0,15873.654411947797,6421.578790052203
2025-02-20 00:00:00,-0.0,15873.654411947797,5476.844772052204
2025-02-20 01:00:00,-0.0,15873.654411947797,5039.2349700522045
2025-02-20 02:00:00,-0.0,15873.654411947797,4810.945970052204
2025-02-20 03:00:00,-0.0,15873.654411947797,4287.345002052205
2025-02-20 04:00:00,-0.0,15873.654411947797,4491.332191052103
2025-02-20 05:00:00,-0.0,15873.654411947797,6012.530411052203
2025-02-20 06:00:00,11376.200286036528,12549.757575963471,-0.0
2025-02-20 07:00:00,25548.28494,-0.0,-0.0
2025-02-20 08:00:00,25421.33633,-0.0,-0.0
2025-02-20 09:00:00,24977.0778279999,-0.0,-0.0
2025-02-20 10:00:00,24415.07505154,-0.0,-0.0
2025-02-20 11:00:00,23392.9676346,-0.0,-0.0
2025-02-20 12:00:00,22814.092573,-0.0,-0.0
2025-02-20 13:00:00,22722.9661368,-0.0,-0.0
2025-02-20 14:00:00,22126.4684593,-0.0,-0.0
2025-02-20 15:00:00,22018.5910168,-0.0,-0.0
2025-02-20 16:00:00,22326.865682,-0.0,-0.0
2025-02-20 17:00:00,24513.804609,-0.0,-0.0
2025-02-20 18:00:00,326.6341345457116,15873.654411947797,9488.356305506391
2025-02-20 19:00:00,-0.0,15873.654411947797,9529.736659052202
2025-02-20 20:00:00,-0.0,15873.654411947797,8996.941254052204
2025-02-20 21:00:00,-0.0,15873.654411947797,8703.439508052203
2025-02-20 22:00:00,-0.0,15873.654411947797,7361.3636930522025
2025-02-20 23:00:00,-0.0,15873.654411947797,6167.856916052204
2025-02-21 00:00:00,-0.0,15873.654411947797,5625.757973052203
2025-02-21 01:00:00,-0.0,15873.654411947797,4846.580813052204
2025-02-21 02:00:00,-0.0,15873.654411947797,4302.373845052103
2025-02-21 03:00:00,-0.0,15873.654411947797,4064.6918740522033
2025-02-21 04:00:00,-0.0,15873.654411947797,4054.431750052203
2025-02-21 05:00:00,-0.0,15873.654411947797,5574.693805052202
2025-02-21 06:00:00,13675.082432982417,9721.254564017581,-0.0
2025-02-21 07:00:00,24861.653473,-0.0,-0.0
2025-02-21 08:00:00,25518.2472381999,-0.0,-0.0
2025-02-21 09:00:00,24825.943785,-0.0,-0.0
2025-02-21 10:00:00,24096.792706,-0.0,-0.0
2025-02-21 11:00:00,23285.42988,-0.0,-0.0
2025-02-21 12:00:00,23216.9989839999,-0.0,-0.0
2025-02-21 13:00:00,22179.2909759999,-0.0,-0.0
2025-02-21 14:00:00,21737.4399352,-0.0,-0.0
2025-02-21 15:00:00,21863.9093370999,-0.0,-0.0
2025-02-21 16:00:00,22370.171452,-0.0,-0.0
2025-02-21 17:00:00,24285.372257,-0.0,-0.0
2025-02-21 18:00:00,-0.0,15873.654411947797,9253.306814052203
2025-02-21 19:00:00,-0.0,15873.654411947797,8795.589048052103
2025-02-21 20:00:00,-0.0,15873.654411947797,8210.754604052103
2025-02-21 21:00:00,-0.0,15873.654411947797,7980.881985052203
2025-02-21 22:00:00,-0.0,15873.654411947797,7100.0242900521025
2025-02-21 23:00:00,-0.0,15873.654411947797,6341.719588052203
2025-02-22 00:00:00,-0.0,15873.654411947797,5541.930168052202
2025-02-22 01:00:00,-0.0,15873.654411947797,4856.321913052203
2025-02-22 02:00:00,-0.0,15873.654411947797,4339.169429052205
2025-02-22 03:00:00,-0.0,15873.654411947797,3812.5595350522035
2025-02-22 04:00:00,-0.0,15873.654411947797,3616.186847052204
2025-02-22 05:00:00,-0.0,15873.654411947797,4251.769555052202
2025-02-22 06:00:00,17261.83631042298,3640.4967945770222,-0.0
2025-02-22 07:00:00,21756.593554,-0.0,-0.0
2025-02-22 08:00:00,22684.741543,-0.0,-0.0
2025-02-22 09:00:00,21015.1819276,-0.0,-0.0
2025-02-22 10:00:00,20632.957727609,-0.0,-0.0
2025-02-22 11:00:00,19872.0176941,-0.0,-0.0
2025-02-22 12:00:00,18802.0108439,-0.0,-0.0
2025-02-22 13:00:00,18554.9023526,-0.0,-0.0
2025-02-22 14:00:00,18683.6763135,-0.0,-0.0
2025-02-22 15:00:00,19032.5410019999,-0.0,-0.0
2025-02-22 16:00:00,20148.353576,-0.0,-0.0
2025-02-22 17:00:00,22703.154128,-0.0,-0.0
2025-02-22 18:00:00,-0.0,15873.654411947797,8176.415816052204
2025-02-22 19:00:00,-0.0,15873.654411947797,7804.820330052202
2025-02-22 20:00:00,-0.0,15873.654411947797,7286.347500052203
2025-02-22 21:00:00,-0.0,15873.654411947797,6845.719917052202
2025-02-22 22:00:00,-0.0,15873.654411947797,5978.240741052103
2025-02-22 23:00:00,-0.0,15873.654411947797,4941.032534052205
2025-02-23 00:00:00,-0.0,15873.654411947797,4340.981639052205
2025-02-23 01:00:00,-0.0,15873.654411947797,3517.842643052203
2025-02-23 02:00:00,-0.0,15873.654411947797,2936.9417050522043
2025-02-23 03:00:00,-0.0,15873.654411947797,2641.572361052202
2025-02-23 04:00:00,-0.0,15873.654411947797,2719.494014052203
2025-02-23 05:00:00,-0.0,15873.654411947797,3559.420004052203
2025-02-23 06:00:00,18030.20422692588,2031.0879040741165,-0.0
2025-02-23 07:00:00,20805.2257279999,-0.0,-0.0
2025-02-23 08:00:00,21941.723234,-0.0,-0.0
2025-02-23 09:00:00,22264.7652749999,-0.0,-0.0
2025-02-23 10:00:00,20876.050223,-0.0,-0.0
2025-02-23 11:00:00,20066.970101,-0.0,-0.0
2025-02-23 12:00:00,19220.422947,-0.0,-0.0
2025-02-23 13:00:00,18152.66367236,-0.0,-0.0
2025-02-23 14:00:00,18482.3957988,-0.0,-0.0
2025-02-23 15:00:00,18394.0698186,-0.0,-0.0
2025-02-23 16:00:00,20059.998138,-0.0,-0.0
2025-02-23 17:00:00,22898.557264,-0.0,-0.0
2025-02-23 18:00:00,-0.0,15873.654411947797,8726.827371052203
2025-02-23 19:00:00,-0.0,15873.654411947797,8386.852559052202
2025-02-23 20:00:00,-0.0,15873.654411947797,7620.801703052204
2025-02-23 21:00:00,-0.0,15873.654411947797,7022.284698052203
2025-02-23 22:00:00,-0.0,15873.654411947797,5928.856362052202
2025-02-23 23:00:00,-0.0,15873.654411947797,4601.347107052103
2025-02-24 00:00:00,-0.0,15873.654411947797,3970.635880052103
2025-02-24 01:00:00,-0.0,15873.654411947797,3248.289527052102
2025-02-24 02:00:00,-0.0,15873.654411947797,3193.1701990522033
2025-02-24 03:00:00,-0.0,15873.654411947797,3087.732199052205
2025-02-24 04:00:00,-0.0,15873.654411947797,3386.0060240522016
2025-02-24 05:00:00,-0.0,15873.654411947797,4843.855288052202
2025-02-24 06:00:00,16935.202175877264,5726.057825122734,-0.0
2025-02-24 07:00:00,24405.6630229999,-0.0,-0.0
2025-02-24 08:00:00,25025.620891,-0.0,-0.0
2025-02-24 09:00:00,25452.685565,-0.0,-0.0
2025-02-24 10:00:00,24545.752055,-0.0,-0.0
2025-02-24 11:00:00,24657.388582,-0.0,-0.0
2025-02-24 12:00:00,23471.156871,-0.0,-0.0
2025-02-24 13:00:00,23061.006246,-0.0,-0.0
2025-02-24 14:00:00,23510.286299,-0.0,-0.0
2025-02-24 15:00:00,23046.779797,-0.0,-0.0
2025-02-24 16:00:00,24051.846596,-0.0,-0.0
2025-02-24 17:00:00,25352.028488,-0.0,-0.0
2025-02-24 18:00:00,18.6648076883291,15873.654411947797,10327.249600363875
2025-02-24 19:00:00,-0.0,15873.654411947797,9960.567582052203
2025-02-24 20:00:00,-0.0,15873.654411947797,9245.514333052202
2025-02-24 21:00:00,-0.0,15873.654411947797,8706.037135052202
2025-02-24 22:00:00,-0.0,15873.654411947797,7282.524185052202
2025-02-24 23:00:00,-0.0,15873.654411947797,5963.039490052202
2025-02-25 00:00:00,-0.0,15873.654411947797,5273.2810600521025
2025-02-25 01:00:00,-0.0,15873.654411947797,4507.806829052204
2025-02-25 02:00:00,-0.0,15873.654411947797,4093.9802060522034
2025-02-25 03:00:00,-0.0,15873.654411947797,3925.501980052102
2025-02-25 04:00:00,-0.0,15873.654411947797,4333.880988052204
2025-02-25 05:00:00,-0.0,15873.654411947797,5750.262389052203
2025-02-25 06:00:00,20142.438296988457,3385.5064190114426,-0.0
2025-02-25 07:00:00,25124.0310929999,-0.0,-0.0
2025-02-25 08:00:00,25527.1445179999,-0.0,-0.0
2025-02-25 09:00:00,24663.076512,-0.0,-0.0
2025-02-25 10:00:00,24202.229563,-0.0,-0.0
2025-02-25 11:00:00,23568.517019,-0.0,-0.0
2025-02-25 12:00:00,23294.892076,-0.0,-0.0
2025-02-25 13:00:00,22327.401654,-0.0,-0.0
2025-02-25 14:00:00,22219.000611,-0.0,-0.0
2025-02-25 15:00:00,22297.863386,-0.0,-0.0
2025-02-25 16:00:00,22728.094384,-0.0,-0.0
2025-02-25 17:00:00,24728.917168,-0.0,-0.0
2025-02-25 18:00:00,77.77003203470458,15873.654411947797,9685.958134017397
2025-02-25 19:00:00,-0.0,15873.654411947797,9551.167418052204
2025-02-25 20:00:00,-0.0,15873.654411947797,8880.964282052204
2025-02-25 21:00:00,-0.0,15873.654411947797,8272.679179052202
2025-02-25 22:00:00,-0.0,15873.654411947797,6903.420925052202
2025-02-25 23:00:00,-0.0,15873.654411947797,5591.308200052203
2025-02-26 00:00:00,-0.0,15873.654411947797,5302.629273052202
2025-02-26 01:00:00,-0.0,15873.654411947797,4577.890816052202
2025-02-26 02:00:00,-0.0,15873.654411947797,4180.017005052103
2025-02-26 03:00:00,-0.0,15873.654411947797,3950.245016052204
2025-02-26 04:00:00,-0.0,15873.654411947797,4236.451491052203
2025-02-26 05:00:00,-0.0,15873.654411947797,5623.528717052102
2025-02-26 06:00:00,22901.71903357979,706.8888944201099,-0.0
2025-02-26 07:00:00,24695.721895,-0.0,-0.0
2025-02-26 08:00:00,24351.0096100999,-0.0,-0.0
2025-02-26 09:00:00,23365.9701535,-0.0,-0.0
2025-02-26 10:00:00,22288.84088,-0.0,-0.0
2025-02-26 11:00:00,21681.777597,-0.0,-0.0
2025-02-26 12:00:00,21890.430274,-0.0,-0.0
2025-02-26 13:00:00,21402.135645,-0.0,-0.0
2025-02-26 14:00:00,22027.5130074,-0.0,-0.0
2025-02-26 15:00:00,22639.8887558,-0.0,-0.0
2025-02-26 16:00:00,23123.4326259999,-0.0,-0.0
2025-02-26 17:00:00,25226.107087,-0.0,-0.0
2025-02-26 18:00:00,34.21881409527001,15873.654411947797,10401.680951956932
2025-02-26 19:00:00,-0.0,15873.654411947797,10081.604208052204
2025-02-26 20:00:00,-0.0,15873.654411947797,9225.241379052202
2025-02-26 21:00:00,-0.0,15873.654411947797,8488.271040052203
2025-02-26 22:00:00,-0.0,15873.654411947797,7053.743508052203
2025-02-26 23:00:00,-0.0,15873.654411947797,5584.679396052203
2025-02-27 00:00:00,-0.0,15873.654411947797,5016.286426052202
2025-02-27 01:00:00,-0.0,15873.654411947797,4314.505712052205
2025-02-27 02:00:00,-0.0,15873.654411947797,3897.856704052103
2025-02-27 03:00:00,-0.0,15873.654411947797,3639.568214052202
2025-02-27 04:00:00,-0.0,15873.654411947797,4115.609151052204
2025-02-27 05:00:00,-0.0,15873.654411947797,5404.245317052102
2025-02-27 06:00:00,23236.458181,-0.0,-0.0
2025-02-27 07:00:00,24222.746986,-0.0,-0.0
2025-02-27 08:00:00,25143.9342,-0.0,-0.0
2025-02-27 09:00:00,24982.643667,-0.0,-0.0
2025-02-27 10:00:00,24752.553349,-0.0,-0.0
2025-02-27 11:00:00,24541.5984769,-0.0,-0.0
2025-02-27 12:00:00,23763.0326608,-0.0,-0.0
2025-02-27 13:00:00,23323.672024,-0.0,-0.0
2025-02-27 14:00:00,23184.179912,-0.0,-0.0
2025-02-27 15:00:00,23416.108236,-0.0,-0.0
2025-02-27 16:00:00,23735.761852,-0.0,-0.0
2025-02-27 17:00:00,25506.909141,-0.0,-0.0
2025-02-27 18:00:00,-0.0,15873.654411947797,10443.919753052103
2025-02-27 19:00:00,-0.0,15873.654411947797,9894.906563052204
2025-02-27 20:00:00,-0.0,15873.654411947797,8968.666366052204
2025-02-27 21:00:00,-0.0,15873.654411947797,8191.972619052203
2025-02-27 22:00:00,-0.0,15873.654411947797,6850.459872052203
2025-02-27 23:00:00,-0.0,15873.654411947797,5499.555225052203
2025-02-28 00:00:00,-0.0,15873.654411947797,4945.611613052204
2025-02-28 01:00:00,-0.0,15873.654411947797,4306.872098052203
2025-02-28 02:00:00,-0.0,15873.654411947797,3878.1273700522015
2025-02-28 03:00:00,-0.0,15873.654411947797,3463.3874340522034
2025-02-28 04:00:00,-0.0,15873.654411947797,3733.780822052204
2025-02-28 05:00:00,-0.0,15873.654411947797,5065.619188052204
2025-02-28 06:00:00,18135.971470493037,4422.593488506962,-0.0
2025-02-28 07:00:00,23627.875618,-0.0,-0.0
2025-02-28 08:00:00,23243.304778,-0.0,-0.0
2025-02-28 09:00:00,22976.580285,-0.0,-0.0
2025-02-28 10:00:00,22067.7021706,-0.0,-0.0
2025-02-28 11:00:00,22316.4204055,-0.0,-0.0
2025-02-28 12:00:00,22658.5692703,-0.0,-0.0
2025-02-28 13:00:00,22345.9875685,-0.0,-0.0
2025-02-28 14:00:00,22299.9003835999,-0.0,-0.0
2025-02-28 15:00:00,23185.22702,-0.0,-0.0
2025-02-28 16:00:00,23087.318588,-0.0,-0.0
2025-02-28 17:00:00,24362.71566,-0.0,-0.0
2025-02-28 18:00:00,-0.0,15873.654411947797,8996.414693052202
2025-02-28 19:00:00,-0.0,15873.654411947797,8596.401430052205
2025-02-28 20:00:00,-0.0,15873.654411947797,7945.9498590522035
2025-02-28 21:00:00,-0.0,15873.654411947797,7326.253355052204
2025-02-28 22:00:00,-0.0,15873.654411947797,6364.229036052204
2025-02-28 23:00:00,-0.0,15873.654411947797,5244.290865052202
2025-03-01 00:00:00,-0.0,15873.654411947797,4826.623330052202
2025-03-01 01:00:00,-0.0,15873.654411947797,3941.747764052203
2025-03-01 02:00:00,-0.0,15873.654411947797,3379.9832040522033
2025-03-01 03:00:00,-0.0,15873.654411947797,2949.7252960522037
2025-03-01 04:00:00,-0.0,15873.654411947797,3009.305123052205
2025-03-01 05:00:00,-0.0,15873.654411947797,3520.016100052204
2025-03-01 06:00:00,15606.890028724512,4434.127927275487,-0.0
2025-03-01 07:00:00,20472.483786,-0.0,-0.0
2025-03-01 08:00:00,20744.3884898,-0.0,-0.0
2025-03-01 09:00:00,20892.4436392,-0.0,-0.0
2025-03-01 10:00:00,21387.632228,-0.0,-0.0
2025-03-01 11:00:00,21850.178833,-0.0,-0.0
2025-03-01 12:00:00,21300.0957539999,-0.0,-0.0
2025-03-01 13:00:00,21339.407039,-0.0,-0.0
2025-03-01 14:00:00,21313.619348,-0.0,-0.0
2025-03-01 15:00:00,21360.471328,-0.0,-0.0
2025-03-01 16:00:00,20929.6079114,-0.0,-0.0
2025-03-01 17:00:00,22392.1252939999,-0.0,-0.0
2025-03-01 18:00:00,-0.0,15873.654411947797,7857.302853052204
2025-03-01 19:00:00,-0.0,15873.654411947797,7573.435152052205
2025-03-01 20:00:00,-0.0,15873.654411947797,7100.288315052205
2025-03-01 21:00:00,-0.0,15873.654411947797,6514.822860052203
2025-03-01 22:00:00,-0.0,15873.654411947797,5644.412880052203
2025-03-01 23:00:00,-0.0,15873.654411947797,4737.430622052203
2025-03-02 00:00:00,-0.0,15873.654411947797,4476.928925052203
2025-03-02 01:00:00,-0.0,15873.654411947797,3609.0483430522017
2025-03-02 02:00:00,-0.0,15873.654411947797,3248.940707052103
2025-03-02 03:00:00,-0.0,15873.654411947797,2865.625588052202
2025-03-02 04:00:00,-0.0,15873.654411947797,2820.639486052203
2025-03-02 05:00:00,-0.0,15873.654411947797,3115.1455580522033
2025-03-02 06:00:00,19501.918548,-0.0,-0.0
2025-03-02 07:00:00,20715.270405,-0.0,-0.0
2025-03-02 08:00:00,22701.003839,-0.0,-0.0
2025-03-02 09:00:00,22879.0028774,-0.0,-0.0
2025-03-02 10:00:00,22710.1086692,-0.0,-0.0
2025-03-02 11:00:00,22163.2484703,-0.0,-0.0
2025-03-02 12:00:00,21055.3782348,-0.0,-0.0
2025-03-02 13:00:00,20836.653347,-0.0,-0.0
2025-03-02 14:00:00,19384.240572,-0.0,-0.0
2025-03-02 15:00:00,19212.789313,-0.0,-0.0
2025-03-02 16:00:00,20395.9823553199,-0.0,-0.0
2025-03-02 17:00:00,22627.490284,-0.0,-0.0
2025-03-02 18:00:00,1359.4201599665857,15873.654411947797,7058.975499085619
2025-03-02 19:00:00,295.5261217317997,15873.654411947797,8054.347197320402
2025-03-02 20:00:00,-0.0,15873.654411947797,7897.700221052202
2025-03-02 21:00:00,-0.0,15873.654411947797,7416.640124052205
2025-03-02 22:00:00,-0.0,15873.654411947797,6344.024406052204
2025-03-02 23:00:00,-0.0,15873.654411947797,5032.019970052204
2025-03-03 00:00:00,-0.0,15873.654411947797,4698.821110052204
2025-03-03 01:00:00,-0.0,15873.654411947797,4166.517257052203
2025-03-03 02:00:00,-0.0,15873.654411947797,3688.8383700522045
2025-03-03 03:00:00,-0.0,15873.654411947797,3803.3616650522035
2025-03-03 04:00:00,-0.0,15873.654411947797,4389.850989052202
2025-03-03 05:00:00,-0.0,15873.654411947797,6141.182629052202
2025-03-03 06:00:00,23963.981596,-0.0,-0.0
2025-03-03 07:00:00,25077.945857,-0.0,-0.0
2025-03-03 08:00:00,25184.902774,-0.0,-0.0
2025-03-03 09:00:00,24032.7658099999,-0.0,-0.0
2025-03-03 10:00:00,23578.737831,-0.0,-0.0
2025-03-03 11:00:00,22824.300353,-0.0,-0.0
2025-03-03 12:00:00,22693.057724,-0.0,-0.0
2025-03-03 13:00:00,22059.782593,-0.0,-0.0
2025-03-03 14:00:00,21637.198041,-0.0,-0.0
2025-03-03 15:00:00,21635.571057,-0.0,-0.0
2025-03-03 16:00:00,21960.7424209,-0.0,-0.0
2025-03-03 17:00:00,24415.1228979999,-0.0,-0.0
2025-03-03 18:00:00,535.0578203986872,15873.654411947797,9774.914078653515
2025-03-03 19:00:00,-0.0,15873.654411947797,10299.106126052202
2025-03-03 20:00:00,-0.0,15873.654411947797,9827.960450052202
2025-03-03 21:00:00,-0.0,15873.654411947797,9269.637825052103
2025-03-03 22:00:00,-0.0,15873.654411947797,7833.640599052202
2025-03-03 23:00:00,-0.0,15873.654411947797,6492.515859052202
2025-03-04 00:00:00,-0.0,15873.654411947797,6117.777034052202
2025-03-04 01:00:00,-0.0,15873.654411947797,5637.547197052203
2025-03-04 02:00:00,-0.0,15873.654411947797,5092.968792052203
2025-03-04 03:00:00,-0.0,15873.654411947797,4982.339136052202
2025-03-04 04:00:00,-0.0,15873.654411947797,5149.366658052202
2025-03-04 05:00:00,-0.0,15873.654411947797,6544.506077052205
2025-03-04 06:00:00,24659.766011,-0.0,-0.0
2025-03-04 07:00:00,26142.531348,-0.0,-0.0
2025-03-04 08:00:00,26944.5607845,-0.0,-0.0
2025-03-04 09:00:00,26406.5361124,-0.0,-0.0
2025-03-04 10:00:00,25153.2659539,-0.0,-0.0
2025-03-04 11:00:00,23881.5204179,-0.0,-0.0
2025-03-04 12:00:00,22324.4563385,-0.0,-0.0
2025-03-04 13:00:00,21866.3502533,-0.0,-0.0
2025-03-04 14:00:00,21846.5390741999,-0.0,-0.0
2025-03-04 15:00:00,22174.3455643,-0.0,-0.0
2025-03-04 16:00:00,23007.4251411,-0.0,-0.0
2025-03-04 17:00:00,24809.4273489999,-0.0,-0.0
2025-03-04 18:00:00,1592.730256070723,15873.654411947797,8579.736357981481
2025-03-04 19:00:00,525.7254165546025,15873.654411947797,9416.5118784976
2025-03-04 20:00:00,-0.0,15873.654411947797,9379.778988052205
2025-03-04 21:00:00,-0.0,15873.654411947797,8485.762740052205
2025-03-04 22:00:00,-0.0,15873.654411947797,7072.731495052203
2025-03-04 23:00:00,-0.0,15873.654411947797,5645.276767052203
2025-03-05 00:00:00,-0.0,15873.654411947797,5413.741240052203
2025-03-05 01:00:00,-0.0,15873.654411947797,4945.9285630522045
2025-03-05 02:00:00,-0.0,15873.654411947797,4406.318673052103
2025-03-05 03:00:00,-0.0,15873.654411947797,4150.181050052202
2025-03-05 04:00:00,-0.0,15873.654411947797,4870.457277052103
2025-03-05 05:00:00,-0.0,15873.654411947797,6470.396079052205
2025-03-05 06:00:00,19563.82925865028,4612.034857349619,-0.0
2025-03-05 07:00:00,25330.703154,-0.0,-0.0
2025-03-05 08:00:00,26418.501024,-0.0,-0.0
2025-03-05 09:00:00,26555.1606,-0.0,-0.0
2025-03-05 10:00:00,26292.836289,-0.0,-0.0
2025-03-05 11:00:00,26922.623516,-0.0,-0.0
2025-03-05 12:00:00,26268.216931,-0.0,-0.0
2025-03-05 13:00:00,25797.579444,-0.0,-0.0
2025-03-05 14:00:00,25744.806812,-0.0,-0.0
2025-03-05 15:00:00,26125.051559,-0.0,-0.0
2025-03-05 16:00:00,25724.29516,-0.0,-0.0
2025-03-05 17:00:00,12197.451824323012,13885.155371676887,-0.0
2025-03-05 18:00:00,-0.0,15873.654411947797,11476.351788052203
2025-03-05 19:00:00,-0.0,15873.654411947797,11149.822150052203
2025-03-05 20:00:00,-0.0,15873.654411947797,10304.537508052204
2025-03-05 21:00:00,-0.0,15873.654411947797,9466.118304052203
2025-03-05 22:00:00,-0.0,15873.654411947797,8568.925658052203
2025-03-05 23:00:00,-0.0,15873.654411947797,7389.5608030522035
2025-03-06 00:00:00,-0.0,15873.654411947797,6686.136339052204
2025-03-06 01:00:00,-0.0,15873.654411947797,6051.358714052205
2025-03-06 02:00:00,-0.0,15873.654411947797,5963.6139080522025
2025-03-06 03:00:00,-0.0,15873.654411947797,5193.061462052205
2025-03-06 04:00:00,-0.0,15873.654411947797,5509.232308052202
2025-03-06 05:00:00,-0.0,15873.654411947797,6838.932386052204
2025-03-06 06:00:00,24449.704417,-0.0,-0.0
2025-03-06 07:00:00,26107.071898,-0.0,-0.0
2025-03-06 08:00:00,26413.6393037,-0.0,-0.0
2025-03-06 09:00:00,25789.6445901,-0.0,-0.0
2025-03-06 10:00:00,25946.2297883,-0.0,-0.0
2025-03-06 11:00:00,25073.5568416,-0.0,-0.0
2025-03-06 12:00:00,24474.2464068,-0.0,-0.0
2025-03-06 13:00:00,23557.7683915,-0.0,-0.0
2025-03-06 14:00:00,23554.621219,-0.0,-0.0
2025-03-06 15:00:00,24222.816579,-0.0,-0.0
2025-03-06 16:00:00,24396.411068,-0.0,-0.0
2025-03-06 17:00:00,25685.886132,-0.0,-0.0
2025-03-06 18:00:00,111.9888461299052,15873.654411947797,10601.671560922297
2025-03-06 19:00:00,251.97490379238766,15873.654411947797,10275.184712259816
2025-03-06 20:00:00,311.08012813879606,15873.654411947797,9802.519861913406
2025-03-06 21:00:00,301.7477242946306,15873.654411947797,9168.700000757575
2025-03-06 22:00:00,323.5233332642962,15873.654411947797,8085.229909787906
2025-03-06 23:00:00,227.0884935413066,15873.654411947797,6996.007740510897
2025-03-07 00:00:00,-0.0,15873.654411947797,6533.3238730521025
2025-03-07 01:00:00,-0.0,15873.654411947797,5965.018080052103
2025-03-07 02:00:00,-0.0,15873.654411947797,5406.3549700522035
2025-03-07 03:00:00,-0.0,15873.654411947797,5005.803693052103
2025-03-07 04:00:00,-0.0,15873.654411947797,5508.211277052202
2025-03-07 05:00:00,-0.0,15873.654411947797,7136.393112052205
2025-03-07 06:00:00,21203.22153394183,3475.8070870580705,-0.0
2025-03-07 07:00:00,24875.566117,-0.0,-0.0
2025-03-07 08:00:00,24108.3242334,-0.0,-0.0
2025-03-07 09:00:00,23404.564532,-0.0,-0.0
2025-03-07 10:00:00,22153.940745,-0.0,-0.0
2025-03-07 11:00:00,22633.711704,-0.0,-0.0
2025-03-07 12:00:00,22785.80405,-0.0,-0.0
2025-03-07 13:00:00,21959.357338,-0.0,-0.0
2025-03-07 14:00:00,21680.625277,-0.0,-0.0
2025-03-07 15:00:00,20295.162845,-0.0,-0.0
2025-03-07 16:00:00,21082.401553,-0.0,-0.0
2025-03-07 17:00:00,23629.950035,-0.0,-0.0
2025-03-07 18:00:00,37.3296153766582,15873.654411947797,9485.576853675546
2025-03-07 19:00:00,-0.0,15873.654411947797,9474.417385052204
2025-03-07 20:00:00,-0.0,15873.654411947797,8922.208204052202
2025-03-07 21:00:00,-0.0,15873.654411947797,8685.884219052203
2025-03-07 22:00:00,-0.0,15873.654411947797,7768.341214052105
2025-03-07 23:00:00,-0.0,15873.654411947797,6543.728556052103
2025-03-08 00:00:00,-0.0,15873.654411947797,6214.1623040522045
2025-03-08 01:00:00,-0.0,15873.654411947797,5580.821298052202
2025-03-08 02:00:00,-0.0,15873.654411947797,4852.610849052204
2025-03-08 03:00:00,-0.0,15873.654411947797,4633.408271052203
2025-03-08 04:00:00,-0.0,15873.654411947797,4657.934674052203
2025-03-08 05:00:00,-0.0,15873.654411947797,5404.635607052203
2025-03-08 06:00:00,21772.015356,-0.0,-0.0
2025-03-08 07:00:00,21978.724473,-0.0,-0.0
2025-03-08 08:00:00,21820.9227379999,-0.0,-0.0
2025-03-08 09:00:00,21106.5587786,-0.0,-0.0
2025-03-08 10:00:00,19398.1411517,-0.0,-0.0
2025-03-08 11:00:00,18874.3963164,-0.0,-0.0
2025-03-08 12:00:00,17981.9924197,-0.0,-0.0
2025-03-08 13:00:00,17038.0639959999,-0.0,-0.0
2025-03-08 14:00:00,16469.018208,-0.0,-0.0
2025-03-08 15:00:00,17424.717965,-0.0,-0.0
2025-03-08 16:00:00,18920.3600276,-0.0,-0.0
2025-03-08 17:00:00,21936.016867,-0.0,-0.0
2025-03-08 18:00:00,821.2515382864023,15873.654411947797,7042.8531107657
2025-03-08 19:00:00,68.43762819054002,15873.654411947797,7839.687828861665
2025-03-08 20:00:00,-0.0,15873.654411947797,7587.109688052204
2025-03-08 21:00:00,-0.0,15873.654411947797,7157.7566450522045
2025-03-08 22:00:00,-0.0,15873.654411947797,6286.532578052202
2025-03-08 23:00:00,-0.0,15873.654411947797,5328.765413052204
2025-03-09 00:00:00,-0.0,15873.654411947797,5187.477897052204
2025-03-09 03:00:00,-0.0,15873.654411947797,4236.8781630521025
2025-03-09 04:00:00,-0.0,15873.654411947797,4068.528139052103
2025-03-09 05:00:00,-0.0,15873.654411947797,4387.278448052204
2025-03-09 06:00:00,-0.0,15873.654411947797,4914.438084052103
2025-03-09 07:00:00,21286.622967,-0.0,-0.0
2025-03-09 08:00:00,21837.3419129999,-0.0,-0.0
2025-03-09 09:00:00,21771.0071971,-0.0,-0.0
2025-03-09 10:00:00,20402.8219452,-0.0,-0.0
2025-03-09 11:00:00,19134.7738316,-0.0,-0.0
2025-03-09 12:00:00,17884.2802339999,-0.0,-0.0
2025-03-09 13:00:00,16636.977109,-0.0,-0.0
2025-03-09 14:00:00,16163.8652182,-0.0,-0.0
2025-03-09 15:00:00,16137.6315322,-0.0,-0.0
2025-03-09 16:00:00,16662.06089733,-0.0,-0.0
2025-03-09 17:00:00,18899.1128744,-0.0,-0.0
2025-03-09 18:00:00,21972.219595,-0.0,-0.0
2025-03-09 19:00:00,317.30173070154615,15873.654411947797,7612.049375350557
2025-03-09 20:00:00,-0.0,15873.654411947797,7892.401664052204
2025-03-09 21:00:00,-0.0,15873.654411947797,7577.8191880522045
2025-03-09 22:00:00,-0.0,15873.654411947797,6533.819085052202
2025-03-09 23:00:00,-0.0,15873.654411947797,5416.905526052202
2025-03-10 00:00:00,-0.0,15873.654411947797,5240.437808052202
2025-03-10 01:00:00,-0.0,15873.654411947797,4703.719022052204
2025-03-10 02:00:00,-0.0,15873.654411947797,4395.6097440521025
2025-03-10 03:00:00,-0.0,15873.654411947797,4200.738116052204
2025-03-10 04:00:00,-0.0,15873.654411947797,4560.008816052205
2025-03-10 05:00:00,-0.0,15873.654411947797,6088.039323052204
2025-03-10 06:00:00,-0.0,15873.654411947797,8168.286169052202
2025-03-10 07:00:00,25459.905004,-0.0,-0.0
2025-03-10 08:00:00,26284.900518,-0.0,-0.0
2025-03-10 09:00:00,26071.479053,-0.0,-0.0
2025-03-10 10:00:00,24709.506246,-0.0,-0.0
2025-03-10 11:00:00,23106.479903,-0.0,-0.0
2025-03-10 12:00:00,21624.678166,-0.0,-0.0
2025-03-10 13:00:00,20368.757799,-0.0,-0.0
2025-03-10 14:00:00,20183.357174,-0.0,-0.0
2025-03-10 15:00:00,20118.260967,-0.0,-0.0
2025-03-10 16:00:00,20717.7726469999,-0.0,-0.0
2025-03-10 17:00:00,21764.631053,-0.0,-0.0
2025-03-10 18:00:00,23718.792263,-0.0,-0.0
2025-03-10 19:00:00,2454.4222110152027,15873.654411947797,7002.796023037001
2025-03-10 20:00:00,217.7560896971411,15873.654411947797,8892.316533355062
2025-03-10 21:00:00,-0.0,15873.654411947797,8417.777707052102
2025-03-10 22:00:00,-0.0,15873.654411947797,7172.336415052205
2025-03-10 23:00:00,-0.0,15873.654411947797,5721.839191052202
2025-03-11 00:00:00,-0.0,15873.654411947797,5752.698641052202
2025-03-11 01:00:00,-0.0,15873.654411947797,4768.245907052204
2025-03-11 02:00:00,-0.0,15873.654411947797,4528.265291052203
2025-03-11 03:00:00,-0.0,15873.654411947797,4300.0964830521025
2025-03-11 04:00:00,-0.0,15873.654411947797,4366.875064052203
2025-03-11 05:00:00,-0.0,15873.654411947797,5401.423925052202
2025-03-11 06:00:00,-0.0,15873.654411947797,7724.553529052204
2025-03-11 07:00:00,25424.666143,-0.0,-0.0
2025-03-11 08:00:00,25079.2400429999,-0.0,-0.0
2025-03-11 09:00:00,23996.858143,-0.0,-0.0
2025-03-11 10:00:00,22891.399187,-0.0,-0.0
2025-03-11 11:00:00,23096.781954,-0.0,-0.0
2025-03-11 12:00:00,22768.199452,-0.0,-0.0
2025-03-11 13:00:00,23047.321236,-0.0,-0.0
2025-03-11 14:00:00,21985.371807,-0.0,-0.0
2025-03-11 15:00:00,22587.121832,-0.0,-0.0
2025-03-11 16:00:00,22858.135713,-0.0,-0.0
2025-03-11 17:00:00,22867.8723939999,-0.0,-0.0
2025-03-11 18:00:00,24340.2796199999,-0.0,-0.0
2025-03-11 19:00:00,4389.340608038714,15873.654411947797,5510.3788170134885
2025-03-11 20:00:00,329.74493582712705,15873.654411947797,9203.415311225075
2025-03-11 21:00:00,-0.0,15873.654411947797,8913.641565052205
2025-03-11 22:00:00,-0.0,15873.654411947797,7537.426642052202
2025-03-11 23:00:00,-0.0,15873.654411947797,6295.456176052203
2025-03-12 00:00:00,-0.0,15873.654411947797,5838.146320052203
2025-03-12 01:00:00,-0.0,15873.654411947797,5321.872903052203
2025-03-12 02:00:00,-0.0,15873.654411947797,5150.963128052203
2025-03-12 03:00:00,-0.0,15873.654411947797,4813.377564052202
2025-03-12 04:00:00,-0.0,15873.654411947797,4612.362604052103
2025-03-12 05:00:00,-0.0,15873.654411947797,5427.607255052202
2025-03-12 06:00:00,-0.0,15873.654411947797,7281.856206052204
2025-03-12 07:00:00,24994.685285,-0.0,-0.0
2025-03-12 08:00:00,26129.562287,-0.0,-0.0
2025-03-12 09:00:00,26249.3010349999,-0.0,-0.0
2025-03-12 10:00:00,26687.303257,-0.0,-0.0
2025-03-12 11:00:00,26397.976516,-0.0,-0.0
2025-03-12 12:00:00,25349.561728,-0.0,-0.0
2025-03-12 13:00:00,24277.840669,-0.0,-0.0
2025-03-12 14:00:00,24890.106445,-0.0,-0.0
2025-03-12 15:00:00,24464.779731,-0.0,-0.0
2025-03-12 16:00:00,24445.2904529999,-0.0,-0.0
2025-03-12 17:00:00,24227.312895,-0.0,-0.0
2025-03-12 18:00:00,25151.492747,-0.0,-0.0
2025-03-12 19:00:00,115.09964741132062,15873.654411947797,10284.250350640885
2025-03-12 20:00:00,-0.0,15873.654411947797,10087.315156052204
2025-03-12 21:00:00,-0.0,15873.654411947797,9201.438611052103
2025-03-12 22:00:00,-0.0,15873.654411947797,8012.655105052205
2025-03-12 23:00:00,-0.0,15873.654411947797,6568.437223052204
2025-03-13 00:00:00,-0.0,15873.654411947797,6363.792926052103
2025-03-13 01:00:00,-0.0,15873.654411947797,6192.758562052202
2025-03-13 02:00:00,-0.0,15873.654411947797,5528.741901052204
2025-03-13 03:00:00,-0.0,15873.654411947797,5659.258824052204
2025-03-13 04:00:00,-0.0,15873.654411947797,5080.287057052103
2025-03-13 05:00:00,-0.0,15873.654411947797,6208.041677052204
2025-03-13 06:00:00,-0.0,15873.654411947797,8175.078358052202
2025-03-13 07:00:00,25850.142365,-0.0,-0.0
2025-03-13 08:00:00,26468.562645,-0.0,-0.0
2025-03-13 09:00:00,26146.285381,-0.0,-0.0
2025-03-13 10:00:00,25447.181363,-0.0,-0.0
2025-03-13 11:00:00,25260.737733,-0.0,-0.0
2025-03-13 12:00:00,24539.122928,-0.0,-0.0
2025-03-13 13:00:00,23496.865403,-0.0,-0.0
2025-03-13 14:00:00,23777.2871969999,-0.0,-0.0
2025-03-13 15:00:00,22999.8889364,-0.0,-0.0
2025-03-13 16:00:00,22270.6206261,-0.0,-0.0
2025-03-13 17:00:00,22856.398488,-0.0,-0.0
2025-03-13 18:00:00,24726.987331,-0.0,-0.0
2025-03-13 19:00:00,77.77003203470458,15873.654411947797,10565.230023017499
2025-03-13 20:00:00,-0.0,15873.654411947797,10578.356864052204
2025-03-13 21:00:00,-0.0,15873.654411947797,10127.811053052204
2025-03-13 22:00:00,-0.0,15873.654411947797,8720.487310052204
2025-03-13 23:00:00,-0.0,15873.654411947797,7050.521830052205
2025-03-14 00:00:00,-0.0,15873.654411947797,6817.301046052204
2025-03-14 01:00:00,-0.0,15873.654411947797,6150.175013052203
2025-03-14 02:00:00,-0.0,15873.654411947797,5871.666007052203
2025-03-14 03:00:00,-0.0,15873.654411947797,5508.117221052204
2025-03-14 04:00:00,-0.0,15873.654411947797,5569.505303052205
2025-03-14 05:00:00,-0.0,15873.654411947797,6703.834716052204
2025-03-14 06:00:00,-0.0,15873.654411947797,8842.673614052203
2025-03-14 07:00:00,18475.04881016441,8075.058101835588,-0.0
2025-03-14 08:00:00,27568.4576419999,-0.0,-0.0
2025-03-14 09:00:00,27704.122802,-0.0,-0.0
2025-03-14 10:00:00,28127.034768,-0.0,-0.0
2025-03-14 11:00:00,27429.828746,-0.0,-0.0
2025-03-14 12:00:00,26100.577889,-0.0,-0.0
2025-03-14 13:00:00,27010.4268209999,-0.0,-0.0
2025-03-14 14:00:00,26908.737188,-0.0,-0.0
2025-03-14 15:00:00,26128.238322,-0.0,-0.0
2025-03-14 16:00:00,25088.47738,-0.0,-0.0
2025-03-14 17:00:00,24730.048929,-0.0,-0.0
2025-03-14 18:00:00,25434.914361,-0.0,-0.0
2025-03-14 19:00:00,55.9944230649873,15873.654411947797,10476.985507987218
2025-03-14 20:00:00,-0.0,15873.654411947797,10255.990962052203
2025-03-14 21:00:00,-0.0,15873.654411947797,9688.069978052203
2025-03-14 22:00:00,-0.0,15873.654411947797,8588.662687052203
2025-03-14 23:00:00,-0.0,15873.654411947797,7492.765854052204
2025-03-15 00:00:00,-0.0,15873.654411947797,7072.539585052202
2025-03-15 01:00:00,-0.0,15873.654411947797,6439.759287052204
2025-03-15 02:00:00,-0.0,15873.654411947797,5545.6500610522035
2025-03-15 03:00:00,-0.0,15873.654411947797,5103.835903052202
2025-03-15 04:00:00,-0.0,15873.654411947797,4906.468436052202
2025-03-15 05:00:00,-0.0,15873.654411947797,5487.928455052102
2025-03-15 06:00:00,-0.0,15873.654411947797,6511.015746052204
2025-03-15 07:00:00,23150.996454,-0.0,-0.0
2025-03-15 08:00:00,23691.599477,-0.0,-0.0
2025-03-15 09:00:00,23328.7551189999,-0.0,-0.0
2025-03-15 10:00:00,21552.8855081,-0.0,-0.0
2025-03-15 11:00:00,20855.1557404,-0.0,-0.0
2025-03-15 12:00:00,20972.227241,-0.0,-0.0
2025-03-15 13:00:00,19905.984294,-0.0,-0.0
2025-03-15 14:00:00,18968.6411171,-0.0,-0.0
2025-03-15 15:00:00,17867.27798,-0.0,-0.0
2025-03-15 16:00:00,17771.244178,-0.0,-0.0
2025-03-15 17:00:00,19201.237461,-0.0,-0.0
2025-03-15 18:00:00,21561.546269,-0.0,-0.0
2025-03-15 19:00:00,469.73099348960955,15873.654411947797,7020.227602562594
2025-03-15 20:00:00,-0.0,15873.654411947797,7612.953985052203
2025-03-15 21:00:00,-0.0,15873.654411947797,7461.087753052203
2025-03-15 22:00:00,-0.0,15873.654411947797,6649.410354052203
2025-03-15 23:00:00,-0.0,15873.654411947797,5900.216711052204
2025-03-16 00:00:00,-0.0,15873.654411947797,5530.120126052103
2025-03-16 01:00:00,-0.0,15873.654411947797,4911.530719052202
2025-03-16 02:00:00,-0.0,15873.654411947797,4218.415658052205
2025-03-16 03:00:00,-0.0,15873.654411947797,3970.214959052204
2025-03-16 04:00:00,-0.0,15873.654411947797,3719.8621170522038
2025-03-16 05:00:00,-0.0,15873.654411947797,4117.682660052202
2025-03-16 06:00:00,18.6648076883291,15873.654411947797,4915.365948363874
2025-03-16 07:00:00,21097.951194,-0.0,-0.0
2025-03-16 08:00:00,21985.169985,-0.0,-0.0
2025-03-16 09:00:00,22355.069407,-0.0,-0.0
2025-03-16 10:00:00,21009.8899209999,-0.0,-0.0
2025-03-16 11:00:00,20863.465034,-0.0,-0.0
2025-03-16 12:00:00,20238.285525,-0.0,-0.0
2025-03-16 13:00:00,18965.695804,-0.0,-0.0
2025-03-16 14:00:00,18960.84474,-0.0,-0.0
2025-03-16 15:00:00,18777.3608087,-0.0,-0.0
2025-03-16 16:00:00,19138.0577066,-0.0,-0.0
2025-03-16 17:00:00,20382.1362989999,-0.0,-0.0
2025-03-16 18:00:00,22207.359187,-0.0,-0.0
2025-03-16 19:00:00,656.3790703728387,15873.654411947797,7370.0293996793625
2025-03-16 20:00:00,68.43762819054002,15873.654411947797,7761.291698861664
2025-03-16 21:00:00,-0.0,15873.654411947797,7391.886962052204
2025-03-16 22:00:00,-0.0,15873.654411947797,6231.510246052103
2025-03-16 23:00:00,-0.0,15873.654411947797,5023.9479170522045
2025-03-17 00:00:00,-0.0,15873.654411947797,4972.917580052204
2025-03-17 01:00:00,-0.0,15873.654411947797,4413.418650052203
2025-03-17 02:00:00,-0.0,15873.654411947797,4056.355731052203
2025-03-17 03:00:00,-0.0,15873.654411947797,4293.620556052103
2025-03-17 04:00:00,-0.0,15873.654411947797,4265.605824052202
2025-03-17 05:00:00,-0.0,15873.654411947797,5419.033129052203
2025-03-17 06:00:00,-0.0,15873.654411947797,7379.953312052103
2025-03-17 07:00:00,24834.1769,-0.0,-0.0
2025-03-17 08:00:00,24911.968746,-0.0,-0.0
2025-03-17 09:00:00,24743.384993,-0.0,-0.0
2025-03-17 10:00:00,24665.342552,-0.0,-0.0
2025-03-17 11:00:00,25271.58978,-0.0,-0.0
2025-03-17 12:00:00,24340.653911,-0.0,-0.0
2025-03-17 13:00:00,24230.136687,-0.0,-0.0
2025-03-17 14:00:00,23963.058382,-0.0,-0.0
2025-03-17 15:00:00,22879.526678,-0.0,-0.0
2025-03-17 16:00:00,22994.817809,-0.0,-0.0
2025-03-17 17:00:00,23938.887124,-0.0,-0.0
2025-03-17 18:00:00,24681.792119,-0.0,-0.0
2025-03-17 19:00:00,600.3846473078457,15873.654411947797,9559.206037744356
2025-03-17 20:00:00,-0.0,15873.654411947797,9929.764134052204
2025-03-17 21:00:00,-0.0,15873.654411947797,9262.778550052202
2025-03-17 22:00:00,-0.0,15873.654411947797,8000.237829052103
2025-03-17 23:00:00,-0.0,15873.654411947797,6777.544861052202
2025-03-18 00:00:00,-0.0,15873.654411947797,6195.470668052205
2025-03-18 01:00:00,-0.0,15873.654411947797,5664.615923052204
2025-03-18 02:00:00,-0.0,15873.654411947797,5154.035443052204
2025-03-18 03:00:00,-0.0,15873.654411947797,4909.4016700522025
2025-03-18 04:00:00,-0.0,15873.654411947797,5115.912038052202
2025-03-18 05:00:00,-0.0,15873.654411947797,6575.513126052205
2025-03-18 06:00:00,43.55121793943457,15873.654411947797,8824.631537112668
2025-03-18 07:00:00,26353.2941169999,-0.0,-0.0
2025-03-18 08:00:00,25972.879961,-0.0,-0.0
2025-03-18 09:00:00,25009.906923,-0.0,-0.0
2025-03-18 10:00:00,22534.4744919999,-0.0,-0.0
2025-03-18 11:00:00,21794.731716,-0.0,-0.0
2025-03-18 12:00:00,21129.956434,-0.0,-0.0
2025-03-18 13:00:00,20043.578488,-0.0,-0.0
2025-03-18 14:00:00,19590.3851275,-0.0,-0.0
2025-03-18 15:00:00,19418.455905,-0.0,-0.0
2025-03-18 16:00:00,19054.794929,-0.0,-0.0
2025-03-18 17:00:00,20871.4353014,-0.0,-0.0
2025-03-18 18:00:00,23235.588079,-0.0,-0.0
2025-03-18 19:00:00,3732.9615376657953,15873.654411947797,5572.900894386308
2025-03-18 20:00:00,1281.650127931927,15873.654411947797,7901.1139221202775
2025-03-18 21:00:00,-0.0,15873.654411947797,8652.843024052103
2025-03-18 22:00:00,-0.0,15873.654411947797,7399.573571052204
2025-03-18 23:00:00,-0.0,15873.654411947797,6032.548729052103
2025-03-19 00:00:00,-0.0,15873.654411947797,5844.569677052203
2025-03-19 01:00:00,-0.0,15873.654411947797,5148.1665350522035
2025-03-19 02:00:00,-0.0,15873.654411947797,4511.553190052202
2025-03-19 03:00:00,-0.0,15873.654411947797,4634.936024052202
2025-03-19 04:00:00,-0.0,15873.654411947797,5220.746239052203
2025-03-19 05:00:00,-0.0,15873.654411947797,6874.6322870522035
2025-03-19 06:00:00,161.7616666321481,15873.654411947797,8873.148087420055
2025-03-19 07:00:00,26553.561517,-0.0,-0.0
2025-03-19 08:00:00,26591.493461,-0.0,-0.0
2025-03-19 09:00:00,24662.778521,-0.0,-0.0
2025-03-19 10:00:00,23634.542252,-0.0,-0.0
2025-03-19 11:00:00,22962.168664,-0.0,-0.0
2025-03-19 12:00:00,22371.681871,-0.0,-0.0
2025-03-19 13:00:00,21927.8742722,-0.0,-0.0
2025-03-19 14:00:00,21290.3650312,-0.0,-0.0
2025-03-19 15:00:00,20547.931911,-0.0,-0.0
2025-03-19 16:00:00,21160.364172,-0.0,-0.0
2025-03-19 17:00:00,22245.180817,-0.0,-0.0
2025-03-19 18:00:00,24057.941511,-0.0,-0.0
2025-03-19 19:00:00,311.08012813879606,15873.654411947797,9151.319748913407
2025-03-19 20:00:00,-0.0,15873.654411947797,9298.776079052202
2025-03-19 21:00:00,-0.0,15873.654411947797,8870.522471052203
2025-03-19 22:00:00,-0.0,15873.654411947797,7407.014944052202
2025-03-19 23:00:00,-0.0,15873.654411947797,6283.114310052204
2025-03-20 00:00:00,-0.0,15873.654411947797,5831.572330052202
2025-03-20 01:00:00,-0.0,15873.654411947797,5191.713839052203
2025-03-20 02:00:00,-0.0,15873.654411947797,4792.855262052204
2025-03-20 03:00:00,-0.0,15873.654411947797,4964.260735052203
2025-03-20 04:00:00,-0.0,15873.654411947797,4907.406020052202
2025-03-20 05:00:00,-0.0,15873.654411947797,6026.2603710522035
2025-03-20 06:00:00,239.53169866688754,15873.654411947797,7943.956547385316
2025-03-20 07:00:00,25718.022627,-0.0,-0.0
2025-03-20 08:00:00,25694.198102,-0.0,-0.0
2025-03-20 09:00:00,25166.6629205,-0.0,-0.0
2025-03-20 10:00:00,23541.46351323,-0.0,-0.0
2025-03-20 11:00:00,22061.5583446,-0.0,-0.0
2025-03-20 12:00:00,21543.1737902,-0.0,-0.0
2025-03-20 13:00:00,20698.866682,-0.0,-0.0
2025-03-20 14:00:00,19258.280743,-0.0,-0.0
2025-03-20 15:00:00,19795.503567,-0.0,-0.0
2025-03-20 16:00:00,19757.0983233,-0.0,-0.0
2025-03-20 17:00:00,21326.5870178999,-0.0,-0.0
2025-03-20 18:00:00,23338.3060459999,-0.0,-0.0
2025-03-20 19:00:00,712.3734934378317,15873.654411947797,8552.513397614373
2025-03-20 20:00:00,3.110801281388183,15873.654411947797,9213.363433770715
2025-03-20 21:00:00,149.3184615065672,15873.654411947797,8384.459808545635
2025-03-20 22:00:00,152.42926278798262,15873.654411947797,7179.648099264221
2025-03-20 23:00:00,133.76445509965163,15873.654411947797,5750.275244952552
2025-03-21 00:00:00,124.43205125548612,15873.654411947797,5447.256557796718
2025-03-21 01:00:00,111.9888461299052,15873.654411947797,4954.833579922297
2025-03-21 02:00:00,130.6536538182362,15873.654411947797,4623.446802233967
2025-03-21 03:00:00,99.54564100440504,15873.654411947797,4329.110854047797
2025-03-21 04:00:00,71.54842947192822,15873.654411947797,4550.8715985802755
2025-03-21 05:00:00,74.6592307533164,15873.654411947797,5884.302632298887
2025-03-21 06:00:00,780.8111216284055,15873.654411947797,7263.247412423798
2025-03-21 07:00:00,25239.282725,-0.0,-0.0
2025-03-21 08:00:00,25076.784061,-0.0,-0.0
2025-03-21 09:00:00,23830.0972779999,-0.0,-0.0
2025-03-21 10:00:00,22770.155025,-0.0,-0.0
2025-03-21 11:00:00,21528.6325965,-0.0,-0.0
2025-03-21 12:00:00,21278.0525797,-0.0,-0.0
2025-03-21 13:00:00,21301.9709881,-0.0,-0.0
2025-03-21 14:00:00,20975.0934271999,-0.0,-0.0
2025-03-21 15:00:00,20675.5982834,-0.0,-0.0
2025-03-21 16:00:00,20584.2288176,-0.0,-0.0
2025-03-21 17:00:00,21381.1349155,-0.0,-0.0
2025-03-21 18:00:00,22951.5608709999,-0.0,-0.0
2025-03-21 19:00:00,777.7003203469902,15873.654411947797,7715.464202705212
2025-03-21 20:00:00,-0.0,15873.654411947797,8309.786382052202
2025-03-21 21:00:00,-0.0,15873.654411947797,7882.729409052203
2025-03-21 22:00:00,-0.0,15873.654411947797,7126.756316052202
2025-03-21 23:00:00,-0.0,15873.654411947797,6081.715165052103
2025-03-22 00:00:00,-0.0,15873.654411947797,5325.469541052202
2025-03-22 01:00:00,-0.0,15873.654411947797,4707.362349052202
2025-03-22 02:00:00,-0.0,15873.654411947797,4169.6382970522045
2025-03-22 03:00:00,-0.0,15873.654411947797,3719.4160840522036
2025-03-22 04:00:00,-0.0,15873.654411947797,3736.9257530522027
2025-03-22 05:00:00,-0.0,15873.654411947797,4289.820140052203
2025-03-22 06:00:00,563.0550319311837,15873.654411947797,4199.664683121018
2025-03-22 07:00:00,21167.292823,-0.0,-0.0
2025-03-22 08:00:00,21473.7948989,-0.0,-0.0
2025-03-22 09:00:00,20681.262976,-0.0,-0.0
2025-03-22 10:00:00,19538.612699,-0.0,-0.0
2025-03-22 11:00:00,19002.168778,-0.0,-0.0
2025-03-22 12:00:00,19194.0810927,-0.0,-0.0
2025-03-22 13:00:00,19026.361101,-0.0,-0.0
2025-03-22 14:00:00,18830.3053097,-0.0,-0.0
2025-03-22 15:00:00,19078.277695,-0.0,-0.0
2025-03-22 16:00:00,18912.969953,-0.0,-0.0
2025-03-22 17:00:00,20004.557268,-0.0,-0.0
2025-03-22 18:00:00,21635.534674,-0.0,-0.0
2025-03-22 19:00:00,1710.9407047634593,15873.654411947797,5639.854059288742
2025-03-22 20:00:00,-0.0,15873.654411947797,7391.082590052205
2025-03-22 21:00:00,-0.0,15873.654411947797,6992.605428052202
2025-03-22 22:00:00,-0.0,15873.654411947797,6211.527395052204
2025-03-22 23:00:00,-0.0,15873.654411947797,5046.3711830522025
2025-03-23 00:00:00,-0.0,15873.654411947797,4357.855060052103
2025-03-23 01:00:00,-0.0,15873.654411947797,3712.761850052202
2025-03-23 02:00:00,-0.0,15873.654411947797,3205.2450760522024
2025-03-23 03:00:00,-0.0,15873.654411947797,2741.2057240522026
2025-03-23 04:00:00,-0.0,15873.654411947797,2657.057710052204
2025-03-23 05:00:00,-0.0,15873.654411947797,2817.8350300522015
2025-03-23 06:00:00,261.30730763655316,15873.654411947797,3261.0315054156486
2025-03-23 07:00:00,20014.592352,-0.0,-0.0
2025-03-23 08:00:00,20057.79695145,-0.0,-0.0
2025-03-23 09:00:00,19441.627682,-0.0,-0.0
2025-03-23 10:00:00,18184.996477,-0.0,-0.0
2025-03-23 11:00:00,17496.027209,-0.0,-0.0
2025-03-23 12:00:00,17098.808812,-0.0,-0.0
2025-03-23 13:00:00,16960.14104,-0.0,-0.0
2025-03-23 14:00:00,16611.6639059999,-0.0,-0.0
2025-03-23 15:00:00,17317.790154,-0.0,-0.0
2025-03-23 16:00:00,18093.311508,-0.0,-0.0
2025-03-23 17:00:00,19704.6828252,-0.0,-0.0
2025-03-23 18:00:00,22181.126738,-0.0,-0.0
2025-03-23 19:00:00,6461.134261443213,15873.654411947797,1407.377003608889
2025-03-23 20:00:00,-0.0,15873.654411947797,7795.0100350522025
2025-03-23 21:00:00,-0.0,15873.654411947797,7223.926771052202
2025-03-23 22:00:00,-0.0,15873.654411947797,6099.021263052202
2025-03-23 23:00:00,-0.0,15873.654411947797,4911.421775052202
2025-03-24 00:00:00,-0.0,15873.654411947797,4572.483308052202
2025-03-24 01:00:00,-0.0,15873.654411947797,4038.0422550522035
2025-03-24 02:00:00,-0.0,15873.654411947797,3615.4077840522023
2025-03-24 03:00:00,-0.0,15873.654411947797,3338.161085052203
2025-03-24 04:00:00,-0.0,15873.654411947797,3574.7960110522017
2025-03-24 05:00:00,-0.0,15873.654411947797,4798.653211052204
2025-03-24 06:00:00,774.5895190656555,15873.654411947797,5910.384932986546
2025-03-24 07:00:00,24141.560181,-0.0,-0.0
2025-03-24 08:00:00,24388.119461,-0.0,-0.0
2025-03-24 09:00:00,23510.9750791,-0.0,-0.0
2025-03-24 10:00:00,22523.7495037,-0.0,-0.0
2025-03-24 11:00:00,21329.8568723,-0.0,-0.0
2025-03-24 12:00:00,20773.7497567,-0.0,-0.0
2025-03-24 13:00:00,20638.017881,-0.0,-0.0
2025-03-24 14:00:00,20821.9053489999,-0.0,-0.0
2025-03-24 15:00:00,22127.0943692,-0.0,-0.0
2025-03-24 16:00:00,23985.3383734899,-0.0,-0.0
2025-03-24 17:00:00,24359.37138,-0.0,-0.0
2025-03-24 18:00:00,25839.93877,-0.0,-0.0
2025-03-24 19:00:00,3807.620768419119,15873.654411947797,7042.561055633083
2025-03-24 20:00:00,-0.0,15873.654411947797,10172.323561052204
2025-03-24 21:00:00,-0.0,15873.654411947797,9099.830959052202
2025-03-24 22:00:00,-0.0,15873.654411947797,7550.505633052204
2025-03-24 23:00:00,-0.0,15873.654411947797,5912.477095052202
2025-03-25 00:00:00,-0.0,15873.654411947797,5153.178788052204
2025-03-25 01:00:00,-0.0,15873.654411947797,4449.799989052202
2025-03-25 02:00:00,-0.0,15873.654411947797,3569.4749570522017
2025-03-25 03:00:00,-0.0,15873.654411947797,3211.6617450522044
2025-03-25 04:00:00,-0.0,15873.654411947797,3641.8816710522024
2025-03-25 05:00:00,-0.0,15873.654411947797,4855.4974590522015
2025-03-25 06:00:00,1101.2236536113671,15873.654411947797,5714.486220440836
2025-03-25 07:00:00,23969.725564,-0.0,-0.0
2025-03-25 08:00:00,24262.9548393999,-0.0,-0.0
2025-03-25 09:00:00,23779.1339644,-0.0,-0.0
2025-03-25 10:00:00,22176.21023,-0.0,-0.0
2025-03-25 11:00:00,22158.427857,-0.0,-0.0
2025-03-25 12:00:00,21639.7848539999,-0.0,-0.0
2025-03-25 13:00:00,21604.1068529999,-0.0,-0.0
2025-03-25 14:00:00,22268.360234,-0.0,-0.0
2025-03-25 15:00:00,23191.358189,-0.0,-0.0
2025-03-25 16:00:00,24337.866959,-0.0,-0.0
2025-03-25 17:00:00,24783.9618144,-0.0,-0.0
2025-03-25 18:00:00,26220.0912259999,-0.0,-0.0
2025-03-25 19:00:00,2202.4473072228147,15873.654411947797,8952.493454829386
2025-03-25 20:00:00,-0.0,15873.654411947797,10725.667293052202
2025-03-25 21:00:00,-0.0,15873.654411947797,9991.739056052202
2025-03-25 22:00:00,-0.0,15873.654411947797,8548.586474052203
2025-03-25 23:00:00,-0.0,15873.654411947797,6926.886297052204
2025-03-26 00:00:00,-0.0,15873.654411947797,6314.008655052205
2025-03-26 01:00:00,-0.0,15873.654411947797,5441.835066052203
2025-03-26 02:00:00,-0.0,15873.654411947797,4889.002434052103
2025-03-26 03:00:00,-0.0,15873.654411947797,4606.733433052204
2025-03-26 04:00:00,-0.0,15873.654411947797,4546.503867052203
2025-03-26 05:00:00,-0.0,15873.654411947797,5507.691319052205
2025-03-26 06:00:00,665.7114742170043,15873.654411947797,6336.5426648351995
2025-03-26 07:00:00,24255.5148019999,-0.0,-0.0
2025-03-26 08:00:00,24501.177556,-0.0,-0.0
2025-03-26 09:00:00,23866.1195734,-0.0,-0.0
2025-03-26 10:00:00,23997.8781109999,-0.0,-0.0
2025-03-26 11:00:00,23409.149536,-0.0,-0.0
2025-03-26 12:00:00,24017.4204509999,-0.0,-0.0
2025-03-26 13:00:00,24358.202207,-0.0,-0.0
2025-03-26 14:00:00,24469.844338,-0.0,-0.0
2025-03-26 15:00:00,24784.007456,-0.0,-0.0
2025-03-26 16:00:00,25063.376855,-0.0,-0.0
2025-03-26 17:00:00,24326.1763465999,-0.0,-0.0
2025-03-26 18:00:00,24642.45638,-0.0,-0.0
2025-03-26 19:00:00,6090.948908958008,15873.654411947797,3815.964485094194
2025-03-26 20:00:00,-0.0,15873.654411947797,9380.564023052202
2025-03-26 21:00:00,-0.0,15873.654411947797,8656.920193052205
2025-03-26 22:00:00,-0.0,15873.654411947797,7512.872020052202
2025-03-26 23:00:00,-0.0,15873.654411947797,6347.753401052205
2025-03-27 00:00:00,-0.0,15873.654411947797,5430.385885052203
2025-03-27 01:00:00,-0.0,15873.654411947797,4736.905667052202
2025-03-27 02:00:00,-0.0,15873.654411947797,4144.842963052202
2025-03-27 03:00:00,-0.0,15873.654411947797,3638.249744052204
2025-03-27 04:00:00,-0.0,15873.654411947797,3451.253689052204
2025-03-27 05:00:00,-0.0,15873.654411947797,4367.382694052203
2025-03-27 06:00:00,1682.9434932309625,15873.654411947797,4690.43182782124
2025-03-27 07:00:00,23905.2373119999,-0.0,-0.0
2025-03-27 08:00:00,24669.1318535,-0.0,-0.0
2025-03-27 09:00:00,24589.332657,-0.0,-0.0
2025-03-27 10:00:00,24231.495013,-0.0,-0.0
2025-03-27 11:00:00,24873.52812,-0.0,-0.0
2025-03-27 12:00:00,24564.448521,-0.0,-0.0
2025-03-27 13:00:00,24041.862703,-0.0,-0.0
2025-03-27 14:00:00,22881.675868,-0.0,-0.0
2025-03-27 15:00:00,21528.603904,-0.0,-0.0
2025-03-27 16:00:00,20964.75428,-0.0,-0.0
2025-03-27 17:00:00,21799.5939674,-0.0,-0.0
2025-03-27 18:00:00,23298.08527,-0.0,-0.0
2025-03-27 19:00:00,2118.4556726253254,15873.654411947797,6785.775837426778
2025-03-27 20:00:00,-0.0,15873.654411947797,8657.796026052203
2025-03-27 21:00:00,-0.0,15873.654411947797,8063.838551052204
2025-03-27 22:00:00,-0.0,15873.654411947797,7175.692399052203
2025-03-27 23:00:00,-0.0,15873.654411947797,6421.007473052205
2025-03-28 00:00:00,-0.0,15873.654411947797,5970.626552052205
2025-03-28 01:00:00,-0.0,15873.654411947797,5105.211108052203
2025-03-28 02:00:00,-0.0,15873.654411947797,4341.524659052202
2025-03-28 03:00:00,-0.0,15873.654411947797,4366.414123052202
2025-03-28 04:00:00,-0.0,15873.654411947797,4749.5042160521025
2025-03-28 05:00:00,-0.0,15873.654411947797,5593.863723052202
2025-03-28 06:00:00,525.7254165546025,15873.654411947797,6568.1857764976
2025-03-28 07:00:00,23685.818582,-0.0,-0.0
2025-03-28 08:00:00,23404.257903,-0.0,-0.0
2025-03-28 09:00:00,22592.8896131,-0.0,-0.0
2025-03-28 10:00:00,22268.059402,-0.0,-0.0
2025-03-28 11:00:00,22054.719867,-0.0,-0.0
2025-03-28 12:00:00,23351.9842899999,-0.0,-0.0
2025-03-28 13:00:00,23708.086216,-0.0,-0.0
2025-03-28 14:00:00,24430.280872,-0.0,-0.0
2025-03-28 15:00:00,23571.532804,-0.0,-0.0
2025-03-28 16:00:00,22928.784645,-0.0,-0.0
2025-03-28 17:00:00,22471.9325079999,-0.0,-0.0
2025-03-28 18:00:00,23161.0983099999,-0.0,-0.0
2025-03-28 19:00:00,2787.2779481237453,15873.654411947797,5798.32205992846
2025-03-28 20:00:00,-0.0,15873.654411947797,8651.330321052103
2025-03-28 21:00:00,-0.0,15873.654411947797,8311.616452052202
2025-03-28 22:00:00,-0.0,15873.654411947797,7399.477145052204
2025-03-28 23:00:00,-0.0,15873.654411947797,6570.011576052204
2025-03-29 00:00:00,-0.0,15873.654411947797,5604.874099052204
2025-03-29 01:00:00,-0.0,15873.654411947797,4976.881178052203
2025-03-29 02:00:00,-0.0,15873.654411947797,4379.525095052204
2025-03-29 03:00:00,-0.0,15873.654411947797,3848.0608650522026
2025-03-29 04:00:00,-0.0,15873.654411947797,3709.134738052204
2025-03-29 05:00:00,-0.0,15873.654411947797,3995.515488052204
2025-03-29 06:00:00,1564.7330445382265,15873.654411947797,3206.4052675139756
2025-03-29 07:00:00,21043.689364,-0.0,-0.0
2025-03-29 08:00:00,21242.009466,-0.0,-0.0
2025-03-29 09:00:00,21072.434255,-0.0,-0.0
2025-03-29 10:00:00,19731.833362,-0.0,-0.0
2025-03-29 11:00:00,19205.008263,-0.0,-0.0
2025-03-29 12:00:00,18375.190721,-0.0,-0.0
2025-03-29 13:00:00,17422.412483,-0.0,-0.0
2025-03-29 14:00:00,17636.1860219999,-0.0,-0.0
2025-03-29 15:00:00,17772.230471,-0.0,-0.0
2025-03-29 16:00:00,18407.043762,-0.0,-0.0
2025-03-29 17:00:00,19827.1191525,-0.0,-0.0
2025-03-29 18:00:00,21818.168631,-0.0,-0.0
2025-03-29 19:00:00,1085.6696472044516,15873.654411947797,5833.722089847652
2025-03-29 20:00:00,-0.0,15873.654411947797,7332.617961052203
2025-03-29 21:00:00,-0.0,15873.654411947797,6987.536436052202
2025-03-29 22:00:00,-0.0,15873.654411947797,6153.249434052204
2025-03-29 23:00:00,-0.0,15873.654411947797,5311.796441052202
2025-03-30 00:00:00,-0.0,15873.654411947797,5077.428562052102
2025-03-30 01:00:00,-0.0,15873.654411947797,4335.505378052205
2025-03-30 02:00:00,-0.0,15873.654411947797,3723.3241120522016
2025-03-30 03:00:00,-0.0,15873.654411947797,3704.2543080522028
2025-03-30 04:00:00,-0.0,15873.654411947797,3044.716543052202
2025-03-30 05:00:00,-0.0,15873.654411947797,3110.5809810522023
2025-03-30 06:00:00,1122.9992625811135,15873.654411947797,2419.799617471088
2025-03-30 07:00:00,20079.462814,-0.0,-0.0
2025-03-30 08:00:00,20257.8371698,-0.0,-0.0
2025-03-30 09:00:00,21554.282286,-0.0,-0.0
2025-03-30 10:00:00,21267.588358,-0.0,-0.0
2025-03-30 11:00:00,22710.710927,-0.0,-0.0
2025-03-30 12:00:00,22757.5998692,-0.0,-0.0
2025-03-30 13:00:00,21994.216109,-0.0,-0.0
2025-03-30 14:00:00,20868.3246156,-0.0,-0.0
2025-03-30 15:00:00,19912.966423,-0.0,-0.0
2025-03-30 16:00:00,19981.464509,-0.0,-0.0
2025-03-30 17:00:00,20088.2467084,-0.0,-0.0
2025-03-30 18:00:00,21788.059352,-0.0,-0.0
2025-03-30 19:00:00,6498.463876819875,15873.654411947797,1036.6203622323283
2025-03-30 20:00:00,2221.112114911146,15873.654411947797,5447.744102141058
2025-03-30 21:00:00,-0.0,15873.654411947797,7311.207672052204
2025-03-30 22:00:00,-0.0,15873.654411947797,6420.600536052205
2025-03-30 23:00:00,-0.0,15873.654411947797,5688.925381052204
2025-03-31 00:00:00,-0.0,15873.654411947797,4970.608052052203
2025-03-31 01:00:00,-0.0,15873.654411947797,4440.840083052202
2025-03-31 02:00:00,-0.0,15873.654411947797,3854.6752660522016
2025-03-31 03:00:00,-0.0,15873.654411947797,3373.276986052204
2025-03-31 04:00:00,-0.0,15873.654411947797,3521.577826052204
2025-03-31 05:00:00,-0.0,15873.654411947797,4807.566412052203
2025-03-31 06:00:00,1847.815961144526,15873.654411947797,4818.885014907677
2025-03-31 07:00:00,24156.2827679999,-0.0,-0.0
2025-03-31 08:00:00,24294.9420029999,-0.0,-0.0
2025-03-31 09:00:00,25422.690954,-0.0,-0.0
2025-03-31 10:00:00,25081.4969928,-0.0,-0.0
2025-03-31 11:00:00,26523.96675,-0.0,-0.0
2025-03-31 12:00:00,26216.3298914,-0.0,-0.0
2025-03-31 13:00:00,25434.2891082,-0.0,-0.0
2025-03-31 14:00:00,25227.9284642,-0.0,-0.0
2025-03-31 15:00:00,24531.1911381,-0.0,-0.0
2025-03-31 16:00:00,24794.304512,-0.0,-0.0
2025-03-31 17:00:00,23520.4662719999,-0.0,-0.0
2025-03-31 18:00:00,24302.3547029999,-0.0,-0.0
2025-03-31 19:00:00,4572.877883640609,15873.654411947797,5054.710750411594
2025-03-31 20:00:00,3207.236121111193,15873.654411947797,6472.81889294091
2025-03-31 21:00:00,3353.4437813364248,15873.654411947797,5774.83386171578
2025-03-31 22:00:00,3393.8841979945023,15873.654411947797,4466.121091057701
2025-03-31 23:00:00,3434.3246146524993,15873.654411947797,3182.053405399704
2025-04-01 00:00:00,2578.8542622707696,15873.654411947797,3466.8650137814334
2025-04-01 01:00:00,-0.0,15873.654411947797,5220.525441052103
2025-04-01 02:00:00,-0.0,15873.654411947797,4768.9022720522025
2025-04-01 03:00:00,-0.0,15873.654411947797,4442.345401052202
2025-04-01 04:00:00,-0.0,15873.654411947797,4658.875139052203
2025-04-01 05:00:00,-0.0,15873.654411947797,5985.281126052205
2025-04-01 06:00:00,1412.3037817501634,15873.654411947797,6344.274640302038
2025-04-01 07:00:00,24841.961077,-0.0,-0.0
2025-04-01 08:00:00,26053.761097,-0.0,-0.0
2025-04-01 09:00:00,26151.355135,-0.0,-0.0
2025-04-01 10:00:00,26384.714342,-0.0,-0.0
2025-04-01 11:00:00,25266.6727518999,-0.0,-0.0
2025-04-01 12:00:00,23556.5847861,-0.0,-0.0
2025-04-01 13:00:00,24100.0345958999,-0.0,-0.0
2025-04-01 14:00:00,24005.4707939,-0.0,-0.0
2025-04-01 15:00:00,23668.317337,-0.0,-0.0
2025-04-01 16:00:00,22878.720124,-0.0,-0.0
2025-04-01 17:00:00,22804.1351359999,-0.0,-0.0
2025-04-01 18:00:00,24216.9637779999,-0.0,-0.0
2025-04-01 19:00:00,2071.7936534044984,15873.654411947797,7964.818251647706
2025-04-01 20:00:00,-0.0,15873.654411947797,9942.602055052203
2025-04-01 21:00:00,-0.0,15873.654411947797,9470.865028052203
2025-04-01 22:00:00,-0.0,15873.654411947797,8072.813546052204
2025-04-01 23:00:00,-0.0,15873.654411947797,6966.443077052203
2025-04-02 00:00:00,-0.0,15873.654411947797,6358.430055052204
2025-04-02 01:00:00,-0.0,15873.654411947797,5466.217046052205
2025-04-02 02:00:00,-0.0,15873.654411947797,5049.377369052103
2025-04-02 03:00:00,-0.0,15873.654411947797,4691.541544052203
2025-04-02 04:00:00,-0.0,15873.654411947797,5185.648670052202
2025-04-02 05:00:00,-0.0,15873.654411947797,6379.148363052203
2025-04-02 06:00:00,3443.6570184966645,15873.654411947797,5219.77922755554
2025-04-02 07:00:00,25510.394357,-0.0,-0.0
2025-04-02 08:00:00,24508.904349,-0.0,-0.0
2025-04-02 09:00:00,24037.4284633,-0.0,-0.0
2025-04-02 10:00:00,23617.231145,-0.0,-0.0
2025-04-02 11:00:00,23610.731401,-0.0,-0.0
2025-04-02 12:00:00,23108.987644,-0.0,-0.0
2025-04-02 13:00:00,22898.863768,-0.0,-0.0
2025-04-02 14:00:00,22259.2204183,-0.0,-0.0
2025-04-02 15:00:00,22252.740842,-0.0,-0.0
2025-04-02 16:00:00,21715.178589,-0.0,-0.0
2025-04-02 17:00:00,21551.190861,-0.0,-0.0
2025-04-02 18:00:00,23145.824499,-0.0,-0.0
2025-04-02 19:00:00,5223.035351450698,15873.654411947797,3953.148332601505
2025-04-02 20:00:00,189.75887816464459,15873.654411947797,9262.209472887558
2025-04-02 21:00:00,37.3296153766582,15873.654411947797,8720.894156675546
2025-04-02 22:00:00,-0.0,15873.654411947797,7596.778815052205
2025-04-02 23:00:00,-0.0,15873.654411947797,6478.368637052203
2025-04-03 00:00:00,-0.0,15873.654411947797,5699.9724340522025
2025-04-03 01:00:00,-0.0,15873.654411947797,5342.589852052204
2025-04-03 02:00:00,-0.0,15873.654411947797,4749.338041052202
2025-04-03 03:00:00,-0.0,15873.654411947797,4461.166085052204
2025-04-03 04:00:00,-0.0,15873.654411947797,4849.024739052204
2025-04-03 05:00:00,-0.0,15873.654411947797,6272.442693052204
2025-04-03 06:00:00,6722.441569079847,15873.654411947797,1484.427643972358
2025-04-03 07:00:00,24835.532153,-0.0,-0.0
2025-04-03 08:00:00,24351.721425,-0.0,-0.0
2025-04-03 09:00:00,24446.719922,-0.0,-0.0
2025-04-03 10:00:00,23510.231362,-0.0,-0.0
2025-04-03 11:00:00,23396.660646,-0.0,-0.0
2025-04-03 12:00:00,21591.936899,-0.0,-0.0
2025-04-03 13:00:00,20888.871302,-0.0,-0.0
2025-04-03 14:00:00,20370.876685,-0.0,-0.0
2025-04-03 15:00:00,20587.549205,-0.0,-0.0
2025-04-03 16:00:00,21356.088655,-0.0,-0.0
2025-04-03 17:00:00,22462.5593761,-0.0,-0.0
2025-04-03 18:00:00,23359.492697,-0.0,-0.0
2025-04-03 19:00:00,6041.176088455846,15873.654411947797,3343.886543596358
2025-04-03 20:00:00,-0.0,15873.654411947797,9650.523397052204
2025-04-03 21:00:00,-0.0,15873.654411947797,9142.351170052103
2025-04-03 22:00:00,-0.0,15873.654411947797,7946.569733052203
2025-04-03 23:00:00,-0.0,15873.654411947797,7261.084231052204
2025-04-04 00:00:00,-0.0,15873.654411947797,6484.493468052204
2025-04-04 01:00:00,-0.0,15873.654411947797,5847.172613052202
2025-04-04 02:00:00,-0.0,15873.654411947797,5440.059161052204
2025-04-04 03:00:00,-0.0,15873.654411947797,5188.953600052102
2025-04-04 04:00:00,-0.0,15873.654411947797,5867.335918052204
2025-04-04 05:00:00,-0.0,15873.654411947797,6782.002302052204
2025-04-04 06:00:00,7621.463139400988,15873.654411947797,900.0905516512157
2025-04-04 07:00:00,25138.517034,-0.0,-0.0
2025-04-04 08:00:00,24760.4129933,-0.0,-0.0
2025-04-04 09:00:00,24725.928748,-0.0,-0.0
2025-04-04 10:00:00,23503.775599,-0.0,-0.0
2025-04-04 11:00:00,22526.42155,-0.0,-0.0
2025-04-04 12:00:00,21438.745766,-0.0,-0.0
2025-04-04 13:00:00,21159.544017,-0.0,-0.0
2025-04-04 14:00:00,21575.8838599999,-0.0,-0.0
2025-04-04 15:00:00,21560.616423,-0.0,-0.0
2025-04-04 16:00:00,21425.814139,-0.0,-0.0
2025-04-04 17:00:00,22127.907188,-0.0,-0.0
2025-04-04 18:00:00,23197.960092,-0.0,-0.0
2025-04-04 19:00:00,11086.89576686748,13597.85769613242,-0.0
2025-04-04 20:00:00,326.6341345457116,15873.654411947797,8335.81580650649
2025-04-04 21:00:00,-0.0,15873.654411947797,8230.008675052102
2025-04-04 22:00:00,-0.0,15873.654411947797,7222.615442052202
2025-04-04 23:00:00,-0.0,15873.654411947797,6050.895847052203
2025-04-05 00:00:00,-0.0,15873.654411947797,5706.170440052205
2025-04-05 01:00:00,-0.0,15873.654411947797,4956.253252052202
2025-04-05 02:00:00,-0.0,15873.654411947797,4500.787262052205
2025-04-05 03:00:00,-0.0,15873.654411947797,4122.200059052202
2025-04-05 04:00:00,-0.0,15873.654411947797,4353.146436052202
2025-04-05 05:00:00,-0.0,15873.654411947797,4842.4375870522035
2025-04-05 06:00:00,8616.9195494452,12787.9269395548,-0.0
2025-04-05 07:00:00,21640.8158889999,-0.0,-0.0
2025-04-05 08:00:00,21536.6284609999,-0.0,-0.0
2025-04-05 09:00:00,21325.34232,-0.0,-0.0
2025-04-05 10:00:00,20104.0201563,-0.0,-0.0
2025-04-05 11:00:00,19348.7485934,-0.0,-0.0
2025-04-05 12:00:00,18423.4955591,-0.0,-0.0
2025-04-05 13:00:00,17994.0982502,-0.0,-0.0
2025-04-05 14:00:00,17621.2845574,-0.0,-0.0
2025-04-05 15:00:00,18370.189765,-0.0,-0.0
2025-04-05 16:00:00,19098.8924882,-0.0,-0.0
2025-04-05 17:00:00,20591.057546,-0.0,-0.0
2025-04-05 18:00:00,22257.946437,-0.0,-0.0
2025-04-05 19:00:00,7024.189293374477,15873.654411947797,729.8336096777275
2025-04-05 20:00:00,-0.0,15873.654411947797,7741.240110052202
2025-04-05 21:00:00,-0.0,15873.654411947797,7158.5458550522035
2025-04-05 22:00:00,-0.0,15873.654411947797,6019.138893052203
2025-04-05 23:00:00,-0.0,15873.654411947797,5219.355070052205
2025-04-06 00:00:00,-0.0,15873.654411947797,4676.830554052203
2025-04-06 01:00:00,-0.0,15873.654411947797,3973.7001630521027
2025-04-06 02:00:00,-0.0,15873.654411947797,3461.0379990522033
2025-04-06 03:00:00,-0.0,15873.654411947797,3187.605033052203
2025-04-06 04:00:00,-0.0,15873.654411947797,3380.1221280522022
2025-04-06 05:00:00,-0.0,15873.654411947797,3554.670126052204
2025-04-06 06:00:00,10638.940382347537,9432.049017652462,-0.0
2025-04-06 07:00:00,20645.3831159999,-0.0,-0.0
2025-04-06 08:00:00,21455.4661667,-0.0,-0.0
2025-04-06 09:00:00,20868.02407,-0.0,-0.0
2025-04-06 10:00:00,19914.4582632,-0.0,-0.0
2025-04-06 11:00:00,19148.7103836,-0.0,-0.0
2025-04-06 12:00:00,18608.2470437,-0.0,-0.0
2025-04-06 13:00:00,18415.8530609,-0.0,-0.0
2025-04-06 14:00:00,18577.525508,-0.0,-0.0
2025-04-06 15:00:00,18494.314897,-0.0,-0.0
2025-04-06 16:00:00,19405.9487979999,-0.0,-0.0
2025-04-06 17:00:00,21089.6534709999,-0.0,-0.0
2025-04-06 18:00:00,22391.989072,-0.0,-0.0
2025-04-06 19:00:00,5907.411633356114,15873.654411947797,2369.679924696089
2025-04-06 20:00:00,-0.0,15873.654411947797,8280.716900052203
2025-04-06 21:00:00,-0.0,15873.654411947797,7670.248267052202
2025-04-06 22:00:00,-0.0,15873.654411947797,6375.579067052202
2025-04-06 23:00:00,-0.0,15873.654411947797,5029.720799052202
2025-04-07 00:00:00,-0.0,15873.654411947797,4336.263384052205
2025-04-07 01:00:00,-0.0,15873.654411947797,3880.699850052204
2025-04-07 02:00:00,-0.0,15873.654411947797,3114.2216170522024
2025-04-07 03:00:00,-0.0,15873.654411947797,2895.138373052103
2025-04-07 04:00:00,-0.0,15873.654411947797,3517.331354052103
2025-04-07 05:00:00,-0.0,15873.654411947797,5031.498086052203
2025-04-07 06:00:00,11264.211439906543,11529.093671093458,-0.0
2025-04-07 07:00:00,23786.591613,-0.0,-0.0
2025-04-07 08:00:00,24412.9341052,-0.0,-0.0
2025-04-07 09:00:00,25140.587929,-0.0,-0.0
2025-04-07 10:00:00,24723.023127,-0.0,-0.0
2025-04-07 11:00:00,23714.894641,-0.0,-0.0
2025-04-07 12:00:00,23816.279049,-0.0,-0.0
2025-04-07 13:00:00,22921.07762,-0.0,-0.0
2025-04-07 14:00:00,22987.204242,-0.0,-0.0
2025-04-07 15:00:00,23267.052797,-0.0,-0.0
2025-04-07 16:00:00,23034.127562,-0.0,-0.0
2025-04-07 17:00:00,23514.2588391,-0.0,-0.0
2025-04-07 18:00:00,24911.264608,-0.0,-0.0
2025-04-07 19:00:00,5055.052082255718,15873.654411947797,5187.348818796384
2025-04-07 20:00:00,-0.0,15873.654411947797,10155.736700052103
2025-04-07 21:00:00,-0.0,15873.654411947797,9366.364453052201
2025-04-07 22:00:00,-0.0,15873.654411947797,7822.360145052202
2025-04-07 23:00:00,-0.0,15873.654411947797,6525.491352052204
2025-04-08 00:00:00,-0.0,15873.654411947797,5721.747918052204
2025-04-08 01:00:00,-0.0,15873.654411947797,5018.226086052202
2025-04-08 02:00:00,-0.0,15873.654411947797,4644.0904920522025
2025-04-08 03:00:00,-0.0,15873.654411947797,4281.495181052202
2025-04-08 04:00:00,-0.0,15873.654411947797,4280.352993052204
2025-04-08 05:00:00,-0.0,15873.654411947797,5501.296142052202
2025-04-08 06:00:00,9310.628235194781,13853.157654805218,-0.0
2025-04-08 07:00:00,24173.353465,-0.0,-0.0
2025-04-08 08:00:00,24479.6381283,-0.0,-0.0
2025-04-08 09:00:00,24868.631948,-0.0,-0.0
2025-04-08 10:00:00,24388.081358,-0.0,-0.0
2025-04-08 11:00:00,23195.638363,-0.0,-0.0
2025-04-08 12:00:00,22051.3266559999,-0.0,-0.0
2025-04-08 13:00:00,22061.758405,-0.0,-0.0
2025-04-08 14:00:00,21490.295448,-0.0,-0.0
2025-04-08 15:00:00,21887.240768,-0.0,-0.0
2025-04-08 16:00:00,22409.039663,-0.0,-0.0
2025-04-08 17:00:00,23425.4708817,-0.0,-0.0
2025-04-08 18:00:00,24982.56494,-0.0,-0.0
2025-04-08 19:00:00,6871.760030586495,15873.654411947797,3525.4765314657097
2025-04-08 20:00:00,-0.0,15873.654411947797,10472.416552052202
2025-04-08 21:00:00,-0.0,15873.654411947797,9756.237538052103
2025-04-08 22:00:00,-0.0,15873.654411947797,8344.407481052202
2025-04-08 23:00:00,-0.0,15873.654411947797,6736.620677052202
2025-04-09 00:00:00,-0.0,15873.654411947797,6110.477278052202
2025-04-09 01:00:00,-0.0,15873.654411947797,5504.073614052204
2025-04-09 02:00:00,-0.0,15873.654411947797,4808.244057052203
2025-04-09 03:00:00,-0.0,15873.654411947797,4382.987471052204
2025-04-09 04:00:00,-0.0,15873.654411947797,4464.454334052103
2025-04-09 05:00:00,-0.0,15873.654411947797,5560.980352052202
2025-04-09 06:00:00,12844.498490851767,10265.996500148232,-0.0
2025-04-09 07:00:00,24100.247194,-0.0,-0.0
2025-04-09 08:00:00,24752.947661,-0.0,-0.0
2025-04-09 09:00:00,24778.088083,-0.0,-0.0
2025-04-09 10:00:00,24635.857964,-0.0,-0.0
2025-04-09 11:00:00,24479.354076,-0.0,-0.0
2025-04-09 12:00:00,23416.774403,-0.0,-0.0
2025-04-09 13:00:00,23164.638936,-0.0,-0.0
2025-04-09 14:00:00,23096.04696,-0.0,-0.0
2025-04-09 15:00:00,23544.150732,-0.0,-0.0
2025-04-09 16:00:00,23843.175527,-0.0,-0.0
2025-04-09 17:00:00,25062.9284243,-0.0,-0.0
2025-04-09 18:00:00,26824.1787139999,-0.0,-0.0
2025-04-09 19:00:00,8694.689581479939,15873.654411947797,3006.2266225721633
2025-04-09 20:00:00,-0.0,15873.654411947797,11391.988175052202
2025-04-09 21:00:00,-0.0,15873.654411947797,10671.615754052202
2025-04-09 22:00:00,-0.0,15873.654411947797,9052.958413052203
2025-04-09 23:00:00,-0.0,15873.654411947797,7404.353847052202
2025-04-10 00:00:00,-0.0,15873.654411947797,6577.563658052202
2025-04-10 01:00:00,-0.0,15873.654411947797,5628.522813052203
2025-04-10 02:00:00,-0.0,15873.654411947797,4945.432093052203
2025-04-10 03:00:00,-0.0,15873.654411947797,4396.362226052204
2025-04-10 04:00:00,-0.0,15873.654411947797,4250.276972052203
2025-04-10 05:00:00,-0.0,15873.654411947797,5139.213887052205
2025-04-10 06:00:00,14169.699836723106,8041.015496276894,-0.0
2025-04-10 07:00:00,23682.391722,-0.0,-0.0
2025-04-10 08:00:00,24428.473935,-0.0,-0.0
2025-04-10 09:00:00,25202.002785,-0.0,-0.0
2025-04-10 10:00:00,24650.625739,-0.0,-0.0
2025-04-10 11:00:00,23406.1216326,-0.0,-0.0
2025-04-10 12:00:00,22427.564559,-0.0,-0.0
2025-04-10 13:00:00,22632.79769,-0.0,-0.0
2025-04-10 14:00:00,22803.4733641,-0.0,-0.0
2025-04-10 15:00:00,23586.5713926,-0.0,-0.0
2025-04-10 16:00:00,25171.0239773,-0.0,-0.0
2025-04-10 17:00:00,26153.149022,-0.0,-0.0
2025-04-10 18:00:00,26958.357177,-0.0,-0.0
2025-04-10 19:00:00,7434.8150625176795,15873.654411947797,4490.542055534524
2025-04-10 20:00:00,-0.0,15873.654411947797,11730.171877052204
2025-04-10 21:00:00,-0.0,15873.654411947797,10876.326563052202
2025-04-10 22:00:00,-0.0,15873.654411947797,9107.351563052203
2025-04-10 23:00:00,-0.0,15873.654411947797,7588.667609052203
2025-04-11 00:00:00,-0.0,15873.654411947797,6695.489774052205
2025-04-11 01:00:00,-0.0,15873.654411947797,6026.755429052204
2025-04-11 02:00:00,-0.0,15873.654411947797,5752.988898052203
2025-04-11 03:00:00,-0.0,15873.654411947797,5372.153776052202
2025-04-11 04:00:00,-0.0,15873.654411947797,4700.423550052203
2025-04-11 05:00:00,-0.0,15873.654411947797,5718.190912052205
2025-04-11 06:00:00,16739.221695149787,5998.479814850212,-0.0
2025-04-11 07:00:00,24062.1195879999,-0.0,-0.0
2025-04-11 08:00:00,25189.8855294,-0.0,-0.0
2025-04-11 09:00:00,25751.6203843999,-0.0,-0.0
2025-04-11 10:00:00,26165.210156,-0.0,-0.0
2025-04-11 11:00:00,25725.08892,-0.0,-0.0
2025-04-11 12:00:00,24240.1125,-0.0,-0.0
2025-04-11 13:00:00,25315.405747,-0.0,-0.0
2025-04-11 14:00:00,25004.585582,-0.0,-0.0
2025-04-11 15:00:00,25190.4737599999,-0.0,-0.0
2025-04-11 16:00:00,25638.129319,-0.0,-0.0
2025-04-11 17:00:00,26083.3268799,-0.0,-0.0
2025-04-11 18:00:00,27094.708546,-0.0,-0.0
2025-04-11 19:00:00,7944.986472665365,15873.654411947797,3739.1110183868386
2025-04-11 20:00:00,-0.0,15873.654411947797,11424.324773052203
2025-04-11 21:00:00,-0.0,15873.654411947797,10662.393935052203
2025-04-11 22:00:00,-0.0,15873.654411947797,9494.604484052203
2025-04-11 23:00:00,-0.0,15873.654411947797,8167.766275052205
2025-04-12 00:00:00,-0.0,15873.654411947797,7187.035343052203
2025-04-12 01:00:00,-0.0,15873.654411947797,6115.094343052204
2025-04-12 02:00:00,-0.0,15873.654411947797,5277.517200052202
2025-04-12 03:00:00,-0.0,15873.654411947797,4677.729572052203
2025-04-12 04:00:00,-0.0,15873.654411947797,4295.410798052204
2025-04-12 05:00:00,-0.0,15873.654411947797,4471.890272052204
2025-04-12 06:00:00,11472.6351257596,9057.3164522404,-0.0
2025-04-12 07:00:00,21755.898287,-0.0,-0.0
2025-04-12 08:00:00,23179.9005435,-0.0,-0.0
2025-04-12 09:00:00,23022.101367,-0.0,-0.0
2025-04-12 10:00:00,21637.659978,-0.0,-0.0
2025-04-12 11:00:00,21925.4788019999,-0.0,-0.0
2025-04-12 12:00:00,21269.735329,-0.0,-0.0
2025-04-12 13:00:00,20746.600908,-0.0,-0.0
2025-04-12 14:00:00,20048.452954,-0.0,-0.0
2025-04-12 15:00:00,19819.099903,-0.0,-0.0
2025-04-12 16:00:00,20424.704563,-0.0,-0.0
2025-04-12 17:00:00,22537.81162,-0.0,-0.0
2025-04-12 18:00:00,23808.410278,-0.0,-0.0
2025-04-12 19:00:00,7929.43246625845,15873.654411947797,846.043430793753
2025-04-12 20:00:00,-0.0,15873.654411947797,9139.679565052202
2025-04-12 21:00:00,-0.0,15873.654411947797,8533.898141052205
2025-04-12 22:00:00,-0.0,15873.654411947797,7520.3851590522045
2025-04-12 23:00:00,-0.0,15873.654411947797,6425.841359052103
2025-04-13 00:00:00,-0.0,15873.654411947797,5735.813039052204
2025-04-13 01:00:00,-0.0,15873.654411947797,4915.802180052202
2025-04-13 02:00:00,-0.0,15873.654411947797,4125.789603052204
2025-04-13 03:00:00,-0.0,15873.654411947797,3537.1785070522037
2025-04-13 04:00:00,-0.0,15873.654411947797,3184.917675052204
2025-04-13 05:00:00,-0.0,15873.654411947797,3525.568222052103
2025-04-13 06:00:00,14207.029452099767,5483.518804900232,-0.0
2025-04-13 07:00:00,19639.783094,-0.0,-0.0
2025-04-13 08:00:00,21470.6380614999,-0.0,-0.0
2025-04-13 09:00:00,22368.947586,-0.0,-0.0
2025-04-13 10:00:00,21540.695095,-0.0,-0.0
2025-04-13 11:00:00,20561.521995,-0.0,-0.0
2025-04-13 12:00:00,19970.708156,-0.0,-0.0
2025-04-13 13:00:00,19185.960133,-0.0,-0.0
2025-04-13 14:00:00,18702.0843409999,-0.0,-0.0
2025-04-13 15:00:00,18726.3118279999,-0.0,-0.0
2025-04-13 16:00:00,19776.251078,-0.0,-0.0
2025-04-13 17:00:00,21310.0261383,-0.0,-0.0
2025-04-13 18:00:00,23405.196343,-0.0,-0.0
2025-04-13 19:00:00,18341.28435506468,6808.07419193532,-0.0
2025-04-13 20:00:00,8038.31051110702,15873.654411947797,1516.2885129451824
2025-04-13 21:00:00,2134.0096790322414,15873.654411947797,6441.510762019962
2025-04-13 22:00:00,-0.0,15873.654411947797,7163.686220052203
2025-04-13 23:00:00,-0.0,15873.654411947797,5814.097506052205
2025-04-14 00:00:00,-0.0,15873.654411947797,5341.950767052202
2025-04-14 01:00:00,-0.0,15873.654411947797,4577.439755052203
2025-04-14 02:00:00,-0.0,15873.654411947797,4196.5360760522035
2025-04-14 03:00:00,-0.0,15873.654411947797,3920.442612052202
2025-04-14 04:00:00,-0.0,15873.654411947797,4241.078962052203
2025-04-14 05:00:00,-0.0,15873.654411947797,5104.136720052202
2025-04-14 06:00:00,17849.77775260532,4668.501120394678,-0.0
2025-04-14 07:00:00,23542.433704,-0.0,-0.0
2025-04-14 08:00:00,24745.037972,-0.0,-0.0
2025-04-14 09:00:00,24419.71756429,-0.0,-0.0
2025-04-14 10:00:00,25064.7637541,-0.0,-0.0
2025-04-14 11:00:00,24251.7236652,-0.0,-0.0
2025-04-14 12:00:00,24042.0990413,-0.0,-0.0
2025-04-14 13:00:00,24703.0268055,-0.0,-0.0
2025-04-14 14:00:00,25105.2922967,-0.0,-0.0
2025-04-14 15:00:00,23644.3184452,-0.0,-0.0
2025-04-14 16:00:00,23417.0446274,-0.0,-0.0
2025-04-14 17:00:00,24427.309472,-0.0,-0.0
2025-04-14 18:00:00,25313.990838,-0.0,-0.0
2025-04-14 19:00:00,7627.684741963819,15873.654411947797,2920.217582088383
2025-04-14 20:00:00,-0.0,15873.654411947797,10527.284325052102
2025-04-14 21:00:00,-0.0,15873.654411947797,9607.740929052203
2025-04-14 22:00:00,-0.0,15873.654411947797,8363.395315052205
2025-04-14 23:00:00,-0.0,15873.654411947797,7392.407375052202
2025-04-15 00:00:00,-0.0,15873.654411947797,6388.558980052205
2025-04-15 01:00:00,-0.0,15873.654411947797,5626.185736052203
2025-04-15 02:00:00,-0.0,15873.654411947797,5074.226764052202
2025-04-15 03:00:00,-0.0,15873.654411947797,4637.962064052203
2025-04-15 04:00:00,-0.0,15873.654411947797,4758.112284052202
2025-04-15 05:00:00,-0.0,15873.654411947797,5968.292992052202
2025-04-15 06:00:00,23215.909963,-0.0,-0.0
2025-04-15 07:00:00,24731.515504,-0.0,-0.0
2025-04-15 08:00:00,26468.79139311,-0.0,-0.0
2025-04-15 09:00:00,27244.2819097,-0.0,-0.0
2025-04-15 10:00:00,26696.3581899,-0.0,-0.0
2025-04-15 11:00:00,26017.351841,-0.0,-0.0
2025-04-15 12:00:00,25080.206456,-0.0,-0.0
2025-04-15 13:00:00,24657.332013,-0.0,-0.0
2025-04-15 14:00:00,24581.978776,-0.0,-0.0
2025-04-15 15:00:00,24040.0099769999,-0.0,-0.0
2025-04-15 16:00:00,24507.5929262,-0.0,-0.0
2025-04-15 17:00:00,24086.3166776,-0.0,-0.0
2025-04-15 18:00:00,25372.323925,-0.0,-0.0
2025-04-15 19:00:00,6887.31403699341,15873.654411947797,3401.8152970587944
2025-04-15 20:00:00,-0.0,15873.654411947797,10381.064111052203
2025-04-15 21:00:00,-0.0,15873.654411947797,9949.051483052202
2025-04-15 22:00:00,-0.0,15873.654411947797,8235.196910052202
2025-04-15 23:00:00,-0.0,15873.654411947797,7106.794174052202
2025-04-16 00:00:00,-0.0,15873.654411947797,6178.979378052203
2025-04-16 01:00:00,-0.0,15873.654411947797,5482.828961052202
2025-04-16 02:00:00,-0.0,15873.654411947797,4870.510828052202
2025-04-16 03:00:00,-0.0,15873.654411947797,4814.827550052103
2025-04-16 04:00:00,-0.0,15873.654411947797,5298.9289470522035
2025-04-16 05:00:00,-0.0,15873.654411947797,5848.282192052202
2025-04-16 06:00:00,23060.3698989306,49.19809806939884,-0.0
2025-04-16 07:00:00,24895.7521749999,-0.0,-0.0
2025-04-16 08:00:00,26119.5292939,-0.0,-0.0
2025-04-16 09:00:00,26890.4915257,-0.0,-0.0
2025-04-16 10:00:00,27334.5933533,-0.0,-0.0
2025-04-16 11:00:00,27101.769495,-0.0,-0.0
2025-04-16 12:00:00,26811.87469,-0.0,-0.0
2025-04-16 13:00:00,26158.008516,-0.0,-0.0
2025-04-16 14:00:00,24883.0861979999,-0.0,-0.0
2025-04-16 15:00:00,23886.501472,-0.0,-0.0
2025-04-16 16:00:00,23464.891903,-0.0,-0.0
2025-04-16 17:00:00,23434.806544,-0.0,-0.0
2025-04-16 18:00:00,24277.1890949999,-0.0,-0.0
2025-04-16 19:00:00,11341.981471941283,14432.514389058717,-0.0
2025-04-16 20:00:00,914.5755767280572,15873.654411947797,9340.759407324045
2025-04-16 21:00:00,276.8613140434687,15873.654411947797,9442.775301008734
2025-04-16 22:00:00,360.85294864095823,15873.654411947797,8242.465760411244
2025-04-16 23:00:00,363.9637499223736,15873.654411947797,6920.206326129828
2025-04-17 00:00:00,376.40695504795457,15873.654411947797,6001.64195500425
2025-04-17 01:00:00,398.18256401762017,15873.654411947797,4986.241244034582
2025-04-17 02:00:00,382.6285576107046,15873.654411947797,4372.978850441498
2025-04-17 03:00:00,304.85852557596525,15873.654411947797,4099.908998476237
2025-04-17 04:00:00,339.0773396712925,15873.654411947797,4277.39512538091
2025-04-17 05:00:00,329.74493582712705,15873.654411947797,5478.639154225076
2025-04-17 06:00:00,23149.12591,-0.0,-0.0
2025-04-17 07:00:00,26017.5625149999,-0.0,-0.0
2025-04-17 08:00:00,27637.477139,-0.0,-0.0
2025-04-17 09:00:00,28444.28741,-0.0,-0.0
2025-04-17 10:00:00,28131.4809226,-0.0,-0.0
2025-04-17 11:00:00,27597.5981087,-0.0,-0.0
2025-04-17 12:00:00,27245.6772347,-0.0,-0.0
2025-04-17 13:00:00,26248.1350003,-0.0,-0.0
2025-04-17 14:00:00,25489.409401,-0.0,-0.0
2025-04-17 15:00:00,24731.878426,-0.0,-0.0
2025-04-17 16:00:00,23933.1658836,-0.0,-0.0
2025-04-17 17:00:00,23171.427902,-0.0,-0.0
2025-04-17 18:00:00,24201.592351,-0.0,-0.0
2025-04-17 19:00:00,6638.449934482357,15873.654411947797,2613.327443569845
2025-04-17 20:00:00,-0.0,15873.654411947797,9470.827475052205
2025-04-17 21:00:00,-0.0,15873.654411947797,9255.951512052203
2025-04-17 22:00:00,-0.0,15873.654411947797,8298.876437052202
2025-04-17 23:00:00,-0.0,15873.654411947797,6956.059655052204
2025-04-18 00:00:00,-0.0,15873.654411947797,6647.120924052202
2025-04-18 01:00:00,-0.0,15873.654411947797,5865.965797052204
2025-04-18 02:00:00,-0.0,15873.654411947797,5073.789225052204
2025-04-18 03:00:00,-0.0,15873.654411947797,4622.309732052103
2025-04-18 04:00:00,-0.0,15873.654411947797,4813.638033052202
2025-04-18 05:00:00,-0.0,15873.654411947797,5886.1734390522015
2025-04-18 06:00:00,23012.498977,-0.0,-0.0
2025-04-18 07:00:00,24972.2871089999,-0.0,-0.0
2025-04-18 08:00:00,26254.740396,-0.0,-0.0
2025-04-18 09:00:00,26637.2848328,-0.0,-0.0
2025-04-18 10:00:00,26338.4410825,-0.0,-0.0
2025-04-18 11:00:00,25574.7226658999,-0.0,-0.0
2025-04-18 12:00:00,24665.346917,-0.0,-0.0
2025-04-18 13:00:00,23764.04154,-0.0,-0.0
2025-04-18 14:00:00,22945.961722,-0.0,-0.0
2025-04-18 15:00:00,21514.067345,-0.0,-0.0
2025-04-18 16:00:00,21792.447632,-0.0,-0.0
2025-04-18 17:00:00,23842.7064758,-0.0,-0.0
2025-04-18 18:00:00,23697.006477,-0.0,-0.0
2025-04-18 19:00:00,12269.000253794922,12677.086306205078,-0.0
2025-04-18 20:00:00,68.43762819054002,15873.654411947797,9379.806389861664
2025-04-18 21:00:00,245.7533012296376,15873.654411947797,8987.065560822566
2025-04-18 22:00:00,292.41532045046506,15873.654411947797,7567.684676601739
2025-04-18 23:00:00,307.9693268573806,15873.654411947797,6101.581984194821
2025-04-19 00:00:00,320.4125319829616,15873.654411947797,5781.353367069243
2025-04-19 01:00:00,329.74493582712705,15873.654411947797,5025.363105225076
2025-04-19 02:00:00,335.96653838987714,15873.654411947797,4503.572620662326
2025-04-19 03:00:00,304.85852557596525,15873.654411947797,4221.3095364762385
2025-04-19 04:00:00,307.9693268573806,15873.654411947797,3980.2077031948215
2025-04-19 05:00:00,261.30730763655316,15873.654411947797,4476.037054415649
2025-04-19 06:00:00,21062.0868869999,-0.0,-0.0
2025-04-19 07:00:00,22052.080968,-0.0,-0.0
2025-04-19 08:00:00,22702.5842017,-0.0,-0.0
2025-04-19 09:00:00,22193.0523494999,-0.0,-0.0
2025-04-19 10:00:00,20592.218684,-0.0,-0.0
2025-04-19 11:00:00,19837.1349095,-0.0,-0.0
2025-04-19 12:00:00,19311.4517199,-0.0,-0.0
2025-04-19 13:00:00,18893.6887846,-0.0,-0.0
2025-04-19 14:00:00,18041.272454,-0.0,-0.0
2025-04-19 15:00:00,18211.1220489999,-0.0,-0.0
2025-04-19 16:00:00,19132.1733189999,-0.0,-0.0
2025-04-19 17:00:00,20952.0099034,-0.0,-0.0
2025-04-19 18:00:00,22388.355076,-0.0,-0.0
2025-04-19 19:00:00,16851.210541279775,6888.723458720226,-0.0
2025-04-19 20:00:00,77.77003203470458,15873.654411947797,7905.5042800175
2025-04-19 21:00:00,223.97769225989117,15873.654411947797,7203.170395792212
2025-04-19 22:00:00,273.75051276213406,15873.654411947797,6264.8525162900705
2025-04-19 23:00:00,180.42647432047912,15873.654411947797,5241.357681731725
2025-04-20 00:00:00,255.08570507380307,15873.654411947797,4927.367036978401
2025-04-20 01:00:00,279.97211532488416,15873.654411947797,4561.804169727319
2025-04-20 02:00:00,233.31009610405667,15873.654411947797,3909.2892769481473
2025-04-20 03:00:00,261.30730763655316,15873.654411947797,3593.50288141565
2025-04-20 04:00:00,223.97769225989117,15873.654411947797,3394.9245767923103
2025-04-20 05:00:00,211.53448713439101,15873.654411947797,3641.319497917814
2025-04-20 06:00:00,19901.563637,-0.0,-0.0
2025-04-20 07:00:00,21129.952199,-0.0,-0.0
2025-04-20 08:00:00,21719.550103,-0.0,-0.0
2025-04-20 09:00:00,20626.0468944,-0.0,-0.0
2025-04-20 10:00:00,19754.881284,-0.0,-0.0
2025-04-20 11:00:00,18394.671348,-0.0,-0.0
2025-04-20 12:00:00,17208.890273,-0.0,-0.0
2025-04-20 13:00:00,16686.5132552,-0.0,-0.0
2025-04-20 14:00:00,16179.184133,-0.0,-0.0
2025-04-20 15:00:00,16586.036781,-0.0,-0.0
2025-04-20 16:00:00,18125.604215,-0.0,-0.0
2025-04-20 17:00:00,20150.1998881999,-0.0,-0.0
2025-04-20 18:00:00,21523.199203,-0.0,-0.0
2025-04-20 19:00:00,16593.01403492456,6665.860510075439,-0.0
2025-04-20 20:00:00,71.54842947192822,15873.654411947797,7807.440875580274
2025-04-20 21:00:00,245.7533012296376,15873.654411947797,7433.012663822565
2025-04-20 22:00:00,379.51775632928917,15873.654411947797,6194.7353747228135
2025-04-20 23:00:00,404.40416658045103,15873.654411947797,5086.002909471752
2025-04-21 00:00:00,410.6257691432011,15873.654411947797,4320.236412909003
2025-04-21 01:00:00,385.73935889212004,15873.654411947797,4651.759196160085
2025-04-21 02:00:00,391.96096145487013,15873.654411947797,3809.8731605973335
2025-04-21 03:00:00,379.51775632928917,15873.654411947797,3552.901719722913
2025-04-21 04:00:00,357.7421473596236,15873.654411947797,3845.3479756924794
2025-04-21 05:00:00,367.07455120378904,15873.654411947797,5017.428169848415
2025-04-21 06:00:00,22062.952658,-0.0,-0.0
2025-04-21 07:00:00,23875.046636,-0.0,-0.0
2025-04-21 08:00:00,24595.4145416,-0.0,-0.0
2025-04-21 09:00:00,23874.662167,-0.0,-0.0
2025-04-21 10:00:00,23480.047537,-0.0,-0.0
2025-04-21 11:00:00,22733.748183,-0.0,-0.0
2025-04-21 12:00:00,22507.721166,-0.0,-0.0
2025-04-21 13:00:00,22856.001525,-0.0,-0.0
2025-04-21 14:00:00,22446.7468739999,-0.0,-0.0
2025-04-21 15:00:00,22100.045633,-0.0,-0.0
2025-04-21 16:00:00,22517.873602,-0.0,-0.0
2025-04-21 17:00:00,23999.120653,-0.0,-0.0
2025-04-21 18:00:00,25744.956752,-0.0,-0.0
2025-04-21 19:00:00,17072.07743225833,9808.47205874167,-0.0
2025-04-21 20:00:00,-0.0,15873.654411947797,11167.876152052204
2025-04-21 21:00:00,-0.0,15873.654411947797,10360.357402052205
2025-04-21 22:00:00,-0.0,15873.654411947797,8892.689800052203
2025-04-21 23:00:00,-0.0,15873.654411947797,7295.241363052102
2025-04-22 00:00:00,-0.0,15873.654411947797,6355.547619052204
2025-04-22 01:00:00,-0.0,15873.654411947797,5508.673310052205
2025-04-22 02:00:00,-0.0,15873.654411947797,4831.053979052203
2025-04-22 03:00:00,-0.0,15873.654411947797,4405.203022052205
2025-04-22 04:00:00,-0.0,15873.654411947797,4896.389891052202
2025-04-22 05:00:00,-0.0,15873.654411947797,5894.479280052203
2025-04-22 06:00:00,22888.9258849999,-0.0,-0.0
2025-04-22 07:00:00,24352.901213,-0.0,-0.0
2025-04-22 08:00:00,24058.987712,-0.0,-0.0
2025-04-22 09:00:00,23394.4503039999,-0.0,-0.0
2025-04-22 10:00:00,22445.647222,-0.0,-0.0
2025-04-22 11:00:00,21941.028735,-0.0,-0.0
2025-04-22 12:00:00,21480.215587,-0.0,-0.0
2025-04-22 13:00:00,22500.468564,-0.0,-0.0
2025-04-22 14:00:00,22417.663242,-0.0,-0.0
2025-04-22 15:00:00,23096.205731,-0.0,-0.0
2025-04-22 16:00:00,23664.504657,-0.0,-0.0
2025-04-22 17:00:00,24013.484374,-0.0,-0.0
2025-04-22 18:00:00,25394.34749,-0.0,-0.0
2025-04-22 19:00:00,16188.609868344107,10313.798988655892,-0.0
2025-04-22 20:00:00,-0.0,15873.654411947797,11100.767644052203
2025-04-22 21:00:00,-0.0,15873.654411947797,10259.200398052204
2025-04-22 22:00:00,-0.0,15873.654411947797,8680.650328052203
2025-04-22 23:00:00,-0.0,15873.654411947797,7166.479504052202
2025-04-23 00:00:00,-0.0,15873.654411947797,6471.567842052204
2025-04-23 01:00:00,-0.0,15873.654411947797,5804.778348052203
2025-04-23 02:00:00,-0.0,15873.654411947797,5583.502092052202
2025-04-23 03:00:00,-0.0,15873.654411947797,4929.839042052203
2025-04-23 04:00:00,-0.0,15873.654411947797,5199.459403052204
2025-04-23 05:00:00,-0.0,15873.654411947797,6408.776231052203
2025-04-23 06:00:00,23573.243846,-0.0,-0.0
2025-04-23 07:00:00,25166.9800424,-0.0,-0.0
2025-04-23 08:00:00,26223.0873279999,-0.0,-0.0
2025-04-23 09:00:00,25747.445965,-0.0,-0.0
2025-04-23 10:00:00,25685.274645,-0.0,-0.0
2025-04-23 11:00:00,24805.574474,-0.0,-0.0
2025-04-23 12:00:00,23808.573897,-0.0,-0.0
2025-04-23 13:00:00,23796.091699,-0.0,-0.0
2025-04-23 14:00:00,22968.500755,-0.0,-0.0
2025-04-23 15:00:00,21697.774891,-0.0,-0.0
2025-04-23 16:00:00,22038.324725,-0.0,-0.0
2025-04-23 17:00:00,23258.312224,-0.0,-0.0
2025-04-23 18:00:00,24869.3703982999,-0.0,-0.0
2025-04-23 19:00:00,17896.43977182615,8570.98067817375,-0.0
2025-04-23 20:00:00,426.17977555011663,15873.654411947797,10242.272831502085
2025-04-23 21:00:00,-0.0,15873.654411947797,9884.828581052205
2025-04-23 22:00:00,-0.0,15873.654411947797,8509.543201052204
2025-04-23 23:00:00,-0.0,15873.654411947797,7006.950726052202
2025-04-24 00:00:00,-0.0,15873.654411947797,6682.206427052204
2025-04-24 01:00:00,-0.0,15873.654411947797,5891.942396052202
2025-04-24 02:00:00,-0.0,15873.654411947797,5398.230531052102
2025-04-24 03:00:00,-0.0,15873.654411947797,4995.367443052202
2025-04-24 04:00:00,-0.0,15873.654411947797,5192.287422052204
2025-04-24 05:00:00,-0.0,15873.654411947797,6312.009632052204
2025-04-24 06:00:00,23568.410005,-0.0,-0.0
2025-04-24 07:00:00,25257.0920664,-0.0,-0.0
2025-04-24 08:00:00,26125.492154,-0.0,-0.0
2025-04-24 09:00:00,25894.688517,-0.0,-0.0
2025-04-24 10:00:00,25483.488383,-0.0,-0.0
2025-04-24 11:00:00,24578.052733,-0.0,-0.0
2025-04-24 12:00:00,23711.60576,-0.0,-0.0
2025-04-24 13:00:00,23126.340858,-0.0,-0.0
2025-04-24 14:00:00,22631.771199,-0.0,-0.0
2025-04-24 15:00:00,22357.821847,-0.0,-0.0
2025-04-24 16:00:00,23401.618755,-0.0,-0.0
2025-04-24 17:00:00,23514.376287,-0.0,-0.0
2025-04-24 18:00:00,24689.6139834,-0.0,-0.0
2025-04-24 19:00:00,10959.352914330499,14622.3365116694,-0.0
2025-04-24 20:00:00,-0.0,15873.654411947797,10020.689022052202
2025-04-24 21:00:00,-0.0,15873.654411947797,9531.066310052202
2025-04-24 22:00:00,-0.0,15873.654411947797,8550.468576052202
2025-04-24 23:00:00,-0.0,15873.654411947797,7430.0867230522035
2025-04-25 00:00:00,-0.0,15873.654411947797,6975.957654052205
2025-04-25 01:00:00,-0.0,15873.654411947797,6047.428401052102
2025-04-25 02:00:00,-0.0,15873.654411947797,5237.430316052205
2025-04-25 03:00:00,-0.0,15873.654411947797,5202.151056052202
2025-04-25 04:00:00,-0.0,15873.654411947797,5305.4442760522015
2025-04-25 05:00:00,-0.0,15873.654411947797,6114.964023052204
2025-04-25 06:00:00,23382.497164,-0.0,-0.0
2025-04-25 07:00:00,24948.832046,-0.0,-0.0
2025-04-25 08:00:00,26435.411693,-0.0,-0.0
2025-04-25 09:00:00,27251.150735,-0.0,-0.0
2025-04-25 10:00:00,26557.772188,-0.0,-0.0
2025-04-25 11:00:00,26757.0139400999,-0.0,-0.0
2025-04-25 12:00:00,26269.845594,-0.0,-0.0
2025-04-25 13:00:00,25220.979377,-0.0,-0.0
2025-04-25 14:00:00,26010.104216,-0.0,-0.0
2025-04-25 15:00:00,25078.364454,-0.0,-0.0
2025-04-25 16:00:00,23421.572738,-0.0,-0.0
2025-04-25 17:00:00,22867.7216033,-0.0,-0.0
2025-04-25 18:00:00,23602.857879,-0.0,-0.0
2025-04-25 19:00:00,15025.170189104914,9820.899473895084,-0.0
2025-04-25 20:00:00,-0.0,15873.654411947797,9491.341663052202
2025-04-25 21:00:00,-0.0,15873.654411947797,9147.284927052204
2025-04-25 22:00:00,-0.0,15873.654411947797,8418.765297052103
2025-04-25 23:00:00,-0.0,15873.654411947797,7101.488745052202
2025-04-26 00:00:00,-0.0,15873.654411947797,6421.880244052203
2025-04-26 01:00:00,-0.0,15873.654411947797,5789.209044052202
2025-04-26 02:00:00,-0.0,15873.654411947797,4913.0187530522035
2025-04-26 03:00:00,-0.0,15873.654411947797,4264.773397052204
2025-04-26 04:00:00,-0.0,15873.654411947797,4226.486161052204
2025-04-26 05:00:00,-0.0,15873.654411947797,4649.229116052202
2025-04-26 06:00:00,21211.879757,-0.0,-0.0
2025-04-26 07:00:00,22932.495903,-0.0,-0.0
2025-04-26 08:00:00,24172.0428259999,-0.0,-0.0
2025-04-26 09:00:00,23638.386805,-0.0,-0.0
2025-04-26 10:00:00,23157.827723,-0.0,-0.0
2025-04-26 11:00:00,23986.673451,-0.0,-0.0
2025-04-26 12:00:00,23820.986092,-0.0,-0.0
2025-04-26 13:00:00,22875.75889355,-0.0,-0.0
2025-04-26 14:00:00,21978.7298647,-0.0,-0.0
2025-04-26 15:00:00,22002.9440771,-0.0,-0.0
2025-04-26 16:00:00,21169.4184043,-0.0,-0.0
2025-04-26 17:00:00,21491.540595,-0.0,-0.0
2025-04-26 18:00:00,21867.403768,-0.0,-0.0
2025-04-26 19:00:00,8511.152305878046,14700.267132121853,-0.0
2025-04-26 20:00:00,-0.0,15873.654411947797,7776.591469052202
2025-04-26 21:00:00,-0.0,15873.654411947797,7508.242321052103
2025-04-26 22:00:00,-0.0,15873.654411947797,6850.716064052203
2025-04-26 23:00:00,-0.0,15873.654411947797,6366.153890052103
2025-04-27 00:00:00,-0.0,15873.654411947797,6019.698577052202
2025-04-27 01:00:00,-0.0,15873.654411947797,5347.760077052202
2025-04-27 02:00:00,-0.0,15873.654411947797,4644.155366052202
2025-04-27 03:00:00,-0.0,15873.654411947797,4139.1082690522035
2025-04-27 04:00:00,-0.0,15873.654411947797,4170.489262052202
2025-04-27 05:00:00,-0.0,15873.654411947797,4249.1046260522035
2025-04-27 06:00:00,20296.859362,-0.0,-0.0
2025-04-27 07:00:00,21294.165861,-0.0,-0.0
2025-04-27 08:00:00,22185.943452,-0.0,-0.0
2025-04-27 09:00:00,21706.847481,-0.0,-0.0
2025-04-27 10:00:00,21603.753426,-0.0,-0.0
2025-04-27 11:00:00,22185.3370468,-0.0,-0.0
2025-04-27 12:00:00,22399.5342991999,-0.0,-0.0
2025-04-27 13:00:00,22358.312777,-0.0,-0.0
2025-04-27 14:00:00,21550.26840867,-0.0,-0.0
2025-04-27 15:00:00,21313.5320787,-0.0,-0.0
2025-04-27 16:00:00,21108.870777,-0.0,-0.0
2025-04-27 17:00:00,21770.6628829999,-0.0,-0.0
2025-04-27 18:00:00,22273.668703,-0.0,-0.0
2025-04-27 19:00:00,10231.42541448567,13362.340796514329,-0.0
2025-04-27 20:00:00,-0.0,15873.654411947797,8256.552035052102
2025-04-27 21:00:00,-0.0,15873.654411947797,7870.087351052103
2025-04-27 22:00:00,-0.0,15873.654411947797,6862.570487052102
2025-04-27 23:00:00,-0.0,15873.654411947797,5614.202439052204
2025-04-28 00:00:00,-0.0,15873.654411947797,5261.448267052203
2025-04-28 01:00:00,-0.0,15873.654411947797,5093.906617052204
2025-04-28 02:00:00,-0.0,15873.654411947797,4260.085402052204
2025-04-28 03:00:00,-0.0,15873.654411947797,3768.680238052102
2025-04-28 04:00:00,-0.0,15873.654411947797,4041.5430390522033
2025-04-28 05:00:00,-0.0,15873.654411947797,5788.260271052202
2025-04-28 06:00:00,23343.860786,-0.0,-0.0
2025-04-28 07:00:00,24626.720698,-0.0,-0.0
2025-04-28 08:00:00,24564.8132273,-0.0,-0.0
2025-04-28 09:00:00,24041.720439,-0.0,-0.0
2025-04-28 10:00:00,24768.4419008,-0.0,-0.0
2025-04-28 11:00:00,24040.4817711,-0.0,-0.0
2025-04-28 12:00:00,23533.1597889999,-0.0,-0.0
2025-04-28 13:00:00,22920.9793019,-0.0,-0.0
2025-04-28 14:00:00,21653.8893889,-0.0,-0.0
2025-04-28 15:00:00,21402.354284,-0.0,-0.0
2025-04-28 16:00:00,21559.5508559999,-0.0,-0.0
2025-04-28 17:00:00,22426.4546859999,-0.0,-0.0
2025-04-28 18:00:00,23691.219865,-0.0,-0.0
2025-04-28 19:00:00,23051.037495086435,2317.064540913565,-0.0
2025-04-28 20:00:00,161.7616666321481,15873.654411947797,9777.186771420054
2025-04-28 21:00:00,-0.0,15873.654411947797,9253.711863052204
2025-04-28 22:00:00,-0.0,15873.654411947797,8024.9780280522045
2025-04-28 23:00:00,-0.0,15873.654411947797,6677.410436052205
2025-04-29 00:00:00,-0.0,15873.654411947797,5980.313137052204
2025-04-29 01:00:00,-0.0,15873.654411947797,5240.7412990521025
2025-04-29 02:00:00,-0.0,15873.654411947797,4673.093122052202
2025-04-29 03:00:00,-0.0,15873.654411947797,4704.711223052202
2025-04-29 04:00:00,-0.0,15873.654411947797,5179.125644052203
2025-04-29 05:00:00,-0.0,15873.654411947797,6162.3089040522045
2025-04-29 06:00:00,23513.42756,-0.0,-0.0
2025-04-29 07:00:00,24616.559319,-0.0,-0.0
2025-04-29 08:00:00,24621.3463875,-0.0,-0.0
2025-04-29 09:00:00,24580.8323092,-0.0,-0.0
2025-04-29 10:00:00,24138.1412172,-0.0,-0.0
2025-04-29 11:00:00,23882.16897212,-0.0,-0.0
2025-04-29 12:00:00,23158.8353717,-0.0,-0.0
2025-04-29 13:00:00,23150.0702119,-0.0,-0.0
2025-04-29 14:00:00,21712.811733,-0.0,-0.0
2025-04-29 15:00:00,22191.6879769999,-0.0,-0.0
2025-04-29 16:00:00,22257.327481,-0.0,-0.0
2025-04-29 17:00:00,23739.3865577,-0.0,-0.0
2025-04-29 18:00:00,25168.664266,-0.0,-0.0
2025-04-29 19:00:00,22870.611020765875,3508.8925372341255,-0.0
2025-04-29 20:00:00,-0.0,15873.654411947797,10827.203348052202
2025-04-29 21:00:00,-0.0,15873.654411947797,10199.133558052103
2025-04-29 22:00:00,-0.0,15873.654411947797,8934.447415052202
2025-04-29 23:00:00,-0.0,15873.654411947797,7378.876894052102
2025-04-30 00:00:00,-0.0,15873.654411947797,6688.561541052202
2025-04-30 01:00:00,-0.0,15873.654411947797,5977.214856052202
2025-04-30 02:00:00,-0.0,15873.654411947797,5472.521797052204
2025-04-30 03:00:00,-0.0,15873.654411947797,4912.474688052202
2025-04-30 04:00:00,-0.0,15873.654411947797,5119.241501052204
2025-04-30 05:00:00,-0.0,15873.654411947797,5999.683999052102
2025-04-30 06:00:00,23410.812337,-0.0,-0.0
2025-04-30 07:00:00,24949.795653,-0.0,-0.0
2025-04-30 08:00:00,25290.86218,-0.0,-0.0
2025-04-30 09:00:00,24964.2165675,-0.0,-0.0
2025-04-30 10:00:00,24941.3073845,-0.0,-0.0
2025-04-30 11:00:00,23698.2497149999,-0.0,-0.0
2025-04-30 12:00:00,23729.135969,-0.0,-0.0
2025-04-30 13:00:00,23689.321287,-0.0,-0.0
2025-04-30 14:00:00,22519.860768,-0.0,-0.0
2025-04-30 15:00:00,22971.381557,-0.0,-0.0
2025-04-30 16:00:00,23230.912417,-0.0,-0.0
2025-04-30 17:00:00,23995.22345,-0.0,-0.0
2025-04-30 18:00:00,25780.024533,-0.0,-0.0
2025-04-30 19:00:00,25667.221372733864,1194.438187266136,-0.0
2025-04-30 20:00:00,4311.5705760039755,15873.654411947797,7117.207193048228
2025-04-30 21:00:00,3860.504390202697,15873.654411947797,6758.155667849405
2025-04-30 22:00:00,2566.411057145189,15873.654411947797,6404.625843907013
2025-04-30 23:00:00,-0.0,15873.654411947797,7484.765963052103
2025-05-01 00:00:00,-0.0,15873.654411947797,6829.248365052203
2025-05-01 01:00:00,-0.0,15873.654411947797,6021.200678052102
2025-05-01 02:00:00,-0.0,15873.654411947797,5358.565181052205
2025-05-01 03:00:00,-0.0,15873.654411947797,4854.355011052203
2025-05-01 04:00:00,-0.0,15873.654411947797,5254.378032052204
2025-05-01 05:00:00,-0.0,15873.654411947797,6016.137917052203
2025-05-01 06:00:00,23137.549948,-0.0,-0.0
2025-05-01 07:00:00,24992.1673969999,-0.0,-0.0
2025-05-01 08:00:00,25400.415801,-0.0,-0.0
2025-05-01 09:00:00,25486.955824,-0.0,-0.0
2025-05-01 10:00:00,25764.771683,-0.0,-0.0
2025-05-01 11:00:00,26072.9517629999,-0.0,-0.0
2025-05-01 12:00:00,24831.704037,-0.0,-0.0
2025-05-01 13:00:00,23732.504068,-0.0,-0.0
2025-05-01 14:00:00,21891.944723,-0.0,-0.0
2025-05-01 15:00:00,22378.036016,-0.0,-0.0
2025-05-01 16:00:00,22903.195918,-0.0,-0.0
2025-05-01 17:00:00,24191.3147764,-0.0,-0.0
2025-05-01 18:00:00,25591.633786,-0.0,-0.0
2025-05-01 19:00:00,16533.90881057815,10096.08448142185,-0.0
2025-05-01 20:00:00,-0.0,15873.654411947797,11105.067695052103
2025-05-01 21:00:00,-0.0,15873.654411947797,10626.472705052203
2025-05-01 22:00:00,-0.0,15873.654411947797,9339.935968052205
2025-05-01 23:00:00,-0.0,15873.654411947797,7935.974212052204
2025-05-02 00:00:00,-0.0,15873.654411947797,6913.848649052203
2025-05-02 01:00:00,-0.0,15873.654411947797,5993.559904052103
2025-05-02 02:00:00,-0.0,15873.654411947797,5485.4109710521025
2025-05-02 03:00:00,-0.0,15873.654411947797,5237.482895052204
2025-05-02 04:00:00,-0.0,15873.654411947797,5294.557244052203
2025-05-02 05:00:00,-0.0,15873.654411947797,6333.389123052102
2025-05-02 06:00:00,23559.529926,-0.0,-0.0
2025-05-02 07:00:00,25069.669478,-0.0,-0.0
2025-05-02 08:00:00,25741.837642,-0.0,-0.0
2025-05-02 09:00:00,25919.545304,-0.0,-0.0
2025-05-02 10:00:00,25176.5199159999,-0.0,-0.0
2025-05-02 11:00:00,25054.968763,-0.0,-0.0
2025-05-02 12:00:00,24932.538835,-0.0,-0.0
2025-05-02 13:00:00,24566.518354,-0.0,-0.0
2025-05-02 14:00:00,23330.855321,-0.0,-0.0
2025-05-02 15:00:00,22278.953472,-0.0,-0.0
2025-05-02 16:00:00,22940.527108,-0.0,-0.0
2025-05-02 17:00:00,23919.346852,-0.0,-0.0
2025-05-02 18:00:00,25241.551773,-0.0,-0.0
2025-05-02 19:00:00,23103.921116870013,3436.3661991299887,-0.0
2025-05-02 20:00:00,-0.0,15873.654411947797,11039.654004052203
2025-05-02 21:00:00,9.332403844164551,15873.654411947797,10539.983325207939
2025-05-02 22:00:00,27.99721153249365,15873.654411947797,9410.284474519707
2025-05-02 23:00:00,59.10522434637548,15873.654411947797,8123.311946705829
2025-05-03 00:00:00,87.10243587882412,15873.654411947797,7123.872145173377
2025-05-03 01:00:00,90.21323716023956,15873.654411947797,6276.815355891963
2025-05-03 02:00:00,77.77003203470458,15873.654411947797,5323.776114017499
2025-05-03 03:00:00,80.88083331607405,15873.654411947797,4833.103928736129
2025-05-03 04:00:00,62.21602562776367,15873.654411947797,4493.87003342444
2025-05-03 05:00:00,174.20487175772905,15873.654411947797,4854.066742294475
2025-05-03 06:00:00,21249.929414,-0.0,-0.0
2025-05-03 07:00:00,22771.579587,-0.0,-0.0
2025-05-03 08:00:00,23597.085763,-0.0,-0.0
2025-05-03 09:00:00,23640.6048953299,-0.0,-0.0
2025-05-03 10:00:00,23430.022733,-0.0,-0.0
2025-05-03 11:00:00,23701.3916919999,-0.0,-0.0
2025-05-03 12:00:00,22777.584272,-0.0,-0.0
2025-05-03 13:00:00,22867.03159,-0.0,-0.0
2025-05-03 14:00:00,22925.098037,-0.0,-0.0
2025-05-03 15:00:00,22313.947532,-0.0,-0.0
2025-05-03 16:00:00,20777.356486,-0.0,-0.0
2025-05-03 17:00:00,21797.3529954,-0.0,-0.0
2025-05-03 18:00:00,22246.783645,-0.0,-0.0
2025-05-03 19:00:00,22484.871661873753,1058.3860121262478,-0.0
2025-05-03 20:00:00,2426.424999482706,15873.654411947797,5841.083228569496
2025-05-03 21:00:00,-0.0,15873.654411947797,7879.916537052204
2025-05-03 22:00:00,-0.0,15873.654411947797,6959.954811052203
2025-05-03 23:00:00,-0.0,15873.654411947797,6160.257525052204
2025-05-04 00:00:00,-0.0,15873.654411947797,5686.6331710522045
2025-05-04 01:00:00,-0.0,15873.654411947797,5089.620572052203
2025-05-04 02:00:00,-0.0,15873.654411947797,4622.319616052204
2025-05-04 03:00:00,-0.0,15873.654411947797,4272.859186052103
2025-05-04 04:00:00,-0.0,15873.654411947797,3911.597043052103
2025-05-04 05:00:00,-0.0,15873.654411947797,4206.222999052205
2025-05-04 06:00:00,20113.135622,-0.0,-0.0
2025-05-04 07:00:00,20545.697712,-0.0,-0.0
2025-05-04 08:00:00,20855.548965,-0.0,-0.0
2025-05-04 09:00:00,19975.871929,-0.0,-0.0
2025-05-04 10:00:00,21913.173325,-0.0,-0.0
2025-05-04 11:00:00,21999.780559,-0.0,-0.0
2025-05-04 12:00:00,20804.825525,-0.0,-0.0
2025-05-04 13:00:00,19307.044595,-0.0,-0.0
2025-05-04 14:00:00,18847.578962,-0.0,-0.0
2025-05-04 15:00:00,19225.257131,-0.0,-0.0
2025-05-04 16:00:00,19991.558355,-0.0,-0.0
2025-05-04 17:00:00,21614.8696349,-0.0,-0.0
2025-05-04 18:00:00,22675.377763,-0.0,-0.0
2025-05-04 19:00:00,16838.767336154197,6934.085747845802,-0.0
2025-05-04 20:00:00,-0.0,15873.654411947797,8579.618029052204
2025-05-04 21:00:00,-0.0,15873.654411947797,8388.522761052203
2025-05-04 22:00:00,-0.0,15873.654411947797,7098.294861052202
2025-05-04 23:00:00,-0.0,15873.654411947797,5779.015208052204
2025-05-05 00:00:00,-0.0,15873.654411947797,5412.420063052205
2025-05-05 01:00:00,-0.0,15873.654411947797,4789.715478052205
2025-05-05 02:00:00,-0.0,15873.654411947797,4629.532523052103
2025-05-05 03:00:00,-0.0,15873.654411947797,4396.9842010522025
2025-05-05 04:00:00,-0.0,15873.654411947797,4777.586224052202
2025-05-05 05:00:00,-0.0,15873.654411947797,5885.218181052203
2025-05-05 06:00:00,22898.931887,-0.0,-0.0
2025-05-05 07:00:00,23749.712605,-0.0,-0.0
2025-05-05 08:00:00,23516.7498365,-0.0,-0.0
2025-05-05 09:00:00,24878.39854584,-0.0,-0.0
2025-05-05 10:00:00,25955.2141404,-0.0,-0.0
2025-05-05 11:00:00,26372.4737267,-0.0,-0.0
2025-05-05 12:00:00,25970.7205486,-0.0,-0.0
2025-05-05 13:00:00,24883.8918465,-0.0,-0.0
2025-05-05 14:00:00,23425.9073231,-0.0,-0.0
2025-05-05 15:00:00,23019.0865313,-0.0,-0.0
2025-05-05 16:00:00,24253.134451,-0.0,-0.0
2025-05-05 17:00:00,25221.260452,-0.0,-0.0
2025-05-05 18:00:00,25918.150019,-0.0,-0.0
2025-05-05 19:00:00,25135.274353616514,1755.0117963834855,-0.0
2025-05-05 20:00:00,-0.0,15873.654411947797,11306.593029052203
2025-05-05 21:00:00,-0.0,15873.654411947797,10558.393123052205
2025-05-05 22:00:00,-0.0,15873.654411947797,9078.063604052202
2025-05-05 23:00:00,-0.0,15873.654411947797,7875.481050052202
2025-05-06 00:00:00,-0.0,15873.654411947797,6939.321007052202
2025-05-06 01:00:00,-0.0,15873.654411947797,6190.718225052204
2025-05-06 02:00:00,-0.0,15873.654411947797,5099.913257052203
2025-05-06 03:00:00,-0.0,15873.654411947797,4743.494974052204
2025-05-06 04:00:00,-0.0,15873.654411947797,4916.188351052204
2025-05-06 05:00:00,-0.0,15873.654411947797,6212.092886052202
2025-05-06 06:00:00,23289.771639,-0.0,-0.0
2025-05-06 07:00:00,23971.3119028,-0.0,-0.0
2025-05-06 08:00:00,23947.487512,-0.0,-0.0
2025-05-06 09:00:00,24183.227515,-0.0,-0.0
2025-05-06 10:00:00,24009.835363,-0.0,-0.0
2025-05-06 11:00:00,24929.046195,-0.0,-0.0
2025-05-06 12:00:00,24466.276933,-0.0,-0.0
2025-05-06 13:00:00,25473.214476,-0.0,-0.0
2025-05-06 14:00:00,26105.00163,-0.0,-0.0
2025-05-06 15:00:00,26061.093156,-0.0,-0.0
2025-05-06 16:00:00,25546.6179339,-0.0,-0.0
2025-05-06 17:00:00,25454.29551822,-0.0,-0.0
2025-05-06 18:00:00,25832.216604,-0.0,-0.0
2025-05-06 19:00:00,26900.292002,-0.0,-0.0
2025-05-06 20:00:00,-0.0,15873.654411947797,11255.881383052203
2025-05-06 21:00:00,115.09964741132062,15873.654411947797,10650.604721640882
2025-05-06 22:00:00,-0.0,15873.654411947797,9216.536168052202
2025-05-06 23:00:00,-0.0,15873.654411947797,7663.235890052203
2025-05-07 00:00:00,-0.0,15873.654411947797,7014.013572052203
2025-05-07 01:00:00,-0.0,15873.654411947797,6324.408980052105
2025-05-07 02:00:00,-0.0,15873.654411947797,5397.262936052202
2025-05-07 03:00:00,-0.0,15873.654411947797,5112.802478052205
2025-05-07 04:00:00,-0.0,15873.654411947797,5358.426798052204
2025-05-07 05:00:00,-0.0,15873.654411947797,6308.645119052204
2025-05-07 06:00:00,23760.280419,-0.0,-0.0
2025-05-07 07:00:00,24706.835235,-0.0,-0.0
2025-05-07 08:00:00,23534.521245,-0.0,-0.0
2025-05-07 09:00:00,24580.132704,-0.0,-0.0
2025-05-07 10:00:00,24880.758941,-0.0,-0.0
2025-05-07 11:00:00,25164.911644,-0.0,-0.0
2025-05-07 12:00:00,23875.181458,-0.0,-0.0
2025-05-07 13:00:00,23809.155499,-0.0,-0.0
2025-05-07 14:00:00,23444.80224,-0.0,-0.0
2025-05-07 15:00:00,22900.192917,-0.0,-0.0
2025-05-07 16:00:00,23454.462244,-0.0,-0.0
2025-05-07 17:00:00,24166.280136,-0.0,-0.0
2025-05-07 18:00:00,25560.776346,-0.0,-0.0
2025-05-07 19:00:00,26808.799659,-0.0,-0.0
2025-05-07 20:00:00,2177.560896971653,15873.654411947797,9272.184169080549
2025-05-07 21:00:00,-0.0,15873.654411947797,10876.099104052204
2025-05-07 22:00:00,-0.0,15873.654411947797,9499.854544052103
2025-05-07 23:00:00,-0.0,15873.654411947797,7966.315321052205
2025-05-08 00:00:00,-0.0,15873.654411947797,7199.335277052205
2025-05-08 01:00:00,-0.0,15873.654411947797,6392.300224052202
2025-05-08 02:00:00,-0.0,15873.654411947797,5505.880062052203
2025-05-08 03:00:00,-0.0,15873.654411947797,5024.862020052204
2025-05-08 04:00:00,-0.0,15873.654411947797,5188.486949052103
2025-05-08 05:00:00,-0.0,15873.654411947797,6168.565104052204
2025-05-08 06:00:00,23445.54124,-0.0,-0.0
2025-05-08 07:00:00,25555.551399,-0.0,-0.0
2025-05-08 08:00:00,25018.927072,-0.0,-0.0
2025-05-08 09:00:00,25421.9003629999,-0.0,-0.0
2025-05-08 10:00:00,24669.9082619999,-0.0,-0.0
2025-05-08 11:00:00,24063.251404,-0.0,-0.0
2025-05-08 12:00:00,23506.774842,-0.0,-0.0
2025-05-08 13:00:00,23618.736166,-0.0,-0.0
2025-05-08 14:00:00,23906.5206,-0.0,-0.0
2025-05-08 15:00:00,24821.258708,-0.0,-0.0
2025-05-08 16:00:00,25963.082852,-0.0,-0.0
2025-05-08 17:00:00,26960.9436024,-0.0,-0.0
2025-05-08 18:00:00,28340.1951003,-0.0,-0.0
2025-05-08 19:00:00,28999.6614101,-0.0,-0.0
2025-05-08 20:00:00,-0.0,15873.654411947797,13228.152590052205
2025-05-08 21:00:00,-0.0,15873.654411947797,12396.960511052102
2025-05-08 22:00:00,-0.0,15873.654411947797,10774.330829052202
2025-05-08 23:00:00,-0.0,15873.654411947797,9156.667965052204
2025-05-09 00:00:00,-0.0,15873.654411947797,8245.950454052205
2025-05-09 01:00:00,-0.0,15873.654411947797,7062.497481052202
2025-05-09 02:00:00,-0.0,15873.654411947797,6040.040348052202
2025-05-09 03:00:00,-0.0,15873.654411947797,5618.493514052103
2025-05-09 04:00:00,-0.0,15873.654411947797,5535.771628052202
2025-05-09 05:00:00,27.99721153249365,15873.654411947797,6413.677657519708
2025-05-09 06:00:00,23736.228523,-0.0,-0.0
2025-05-09 07:00:00,26469.2468319999,-0.0,-0.0
2025-05-09 08:00:00,27120.7194556,-0.0,-0.0
2025-05-09 09:00:00,27445.240469,-0.0,-0.0
2025-05-09 10:00:00,26962.101013,-0.0,-0.0
2025-05-09 11:00:00,27274.160256,-0.0,-0.0
2025-05-09 12:00:00,27522.242942,-0.0,-0.0
2025-05-09 13:00:00,27717.440132,-0.0,-0.0
2025-05-09 14:00:00,27386.606082,-0.0,-0.0
2025-05-09 15:00:00,28402.169863,-0.0,-0.0
2025-05-09 16:00:00,29972.769351,-0.0,-0.0
2025-05-09 17:00:00,31520.32781444,-0.0,-0.0
2025-05-09 18:00:00,32308.9054148,-0.0,-0.0
2025-05-09 19:00:00,32238.525713,-0.0,-0.0
2025-05-09 20:00:00,1337.6445509968391,15873.654411947797,14390.251236055365
2025-05-09 21:00:00,-0.0,15873.654411947797,14528.462674052202
2025-05-09 22:00:00,-0.0,15873.654411947797,12720.626310052203
2025-05-09 23:00:00,-0.0,15873.654411947797,10870.834892052202
2025-05-10 00:00:00,-0.0,15873.654411947797,9516.929791052202
2025-05-10 01:00:00,-0.0,15873.654411947797,8265.489858052204
2025-05-10 02:00:00,-0.0,15873.654411947797,7191.058741052102
2025-05-10 03:00:00,-0.0,15873.654411947797,6286.799228052203
2025-05-10 04:00:00,-0.0,15873.654411947797,5733.658943052202
2025-05-10 05:00:00,34.21881409527001,15873.654411947797,5752.920000956931
2025-05-10 06:00:00,22153.785195,-0.0,-0.0
2025-05-10 07:00:00,24782.402922,-0.0,-0.0
2025-05-10 08:00:00,25932.18535646,-0.0,-0.0
2025-05-10 09:00:00,26259.1142898,-0.0,-0.0
2025-05-10 10:00:00,26129.3046205,-0.0,-0.0
2025-05-10 11:00:00,25510.712809,-0.0,-0.0
2025-05-10 12:00:00,25215.01456,-0.0,-0.0
2025-05-10 13:00:00,26108.512834,-0.0,-0.0
2025-05-10 14:00:00,26481.6664273,-0.0,-0.0
2025-05-10 15:00:00,27784.3860147,-0.0,-0.0
2025-05-10 16:00:00,29377.2093817,-0.0,-0.0
2025-05-10 17:00:00,31185.756753,-0.0,-0.0
2025-05-10 18:00:00,32753.803676,-0.0,-0.0
2025-05-10 19:00:00,32607.32383,-0.0,-0.0
2025-05-10 20:00:00,622.1602562775921,15873.654411947797,15201.90445477461
2025-05-10 21:00:00,-0.0,15873.654411947797,14514.025905052202
2025-05-10 22:00:00,-0.0,15873.654411947797,12328.976714052204
2025-05-10 23:00:00,-0.0,15873.654411947797,10817.557936052204
2025-05-11 00:00:00,-0.0,15873.654411947797,8757.771802052202
2025-05-11 01:00:00,-0.0,15873.654411947797,7622.189795052202
2025-05-11 02:00:00,-0.0,15873.654411947797,6312.340791052202
2025-05-11 03:00:00,-0.0,15873.654411947797,5702.565061052204
2025-05-11 04:00:00,-0.0,15873.654411947797,5411.691155052204
2025-05-11 05:00:00,-0.0,15873.654411947797,5142.3198300522035
2025-05-11 06:00:00,20602.098582,-0.0,-0.0
2025-05-11 07:00:00,21527.57296,-0.0,-0.0
2025-05-11 08:00:00,21835.5577859999,-0.0,-0.0
2025-05-11 09:00:00,22477.67902,-0.0,-0.0
2025-05-11 10:00:00,23570.316957,-0.0,-0.0
2025-05-11 11:00:00,22419.198069,-0.0,-0.0
2025-05-11 12:00:00,22161.502242,-0.0,-0.0
2025-05-11 13:00:00,23037.167389,-0.0,-0.0
2025-05-11 14:00:00,23887.3082799999,-0.0,-0.0
2025-05-11 15:00:00,24434.516438,-0.0,-0.0
2025-05-11 16:00:00,25485.6006319999,-0.0,-0.0
2025-05-11 17:00:00,27036.2456056,-0.0,-0.0
2025-05-11 18:00:00,27850.975837,-0.0,-0.0
2025-05-11 19:00:00,28220.4381389999,-0.0,-0.0
2025-05-11 20:00:00,-0.0,15873.654411947797,11799.245197052203
2025-05-11 21:00:00,-0.0,15873.654411947797,11086.368230052203
2025-05-11 22:00:00,-0.0,15873.654411947797,9480.348267052204
2025-05-11 23:00:00,-0.0,15873.654411947797,7913.618490052204
2025-05-12 00:00:00,-0.0,15873.654411947797,7172.929901052203
2025-05-12 01:00:00,-0.0,15873.654411947797,6282.138865052204
2025-05-12 02:00:00,-0.0,15873.654411947797,5324.191179052103
2025-05-12 03:00:00,-0.0,15873.654411947797,5262.866032052205
2025-05-12 04:00:00,-0.0,15873.654411947797,5300.070385052202
2025-05-12 05:00:00,192.86967944606002,15873.654411947797,5780.028253606143
2025-05-12 06:00:00,23327.466737,-0.0,-0.0
2025-05-12 07:00:00,25540.43907,-0.0,-0.0
2025-05-12 08:00:00,25832.8307500999,-0.0,-0.0
2025-05-12 09:00:00,26436.8739632,-0.0,-0.0
2025-05-12 10:00:00,26442.074057,-0.0,-0.0
2025-05-12 11:00:00,27229.287643,-0.0,-0.0
2025-05-12 12:00:00,27085.7649189999,-0.0,-0.0
2025-05-12 13:00:00,26105.78859,-0.0,-0.0
2025-05-12 14:00:00,25021.8349969999,-0.0,-0.0
2025-05-12 15:00:00,23838.1311729999,-0.0,-0.0
2025-05-12 16:00:00,23703.7381058,-0.0,-0.0
2025-05-12 17:00:00,24251.9880462,-0.0,-0.0
2025-05-12 18:00:00,25563.120698,-0.0,-0.0
2025-05-12 19:00:00,26227.833213,-0.0,-0.0
2025-05-12 20:00:00,-0.0,15873.654411947797,10938.246868052202
2025-05-12 21:00:00,-0.0,15873.654411947797,10523.397897052202
2025-05-12 22:00:00,-0.0,15873.654411947797,9221.565154052203
2025-05-12 23:00:00,-0.0,15873.654411947797,8136.297588052204
2025-05-13 00:00:00,-0.0,15873.654411947797,7090.919651052203
2025-05-13 01:00:00,-0.0,15873.654411947797,6355.222436052203
2025-05-13 02:00:00,-0.0,15873.654411947797,5500.119319052204
2025-05-13 03:00:00,-0.0,15873.654411947797,5120.234133052205
2025-05-13 04:00:00,-0.0,15873.654411947797,5212.694100052204
2025-05-13 05:00:00,15.554006406940918,15873.654411947797,6031.0368136452635
2025-05-13 06:00:00,23141.602985,-0.0,-0.0
2025-05-13 07:00:00,25188.689247,-0.0,-0.0
2025-05-13 08:00:00,25951.21526308,-0.0,-0.0
2025-05-13 09:00:00,26167.1569168,-0.0,-0.0
2025-05-13 10:00:00,25754.456759,-0.0,-0.0
2025-05-13 11:00:00,25232.1777259999,-0.0,-0.0
2025-05-13 12:00:00,24703.130179,-0.0,-0.0
2025-05-13 13:00:00,23589.667855,-0.0,-0.0
2025-05-13 14:00:00,23075.051709,-0.0,-0.0
2025-05-13 15:00:00,22681.54744,-0.0,-0.0
2025-05-13 16:00:00,23216.605965,-0.0,-0.0
2025-05-13 17:00:00,23618.676216,-0.0,-0.0
2025-05-13 18:00:00,24832.820428,-0.0,-0.0
2025-05-13 19:00:00,25751.120617,-0.0,-0.0
2025-05-13 20:00:00,398.18256401762017,15873.654411947797,10322.395503034582
2025-05-13 21:00:00,-0.0,15873.654411947797,10280.750419052203
2025-05-13 22:00:00,-0.0,15873.654411947797,8840.713650052205
2025-05-13 23:00:00,-0.0,15873.654411947797,7620.063858052103
2025-05-14 00:00:00,-0.0,15873.654411947797,7064.343298052203
2025-05-14 01:00:00,-0.0,15873.654411947797,6530.128465052103
2025-05-14 02:00:00,-0.0,15873.654411947797,5615.700116052203
2025-05-14 03:00:00,-0.0,15873.654411947797,5227.317039052205
2025-05-14 04:00:00,-0.0,15873.654411947797,5531.389521052204
2025-05-14 05:00:00,264.4181089179686,15873.654411947797,6182.578515134234
2025-05-14 06:00:00,23238.559489,-0.0,-0.0
2025-05-14 07:00:00,25145.489933,-0.0,-0.0
2025-05-14 08:00:00,25784.60218215,-0.0,-0.0
2025-05-14 09:00:00,25010.4464292,-0.0,-0.0
2025-05-14 10:00:00,24277.3757501,-0.0,-0.0
2025-05-14 11:00:00,23417.377249,-0.0,-0.0
2025-05-14 12:00:00,23044.5488989999,-0.0,-0.0
2025-05-14 13:00:00,22660.2087066,-0.0,-0.0
2025-05-14 14:00:00,21867.903317,-0.0,-0.0
2025-05-14 15:00:00,22406.766584,-0.0,-0.0
2025-05-14 16:00:00,23778.6534264,-0.0,-0.0
2025-05-14 17:00:00,24752.8292372,-0.0,-0.0
2025-05-14 18:00:00,25905.84076,-0.0,-0.0
2025-05-14 19:00:00,26606.536684,-0.0,-0.0
2025-05-14 20:00:00,9363.511856978359,15873.654411947797,1892.9823080738443
2025-05-14 21:00:00,1807.3755444865294,15873.654411947797,9003.205053565573
2025-05-14 22:00:00,1732.7163137332057,15873.654411947797,8107.751891318999
2025-05-14 23:00:00,1760.7135252657022,15873.654411947797,6489.9990967865
2025-05-15 00:00:00,1785.599935516783,15873.654411947797,5809.97034453542
2025-05-15 01:00:00,1754.4919227028713,15873.654411947797,4924.22833834933
2025-05-15 02:00:00,1723.38390988904,15873.654411947797,4071.041208163162
2025-05-15 03:00:00,1754.4919227028713,15873.654411947797,3561.2508813492313
2025-05-15 04:00:00,1748.2703201401212,15873.654411947797,3852.1997839120822
2025-05-15 05:00:00,2516.6382366430266,15873.654411947797,3970.985671409178
2025-05-15 06:00:00,23787.882449,-0.0,-0.0
2025-05-15 07:00:00,25384.599246,-0.0,-0.0
2025-05-15 08:00:00,26266.850859,-0.0,-0.0
2025-05-15 09:00:00,25893.469035,-0.0,-0.0
2025-05-15 10:00:00,25328.5624189999,-0.0,-0.0
2025-05-15 11:00:00,24156.1832026,-0.0,-0.0
2025-05-15 12:00:00,23531.5632194,-0.0,-0.0
2025-05-15 13:00:00,22874.7639663999,-0.0,-0.0
2025-05-15 14:00:00,22817.9101972,-0.0,-0.0
2025-05-15 15:00:00,23822.8972888,-0.0,-0.0
2025-05-15 16:00:00,24364.9301515999,-0.0,-0.0
2025-05-15 17:00:00,25670.740983,-0.0,-0.0
2025-05-15 18:00:00,26605.5795589999,-0.0,-0.0
2025-05-15 19:00:00,27462.9137869999,-0.0,-0.0
2025-05-15 20:00:00,1975.3588136814276,15873.654411947797,10164.446562370777
2025-05-15 21:00:00,1060.7832369533705,15873.654411947797,10512.074343098833
2025-05-15 22:00:00,1147.8856728321948,15873.654411947797,9048.837229219907
2025-05-15 23:00:00,1160.3288779577756,15873.654411947797,7402.622183094427
2025-05-16 00:00:00,1182.104486927441,15873.654411947797,6846.180704124761
2025-05-16 01:00:00,1110.5560574555325,15873.654411947797,5907.495507596672
2025-05-16 02:00:00,1129.2208651438636,15873.654411947797,4998.723744908339
2025-05-16 03:00:00,1150.99647411361,15873.654411947797,4670.4989109385915
2025-05-16 04:00:00,1141.6640702694444,15873.654411947797,4453.31325878276
2025-05-16 05:00:00,2028.2424354650861,15873.654411947797,4463.886765587116
2025-05-16 06:00:00,23494.581091,-0.0,-0.0
2025-05-16 07:00:00,25430.045622,-0.0,-0.0
2025-05-16 08:00:00,27082.3793171,-0.0,-0.0
2025-05-16 09:00:00,26512.2040111,-0.0,-0.0
2025-05-16 10:00:00,25894.1434714,-0.0,-0.0
2025-05-16 11:00:00,25239.094613,-0.0,-0.0
2025-05-16 12:00:00,25093.384002,-0.0,-0.0
2025-05-16 13:00:00,24830.315222,-0.0,-0.0
2025-05-16 14:00:00,23862.005767,-0.0,-0.0
2025-05-16 15:00:00,24394.4902959999,-0.0,-0.0
2025-05-16 16:00:00,24867.95792,-0.0,-0.0
2025-05-16 17:00:00,26180.1661817,-0.0,-0.0
2025-05-16 18:00:00,26453.437077,-0.0,-0.0
2025-05-16 19:00:00,27431.7796089999,-0.0,-0.0
2025-05-16 20:00:00,435.5121793942822,15873.654411947797,11309.012804657921
2025-05-16 21:00:00,-0.0,15873.654411947797,11258.593178052202
2025-05-16 22:00:00,-0.0,15873.654411947797,9857.891961052204
2025-05-16 23:00:00,-0.0,15873.654411947797,8767.390150052202
2025-05-17 00:00:00,-0.0,15873.654411947797,7864.317684052205
2025-05-17 01:00:00,-0.0,15873.654411947797,6844.382741052204
2025-05-17 02:00:00,-0.0,15873.654411947797,5820.727255052205
2025-05-17 03:00:00,-0.0,15873.654411947797,5266.894225052203
2025-05-17 04:00:00,-0.0,15873.654411947797,5014.623954052202
2025-05-17 05:00:00,311.08012813879606,15873.654411947797,5072.324516913406
2025-05-17 06:00:00,21645.838491,-0.0,-0.0
2025-05-17 07:00:00,22293.348567,-0.0,-0.0
2025-05-17 08:00:00,21969.3274875,-0.0,-0.0
2025-05-17 09:00:00,22478.188305,-0.0,-0.0
2025-05-17 10:00:00,22756.541386,-0.0,-0.0
2025-05-17 11:00:00,22558.951866,-0.0,-0.0
2025-05-17 12:00:00,22549.810403,-0.0,-0.0
2025-05-17 13:00:00,22797.439611,-0.0,-0.0
2025-05-17 14:00:00,22501.6656539999,-0.0,-0.0
2025-05-17 15:00:00,22054.631925,-0.0,-0.0
2025-05-17 16:00:00,22084.482857,-0.0,-0.0
2025-05-17 17:00:00,22927.633335,-0.0,-0.0
2025-05-17 18:00:00,23040.409033,-0.0,-0.0
2025-05-17 19:00:00,24277.078716,-0.0,-0.0
2025-05-17 20:00:00,-0.0,15873.654411947797,8827.230745052204
2025-05-17 21:00:00,-0.0,15873.654411947797,8573.971357052202
2025-05-17 22:00:00,-0.0,15873.654411947797,7696.316068052105
2025-05-17 23:00:00,-0.0,15873.654411947797,6726.703773052102
2025-05-18 00:00:00,-0.0,15873.654411947797,5962.4109900522035
2025-05-18 01:00:00,-0.0,15873.654411947797,5143.384811052203
2025-05-18 02:00:00,-0.0,15873.654411947797,4335.556494052204
2025-05-18 03:00:00,-0.0,15873.654411947797,3921.220093052203
2025-05-18 04:00:00,-0.0,15873.654411947797,3746.016885052204
2025-05-18 05:00:00,407.5149678617857,15873.654411947797,3964.8802001904164
2025-05-18 06:00:00,20588.61093,-0.0,-0.0
2025-05-18 07:00:00,21876.815339,-0.0,-0.0
2025-05-18 08:00:00,22245.8698697,-0.0,-0.0
2025-05-18 09:00:00,21959.4863276,-0.0,-0.0
2025-05-18 10:00:00,21475.8758083,-0.0,-0.0
2025-05-18 11:00:00,20069.8831771,-0.0,-0.0
2025-05-18 12:00:00,19345.2849438,-0.0,-0.0
2025-05-18 13:00:00,19592.8452828,-0.0,-0.0
2025-05-18 14:00:00,18906.840505,-0.0,-0.0
2025-05-18 15:00:00,18952.264,-0.0,-0.0
2025-05-18 16:00:00,19719.632761,-0.0,-0.0
2025-05-18 17:00:00,21525.2565147,-0.0,-0.0
2025-05-18 18:00:00,23499.702653,-0.0,-0.0
2025-05-18 19:00:00,24819.906897,-0.0,-0.0
2025-05-18 20:00:00,12.443205125552732,15873.654411947797,9625.213899926648
2025-05-18 21:00:00,-0.0,15873.654411947797,9453.451150052204
2025-05-18 22:00:00,-0.0,15873.654411947797,8090.140547052202
2025-05-18 23:00:00,-0.0,15873.654411947797,6426.365680052202
2025-05-19 00:00:00,-0.0,15873.654411947797,5673.524143052202
2025-05-19 01:00:00,-0.0,15873.654411947797,5058.292077052205
2025-05-19 02:00:00,-0.0,15873.654411947797,4249.094407052204
2025-05-19 03:00:00,-0.0,15873.654411947797,4007.525820052202
2025-05-19 04:00:00,-0.0,15873.654411947797,4613.674866052204
2025-05-19 05:00:00,519.5038139917716,15873.654411947797,5251.792674060432
2025-05-19 06:00:00,23021.940237,-0.0,-0.0
2025-05-19 07:00:00,25727.715094,-0.0,-0.0
2025-05-19 08:00:00,26836.7059329999,-0.0,-0.0
2025-05-19 09:00:00,26679.5697218,-0.0,-0.0
2025-05-19 10:00:00,26060.4504206,-0.0,-0.0
2025-05-19 11:00:00,25564.3783124,-0.0,-0.0
2025-05-19 12:00:00,24821.8339392,-0.0,-0.0
2025-05-19 13:00:00,24774.8030208,-0.0,-0.0
2025-05-19 14:00:00,25222.0264375,-0.0,-0.0
2025-05-19 15:00:00,25670.1334104,-0.0,-0.0
2025-05-19 16:00:00,26342.656152,-0.0,-0.0
2025-05-19 17:00:00,28154.6377231999,-0.0,-0.0
2025-05-19 18:00:00,29168.396306,-0.0,-0.0
2025-05-19 19:00:00,29488.5500929999,-0.0,-0.0
2025-05-19 20:00:00,1919.3643906164348,15873.654411947797,11864.354216435768
2025-05-19 21:00:00,1598.9518586334732,15873.654411947797,11510.35803641873
2025-05-19 22:00:00,1766.9351278284519,15873.654411947797,9427.13549022365
2025-05-19 23:00:00,1754.4919227028713,15873.654411947797,7719.6031373493315
2025-05-20 00:00:00,1782.4891342353676,15873.654411947797,6825.799983816836
2025-05-20 01:00:00,1776.2675316726177,15873.654411947797,5871.306547379587
2025-05-20 02:00:00,1757.6027239842865,15873.654411947797,4927.288557067917
2025-05-20 03:00:00,1807.3755444865294,15873.654411947797,4533.620472565675
2025-05-20 04:00:00,1791.8215380795334,15873.654411947797,4587.49343397267
2025-05-20 05:00:00,2914.8208006607274,15873.654411947797,4500.054984391476
2025-05-20 06:00:00,24280.069916,-0.0,-0.0
2025-05-20 07:00:00,27526.14081,-0.0,-0.0
2025-05-20 08:00:00,28215.765029,-0.0,-0.0
2025-05-20 09:00:00,27969.5929947,-0.0,-0.0
2025-05-20 10:00:00,28003.3882403,-0.0,-0.0
2025-05-20 11:00:00,26860.0829418,-0.0,-0.0
2025-05-20 12:00:00,26366.4342468,-0.0,-0.0
2025-05-20 13:00:00,26263.252895,-0.0,-0.0
2025-05-20 14:00:00,26354.71808,-0.0,-0.0
2025-05-20 15:00:00,27078.705208,-0.0,-0.0
2025-05-20 16:00:00,28419.1157935999,-0.0,-0.0
2025-05-20 17:00:00,30062.4859582,-0.0,-0.0
2025-05-20 18:00:00,30740.558941,-0.0,-0.0
2025-05-20 19:00:00,31159.829781,-0.0,-0.0
2025-05-20 20:00:00,2249.1093264436427,15873.654411947797,13026.467037608561
2025-05-20 21:00:00,1776.2675316726177,15873.654411947797,12798.337157379585
2025-05-20 22:00:00,1969.1372111186777,15873.654411947797,10627.500674933526
2025-05-20 23:00:00,1953.5832047117622,15873.654411947797,8512.92674934034
2025-05-21 00:00:00,1984.6912175255934,15873.654411947797,7469.0534855266105
2025-05-21 01:00:00,659.4898716542541,15873.654411947797,7657.05640239795
2025-05-21 02:00:00,-0.0,15873.654411947797,7360.391307052205
2025-05-21 03:00:00,-0.0,15873.654411947797,6596.327347052202
2025-05-21 04:00:00,-0.0,15873.654411947797,6626.416873052103
2025-05-21 05:00:00,749.7031088144937,15873.654411947797,6706.645764237708
2025-05-21 06:00:00,24234.519983,-0.0,-0.0
2025-05-21 07:00:00,26642.794083,-0.0,-0.0
2025-05-21 08:00:00,27774.210311,-0.0,-0.0
2025-05-21 09:00:00,27981.7116026,-0.0,-0.0
2025-05-21 10:00:00,27128.907638,-0.0,-0.0
2025-05-21 11:00:00,26800.4075539999,-0.0,-0.0
2025-05-21 12:00:00,27136.1776059999,-0.0,-0.0
2025-05-21 13:00:00,27643.322761,-0.0,-0.0
2025-05-21 14:00:00,28053.1232749999,-0.0,-0.0
2025-05-21 15:00:00,28439.917954,-0.0,-0.0
2025-05-21 16:00:00,30313.129801,-0.0,-0.0
2025-05-21 17:00:00,31387.5289959999,-0.0,-0.0
2025-05-21 18:00:00,31924.1014822,-0.0,-0.0
2025-05-21 19:00:00,32020.969627,-0.0,-0.0
2025-05-21 20:00:00,124.43205125548612,15873.654411947797,15848.401109796716
2025-05-21 21:00:00,-0.0,15873.654411947797,15083.597938052202
2025-05-21 22:00:00,-0.0,15873.654411947797,12962.609996052202
2025-05-21 23:00:00,-0.0,15873.654411947797,10818.580499052203
2025-05-22 00:00:00,-0.0,15873.654411947797,9562.219480052203
2025-05-22 01:00:00,-0.0,15873.654411947797,8116.791268052102
2025-05-22 02:00:00,-0.0,15873.654411947797,7271.844996052203
2025-05-22 03:00:00,-0.0,15873.654411947797,6701.4169220522035
2025-05-22 04:00:00,-0.0,15873.654411947797,6686.106211052202
2025-05-22 05:00:00,1154.1072753949447,15873.654411947797,6437.444984657259
2025-05-22 06:00:00,24368.7407189999,-0.0,-0.0
2025-05-22 07:00:00,26168.7470637999,-0.0,-0.0
2025-05-22 08:00:00,27031.341812,-0.0,-0.0
2025-05-22 09:00:00,27389.749189,-0.0,-0.0
2025-05-22 10:00:00,27357.491082,-0.0,-0.0
2025-05-22 11:00:00,27023.6852799999,-0.0,-0.0
2025-05-22 12:00:00,27293.406126,-0.0,-0.0
2025-05-22 13:00:00,27308.352667,-0.0,-0.0
2025-05-22 14:00:00,26887.447814,-0.0,-0.0
2025-05-22 15:00:00,28150.323887,-0.0,-0.0
2025-05-22 16:00:00,28872.05766,-0.0,-0.0
2025-05-22 17:00:00,30135.236866,-0.0,-0.0
2025-05-22 18:00:00,29998.8402251,-0.0,-0.0
2025-05-22 19:00:00,30080.481887,-0.0,-0.0
2025-05-22 20:00:00,149.3184615065672,15873.654411947797,14078.346114545635
2025-05-22 21:00:00,-0.0,15873.654411947797,13849.855479052205
2025-05-22 22:00:00,-0.0,15873.654411947797,11940.929743052204
2025-05-22 23:00:00,-0.0,15873.654411947797,10501.993587052204
2025-05-23 00:00:00,-0.0,15873.654411947797,9005.875536052203
2025-05-23 01:00:00,-0.0,15873.654411947797,7680.658762052202
2025-05-23 02:00:00,-0.0,15873.654411947797,6890.466421052204
2025-05-23 03:00:00,-0.0,15873.654411947797,6390.025263052203
2025-05-23 04:00:00,-0.0,15873.654411947797,6521.916147052203
2025-05-23 05:00:00,1079.4480446416208,15873.654411947797,6206.853035410583
2025-05-23 06:00:00,24332.59972,-0.0,-0.0
2025-05-23 07:00:00,26067.763546,-0.0,-0.0
2025-05-23 08:00:00,26330.474865,-0.0,-0.0
2025-05-23 09:00:00,25519.6384899999,-0.0,-0.0
2025-05-23 10:00:00,26820.697102,-0.0,-0.0
2025-05-23 11:00:00,25027.065083,-0.0,-0.0
2025-05-23 12:00:00,25087.128449,-0.0,-0.0
2025-05-23 13:00:00,24588.301209,-0.0,-0.0
2025-05-23 14:00:00,24464.968477,-0.0,-0.0
2025-05-23 15:00:00,24662.11699,-0.0,-0.0
2025-05-23 16:00:00,25534.291875,-0.0,-0.0
2025-05-23 17:00:00,26499.293148,-0.0,-0.0
2025-05-23 18:00:00,27261.1604953,-0.0,-0.0
2025-05-23 19:00:00,27836.849422,-0.0,-0.0
2025-05-23 20:00:00,189.75887816464459,15873.654411947797,12092.827572887558
2025-05-23 21:00:00,-0.0,15873.654411947797,12079.041546052204
2025-05-23 22:00:00,-0.0,15873.654411947797,10793.299932052205
2025-05-23 23:00:00,-0.0,15873.654411947797,9317.288814052203
2025-05-24 00:00:00,-0.0,15873.654411947797,8226.940738052204
2025-05-24 01:00:00,-0.0,15873.654411947797,7210.597656052103
2025-05-24 02:00:00,-0.0,15873.654411947797,6299.358658052204
2025-05-24 03:00:00,-0.0,15873.654411947797,5737.462734052204
2025-05-24 04:00:00,-0.0,15873.654411947797,5504.106163052204
2025-05-24 05:00:00,382.6285576107046,15873.654411947797,5318.442519441499
2025-05-24 06:00:00,21666.330369,-0.0,-0.0
2025-05-24 07:00:00,22207.9124950999,-0.0,-0.0
2025-05-24 08:00:00,23492.39093,-0.0,-0.0
2025-05-24 09:00:00,22881.851751,-0.0,-0.0
2025-05-24 10:00:00,22704.96643,-0.0,-0.0
2025-05-24 11:00:00,22017.593427,-0.0,-0.0
2025-05-24 12:00:00,21466.711086,-0.0,-0.0
2025-05-24 13:00:00,21793.759397,-0.0,-0.0
2025-05-24 14:00:00,21134.607323,-0.0,-0.0
2025-05-24 15:00:00,21611.955256,-0.0,-0.0
2025-05-24 16:00:00,22347.577385,-0.0,-0.0
2025-05-24 17:00:00,23518.532023,-0.0,-0.0
2025-05-24 18:00:00,24364.395346,-0.0,-0.0
2025-05-24 19:00:00,25556.798641,-0.0,-0.0
2025-05-24 20:00:00,46.66201922082274,15873.654411947797,10192.62819283138
2025-05-24 21:00:00,-0.0,15873.654411947797,10114.867536052205
2025-05-24 22:00:00,-0.0,15873.654411947797,8929.735186052205
2025-05-24 23:00:00,-0.0,15873.654411947797,7617.041063052204
2025-05-25 00:00:00,-0.0,15873.654411947797,6977.721320052204
2025-05-25 01:00:00,-0.0,15873.654411947797,5950.943639052204
2025-05-25 02:00:00,-0.0,15873.654411947797,5236.159822052103
2025-05-25 03:00:00,-0.0,15873.654411947797,4721.831721052202
2025-05-25 04:00:00,-0.0,15873.654411947797,4586.300712052203
2025-05-25 05:00:00,830.5839421305677,15873.654411947797,3683.1410869216365
2025-05-25 06:00:00,20337.1366859999,-0.0,-0.0
2025-05-25 07:00:00,22187.604476,-0.0,-0.0
2025-05-25 08:00:00,22784.506045,-0.0,-0.0
2025-05-25 09:00:00,22475.955477,-0.0,-0.0
2025-05-25 10:00:00,21128.344116,-0.0,-0.0
2025-05-25 11:00:00,19872.345768,-0.0,-0.0
2025-05-25 12:00:00,19702.135859,-0.0,-0.0
2025-05-25 13:00:00,19737.255627,-0.0,-0.0
2025-05-25 14:00:00,19750.018858,-0.0,-0.0
2025-05-25 15:00:00,20164.396665,-0.0,-0.0
2025-05-25 16:00:00,21649.550094,-0.0,-0.0
2025-05-25 17:00:00,22966.584001,-0.0,-0.0
2025-05-25 18:00:00,24405.2341511,-0.0,-0.0
2025-05-25 19:00:00,24940.342667,-0.0,-0.0
2025-05-25 20:00:00,139.9860576624017,15873.654411947797,9495.542691389803
2025-05-25 21:00:00,-0.0,15873.654411947797,9398.930199052202
2025-05-25 22:00:00,-0.0,15873.654411947797,8231.252537052203
2025-05-25 23:00:00,-0.0,15873.654411947797,6818.422103052204
2025-05-26 00:00:00,-0.0,15873.654411947797,6292.734512052202
2025-05-26 01:00:00,-0.0,15873.654411947797,5353.230880052202
2025-05-26 02:00:00,-0.0,15873.654411947797,4538.342201052203
2025-05-26 03:00:00,-0.0,15873.654411947797,4136.787610052203
2025-05-26 04:00:00,-0.0,15873.654411947797,3979.191876052204
2025-05-26 05:00:00,1567.8438458196422,15873.654411947797,2629.4315002325593
2025-05-26 06:00:00,20773.708128,-0.0,-0.0
2025-05-26 07:00:00,23588.755598,-0.0,-0.0
2025-05-26 08:00:00,24189.454068,-0.0,-0.0
2025-05-26 09:00:00,24023.206142,-0.0,-0.0
2025-05-26 10:00:00,23101.803555,-0.0,-0.0
2025-05-26 11:00:00,21390.22702,-0.0,-0.0
2025-05-26 12:00:00,20645.3083339999,-0.0,-0.0
2025-05-26 13:00:00,21036.533729,-0.0,-0.0
2025-05-26 14:00:00,21210.42259,-0.0,-0.0
2025-05-26 15:00:00,21661.471387,-0.0,-0.0
2025-05-26 16:00:00,22974.339625,-0.0,-0.0
2025-05-26 17:00:00,24432.984497,-0.0,-0.0
2025-05-26 18:00:00,25276.179869,-0.0,-0.0
2025-05-26 19:00:00,26482.954158,-0.0,-0.0
2025-05-26 20:00:00,3586.7538774405625,15873.654411947797,7750.561963611641
2025-05-26 21:00:00,3546.313460782485,15873.654411947797,7485.802471269719
2025-05-26 22:00:00,2998.8124352581362,15873.654411947797,6576.160134794069
2025-05-26 23:00:00,-0.0,15873.654411947797,7745.761720052202
2025-05-27 00:00:00,-0.0,15873.654411947797,6966.120354052202
2025-05-27 01:00:00,-0.0,15873.654411947797,5800.810552052202
2025-05-27 02:00:00,-0.0,15873.654411947797,5234.727963052204
2025-05-27 03:00:00,-0.0,15873.654411947797,5065.798148052103
2025-05-27 04:00:00,-0.0,15873.654411947797,5084.723346052202
2025-05-27 05:00:00,1365.6417625293357,15873.654411947797,4496.229440522866
2025-05-27 06:00:00,22998.960291,-0.0,-0.0
2025-05-27 07:00:00,25182.158098,-0.0,-0.0
2025-05-27 08:00:00,26324.6443226999,-0.0,-0.0
2025-05-27 09:00:00,26199.200446,-0.0,-0.0
2025-05-27 10:00:00,25076.412337,-0.0,-0.0
2025-05-27 11:00:00,24003.307978,-0.0,-0.0
2025-05-27 12:00:00,23990.081061,-0.0,-0.0
2025-05-27 13:00:00,23578.854127,-0.0,-0.0
2025-05-27 14:00:00,23709.815812,-0.0,-0.0
2025-05-27 15:00:00,24242.436191,-0.0,-0.0
2025-05-27 16:00:00,25966.061202,-0.0,-0.0
2025-05-27 17:00:00,27391.158178,-0.0,-0.0
2025-05-27 18:00:00,28691.9050373,-0.0,-0.0
2025-05-27 19:00:00,29282.780915,-0.0,-0.0
2025-05-27 20:00:00,3176.1281082972805,15873.654411947797,10619.866140754923
2025-05-27 21:00:00,1294.0933330574271,15873.654411947797,11953.909232994774
2025-05-27 22:00:00,1191.4368907716066,15873.654411947797,10190.052108280597
2025-05-27 23:00:00,1241.2097112738497,15873.654411947797,8333.300163778353
2025-05-28 00:00:00,1312.7581407457583,15873.654411947797,7351.071906306444
2025-05-28 01:00:00,1275.4285253690962,15873.654411947797,6156.215652683106
2025-05-28 02:00:00,1300.314935620258,15873.654411947797,5355.269510431946
2025-05-28 03:00:00,1328.3121471526738,15873.654411947797,4869.049920899528
2025-05-28 04:00:00,1150.99647411361,15873.654411947797,5214.943759938595
2025-05-28 05:00:00,3039.252851916214,15873.654411947797,4148.799470135989
2025-05-28 06:00:00,24440.9930199999,-0.0,-0.0
2025-05-28 07:00:00,26764.3144069999,-0.0,-0.0
2025-05-28 08:00:00,28375.6933705,-0.0,-0.0
2025-05-28 09:00:00,28066.991798,-0.0,-0.0
2025-05-28 10:00:00,27321.773343,-0.0,-0.0
2025-05-28 11:00:00,26579.120721,-0.0,-0.0
2025-05-28 12:00:00,25860.8304809999,-0.0,-0.0
2025-05-28 13:00:00,25839.45326,-0.0,-0.0
2025-05-28 14:00:00,24652.215637,-0.0,-0.0
2025-05-28 15:00:00,24993.41372,-0.0,-0.0
2025-05-28 16:00:00,25865.8494569999,-0.0,-0.0
2025-05-28 17:00:00,27092.274609,-0.0,-0.0
2025-05-28 18:00:00,27768.3331658,-0.0,-0.0
2025-05-28 19:00:00,28345.19107687,-0.0,-0.0
2025-05-28 20:00:00,8165.853363643922,15873.654411947797,4767.210485408283
2025-05-28 21:00:00,-0.0,15873.654411947797,12493.588074052203
2025-05-28 22:00:00,-0.0,15873.654411947797,10938.293992052202
2025-05-28 23:00:00,-0.0,15873.654411947797,9286.029274052204
2025-05-29 00:00:00,-0.0,15873.654411947797,8458.341162052204
2025-05-29 01:00:00,-0.0,15873.654411947797,7504.275790052203
2025-05-29 02:00:00,-0.0,15873.654411947797,6555.643504052203
2025-05-29 03:00:00,-0.0,15873.654411947797,6128.8998570522035
2025-05-29 04:00:00,-0.0,15873.654411947797,6222.056500052202
2025-05-29 05:00:00,298.63692301321515,15873.654411947797,6838.502023038987
2025-05-29 06:00:00,24361.4036629999,-0.0,-0.0
2025-05-29 07:00:00,26932.898265,-0.0,-0.0
2025-05-29 08:00:00,27524.117209,-0.0,-0.0
2025-05-29 09:00:00,27213.1287905,-0.0,-0.0
2025-05-29 10:00:00,26900.6561165,-0.0,-0.0
2025-05-29 11:00:00,26374.149668,-0.0,-0.0
2025-05-29 12:00:00,26088.605571,-0.0,-0.0
2025-05-29 13:00:00,25542.966133,-0.0,-0.0
2025-05-29 14:00:00,26707.0877879999,-0.0,-0.0
2025-05-29 15:00:00,26689.5951389999,-0.0,-0.0
2025-05-29 16:00:00,27938.513109,-0.0,-0.0
2025-05-29 17:00:00,28952.9216099,-0.0,-0.0
2025-05-29 18:00:00,29813.221567,-0.0,-0.0
2025-05-29 19:00:00,30405.942512,-0.0,-0.0
2025-05-29 20:00:00,1860.259166270107,15873.654411947797,13057.729785782096
2025-05-29 21:00:00,-0.0,15873.654411947797,14260.959334052202
2025-05-29 22:00:00,-0.0,15873.654411947797,12520.228911052202
2025-05-29 23:00:00,-0.0,15873.654411947797,10457.280780052204
2025-05-30 00:00:00,-0.0,15873.654411947797,9620.004831052202
2025-05-30 01:00:00,-0.0,15873.654411947797,8253.201173052204
2025-05-30 02:00:00,-0.0,15873.654411947797,7168.883833052203
2025-05-30 03:00:00,-0.0,15873.654411947797,6734.156785052202
2025-05-30 04:00:00,-0.0,15873.654411947797,7054.6634430522045
2025-05-30 05:00:00,1188.3260894902721,15873.654411947797,6965.327865561932
2025-05-30 06:00:00,25525.3132769999,-0.0,-0.0
2025-05-30 07:00:00,28400.222977,-0.0,-0.0
2025-05-30 08:00:00,29554.506146,-0.0,-0.0
2025-05-30 09:00:00,29655.1584896,-0.0,-0.0
2025-05-30 10:00:00,28977.334935,-0.0,-0.0
2025-05-30 11:00:00,28281.974355,-0.0,-0.0
2025-05-30 12:00:00,28823.36329,-0.0,-0.0
2025-05-30 13:00:00,29635.518383,-0.0,-0.0
2025-05-30 14:00:00,30485.62397,-0.0,-0.0
2025-05-30 15:00:00,32468.501265,-0.0,-0.0
2025-05-30 16:00:00,34224.606517,-0.0,-0.0
2025-05-30 17:00:00,35511.8208225,-0.0,-0.0
2025-05-30 18:00:00,36265.244349,-0.0,-0.0
2025-05-30 19:00:00,35661.801448,-0.0,-0.0
2025-05-30 20:00:00,251.97490379238766,15873.654411947797,18606.817390259817
2025-05-30 21:00:00,-0.0,15873.654411947797,17782.2554210522
2025-05-30 22:00:00,-0.0,15873.654411947797,15767.956584052203
2025-05-30 23:00:00,-0.0,15873.654411947797,13369.979477052102
2025-05-31 00:00:00,-0.0,15873.654411947797,11986.435595052202
2025-05-31 01:00:00,-0.0,15873.654411947797,10458.190731052202
2025-05-31 02:00:00,-0.0,15873.654411947797,9159.066361052204
2025-05-31 03:00:00,-0.0,15873.654411947797,8749.301176052204
2025-05-31 04:00:00,-0.0,15873.654411947797,8133.818703052102
2025-05-31 05:00:00,531.9470191173526,15873.654411947797,7260.342605934852
2025-05-31 06:00:00,23741.8597549999,-0.0,-0.0
2025-05-31 07:00:00,25710.195182,-0.0,-0.0
2025-05-31 08:00:00,27275.993661,-0.0,-0.0
2025-05-31 09:00:00,27969.319075,-0.0,-0.0
2025-05-31 10:00:00,28451.6530554,-0.0,-0.0
2025-05-31 11:00:00,28836.392948,-0.0,-0.0
2025-05-31 12:00:00,28838.092186977,-0.0,-0.0
2025-05-31 13:00:00,30017.5281897,-0.0,-0.0
2025-05-31 14:00:00,30542.374806,-0.0,-0.0
2025-05-31 15:00:00,30991.7823346,-0.0,-0.0
2025-05-31 16:00:00,32138.7949767,-0.0,-0.0
2025-05-31 17:00:00,33191.957727,-0.0,-0.0
2025-05-31 18:00:00,34232.130934,-0.0,-0.0
2025-05-31 19:00:00,34292.231678,-0.0,-0.0
2025-05-31 20:00:00,59.10522434637548,15873.654411947797,17740.317473705825
2025-05-31 21:00:00,-0.0,15873.654411947797,16704.110294052203
2025-05-31 22:00:00,-0.0,15873.654411947797,14560.695165052204
2025-05-31 23:00:00,-0.0,15873.654411947797,12524.322663052202
2025-06-01 00:00:00,-0.0,15873.654411947797,11081.508148052204
2025-06-01 01:00:00,-0.0,15873.654411947797,9691.775278052102
2025-06-01 02:00:00,-0.0,15873.654411947797,8510.978468052204
2025-06-01 03:00:00,-0.0,15873.654411947797,7353.520909052202
2025-06-01 04:00:00,-0.0,15873.654411947797,6764.514965052202
2025-06-01 05:00:00,130.6536538182362,15873.654411947797,6363.8671982338665
2025-06-01 06:00:00,22402.297689,-0.0,-0.0
2025-06-01 07:00:00,23154.631341,-0.0,-0.0
2025-06-01 08:00:00,24539.337815,-0.0,-0.0
2025-06-01 09:00:00,25289.288282,-0.0,-0.0
2025-06-01 10:00:00,25314.01053,-0.0,-0.0
2025-06-01 11:00:00,26245.3972274,-0.0,-0.0
2025-06-01 12:00:00,26103.5617455,-0.0,-0.0
2025-06-01 13:00:00,25931.5710881,-0.0,-0.0
2025-06-01 14:00:00,26703.0915523,-0.0,-0.0
2025-06-01 15:00:00,26669.8794003,-0.0,-0.0
2025-06-01 16:00:00,27595.9335822,-0.0,-0.0
2025-06-01 17:00:00,28888.672708,-0.0,-0.0
2025-06-01 18:00:00,29975.190741,-0.0,-0.0
2025-06-01 19:00:00,29973.291802,-0.0,-0.0
2025-06-01 20:00:00,407.5149678617857,15873.654411947797,13657.005856190417
2025-06-01 21:00:00,-0.0,15873.654411947797,13216.583405052204
2025-06-01 22:00:00,-0.0,15873.654411947797,11306.344424052202
2025-06-01 23:00:00,-0.0,15873.654411947797,9446.308671052202
2025-06-02 00:00:00,-0.0,15873.654411947797,8168.831368052202
2025-06-02 01:00:00,-0.0,15873.654411947797,7213.747177052204
2025-06-02 02:00:00,-0.0,15873.654411947797,6292.178671052103
2025-06-02 03:00:00,-0.0,15873.654411947797,6083.858394052202
2025-06-02 04:00:00,-0.0,15873.654411947797,5997.414870052204
2025-06-02 05:00:00,858.5811536630642,15873.654411947797,6015.698006389141
2025-06-02 06:00:00,24082.310472,-0.0,-0.0
2025-06-02 07:00:00,25828.792582,-0.0,-0.0
2025-06-02 08:00:00,26161.5390144,-0.0,-0.0
2025-06-02 09:00:00,26901.54165291,-0.0,-0.0
2025-06-02 10:00:00,27221.6467211,-0.0,-0.0
2025-06-02 11:00:00,27686.9501308,-0.0,-0.0
2025-06-02 12:00:00,28555.6870323,-0.0,-0.0
2025-06-02 13:00:00,28250.4810605,-0.0,-0.0
2025-06-02 14:00:00,29191.2550777,-0.0,-0.0
2025-06-02 15:00:00,29175.8911692,-0.0,-0.0
2025-06-02 16:00:00,29423.4934578,-0.0,-0.0
2025-06-02 17:00:00,30222.2361538,-0.0,-0.0
2025-06-02 18:00:00,31074.375843,-0.0,-0.0
2025-06-02 19:00:00,30980.435005,-0.0,-0.0
2025-06-02 20:00:00,1502.5170189104836,15873.654411947797,13510.90813214172
2025-06-02 21:00:00,-0.0,15873.654411947797,14288.719036052202
2025-06-02 22:00:00,-0.0,15873.654411947797,12439.904768052204
2025-06-02 23:00:00,-0.0,15873.654411947797,10884.041921052203
2025-06-03 00:00:00,-0.0,15873.654411947797,9343.337034052203
2025-06-03 01:00:00,-0.0,15873.654411947797,8417.549389052203
2025-06-03 02:00:00,-0.0,15873.654411947797,7591.893402052205
2025-06-03 03:00:00,-0.0,15873.654411947797,7147.278495052202
2025-06-03 04:00:00,-0.0,15873.654411947797,7136.288463052204
2025-06-03 05:00:00,1328.3121471526738,15873.654411947797,6456.129074899429
2025-06-03 06:00:00,24845.122311,-0.0,-0.0
2025-06-03 07:00:00,26795.010319,-0.0,-0.0
2025-06-03 08:00:00,28439.771287,-0.0,-0.0
2025-06-03 09:00:00,29335.5904229999,-0.0,-0.0
2025-06-03 10:00:00,29590.307998,-0.0,-0.0
2025-06-03 11:00:00,28761.2106644,-0.0,-0.0
2025-06-03 12:00:00,27045.4890388,-0.0,-0.0
2025-06-03 13:00:00,26197.5944741,-0.0,-0.0
2025-06-03 14:00:00,26926.21083,-0.0,-0.0
2025-06-03 15:00:00,27583.2837583,-0.0,-0.0
2025-06-03 16:00:00,28383.6212166,-0.0,-0.0
2025-06-03 17:00:00,29281.3189839,-0.0,-0.0
2025-06-03 18:00:00,29040.720337,-0.0,-0.0
2025-06-03 19:00:00,29094.721974,-0.0,-0.0
2025-06-03 20:00:00,108.87804484857055,15873.654411947797,13470.613771203532
2025-06-03 21:00:00,-0.0,15873.654411947797,13310.772023052103
2025-06-03 22:00:00,-0.0,15873.654411947797,11640.589830052204
2025-06-03 23:00:00,-0.0,15873.654411947797,10156.159300052203
2025-06-04 00:00:00,-0.0,15873.654411947797,9175.382915052201
2025-06-04 01:00:00,-0.0,15873.654411947797,8191.785975052202
2025-06-04 02:00:00,-0.0,15873.654411947797,7298.426888052103
2025-06-04 03:00:00,-0.0,15873.654411947797,6835.332872052202
2025-06-04 04:00:00,-0.0,15873.654411947797,6864.083773052202
2025-06-04 05:00:00,566.1658332125992,15873.654411947797,6968.967724839606
2025-06-04 06:00:00,24661.665524,-0.0,-0.0
2025-06-04 07:00:00,27805.7213649999,-0.0,-0.0
2025-06-04 08:00:00,29281.75929,-0.0,-0.0
2025-06-04 09:00:00,30261.286035,-0.0,-0.0
2025-06-04 10:00:00,30065.6949269,-0.0,-0.0
2025-06-04 11:00:00,29452.4312170399,-0.0,-0.0
2025-06-04 12:00:00,28516.437091,-0.0,-0.0
2025-06-04 13:00:00,27919.8832019999,-0.0,-0.0
2025-06-04 14:00:00,27302.362177,-0.0,-0.0
2025-06-04 15:00:00,27201.018969,-0.0,-0.0
2025-06-04 16:00:00,28228.5922809999,-0.0,-0.0
2025-06-04 17:00:00,29584.925357,-0.0,-0.0
2025-06-04 18:00:00,30184.453696,-0.0,-0.0
2025-06-04 19:00:00,30319.75081,-0.0,-0.0
2025-06-04 20:00:00,7537.471504803498,15873.654411947797,7144.298703248707
2025-06-04 21:00:00,320.4125319829616,15873.654411947797,13523.536650069242
2025-06-04 22:00:00,-0.0,15873.654411947797,12216.321282052204
2025-06-04 23:00:00,-0.0,15873.654411947797,10747.894253052202
2025-06-05 00:00:00,-0.0,15873.654411947797,9559.058923052204
2025-06-05 01:00:00,-0.0,15873.654411947797,8486.447900052202
2025-06-05 02:00:00,-0.0,15873.654411947797,7573.300033052203
2025-06-05 03:00:00,-0.0,15873.654411947797,7030.941415052204
2025-06-05 04:00:00,-0.0,15873.654411947797,7059.988619052203
2025-06-05 05:00:00,1598.9518586334732,15873.654411947797,6318.1800044187285
2025-06-05 06:00:00,25487.4404379999,-0.0,-0.0
2025-06-05 07:00:00,29152.015871,-0.0,-0.0
2025-06-05 08:00:00,31017.155165,-0.0,-0.0
2025-06-05 09:00:00,31042.9832869,-0.0,-0.0
2025-06-05 10:00:00,30316.1838806,-0.0,-0.0
2025-06-05 11:00:00,28436.839232,-0.0,-0.0
2025-06-05 12:00:00,27845.5692859999,-0.0,-0.0
2025-06-05 13:00:00,26480.822168,-0.0,-0.0
2025-06-05 14:00:00,26588.868239,-0.0,-0.0
2025-06-05 15:00:00,27201.002836,-0.0,-0.0
2025-06-05 16:00:00,27773.6417039999,-0.0,-0.0
2025-06-05 17:00:00,28885.810682,-0.0,-0.0
2025-06-05 18:00:00,29376.06866051,-0.0,-0.0
2025-06-05 19:00:00,29961.6696197,-0.0,-0.0
2025-06-05 20:00:00,1626.9490701659695,15873.654411947797,12394.271944886234
2025-06-05 21:00:00,-0.0,15873.654411947797,13618.324172052102
2025-06-05 22:00:00,-0.0,15873.654411947797,12250.819962052103
2025-06-05 23:00:00,-0.0,15873.654411947797,10460.671263052203
2025-06-06 00:00:00,-0.0,15873.654411947797,9349.710020052202
2025-06-06 01:00:00,-0.0,15873.654411947797,8312.806789052202
2025-06-06 02:00:00,-0.0,15873.654411947797,7292.318569052202
2025-06-06 03:00:00,-0.0,15873.654411947797,6758.689242052204
2025-06-06 04:00:00,-0.0,15873.654411947797,6862.805039052202
2025-06-06 05:00:00,1630.0598714473851,15873.654411947797,6046.724130604818
2025-06-06 06:00:00,25025.224012,-0.0,-0.0
2025-06-06 07:00:00,27866.582386,-0.0,-0.0
2025-06-06 08:00:00,29321.881881,-0.0,-0.0
2025-06-06 09:00:00,30195.699257,-0.0,-0.0
2025-06-06 10:00:00,29414.0657569,-0.0,-0.0
2025-06-06 11:00:00,28217.1787000999,-0.0,-0.0
2025-06-06 12:00:00,28088.167727,-0.0,-0.0
2025-06-06 13:00:00,27158.269151,-0.0,-0.0
2025-06-06 14:00:00,26395.989845,-0.0,-0.0
2025-06-06 15:00:00,27231.597969,-0.0,-0.0
2025-06-06 16:00:00,28140.316474,-0.0,-0.0
2025-06-06 17:00:00,28930.0620229,-0.0,-0.0
2025-06-06 18:00:00,29695.471896,-0.0,-0.0
2025-06-06 19:00:00,29915.858381,-0.0,-0.0
2025-06-06 20:00:00,2550.857050738273,15873.654411947797,11503.946643313928
2025-06-06 21:00:00,569.2766344940146,15873.654411947797,12960.720964558186
2025-06-06 22:00:00,687.4870831867506,15873.654411947797,11617.625945865453
2025-06-06 23:00:00,77.77003203470458,15873.654411947797,10818.140850017498
2025-06-07 00:00:00,-0.0,15873.654411947797,9562.008120052202
2025-06-07 01:00:00,-0.0,15873.654411947797,8546.669405052204
2025-06-07 02:00:00,-0.0,15873.654411947797,7507.838695052202
2025-06-07 03:00:00,-0.0,15873.654411947797,6549.324433052103
2025-06-07 04:00:00,-0.0,15873.654411947797,6380.124523052202
2025-06-07 05:00:00,2277.1065379761394,15873.654411947797,4141.590626076065
2025-06-07 06:00:00,22915.83671,-0.0,-0.0
2025-06-07 07:00:00,26219.004095,-0.0,-0.0
2025-06-07 08:00:00,27506.7580299999,-0.0,-0.0
2025-06-07 09:00:00,27788.2394301,-0.0,-0.0
2025-06-07 10:00:00,27103.921529,-0.0,-0.0
2025-06-07 11:00:00,25756.173422,-0.0,-0.0
2025-06-07 12:00:00,25085.7558079999,-0.0,-0.0
2025-06-07 13:00:00,24215.86087,-0.0,-0.0
2025-06-07 14:00:00,24056.643904,-0.0,-0.0
2025-06-07 15:00:00,23523.15695,-0.0,-0.0
2025-06-07 16:00:00,24562.9525,-0.0,-0.0
2025-06-07 17:00:00,26547.410136,-0.0,-0.0
2025-06-07 18:00:00,27956.848485,-0.0,-0.0
2025-06-07 19:00:00,28695.42129227,-0.0,-0.0
2025-06-07 20:00:00,1978.4696149628433,15873.654411947797,10910.303594089359
2025-06-07 21:00:00,628.3818588403423,15873.654411947797,11851.563427211862
2025-06-07 22:00:00,808.8083331609021,15873.654411947797,10418.909031891302
2025-06-07 23:00:00,830.5839421305677,15873.654411947797,9294.005534921636
2025-06-08 00:00:00,858.5811536630642,15873.654411947797,7839.984329389137
2025-06-08 01:00:00,802.5867305980713,15873.654411947797,6796.472565454132
2025-06-08 02:00:00,811.9191344422367,15873.654411947797,5681.314506609965
2025-06-08 03:00:00,821.2515382864023,15873.654411947797,5016.5331627658015
2025-06-08 04:00:00,849.2487498188987,15873.654411947797,4650.434618233205
2025-06-08 05:00:00,3546.313460782485,15873.654411947797,1646.8433172697187
2025-06-08 06:00:00,21607.329421,-0.0,-0.0
2025-06-08 07:00:00,24353.9008652,-0.0,-0.0
2025-06-08 08:00:00,25189.6818144,-0.0,-0.0
2025-06-08 09:00:00,24113.25057,-0.0,-0.0
2025-06-08 10:00:00,24055.95638,-0.0,-0.0
2025-06-08 11:00:00,24154.556854,-0.0,-0.0
2025-06-08 12:00:00,23443.55481,-0.0,-0.0
2025-06-08 13:00:00,23400.04539,-0.0,-0.0
2025-06-08 14:00:00,23241.592507,-0.0,-0.0
2025-06-08 15:00:00,24317.783349,-0.0,-0.0
2025-06-08 16:00:00,25282.186821,-0.0,-0.0
2025-06-08 17:00:00,27123.407109,-0.0,-0.0
2025-06-08 18:00:00,28318.629811,-0.0,-0.0
2025-06-08 19:00:00,28972.888457,-0.0,-0.0
2025-06-08 20:00:00,1014.1212177325431,15873.654411947797,12254.080729319661
2025-06-08 21:00:00,-0.0,15873.654411947797,12663.708344052202
2025-06-08 22:00:00,-0.0,15873.654411947797,10872.760751052103
2025-06-08 23:00:00,-0.0,15873.654411947797,9164.638735052204
2025-06-09 00:00:00,-0.0,15873.654411947797,8355.283021052202
2025-06-09 01:00:00,-0.0,15873.654411947797,7231.388934052202
2025-06-09 02:00:00,-0.0,15873.654411947797,6306.976103052204
2025-06-09 03:00:00,-0.0,15873.654411947797,5932.9198050522045
2025-06-09 04:00:00,-0.0,15873.654411947797,6064.187285052203
2025-06-09 05:00:00,2239.776922599477,15873.654411947797,4617.706726452728
2025-06-09 06:00:00,24790.2193889999,-0.0,-0.0
2025-06-09 07:00:00,28547.560622,-0.0,-0.0
2025-06-09 08:00:00,30428.9855977,-0.0,-0.0
2025-06-09 09:00:00,30272.205349,-0.0,-0.0
2025-06-09 10:00:00,29280.902843,-0.0,-0.0
2025-06-09 11:00:00,27929.846068,-0.0,-0.0
2025-06-09 12:00:00,27275.576209,-0.0,-0.0
2025-06-09 13:00:00,27325.759829,-0.0,-0.0
2025-06-09 14:00:00,27807.3265609999,-0.0,-0.0
2025-06-09 15:00:00,28273.0178399999,-0.0,-0.0
2025-06-09 16:00:00,28803.7476,-0.0,-0.0
2025-06-09 17:00:00,30286.4967629999,-0.0,-0.0
2025-06-09 18:00:00,31581.825497,-0.0,-0.0
2025-06-09 19:00:00,31987.532697,-0.0,-0.0
2025-06-09 20:00:00,1639.3922752915505,15873.654411947797,14195.634702760653
2025-06-09 21:00:00,-0.0,15873.654411947797,15070.010923652202
2025-06-09 22:00:00,-0.0,15873.654411947797,13034.900677052205
2025-06-09 23:00:00,-0.0,15873.654411947797,11141.487958052103
2025-06-10 00:00:00,-0.0,15873.654411947797,9804.744562052203
2025-06-10 01:00:00,-0.0,15873.654411947797,8570.790505052204
2025-06-10 02:00:00,-0.0,15873.654411947797,7345.089744052204
2025-06-10 03:00:00,-0.0,15873.654411947797,6917.170143052203
2025-06-10 04:00:00,-0.0,15873.654411947797,7001.5455590522015
2025-06-10 05:00:00,1872.702371395607,15873.654411947797,5748.843798656598
2025-06-10 06:00:00,24894.671908,-0.0,-0.0
2025-06-10 07:00:00,27885.085779,-0.0,-0.0
2025-06-10 08:00:00,29929.1170421,-0.0,-0.0
2025-06-10 09:00:00,30086.8893791999,-0.0,-0.0
2025-06-10 10:00:00,29134.2107489999,-0.0,-0.0
2025-06-10 11:00:00,28213.0590449999,-0.0,-0.0
2025-06-10 12:00:00,27743.756112,-0.0,-0.0
2025-06-10 13:00:00,28117.4812939999,-0.0,-0.0
2025-06-10 14:00:00,28351.572525,-0.0,-0.0
2025-06-10 15:00:00,28889.537117,-0.0,-0.0
2025-06-10 16:00:00,29755.309702,-0.0,-0.0
2025-06-10 17:00:00,30957.9428449999,-0.0,-0.0
2025-06-10 18:00:00,32060.37961,-0.0,-0.0
2025-06-10 19:00:00,32293.239135,-0.0,-0.0
2025-06-10 20:00:00,2877.4911852840655,15873.654411947797,13207.496072888138
2025-06-10 21:00:00,-0.0,15873.654411947797,15215.280098152203
2025-06-10 22:00:00,52.88362178359912,15873.654411947797,13253.736279268503
2025-06-10 23:00:00,31.108012813881835,15873.654411947797,11519.757477238321
2025-06-11 00:00:00,15.554006406940918,15873.654411947797,9997.267265645263
2025-06-11 01:00:00,-0.0,15873.654411947797,8835.035093052202
2025-06-11 02:00:00,-0.0,15873.654411947797,7569.893178052202
2025-06-11 03:00:00,-0.0,15873.654411947797,7134.406912052202
2025-06-11 04:00:00,-0.0,15873.654411947797,7300.732869052203
2025-06-11 05:00:00,2609.9622750846816,15873.654411947797,5363.6364409675225
2025-06-11 06:00:00,25321.028049,-0.0,-0.0
2025-06-11 07:00:00,28111.783011,-0.0,-0.0
2025-06-11 08:00:00,29512.0362722,-0.0,-0.0
2025-06-11 09:00:00,29779.0778241,-0.0,-0.0
2025-06-11 10:00:00,28634.9917399999,-0.0,-0.0
2025-06-11 11:00:00,27762.42821,-0.0,-0.0
2025-06-11 12:00:00,27448.020765,-0.0,-0.0
2025-06-11 13:00:00,27256.507111,-0.0,-0.0
2025-06-11 14:00:00,26820.420667,-0.0,-0.0
2025-06-11 15:00:00,27440.4424689999,-0.0,-0.0
2025-06-11 16:00:00,28395.085811,-0.0,-0.0
2025-06-11 17:00:00,29512.907131,-0.0,-0.0
2025-06-11 18:00:00,30787.6342322,-0.0,-0.0
2025-06-11 19:00:00,31197.894724,-0.0,-0.0
2025-06-11 20:00:00,2858.8263775957344,15873.654411947797,12211.925632456469
2025-06-11 21:00:00,983.0132049186311,15873.654411947797,13489.081704133572
2025-06-11 22:00:00,-0.0,15873.654411947797,12652.510427052102
2025-06-11 23:00:00,-0.0,15873.654411947797,11099.457161052202
2025-06-12 00:00:00,-0.0,15873.654411947797,9648.639224052202
2025-06-12 01:00:00,-0.0,15873.654411947797,8465.942664052202
2025-06-12 02:00:00,-0.0,15873.654411947797,7410.817325052203
2025-06-12 03:00:00,-0.0,15873.654411947797,7105.978192052202
2025-06-12 04:00:00,-0.0,15873.654411947797,7023.057273052202
2025-06-12 05:00:00,2221.112114911146,15873.654411947797,5563.7601211410565
2025-06-12 06:00:00,24643.440417,-0.0,-0.0
2025-06-12 07:00:00,27839.27276,-0.0,-0.0
2025-06-12 08:00:00,28929.0650365,-0.0,-0.0
2025-06-12 09:00:00,29198.505128,-0.0,-0.0
2025-06-12 10:00:00,28524.178089,-0.0,-0.0
2025-06-12 11:00:00,27886.675197,-0.0,-0.0
2025-06-12 12:00:00,27263.154598,-0.0,-0.0
2025-06-12 13:00:00,26424.465074,-0.0,-0.0
2025-06-12 14:00:00,26472.260432,-0.0,-0.0
2025-06-12 15:00:00,27306.1436819999,-0.0,-0.0
2025-06-12 16:00:00,28036.927661,-0.0,-0.0
2025-06-12 17:00:00,29087.325038,-0.0,-0.0
2025-06-12 18:00:00,30089.0318109,-0.0,-0.0
2025-06-12 19:00:00,30351.057053,-0.0,-0.0
2025-06-12 20:00:00,10225.20381192292,15873.654411947797,4230.533475129283
2025-06-12 21:00:00,1866.4807688328572,15873.654411947797,12020.171666219347
2025-06-12 22:00:00,-0.0,15873.654411947797,12419.632441052103
2025-06-12 23:00:00,-0.0,15873.654411947797,10620.004985052203
2025-06-13 00:00:00,-0.0,15873.654411947797,9684.173561052203
2025-06-13 01:00:00,-0.0,15873.654411947797,8286.184338052202
2025-06-13 02:00:00,-0.0,15873.654411947797,7272.463745052204
2025-06-13 03:00:00,-0.0,15873.654411947797,6528.205255052204
2025-06-13 04:00:00,-0.0,15873.654411947797,6556.763751052202
2025-06-13 05:00:00,1882.034775239773,15873.654411947797,5379.844398812432
2025-06-13 06:00:00,24167.65352,-0.0,-0.0
2025-06-13 07:00:00,26480.684482,-0.0,-0.0
2025-06-13 08:00:00,28302.4199774,-0.0,-0.0
2025-06-13 09:00:00,28092.401772,-0.0,-0.0
2025-06-13 10:00:00,27693.776758,-0.0,-0.0
2025-06-13 11:00:00,28073.954605,-0.0,-0.0
2025-06-13 12:00:00,27175.957284,-0.0,-0.0
2025-06-13 13:00:00,26627.504232,-0.0,-0.0
2025-06-13 14:00:00,26566.145464,-0.0,-0.0
2025-06-13 15:00:00,27175.829328,-0.0,-0.0
2025-06-13 16:00:00,28325.72334,-0.0,-0.0
2025-06-13 17:00:00,29002.182888,-0.0,-0.0
2025-06-13 18:00:00,29839.606539,-0.0,-0.0
2025-06-13 19:00:00,30080.049917,-0.0,-0.0
2025-06-13 20:00:00,1119.888461299698,15873.654411947797,12905.701910752505
2025-06-13 21:00:00,-0.0,15873.654411947797,13593.672807052202
2025-06-13 22:00:00,-0.0,15873.654411947797,12182.386517052202
2025-06-13 23:00:00,-0.0,15873.654411947797,10456.597592052103
2025-06-14 00:00:00,-0.0,15873.654411947797,9276.385007052204
2025-06-14 01:00:00,-0.0,15873.654411947797,7989.9580800522035
2025-06-14 02:00:00,-0.0,15873.654411947797,6958.0970900522025
2025-06-14 03:00:00,-0.0,15873.654411947797,6214.128798052205
2025-06-14 04:00:00,-0.0,15873.654411947797,5937.406609052205
2025-06-14 05:00:00,1878.9239739584382,15873.654411947797,4130.345724093765
2025-06-14 06:00:00,22163.409295,-0.0,-0.0
2025-06-14 07:00:00,24552.191369,-0.0,-0.0
2025-06-14 08:00:00,26322.0469433,-0.0,-0.0
2025-06-14 09:00:00,25610.6658844,-0.0,-0.0
2025-06-14 10:00:00,24746.420935,-0.0,-0.0
2025-06-14 11:00:00,23660.518624,-0.0,-0.0
2025-06-14 12:00:00,23089.940286,-0.0,-0.0
2025-06-14 13:00:00,23391.367666,-0.0,-0.0
2025-06-14 14:00:00,24070.268723,-0.0,-0.0
2025-06-14 15:00:00,25661.359853,-0.0,-0.0
2025-06-14 16:00:00,26432.17284,-0.0,-0.0
2025-06-14 17:00:00,27832.8411432,-0.0,-0.0
2025-06-14 18:00:00,29457.09847,-0.0,-0.0
2025-06-14 19:00:00,30034.984239,-0.0,-0.0
2025-06-14 20:00:00,14639.430830212716,15358.503280787283,-0.0
2025-06-14 21:00:00,13559.982785571015,15873.654411947797,74.82278748118915
2025-06-14 22:00:00,2084.236858530079,15873.654411947797,9629.873138522124
2025-06-14 23:00:00,-0.0,15873.654411947797,9843.636601052202
2025-06-15 00:00:00,-0.0,15873.654411947797,8796.503813052203
2025-06-15 01:00:00,-0.0,15873.654411947797,7404.0019860522025
2025-06-15 02:00:00,-0.0,15873.654411947797,6352.562103052203
2025-06-15 03:00:00,-0.0,15873.654411947797,5613.199375052203
2025-06-15 04:00:00,-0.0,15873.654411947797,5152.4880130522015
2025-06-15 05:00:00,1938.0291983047657,15873.654411947797,3125.082632747436
2025-06-15 06:00:00,21302.6398219999,-0.0,-0.0
2025-06-15 07:00:00,23639.7343799999,-0.0,-0.0
2025-06-15 08:00:00,24062.9481649999,-0.0,-0.0
2025-06-15 09:00:00,23896.675392,-0.0,-0.0
2025-06-15 10:00:00,23703.722896,-0.0,-0.0
2025-06-15 11:00:00,23345.568118,-0.0,-0.0
2025-06-15 12:00:00,23687.031178,-0.0,-0.0
2025-06-15 13:00:00,24057.773315,-0.0,-0.0
2025-06-15 14:00:00,24789.602194,-0.0,-0.0
2025-06-15 15:00:00,26648.338987,-0.0,-0.0
2025-06-15 16:00:00,28589.421764,-0.0,-0.0
2025-06-15 17:00:00,30286.3296659999,-0.0,-0.0
2025-06-15 18:00:00,31900.320836,-0.0,-0.0
2025-06-15 19:00:00,32325.024842,-0.0,-0.0
2025-06-15 20:00:00,7123.734934378882,15873.654411947797,8633.499565673319
2025-06-15 21:00:00,-0.0,15873.654411947797,14872.073984052202
2025-06-15 22:00:00,-0.0,15873.654411947797,12783.548121052203
2025-06-15 23:00:00,-0.0,15873.654411947797,10429.321337052204
2025-06-16 00:00:00,-0.0,15873.654411947797,9080.559447052203
2025-06-16 01:00:00,-0.0,15873.654411947797,7662.624146052205
2025-06-16 02:00:00,-0.0,15873.654411947797,6775.543048052203
2025-06-16 03:00:00,-0.0,15873.654411947797,6055.375784052203
2025-06-16 04:00:00,-0.0,15873.654411947797,6166.337662052205
2025-06-16 05:00:00,2407.7601917943753,15873.654411947797,4576.132154257828
2025-06-16 06:00:00,24357.439227,-0.0,-0.0
2025-06-16 07:00:00,27415.290252,-0.0,-0.0
2025-06-16 08:00:00,28874.80896475,-0.0,-0.0
2025-06-16 09:00:00,29614.9611611,-0.0,-0.0
2025-06-16 10:00:00,29607.705194,-0.0,-0.0
2025-06-16 11:00:00,29130.459284,-0.0,-0.0
2025-06-16 12:00:00,28874.348639,-0.0,-0.0
2025-06-16 13:00:00,28977.628394,-0.0,-0.0
2025-06-16 14:00:00,29894.612273,-0.0,-0.0
2025-06-16 15:00:00,30719.65856,-0.0,-0.0
2025-06-16 16:00:00,32075.8443007,-0.0,-0.0
2025-06-16 17:00:00,33351.8528992,-0.0,-0.0
2025-06-16 18:00:00,34651.122624,-0.0,-0.0
2025-06-16 19:00:00,34718.587558,-0.0,-0.0
2025-06-16 20:00:00,7164.175351036959,15873.654411947797,10775.194602015239
2025-06-16 21:00:00,-0.0,15873.654411947797,16990.880861052203
2025-06-16 22:00:00,-0.0,15873.654411947797,14784.753411052103
2025-06-16 23:00:00,-0.0,15873.654411947797,12370.204435052203
2025-06-17 00:00:00,-0.0,15873.654411947797,10516.922245052205
2025-06-17 01:00:00,-0.0,15873.654411947797,9161.993434052203
2025-06-17 02:00:00,-0.0,15873.654411947797,7935.205051052204
2025-06-17 03:00:00,-0.0,15873.654411947797,7436.394682052205
2025-06-17 04:00:00,-0.0,15873.654411947797,7393.627840052102
2025-06-17 05:00:00,1863.3699675514417,15873.654411947797,6195.048274500761
2025-06-17 06:00:00,25224.042686,-0.0,-0.0
2025-06-17 07:00:00,28912.317194,-0.0,-0.0
2025-06-17 08:00:00,31103.483203,-0.0,-0.0
2025-06-17 09:00:00,31040.174754,-0.0,-0.0
2025-06-17 10:00:00,30129.1344543,-0.0,-0.0
2025-06-17 11:00:00,29198.1724395,-0.0,-0.0
2025-06-17 12:00:00,28691.048424,-0.0,-0.0
2025-06-17 13:00:00,29423.040621,-0.0,-0.0
2025-06-17 14:00:00,30436.013863,-0.0,-0.0
2025-06-17 15:00:00,31803.7148409,-0.0,-0.0
2025-06-17 16:00:00,32791.45555,-0.0,-0.0
2025-06-17 17:00:00,34418.7533016,-0.0,-0.0
2025-06-17 18:00:00,34996.3233861,-0.0,-0.0
2025-06-17 19:00:00,34666.5364369999,-0.0,-0.0
2025-06-17 20:00:00,2305.1037495086352,15873.654411947797,15625.366255543566
2025-06-17 21:00:00,-0.0,15873.654411947797,16995.278732052102
2025-06-17 22:00:00,-0.0,15873.654411947797,15050.118585052203
2025-06-17 23:00:00,-0.0,15873.654411947797,12667.004100052103
2025-06-18 00:00:00,-0.0,15873.654411947797,11072.329049052203
2025-06-18 01:00:00,-0.0,15873.654411947797,9652.052804052202
2025-06-18 02:00:00,-0.0,15873.654411947797,8834.444726052103
2025-06-18 03:00:00,-0.0,15873.654411947797,8228.790956052204
2025-06-18 04:00:00,-0.0,15873.654411947797,8099.664428052203
2025-06-18 05:00:00,1574.065448382392,15873.654411947797,6862.8841496698105
2025-06-18 06:00:00,25916.183868,-0.0,-0.0
2025-06-18 07:00:00,29594.929006,-0.0,-0.0
2025-06-18 08:00:00,31200.401237,-0.0,-0.0
2025-06-18 09:00:00,30712.1014832,-0.0,-0.0
2025-06-18 10:00:00,30161.3237209,-0.0,-0.0
2025-06-18 11:00:00,29728.733505,-0.0,-0.0
2025-06-18 12:00:00,30052.315157,-0.0,-0.0
2025-06-18 13:00:00,30365.220096,-0.0,-0.0
2025-06-18 14:00:00,30775.857508,-0.0,-0.0
2025-06-18 15:00:00,32524.8791629999,-0.0,-0.0
2025-06-18 16:00:00,34203.2314175,-0.0,-0.0
2025-06-18 17:00:00,35815.3737513999,-0.0,-0.0
2025-06-18 18:00:00,36284.0749608,-0.0,-0.0
2025-06-18 19:00:00,36031.9102814,-0.0,-0.0
2025-06-18 20:00:00,2339.3225636038824,15873.654411947797,16786.46605244832
2025-06-18 21:00:00,429.2905768315321,15873.654411947797,17679.02868122067
2025-06-18 22:00:00,569.2766344940146,15873.654411947797,15364.019900558087
2025-06-18 23:00:00,653.2682690915041,15873.654411947797,12774.444726960697
2025-06-19 00:00:00,759.0355126586592,15873.654411947797,10704.772460393542
2025-06-19 01:00:00,743.4815062517437,15873.654411947797,9280.88341880036
2025-06-19 02:00:00,746.592307533159,15873.654411947797,7792.701583519045
2025-06-19 03:00:00,749.7031088144937,15873.654411947797,6785.28212923771
2025-06-19 04:00:00,693.7086857495007,15873.654411947797,6690.785071302703
2025-06-19 05:00:00,3182.3497108601114,15873.654411947797,4623.528394192092
2025-06-19 06:00:00,24945.281682,-0.0,-0.0
2025-06-19 07:00:00,28414.432178,-0.0,-0.0
2025-06-19 08:00:00,29840.8475718999,-0.0,-0.0
2025-06-19 09:00:00,29140.639447,-0.0,-0.0
2025-06-19 10:00:00,28402.334962,-0.0,-0.0
2025-06-19 11:00:00,28186.817539,-0.0,-0.0
2025-06-19 12:00:00,27827.416516,-0.0,-0.0
2025-06-19 13:00:00,28148.18694,-0.0,-0.0
2025-06-19 14:00:00,28419.385507,-0.0,-0.0
2025-06-19 15:00:00,28865.442914,-0.0,-0.0
2025-06-19 16:00:00,29459.530561,-0.0,-0.0
2025-06-19 17:00:00,30552.770588,-0.0,-0.0
2025-06-19 18:00:00,31760.85520859,-0.0,-0.0
2025-06-19 19:00:00,31337.31909,-0.0,-0.0
2025-06-19 20:00:00,2059.350448278917,15873.654411947797,13077.580230773185
2025-06-19 21:00:00,721.7058972819972,15873.654411947797,13875.626257770205
2025-06-19 22:00:00,818.1407370050676,15873.654411947797,12047.206605047035
2025-06-19 23:00:00,889.6891664769762,15873.654411947797,10365.635906575228
2025-06-20 00:00:00,886.5783651955608,15873.654411947797,8816.929809856641
2025-06-20 01:00:00,889.6891664769762,15873.654411947797,7664.1406235752265
2025-06-20 02:00:00,855.4703523817296,15873.654411947797,6513.294033670472
2025-06-20 03:00:00,917.6863780094726,15873.654411947797,5689.85189804273
2025-06-20 04:00:00,892.7999677583915,15873.654411947797,5681.599178293812
2025-06-20 05:00:00,2945.928813474559,15873.654411947797,4405.859687577644
2025-06-20 06:00:00,24273.9051889999,-0.0,-0.0
2025-06-20 07:00:00,26934.198587,-0.0,-0.0
2025-06-20 08:00:00,29410.5335106,-0.0,-0.0
2025-06-20 09:00:00,29057.9403791999,-0.0,-0.0
2025-06-20 10:00:00,27949.721911,-0.0,-0.0
2025-06-20 11:00:00,27327.885379,-0.0,-0.0
2025-06-20 12:00:00,25399.518193,-0.0,-0.0
2025-06-20 13:00:00,24908.79365,-0.0,-0.0
2025-06-20 14:00:00,24450.644929,-0.0,-0.0
2025-06-20 15:00:00,25066.400841,-0.0,-0.0
2025-06-20 16:00:00,26177.387091,-0.0,-0.0
2025-06-20 17:00:00,27773.055835,-0.0,-0.0
2025-06-20 18:00:00,28495.4394953999,-0.0,-0.0
2025-06-20 19:00:00,28582.675662,-0.0,-0.0
2025-06-20 20:00:00,2336.2117623224667,15873.654411947797,10462.019273729737
2025-06-20 21:00:00,-0.0,15873.654411947797,12473.941551052203
2025-06-20 22:00:00,-0.0,15873.654411947797,11211.418262052202
2025-06-20 23:00:00,-0.0,15873.654411947797,10097.802509052204
2025-06-21 00:00:00,-0.0,15873.654411947797,8809.164660052202
2025-06-21 01:00:00,-0.0,15873.654411947797,7820.705252052203
2025-06-21 02:00:00,-0.0,15873.654411947797,6533.181850052204
2025-06-21 03:00:00,-0.0,15873.654411947797,6005.791783052204
2025-06-21 04:00:00,-0.0,15873.654411947797,5951.143409052203
2025-06-21 05:00:00,2264.663332850558,15873.654411947797,3830.741206201644
2025-06-21 06:00:00,22509.368091,-0.0,-0.0
2025-06-21 07:00:00,24488.9224699999,-0.0,-0.0
2025-06-21 08:00:00,24946.6717893,-0.0,-0.0
2025-06-21 09:00:00,24501.076554,-0.0,-0.0
2025-06-21 10:00:00,23590.188809,-0.0,-0.0
2025-06-21 11:00:00,23584.56599,-0.0,-0.0
2025-06-21 12:00:00,22679.3320279999,-0.0,-0.0
2025-06-21 13:00:00,21532.650216,-0.0,-0.0
2025-06-21 14:00:00,20786.359805,-0.0,-0.0
2025-06-21 15:00:00,21125.8297959999,-0.0,-0.0
2025-06-21 16:00:00,21688.0104799999,-0.0,-0.0
2025-06-21 17:00:00,23417.065052,-0.0,-0.0
2025-06-21 18:00:00,24980.068566,-0.0,-0.0
2025-06-21 19:00:00,25623.9512469999,-0.0,-0.0
2025-06-21 20:00:00,1178.9936856461065,15873.654411947797,9210.041724406097
2025-06-21 21:00:00,-0.0,15873.654411947797,10356.246186052203
2025-06-21 22:00:00,-0.0,15873.654411947797,9709.633393052203
2025-06-21 23:00:00,-0.0,15873.654411947797,8212.415734052202
2025-06-22 00:00:00,-0.0,15873.654411947797,7568.1439710522045
2025-06-22 01:00:00,-0.0,15873.654411947797,6707.7761250522035
2025-06-22 02:00:00,-0.0,15873.654411947797,5646.910665052203
2025-06-22 03:00:00,-0.0,15873.654411947797,4948.879449052203
2025-06-22 04:00:00,-0.0,15873.654411947797,4650.874530052204
2025-06-22 05:00:00,1888.2563778026035,15873.654411947797,2601.6741612496007
2025-06-22 06:00:00,20180.7603,-0.0,-0.0
2025-06-22 07:00:00,22166.332441,-0.0,-0.0
2025-06-22 08:00:00,23678.128588,-0.0,-0.0
2025-06-22 09:00:00,23636.59553355,-0.0,-0.0
2025-06-22 10:00:00,22485.8461284,-0.0,-0.0
2025-06-22 11:00:00,21813.030194,-0.0,-0.0
2025-06-22 12:00:00,21570.918372,-0.0,-0.0
2025-06-22 13:00:00,21043.25761,-0.0,-0.0
2025-06-22 14:00:00,20933.563615,-0.0,-0.0
2025-06-22 15:00:00,21287.083914,-0.0,-0.0
2025-06-22 16:00:00,22909.084017,-0.0,-0.0
2025-06-22 17:00:00,25433.5411312,-0.0,-0.0
2025-06-22 18:00:00,26892.462411,-0.0,-0.0
2025-06-22 19:00:00,27550.506877,-0.0,-0.0
2025-06-22 20:00:00,2662.8458968682594,15873.654411947797,9310.254283183946
2025-06-22 21:00:00,727.927499844828,15873.654411947797,11155.816473207376
2025-06-22 22:00:00,874.1351600700606,15873.654411947797,9450.897884982143
2025-06-22 23:00:00,899.0215703211416,15873.654411947797,7681.35771373106
2025-06-23 00:00:00,930.1295831350535,15873.654411947797,6569.57802291715
2025-06-23 01:00:00,927.0187818536382,15873.654411947797,5616.711107198564
2025-06-23 02:00:00,911.4647754467226,15873.654411947797,4686.84448660548
2025-06-23 03:00:00,867.9135575072296,15873.654411947797,4368.535369544975
2025-06-23 04:00:00,877.2459613513952,15873.654411947797,4681.390996700808
2025-06-23 05:00:00,3039.252851916214,15873.654411947797,3558.430032135889
2025-06-23 06:00:00,23431.9144969999,-0.0,-0.0
2025-06-23 07:00:00,25595.9924719999,-0.0,-0.0
2025-06-23 08:00:00,27767.6440022,-0.0,-0.0
2025-06-23 09:00:00,28541.4349764,-0.0,-0.0
2025-06-23 10:00:00,28209.8543723,-0.0,-0.0
2025-06-23 11:00:00,27658.979398,-0.0,-0.0
2025-06-23 12:00:00,27264.67782,-0.0,-0.0
2025-06-23 13:00:00,27306.195084,-0.0,-0.0
2025-06-23 14:00:00,27039.882532,-0.0,-0.0
2025-06-23 15:00:00,27647.988814,-0.0,-0.0
2025-06-23 16:00:00,28041.07388,-0.0,-0.0
2025-06-23 17:00:00,29270.253157,-0.0,-0.0
2025-06-23 18:00:00,29916.574583,-0.0,-0.0
2025-06-23 19:00:00,30126.348201,-0.0,-0.0
2025-06-23 20:00:00,1244.320512555265,15873.654411947797,12945.963466496938
2025-06-23 21:00:00,-0.0,15873.654411947797,13624.269435052202
2025-06-23 22:00:00,-0.0,15873.654411947797,11920.793040052204
2025-06-23 23:00:00,-0.0,15873.654411947797,10145.788290052204
2025-06-24 00:00:00,-0.0,15873.654411947797,8845.043356052103
2025-06-24 01:00:00,236.4208973854721,15873.654411947797,7617.239172666733
2025-06-24 02:00:00,-0.0,15873.654411947797,6887.563279052103
2025-06-24 03:00:00,-0.0,15873.654411947797,6255.610890052203
2025-06-24 04:00:00,-0.0,15873.654411947797,6465.786068052103
2025-06-24 05:00:00,1938.0291983047657,15873.654411947797,5426.426846747437
2025-06-24 06:00:00,24221.627806,-0.0,-0.0
2025-06-24 07:00:00,26344.081024,-0.0,-0.0
2025-06-24 08:00:00,28947.95706329,-0.0,-0.0
2025-06-24 09:00:00,28851.108399,-0.0,-0.0
2025-06-24 10:00:00,28840.18075,-0.0,-0.0
2025-06-24 11:00:00,28051.537011,-0.0,-0.0
2025-06-24 12:00:00,26857.664455,-0.0,-0.0
2025-06-24 13:00:00,26645.654076,-0.0,-0.0
2025-06-24 14:00:00,26280.2318739999,-0.0,-0.0
2025-06-24 15:00:00,26100.341684,-0.0,-0.0
2025-06-24 16:00:00,26868.230272,-0.0,-0.0
2025-06-24 17:00:00,28253.542946,-0.0,-0.0
2025-06-24 18:00:00,29519.289982,-0.0,-0.0
2025-06-24 19:00:00,29548.429135,-0.0,-0.0
2025-06-24 20:00:00,5369.24301167593,15873.654411947797,8371.593510376275
2025-06-24 21:00:00,1838.4835573003606,15873.654411947797,11958.916301751742
2025-06-24 22:00:00,1838.4835573003606,15873.654411947797,10331.467066751844
2025-06-24 23:00:00,1717.1623073262094,15873.654411947797,8599.472854725993
2025-06-25 00:00:00,1738.9379162959558,15873.654411947797,7426.629472756247
2025-06-25 01:00:00,1723.38390988904,15873.654411947797,6504.498076163061
2025-06-25 02:00:00,1757.6027239842865,15873.654411947797,5411.213845067916
2025-06-25 03:00:00,1766.9351278284519,15873.654411947797,4883.26467222375
2025-06-25 04:00:00,1838.4835573003606,15873.654411947797,4801.592411751844
2025-06-25 05:00:00,3530.7594543755695,15873.654411947797,3871.5945786766333
2025-06-25 06:00:00,24451.0346049999,-0.0,-0.0
2025-06-25 07:00:00,26986.578274,-0.0,-0.0
2025-06-25 08:00:00,29601.183618,-0.0,-0.0
2025-06-25 09:00:00,29836.808199,-0.0,-0.0
2025-06-25 10:00:00,28933.6510127,-0.0,-0.0
2025-06-25 11:00:00,28853.1665916,-0.0,-0.0
2025-06-25 12:00:00,27557.0043913,-0.0,-0.0
2025-06-25 13:00:00,26948.294443,-0.0,-0.0
2025-06-25 14:00:00,26727.347019,-0.0,-0.0
2025-06-25 15:00:00,27813.400722,-0.0,-0.0
2025-06-25 16:00:00,29434.710379,-0.0,-0.0
2025-06-25 17:00:00,30949.5620321,-0.0,-0.0
2025-06-25 18:00:00,31677.486242,-0.0,-0.0
2025-06-25 19:00:00,32134.657636,-0.0,-0.0
2025-06-25 20:00:00,5997.624870516353,15873.654411947797,9926.076273535848
2025-06-25 21:00:00,1001.678012606962,15873.654411947797,14350.79935144524
2025-06-25 22:00:00,727.927499844828,15873.654411947797,12823.629684207377
2025-06-25 23:00:00,762.1463139400746,15873.654411947797,10652.31652911213
2025-06-26 00:00:00,808.8083331609021,15873.654411947797,9371.922504891301
2025-06-26 01:00:00,724.8166985634126,15873.654411947797,8199.064600488791
2025-06-26 02:00:00,653.2682690915041,15873.654411947797,7125.433635960599
2025-06-26 03:00:00,693.7086857495007,15873.654411947797,6412.343593302702
2025-06-26 04:00:00,706.1518908750817,15873.654411947797,6394.492532177123
2025-06-26 05:00:00,2460.6438135780336,15873.654411947797,5309.101392474169
2025-06-26 06:00:00,24772.70973,-0.0,-0.0
2025-06-26 07:00:00,28347.128499,-0.0,-0.0
2025-06-26 08:00:00,29663.9039319999,-0.0,-0.0
2025-06-26 09:00:00,30059.8945169999,-0.0,-0.0
2025-06-26 10:00:00,29148.5389216999,-0.0,-0.0
2025-06-26 11:00:00,29066.617572153,-0.0,-0.0
2025-06-26 12:00:00,28158.9085598,-0.0,-0.0
2025-06-26 13:00:00,28691.6643442,-0.0,-0.0
2025-06-26 14:00:00,28382.291383,-0.0,-0.0
2025-06-26 15:00:00,29136.171691,-0.0,-0.0
2025-06-26 16:00:00,30028.261112,-0.0,-0.0
2025-06-26 17:00:00,31388.7320973,-0.0,-0.0
2025-06-26 18:00:00,32617.972004,-0.0,-0.0
2025-06-26 19:00:00,32827.309312,-0.0,-0.0
2025-06-26 20:00:00,3508.983845405823,15873.654411947797,12935.277829646384
2025-06-26 21:00:00,258.1965063552185,15873.654411947797,15472.690535696984
2025-06-26 22:00:00,-0.0,15873.654411947797,13925.268898052202
2025-06-26 23:00:00,-0.0,15873.654411947797,11675.722468052203
2025-06-27 00:00:00,155.54006406939803,15873.654411947797,10073.370089982805
2025-06-27 01:00:00,329.74493582712705,15873.654411947797,8510.889598225076
2025-06-27 02:00:00,-0.0,15873.654411947797,7718.370073052205
2025-06-27 03:00:00,-0.0,15873.654411947797,7067.9617170522015
2025-06-27 04:00:00,-0.0,15873.654411947797,7077.700213052203
2025-06-27 05:00:00,1060.7832369533705,15873.654411947797,6732.645048098732
2025-06-27 06:00:00,24614.372104,-0.0,-0.0
2025-06-27 07:00:00,27436.835344,-0.0,-0.0
2025-06-27 08:00:00,30141.0545829999,-0.0,-0.0
2025-06-27 09:00:00,30708.864019,-0.0,-0.0
2025-06-27 10:00:00,30326.5450389999,-0.0,-0.0
2025-06-27 11:00:00,30292.3032872999,-0.0,-0.0
2025-06-27 12:00:00,29874.38283532,-0.0,-0.0
2025-06-27 13:00:00,29587.3125751,-0.0,-0.0
2025-06-27 14:00:00,29806.5991486,-0.0,-0.0
2025-06-27 15:00:00,31151.99060977,-0.0,-0.0
2025-06-27 16:00:00,32098.2185412,-0.0,-0.0
2025-06-27 17:00:00,33389.6907539999,-0.0,-0.0
2025-06-27 18:00:00,34544.88997,-0.0,-0.0
2025-06-27 19:00:00,34349.044147,-0.0,-0.0
2025-06-27 20:00:00,3272.562948020351,15873.654411947797,14448.095409031846
2025-06-27 21:00:00,-0.0,15873.654411947797,16712.990697052206
2025-06-27 22:00:00,146.20766022523253,15873.654411947797,14374.737529826969
2025-06-27 23:00:00,-0.0,15873.654411947797,12436.966536052203
2025-06-28 00:00:00,-0.0,15873.654411947797,10905.488287052105
2025-06-28 01:00:00,-0.0,15873.654411947797,9240.152404052204
2025-06-28 02:00:00,-0.0,15873.654411947797,7966.542214052102
2025-06-28 03:00:00,-0.0,15873.654411947797,7102.561001052103
2025-06-28 04:00:00,-0.0,15873.654411947797,6748.9249650522015
2025-06-28 05:00:00,1029.6752241394586,15873.654411947797,5733.764530912744
2025-06-28 06:00:00,23566.262552,-0.0,-0.0
2025-06-28 07:00:00,26267.573165,-0.0,-0.0
2025-06-28 08:00:00,27854.2882442999,-0.0,-0.0
2025-06-28 09:00:00,28055.1656879,-0.0,-0.0
2025-06-28 10:00:00,27699.886053,-0.0,-0.0
2025-06-28 11:00:00,28146.346298,-0.0,-0.0
2025-06-28 12:00:00,27471.06514,-0.0,-0.0
2025-06-28 13:00:00,28049.61213,-0.0,-0.0
2025-06-28 14:00:00,28772.865658,-0.0,-0.0
2025-06-28 15:00:00,30371.432048,-0.0,-0.0
2025-06-28 16:00:00,31852.2544849,-0.0,-0.0
2025-06-28 17:00:00,33412.6603144,-0.0,-0.0
2025-06-28 18:00:00,34460.555429,-0.0,-0.0
2025-06-28 19:00:00,34507.777813,-0.0,-0.0
2025-06-28 20:00:00,1994.0236213697588,15873.654411947797,15752.934077682445
2025-06-28 21:00:00,-0.0,15873.654411947797,16528.379924052206
2025-06-28 22:00:00,9.332403844164551,15873.654411947797,14406.118352208037
2025-06-28 23:00:00,-0.0,15873.654411947797,12230.016337052204
2025-06-29 00:00:00,-0.0,15873.654411947797,10553.648430052204
2025-06-29 01:00:00,-0.0,15873.654411947797,8901.814514052103
2025-06-29 02:00:00,-0.0,15873.654411947797,7681.398887052203
2025-06-29 03:00:00,-0.0,15873.654411947797,6867.706923052205
2025-06-29 04:00:00,-0.0,15873.654411947797,6232.6324830521025
2025-06-29 05:00:00,998.5672113255467,15873.654411947797,5005.707484726657
2025-06-29 06:00:00,22293.523223,-0.0,-0.0
2025-06-29 07:00:00,25280.838206,-0.0,-0.0
2025-06-29 08:00:00,27166.1801963999,-0.0,-0.0
2025-06-29 09:00:00,27296.899295,-0.0,-0.0
2025-06-29 10:00:00,26917.100571,-0.0,-0.0
2025-06-29 11:00:00,26751.467058,-0.0,-0.0
2025-06-29 12:00:00,26485.369116,-0.0,-0.0
2025-06-29 13:00:00,26904.756609,-0.0,-0.0
2025-06-29 14:00:00,28051.391126,-0.0,-0.0
2025-06-29 15:00:00,28448.237036,-0.0,-0.0
2025-06-29 16:00:00,30212.624315,-0.0,-0.0
2025-06-29 17:00:00,32824.695929,-0.0,-0.0
2025-06-29 18:00:00,34113.345772,-0.0,-0.0
2025-06-29 19:00:00,33960.05305807,-0.0,-0.0
2025-06-29 20:00:00,1595.8410573520578,15873.654411947797,15604.593079700144
2025-06-29 21:00:00,304.85852557596525,15873.654411947797,15835.066101476239
2025-06-29 22:00:00,-0.0,15873.654411947797,14098.566816052202
2025-06-29 23:00:00,-0.0,15873.654411947797,11747.980076052203
2025-06-30 00:00:00,-0.0,15873.654411947797,10261.517028052202
2025-06-30 01:00:00,-0.0,15873.654411947797,9332.816355052202
2025-06-30 02:00:00,-0.0,15873.654411947797,8076.674419052202
2025-06-30 03:00:00,-0.0,15873.654411947797,7123.163805052203
2025-06-30 04:00:00,-0.0,15873.654411947797,6929.947829052204
2025-06-30 05:00:00,740.3707049703281,15873.654411947797,6851.6289920818745
2025-06-30 06:00:00,25045.394051,-0.0,-0.0
2025-06-30 07:00:00,28291.5718762,-0.0,-0.0
2025-06-30 08:00:00,30291.18315,-0.0,-0.0
2025-06-30 09:00:00,30558.899918,-0.0,-0.0
2025-06-30 10:00:00,30410.470396,-0.0,-0.0
2025-06-30 11:00:00,29735.480063,-0.0,-0.0
2025-06-30 12:00:00,29787.8811919999,-0.0,-0.0
2025-06-30 13:00:00,30020.012167,-0.0,-0.0
2025-06-30 14:00:00,30425.061305,-0.0,-0.0
2025-06-30 15:00:00,31766.9786739999,-0.0,-0.0
2025-06-30 16:00:00,33581.2143669999,-0.0,-0.0
2025-06-30 17:00:00,35103.416137,-0.0,-0.0
2025-06-30 18:00:00,36053.129091,-0.0,-0.0
2025-06-30 19:00:00,35793.005193,-0.0,-0.0
2025-06-30 20:00:00,2410.8709930757905,15873.654411947797,16487.619872626412
2025-06-30 21:00:00,15.554006406940918,15873.654411947797,17600.68007664526
2025-06-30 22:00:00,264.4181089179686,15873.654411947797,15154.405948134236
2025-06-30 23:00:00,258.1965063552185,15873.654411947797,12649.230750696985
2025-07-01 00:00:00,345.29894223404267,15873.654411947797,10971.47575481816
2025-07-01 01:00:00,367.07455120378904,15873.654411947797,9160.538787848414
2025-07-01 02:00:00,307.9693268573806,15873.654411947797,8212.047947194824
2025-07-01 03:00:00,301.7477242946306,15873.654411947797,7425.284072757572
2025-07-01 04:00:00,248.864102511053,15873.654411947797,7534.763718541152
2025-07-01 05:00:00,1266.0961215249306,15873.654411947797,7157.576223527271
2025-07-01 06:00:00,25242.238949,-0.0,-0.0
2025-07-01 07:00:00,27463.40807,-0.0,-0.0
2025-07-01 08:00:00,29424.4820084,-0.0,-0.0
2025-07-01 09:00:00,29146.902404,-0.0,-0.0
2025-07-01 10:00:00,28838.982802,-0.0,-0.0
2025-07-01 11:00:00,28218.3236569999,-0.0,-0.0
2025-07-01 12:00:00,27591.6146349999,-0.0,-0.0
2025-07-01 13:00:00,28004.4756719999,-0.0,-0.0
2025-07-01 14:00:00,29305.75221,-0.0,-0.0
2025-07-01 15:00:00,31286.030256,-0.0,-0.0
2025-07-01 16:00:00,32896.721394,-0.0,-0.0
2025-07-01 17:00:00,34926.6056009999,-0.0,-0.0
2025-07-01 18:00:00,35611.2482005,-0.0,-0.0
2025-07-01 19:00:00,35014.362155,-0.0,-0.0
2025-07-01 20:00:00,2289.5497431016393,15873.654411947797,16114.071869950561
2025-07-01 21:00:00,460.3985896454441,15873.654411947797,17052.919823406755
2025-07-01 22:00:00,105.76724356715513,15873.654411947797,15189.119724485046
2025-07-01 23:00:00,-0.0,15873.654411947797,12961.006441052205
2025-07-02 00:00:00,-0.0,15873.654411947797,11444.974848052205
2025-07-02 01:00:00,-0.0,15873.654411947797,10243.737718052203
2025-07-02 02:00:00,-0.0,15873.654411947797,9465.397408052204
2025-07-02 03:00:00,-0.0,15873.654411947797,8710.179460052203
2025-07-02 04:00:00,-0.0,15873.654411947797,8573.578802052203
2025-07-02 05:00:00,205.31288457156015,15873.654411947797,8352.596053480644
2025-07-02 06:00:00,25110.179426,-0.0,-0.0
2025-07-02 07:00:00,26971.395634,-0.0,-0.0
2025-07-02 08:00:00,29220.556523,-0.0,-0.0
2025-07-02 09:00:00,28705.0529719999,-0.0,-0.0
2025-07-02 10:00:00,28451.9173973,-0.0,-0.0
2025-07-02 11:00:00,29019.7058829,-0.0,-0.0
2025-07-02 12:00:00,29046.3981374,-0.0,-0.0
2025-07-02 13:00:00,28978.3373227,-0.0,-0.0
2025-07-02 14:00:00,29610.137291,-0.0,-0.0
2025-07-02 15:00:00,30245.114174,-0.0,-0.0
2025-07-02 16:00:00,31139.2112289,-0.0,-0.0
2025-07-02 17:00:00,33265.867655,-0.0,-0.0
2025-07-02 18:00:00,34132.689633,-0.0,-0.0
2025-07-02 19:00:00,33855.755603,-0.0,-0.0
2025-07-02 20:00:00,1633.1706727287196,15873.654411947797,15807.63321832348
2025-07-02 21:00:00,-0.0,15873.654411947797,16559.672461052105
2025-07-02 22:00:00,-0.0,15873.654411947797,14708.546856052204
2025-07-02 23:00:00,-0.0,15873.654411947797,12649.069471052202
2025-07-03 00:00:00,-0.0,15873.654411947797,11279.310209052202
2025-07-03 01:00:00,-0.0,15873.654411947797,9745.989036052202
2025-07-03 02:00:00,239.53169866688754,15873.654411947797,8489.155643385317
2025-07-03 03:00:00,-0.0,15873.654411947797,8017.876486052204
2025-07-03 04:00:00,286.19371788763425,15873.654411947797,7585.06876216457
2025-07-03 05:00:00,426.17977555011663,15873.654411947797,8148.230742502087
2025-07-03 06:00:00,25408.082654,-0.0,-0.0
2025-07-03 07:00:00,27735.806134,-0.0,-0.0
2025-07-03 08:00:00,29724.148253,-0.0,-0.0
2025-07-03 09:00:00,30074.0213758,-0.0,-0.0
2025-07-03 10:00:00,30312.9605771,-0.0,-0.0
2025-07-03 11:00:00,30282.8016761,-0.0,-0.0
2025-07-03 12:00:00,29158.131381,-0.0,-0.0
2025-07-03 13:00:00,28638.651021,-0.0,-0.0
2025-07-03 14:00:00,28111.722189,-0.0,-0.0
2025-07-03 15:00:00,29108.966543,-0.0,-0.0
2025-07-03 16:00:00,30253.382908,-0.0,-0.0
2025-07-03 17:00:00,31814.4638736,-0.0,-0.0
2025-07-03 18:00:00,32680.570806,-0.0,-0.0
2025-07-03 19:00:00,32034.6322159999,-0.0,-0.0
2025-07-03 20:00:00,3708.0751274147146,15873.654411947797,11889.358575637487
2025-07-03 21:00:00,-0.0,15873.654411947797,14914.628272052103
2025-07-03 22:00:00,-0.0,15873.654411947797,13457.891096052203
2025-07-03 23:00:00,-0.0,15873.654411947797,11855.127019052203
2025-07-04 00:00:00,-0.0,15873.654411947797,10398.573140052204
2025-07-04 01:00:00,-0.0,15873.654411947797,8977.423351052204
2025-07-04 02:00:00,-0.0,15873.654411947797,7846.725353052205
2025-07-04 03:00:00,-0.0,15873.654411947797,6904.430080052205
2025-07-04 04:00:00,-0.0,15873.654411947797,6730.864060052203
2025-07-04 05:00:00,404.40416658045103,15873.654411947797,6270.130371471752
2025-07-04 06:00:00,23089.931495,-0.0,-0.0
2025-07-04 07:00:00,25626.304876,-0.0,-0.0
2025-07-04 08:00:00,27397.1819904,-0.0,-0.0
2025-07-04 09:00:00,27410.4715039,-0.0,-0.0
2025-07-04 10:00:00,26167.555588,-0.0,-0.0
2025-07-04 11:00:00,26209.317997,-0.0,-0.0
2025-07-04 12:00:00,25635.844376,-0.0,-0.0
2025-07-04 13:00:00,25707.890578,-0.0,-0.0
2025-07-04 14:00:00,25452.798388,-0.0,-0.0
2025-07-04 15:00:00,26146.705898,-0.0,-0.0
2025-07-04 16:00:00,27078.814088,-0.0,-0.0
2025-07-04 17:00:00,28746.8877236,-0.0,-0.0
2025-07-04 18:00:00,29664.177614,-0.0,-0.0
2025-07-04 19:00:00,29512.202586,-0.0,-0.0
2025-07-04 20:00:00,1430.9685894384943,15873.654411947797,11739.23156161371
2025-07-04 21:00:00,-0.0,15873.654411947797,12417.595427052203
2025-07-04 22:00:00,-0.0,15873.654411947797,11519.530482052103
2025-07-04 23:00:00,-0.0,15873.654411947797,10248.924038052204
2025-07-05 00:00:00,-0.0,15873.654411947797,9070.493178052204
2025-07-05 01:00:00,-0.0,15873.654411947797,7838.572783052203
2025-07-05 02:00:00,-0.0,15873.654411947797,6839.287339052202
2025-07-05 03:00:00,-0.0,15873.654411947797,6152.996179052205
2025-07-05 04:00:00,-0.0,15873.654411947797,6018.931476052205
2025-07-05 05:00:00,432.4013781129475,15873.654411947797,5431.218544939254
2025-07-05 06:00:00,22339.314849,-0.0,-0.0
2025-07-05 07:00:00,24275.443883,-0.0,-0.0
2025-07-05 08:00:00,25769.42073515,-0.0,-0.0
2025-07-05 09:00:00,25570.315918,-0.0,-0.0
2025-07-05 10:00:00,25544.458808,-0.0,-0.0
2025-07-05 11:00:00,25405.677459,-0.0,-0.0
2025-07-05 12:00:00,25604.301985,-0.0,-0.0
2025-07-05 13:00:00,25728.7545929999,-0.0,-0.0
2025-07-05 14:00:00,25644.975687,-0.0,-0.0
2025-07-05 15:00:00,26372.273143,-0.0,-0.0
2025-07-05 16:00:00,27422.064198,-0.0,-0.0
2025-07-05 17:00:00,29816.93224806,-0.0,-0.0
2025-07-05 18:00:00,30912.1051999999,-0.0,-0.0
2025-07-05 19:00:00,31005.7193989999,-0.0,-0.0
2025-07-05 20:00:00,1384.3065702176668,15873.654411947797,13117.319818834436
2025-07-05 21:00:00,-0.0,15873.654411947797,13838.221999052103
2025-07-05 22:00:00,-0.0,15873.654411947797,12109.078319052203
2025-07-05 23:00:00,-0.0,15873.654411947797,10546.110829052204
2025-07-06 00:00:00,-0.0,15873.654411947797,8880.087048052204
2025-07-06 01:00:00,-0.0,15873.654411947797,7447.459499052204
2025-07-06 02:00:00,211.53448713439101,15873.654411947797,6392.153196917812
2025-07-06 03:00:00,-0.0,15873.654411947797,5850.156234052103
2025-07-06 04:00:00,-0.0,15873.654411947797,5643.076693052202
2025-07-06 05:00:00,475.9525960523596,15873.654411947797,4879.071907999844
2025-07-06 06:00:00,21749.452652,-0.0,-0.0
2025-07-06 07:00:00,23735.295101,-0.0,-0.0
2025-07-06 08:00:00,25105.345266,-0.0,-0.0
2025-07-06 09:00:00,25395.3056799999,-0.0,-0.0
2025-07-06 10:00:00,25665.406803,-0.0,-0.0
2025-07-06 11:00:00,25273.756511,-0.0,-0.0
2025-07-06 12:00:00,25090.097177,-0.0,-0.0
2025-07-06 13:00:00,24448.547883,-0.0,-0.0
2025-07-06 14:00:00,25177.576115,-0.0,-0.0
2025-07-06 15:00:00,26793.231477,-0.0,-0.0
2025-07-06 16:00:00,28625.035947,-0.0,-0.0
2025-07-06 17:00:00,30325.258233,-0.0,-0.0
2025-07-06 18:00:00,31898.2101447,-0.0,-0.0
2025-07-06 19:00:00,32178.6436445,-0.0,-0.0
2025-07-06 20:00:00,1626.9490701659695,15873.654411947797,13975.533289886134
2025-07-06 21:00:00,111.9888461299052,15873.654411947797,14674.984145922297
2025-07-06 22:00:00,-0.0,15873.654411947797,12817.621088052203
2025-07-06 23:00:00,-0.0,15873.654411947797,10822.125183052203
2025-07-07 00:00:00,-0.0,15873.654411947797,9363.924995052103
2025-07-07 01:00:00,-0.0,15873.654411947797,8419.633373052204
2025-07-07 02:00:00,-0.0,15873.654411947797,7909.730789052204
2025-07-07 03:00:00,-0.0,15873.654411947797,7420.4540500522035
2025-07-07 04:00:00,-0.0,15873.654411947797,7367.253732052204
2025-07-07 05:00:00,295.5261217317997,15873.654411947797,7452.878118320404
2025-07-07 06:00:00,25110.0825759999,-0.0,-0.0
2025-07-07 07:00:00,27843.1122974,-0.0,-0.0
2025-07-07 08:00:00,30234.7480746,-0.0,-0.0
2025-07-07 09:00:00,30566.730804,-0.0,-0.0
2025-07-07 10:00:00,30379.477636,-0.0,-0.0
2025-07-07 11:00:00,29102.525265,-0.0,-0.0
2025-07-07 12:00:00,28844.4816469999,-0.0,-0.0
2025-07-07 13:00:00,29132.314145,-0.0,-0.0
2025-07-07 14:00:00,29178.453907,-0.0,-0.0
2025-07-07 15:00:00,30360.834742,-0.0,-0.0
2025-07-07 16:00:00,31454.6283929999,-0.0,-0.0
2025-07-07 17:00:00,33138.751541,-0.0,-0.0
2025-07-07 18:00:00,34409.1286779999,-0.0,-0.0
2025-07-07 19:00:00,34138.382556,-0.0,-0.0
2025-07-07 20:00:00,933.2403844163882,15873.654411947797,16512.761629835815
2025-07-07 21:00:00,-0.0,15873.654411947797,16469.1071890522
2025-07-07 22:00:00,-0.0,15873.654411947797,14181.449873052205
2025-07-07 23:00:00,-0.0,15873.654411947797,12252.058133052202
2025-07-08 00:00:00,-0.0,15873.654411947797,10676.829184052202
2025-07-08 01:00:00,-0.0,15873.654411947797,9430.918920052203
2025-07-08 02:00:00,-0.0,15873.654411947797,8420.400318052105
2025-07-08 03:00:00,-0.0,15873.654411947797,7931.690958052202
2025-07-08 04:00:00,-0.0,15873.654411947797,8099.107704052103
2025-07-08 05:00:00,279.97211532488416,15873.654411947797,8251.291983727318
2025-07-08 06:00:00,25509.408613,-0.0,-0.0
2025-07-08 07:00:00,28327.963101,-0.0,-0.0
2025-07-08 08:00:00,30708.61411032,-0.0,-0.0
2025-07-08 09:00:00,31139.4249267,-0.0,-0.0
2025-07-08 10:00:00,30946.210288,-0.0,-0.0
2025-07-08 11:00:00,31227.4668169999,-0.0,-0.0
2025-07-08 12:00:00,30012.921612,-0.0,-0.0
2025-07-08 13:00:00,29478.219591,-0.0,-0.0
2025-07-08 14:00:00,29486.082821,-0.0,-0.0
2025-07-08 15:00:00,30689.107034,-0.0,-0.0
2025-07-08 16:00:00,32333.612779,-0.0,-0.0
2025-07-08 17:00:00,33946.107539,-0.0,-0.0
2025-07-08 18:00:00,35374.121191,-0.0,-0.0
2025-07-08 19:00:00,35214.18918,-0.0,-0.0
2025-07-08 20:00:00,2158.896089283322,15873.654411947797,16409.42907656888
2025-07-08 21:00:00,-0.0,15873.654411947797,17655.7971410522
2025-07-08 22:00:00,-0.0,15873.654411947797,15426.124866052205
2025-07-08 23:00:00,-0.0,15873.654411947797,13061.361595052202
2025-07-09 00:00:00,525.7254165546025,15873.654411947797,11199.547376497601
2025-07-09 01:00:00,-0.0,15873.654411947797,10321.453766052202
2025-07-09 02:00:00,-0.0,15873.654411947797,9164.440897052204
2025-07-09 03:00:00,-0.0,15873.654411947797,8641.927554052205
2025-07-09 04:00:00,-0.0,15873.654411947797,8549.470738052203
2025-07-09 05:00:00,703.0410895936661,15873.654411947797,8293.550478458537
2025-07-09 06:00:00,26108.865581,-0.0,-0.0
2025-07-09 07:00:00,30101.346147,-0.0,-0.0
2025-07-09 08:00:00,31582.1050712,-0.0,-0.0
2025-07-09 09:00:00,31543.00154872,-0.0,-0.0
2025-07-09 10:00:00,30181.896876,-0.0,-0.0
2025-07-09 11:00:00,30082.275141,-0.0,-0.0
2025-07-09 12:00:00,30410.3801289999,-0.0,-0.0
2025-07-09 13:00:00,29666.5237779999,-0.0,-0.0
2025-07-09 14:00:00,30644.661035,-0.0,-0.0
2025-07-09 15:00:00,32116.742848,-0.0,-0.0
2025-07-09 16:00:00,33887.01636,-0.0,-0.0
2025-07-09 17:00:00,35587.494008,-0.0,-0.0
2025-07-09 18:00:00,36981.17006,-0.0,-0.0
2025-07-09 19:00:00,36781.0612263,-0.0,-0.0
2025-07-09 20:00:00,2093.5692623742448,15873.654411947797,17821.74269767796
2025-07-09 21:00:00,-0.0,15873.654411947797,18880.670727052202
2025-07-09 22:00:00,217.7560896971411,15873.654411947797,16253.348011355061
2025-07-09 23:00:00,-0.0,15873.654411947797,13964.726896052203
2025-07-10 00:00:00,139.9860576624017,15873.654411947797,12190.294412389701
2025-07-10 01:00:00,-0.0,15873.654411947797,10740.995752052202
2025-07-10 02:00:00,-0.0,15873.654411947797,9497.957829052202
2025-07-10 03:00:00,-0.0,15873.654411947797,9197.676962052205
2025-07-10 04:00:00,180.42647432047912,15873.654411947797,8568.642705731723
2025-07-10 05:00:00,158.6508653507327,15873.654411947797,8678.855706701468
2025-07-10 06:00:00,26091.587631,-0.0,-0.0
2025-07-10 07:00:00,30509.23932,-0.0,-0.0
2025-07-10 08:00:00,32467.40793,-0.0,-0.0
2025-07-10 09:00:00,32783.552638,-0.0,-0.0
2025-07-10 10:00:00,31653.18907317,-0.0,-0.0
2025-07-10 11:00:00,31535.1683271,-0.0,-0.0
2025-07-10 12:00:00,31639.8955579999,-0.0,-0.0
2025-07-10 13:00:00,31940.451466,-0.0,-0.0
2025-07-10 14:00:00,32832.478162,-0.0,-0.0
2025-07-10 15:00:00,34416.541197,-0.0,-0.0
2025-07-10 16:00:00,36427.4228947999,-0.0,-0.0
2025-07-10 17:00:00,38495.167141,-0.0,-0.0
2025-07-10 18:00:00,39655.3778089,-0.0,-0.0
2025-07-10 19:00:00,39173.6841813,-0.0,-0.0
2025-07-10 20:00:00,1981.5804162442587,15873.654411947797,20128.139333807943
2025-07-10 21:00:00,-0.0,15873.654411947797,20682.141461052204
2025-07-10 22:00:00,-0.0,15873.654411947797,17966.6712320522
2025-07-10 23:00:00,-0.0,15873.654411947797,15195.714866052202
2025-07-11 00:00:00,-0.0,15873.654411947797,13297.379402052202
2025-07-11 01:00:00,-0.0,15873.654411947797,11486.195635052203
2025-07-11 02:00:00,-0.0,15873.654411947797,10065.447996052202
2025-07-11 03:00:00,-0.0,15873.654411947797,9238.881661052203
2025-07-11 04:00:00,-0.0,15873.654411947797,9043.959984052204
2025-07-11 05:00:00,105.76724356715513,15873.654411947797,9446.792722484946
2025-07-11 06:00:00,26407.075815,-0.0,-0.0
2025-07-11 07:00:00,29611.362721,-0.0,-0.0
2025-07-11 08:00:00,32516.1624595,-0.0,-0.0
2025-07-11 09:00:00,32849.7550844,-0.0,-0.0
2025-07-11 10:00:00,32113.8490829999,-0.0,-0.0
2025-07-11 11:00:00,31842.3859639999,-0.0,-0.0
2025-07-11 12:00:00,32228.108822,-0.0,-0.0
2025-07-11 13:00:00,32510.102516,-0.0,-0.0
2025-07-11 14:00:00,32887.812342,-0.0,-0.0
2025-07-11 15:00:00,34636.456002,-0.0,-0.0
2025-07-11 16:00:00,36116.640585,-0.0,-0.0
2025-07-11 17:00:00,37845.05304,-0.0,-0.0
2025-07-11 18:00:00,37923.1019016,-0.0,-0.0
2025-07-11 19:00:00,36925.5514681,-0.0,-0.0
2025-07-11 20:00:00,1256.7637176807652,15873.654411947797,18745.635731371436
2025-07-11 21:00:00,-0.0,15873.654411947797,18885.639678052205
2025-07-11 22:00:00,-0.0,15873.654411947797,16726.859527052206
2025-07-11 23:00:00,-0.0,15873.654411947797,14523.542314052202
2025-07-12 00:00:00,-0.0,15873.654411947797,12916.397854052202
2025-07-12 01:00:00,-0.0,15873.654411947797,11070.676129052203
2025-07-12 02:00:00,-0.0,15873.654411947797,9687.390646052203
2025-07-12 03:00:00,-0.0,15873.654411947797,8843.553397052203
2025-07-12 04:00:00,-0.0,15873.654411947797,8471.214379052204
2025-07-12 05:00:00,96.43483972298962,15873.654411947797,8244.044998329213
2025-07-12 06:00:00,24609.7963479999,-0.0,-0.0
2025-07-12 07:00:00,26960.684864,-0.0,-0.0
2025-07-12 08:00:00,29012.5658183,-0.0,-0.0
2025-07-12 09:00:00,29733.9111795,-0.0,-0.0
2025-07-12 10:00:00,29385.4194985,-0.0,-0.0
2025-07-12 11:00:00,29403.2270679,-0.0,-0.0
2025-07-12 12:00:00,28975.165738,-0.0,-0.0
2025-07-12 13:00:00,28481.00793,-0.0,-0.0
2025-07-12 14:00:00,29022.946302,-0.0,-0.0
2025-07-12 15:00:00,29856.3479109999,-0.0,-0.0
2025-07-12 16:00:00,31370.624957,-0.0,-0.0
2025-07-12 17:00:00,33210.415341,-0.0,-0.0
2025-07-12 18:00:00,34408.0630824,-0.0,-0.0
2025-07-12 19:00:00,34507.3370636,-0.0,-0.0
2025-07-12 20:00:00,4383.119005475884,15873.654411947797,13259.518203576314
2025-07-12 21:00:00,-0.0,15873.654411947797,16538.870553052206
2025-07-12 22:00:00,-0.0,15873.654411947797,14783.237062052203
2025-07-12 23:00:00,-0.0,15873.654411947797,12598.229816052202
2025-07-13 00:00:00,-0.0,15873.654411947797,11242.664807052102
2025-07-13 01:00:00,-0.0,15873.654411947797,9548.126754052204
2025-07-13 02:00:00,-0.0,15873.654411947797,8457.726921052204
2025-07-13 03:00:00,-0.0,15873.654411947797,7769.507505052103
2025-07-13 04:00:00,-0.0,15873.654411947797,7315.709795052202
2025-07-13 05:00:00,-0.0,15873.654411947797,7219.270438052203
2025-07-13 06:00:00,23040.608093,-0.0,-0.0
2025-07-13 07:00:00,25261.22311,-0.0,-0.0
2025-07-13 08:00:00,27671.91346977,-0.0,-0.0
2025-07-13 09:00:00,28334.0485,-0.0,-0.0
2025-07-13 10:00:00,28076.743402,-0.0,-0.0
2025-07-13 11:00:00,27789.705145,-0.0,-0.0
2025-07-13 12:00:00,26693.3733819999,-0.0,-0.0
2025-07-13 13:00:00,26292.36952,-0.0,-0.0
2025-07-13 14:00:00,26994.442003,-0.0,-0.0
2025-07-13 15:00:00,28670.412052,-0.0,-0.0
2025-07-13 16:00:00,30300.962888,-0.0,-0.0
2025-07-13 17:00:00,32335.879872,-0.0,-0.0
2025-07-13 18:00:00,34039.740602,-0.0,-0.0
2025-07-13 19:00:00,34180.4670982999,-0.0,-0.0
2025-07-13 20:00:00,1098.1128523299517,15873.654411947797,16465.29127612225
2025-07-13 21:00:00,-0.0,15873.654411947797,16555.1946200522
2025-07-13 22:00:00,721.7058972819972,15873.654411947797,13879.482190770204
2025-07-13 23:00:00,-0.0,15873.654411947797,12841.809533052203
2025-07-14 00:00:00,-0.0,15873.654411947797,11134.152680052202
2025-07-14 01:00:00,-0.0,15873.654411947797,9551.499602052203
2025-07-14 02:00:00,-0.0,15873.654411947797,8572.681144052205
2025-07-14 03:00:00,-0.0,15873.654411947797,8263.566293052203
2025-07-14 04:00:00,-0.0,15873.654411947797,8243.588326052102
2025-07-14 05:00:00,46.66201922082274,15873.654411947797,8666.04548883138
2025-07-14 06:00:00,26131.724867,-0.0,-0.0
2025-07-14 07:00:00,28771.083302,-0.0,-0.0
2025-07-14 08:00:00,30796.04974,-0.0,-0.0
2025-07-14 09:00:00,32241.4264323,-0.0,-0.0
2025-07-14 10:00:00,32104.8711022,-0.0,-0.0
2025-07-14 11:00:00,32164.7902887,-0.0,-0.0
2025-07-14 12:00:00,31816.633568,-0.0,-0.0
2025-07-14 13:00:00,32158.505885,-0.0,-0.0
2025-07-14 14:00:00,32869.827592,-0.0,-0.0
2025-07-14 15:00:00,33572.9905,-0.0,-0.0
2025-07-14 16:00:00,34932.9570396,-0.0,-0.0
2025-07-14 17:00:00,36256.3506124,-0.0,-0.0
2025-07-14 18:00:00,36759.4420954999,-0.0,-0.0
2025-07-14 19:00:00,36044.27256,-0.0,-0.0
2025-07-14 20:00:00,563.0550319311837,15873.654411947797,18785.65371712102
2025-07-14 21:00:00,-0.0,15873.654411947797,18251.758803052202
2025-07-14 22:00:00,-0.0,15873.654411947797,16000.848557052204
2025-07-14 23:00:00,-0.0,15873.654411947797,13547.952658052202
2025-07-15 00:00:00,-0.0,15873.654411947797,12122.399379052202
2025-07-15 01:00:00,-0.0,15873.654411947797,10800.774341052203
2025-07-15 02:00:00,-0.0,15873.654411947797,9621.485246052203
2025-07-15 03:00:00,-0.0,15873.654411947797,9321.931956052102
2025-07-15 04:00:00,205.31288457156015,15873.654411947797,8760.009963480643
2025-07-15 05:00:00,-0.0,15873.654411947797,9835.745622052202
2025-07-15 06:00:00,26328.7509809999,-0.0,-0.0
2025-07-15 07:00:00,28502.489297,-0.0,-0.0
2025-07-15 08:00:00,31410.1274309999,-0.0,-0.0
2025-07-15 09:00:00,31843.4795431,-0.0,-0.0
2025-07-15 10:00:00,32068.2360958,-0.0,-0.0
2025-07-15 11:00:00,31562.324735,-0.0,-0.0
2025-07-15 12:00:00,31251.523168,-0.0,-0.0
2025-07-15 13:00:00,31115.462005,-0.0,-0.0
2025-07-15 14:00:00,30670.9578979999,-0.0,-0.0
2025-07-15 15:00:00,31290.6641049999,-0.0,-0.0
2025-07-15 16:00:00,32192.157094,-0.0,-0.0
2025-07-15 17:00:00,33326.237439,-0.0,-0.0
2025-07-15 18:00:00,34555.3509537,-0.0,-0.0
2025-07-15 19:00:00,34265.515726,-0.0,-0.0
2025-07-15 20:00:00,1119.888461299698,15873.654411947797,16753.217940752504
2025-07-15 21:00:00,-0.0,15873.654411947797,16962.806325052203
2025-07-15 22:00:00,-0.0,15873.654411947797,14878.608717052202
2025-07-15 23:00:00,-0.0,15873.654411947797,12736.420541052203
2025-07-16 00:00:00,-0.0,15873.654411947797,11347.635551052203
2025-07-16 01:00:00,-0.0,15873.654411947797,9975.610373052203
2025-07-16 02:00:00,-0.0,15873.654411947797,8940.954099052202
2025-07-16 03:00:00,-0.0,15873.654411947797,8531.187502052204
2025-07-16 04:00:00,-0.0,15873.654411947797,8543.266091052205
2025-07-16 05:00:00,615.9386537148421,15873.654411947797,8334.111923337261
2025-07-16 06:00:00,25627.066352,-0.0,-0.0
2025-07-16 07:00:00,27018.754063,-0.0,-0.0
2025-07-16 08:00:00,28489.066305,-0.0,-0.0
2025-07-16 09:00:00,29835.4917399999,-0.0,-0.0
2025-07-16 10:00:00,29891.051639,-0.0,-0.0
2025-07-16 11:00:00,30203.223494,-0.0,-0.0
2025-07-16 12:00:00,30087.646833,-0.0,-0.0
2025-07-16 13:00:00,30489.1379949999,-0.0,-0.0
2025-07-16 14:00:00,30366.0545409999,-0.0,-0.0
2025-07-16 15:00:00,30846.099229,-0.0,-0.0
2025-07-16 16:00:00,31508.449993,-0.0,-0.0
2025-07-16 17:00:00,32358.831111,-0.0,-0.0
2025-07-16 18:00:00,33495.5205432,-0.0,-0.0
2025-07-16 19:00:00,33156.9791662699,-0.0,-0.0
2025-07-16 20:00:00,1085.6696472044516,15873.654411947797,15726.893385847752
2025-07-16 21:00:00,-0.0,15873.654411947797,16238.853088052203
2025-07-16 22:00:00,-0.0,15873.654411947797,14390.250543052103
2025-07-16 23:00:00,-0.0,15873.654411947797,12348.811750052102
2025-07-17 00:00:00,-0.0,15873.654411947797,10857.640699052203
2025-07-17 01:00:00,-0.0,15873.654411947797,9680.566164052203
2025-07-17 02:00:00,-0.0,15873.654411947797,8658.039530052205
2025-07-17 03:00:00,-0.0,15873.654411947797,8440.829845052102
2025-07-17 04:00:00,-0.0,15873.654411947797,8166.096125052203
2025-07-17 05:00:00,-0.0,15873.654411947797,8755.693140052203
2025-07-17 06:00:00,25743.2262619999,-0.0,-0.0
2025-07-17 07:00:00,26887.305089,-0.0,-0.0
2025-07-17 08:00:00,28288.253456,-0.0,-0.0
2025-07-17 09:00:00,30144.4486999999,-0.0,-0.0
2025-07-17 10:00:00,31522.963617,-0.0,-0.0
2025-07-17 11:00:00,31524.838313,-0.0,-0.0
2025-07-17 12:00:00,31203.7560720999,-0.0,-0.0
2025-07-17 13:00:00,30970.7453417,-0.0,-0.0
2025-07-17 14:00:00,31572.2551382,-0.0,-0.0
2025-07-17 15:00:00,31187.9248596,-0.0,-0.0
2025-07-17 16:00:00,31774.8958949999,-0.0,-0.0
2025-07-17 17:00:00,32947.325054,-0.0,-0.0
2025-07-17 18:00:00,33828.238621,-0.0,-0.0
2025-07-17 19:00:00,33629.167681,-0.0,-0.0
2025-07-17 20:00:00,668.8222754984196,15873.654411947797,16650.902471553778
2025-07-17 21:00:00,199.09128200881008,15873.654411947797,16614.64217504339
2025-07-17 22:00:00,-0.0,15873.654411947797,14834.150639052203
2025-07-17 23:00:00,-0.0,15873.654411947797,13405.349878052204
2025-07-18 00:00:00,83.9916345974087,15873.654411947797,11794.177841454793
2025-07-18 01:00:00,-0.0,15873.654411947797,9907.632326052202
2025-07-18 02:00:00,-0.0,15873.654411947797,8889.156529052203
2025-07-18 03:00:00,-0.0,15873.654411947797,8300.576417052203
2025-07-18 04:00:00,177.31567303906368,15873.654411947797,8196.800922013139
2025-07-18 05:00:00,124.43205125548612,15873.654411947797,8821.893741796717
2025-07-18 06:00:00,25555.536384,-0.0,-0.0
2025-07-18 07:00:00,28060.424499,-0.0,-0.0
2025-07-18 08:00:00,29975.626576,-0.0,-0.0
2025-07-18 09:00:00,30999.351415,-0.0,-0.0
2025-07-18 10:00:00,31835.850028,-0.0,-0.0
2025-07-18 11:00:00,31817.22723,-0.0,-0.0
2025-07-18 12:00:00,31458.713926,-0.0,-0.0
2025-07-18 13:00:00,31534.687184,-0.0,-0.0
2025-07-18 14:00:00,30762.6452446,-0.0,-0.0
2025-07-18 15:00:00,31089.6307385,-0.0,-0.0
2025-07-18 16:00:00,31680.1505968,-0.0,-0.0
2025-07-18 17:00:00,32420.4015644,-0.0,-0.0
2025-07-18 18:00:00,33056.081768,-0.0,-0.0
2025-07-18 19:00:00,32963.657946,-0.0,-0.0
2025-07-18 20:00:00,531.9470191173526,15873.654411947797,16190.850336934847
2025-07-18 21:00:00,-0.0,15873.654411947797,16039.055808052204
2025-07-18 22:00:00,-0.0,15873.654411947797,14517.795816052205
2025-07-18 23:00:00,167.98326919489818,15873.654411947797,12451.423357857306
2025-07-19 00:00:00,-0.0,15873.654411947797,11275.758979052202
2025-07-19 01:00:00,-0.0,15873.654411947797,9876.342642052203
2025-07-19 02:00:00,-0.0,15873.654411947797,8692.546421052202
2025-07-19 03:00:00,-0.0,15873.654411947797,8066.370073052103
2025-07-19 04:00:00,-0.0,15873.654411947797,7572.7257790522035
2025-07-19 05:00:00,-0.0,15873.654411947797,7580.152592052202
2025-07-19 06:00:00,23727.37772,-0.0,-0.0
2025-07-19 07:00:00,26761.860001,-0.0,-0.0
2025-07-19 08:00:00,29568.104401,-0.0,-0.0
2025-07-19 09:00:00,30519.283309,-0.0,-0.0
2025-07-19 10:00:00,30140.066486,-0.0,-0.0
2025-07-19 11:00:00,29731.4208169,-0.0,-0.0
2025-07-19 12:00:00,28095.1654135,-0.0,-0.0
2025-07-19 13:00:00,27011.676937,-0.0,-0.0
2025-07-19 14:00:00,26807.9345709999,-0.0,-0.0
2025-07-19 15:00:00,27695.739799,-0.0,-0.0
2025-07-19 16:00:00,28611.1874939999,-0.0,-0.0
2025-07-19 17:00:00,30330.2319127999,-0.0,-0.0
2025-07-19 18:00:00,31792.945365,-0.0,-0.0
2025-07-19 19:00:00,31771.0185409999,-0.0,-0.0
2025-07-19 20:00:00,482.1741986151097,15873.654411947797,14922.856347436993
2025-07-19 21:00:00,71.54842947192822,15873.654411947797,14646.124197580275
2025-07-19 22:00:00,-0.0,15873.654411947797,13105.348256052204
2025-07-19 23:00:00,-0.0,15873.654411947797,11367.927267052202
2025-07-20 00:00:00,167.98326919489818,15873.654411947797,9972.408189857304
2025-07-20 01:00:00,164.87246791356353,15873.654411947797,8701.36025013864
2025-07-20 02:00:00,111.9888461299052,15873.654411947797,7763.876701922198
2025-07-20 03:00:00,24.886410251105463,15873.654411947797,7177.722139801099
2025-07-20 04:00:00,-0.0,15873.654411947797,6666.708857052205
2025-07-20 05:00:00,-0.0,15873.654411947797,6498.748661052205
2025-07-20 06:00:00,22407.534496,-0.0,-0.0
2025-07-20 07:00:00,24838.851869,-0.0,-0.0
2025-07-20 08:00:00,27112.9808926,-0.0,-0.0
2025-07-20 09:00:00,28306.0583888,-0.0,-0.0
2025-07-20 10:00:00,27778.986131517,-0.0,-0.0
2025-07-20 11:00:00,27360.4432031,-0.0,-0.0
2025-07-20 12:00:00,26775.49746,-0.0,-0.0
2025-07-20 13:00:00,25829.219582,-0.0,-0.0
2025-07-20 14:00:00,26089.283664,-0.0,-0.0
2025-07-20 15:00:00,26302.207016,-0.0,-0.0
2025-07-20 16:00:00,27422.007011,-0.0,-0.0
2025-07-20 17:00:00,29390.3491943,-0.0,-0.0
2025-07-20 18:00:00,30848.442714,-0.0,-0.0
2025-07-20 19:00:00,31085.09229,-0.0,-0.0
2025-07-20 20:00:00,416.84737170595116,15873.654411947797,14365.086140346251
2025-07-20 21:00:00,-0.0,15873.654411947797,14073.848225052205
2025-07-20 22:00:00,-0.0,15873.654411947797,12227.757951052203
2025-07-20 23:00:00,-0.0,15873.654411947797,10462.358366052204
2025-07-21 00:00:00,-0.0,15873.654411947797,9455.777043052205
2025-07-21 01:00:00,-0.0,15873.654411947797,8103.043395052204
2025-07-21 02:00:00,-0.0,15873.654411947797,7167.289880052203
2025-07-21 03:00:00,-0.0,15873.654411947797,6795.342753052204
2025-07-21 04:00:00,27.99721153249365,15873.654411947797,6904.286235519609
2025-07-21 05:00:00,-0.0,15873.654411947797,8167.734031052203
2025-07-21 06:00:00,25078.484341,-0.0,-0.0
2025-07-21 07:00:00,27823.783407,-0.0,-0.0
2025-07-21 08:00:00,30223.104926,-0.0,-0.0
2025-07-21 09:00:00,31298.0344824,-0.0,-0.0
2025-07-21 10:00:00,31375.0993487,-0.0,-0.0
2025-07-21 11:00:00,30831.36402754,-0.0,-0.0
2025-07-21 12:00:00,30330.5468406,-0.0,-0.0
2025-07-21 13:00:00,29872.608869,-0.0,-0.0
2025-07-21 14:00:00,28200.409089,-0.0,-0.0
2025-07-21 15:00:00,28429.183195,-0.0,-0.0
2025-07-21 16:00:00,29473.954164,-0.0,-0.0
2025-07-21 17:00:00,30035.449268,-0.0,-0.0
2025-07-21 18:00:00,31459.3428944999,-0.0,-0.0
2025-07-21 19:00:00,31309.833331,-0.0,-0.0
2025-07-21 20:00:00,370.1853524851237,15873.654411947797,14965.372800567082
2025-07-21 21:00:00,286.19371788763425,15873.654411947797,14505.72670716457
2025-07-21 22:00:00,-0.0,15873.654411947797,13211.587603052203
2025-07-21 23:00:00,-0.0,15873.654411947797,11250.457948052202
2025-07-22 00:00:00,-0.0,15873.654411947797,10292.392977052203
2025-07-22 01:00:00,-0.0,15873.654411947797,8937.590640052202
2025-07-22 02:00:00,102.6564422857397,15873.654411947797,7773.335604766463
2025-07-22 03:00:00,-0.0,15873.654411947797,7418.1102220522025
2025-07-22 04:00:00,-0.0,15873.654411947797,7588.356363052202
2025-07-22 05:00:00,-0.0,15873.654411947797,8389.400674052204
2025-07-22 06:00:00,25344.017947,-0.0,-0.0
2025-07-22 07:00:00,27812.9070569999,-0.0,-0.0
2025-07-22 08:00:00,30089.030052,-0.0,-0.0
2025-07-22 09:00:00,30528.0014467,-0.0,-0.0
2025-07-22 10:00:00,30126.4845361,-0.0,-0.0
2025-07-22 11:00:00,29418.6788646,-0.0,-0.0
2025-07-22 12:00:00,29907.4513248,-0.0,-0.0
2025-07-22 13:00:00,29288.4608,-0.0,-0.0
2025-07-22 14:00:00,29450.840445,-0.0,-0.0
2025-07-22 15:00:00,29140.715165,-0.0,-0.0
2025-07-22 16:00:00,29651.798363,-0.0,-0.0
2025-07-22 17:00:00,30033.75212,-0.0,-0.0
2025-07-22 18:00:00,30785.015485,-0.0,-0.0
2025-07-22 19:00:00,30891.845513,-0.0,-0.0
2025-07-22 20:00:00,2572.6326597080197,15873.654411947797,12285.389967344181
2025-07-22 21:00:00,-0.0,15873.654411947797,14371.223883052202
2025-07-22 22:00:00,-0.0,15873.654411947797,12988.468824052203
2025-07-22 23:00:00,-0.0,15873.654411947797,11032.456821052203
2025-07-23 00:00:00,-0.0,15873.654411947797,9932.158268052202
2025-07-23 01:00:00,-0.0,15873.654411947797,8629.568879052202
2025-07-23 02:00:00,-0.0,15873.654411947797,7871.648161052204
2025-07-23 03:00:00,-0.0,15873.654411947797,7473.6992920521025
2025-07-23 04:00:00,-0.0,15873.654411947797,7577.295229052203
2025-07-23 05:00:00,-0.0,15873.654411947797,8281.883084052204
2025-07-23 06:00:00,25467.506443,-0.0,-0.0
2025-07-23 07:00:00,28096.2529149999,-0.0,-0.0
2025-07-23 08:00:00,30898.579013,-0.0,-0.0
2025-07-23 09:00:00,30174.77045089,-0.0,-0.0
2025-07-23 10:00:00,29172.1519336,-0.0,-0.0
2025-07-23 11:00:00,29605.339591,-0.0,-0.0
2025-07-23 12:00:00,29208.474371,-0.0,-0.0
2025-07-23 13:00:00,29142.192483,-0.0,-0.0
2025-07-23 14:00:00,28525.865894,-0.0,-0.0
2025-07-23 15:00:00,28908.956379,-0.0,-0.0
2025-07-23 16:00:00,30213.424906,-0.0,-0.0
2025-07-23 17:00:00,31402.2289314,-0.0,-0.0
2025-07-23 18:00:00,32178.729337,-0.0,-0.0
2025-07-23 19:00:00,31934.002236,-0.0,-0.0
2025-07-23 20:00:00,1095.0020510486172,15873.654411947797,14642.352984003484
2025-07-23 21:00:00,118.21044869273605,15873.654411947797,15381.763484359468
2025-07-23 22:00:00,348.4097435154581,15873.654411947797,13312.175345536745
2025-07-23 23:00:00,373.29615376653913,15873.654411947797,11312.133462285665
2025-07-24 00:00:00,410.6257691432011,15873.654411947797,9771.443936909
2025-07-24 01:00:00,678.154679342585,15873.654411947797,8238.543091709616
2025-07-24 02:00:00,376.40695504795457,15873.654411947797,7663.402403004247
2025-07-24 03:00:00,507.06060886627154,15873.654411947797,7011.107723185933
2025-07-24 04:00:00,441.73378195711297,15873.654411947797,7026.222445095089
2025-07-24 05:00:00,575.4982370567647,15873.654411947797,7513.39044699544
2025-07-24 06:00:00,25284.525769,-0.0,-0.0
2025-07-24 07:00:00,27673.780235,-0.0,-0.0
2025-07-24 08:00:00,30224.938166,-0.0,-0.0
2025-07-24 09:00:00,31102.137742,-0.0,-0.0
2025-07-24 10:00:00,31113.0405580999,-0.0,-0.0
2025-07-24 11:00:00,30657.16065571,-0.0,-0.0
2025-07-24 12:00:00,30140.1518816,-0.0,-0.0
2025-07-24 13:00:00,28866.02766,-0.0,-0.0
2025-07-24 14:00:00,28756.465476,-0.0,-0.0
2025-07-24 15:00:00,28786.529634,-0.0,-0.0
2025-07-24 16:00:00,29785.4557978,-0.0,-0.0
2025-07-24 17:00:00,31889.11262,-0.0,-0.0
2025-07-24 18:00:00,32314.807635,-0.0,-0.0
2025-07-24 19:00:00,32158.4579319999,-0.0,-0.0
2025-07-24 20:00:00,388.8501601734547,15873.654411947797,15434.907208878747
2025-07-24 21:00:00,-0.0,15873.654411947797,15220.306823052202
2025-07-24 22:00:00,-0.0,15873.654411947797,13527.117995052204
2025-07-24 23:00:00,-0.0,15873.654411947797,11475.504058052202
2025-07-25 00:00:00,-0.0,15873.654411947797,10341.145844052202
2025-07-25 01:00:00,192.86967944606002,15873.654411947797,8767.163012606043
2025-07-25 02:00:00,-0.0,15873.654411947797,7931.837557052202
2025-07-25 03:00:00,-0.0,15873.654411947797,7367.871917052204
2025-07-25 04:00:00,167.98326919489818,15873.654411947797,7309.632121857305
2025-07-25 05:00:00,-0.0,15873.654411947797,8074.585053052202
2025-07-25 06:00:00,25096.481072,-0.0,-0.0
2025-07-25 07:00:00,27721.199386,-0.0,-0.0
2025-07-25 08:00:00,29889.141108,-0.0,-0.0
2025-07-25 09:00:00,30235.6821959999,-0.0,-0.0
2025-07-25 10:00:00,30679.9576675,-0.0,-0.0
2025-07-25 11:00:00,29571.2484988,-0.0,-0.0
2025-07-25 12:00:00,28941.124052,-0.0,-0.0
2025-07-25 13:00:00,27911.608852,-0.0,-0.0
2025-07-25 14:00:00,27894.3631509999,-0.0,-0.0
2025-07-25 15:00:00,27910.978734,-0.0,-0.0
2025-07-25 16:00:00,28556.848887,-0.0,-0.0
2025-07-25 17:00:00,29539.296352,-0.0,-0.0
2025-07-25 18:00:00,30214.309008,-0.0,-0.0
2025-07-25 19:00:00,30290.1618739999,-0.0,-0.0
2025-07-25 20:00:00,326.6341345457116,15873.654411947797,13811.91296250649
2025-07-25 21:00:00,-0.0,15873.654411947797,13607.645475052204
2025-07-25 22:00:00,-0.0,15873.654411947797,12213.569798052204
2025-07-25 23:00:00,-0.0,15873.654411947797,10553.144916052204
2025-07-26 00:00:00,-0.0,15873.654411947797,9564.443535052202
2025-07-26 01:00:00,205.31288457156015,15873.654411947797,8090.026429480644
2025-07-26 02:00:00,49.77282050221093,15873.654411947797,7234.439882549993
2025-07-26 03:00:00,-0.0,15873.654411947797,6855.592360052202
2025-07-26 04:00:00,-0.0,15873.654411947797,6600.298892052202
2025-07-26 05:00:00,-0.0,15873.654411947797,6780.5996340522015
2025-07-26 06:00:00,22662.044144,-0.0,-0.0
2025-07-26 07:00:00,24597.1107,-0.0,-0.0
2025-07-26 08:00:00,26431.3329513,-0.0,-0.0
2025-07-26 09:00:00,26022.5398089999,-0.0,-0.0
2025-07-26 10:00:00,26363.6021,-0.0,-0.0
2025-07-26 11:00:00,26319.034211,-0.0,-0.0
2025-07-26 12:00:00,25737.28819,-0.0,-0.0
2025-07-26 13:00:00,25029.760246,-0.0,-0.0
2025-07-26 14:00:00,24631.650727,-0.0,-0.0
2025-07-26 15:00:00,25141.442387,-0.0,-0.0
2025-07-26 16:00:00,26092.141977,-0.0,-0.0
2025-07-26 17:00:00,27050.099594,-0.0,-0.0
2025-07-26 18:00:00,27880.7844979999,-0.0,-0.0
2025-07-26 19:00:00,28393.303771,-0.0,-0.0
2025-07-26 20:00:00,245.7533012296376,15873.654411947797,12276.156661822466
2025-07-26 21:00:00,-0.0,15873.654411947797,12201.918523052203
2025-07-26 22:00:00,-0.0,15873.654411947797,11053.544653052204
2025-07-26 23:00:00,-0.0,15873.654411947797,9501.649815052204
2025-07-27 00:00:00,-0.0,15873.654411947797,8488.478403052102
2025-07-27 01:00:00,-0.0,15873.654411947797,7212.186087052103
2025-07-27 02:00:00,-0.0,15873.654411947797,6309.777714052203
2025-07-27 03:00:00,-0.0,15873.654411947797,5888.803385052202
2025-07-27 04:00:00,-0.0,15873.654411947797,5569.020782052203
2025-07-27 05:00:00,-0.0,15873.654411947797,5560.1617960522035
2025-07-27 06:00:00,21278.60718,-0.0,-0.0
2025-07-27 07:00:00,23340.1734021,-0.0,-0.0
2025-07-27 08:00:00,25498.3929845,-0.0,-0.0
2025-07-27 09:00:00,24396.113824,-0.0,-0.0
2025-07-27 10:00:00,25278.625758,-0.0,-0.0
2025-07-27 11:00:00,25341.75891,-0.0,-0.0
2025-07-27 12:00:00,24872.819969,-0.0,-0.0
2025-07-27 13:00:00,24110.042274,-0.0,-0.0
2025-07-27 14:00:00,23845.06138,-0.0,-0.0
2025-07-27 15:00:00,24483.662598,-0.0,-0.0
2025-07-27 16:00:00,25802.15581,-0.0,-0.0
2025-07-27 17:00:00,27809.928907,-0.0,-0.0
2025-07-27 18:00:00,29424.0842869,-0.0,-0.0
2025-07-27 19:00:00,29686.167531,-0.0,-0.0
2025-07-27 20:00:00,279.97211532488416,15873.654411947797,13359.186059727319
2025-07-27 21:00:00,-0.0,15873.654411947797,13089.342211052202
2025-07-27 22:00:00,-0.0,15873.654411947797,11459.094223052203
2025-07-27 23:00:00,-0.0,15873.654411947797,9852.800069052204
2025-07-28 00:00:00,-0.0,15873.654411947797,8775.325926052205
2025-07-28 01:00:00,-0.0,15873.654411947797,7501.391274052205
2025-07-28 02:00:00,-0.0,15873.654411947797,7419.673694052204
2025-07-28 03:00:00,-0.0,15873.654411947797,7115.187232052203
2025-07-28 04:00:00,-0.0,15873.654411947797,6829.118085052205
2025-07-28 05:00:00,-0.0,15873.654411947797,7417.696164052204
2025-07-28 06:00:00,24772.800077,-0.0,-0.0
2025-07-28 07:00:00,27510.854968,-0.0,-0.0
2025-07-28 08:00:00,29530.6222614,-0.0,-0.0
2025-07-28 09:00:00,29615.763307,-0.0,-0.0
2025-07-28 10:00:00,30080.137679,-0.0,-0.0
2025-07-28 11:00:00,29781.928988,-0.0,-0.0
2025-07-28 12:00:00,29237.721456,-0.0,-0.0
2025-07-28 13:00:00,28803.527277,-0.0,-0.0
2025-07-28 14:00:00,28816.5030009999,-0.0,-0.0
2025-07-28 15:00:00,29651.7474999999,-0.0,-0.0
2025-07-28 16:00:00,30631.865016,-0.0,-0.0
2025-07-28 17:00:00,32913.024735,-0.0,-0.0
2025-07-28 18:00:00,33790.348383,-0.0,-0.0
2025-07-28 19:00:00,33780.947267,-0.0,-0.0
2025-07-28 20:00:00,1231.8773074296842,15873.654411947797,15803.035469222516
2025-07-28 21:00:00,-0.0,15873.654411947797,16190.901357052202
2025-07-28 22:00:00,-0.0,15873.654411947797,14185.678178052205
2025-07-28 23:00:00,-0.0,15873.654411947797,12020.166647052103
2025-07-29 00:00:00,-0.0,15873.654411947797,10704.509449052204
2025-07-29 01:00:00,-0.0,15873.654411947797,9149.181028052202
2025-07-29 02:00:00,-0.0,15873.654411947797,8130.875237052203
2025-07-29 03:00:00,-0.0,15873.654411947797,7774.626300052203
2025-07-29 04:00:00,-0.0,15873.654411947797,7816.771436052202
2025-07-29 05:00:00,-0.0,15873.654411947797,8525.103905052203
2025-07-29 06:00:00,25474.387252,-0.0,-0.0
2025-07-29 07:00:00,28249.5204299,-0.0,-0.0
2025-07-29 08:00:00,30797.0952634,-0.0,-0.0
2025-07-29 09:00:00,32129.7748642,-0.0,-0.0
2025-07-29 10:00:00,31831.958826,-0.0,-0.0
2025-07-29 11:00:00,30998.914943,-0.0,-0.0
2025-07-29 12:00:00,30420.234321,-0.0,-0.0
2025-07-29 13:00:00,30255.6115829999,-0.0,-0.0
2025-07-29 14:00:00,30197.603117,-0.0,-0.0
2025-07-29 15:00:00,31338.8158759999,-0.0,-0.0
2025-07-29 16:00:00,32550.43604,-0.0,-0.0
2025-07-29 17:00:00,34024.372865,-0.0,-0.0
2025-07-29 18:00:00,34808.281928,-0.0,-0.0
2025-07-29 19:00:00,34137.610619,-0.0,-0.0
2025-07-29 20:00:00,87.10243587882412,15873.654411947797,17260.434029973378
2025-07-29 21:00:00,-0.0,15873.654411947797,16752.505716152205
2025-07-29 22:00:00,-0.0,15873.654411947797,14803.718979052204
2025-07-29 23:00:00,-0.0,15873.654411947797,12582.186758052203
2025-07-30 00:00:00,-0.0,15873.654411947797,10998.289131052205
2025-07-30 01:00:00,-0.0,15873.654411947797,9621.915863052202
2025-07-30 02:00:00,-0.0,15873.654411947797,8752.440992052203
2025-07-30 03:00:00,118.21044869273605,15873.654411947797,7946.056110359466
2025-07-30 04:00:00,-0.0,15873.654411947797,7734.160443052204
2025-07-30 05:00:00,-0.0,15873.654411947797,8360.459386052202
2025-07-30 06:00:00,25533.737924,-0.0,-0.0
2025-07-30 07:00:00,27870.136809,-0.0,-0.0
2025-07-30 08:00:00,30802.2568544,-0.0,-0.0
2025-07-30 09:00:00,31537.5174549999,-0.0,-0.0
2025-07-30 10:00:00,31920.399964,-0.0,-0.0
2025-07-30 11:00:00,31609.975851,-0.0,-0.0
2025-07-30 12:00:00,30928.1619139999,-0.0,-0.0
2025-07-30 13:00:00,30040.018949,-0.0,-0.0
2025-07-30 14:00:00,30655.1856999999,-0.0,-0.0
2025-07-30 15:00:00,31583.134858,-0.0,-0.0
2025-07-30 16:00:00,32747.786107,-0.0,-0.0
2025-07-30 17:00:00,34006.866402,-0.0,-0.0
2025-07-30 18:00:00,34974.083669,-0.0,-0.0
2025-07-30 19:00:00,34450.5074266,-0.0,-0.0
2025-07-30 20:00:00,755.9247113773245,15873.654411947797,17133.780463674877
2025-07-30 21:00:00,199.09128200881008,15873.654411947797,16778.743949043394
2025-07-30 22:00:00,-0.0,15873.654411947797,14695.537397052203
2025-07-30 23:00:00,-0.0,15873.654411947797,12472.320350052205
2025-07-31 00:00:00,-0.0,15873.654411947797,11225.398939052202
2025-07-31 01:00:00,43.55121793943457,15873.654411947797,9659.478418112767
2025-07-31 02:00:00,311.08012813879606,15873.654411947797,8210.201374913406
2025-07-31 03:00:00,-0.0,15873.654411947797,7835.576835052203
2025-07-31 04:00:00,-0.0,15873.654411947797,7424.455671052203
2025-07-31 05:00:00,-0.0,15873.654411947797,7891.979280052203
2025-07-31 06:00:00,24726.648038,-0.0,-0.0
2025-07-31 07:00:00,27364.021563,-0.0,-0.0
2025-07-31 08:00:00,30517.2017131,-0.0,-0.0
2025-07-31 09:00:00,31136.2792718,-0.0,-0.0
2025-07-31 10:00:00,30661.2021647999,-0.0,-0.0
2025-07-31 11:00:00,30259.6261331,-0.0,-0.0
2025-07-31 12:00:00,30353.4740486,-0.0,-0.0
2025-07-31 13:00:00,30253.070975,-0.0,-0.0
2025-07-31 14:00:00,31109.994927,-0.0,-0.0
2025-07-31 15:00:00,32198.4978886,-0.0,-0.0
2025-07-31 16:00:00,33396.2698161,-0.0,-0.0
2025-07-31 17:00:00,34337.96820172,-0.0,-0.0
2025-07-31 18:00:00,35272.3770309999,-0.0,-0.0
2025-07-31 19:00:00,35143.638025,-0.0,-0.0
2025-07-31 20:00:00,5347.467402706265,15873.654411947797,13171.504132345937
2025-07-31 21:00:00,4202.692531155405,15873.654411947797,13230.177539896798
2025-07-31 22:00:00,-0.0,15873.654411947797,15075.219957052204
2025-07-31 23:00:00,-0.0,15873.654411947797,12923.921189052204
2025-08-01 00:00:00,-0.0,15873.654411947797,11496.235464052204
2025-08-01 01:00:00,136.87525638106703,15873.654411947797,9963.349293671135
2025-08-01 02:00:00,-0.0,15873.654411947797,8752.825402052202
2025-08-01 03:00:00,-0.0,15873.654411947797,8210.816958052203
2025-08-01 04:00:00,-0.0,15873.654411947797,7900.835619052103
2025-08-01 05:00:00,-0.0,15873.654411947797,8673.416794052204
2025-08-01 06:00:00,25565.5165859999,-0.0,-0.0
2025-08-01 07:00:00,27538.74125,-0.0,-0.0
2025-08-01 08:00:00,30535.5987382,-0.0,-0.0
2025-08-01 09:00:00,31517.7039300999,-0.0,-0.0
2025-08-01 10:00:00,30347.5842771,-0.0,-0.0
2025-08-01 11:00:00,30374.5799319999,-0.0,-0.0
2025-08-01 12:00:00,30195.97997,-0.0,-0.0
2025-08-01 13:00:00,30749.4767559999,-0.0,-0.0
2025-08-01 14:00:00,30897.173235,-0.0,-0.0
2025-08-01 15:00:00,32288.1430579999,-0.0,-0.0
2025-08-01 16:00:00,33453.3863769999,-0.0,-0.0
2025-08-01 17:00:00,34126.4124114999,-0.0,-0.0
2025-08-01 18:00:00,34689.0949589999,-0.0,-0.0
2025-08-01 19:00:00,34031.993612,-0.0,-0.0
2025-08-01 20:00:00,-0.0,15873.654411947797,17574.377383052204
2025-08-01 21:00:00,-0.0,15873.654411947797,16555.986217052203
2025-08-01 22:00:00,-0.0,15873.654411947797,14618.999953052202
2025-08-01 23:00:00,-0.0,15873.654411947797,12575.885535052103
2025-08-02 00:00:00,-0.0,15873.654411947797,11046.492739052102
2025-08-02 01:00:00,-0.0,15873.654411947797,9611.726670052203
2025-08-02 02:00:00,-0.0,15873.654411947797,8637.627335052204
2025-08-02 03:00:00,-0.0,15873.654411947797,7705.343019052203
2025-08-02 04:00:00,-0.0,15873.654411947797,7360.289047052202
2025-08-02 05:00:00,-0.0,15873.654411947797,7313.431371052202
2025-08-02 06:00:00,23607.349533,-0.0,-0.0
2025-08-02 07:00:00,26259.108749,-0.0,-0.0
2025-08-02 08:00:00,28488.0721783,-0.0,-0.0
2025-08-02 09:00:00,28497.4524684,-0.0,-0.0
2025-08-02 10:00:00,28552.620173,-0.0,-0.0
2025-08-02 11:00:00,28130.631479,-0.0,-0.0
2025-08-02 12:00:00,27692.2734639999,-0.0,-0.0
2025-08-02 13:00:00,27513.1516419999,-0.0,-0.0
2025-08-02 14:00:00,27591.475907,-0.0,-0.0
2025-08-02 15:00:00,28843.4028029999,-0.0,-0.0
2025-08-02 16:00:00,31007.3706089999,-0.0,-0.0
2025-08-02 17:00:00,32371.2046046,-0.0,-0.0
2025-08-02 18:00:00,33167.659465,-0.0,-0.0
2025-08-02 19:00:00,32771.703652,-0.0,-0.0
2025-08-02 20:00:00,96.43483972298962,15873.654411947797,16343.166807329211
2025-08-02 21:00:00,130.6536538182362,15873.654411947797,15369.389334233969
2025-08-02 22:00:00,-0.0,15873.654411947797,13680.230441052203
2025-08-02 23:00:00,-0.0,15873.654411947797,11464.273664052203
2025-08-03 00:00:00,-0.0,15873.654411947797,10096.291489052202
2025-08-03 01:00:00,-0.0,15873.654411947797,8786.519256052203
2025-08-03 02:00:00,-0.0,15873.654411947797,7681.194243052103
2025-08-03 03:00:00,-0.0,15873.654411947797,6904.883653052204
2025-08-03 04:00:00,-0.0,15873.654411947797,6551.998698052203
2025-08-03 05:00:00,-0.0,15873.654411947797,6252.839747052205
2025-08-03 06:00:00,22041.923739,-0.0,-0.0
2025-08-03 07:00:00,24947.650065,-0.0,-0.0
2025-08-03 08:00:00,27772.4052227,-0.0,-0.0
2025-08-03 09:00:00,27370.257386,-0.0,-0.0
2025-08-03 10:00:00,27026.625889,-0.0,-0.0
2025-08-03 11:00:00,26666.015851,-0.0,-0.0
2025-08-03 12:00:00,25818.346304,-0.0,-0.0
2025-08-03 13:00:00,24995.931307,-0.0,-0.0
2025-08-03 14:00:00,25317.352086,-0.0,-0.0
2025-08-03 15:00:00,27624.5518949999,-0.0,-0.0
2025-08-03 16:00:00,29276.5070749999,-0.0,-0.0
2025-08-03 17:00:00,31665.9654129,-0.0,-0.0
2025-08-03 18:00:00,32854.7005694,-0.0,-0.0
2025-08-03 19:00:00,32737.475536,-0.0,-0.0
2025-08-03 20:00:00,15.554006406940918,15873.654411947797,16327.593429645261
2025-08-03 21:00:00,435.5121793942822,15873.654411947797,14819.690138657921
2025-08-03 22:00:00,40.44041665804639,15873.654411947797,13406.663488394157
2025-08-03 23:00:00,-0.0,15873.654411947797,11217.393425052202
2025-08-04 00:00:00,-0.0,15873.654411947797,9818.060052052204
2025-08-04 01:00:00,-0.0,15873.654411947797,8604.308045052205
2025-08-04 02:00:00,-0.0,15873.654411947797,7876.481991052204
2025-08-04 03:00:00,-0.0,15873.654411947797,7572.487673052203
2025-08-04 04:00:00,-0.0,15873.654411947797,7205.899130052205
2025-08-04 05:00:00,-0.0,15873.654411947797,7787.787212052202
2025-08-04 06:00:00,24946.908472,-0.0,-0.0
2025-08-04 07:00:00,28186.394137,-0.0,-0.0
2025-08-04 08:00:00,30973.489294,-0.0,-0.0
2025-08-04 09:00:00,31199.973865,-0.0,-0.0
2025-08-04 10:00:00,31549.4676506,-0.0,-0.0
2025-08-04 11:00:00,30937.85673488,-0.0,-0.0
2025-08-04 12:00:00,30842.5751466999,-0.0,-0.0
2025-08-04 13:00:00,31326.9281633,-0.0,-0.0
2025-08-04 14:00:00,30419.316718,-0.0,-0.0
2025-08-04 15:00:00,31157.518375,-0.0,-0.0
2025-08-04 16:00:00,32442.0335175,-0.0,-0.0
2025-08-04 17:00:00,34216.571119,-0.0,-0.0
2025-08-04 18:00:00,34871.559984,-0.0,-0.0
2025-08-04 19:00:00,34050.085695,-0.0,-0.0
2025-08-04 20:00:00,-0.0,15873.654411947797,17702.9825150522
2025-08-04 21:00:00,-0.0,15873.654411947797,16760.536069052105
2025-08-04 22:00:00,-0.0,15873.654411947797,14607.318772052202
2025-08-04 23:00:00,-0.0,15873.654411947797,12263.276790052203
2025-08-05 00:00:00,-0.0,15873.654411947797,10738.550474052203
2025-08-05 01:00:00,-0.0,15873.654411947797,9318.612286052203
2025-08-05 02:00:00,93.3240384415742,15873.654411947797,8322.767705610528
2025-08-05 03:00:00,-0.0,15873.654411947797,7964.085329052103
2025-08-05 04:00:00,-0.0,15873.654411947797,7782.4448110521025
2025-08-05 05:00:00,18.6648076883291,15873.654411947797,8371.746260363876
2025-08-05 06:00:00,25288.7276419999,-0.0,-0.0
2025-08-05 07:00:00,27549.5287079999,-0.0,-0.0
2025-08-05 08:00:00,31007.92656,-0.0,-0.0
2025-08-05 09:00:00,32470.436254,-0.0,-0.0
2025-08-05 10:00:00,31548.8503949999,-0.0,-0.0
2025-08-05 11:00:00,31377.7072223,-0.0,-0.0
2025-08-05 12:00:00,30715.0626099999,-0.0,-0.0
2025-08-05 13:00:00,29575.667288,-0.0,-0.0
2025-08-05 14:00:00,30294.9565539999,-0.0,-0.0
2025-08-05 15:00:00,31711.049204,-0.0,-0.0
2025-08-05 16:00:00,33177.910691,-0.0,-0.0
2025-08-05 17:00:00,35005.1490073999,-0.0,-0.0
2025-08-05 18:00:00,35669.2951562,-0.0,-0.0
2025-08-05 19:00:00,34940.4743842999,-0.0,-0.0
2025-08-05 20:00:00,-0.0,15873.654411947797,18547.0430350522
2025-08-05 21:00:00,-0.0,15873.654411947797,17538.654981052103
2025-08-05 22:00:00,-0.0,15873.654411947797,15433.235796052204
2025-08-05 23:00:00,-0.0,15873.654411947797,13046.551974052103
2025-08-06 00:00:00,-0.0,15873.654411947797,11434.055460052203
2025-08-06 01:00:00,-0.0,15873.654411947797,9969.925496052203
2025-08-06 02:00:00,-0.0,15873.654411947797,9024.773040052203
2025-08-06 03:00:00,-0.0,15873.654411947797,8979.197763052203
2025-08-06 04:00:00,-0.0,15873.654411947797,8773.997455052204
2025-08-06 05:00:00,-0.0,15873.654411947797,9159.731811052205
2025-08-06 06:00:00,26064.030296,-0.0,-0.0
2025-08-06 07:00:00,28807.835478,-0.0,-0.0
2025-08-06 08:00:00,32641.611773,-0.0,-0.0
2025-08-06 09:00:00,33871.5910949999,-0.0,-0.0
2025-08-06 10:00:00,33953.002621,-0.0,-0.0
2025-08-06 11:00:00,33490.2238402,-0.0,-0.0
2025-08-06 12:00:00,33247.2196343,-0.0,-0.0
2025-08-06 13:00:00,33251.1710806,-0.0,-0.0
2025-08-06 14:00:00,33737.123627,-0.0,-0.0
2025-08-06 15:00:00,35618.575819,-0.0,-0.0
2025-08-06 16:00:00,37401.881834,-0.0,-0.0
2025-08-06 17:00:00,39126.3138883,-0.0,-0.0
2025-08-06 18:00:00,39908.5877135,-0.0,-0.0
2025-08-06 19:00:00,38778.9236293,-0.0,-0.0
2025-08-06 20:00:00,-0.0,15873.654411947797,21890.814129052203
2025-08-06 21:00:00,-0.0,15873.654411947797,20387.9854220521
2025-08-06 22:00:00,-0.0,15873.654411947797,17902.4610230522
2025-08-06 23:00:00,-0.0,15873.654411947797,15333.108771052202
2025-08-07 00:00:00,-0.0,15873.654411947797,13207.081291052202
2025-08-07 01:00:00,-0.0,15873.654411947797,11710.004075052204
2025-08-07 02:00:00,-0.0,15873.654411947797,10449.251333052203
2025-08-07 03:00:00,-0.0,15873.654411947797,10067.790074052204
2025-08-07 04:00:00,-0.0,15873.654411947797,9625.085667052203
2025-08-07 05:00:00,-0.0,15873.654411947797,10035.139284052204
2025-08-07 06:00:00,26908.699872,-0.0,-0.0
2025-08-07 07:00:00,29345.23134,-0.0,-0.0
2025-08-07 08:00:00,34294.499139,-0.0,-0.0
2025-08-07 09:00:00,35695.22495,-0.0,-0.0
2025-08-07 10:00:00,35856.936246,-0.0,-0.0
2025-08-07 11:00:00,36155.189536,-0.0,-0.0
2025-08-07 12:00:00,35423.881513,-0.0,-0.0
2025-08-07 13:00:00,35598.6025451,-0.0,-0.0
2025-08-07 14:00:00,36622.268,-0.0,-0.0
2025-08-07 15:00:00,38367.921503,-0.0,-0.0
2025-08-07 16:00:00,39692.379678,-0.0,-0.0
2025-08-07 17:00:00,40855.775583,-0.0,-0.0
2025-08-07 18:00:00,41290.9583149999,-0.0,-0.0
2025-08-07 19:00:00,39914.2345359999,-0.0,-0.0
2025-08-07 20:00:00,-0.0,15873.654411947797,22801.8314630522
2025-08-07 21:00:00,-0.0,15873.654411947797,21140.625601052103
2025-08-07 22:00:00,-0.0,15873.654411947797,18483.369000052102
2025-08-07 23:00:00,-0.0,15873.654411947797,15816.883647052202
2025-08-08 00:00:00,-0.0,15873.654411947797,13580.954014052202
2025-08-08 01:00:00,-0.0,15873.654411947797,12097.706623052205
2025-08-08 02:00:00,-0.0,15873.654411947797,10883.989727052203
2025-08-08 03:00:00,-0.0,15873.654411947797,10254.314726052204
2025-08-08 04:00:00,-0.0,15873.654411947797,9813.523372052203
2025-08-08 05:00:00,-0.0,15873.654411947797,10151.931453052204
2025-08-08 06:00:00,27157.5873359999,-0.0,-0.0
2025-08-08 07:00:00,30240.992887,-0.0,-0.0
2025-08-08 08:00:00,33906.861612,-0.0,-0.0
2025-08-08 09:00:00,35172.177811,-0.0,-0.0
2025-08-08 10:00:00,36026.062522,-0.0,-0.0
2025-08-08 11:00:00,35831.2862219999,-0.0,-0.0
2025-08-08 12:00:00,35398.186591,-0.0,-0.0
2025-08-08 13:00:00,35684.1707377,-0.0,-0.0
2025-08-08 14:00:00,35961.8103884999,-0.0,-0.0
2025-08-08 15:00:00,37428.1134067999,-0.0,-0.0
2025-08-08 16:00:00,39012.2217008,-0.0,-0.0
2025-08-08 17:00:00,40146.621054,-0.0,-0.0
2025-08-08 18:00:00,40675.645052,-0.0,-0.0
2025-08-08 19:00:00,39345.353553,-0.0,-0.0
2025-08-08 20:00:00,-0.0,15873.654411947797,22193.6680740522
2025-08-08 21:00:00,-0.0,15873.654411947797,20667.7228630522
2025-08-08 22:00:00,34.21881409527001,15873.654411947797,18372.20361195693
2025-08-08 23:00:00,-0.0,15873.654411947797,15696.191645052202
2025-08-09 00:00:00,183.53727560189452,15873.654411947797,13671.944424450308
2025-08-09 01:00:00,-0.0,15873.654411947797,12061.276472052205
2025-08-09 02:00:00,-0.0,15873.654411947797,10485.163019052203
2025-08-09 03:00:00,-0.0,15873.654411947797,9578.628570052204
2025-08-09 04:00:00,-0.0,15873.654411947797,8916.383455052202
2025-08-09 05:00:00,174.20487175772905,15873.654411947797,8539.590799294474
2025-08-09 06:00:00,24873.7222439999,-0.0,-0.0
2025-08-09 07:00:00,27437.905394,-0.0,-0.0
2025-08-09 08:00:00,29873.202511,-0.0,-0.0
2025-08-09 09:00:00,31615.045079,-0.0,-0.0
2025-08-09 10:00:00,32311.2035579999,-0.0,-0.0
2025-08-09 11:00:00,31988.21248,-0.0,-0.0
2025-08-09 12:00:00,32273.896861,-0.0,-0.0
2025-08-09 13:00:00,31859.6486546,-0.0,-0.0
2025-08-09 14:00:00,32270.7586026,-0.0,-0.0
2025-08-09 15:00:00,33438.1886588,-0.0,-0.0
2025-08-09 16:00:00,35194.382369,-0.0,-0.0
2025-08-09 17:00:00,36880.681204,-0.0,-0.0
2025-08-09 18:00:00,37600.131459,-0.0,-0.0
2025-08-09 19:00:00,36481.358416,-0.0,-0.0
2025-08-09 20:00:00,-0.0,15873.654411947797,19732.7531410522
2025-08-09 21:00:00,-0.0,15873.654411947797,18150.029057052205
2025-08-09 22:00:00,-0.0,15873.654411947797,16080.996878052205
2025-08-09 23:00:00,-0.0,15873.654411947797,13957.162709052203
2025-08-10 00:00:00,-0.0,15873.654411947797,12220.035962052205
2025-08-10 01:00:00,286.19371788763425,15873.654411947797,10324.228425164569
2025-08-10 02:00:00,-0.0,15873.654411947797,9377.067416052103
2025-08-10 03:00:00,-0.0,15873.654411947797,8524.036452052203
2025-08-10 04:00:00,-0.0,15873.654411947797,7884.605713052204
2025-08-10 05:00:00,-0.0,15873.654411947797,7554.663918052202
2025-08-10 06:00:00,23386.2534529999,-0.0,-0.0
2025-08-10 07:00:00,25265.259265,-0.0,-0.0
2025-08-10 08:00:00,28517.998006,-0.0,-0.0
2025-08-10 09:00:00,29824.449759,-0.0,-0.0
2025-08-10 10:00:00,29530.9292323999,-0.0,-0.0
2025-08-10 11:00:00,29356.9599761,-0.0,-0.0
2025-08-10 12:00:00,30364.3539768999,-0.0,-0.0
2025-08-10 13:00:00,30651.050506,-0.0,-0.0
2025-08-10 14:00:00,31567.213446,-0.0,-0.0
2025-08-10 15:00:00,33351.752043,-0.0,-0.0
2025-08-10 16:00:00,34241.203803,-0.0,-0.0
2025-08-10 17:00:00,36410.1746066,-0.0,-0.0
2025-08-10 18:00:00,37097.47775947,-0.0,-0.0
2025-08-10 19:00:00,30106.33480127482,6047.772884825175,-0.0
2025-08-10 20:00:00,-0.0,15873.654411947797,19537.639053152205
2025-08-10 21:00:00,24.886410251105463,15873.654411947797,18214.799741801093
2025-08-10 22:00:00,-0.0,15873.654411947797,15771.183703052202
2025-08-10 23:00:00,-0.0,15873.654411947797,13499.868028052204
2025-08-11 00:00:00,-0.0,15873.654411947797,11865.328261052202
2025-08-11 01:00:00,-0.0,15873.654411947797,10367.390905052203
2025-08-11 02:00:00,-0.0,15873.654411947797,9354.925921052103
2025-08-11 03:00:00,-0.0,15873.654411947797,9034.133499052203
2025-08-11 04:00:00,-0.0,15873.654411947797,8675.704103052203
2025-08-11 05:00:00,-0.0,15873.654411947797,9330.222415052203
2025-08-11 06:00:00,26477.685359,-0.0,-0.0
2025-08-11 07:00:00,29380.927365,-0.0,-0.0
2025-08-11 08:00:00,33207.181911,-0.0,-0.0
2025-08-11 09:00:00,34323.2346695,-0.0,-0.0
2025-08-11 10:00:00,34122.9412781,-0.0,-0.0
2025-08-11 11:00:00,34292.317716,-0.0,-0.0
2025-08-11 12:00:00,33947.182006,-0.0,-0.0
2025-08-11 13:00:00,34233.15763,-0.0,-0.0
2025-08-11 14:00:00,34927.9183119999,-0.0,-0.0
2025-08-11 15:00:00,36218.368606,-0.0,-0.0
2025-08-11 16:00:00,37682.424251,-0.0,-0.0
2025-08-11 17:00:00,38654.608845,-0.0,-0.0
2025-08-11 18:00:00,38935.005355,-0.0,-0.0
2025-08-11 19:00:00,37800.848491,-0.0,-0.0
2025-08-11 20:00:00,2298.882146945805,15873.654411947797,18610.8740411064
2025-08-11 21:00:00,2445.089807171037,15873.654411947797,17161.955849581067
2025-08-11 22:00:00,2662.8458968682594,15873.654411947797,14280.89011618394
2025-08-11 23:00:00,2578.8542622707696,15873.654411947797,11807.970430781432
2025-08-12 00:00:00,2793.499550686576,15873.654411947797,9786.856294365629
2025-08-12 01:00:00,2644.181089179928,15873.654411947797,8614.833764872275
2025-08-12 02:00:00,2647.291890461344,15873.654411947797,7512.02451059086
2025-08-12 03:00:00,2634.8486853357626,15873.654411947797,7163.74461071644
2025-08-12 04:00:00,2709.507916089087,15873.654411947797,6601.137798963115
2025-08-12 05:00:00,2606.8514738032663,15873.654411947797,7121.991957248938
2025-08-12 06:00:00,27074.981438,-0.0,-0.0
2025-08-12 07:00:00,29447.112618,-0.0,-0.0
2025-08-12 08:00:00,32751.3968446,-0.0,-0.0
2025-08-12 09:00:00,34235.3570541,-0.0,-0.0
2025-08-12 10:00:00,33973.123393,-0.0,-0.0
2025-08-12 11:00:00,33777.551701,-0.0,-0.0
2025-08-12 12:00:00,33017.520148,-0.0,-0.0
2025-08-12 13:00:00,33056.488959,-0.0,-0.0
2025-08-12 14:00:00,32954.845835,-0.0,-0.0
2025-08-12 15:00:00,34297.310283,-0.0,-0.0
2025-08-12 16:00:00,35952.090014,-0.0,-0.0
2025-08-12 17:00:00,37184.770944,-0.0,-0.0
2025-08-12 18:00:00,37862.037003,-0.0,-0.0
2025-08-12 19:00:00,36647.965741,-0.0,-0.0
2025-08-12 20:00:00,833.6947434119833,15873.654411947797,19140.586518540218
2025-08-12 21:00:00,-0.0,15873.654411947797,18637.316476052205
2025-08-12 22:00:00,9.332403844164551,15873.654411947797,16351.61291120804
2025-08-12 23:00:00,-0.0,15873.654411947797,13971.793960052202
2025-08-13 00:00:00,-0.0,15873.654411947797,12332.157097052203
2025-08-13 01:00:00,-0.0,15873.654411947797,10876.470634052204
2025-08-13 02:00:00,-0.0,15873.654411947797,9874.568223052202
2025-08-13 03:00:00,-0.0,15873.654411947797,9356.833953052204
2025-08-13 04:00:00,-0.0,15873.654411947797,9083.979656052203
2025-08-13 05:00:00,-0.0,15873.654411947797,9580.375780052202
2025-08-13 06:00:00,26850.796669,-0.0,-0.0
2025-08-13 07:00:00,29872.346122,-0.0,-0.0
2025-08-13 08:00:00,32648.012896,-0.0,-0.0
2025-08-13 09:00:00,34032.8252109999,-0.0,-0.0
2025-08-13 10:00:00,33950.103961,-0.0,-0.0
2025-08-13 11:00:00,33376.0703725,-0.0,-0.0
2025-08-13 12:00:00,32805.1981818,-0.0,-0.0
2025-08-13 13:00:00,31269.932888,-0.0,-0.0
2025-08-13 14:00:00,31757.607749,-0.0,-0.0
2025-08-13 15:00:00,33255.6726139999,-0.0,-0.0
2025-08-13 16:00:00,35028.874509,-0.0,-0.0
2025-08-13 17:00:00,36302.6799343,-0.0,-0.0
2025-08-13 18:00:00,36507.2320832,-0.0,-0.0
2025-08-13 19:00:00,35616.262698,-0.0,-0.0
2025-08-13 20:00:00,441.73378195711297,15873.654411947797,18593.16225109509
2025-08-13 21:00:00,-0.0,15873.654411947797,17813.0061370522
2025-08-13 22:00:00,-0.0,15873.654411947797,15562.749799052204
2025-08-13 23:00:00,345.29894223404267,15873.654411947797,12846.150620818162
2025-08-14 00:00:00,-0.0,15873.654411947797,11883.784020052202
2025-08-14 01:00:00,-0.0,15873.654411947797,10557.893911052202
2025-08-14 02:00:00,-0.0,15873.654411947797,9446.458635052202
2025-08-14 03:00:00,6.221602562776366,15873.654411947797,8818.340514489326
2025-08-14 04:00:00,-0.0,15873.654411947797,8776.395216052204
2025-08-14 05:00:00,118.21044869273605,15873.654411947797,9338.270256359468
2025-08-14 06:00:00,26752.895363,-0.0,-0.0
2025-08-14 07:00:00,29102.783527,-0.0,-0.0
2025-08-14 08:00:00,32500.5680989999,-0.0,-0.0
2025-08-14 09:00:00,33749.28713,-0.0,-0.0
2025-08-14 10:00:00,33226.7180021,-0.0,-0.0
2025-08-14 11:00:00,32468.4628885,-0.0,-0.0
2025-08-14 12:00:00,31667.4843899999,-0.0,-0.0
2025-08-14 13:00:00,31098.255231,-0.0,-0.0
2025-08-14 14:00:00,31709.2458239999,-0.0,-0.0
2025-08-14 15:00:00,33210.429131,-0.0,-0.0
2025-08-14 16:00:00,34350.337773,-0.0,-0.0
2025-08-14 17:00:00,35375.1027903,-0.0,-0.0
2025-08-14 18:00:00,35404.255924,-0.0,-0.0
2025-08-14 19:00:00,33161.14165959803,1461.4514034019667,-0.0
2025-08-14 20:00:00,-0.0,15873.654411947797,18267.169597052205
2025-08-14 21:00:00,-0.0,15873.654411947797,17204.0529250522
2025-08-14 22:00:00,248.864102511053,15873.654411947797,14782.29903554115
2025-08-14 23:00:00,-0.0,15873.654411947797,12799.993925052202
2025-08-15 00:00:00,-0.0,15873.654411947797,11420.354604052203
2025-08-15 01:00:00,-0.0,15873.654411947797,10222.168152052202
2025-08-15 02:00:00,-0.0,15873.654411947797,9412.237301052102
2025-08-15 03:00:00,-0.0,15873.654411947797,8776.027656052202
2025-08-15 04:00:00,-0.0,15873.654411947797,8350.669729052204
2025-08-15 05:00:00,-0.0,15873.654411947797,9103.109704052202
2025-08-15 06:00:00,26334.927594,-0.0,-0.0
2025-08-15 07:00:00,27932.731039,-0.0,-0.0
2025-08-15 08:00:00,30668.587917,-0.0,-0.0
2025-08-15 09:00:00,32262.2054819999,-0.0,-0.0
2025-08-15 10:00:00,32389.4807479999,-0.0,-0.0
2025-08-15 11:00:00,31877.6535036,-0.0,-0.0
2025-08-15 12:00:00,31608.021449826,-0.0,-0.0
2025-08-15 13:00:00,31379.0719627,-0.0,-0.0
2025-08-15 14:00:00,31165.512229,-0.0,-0.0
2025-08-15 15:00:00,31874.489295,-0.0,-0.0
2025-08-15 16:00:00,33586.3104602,-0.0,-0.0
2025-08-15 17:00:00,34324.0095131,-0.0,-0.0
2025-08-15 18:00:00,34754.963512,-0.0,-0.0
2025-08-15 19:00:00,33825.7001469999,-0.0,-0.0
2025-08-15 20:00:00,2158.896089283322,15873.654411947797,15145.811814768878
2025-08-15 21:00:00,-0.0,15873.654411947797,16236.417673052203
2025-08-15 22:00:00,-0.0,15873.654411947797,14369.358499052103
2025-08-15 23:00:00,-0.0,15873.654411947797,12590.637266052205
2025-08-16 00:00:00,-0.0,15873.654411947797,11135.579605052202
2025-08-16 01:00:00,-0.0,15873.654411947797,9980.906985052205
2025-08-16 02:00:00,-0.0,15873.654411947797,8771.549250052203
2025-08-16 03:00:00,-0.0,15873.654411947797,7960.8059750522025
2025-08-16 04:00:00,-0.0,15873.654411947797,7633.751459052202
2025-08-16 05:00:00,189.75887816464459,15873.654411947797,7520.080773887557
2025-08-16 06:00:00,23755.217139,-0.0,-0.0
2025-08-16 07:00:00,25389.549306,-0.0,-0.0
2025-08-16 08:00:00,28390.465696,-0.0,-0.0
2025-08-16 09:00:00,29965.361883,-0.0,-0.0
2025-08-16 10:00:00,29880.5868309,-0.0,-0.0
2025-08-16 11:00:00,28791.9409906,-0.0,-0.0
2025-08-16 12:00:00,27651.8655799999,-0.0,-0.0
2025-08-16 13:00:00,27654.643712,-0.0,-0.0
2025-08-16 14:00:00,27793.6842489999,-0.0,-0.0
2025-08-16 15:00:00,28282.402615,-0.0,-0.0
2025-08-16 16:00:00,29784.474387,-0.0,-0.0
2025-08-16 17:00:00,31051.191455,-0.0,-0.0
2025-08-16 18:00:00,31894.438529,-0.0,-0.0
2025-08-16 19:00:00,31020.910378002965,485.3863529970331,-0.0
2025-08-16 20:00:00,-0.0,15873.654411947797,15393.388109052203
2025-08-16 21:00:00,811.9191344422367,15873.654411947797,13728.687299609968
2025-08-16 22:00:00,-0.0,15873.654411947797,12988.285491052202
2025-08-16 23:00:00,-0.0,15873.654411947797,11234.692364052202
2025-08-17 00:00:00,-0.0,15873.654411947797,9944.567204052202
2025-08-17 01:00:00,-0.0,15873.654411947797,8713.267180052202
2025-08-17 02:00:00,-0.0,15873.654411947797,7810.377214052203
2025-08-17 03:00:00,-0.0,15873.654411947797,7233.618241052203
2025-08-17 04:00:00,-0.0,15873.654411947797,6738.509931052204
2025-08-17 05:00:00,-0.0,15873.654411947797,6488.589149052203
2025-08-17 06:00:00,22378.383019,-0.0,-0.0
2025-08-17 07:00:00,23819.693909,-0.0,-0.0
2025-08-17 08:00:00,26235.6606128,-0.0,-0.0
2025-08-17 09:00:00,26375.0801689,-0.0,-0.0
2025-08-17 10:00:00,26584.3765072,-0.0,-0.0
2025-08-17 11:00:00,26979.7873616,-0.0,-0.0
2025-08-17 12:00:00,26509.5155875,-0.0,-0.0
2025-08-17 13:00:00,26762.7509258,-0.0,-0.0
2025-08-17 14:00:00,26258.776054,-0.0,-0.0
2025-08-17 15:00:00,27280.173756,-0.0,-0.0
2025-08-17 16:00:00,29280.0639833,-0.0,-0.0
2025-08-17 17:00:00,31372.6627373999,-0.0,-0.0
2025-08-17 18:00:00,32104.714138,-0.0,-0.0
2025-08-17 19:00:00,30507.62816657386,1206.6427274261405,-0.0
2025-08-17 20:00:00,87.10243587882412,15873.654411947797,15586.41554517338
2025-08-17 21:00:00,-0.0,15873.654411947797,14782.768615052102
2025-08-17 22:00:00,-0.0,15873.654411947797,12902.895473052204
2025-08-17 23:00:00,-0.0,15873.654411947797,10804.795182052205
2025-08-18 00:00:00,-0.0,15873.654411947797,9433.413215052204
2025-08-18 01:00:00,-0.0,15873.654411947797,8568.645861052204
2025-08-18 02:00:00,-0.0,15873.654411947797,7711.146011052204
2025-08-18 03:00:00,-0.0,15873.654411947797,7005.180268052203
2025-08-18 04:00:00,-0.0,15873.654411947797,6785.5513570522035
2025-08-18 05:00:00,27.99721153249365,15873.654411947797,7424.094328519711
2025-08-18 06:00:00,24591.309263,-0.0,-0.0
2025-08-18 07:00:00,26713.528617,-0.0,-0.0
2025-08-18 08:00:00,30196.850847,-0.0,-0.0
2025-08-18 09:00:00,30427.7734833,-0.0,-0.0
2025-08-18 10:00:00,30698.69356851,-0.0,-0.0
2025-08-18 11:00:00,31098.4565511,-0.0,-0.0
2025-08-18 12:00:00,30078.339491,-0.0,-0.0
2025-08-18 13:00:00,29599.542512,-0.0,-0.0
2025-08-18 14:00:00,29904.526081,-0.0,-0.0
2025-08-18 15:00:00,31195.714865,-0.0,-0.0
2025-08-18 16:00:00,32983.688285,-0.0,-0.0
2025-08-18 17:00:00,34364.9478252,-0.0,-0.0
2025-08-18 18:00:00,35344.110938,-0.0,-0.0
2025-08-18 19:00:00,27384.383680060157,7203.528827939845,-0.0
2025-08-18 20:00:00,-0.0,15873.654411947797,18093.524216052203
2025-08-18 21:00:00,-0.0,15873.654411947797,16655.2177930522
2025-08-18 22:00:00,-0.0,15873.654411947797,14538.039397052204
2025-08-18 23:00:00,-0.0,15873.654411947797,12244.144770052202
2025-08-19 00:00:00,1026.5644228580431,15873.654411947797,9772.829153194158
2025-08-19 01:00:00,538.1686216801027,15873.654411947797,9108.906339372099
2025-08-19 02:00:00,-0.0,15873.654411947797,8776.432999052204
2025-08-19 03:00:00,-0.0,15873.654411947797,8566.300745052102
2025-08-19 04:00:00,-0.0,15873.654411947797,8216.475881052202
2025-08-19 05:00:00,192.86967944606002,15873.654411947797,8393.845538606145
2025-08-19 06:00:00,21417.866822357635,4473.070661642363,-0.0
2025-08-19 07:00:00,27613.286901,-0.0,-0.0
2025-08-19 08:00:00,30807.503304,-0.0,-0.0
2025-08-19 09:00:00,33078.530427,-0.0,-0.0
2025-08-19 10:00:00,33022.386596,-0.0,-0.0
2025-08-19 11:00:00,33023.1129317999,-0.0,-0.0
2025-08-19 12:00:00,32177.263171,-0.0,-0.0
2025-08-19 13:00:00,31722.7457429999,-0.0,-0.0
2025-08-19 14:00:00,32103.9182559999,-0.0,-0.0
2025-08-19 15:00:00,33624.11356,-0.0,-0.0
2025-08-19 16:00:00,35211.2288549,-0.0,-0.0
2025-08-19 17:00:00,36743.3275442,-0.0,-0.0
2025-08-19 18:00:00,37779.9910479999,-0.0,-0.0
2025-08-19 19:00:00,25486.794898413387,11024.35347658661,-0.0
2025-08-19 20:00:00,-0.0,15873.654411947797,19842.0097050522
2025-08-19 21:00:00,-0.0,15873.654411947797,18563.5459830522
2025-08-19 22:00:00,-0.0,15873.654411947797,16146.719319052203
2025-08-19 23:00:00,-0.0,15873.654411947797,13540.028379052203
2025-08-20 00:00:00,-0.0,15873.654411947797,12206.742011052202
2025-08-20 01:00:00,-0.0,15873.654411947797,10953.824237052102
2025-08-20 02:00:00,105.76724356715513,15873.654411947797,9880.755435485049
2025-08-20 03:00:00,-0.0,15873.654411947797,9773.564144052203
2025-08-20 04:00:00,-0.0,15873.654411947797,9302.000406052202
2025-08-20 05:00:00,-0.0,15873.654411947797,9561.251676052203
2025-08-20 06:00:00,23965.613071814492,3002.757689185506,-0.0
2025-08-20 07:00:00,29432.645946,-0.0,-0.0
2025-08-20 08:00:00,32498.1252479999,-0.0,-0.0
2025-08-20 09:00:00,34220.2384303,-0.0,-0.0
2025-08-20 10:00:00,34020.4981952,-0.0,-0.0
2025-08-20 11:00:00,33914.0981293999,-0.0,-0.0
2025-08-20 12:00:00,33329.008935,-0.0,-0.0
2025-08-20 13:00:00,33367.764525,-0.0,-0.0
2025-08-20 14:00:00,34792.595363,-0.0,-0.0
2025-08-20 15:00:00,37080.515984,-0.0,-0.0
2025-08-20 16:00:00,39126.2139449999,-0.0,-0.0
2025-08-20 17:00:00,40624.142686,-0.0,-0.0
2025-08-20 18:00:00,40942.0469680999,-0.0,-0.0
2025-08-20 19:00:00,26964.42550707271,12482.20181592719,-0.0
2025-08-20 20:00:00,609.7170511520112,15873.654411947797,22007.715941900187
2025-08-20 21:00:00,-0.0,15873.654411947797,20678.5685910522
2025-08-20 22:00:00,1122.9992625811135,15873.654411947797,16803.239333471087
2025-08-20 23:00:00,-0.0,15873.654411947797,15317.065100052203
2025-08-21 00:00:00,-0.0,15873.654411947797,13483.156718052202
2025-08-21 01:00:00,-0.0,15873.654411947797,12176.280564052204
2025-08-21 02:00:00,-0.0,15873.654411947797,11259.204418052102
2025-08-21 03:00:00,80.88083331607405,15873.654411947797,10400.138400736128
2025-08-21 04:00:00,65.32682690915185,15873.654411947797,9658.19902514305
2025-08-21 05:00:00,-0.0,15873.654411947797,10334.099901052103
2025-08-21 06:00:00,21010.35185449577,6635.210437504229,-0.0
2025-08-21 07:00:00,30745.266227,-0.0,-0.0
2025-08-21 08:00:00,35005.443377,-0.0,-0.0
2025-08-21 09:00:00,36313.840219,-0.0,-0.0
2025-08-21 10:00:00,36451.609198,-0.0,-0.0
2025-08-21 11:00:00,35687.5473784,-0.0,-0.0
2025-08-21 12:00:00,35964.90733,-0.0,-0.0
2025-08-21 13:00:00,36934.771015,-0.0,-0.0
2025-08-21 14:00:00,39032.1117919999,-0.0,-0.0
2025-08-21 15:00:00,41223.53421,-0.0,-0.0
2025-08-21 16:00:00,42589.334472,-0.0,-0.0
2025-08-21 17:00:00,43914.98619,-0.0,-0.0
2025-08-21 18:00:00,43922.8206619,-0.0,-0.0
2025-08-21 19:00:00,18804.793745991537,15873.654411947797,7630.452924060661
2025-08-21 20:00:00,516.393012710437,15873.654411947797,24686.119008341764
2025-08-21 21:00:00,1144.7748715507792,15873.654411947797,22085.089422501424
2025-08-21 22:00:00,815.0299357236522,15873.654411947797,19669.967056328547
2025-08-21 23:00:00,790.1435254725711,15873.654411947797,16618.851212579626
2025-08-22 00:00:00,783.9219229098211,15873.654411947797,14556.94833414238
2025-08-22 01:00:00,790.1435254725711,15873.654411947797,13112.155176579534
2025-08-22 02:00:00,808.8083331609021,15873.654411947797,12391.212258891303
2025-08-22 03:00:00,749.7031088144937,15873.654411947797,11243.33862123771
2025-08-22 04:00:00,768.3679165028248,15873.654411947797,10644.887779549379
2025-08-22 05:00:00,248.864102511053,15873.654411947797,11355.28817454115
2025-08-22 06:00:00,13084.030189518655,15873.654411947797,29.75432753354835
2025-08-22 07:00:00,31994.102259,-0.0,-0.0
2025-08-22 08:00:00,34209.1803972,-0.0,-0.0
2025-08-22 09:00:00,36719.3668713,-0.0,-0.0
2025-08-22 10:00:00,37166.2392117,-0.0,-0.0
2025-08-22 11:00:00,36746.7651063999,-0.0,-0.0
2025-08-22 12:00:00,36555.934384,-0.0,-0.0
2025-08-22 13:00:00,37600.383989,-0.0,-0.0
2025-08-22 14:00:00,38584.658679,-0.0,-0.0
2025-08-22 15:00:00,40954.737746,-0.0,-0.0
2025-08-22 16:00:00,42307.5136473,-0.0,-0.0
2025-08-22 17:00:00,43264.1992868,-0.0,-0.0
2025-08-22 18:00:00,42257.5978548,-0.0,-0.0
2025-08-22 19:00:00,11348.203074504034,15873.654411947797,13659.073589548168
2025-08-22 20:00:00,-0.0,15873.654411947797,23777.839249052202
2025-08-22 21:00:00,-0.0,15873.654411947797,22229.187947052204
2025-08-22 22:00:00,-0.0,15873.654411947797,19898.756294052204
2025-08-22 23:00:00,-0.0,15873.654411947797,17281.913943052103
2025-08-23 00:00:00,-0.0,15873.654411947797,15291.722433052202
2025-08-23 01:00:00,-0.0,15873.654411947797,13590.650182052204
2025-08-23 02:00:00,-0.0,15873.654411947797,11813.753300052203
2025-08-23 03:00:00,314.1909294201307,15873.654411947797,10849.622661632075
2025-08-23 04:00:00,-0.0,15873.654411947797,10554.848864052203
2025-08-23 05:00:00,-0.0,15873.654411947797,10813.029627052203
2025-08-23 06:00:00,10483.40031827814,15873.654411947797,95.36400477406278
2025-08-23 07:00:00,30038.786695,-0.0,-0.0
2025-08-23 08:00:00,32714.445252,-0.0,-0.0
2025-08-23 09:00:00,32544.0480549,-0.0,-0.0
2025-08-23 10:00:00,32784.6390811999,-0.0,-0.0
2025-08-23 11:00:00,32245.7209074,-0.0,-0.0
2025-08-23 12:00:00,32391.954347,-0.0,-0.0
2025-08-23 13:00:00,33550.3795347,-0.0,-0.0
2025-08-23 14:00:00,34131.8051239,-0.0,-0.0
2025-08-23 15:00:00,35739.4121756999,-0.0,-0.0
2025-08-23 16:00:00,37386.6537646,-0.0,-0.0
2025-08-23 17:00:00,38226.8579968,-0.0,-0.0
2025-08-23 18:00:00,37765.0070587999,-0.0,-0.0
2025-08-23 19:00:00,8632.473555852197,15873.654411947797,12200.262656200004
2025-08-23 20:00:00,-0.0,15873.654411947797,20542.9050150522
2025-08-23 21:00:00,-0.0,15873.654411947797,19223.9411430522
2025-08-23 22:00:00,-0.0,15873.654411947797,17080.3087490522
2025-08-23 23:00:00,-0.0,15873.654411947797,15011.378610052203
2025-08-24 00:00:00,-0.0,15873.654411947797,13329.233387052203
2025-08-24 01:00:00,-0.0,15873.654411947797,11854.152173052202
2025-08-24 02:00:00,-0.0,15873.654411947797,10525.048980052203
2025-08-24 03:00:00,-0.0,15873.654411947797,9790.563694052204
2025-08-24 04:00:00,-0.0,15873.654411947797,9561.231267052202
2025-08-24 05:00:00,367.07455120378904,15873.654411947797,9054.967854848313
2025-08-24 06:00:00,18145.3038743372,7076.1289916627975,-0.0
2025-08-24 07:00:00,26859.097975,-0.0,-0.0
2025-08-24 08:00:00,30619.795881,-0.0,-0.0
2025-08-24 09:00:00,32435.733799,-0.0,-0.0
2025-08-24 10:00:00,32590.8231834,-0.0,-0.0
2025-08-24 11:00:00,32675.4319202,-0.0,-0.0
2025-08-24 12:00:00,31996.392756,-0.0,-0.0
2025-08-24 13:00:00,31637.82025,-0.0,-0.0
2025-08-24 14:00:00,32793.588078,-0.0,-0.0
2025-08-24 15:00:00,34933.617844,-0.0,-0.0
2025-08-24 16:00:00,36168.380223,-0.0,-0.0
2025-08-24 17:00:00,38060.0202539999,-0.0,-0.0
2025-08-24 18:00:00,38917.70626619,-0.0,-0.0
2025-08-24 19:00:00,10775.815638728604,15873.654411947797,11161.876876523598
2025-08-24 20:00:00,-0.0,15873.654411947797,21050.106426052203
2025-08-24 21:00:00,-0.0,15873.654411947797,19378.728957052204
2025-08-24 22:00:00,-0.0,15873.654411947797,17012.903751052203
2025-08-24 23:00:00,-0.0,15873.654411947797,14495.832714052203
2025-08-25 00:00:00,-0.0,15873.654411947797,13116.829453052202
2025-08-25 01:00:00,-0.0,15873.654411947797,11986.203126052204
2025-08-25 02:00:00,-0.0,15873.654411947797,11441.584879052205
2025-08-25 03:00:00,-0.0,15873.654411947797,11188.038866052202
2025-08-25 04:00:00,-0.0,15873.654411947797,10798.637069052204
2025-08-25 05:00:00,-0.0,15873.654411947797,11213.965795052203
2025-08-25 06:00:00,7095.7377228463865,15873.654411947797,5026.030794205817
2025-08-25 07:00:00,30080.796196,-0.0,-0.0
2025-08-25 08:00:00,34243.623103,-0.0,-0.0
2025-08-25 09:00:00,34975.907465,-0.0,-0.0
2025-08-25 10:00:00,35182.436417,-0.0,-0.0
2025-08-25 11:00:00,35287.4881863,-0.0,-0.0
2025-08-25 12:00:00,35122.1161699999,-0.0,-0.0
2025-08-25 13:00:00,35489.9738939999,-0.0,-0.0
2025-08-25 14:00:00,36279.2468141,-0.0,-0.0
2025-08-25 15:00:00,37347.7583917999,-0.0,-0.0
2025-08-25 16:00:00,38647.433394,-0.0,-0.0
2025-08-25 17:00:00,40041.4925475,-0.0,-0.0
2025-08-25 18:00:00,40188.464364,-0.0,-0.0
2025-08-25 19:00:00,8184.518171332253,15873.654411947797,14990.345662719948
2025-08-25 20:00:00,-0.0,15873.654411947797,22100.6656250522
2025-08-25 21:00:00,-0.0,15873.654411947797,20554.2589680522
2025-08-25 22:00:00,-0.0,15873.654411947797,17671.047133052103
2025-08-25 23:00:00,-0.0,15873.654411947797,15288.728779052204
2025-08-26 00:00:00,-0.0,15873.654411947797,13513.684430052204
2025-08-26 01:00:00,-0.0,15873.654411947797,12066.587696052202
2025-08-26 02:00:00,-0.0,15873.654411947797,11206.097195052202
2025-08-26 03:00:00,-0.0,15873.654411947797,10898.033778052204
2025-08-26 04:00:00,-0.0,15873.654411947797,10541.195366052203
2025-08-26 05:00:00,-0.0,15873.654411947797,10690.391061052202
2025-08-26 06:00:00,8022.756504700104,15873.654411947797,3776.826787352098
2025-08-26 07:00:00,29215.006544,-0.0,-0.0
2025-08-26 08:00:00,32909.740998,-0.0,-0.0
2025-08-26 09:00:00,35308.2933969999,-0.0,-0.0
2025-08-26 10:00:00,35870.213087,-0.0,-0.0
2025-08-26 11:00:00,35022.895292,-0.0,-0.0
2025-08-26 12:00:00,34073.1012102,-0.0,-0.0
2025-08-26 13:00:00,33709.1063983,-0.0,-0.0
2025-08-26 14:00:00,33565.836449,-0.0,-0.0
2025-08-26 15:00:00,34759.94565,-0.0,-0.0
2025-08-26 16:00:00,36592.782801,-0.0,-0.0
2025-08-26 17:00:00,38249.5851771,-0.0,-0.0
2025-08-26 18:00:00,38779.712557,-0.0,-0.0
2025-08-26 19:00:00,12548.972369119885,15873.654411947797,9005.161684932315
2025-08-26 20:00:00,-0.0,15873.654411947797,20734.628262052203
2025-08-26 21:00:00,-0.0,15873.654411947797,19464.713028052203
2025-08-26 22:00:00,-0.0,15873.654411947797,16911.5154380522
2025-08-26 23:00:00,-0.0,15873.654411947797,14484.246153052203
2025-08-27 00:00:00,-0.0,15873.654411947797,12856.713962052103
2025-08-27 01:00:00,-0.0,15873.654411947797,11513.461022052203
2025-08-27 02:00:00,-0.0,15873.654411947797,10273.154497052203
2025-08-27 03:00:00,-0.0,15873.654411947797,9511.269850052204
2025-08-27 04:00:00,-0.0,15873.654411947797,9038.195477052204
2025-08-27 05:00:00,121.32124997407068,15873.654411947797,9757.93797207803
2025-08-27 06:00:00,16851.210541279775,10435.281587720223,-0.0
2025-08-27 07:00:00,29282.261414,-0.0,-0.0
2025-08-27 08:00:00,33593.973006,-0.0,-0.0
2025-08-27 09:00:00,34979.013425,-0.0,-0.0
2025-08-27 10:00:00,35188.374214,-0.0,-0.0
2025-08-27 11:00:00,34968.626101,-0.0,-0.0
2025-08-27 12:00:00,34416.2896383,-0.0,-0.0
2025-08-27 13:00:00,34400.4512135,-0.0,-0.0
2025-08-27 14:00:00,35630.805898524,-0.0,-0.0
2025-08-27 15:00:00,36966.3102677,-0.0,-0.0
2025-08-27 16:00:00,37941.522107,-0.0,-0.0
2025-08-27 17:00:00,38453.947469,-0.0,-0.0
2025-08-27 18:00:00,38963.515025,-0.0,-0.0
2025-08-27 19:00:00,23813.18380902651,13921.49332497349,-0.0
2025-08-27 20:00:00,-0.0,15873.654411947797,20498.095482052202
2025-08-27 21:00:00,-0.0,15873.654411947797,18979.264805052204
2025-08-27 22:00:00,-0.0,15873.654411947797,16793.970665052206
2025-08-27 23:00:00,-0.0,15873.654411947797,14259.393062052202
2025-08-28 00:00:00,-0.0,15873.654411947797,12754.488244052203
2025-08-28 01:00:00,161.7616666321481,15873.654411947797,11447.165232419955
2025-08-28 02:00:00,-0.0,15873.654411947797,11143.094727052203
2025-08-28 03:00:00,-0.0,15873.654411947797,10517.508516052103
2025-08-28 04:00:00,-0.0,15873.654411947797,10190.262989052202
2025-08-28 05:00:00,-0.0,15873.654411947797,10414.008377052205
2025-08-28 06:00:00,4177.8061209043235,15873.654411947797,7925.8832511477785
2025-08-28 07:00:00,29419.71127,-0.0,-0.0
2025-08-28 08:00:00,31195.614241,-0.0,-0.0
2025-08-28 09:00:00,31913.637086,-0.0,-0.0
2025-08-28 10:00:00,32882.454958,-0.0,-0.0
2025-08-28 11:00:00,33699.12096,-0.0,-0.0
2025-08-28 12:00:00,33764.888237,-0.0,-0.0
2025-08-28 13:00:00,32438.632073,-0.0,-0.0
2025-08-28 14:00:00,32188.1671519999,-0.0,-0.0
2025-08-28 15:00:00,33094.823718,-0.0,-0.0
2025-08-28 16:00:00,34255.829237,-0.0,-0.0
2025-08-28 17:00:00,34893.239461,-0.0,-0.0
2025-08-28 18:00:00,35866.2833879999,-0.0,-0.0
2025-08-28 19:00:00,18751.910124207963,15873.654411947797,1007.2562768442367
2025-08-28 20:00:00,802.5867305980713,15873.654411947797,18292.497416454127
2025-08-28 21:00:00,-0.0,15873.654411947797,18049.3519860522
2025-08-28 22:00:00,-0.0,15873.654411947797,15744.187192052103
2025-08-28 23:00:00,-0.0,15873.654411947797,13385.159062052202
2025-08-29 00:00:00,-0.0,15873.654411947797,12063.163894052204
2025-08-29 01:00:00,-0.0,15873.654411947797,10866.176451052203
2025-08-29 02:00:00,-0.0,15873.654411947797,9929.998344052203
2025-08-29 03:00:00,-0.0,15873.654411947797,9679.478991052203
2025-08-29 04:00:00,-0.0,15873.654411947797,9286.017311052203
2025-08-29 05:00:00,-0.0,15873.654411947797,9701.355314052204
2025-08-29 06:00:00,16400.144355478496,10614.539449521504,-0.0
2025-08-29 07:00:00,29017.498356,-0.0,-0.0
2025-08-29 08:00:00,32549.8591729999,-0.0,-0.0
2025-08-29 09:00:00,34645.455942,-0.0,-0.0
2025-08-29 10:00:00,34597.9542645,-0.0,-0.0
2025-08-29 11:00:00,34223.6669451,-0.0,-0.0
2025-08-29 12:00:00,33938.0106878,-0.0,-0.0
2025-08-29 13:00:00,33918.717889,-0.0,-0.0
2025-08-29 14:00:00,34320.221118,-0.0,-0.0
2025-08-29 15:00:00,35270.861538,-0.0,-0.0
2025-08-29 16:00:00,36869.7640558,-0.0,-0.0
2025-08-29 17:00:00,38419.245507,-0.0,-0.0
2025-08-29 18:00:00,38220.041576,-0.0,-0.0
2025-08-29 19:00:00,9820.79964534247,15873.654411947797,11216.080915709734
2025-08-29 20:00:00,158.6508653507327,15873.654411947797,19673.635307701465
2025-08-29 21:00:00,-0.0,15873.654411947797,18392.559958052203
2025-08-29 22:00:00,-0.0,15873.654411947797,16373.225602052202
2025-08-29 23:00:00,-0.0,15873.654411947797,14314.410915052102
2025-08-30 00:00:00,-0.0,15873.654411947797,12818.165895052103
2025-08-30 01:00:00,-0.0,15873.654411947797,11273.287349052202
2025-08-30 02:00:00,-0.0,15873.654411947797,9766.883118052205
2025-08-30 03:00:00,-0.0,15873.654411947797,8805.145409052204
2025-08-30 04:00:00,-0.0,15873.654411947797,8222.350213052205
2025-08-30 05:00:00,-0.0,15873.654411947797,7995.430463052204
2025-08-30 06:00:00,15949.07816967714,8318.225188322862,-0.0
2025-08-30 07:00:00,26452.456392,-0.0,-0.0
2025-08-30 08:00:00,31043.515753,-0.0,-0.0
2025-08-30 09:00:00,32379.491844,-0.0,-0.0
2025-08-30 10:00:00,32325.823684,-0.0,-0.0
2025-08-30 11:00:00,31654.376554,-0.0,-0.0
2025-08-30 12:00:00,31155.4265887999,-0.0,-0.0
2025-08-30 13:00:00,31402.2953012,-0.0,-0.0
2025-08-30 14:00:00,32099.1787052,-0.0,-0.0
2025-08-30 15:00:00,34117.5228923,-0.0,-0.0
2025-08-30 16:00:00,36347.0877579999,-0.0,-0.0
2025-08-30 17:00:00,38300.016788,-0.0,-0.0
2025-08-30 18:00:00,39010.15986,-0.0,-0.0
2025-08-30 19:00:00,12872.495702384262,15873.654411947797,8961.14454666794
2025-08-30 20:00:00,-0.0,15873.654411947797,20531.9196890522
2025-08-30 21:00:00,-0.0,15873.654411947797,18906.448199052204
2025-08-30 22:00:00,-0.0,15873.654411947797,16804.112208052204
2025-08-30 23:00:00,-0.0,15873.654411947797,14465.920648052203
2025-08-31 00:00:00,-0.0,15873.654411947797,12937.955356052202
2025-08-31 01:00:00,-0.0,15873.654411947797,11030.015966052202
2025-08-31 02:00:00,-0.0,15873.654411947797,9786.611292052205
2025-08-31 03:00:00,-0.0,15873.654411947797,8603.154962052204
2025-08-31 04:00:00,-0.0,15873.654411947797,7733.377896052103
2025-08-31 05:00:00,625.2710575590075,15873.654411947797,6952.945028493196
2025-08-31 06:00:00,14990.95137500959,8756.589908990409,-0.0
2025-08-31 07:00:00,26148.040793,-0.0,-0.0
2025-08-31 08:00:00,30605.221314,-0.0,-0.0
2025-08-31 09:00:00,31856.546218,-0.0,-0.0
2025-08-31 10:00:00,32364.912195,-0.0,-0.0
2025-08-31 11:00:00,32148.417374,-0.0,-0.0
2025-08-31 12:00:00,31505.0459339999,-0.0,-0.0
2025-08-31 13:00:00,31825.6449209,-0.0,-0.0
2025-08-31 14:00:00,33428.524273,-0.0,-0.0
2025-08-31 15:00:00,35654.868517,-0.0,-0.0
2025-08-31 16:00:00,37140.7388929999,-0.0,-0.0
2025-08-31 17:00:00,39104.510136,-0.0,-0.0
2025-08-31 18:00:00,39634.264958,-0.0,-0.0
2025-08-31 19:00:00,11867.706888495886,15873.654411947797,10430.334004556316
2025-08-31 20:00:00,-0.0,15873.654411947797,20856.262156052202
2025-08-31 21:00:00,-0.0,15873.654411947797,19097.336205052205
2025-08-31 22:00:00,-0.0,15873.654411947797,17103.033800052202
2025-08-31 23:00:00,-0.0,15873.654411947797,14528.991990052202
2025-09-01 00:00:00,-0.0,15873.654411947797,12688.368449052205
2025-09-01 01:00:00,-0.0,15873.654411947797,11060.469047052202
2025-09-01 02:00:00,-0.0,15873.654411947797,9790.757227052103
2025-09-01 03:00:00,-0.0,15873.654411947797,8682.194014052204
2025-09-01 04:00:00,-0.0,15873.654411947797,8082.866840052202
2025-09-01 05:00:00,-0.0,15873.654411947797,8145.272345052204
2025-09-01 06:00:00,12321.88387557858,12327.336275421421,-0.0
2025-09-01 07:00:00,26830.76583,-0.0,-0.0
2025-09-01 08:00:00,31150.539457,-0.0,-0.0
2025-09-01 09:00:00,32695.150372,-0.0,-0.0
2025-09-01 10:00:00,33068.329778,-0.0,-0.0
2025-09-01 11:00:00,34135.368429,-0.0,-0.0
2025-09-01 12:00:00,33806.4843186,-0.0,-0.0
2025-09-01 13:00:00,34376.2327805999,-0.0,-0.0
2025-09-01 14:00:00,35280.8344344,-0.0,-0.0
2025-09-01 15:00:00,37743.847833,-0.0,-0.0
2025-09-01 16:00:00,39638.313764,-0.0,-0.0
2025-09-01 17:00:00,41268.35568,-0.0,-0.0
2025-09-01 18:00:00,41556.627575,-0.0,-0.0
2025-09-01 19:00:00,10996.682529707161,15873.654411947797,13661.669777345038
2025-09-01 20:00:00,-0.0,15873.654411947797,22943.424125052203
2025-09-01 21:00:00,152.42926278798262,15873.654411947797,20979.388400264215
2025-09-01 22:00:00,164.87246791356353,15873.654411947797,18058.47451713864
2025-09-01 23:00:00,-0.0,15873.654411947797,15771.693488052204
2025-09-02 00:00:00,-0.0,15873.654411947797,13927.879214052204
2025-09-02 01:00:00,-0.0,15873.654411947797,13064.357036052204
2025-09-02 02:00:00,-0.0,15873.654411947797,12478.103657052203
2025-09-02 03:00:00,-0.0,15873.654411947797,12112.074715052202
2025-09-02 04:00:00,-0.0,15873.654411947797,11833.211379052203
2025-09-02 05:00:00,-0.0,15873.654411947797,11492.342992052205
2025-09-02 06:00:00,3101.4688775439568,15873.654411947797,9460.941246508146
2025-09-02 07:00:00,30484.622556,-0.0,-0.0
2025-09-02 08:00:00,32963.232697,-0.0,-0.0
2025-09-02 09:00:00,33652.478788,-0.0,-0.0
2025-09-02 10:00:00,34943.341589,-0.0,-0.0
2025-09-02 11:00:00,36098.065861,-0.0,-0.0
2025-09-02 12:00:00,36033.582698,-0.0,-0.0
2025-09-02 13:00:00,36524.951313,-0.0,-0.0
2025-09-02 14:00:00,38515.3636857,-0.0,-0.0
2025-09-02 15:00:00,40236.7502311,-0.0,-0.0
2025-09-02 16:00:00,40732.9006687,-0.0,-0.0
2025-09-02 17:00:00,42242.0091997,-0.0,-0.0
2025-09-02 18:00:00,42416.44216,-0.0,-0.0
2025-09-02 19:00:00,9015.1021134629,15873.654411947797,16013.3686885893
2025-09-02 20:00:00,-0.0,15873.654411947797,23457.785068052202
2025-09-02 21:00:00,-0.0,15873.654411947797,21698.8590000522
2025-09-02 22:00:00,-0.0,15873.654411947797,18895.709186052103
2025-09-02 23:00:00,-0.0,15873.654411947797,16292.738309052203
2025-09-03 00:00:00,52.88362178359912,15873.654411947797,14281.042712268603
2025-09-03 01:00:00,-0.0,15873.654411947797,12635.058182052204
2025-09-03 02:00:00,-0.0,15873.654411947797,11054.957246052103
2025-09-03 03:00:00,-0.0,15873.654411947797,11145.458145052204
2025-09-03 04:00:00,-0.0,15873.654411947797,10813.205059052203
2025-09-03 05:00:00,-0.0,15873.654411947797,10879.825394052203
2025-09-03 06:00:00,8651.138363540527,15873.654411947797,3641.6327225116765
2025-09-03 07:00:00,30816.657875,-0.0,-0.0
2025-09-03 08:00:00,35618.1563249999,-0.0,-0.0
2025-09-03 09:00:00,36772.3618285,-0.0,-0.0
2025-09-03 10:00:00,37392.4610847,-0.0,-0.0
2025-09-03 11:00:00,37731.20822293,-0.0,-0.0
2025-09-03 12:00:00,37019.8560309999,-0.0,-0.0
2025-09-03 13:00:00,37205.685741,-0.0,-0.0
2025-09-03 14:00:00,37748.909724,-0.0,-0.0
2025-09-03 15:00:00,39395.16164,-0.0,-0.0
2025-09-03 16:00:00,40894.2026139999,-0.0,-0.0
2025-09-03 17:00:00,42244.0815575,-0.0,-0.0
2025-09-03 18:00:00,42041.5326999999,-0.0,-0.0
2025-09-03 19:00:00,9382.176664666691,15873.654411947797,15474.121301385512
2025-09-03 20:00:00,-0.0,15873.654411947797,23397.5012790522
2025-09-03 21:00:00,15.554006406940918,15873.654411947797,21596.005215645262
2025-09-03 22:00:00,-0.0,15873.654411947797,18741.003174052203
2025-09-03 23:00:00,-0.0,15873.654411947797,15976.225451052202
2025-09-04 00:00:00,-0.0,15873.654411947797,13960.578946052205
2025-09-04 01:00:00,-0.0,15873.654411947797,12565.789833052202
2025-09-04 02:00:00,-0.0,15873.654411947797,11539.390328052204
2025-09-04 03:00:00,-0.0,15873.654411947797,10805.476349052204
2025-09-04 04:00:00,-0.0,15873.654411947797,10642.718081052202
2025-09-04 05:00:00,-0.0,15873.654411947797,10658.834032052202
2025-09-04 06:00:00,8523.595511003545,15873.654411947797,3595.1669280485585
2025-09-04 07:00:00,29929.574694,-0.0,-0.0
2025-09-04 08:00:00,33851.637412,-0.0,-0.0
2025-09-04 09:00:00,36407.160885,-0.0,-0.0
2025-09-04 10:00:00,37246.1227269999,-0.0,-0.0
2025-09-04 11:00:00,37093.479135,-0.0,-0.0
2025-09-04 12:00:00,36855.2178759999,-0.0,-0.0
2025-09-04 13:00:00,35465.217575,-0.0,-0.0
2025-09-04 14:00:00,35602.1943062,-0.0,-0.0
2025-09-04 15:00:00,36775.0177146,-0.0,-0.0
2025-09-04 16:00:00,38173.6930534,-0.0,-0.0
2025-09-04 17:00:00,39610.335405,-0.0,-0.0
2025-09-04 18:00:00,39236.676229,-0.0,-0.0
2025-09-04 19:00:00,2852.604775032904,15873.654411947797,19566.961906019296
2025-09-04 20:00:00,-0.0,15873.654411947797,21202.6778960522
2025-09-04 21:00:00,-0.0,15873.654411947797,19510.427055052103
2025-09-04 22:00:00,-0.0,15873.654411947797,17000.6118520522
2025-09-04 23:00:00,-0.0,15873.654411947797,14822.624894052102
2025-09-05 00:00:00,-0.0,15873.654411947797,12952.146119052204
2025-09-05 01:00:00,-0.0,15873.654411947797,11413.961087052203
2025-09-05 02:00:00,87.10243587882412,15873.654411947797,10545.597774173379
2025-09-05 03:00:00,-0.0,15873.654411947797,9563.442447052204
2025-09-05 04:00:00,62.21602562776367,15873.654411947797,9045.224867424438
2025-09-05 05:00:00,-0.0,15873.654411947797,9798.581740052103
2025-09-05 06:00:00,9052.431728839563,15873.654411947797,2275.435182212641
2025-09-05 07:00:00,28492.83053,-0.0,-0.0
2025-09-05 08:00:00,31278.642077,-0.0,-0.0
2025-09-05 09:00:00,32633.0977796,-0.0,-0.0
2025-09-05 10:00:00,33793.8620572,-0.0,-0.0
2025-09-05 11:00:00,34147.8946655,-0.0,-0.0
2025-09-05 12:00:00,33912.2483895,-0.0,-0.0
2025-09-05 13:00:00,33712.6534718,-0.0,-0.0
2025-09-05 14:00:00,33177.046605,-0.0,-0.0
2025-09-05 15:00:00,34204.888755,-0.0,-0.0
2025-09-05 16:00:00,36016.160323,-0.0,-0.0
2025-09-05 17:00:00,36941.3680399,-0.0,-0.0
2025-09-05 18:00:00,36815.480886,-0.0,-0.0
2025-09-05 19:00:00,2889.934390409566,15873.654411947797,16719.534537642634
2025-09-05 20:00:00,77.77003203470458,15873.654411947797,18555.4243170175
2025-09-05 21:00:00,-0.0,15873.654411947797,17285.384155052103
2025-09-05 22:00:00,-0.0,15873.654411947797,15324.756066052205
2025-09-05 23:00:00,-0.0,15873.654411947797,13256.325580052204
2025-09-06 00:00:00,-0.0,15873.654411947797,11834.888712052203
2025-09-06 01:00:00,-0.0,15873.654411947797,10337.020612052203
2025-09-06 02:00:00,-0.0,15873.654411947797,9408.714524052202
2025-09-06 03:00:00,-0.0,15873.654411947797,8590.772495052204
2025-09-06 04:00:00,-0.0,15873.654411947797,8003.797449052205
2025-09-06 05:00:00,-0.0,15873.654411947797,8083.669104052204
2025-09-06 06:00:00,10732.26442078919,13693.67781821081,-0.0
2025-09-06 07:00:00,25984.461049,-0.0,-0.0
2025-09-06 08:00:00,28552.5919769,-0.0,-0.0
2025-09-06 09:00:00,29785.092674,-0.0,-0.0
2025-09-06 10:00:00,30685.357487,-0.0,-0.0
2025-09-06 11:00:00,30796.287433,-0.0,-0.0
2025-09-06 12:00:00,30354.4883239999,-0.0,-0.0
2025-09-06 13:00:00,29578.7309709999,-0.0,-0.0
2025-09-06 14:00:00,29472.531057,-0.0,-0.0
2025-09-06 15:00:00,30803.902156,-0.0,-0.0
2025-09-06 16:00:00,32626.3732649,-0.0,-0.0
2025-09-06 17:00:00,34486.014182,-0.0,-0.0
2025-09-06 18:00:00,34608.351528,-0.0,-0.0
2025-09-06 19:00:00,2644.181089179928,15873.654411947797,15613.877880872275
2025-09-06 20:00:00,-0.0,15873.654411947797,17416.461164052198
2025-09-06 21:00:00,-0.0,15873.654411947797,16060.297427052205
2025-09-06 22:00:00,-0.0,15873.654411947797,14241.385609052204
2025-09-06 23:00:00,-0.0,15873.654411947797,12254.499192052202
2025-09-07 00:00:00,46.66201922082274,15873.654411947797,10961.27801783138
2025-09-07 01:00:00,-0.0,15873.654411947797,9699.541038052203
2025-09-07 02:00:00,-0.0,15873.654411947797,8589.187328052203
2025-09-07 03:00:00,-0.0,15873.654411947797,7779.618264052204
2025-09-07 04:00:00,34.21881409527001,15873.654411947797,7211.196010956933
2025-09-07 05:00:00,-0.0,15873.654411947797,6777.011483052202
2025-09-07 06:00:00,11006.014933551325,12020.661229448675,-0.0
2025-09-07 07:00:00,24746.20407,-0.0,-0.0
2025-09-07 08:00:00,28030.804289,-0.0,-0.0
2025-09-07 09:00:00,29760.4734829999,-0.0,-0.0
2025-09-07 10:00:00,30324.2581609999,-0.0,-0.0
2025-09-07 11:00:00,29858.1323635,-0.0,-0.0
2025-09-07 12:00:00,29036.50094141,-0.0,-0.0
2025-09-07 13:00:00,28253.7816962999,-0.0,-0.0
2025-09-07 14:00:00,29568.717301,-0.0,-0.0
2025-09-07 15:00:00,30641.62194223,-0.0,-0.0
2025-09-07 16:00:00,32859.53669,-0.0,-0.0
2025-09-07 17:00:00,35033.050884,-0.0,-0.0
2025-09-07 18:00:00,35426.941281,-0.0,-0.0
2025-09-07 19:00:00,1614.505865040389,15873.654411947797,17361.384747011813
2025-09-07 20:00:00,-0.0,15873.654411947797,18080.915639052204
2025-09-07 21:00:00,-0.0,15873.654411947797,16616.125113052105
2025-09-07 22:00:00,-0.0,15873.654411947797,14506.515577052205
2025-09-07 23:00:00,-0.0,15873.654411947797,12180.793411052202
2025-09-08 00:00:00,-0.0,15873.654411947797,10785.887668052203
2025-09-08 01:00:00,-0.0,15873.654411947797,9898.555743052204
2025-09-08 02:00:00,-0.0,15873.654411947797,9373.679533052202
2025-09-08 03:00:00,-0.0,15873.654411947797,8703.757956052103
2025-09-08 04:00:00,-0.0,15873.654411947797,8183.940150052202
2025-09-08 05:00:00,-0.0,15873.654411947797,8670.339623052105
2025-09-08 06:00:00,9907.902081221293,15873.654411947797,446.3850618308097
2025-09-08 07:00:00,28617.768899,-0.0,-0.0
2025-09-08 08:00:00,32013.858238,-0.0,-0.0
2025-09-08 09:00:00,33377.063679,-0.0,-0.0
2025-09-08 10:00:00,34140.182849,-0.0,-0.0
2025-09-08 11:00:00,33793.184472,-0.0,-0.0
2025-09-08 12:00:00,33020.8783164,-0.0,-0.0
2025-09-08 13:00:00,32516.8673127,-0.0,-0.0
2025-09-08 14:00:00,32785.294961,-0.0,-0.0
2025-09-08 15:00:00,33666.603653,-0.0,-0.0
2025-09-08 16:00:00,35519.8895455,-0.0,-0.0
2025-09-08 17:00:00,36663.1684486999,-0.0,-0.0
2025-09-08 18:00:00,36211.8669021999,-0.0,-0.0
2025-09-08 19:00:00,2071.7936534044984,15873.654411947797,17383.9304586477
2025-09-08 20:00:00,-0.0,15873.654411947797,18618.5528520522
2025-09-08 21:00:00,-0.0,15873.654411947797,17421.147323052202
2025-09-08 22:00:00,-0.0,15873.654411947797,15273.358414052202
2025-09-08 23:00:00,-0.0,15873.654411947797,12860.204742052103
2025-09-09 00:00:00,-0.0,15873.654411947797,11456.612490052203
2025-09-09 01:00:00,-0.0,15873.654411947797,10269.301853052204
2025-09-09 02:00:00,-0.0,15873.654411947797,9516.140295052102
2025-09-09 03:00:00,-0.0,15873.654411947797,8807.906601052202
2025-09-09 04:00:00,-0.0,15873.654411947797,8472.259348052203
2025-09-09 05:00:00,-0.0,15873.654411947797,9000.516977052202
2025-09-09 06:00:00,10371.411472148153,15873.654411947797,442.49410690404875
2025-09-09 07:00:00,28944.126693,-0.0,-0.0
2025-09-09 08:00:00,32394.945202,-0.0,-0.0
2025-09-09 09:00:00,32174.8043857,-0.0,-0.0
2025-09-09 10:00:00,32446.4717854,-0.0,-0.0
2025-09-09 11:00:00,32389.747948,-0.0,-0.0
2025-09-09 12:00:00,32279.173761,-0.0,-0.0
2025-09-09 13:00:00,31021.415251,-0.0,-0.0
2025-09-09 14:00:00,30427.570583,-0.0,-0.0
2025-09-09 15:00:00,31126.237472,-0.0,-0.0
2025-09-09 16:00:00,32505.654599,-0.0,-0.0
2025-09-09 17:00:00,33467.436813,-0.0,-0.0
2025-09-09 18:00:00,33020.4783239999,-0.0,-0.0
2025-09-09 19:00:00,2476.197819984949,15873.654411947797,14372.163553067256
2025-09-09 20:00:00,177.31567303906368,15873.654411947797,16248.06200901314
2025-09-09 21:00:00,-0.0,15873.654411947797,15355.804637052102
2025-09-09 22:00:00,-0.0,15873.654411947797,13583.516775052203
2025-09-09 23:00:00,-0.0,15873.654411947797,11746.355640052205
2025-09-10 00:00:00,-0.0,15873.654411947797,10708.718121052103
2025-09-10 01:00:00,-0.0,15873.654411947797,9535.643462052203
2025-09-10 02:00:00,-0.0,15873.654411947797,8963.122068052204
2025-09-10 03:00:00,-0.0,15873.654411947797,8587.782762052202
2025-09-10 04:00:00,-0.0,15873.654411947797,8386.099563052203
2025-09-10 05:00:00,-0.0,15873.654411947797,9166.901591052103
2025-09-10 06:00:00,9603.043555645247,15873.654411947797,1249.304945406957
2025-09-10 07:00:00,28478.886262,-0.0,-0.0
2025-09-10 08:00:00,31258.134624,-0.0,-0.0
2025-09-10 09:00:00,31870.5764025,-0.0,-0.0
2025-09-10 10:00:00,32063.0263827,-0.0,-0.0
2025-09-10 11:00:00,31575.8515156,-0.0,-0.0
2025-09-10 12:00:00,31549.825549,-0.0,-0.0
2025-09-10 13:00:00,30964.747844,-0.0,-0.0
2025-09-10 14:00:00,30973.3387339999,-0.0,-0.0
2025-09-10 15:00:00,30742.496329,-0.0,-0.0
2025-09-10 16:00:00,30693.417226,-0.0,-0.0
2025-09-10 17:00:00,31615.035426,-0.0,-0.0
2025-09-10 18:00:00,31837.372739,-0.0,-0.0
2025-09-10 19:00:00,2286.4389418203045,15873.654411947797,13605.891523231898
2025-09-10 20:00:00,-0.0,15873.654411947797,15458.606059052103
2025-09-10 21:00:00,-0.0,15873.654411947797,14455.692881052202
2025-09-10 22:00:00,-0.0,15873.654411947797,12909.168753052205
2025-09-10 23:00:00,-0.0,15873.654411947797,11061.205701052202
2025-09-11 00:00:00,-0.0,15873.654411947797,10073.709764052202
2025-09-11 01:00:00,-0.0,15873.654411947797,9139.400115052204
2025-09-11 02:00:00,-0.0,15873.654411947797,8454.175941052205
2025-09-11 03:00:00,-0.0,15873.654411947797,8241.155258052202
2025-09-11 04:00:00,-0.0,15873.654411947797,7630.104645052203
2025-09-11 05:00:00,-0.0,15873.654411947797,8397.336882052203
2025-09-11 06:00:00,9603.043555645247,15873.654411947797,407.4729304068551
2025-09-11 07:00:00,27569.739384,-0.0,-0.0
2025-09-11 08:00:00,29469.435263,-0.0,-0.0
2025-09-11 09:00:00,30173.7429583,-0.0,-0.0
2025-09-11 10:00:00,29558.17727184,-0.0,-0.0
2025-09-11 11:00:00,29608.0133237,-0.0,-0.0
2025-09-11 12:00:00,30021.5352999,-0.0,-0.0
2025-09-11 13:00:00,29160.9995173,-0.0,-0.0
2025-09-11 14:00:00,28951.2541789,-0.0,-0.0
2025-09-11 15:00:00,30047.8603044,-0.0,-0.0
2025-09-11 16:00:00,31194.137484,-0.0,-0.0
2025-09-11 17:00:00,31534.30704,-0.0,-0.0
2025-09-11 18:00:00,31474.68506,-0.0,-0.0
2025-09-11 19:00:00,2286.4389418203045,15873.654411947797,13340.157471231898
2025-09-11 20:00:00,-0.0,15873.654411947797,15283.726038052102
2025-09-11 21:00:00,-0.0,15873.654411947797,14397.765056052203
2025-09-11 22:00:00,-0.0,15873.654411947797,12905.948753052204
2025-09-11 23:00:00,-0.0,15873.654411947797,10968.168215052205
2025-09-12 00:00:00,-0.0,15873.654411947797,10263.559817052204
2025-09-12 01:00:00,-0.0,15873.654411947797,9014.404049052204
2025-09-12 02:00:00,-0.0,15873.654411947797,7935.124890052202
2025-09-12 03:00:00,-0.0,15873.654411947797,7760.200770052203
2025-09-12 04:00:00,-0.0,15873.654411947797,7611.088025052204
2025-09-12 05:00:00,-0.0,15873.654411947797,8184.317456052204
2025-09-12 06:00:00,7923.210863695699,15873.654411947797,1875.7756853565052
2025-09-12 07:00:00,27430.999901,-0.0,-0.0
2025-09-12 08:00:00,30407.950908,-0.0,-0.0
2025-09-12 09:00:00,31045.999954,-0.0,-0.0
2025-09-12 10:00:00,30874.6455266,-0.0,-0.0
2025-09-12 11:00:00,30388.7194417,-0.0,-0.0
2025-09-12 12:00:00,29463.5062466,-0.0,-0.0
2025-09-12 13:00:00,29542.527948,-0.0,-0.0
2025-09-12 14:00:00,28841.74527,-0.0,-0.0
2025-09-12 15:00:00,29233.009578,-0.0,-0.0
2025-09-12 16:00:00,30252.1157536,-0.0,-0.0
2025-09-12 17:00:00,31345.378183,-0.0,-0.0
2025-09-12 18:00:00,31553.398849,-0.0,-0.0
2025-09-12 19:00:00,2090.458461092829,15873.654411947797,13298.065332959375
2025-09-12 20:00:00,186.64807688322918,15873.654411947797,14542.268928168973
2025-09-12 21:00:00,-0.0,15873.654411947797,13761.584053052202
2025-09-12 22:00:00,68.43762819054002,15873.654411947797,12407.693124861664
2025-09-12 23:00:00,-0.0,15873.654411947797,10825.341829052204
2025-09-13 00:00:00,-0.0,15873.654411947797,9954.523442052205
2025-09-13 01:00:00,-0.0,15873.654411947797,8700.042955052204
2025-09-13 02:00:00,-0.0,15873.654411947797,7850.268409052203
2025-09-13 03:00:00,-0.0,15873.654411947797,7229.707925052202
2025-09-13 04:00:00,-0.0,15873.654411947797,6837.674024052203
2025-09-13 05:00:00,-0.0,15873.654411947797,6880.400351052203
2025-09-13 06:00:00,7487.6986843013365,15752.411033698663,-0.0
2025-09-13 07:00:00,24793.245679,-0.0,-0.0
2025-09-13 08:00:00,27633.430435,-0.0,-0.0
2025-09-13 09:00:00,28348.125195,-0.0,-0.0
2025-09-13 10:00:00,29067.4020526,-0.0,-0.0
2025-09-13 11:00:00,28349.2330425,-0.0,-0.0
2025-09-13 12:00:00,27550.2040273,-0.0,-0.0
2025-09-13 13:00:00,26987.533466,-0.0,-0.0
2025-09-13 14:00:00,25970.5606019999,-0.0,-0.0
2025-09-13 15:00:00,26615.693366,-0.0,-0.0
2025-09-13 16:00:00,27786.182446,-0.0,-0.0
2025-09-13 17:00:00,29290.942175,-0.0,-0.0
2025-09-13 18:00:00,29829.257363,-0.0,-0.0
2025-09-13 19:00:00,3502.7622428430736,15873.654411947797,10365.69713520913
2025-09-13 20:00:00,-0.0,15873.654411947797,13467.879713052202
2025-09-13 21:00:00,18.6648076883291,15873.654411947797,12624.529805363874
2025-09-13 22:00:00,3.110801281388183,15873.654411947797,11475.215354770815
2025-09-13 23:00:00,-0.0,15873.654411947797,10018.005766052202
2025-09-14 00:00:00,-0.0,15873.654411947797,9073.348727052204
2025-09-14 01:00:00,-0.0,15873.654411947797,7740.263438052205
2025-09-14 02:00:00,-0.0,15873.654411947797,6840.315568052205
2025-09-14 03:00:00,-0.0,15873.654411947797,6288.880594052202
2025-09-14 04:00:00,-0.0,15873.654411947797,5860.073067052204
2025-09-14 05:00:00,-0.0,15873.654411947797,5848.484566052202
2025-09-14 06:00:00,6800.211601114505,15256.113932885495,-0.0
2025-09-14 07:00:00,23198.167906,-0.0,-0.0
2025-09-14 08:00:00,26332.2997059999,-0.0,-0.0
2025-09-14 09:00:00,27045.826078,-0.0,-0.0
2025-09-14 10:00:00,27383.790903,-0.0,-0.0
2025-09-14 11:00:00,26465.6978817,-0.0,-0.0
2025-09-14 12:00:00,25108.5180586,-0.0,-0.0
2025-09-14 13:00:00,25331.8561106,-0.0,-0.0
2025-09-14 14:00:00,25043.1858348,-0.0,-0.0
2025-09-14 15:00:00,26709.0968555,-0.0,-0.0
2025-09-14 16:00:00,28658.9374818,-0.0,-0.0
2025-09-14 17:00:00,30966.159919,-0.0,-0.0
2025-09-14 18:00:00,31466.874357,-0.0,-0.0
2025-09-14 19:00:00,404.40416658045103,15873.654411947797,15075.767343471753
2025-09-14 20:00:00,-0.0,15873.654411947797,14837.971914052205
2025-09-14 21:00:00,-0.0,15873.654411947797,13715.927948052204
2025-09-14 22:00:00,-0.0,15873.654411947797,12167.973287052102
2025-09-14 23:00:00,-0.0,15873.654411947797,10157.166455052202
2025-09-15 00:00:00,-0.0,15873.654411947797,9121.684849052204
2025-09-15 01:00:00,-0.0,15873.654411947797,8124.282200052103
2025-09-15 02:00:00,-0.0,15873.654411947797,7780.188097052202
2025-09-15 03:00:00,-0.0,15873.654411947797,7242.595633052204
2025-09-15 04:00:00,-0.0,15873.654411947797,6662.939580052202
2025-09-15 05:00:00,-0.0,15873.654411947797,7837.487292052205
2025-09-15 06:00:00,6526.461088352371,15873.654411947797,3427.734954699832
2025-09-15 07:00:00,27703.9686,-0.0,-0.0
2025-09-15 08:00:00,31258.918285,-0.0,-0.0
2025-09-15 09:00:00,32812.686055,-0.0,-0.0
2025-09-15 10:00:00,32945.574319,-0.0,-0.0
2025-09-15 11:00:00,32380.612464,-0.0,-0.0
2025-09-15 12:00:00,32089.219911,-0.0,-0.0
2025-09-15 13:00:00,31479.361537,-0.0,-0.0
2025-09-15 14:00:00,31778.2641465,-0.0,-0.0
2025-09-15 15:00:00,33781.91177,-0.0,-0.0
2025-09-15 16:00:00,36091.330259,-0.0,-0.0
2025-09-15 17:00:00,38089.363999,-0.0,-0.0
2025-09-15 18:00:00,37935.930523,-0.0,-0.0
2025-09-15 19:00:00,1287.8717304946772,15873.654411947797,19632.992556557525
2025-09-15 20:00:00,507.06060886627154,15873.654411947797,19280.88726518593
2025-09-15 21:00:00,472.8417947709442,15873.654411947797,17282.096065281257
2025-09-15 22:00:00,-0.0,15873.654411947797,15219.299547052202
2025-09-15 23:00:00,-0.0,15873.654411947797,12760.703941052203
2025-09-16 00:00:00,-0.0,15873.654411947797,11322.968799052202
2025-09-16 01:00:00,-0.0,15873.654411947797,9895.932806052204
2025-09-16 02:00:00,-0.0,15873.654411947797,9320.663258052204
2025-09-16 03:00:00,-0.0,15873.654411947797,8911.205038052203
2025-09-16 04:00:00,-0.0,15873.654411947797,8183.226809052203
2025-09-16 05:00:00,-0.0,15873.654411947797,8961.667380052202
2025-09-16 06:00:00,4753.3043579610885,15873.654411947797,5963.732847091115
2025-09-16 07:00:00,28453.216651,-0.0,-0.0
2025-09-16 08:00:00,32528.3765729999,-0.0,-0.0
2025-09-16 09:00:00,34160.486182,-0.0,-0.0
2025-09-16 10:00:00,33663.973686,-0.0,-0.0
2025-09-16 11:00:00,34074.366575,-0.0,-0.0
2025-09-16 12:00:00,34417.6174909,-0.0,-0.0
2025-09-16 13:00:00,35802.434678,-0.0,-0.0
2025-09-16 14:00:00,37753.214027,-0.0,-0.0
2025-09-16 15:00:00,39675.313979,-0.0,-0.0
2025-09-16 16:00:00,40866.661804,-0.0,-0.0
2025-09-16 17:00:00,41121.012304,-0.0,-0.0
2025-09-16 18:00:00,40145.910291,-0.0,-0.0
2025-09-16 19:00:00,248.864102511053,15873.654411947797,22763.971872541148
2025-09-16 20:00:00,-0.0,15873.654411947797,21680.644058052203
2025-09-16 21:00:00,-0.0,15873.654411947797,19668.4219510522
2025-09-16 22:00:00,-0.0,15873.654411947797,17068.1676660522
2025-09-16 23:00:00,-0.0,15873.654411947797,14427.776750052204
2025-09-17 00:00:00,21.775608969717286,15873.654411947797,12968.368387082484
2025-09-17 01:00:00,-0.0,15873.654411947797,11504.232649052103
2025-09-17 02:00:00,-0.0,15873.654411947797,10661.998348052102
2025-09-17 03:00:00,-0.0,15873.654411947797,10167.683889052203
2025-09-17 04:00:00,-0.0,15873.654411947797,10022.343957052204
2025-09-17 05:00:00,-0.0,15873.654411947797,9956.007634052205
2025-09-17 06:00:00,3826.2855761074497,15873.654411947797,7938.550942944754
2025-09-17 07:00:00,29363.415181,-0.0,-0.0
2025-09-17 08:00:00,33044.63235,-0.0,-0.0
2025-09-17 09:00:00,34862.513895,-0.0,-0.0
2025-09-17 10:00:00,35830.882949,-0.0,-0.0
2025-09-17 11:00:00,36226.209744,-0.0,-0.0
2025-09-17 12:00:00,37303.474113,-0.0,-0.0
2025-09-17 13:00:00,37557.661679,-0.0,-0.0
2025-09-17 14:00:00,38578.106383,-0.0,-0.0
2025-09-17 15:00:00,39526.419152,-0.0,-0.0
2025-09-17 16:00:00,39289.191566,-0.0,-0.0
2025-09-17 17:00:00,38367.685136,-0.0,-0.0
2025-09-17 18:00:00,35500.46422320191,1751.4453517980874,-0.0
2025-09-17 19:00:00,-0.0,15873.654411947797,20700.5457040522
2025-09-17 20:00:00,-0.0,15873.654411947797,19353.9417200522
2025-09-17 21:00:00,-0.0,15873.654411947797,18088.673832052198
2025-09-17 22:00:00,-0.0,15873.654411947797,16325.614607052203
2025-09-17 23:00:00,6.221602562776366,15873.654411947797,14012.826651489428
2025-09-18 00:00:00,-0.0,15873.654411947797,12794.115435052203
2025-09-18 01:00:00,-0.0,15873.654411947797,11758.835728052205
2025-09-18 02:00:00,80.88083331607405,15873.654411947797,11046.58736973613
2025-09-18 03:00:00,-0.0,15873.654411947797,10594.304981052204
2025-09-18 04:00:00,-0.0,15873.654411947797,10073.696457052205
2025-09-18 05:00:00,-0.0,15873.654411947797,10569.898693052202
2025-09-18 06:00:00,283.0829166062996,15873.654411947797,11758.026199445903
2025-09-18 07:00:00,29031.448471,-0.0,-0.0
2025-09-18 08:00:00,30051.112311,-0.0,-0.0
2025-09-18 09:00:00,31243.290166,-0.0,-0.0
2025-09-18 10:00:00,31975.926893,-0.0,-0.0
2025-09-18 11:00:00,33268.069401,-0.0,-0.0
2025-09-18 12:00:00,33769.448863,-0.0,-0.0
2025-09-18 13:00:00,34065.130944,-0.0,-0.0
2025-09-18 14:00:00,33803.1711,-0.0,-0.0
2025-09-18 15:00:00,34897.196248,-0.0,-0.0
2025-09-18 16:00:00,34534.459593,-0.0,-0.0
2025-09-18 17:00:00,34208.285388,-0.0,-0.0
2025-09-18 18:00:00,13587.97999710351,15873.654411947797,4599.327734948689
2025-09-18 19:00:00,874.1351600700606,15873.654411947797,17042.23118998214
2025-09-18 20:00:00,-0.0,15873.654411947797,17172.6663560522
2025-09-18 21:00:00,-0.0,15873.654411947797,16318.120139052202
2025-09-18 22:00:00,-0.0,15873.654411947797,14675.973114052204
2025-09-18 23:00:00,-0.0,15873.654411947797,12777.962025052204
2025-09-19 00:00:00,-0.0,15873.654411947797,11383.973892052103
2025-09-19 01:00:00,-0.0,15873.654411947797,9934.564610052204
2025-09-19 02:00:00,-0.0,15873.654411947797,8972.703238052103
2025-09-19 03:00:00,-0.0,15873.654411947797,8665.866620052204
2025-09-19 04:00:00,-0.0,15873.654411947797,8303.336113052204
2025-09-19 05:00:00,-0.0,15873.654411947797,9138.417845052203
2025-09-19 06:00:00,877.2459613513952,15873.654411947797,9875.69012570081
2025-09-19 07:00:00,27794.278371,-0.0,-0.0
2025-09-19 08:00:00,28823.433665,-0.0,-0.0
2025-09-19 09:00:00,30219.3110099999,-0.0,-0.0
2025-09-19 10:00:00,31386.683643,-0.0,-0.0
2025-09-19 11:00:00,32127.943386,-0.0,-0.0
2025-09-19 12:00:00,32502.318204,-0.0,-0.0
2025-09-19 13:00:00,32902.79722,-0.0,-0.0
2025-09-19 14:00:00,32619.092864,-0.0,-0.0
2025-09-19 15:00:00,33533.561999,-0.0,-0.0
2025-09-19 16:00:00,34713.336685,-0.0,-0.0
2025-09-19 17:00:00,35106.541409,-0.0,-0.0
2025-09-19 18:00:00,34588.904784,-0.0,-0.0
2025-09-19 19:00:00,130.6536538182362,15873.654411947797,17523.80690923396
2025-09-19 20:00:00,-0.0,15873.654411947797,16659.456633052105
2025-09-19 21:00:00,395.07176273628556,15873.654411947797,15419.79830731592
2025-09-19 22:00:00,-0.0,15873.654411947797,14402.187832052203
2025-09-19 23:00:00,-0.0,15873.654411947797,12407.149195052205
2025-09-20 00:00:00,-0.0,15873.654411947797,11075.265236052202
2025-09-20 01:00:00,-0.0,15873.654411947797,9579.797206052202
2025-09-20 02:00:00,-0.0,15873.654411947797,8421.075730052204
2025-09-20 03:00:00,-0.0,15873.654411947797,7828.5254910522035
2025-09-20 04:00:00,-0.0,15873.654411947797,7359.026522052203
2025-09-20 05:00:00,-0.0,15873.654411947797,7581.791004052202
2025-09-20 06:00:00,3701.8535248518833,15873.654411947797,4197.1837572003205
2025-09-20 07:00:00,24877.568063,-0.0,-0.0
2025-09-20 08:00:00,28057.4592769999,-0.0,-0.0
2025-09-20 09:00:00,29260.357519,-0.0,-0.0
2025-09-20 10:00:00,29464.321282,-0.0,-0.0
2025-09-20 11:00:00,29308.761558,-0.0,-0.0
2025-09-20 12:00:00,29405.812888,-0.0,-0.0
2025-09-20 13:00:00,28923.836337,-0.0,-0.0
2025-09-20 14:00:00,29663.71633,-0.0,-0.0
2025-09-20 15:00:00,31515.82087,-0.0,-0.0
2025-09-20 16:00:00,32497.550493,-0.0,-0.0
2025-09-20 17:00:00,33473.383475,-0.0,-0.0
2025-09-20 18:00:00,33064.9908329999,-0.0,-0.0
2025-09-20 19:00:00,2121.566473906741,15873.654411947797,14020.219676145462
2025-09-20 20:00:00,-0.0,15873.654411947797,15317.444365052203
2025-09-20 21:00:00,-0.0,15873.654411947797,14222.289621052203
2025-09-20 22:00:00,-0.0,15873.654411947797,12880.088385052202
2025-09-20 23:00:00,-0.0,15873.654411947797,11155.366963052102
2025-09-21 00:00:00,-0.0,15873.654411947797,10040.975738052204
2025-09-21 01:00:00,-0.0,15873.654411947797,8669.727188052204
2025-09-21 02:00:00,-0.0,15873.654411947797,7504.7350130522045
2025-09-21 03:00:00,-0.0,15873.654411947797,6857.377226052204
2025-09-21 04:00:00,-0.0,15873.654411947797,6268.321513052202
2025-09-21 05:00:00,-0.0,15873.654411947797,6193.772580052204
2025-09-21 06:00:00,790.1435254725711,15873.654411947797,5608.147334579633
2025-09-21 07:00:00,23845.992859,-0.0,-0.0
2025-09-21 08:00:00,26376.466181,-0.0,-0.0
2025-09-21 09:00:00,28420.538506,-0.0,-0.0
2025-09-21 10:00:00,28952.998092,-0.0,-0.0
2025-09-21 11:00:00,28292.984956,-0.0,-0.0
2025-09-21 12:00:00,27593.665283,-0.0,-0.0
2025-09-21 13:00:00,27514.837969,-0.0,-0.0
2025-09-21 14:00:00,26938.1031569999,-0.0,-0.0
2025-09-21 15:00:00,27472.3639559999,-0.0,-0.0
2025-09-21 16:00:00,28516.718245,-0.0,-0.0
2025-09-21 17:00:00,30518.904915,-0.0,-0.0
2025-09-21 18:00:00,31100.280874,-0.0,-0.0
2025-09-21 19:00:00,3322.3357685225133,15873.654411947797,11843.460210529689
2025-09-21 20:00:00,96.43483972298962,15873.654411947797,14397.467226329212
2025-09-21 21:00:00,-0.0,15873.654411947797,13531.715755052204
2025-09-21 22:00:00,-0.0,15873.654411947797,12041.801312052203
2025-09-21 23:00:00,-0.0,15873.654411947797,10378.404425052204
2025-09-22 00:00:00,-0.0,15873.654411947797,9307.918957052205
2025-09-22 01:00:00,-0.0,15873.654411947797,8020.457324052202
2025-09-22 02:00:00,-0.0,15873.654411947797,7758.3424800522025
2025-09-22 03:00:00,-0.0,15873.654411947797,7216.379515052204
2025-09-22 04:00:00,-0.0,15873.654411947797,7013.028853052203
2025-09-22 05:00:00,-0.0,15873.654411947797,7909.787446052202
2025-09-22 06:00:00,821.2515382864023,15873.654411947797,8996.5174347658
2025-09-22 07:00:00,26609.627844,-0.0,-0.0
2025-09-22 08:00:00,28162.166578,-0.0,-0.0
2025-09-22 09:00:00,30796.687144,-0.0,-0.0
2025-09-22 10:00:00,31628.118283,-0.0,-0.0
2025-09-22 11:00:00,32082.747024,-0.0,-0.0
2025-09-22 12:00:00,32909.933682,-0.0,-0.0
2025-09-22 13:00:00,33227.920887,-0.0,-0.0
2025-09-22 14:00:00,33435.672832,-0.0,-0.0
2025-09-22 15:00:00,35083.932855,-0.0,-0.0
2025-09-22 16:00:00,36451.511839,-0.0,-0.0
2025-09-22 17:00:00,36842.135564,-0.0,-0.0
2025-09-22 18:00:00,36703.088251,-0.0,-0.0
2025-09-22 19:00:00,469.73099348960955,15873.654411947797,19495.50955856259
2025-09-22 20:00:00,-0.0,15873.654411947797,18670.393956052103
2025-09-22 21:00:00,-0.0,15873.654411947797,17234.3823800522
2025-09-22 22:00:00,-0.0,15873.654411947797,14984.262728052103
2025-09-22 23:00:00,-0.0,15873.654411947797,12733.474801052203
2025-09-23 00:00:00,-0.0,15873.654411947797,11554.925568052202
2025-09-23 01:00:00,-0.0,15873.654411947797,9890.239754052202
2025-09-23 02:00:00,-0.0,15873.654411947797,9201.605211052103
2025-09-23 03:00:00,99.54564100440504,15873.654411947797,8337.9249690478
2025-09-23 04:00:00,-0.0,15873.654411947797,8231.645586052202
2025-09-23 05:00:00,-0.0,15873.654411947797,8920.284723052204
2025-09-23 06:00:00,2917.931601942062,15873.654411947797,7923.926246110141
2025-09-23 07:00:00,28628.5863239999,-0.0,-0.0
2025-09-23 08:00:00,31494.318045,-0.0,-0.0
2025-09-23 09:00:00,33545.967868,-0.0,-0.0
2025-09-23 10:00:00,34492.515995,-0.0,-0.0
2025-09-23 11:00:00,34886.097787,-0.0,-0.0
2025-09-23 12:00:00,35186.4300739999,-0.0,-0.0
2025-09-23 13:00:00,35765.34418,-0.0,-0.0
2025-09-23 14:00:00,36648.044181,-0.0,-0.0
2025-09-23 15:00:00,38246.949549,-0.0,-0.0
2025-09-23 16:00:00,39077.872233,-0.0,-0.0
2025-09-23 17:00:00,39599.240212,-0.0,-0.0
2025-09-23 18:00:00,38600.8904119999,-0.0,-0.0
2025-09-23 19:00:00,-0.0,15873.654411947797,21538.870552052198
2025-09-23 20:00:00,-0.0,15873.654411947797,20507.247162052205
2025-09-23 21:00:00,-0.0,15873.654411947797,18977.741740052203
2025-09-23 22:00:00,-0.0,15873.654411947797,16564.325345052202
2025-09-23 23:00:00,-0.0,15873.654411947797,14234.168652052203
2025-09-24 00:00:00,-0.0,15873.654411947797,12835.504210052202
2025-09-24 01:00:00,-0.0,15873.654411947797,11125.007977052204
2025-09-24 02:00:00,-0.0,15873.654411947797,10094.095685052203
2025-09-24 03:00:00,-0.0,15873.654411947797,9791.310776052202
2025-09-24 04:00:00,-0.0,15873.654411947797,9127.331082052204
2025-09-24 05:00:00,-0.0,15873.654411947797,9998.747645052203
2025-09-24 06:00:00,2532.192243049942,15873.654411947797,9226.174015002263
2025-09-24 07:00:00,29232.119144,-0.0,-0.0
2025-09-24 08:00:00,30871.008863,-0.0,-0.0
2025-09-24 09:00:00,33035.73543,-0.0,-0.0
2025-09-24 10:00:00,33776.884455,-0.0,-0.0
2025-09-24 11:00:00,34613.95313,-0.0,-0.0
2025-09-24 12:00:00,35360.871967,-0.0,-0.0
2025-09-24 13:00:00,35440.233386,-0.0,-0.0
2025-09-24 14:00:00,36019.931365,-0.0,-0.0
2025-09-24 15:00:00,35876.062496,-0.0,-0.0
2025-09-24 16:00:00,36241.8154939999,-0.0,-0.0
2025-09-24 17:00:00,36190.4127249999,-0.0,-0.0
2025-09-24 18:00:00,35075.349391,-0.0,-0.0
2025-09-24 19:00:00,5412.794229615423,15873.654411947797,13301.86534843678
2025-09-24 20:00:00,-0.0,15873.654411947797,17409.012141052102
2025-09-24 21:00:00,-0.0,15873.654411947797,16604.526732052203
2025-09-24 22:00:00,-0.0,15873.654411947797,14556.334935052202
2025-09-24 23:00:00,-0.0,15873.654411947797,12521.662151052204
2025-09-25 00:00:00,-0.0,15873.654411947797,11090.315425052102
2025-09-25 01:00:00,-0.0,15873.654411947797,9696.765319052205
2025-09-25 02:00:00,-0.0,15873.654411947797,8533.794495052103
2025-09-25 03:00:00,-0.0,15873.654411947797,8073.810496052103
2025-09-25 04:00:00,-0.0,15873.654411947797,7879.791874052202
2025-09-25 05:00:00,-0.0,15873.654411947797,8803.594125052203
2025-09-25 06:00:00,2137.1204803136566,15873.654411947797,8373.797466738548
2025-09-25 07:00:00,28003.404071,-0.0,-0.0
2025-09-25 08:00:00,29598.805599,-0.0,-0.0
2025-09-25 09:00:00,31833.8365429999,-0.0,-0.0
2025-09-25 10:00:00,31619.0306,-0.0,-0.0
2025-09-25 11:00:00,31825.966482,-0.0,-0.0
2025-09-25 12:00:00,31594.9812269,-0.0,-0.0
2025-09-25 13:00:00,31338.0141238,-0.0,-0.0
2025-09-25 14:00:00,32005.1717914,-0.0,-0.0
2025-09-25 15:00:00,32318.6527144,-0.0,-0.0
2025-09-25 16:00:00,32795.8771383,-0.0,-0.0
2025-09-25 17:00:00,33020.379125,-0.0,-0.0
2025-09-25 18:00:00,32367.293869,-0.0,-0.0
2025-09-25 19:00:00,3157.46330060895,15873.654411947797,12613.017206443254
2025-09-25 20:00:00,-0.0,15873.654411947797,15092.474739052204
2025-09-25 21:00:00,-0.0,15873.654411947797,14157.244787052203
2025-09-25 22:00:00,-0.0,15873.654411947797,12758.494489052204
2025-09-25 23:00:00,-0.0,15873.654411947797,10717.873964052202
2025-09-26 00:00:00,-0.0,15873.654411947797,9720.024388052205
2025-09-26 01:00:00,-0.0,15873.654411947797,8650.223737052203
2025-09-26 02:00:00,-0.0,15873.654411947797,8411.581192052205
2025-09-26 03:00:00,-0.0,15873.654411947797,8154.349294052203
2025-09-26 04:00:00,-0.0,15873.654411947797,7577.285441052203
2025-09-26 05:00:00,-0.0,15873.654411947797,8150.883746052203
2025-09-26 06:00:00,1816.707948330695,15873.654411947797,7980.567601721506
2025-09-26 07:00:00,27065.298432,-0.0,-0.0
2025-09-26 08:00:00,29592.60063,-0.0,-0.0
2025-09-26 09:00:00,31651.233881,-0.0,-0.0
2025-09-26 10:00:00,31884.924438,-0.0,-0.0
2025-09-26 11:00:00,31919.074738,-0.0,-0.0
2025-09-26 12:00:00,31384.239144,-0.0,-0.0
2025-09-26 13:00:00,30007.552593,-0.0,-0.0
2025-09-26 14:00:00,29483.02957,-0.0,-0.0
2025-09-26 15:00:00,29388.5475439999,-0.0,-0.0
2025-09-26 16:00:00,30360.270241,-0.0,-0.0
2025-09-26 17:00:00,30663.2294249999,-0.0,-0.0
2025-09-26 18:00:00,30905.462437,-0.0,-0.0
2025-09-26 19:00:00,1863.3699675514417,15873.654411947797,12675.12061450076
2025-09-26 20:00:00,2146.452884157822,15873.654411947797,11920.20516889438
2025-09-26 21:00:00,189.75887816464459,15873.654411947797,13275.181584887558
2025-09-26 22:00:00,-0.0,15873.654411947797,12263.593149052203
2025-09-26 23:00:00,-0.0,15873.654411947797,10634.829420052103
2025-09-27 00:00:00,-0.0,15873.654411947797,9573.218640052202
2025-09-27 01:00:00,-0.0,15873.654411947797,8197.387993052203
2025-09-27 02:00:00,-0.0,15873.654411947797,7223.215408052203
2025-09-27 03:00:00,-0.0,15873.654411947797,6619.426415052103
2025-09-27 04:00:00,-0.0,15873.654411947797,6604.861911052203
2025-09-27 05:00:00,-0.0,15873.654411947797,6646.576605052202
2025-09-27 06:00:00,665.7114742170043,15873.654411947797,6707.7900118352
2025-09-27 07:00:00,24097.909152,-0.0,-0.0
2025-09-27 08:00:00,26873.140467,-0.0,-0.0
2025-09-27 09:00:00,28362.59403,-0.0,-0.0
2025-09-27 10:00:00,29036.524547,-0.0,-0.0
2025-09-27 11:00:00,28719.9019449999,-0.0,-0.0
2025-09-27 12:00:00,28077.66272,-0.0,-0.0
2025-09-27 13:00:00,28050.318548,-0.0,-0.0
2025-09-27 14:00:00,27083.236812,-0.0,-0.0
2025-09-27 15:00:00,27264.672355,-0.0,-0.0
2025-09-27 16:00:00,27022.4042879999,-0.0,-0.0
2025-09-27 17:00:00,28014.7187199999,-0.0,-0.0
2025-09-27 18:00:00,22531.53368109458,5930.312744905317,-0.0
2025-09-27 19:00:00,-0.0,15873.654411947797,12567.973309052204
2025-09-27 20:00:00,-0.0,15873.654411947797,12168.681344052204
2025-09-27 21:00:00,-0.0,15873.654411947797,11500.640982052204
2025-09-27 22:00:00,-0.0,15873.654411947797,10471.515344052203
2025-09-27 23:00:00,-0.0,15873.654411947797,9151.535181052202
2025-09-28 00:00:00,-0.0,15873.654411947797,8315.478774052202
2025-09-28 01:00:00,-0.0,15873.654411947797,7144.3294770522025
2025-09-28 02:00:00,-0.0,15873.654411947797,6372.825747052202
2025-09-28 03:00:00,-0.0,15873.654411947797,6027.743514052205
2025-09-28 04:00:00,-0.0,15873.654411947797,5667.430561052204
2025-09-28 05:00:00,-0.0,15873.654411947797,5737.368144052203
2025-09-28 06:00:00,706.1518908750817,15873.654411947797,5218.799425177121
2025-09-28 07:00:00,22663.062436,-0.0,-0.0
2025-09-28 08:00:00,25782.929124,-0.0,-0.0
2025-09-28 09:00:00,27613.293896,-0.0,-0.0
2025-09-28 10:00:00,28063.527286,-0.0,-0.0
2025-09-28 11:00:00,28573.0684,-0.0,-0.0
2025-09-28 12:00:00,27234.8763009,-0.0,-0.0
2025-09-28 13:00:00,26403.0208782999,-0.0,-0.0
2025-09-28 14:00:00,25661.286264,-0.0,-0.0
2025-09-28 15:00:00,25646.7817831,-0.0,-0.0
2025-09-28 16:00:00,26848.223681,-0.0,-0.0
2025-09-28 17:00:00,27667.459066,-0.0,-0.0
2025-09-28 18:00:00,28597.837912,-0.0,-0.0
2025-09-28 19:00:00,-0.0,15873.654411947797,12733.886110052203
2025-09-28 20:00:00,-0.0,15873.654411947797,12219.880570052204
2025-09-28 21:00:00,-0.0,15873.654411947797,11440.278597052204
2025-09-28 22:00:00,-0.0,15873.654411947797,10095.119390052203
2025-09-28 23:00:00,-0.0,15873.654411947797,8776.992812052204
2025-09-29 00:00:00,-0.0,15873.654411947797,8018.032141052203
2025-09-29 01:00:00,-0.0,15873.654411947797,7258.251684052202
2025-09-29 02:00:00,-0.0,15873.654411947797,7001.478159052202
2025-09-29 03:00:00,-0.0,15873.654411947797,6689.857703052103
2025-09-29 04:00:00,-0.0,15873.654411947797,6374.0904840522035
2025-09-29 05:00:00,-0.0,15873.654411947797,7302.079497052202
2025-09-29 06:00:00,1378.0849676549167,15873.654411947797,7813.199070397288
2025-09-29 07:00:00,27019.770734,-0.0,-0.0
2025-09-29 08:00:00,29504.760431,-0.0,-0.0
2025-09-29 09:00:00,30548.15951,-0.0,-0.0
2025-09-29 10:00:00,30685.318713,-0.0,-0.0
2025-09-29 11:00:00,30530.8995559999,-0.0,-0.0
2025-09-29 12:00:00,31205.7300589999,-0.0,-0.0
2025-09-29 13:00:00,30921.013075,-0.0,-0.0
2025-09-29 14:00:00,30644.2603099999,-0.0,-0.0
2025-09-29 15:00:00,30985.477075,-0.0,-0.0
2025-09-29 16:00:00,30627.906012,-0.0,-0.0
2025-09-29 17:00:00,30966.907492,-0.0,-0.0
2025-09-29 18:00:00,30958.735932,-0.0,-0.0
2025-09-29 19:00:00,8850.229645549338,15873.654411947797,5916.009863502864
2025-09-29 20:00:00,3113.912082669538,15873.654411947797,10654.212272382665
2025-09-29 21:00:00,-0.0,15873.654411947797,12732.665832052202
2025-09-29 22:00:00,-0.0,15873.654411947797,11318.787328052202
2025-09-29 23:00:00,-0.0,15873.654411947797,9482.894718052203
2025-09-30 00:00:00,-0.0,15873.654411947797,8697.048308052204
2025-09-30 01:00:00,-0.0,15873.654411947797,7899.294306052203
2025-09-30 02:00:00,-0.0,15873.654411947797,7506.3563290522015
2025-09-30 03:00:00,-0.0,15873.654411947797,7263.194406052202
2025-09-30 04:00:00,-0.0,15873.654411947797,7107.292328052203
2025-09-30 05:00:00,-0.0,15873.654411947797,7902.4303010522035
2025-09-30 06:00:00,1185.2152882088567,15873.654411947797,8716.896774843346
2025-09-30 07:00:00,27221.039997,-0.0,-0.0
2025-09-30 08:00:00,29736.013402,-0.0,-0.0
2025-09-30 09:00:00,31123.357283,-0.0,-0.0
2025-09-30 10:00:00,30282.12867652,-0.0,-0.0
2025-09-30 11:00:00,29902.9942276,-0.0,-0.0
2025-09-30 12:00:00,29597.5291,-0.0,-0.0
2025-09-30 13:00:00,30070.4848335,-0.0,-0.0
2025-09-30 14:00:00,29982.22758,-0.0,-0.0
2025-09-30 15:00:00,29879.2037146099,-0.0,-0.0
2025-09-30 16:00:00,30019.2943367999,-0.0,-0.0
2025-09-30 17:00:00,30087.724998,-0.0,-0.0
2025-09-30 18:00:00,30467.8845569999,-0.0,-0.0
2025-09-30 19:00:00,376.40695504795457,15873.654411947797,13825.758244004248
2025-09-30 20:00:00,-0.0,15873.654411947797,13610.054293052204
2025-09-30 21:00:00,-0.0,15873.654411947797,12781.022798052103
2025-09-30 22:00:00,-0.0,15873.654411947797,11375.185368052202
2025-09-30 23:00:00,-0.0,15873.654411947797,9631.292286052203
2025-10-01 00:00:00,-0.0,15873.654411947797,8947.935535052204
2025-10-01 01:00:00,-0.0,15873.654411947797,8054.468354052204
2025-10-01 02:00:00,-0.0,15873.654411947797,7955.448701052204
2025-10-01 03:00:00,-0.0,15873.654411947797,7414.993299052205
2025-10-01 04:00:00,-0.0,15873.654411947797,6705.750437052202
2025-10-01 05:00:00,-0.0,15873.654411947797,7573.573091052202
2025-10-01 06:00:00,1231.8773074296842,15873.654411947797,8056.172195622517
2025-10-01 07:00:00,26723.027323,-0.0,-0.0
2025-10-01 08:00:00,29528.859304,-0.0,-0.0
2025-10-01 09:00:00,31473.6795199999,-0.0,-0.0
2025-10-01 10:00:00,31260.251914,-0.0,-0.0
2025-10-01 11:00:00,30651.243268,-0.0,-0.0
2025-10-01 12:00:00,29865.8806843,-0.0,-0.0
2025-10-01 13:00:00,29691.9878343,-0.0,-0.0
2025-10-01 14:00:00,30048.0278879,-0.0,-0.0
2025-10-01 15:00:00,30306.451379,-0.0,-0.0
2025-10-01 16:00:00,30406.594582,-0.0,-0.0
2025-10-01 17:00:00,30416.268614,-0.0,-0.0
2025-10-01 18:00:00,31132.114999,-0.0,-0.0
2025-10-01 19:00:00,202.20208329022552,15873.654411947797,14728.519527761979
2025-10-01 20:00:00,-0.0,15873.654411947797,13723.285467052205
2025-10-01 21:00:00,-0.0,15873.654411947797,12943.683533052203
2025-10-01 22:00:00,-0.0,15873.654411947797,11492.931402052202
2025-10-01 23:00:00,-0.0,15873.654411947797,9827.688638052203
2025-10-02 00:00:00,-0.0,15873.654411947797,9136.587296052205
2025-10-02 01:00:00,-0.0,15873.654411947797,8035.007305052202
2025-10-02 02:00:00,-0.0,15873.654411947797,7699.1790570521025
2025-10-02 03:00:00,-0.0,15873.654411947797,7251.932055052102
2025-10-02 04:00:00,-0.0,15873.654411947797,7035.071266052202
2025-10-02 05:00:00,-0.0,15873.654411947797,7744.584068052203
2025-10-02 06:00:00,1110.5560574555325,15873.654411947797,8288.87936759667
2025-10-02 07:00:00,26582.945022,-0.0,-0.0
2025-10-02 08:00:00,28306.860544,-0.0,-0.0
2025-10-02 09:00:00,30058.062368,-0.0,-0.0
2025-10-02 10:00:00,30011.736449,-0.0,-0.0
2025-10-02 11:00:00,29941.422152,-0.0,-0.0
2025-10-02 12:00:00,29445.575412,-0.0,-0.0
2025-10-02 13:00:00,29934.408222,-0.0,-0.0
2025-10-02 14:00:00,30182.349087,-0.0,-0.0
2025-10-02 15:00:00,29937.288924,-0.0,-0.0
2025-10-02 16:00:00,29884.170101,-0.0,-0.0
2025-10-02 17:00:00,30090.256499,-0.0,-0.0
2025-10-02 18:00:00,25707.661789391943,4875.463705608057,-0.0
2025-10-02 19:00:00,31.108012813881835,15873.654411947797,14378.33661923832
2025-10-02 20:00:00,-0.0,15873.654411947797,13429.163429052203
2025-10-02 21:00:00,-0.0,15873.654411947797,12909.028215052202
2025-10-02 22:00:00,-0.0,15873.654411947797,11728.670542052203
2025-10-02 23:00:00,-0.0,15873.654411947797,9704.834814052103
2025-10-03 00:00:00,-0.0,15873.654411947797,8843.391161082202
2025-10-03 01:00:00,-0.0,15873.654411947797,7807.873328272102
2025-10-03 02:00:00,-0.0,15873.654411947797,7133.574300052203
2025-10-03 03:00:00,-0.0,15873.654411947797,7185.062513052204
2025-10-03 04:00:00,-0.0,15873.654411947797,6864.955399052202
2025-10-03 05:00:00,-0.0,15873.654411947797,7961.5657170522045
2025-10-03 06:00:00,1035.8968267022087,15873.654411947797,8295.489214349996
2025-10-03 07:00:00,26321.139757,-0.0,-0.0
2025-10-03 08:00:00,28058.785371,-0.0,-0.0
2025-10-03 09:00:00,29687.6523784,-0.0,-0.0
2025-10-03 10:00:00,29807.8823277,-0.0,-0.0
2025-10-03 11:00:00,30090.5417047,-0.0,-0.0
2025-10-03 12:00:00,29699.6580913999,-0.0,-0.0
2025-10-03 13:00:00,29214.74029,-0.0,-0.0
2025-10-03 14:00:00,28846.76337,-0.0,-0.0
2025-10-03 15:00:00,27785.3272799999,-0.0,-0.0
2025-10-03 16:00:00,27346.844609,-0.0,-0.0
2025-10-03 17:00:00,27497.323509,-0.0,-0.0
2025-10-03 18:00:00,28244.560005,-0.0,-0.0
2025-10-03 19:00:00,130.6536538182362,15873.654411947797,11973.539199233968
2025-10-03 20:00:00,-0.0,15873.654411947797,11420.528477052203
2025-10-03 21:00:00,-0.0,15873.654411947797,10867.245659052203
2025-10-03 22:00:00,-0.0,15873.654411947797,9858.330168052102
2025-10-03 23:00:00,-0.0,15873.654411947797,8588.521140052204
2025-10-04 00:00:00,-0.0,15873.654411947797,8149.479988052202
2025-10-04 01:00:00,-0.0,15873.654411947797,6860.076281052205
2025-10-04 02:00:00,-0.0,15873.654411947797,6215.862915052205
2025-10-04 03:00:00,-0.0,15873.654411947797,5572.561378052202
2025-10-04 04:00:00,-0.0,15873.654411947797,5211.478146052103
2025-10-04 05:00:00,-0.0,15873.654411947797,5612.6135210522025
2025-10-04 06:00:00,634.6034614031731,15873.654411947797,5709.970416649029
2025-10-04 07:00:00,22746.117411,-0.0,-0.0
2025-10-04 08:00:00,23774.9525155,-0.0,-0.0
2025-10-04 09:00:00,24403.1068132,-0.0,-0.0
2025-10-04 10:00:00,23634.829788,-0.0,-0.0
2025-10-04 11:00:00,23098.678215,-0.0,-0.0
2025-10-04 12:00:00,22874.772156,-0.0,-0.0
2025-10-04 13:00:00,22741.354314,-0.0,-0.0
2025-10-04 14:00:00,21907.5898423,-0.0,-0.0
2025-10-04 15:00:00,22821.52954388,-0.0,-0.0
2025-10-04 16:00:00,23798.074601,-0.0,-0.0
2025-10-04 17:00:00,25240.940672,-0.0,-0.0
2025-10-04 18:00:00,23197.24515531167,3623.8950536883312,-0.0
2025-10-04 19:00:00,-0.0,15873.654411947797,10855.430762052203
2025-10-04 20:00:00,-0.0,15873.654411947797,10173.357807052203
2025-10-04 21:00:00,-0.0,15873.654411947797,9718.611474052204
2025-10-04 22:00:00,-0.0,15873.654411947797,8537.033709052203
2025-10-04 23:00:00,-0.0,15873.654411947797,7319.326637052205
2025-10-05 00:00:00,-0.0,15873.654411947797,6638.957820052203
2025-10-05 01:00:00,-0.0,15873.654411947797,5676.465529052204
2025-10-05 02:00:00,-0.0,15873.654411947797,5088.797405052204
2025-10-05 03:00:00,-0.0,15873.654411947797,4468.656615052203
2025-10-05 04:00:00,-0.0,15873.654411947797,4334.122235052202
2025-10-05 05:00:00,-0.0,15873.654411947797,4704.393142052102
2025-10-05 06:00:00,759.0355126586592,15873.654411947797,4148.206430393545
2025-10-05 07:00:00,21455.737558,-0.0,-0.0
2025-10-05 08:00:00,22760.8582289999,-0.0,-0.0
2025-10-05 09:00:00,23852.6934421,-0.0,-0.0
2025-10-05 10:00:00,23747.1632894,-0.0,-0.0
2025-10-05 11:00:00,24186.0427315,-0.0,-0.0
2025-10-05 12:00:00,24143.1028277,-0.0,-0.0
2025-10-05 13:00:00,24182.8574755999,-0.0,-0.0
2025-10-05 14:00:00,23579.9132231,-0.0,-0.0
2025-10-05 15:00:00,23483.5904081999,-0.0,-0.0
2025-10-05 16:00:00,24480.2327333,-0.0,-0.0
2025-10-05 17:00:00,26432.179308,-0.0,-0.0
2025-10-05 18:00:00,24438.454866585518,3597.623097414482,-0.0
2025-10-05 19:00:00,569.2766344940146,15873.654411947797,11562.407887558187
2025-10-05 20:00:00,-0.0,15873.654411947797,11234.045015052203
2025-10-05 21:00:00,-0.0,15873.654411947797,10412.396913052204
2025-10-05 22:00:00,-0.0,15873.654411947797,9023.070989052203
2025-10-05 23:00:00,-0.0,15873.654411947797,7616.962349052103
2025-10-06 00:00:00,-0.0,15873.654411947797,6628.967895052205
2025-10-06 01:00:00,-0.0,15873.654411947797,5551.271348052202
2025-10-06 02:00:00,-0.0,15873.654411947797,4863.469305052202
2025-10-06 03:00:00,-0.0,15873.654411947797,4642.506422052202
2025-10-06 04:00:00,-0.0,15873.654411947797,5414.893434052205
2025-10-06 05:00:00,-0.0,15873.654411947797,5987.145777052205
2025-10-06 06:00:00,591.0522434636802,15873.654411947797,7288.337992588522
2025-10-06 07:00:00,25305.937594,-0.0,-0.0
2025-10-06 08:00:00,27829.5126949999,-0.0,-0.0
2025-10-06 09:00:00,28950.7210113,-0.0,-0.0
2025-10-06 10:00:00,28496.8720736,-0.0,-0.0
2025-10-06 11:00:00,28683.2647525,-0.0,-0.0
2025-10-06 12:00:00,27837.62381441,-0.0,-0.0
2025-10-06 13:00:00,27191.6875571,-0.0,-0.0
2025-10-06 14:00:00,27388.7700631,-0.0,-0.0
2025-10-06 15:00:00,27939.6428224,-0.0,-0.0
2025-10-06 16:00:00,28722.030197,-0.0,-0.0
2025-10-06 17:00:00,29773.0969549999,-0.0,-0.0
2025-10-06 18:00:00,19728.701726563842,10882.33415943616,-0.0
2025-10-06 19:00:00,510.17141014760614,15873.654411947797,13763.464913904596
2025-10-06 20:00:00,746.592307533159,15873.654411947797,12261.841216519044
2025-10-06 21:00:00,317.30173070154615,15873.654411947797,11682.429902350657
2025-10-06 22:00:00,-0.0,15873.654411947797,10180.479743052203
2025-10-06 23:00:00,-0.0,15873.654411947797,8541.549168052205
2025-10-07 00:00:00,-0.0,15873.654411947797,7692.144634052203
2025-10-07 01:00:00,-0.0,15873.654411947797,6581.3960850522035
2025-10-07 02:00:00,-0.0,15873.654411947797,6258.750993052103
2025-10-07 03:00:00,-0.0,15873.654411947797,5954.813713052203
2025-10-07 04:00:00,-0.0,15873.654411947797,5461.504057052205
2025-10-07 05:00:00,-0.0,15873.654411947797,6504.015003052204
2025-10-07 06:00:00,519.5038139917716,15873.654411947797,7860.196443890433
2025-10-07 07:00:00,25758.58619003989,-0.0,-0.0
2025-10-07 08:00:00,28397.05338,-0.0,-0.0
2025-10-07 09:00:00,29141.6762069999,-0.0,-0.0
2025-10-07 10:00:00,28878.782368,-0.0,-0.0
2025-10-07 11:00:00,28832.030934,-0.0,-0.0
2025-10-07 12:00:00,27948.3626404,-0.0,-0.0
2025-10-07 13:00:00,27377.423222,-0.0,-0.0
2025-10-07 14:00:00,28143.9443258,-0.0,-0.0
2025-10-07 15:00:00,28192.3893920999,-0.0,-0.0
2025-10-07 16:00:00,28933.409233,-0.0,-0.0
2025-10-07 17:00:00,30041.9050829999,-0.0,-0.0
2025-10-07 18:00:00,18574.594451168818,12234.186324831182,-0.0
2025-10-07 19:00:00,121.32124997407068,15873.654411947797,14364.98647407813
2025-10-07 20:00:00,-0.0,15873.654411947797,13127.090465052204
2025-10-07 21:00:00,-0.0,15873.654411947797,12084.946515052203
2025-10-07 22:00:00,-0.0,15873.654411947797,10473.537110052204
2025-10-07 23:00:00,-0.0,15873.654411947797,8607.423513052103
2025-10-08 00:00:00,-0.0,15873.654411947797,7785.962848052202
2025-10-08 01:00:00,-0.0,15873.654411947797,6845.580078052202
2025-10-08 02:00:00,-0.0,15873.654411947797,6320.675691052204
2025-10-08 03:00:00,-0.0,15873.654411947797,6356.147187052202
2025-10-08 04:00:00,-0.0,15873.654411947797,6508.735754052204
2025-10-08 05:00:00,-0.0,15873.654411947797,6560.051457052103
2025-10-08 06:00:00,255.08570507380307,15873.654411947797,8540.318549978401
2025-10-08 07:00:00,25761.871326,-0.0,-0.0
2025-10-08 08:00:00,27702.2056769999,-0.0,-0.0
2025-10-08 09:00:00,30521.855016,-0.0,-0.0
2025-10-08 10:00:00,30737.016304,-0.0,-0.0
2025-10-08 11:00:00,29873.785755,-0.0,-0.0
2025-10-08 12:00:00,28469.8487151999,-0.0,-0.0
2025-10-08 13:00:00,27606.3535386,-0.0,-0.0
2025-10-08 14:00:00,26972.128009,-0.0,-0.0
2025-10-08 15:00:00,27026.948472,-0.0,-0.0
2025-10-08 16:00:00,27402.8844837,-0.0,-0.0
2025-10-08 17:00:00,28663.09957,-0.0,-0.0
2025-10-08 18:00:00,16661.45166311505,12565.21299288495,-0.0
2025-10-08 19:00:00,-0.0,15873.654411947797,13042.834455052203
2025-10-08 20:00:00,-0.0,15873.654411947797,12072.425369052204
2025-10-08 21:00:00,-0.0,15873.654411947797,11210.900174052202
2025-10-08 22:00:00,-0.0,15873.654411947797,9983.974923052103
2025-10-08 23:00:00,-0.0,15873.654411947797,8195.625920052202
2025-10-09 00:00:00,-0.0,15873.654411947797,7524.813351052204
2025-10-09 01:00:00,-0.0,15873.654411947797,6670.3468810522045
2025-10-09 02:00:00,-0.0,15873.654411947797,6196.330506052202
2025-10-09 03:00:00,-0.0,15873.654411947797,5855.414216052204
2025-10-09 04:00:00,-0.0,15873.654411947797,6041.277144052203
2025-10-09 05:00:00,-0.0,15873.654411947797,6342.479933052202
2025-10-09 06:00:00,-0.0,15873.654411947797,8469.189608052204
2025-10-09 07:00:00,25191.66967,-0.0,-0.0
2025-10-09 08:00:00,26361.3404449999,-0.0,-0.0
2025-10-09 09:00:00,28758.674986,-0.0,-0.0
2025-10-09 10:00:00,28787.990954,-0.0,-0.0
2025-10-09 11:00:00,28254.300766,-0.0,-0.0
2025-10-09 12:00:00,27065.013647,-0.0,-0.0
2025-10-09 13:00:00,26912.2311559999,-0.0,-0.0
2025-10-09 14:00:00,26748.367633,-0.0,-0.0
2025-10-09 15:00:00,26888.821916,-0.0,-0.0
2025-10-09 16:00:00,26999.12703,-0.0,-0.0
2025-10-09 17:00:00,28229.962411,-0.0,-0.0
2025-10-09 18:00:00,20991.68704680744,8143.695889192561,-0.0
2025-10-09 19:00:00,8144.0777546742565,15873.654411947797,5251.161221377947
2025-10-09 20:00:00,-0.0,15873.654411947797,12343.239025052202
2025-10-09 21:00:00,-0.0,15873.654411947797,11655.190273052203
2025-10-09 22:00:00,-0.0,15873.654411947797,10167.589577052202
2025-10-09 23:00:00,-0.0,15873.654411947797,8551.315141052202
2025-10-10 00:00:00,-0.0,15873.654411947797,7960.752786052204
2025-10-10 01:00:00,-0.0,15873.654411947797,7040.667461052204
2025-10-10 02:00:00,-0.0,15873.654411947797,6354.559473052204
2025-10-10 03:00:00,-0.0,15873.654411947797,6337.044861052202
2025-10-10 04:00:00,-0.0,15873.654411947797,6324.876641052202
2025-10-10 05:00:00,-0.0,15873.654411947797,7035.542666052204
2025-10-10 06:00:00,-0.0,15873.654411947797,8516.022704052202
2025-10-10 07:00:00,25301.5340159999,-0.0,-0.0
2025-10-10 08:00:00,25334.541955,-0.0,-0.0
2025-10-10 09:00:00,26562.179632,-0.0,-0.0
2025-10-10 10:00:00,27580.7962019999,-0.0,-0.0
2025-10-10 11:00:00,27495.7791149999,-0.0,-0.0
2025-10-10 12:00:00,27341.354737,-0.0,-0.0
2025-10-10 13:00:00,26883.292254,-0.0,-0.0
2025-10-10 14:00:00,27193.775631,-0.0,-0.0
2025-10-10 15:00:00,27587.524464,-0.0,-0.0
2025-10-10 16:00:00,28366.607737,-0.0,-0.0
2025-10-10 17:00:00,29203.104582,-0.0,-0.0
2025-10-10 18:00:00,7714.787177842643,15873.654411947797,6150.540698209559
2025-10-10 19:00:00,236.4208973854721,15873.654411947797,13190.46608166673
2025-10-10 20:00:00,-0.0,15873.654411947797,12681.410869052203
2025-10-10 21:00:00,-0.0,15873.654411947797,12058.391471052202
2025-10-10 22:00:00,-0.0,15873.654411947797,11208.429273052103
2025-10-10 23:00:00,-0.0,15873.654411947797,9288.302576052205
2025-10-11 00:00:00,-0.0,15873.654411947797,8156.136388052202
2025-10-11 01:00:00,-0.0,15873.654411947797,6988.919161052103
2025-10-11 02:00:00,-0.0,15873.654411947797,6162.881459052203
2025-10-11 03:00:00,-0.0,15873.654411947797,5448.759869052103
2025-10-11 04:00:00,-0.0,15873.654411947797,5665.4861540522015
2025-10-11 05:00:00,-0.0,15873.654411947797,5296.419032052205
2025-10-11 06:00:00,-0.0,15873.654411947797,6039.177944052202
2025-10-11 07:00:00,22302.249768,-0.0,-0.0
2025-10-11 08:00:00,23258.267201,-0.0,-0.0
2025-10-11 09:00:00,24340.2848728,-0.0,-0.0
2025-10-11 10:00:00,24621.2270827,-0.0,-0.0
2025-10-11 11:00:00,24904.1097358,-0.0,-0.0
2025-10-11 12:00:00,24874.5827782,-0.0,-0.0
2025-10-11 13:00:00,24465.7565771,-0.0,-0.0
2025-10-11 14:00:00,24775.4247197,-0.0,-0.0
2025-10-11 15:00:00,25194.0272894,-0.0,-0.0
2025-10-11 16:00:00,25032.9964071,-0.0,-0.0
2025-10-11 17:00:00,25697.866937,-0.0,-0.0
2025-10-11 18:00:00,11211.327818122967,15157.329272876932,-0.0
2025-10-11 19:00:00,-0.0,15873.654411947797,10837.939627052203
2025-10-11 20:00:00,-0.0,15873.654411947797,9865.350335052202
2025-10-11 21:00:00,-0.0,15873.654411947797,9226.687828052103
2025-10-11 22:00:00,-0.0,15873.654411947797,8367.557814052203
2025-10-11 23:00:00,-0.0,15873.654411947797,7066.177178052205
2025-10-12 00:00:00,-0.0,15873.654411947797,6258.725921052204
2025-10-12 01:00:00,-0.0,15873.654411947797,5347.114693052203
2025-10-12 02:00:00,-0.0,15873.654411947797,4875.938848052205
2025-10-12 03:00:00,-0.0,15873.654411947797,4572.687115052102
2025-10-12 04:00:00,-0.0,15873.654411947797,4268.441419052202
2025-10-12 05:00:00,-0.0,15873.654411947797,4172.876488052103
2025-10-12 06:00:00,-0.0,15873.654411947797,4971.231297052202
2025-10-12 07:00:00,20921.54498,-0.0,-0.0
2025-10-12 08:00:00,22511.8082799999,-0.0,-0.0
2025-10-12 09:00:00,24365.451448,-0.0,-0.0
2025-10-12 10:00:00,24436.915244,-0.0,-0.0
2025-10-12 11:00:00,23716.8272602,-0.0,-0.0
2025-10-12 12:00:00,22732.695804,-0.0,-0.0
2025-10-12 13:00:00,22743.353939,-0.0,-0.0
2025-10-12 14:00:00,22774.779408,-0.0,-0.0
2025-10-12 15:00:00,22438.5801292,-0.0,-0.0
2025-10-12 16:00:00,23219.0822869999,-0.0,-0.0
2025-10-12 17:00:00,24924.456314,-0.0,-0.0
2025-10-12 18:00:00,11842.820478244805,14142.662193755194,-0.0
2025-10-12 19:00:00,-0.0,15873.654411947797,10260.381496052103
2025-10-12 20:00:00,-0.0,15873.654411947797,9546.267563052204
2025-10-12 21:00:00,-0.0,15873.654411947797,8817.790323052204
2025-10-12 22:00:00,-0.0,15873.654411947797,7676.172366052202
2025-10-12 23:00:00,-0.0,15873.654411947797,6167.775727052203
2025-10-13 00:00:00,-0.0,15873.654411947797,5832.936297052203
2025-10-13 01:00:00,-0.0,15873.654411947797,5091.117094052102
2025-10-13 02:00:00,-0.0,15873.654411947797,4576.221635052205
2025-10-13 03:00:00,-0.0,15873.654411947797,4413.391278052202
2025-10-13 04:00:00,-0.0,15873.654411947797,4865.892732052203
2025-10-13 05:00:00,-0.0,15873.654411947797,5370.645253052202
2025-10-13 06:00:00,-0.0,15873.654411947797,7099.557258052204
2025-10-13 07:00:00,24467.226674,-0.0,-0.0
2025-10-13 08:00:00,26852.75007,-0.0,-0.0
2025-10-13 09:00:00,26814.697537,-0.0,-0.0
2025-10-13 10:00:00,27603.523846,-0.0,-0.0
2025-10-13 11:00:00,27776.1705603999,-0.0,-0.0
2025-10-13 12:00:00,28050.921366,-0.0,-0.0
2025-10-13 13:00:00,27913.689262,-0.0,-0.0
2025-10-13 14:00:00,27480.291136,-0.0,-0.0
2025-10-13 15:00:00,26469.601288,-0.0,-0.0
2025-10-13 16:00:00,26096.053052,-0.0,-0.0
2025-10-13 17:00:00,26121.140898,-0.0,-0.0
2025-10-13 18:00:00,2149.563685439157,15873.654411947797,8764.338709613046
2025-10-13 19:00:00,-0.0,15873.654411947797,10876.060629052203
2025-10-13 20:00:00,-0.0,15873.654411947797,10158.843013052205
2025-10-13 21:00:00,-0.0,15873.654411947797,9350.935262052202
2025-10-13 22:00:00,-0.0,15873.654411947797,8288.656143052203
2025-10-13 23:00:00,-0.0,15873.654411947797,6967.805036052205
2025-10-14 00:00:00,-0.0,15873.654411947797,6306.402211052204
2025-10-14 01:00:00,-0.0,15873.654411947797,5588.851237052202
2025-10-14 02:00:00,-0.0,15873.654411947797,5214.382386052204
2025-10-14 03:00:00,-0.0,15873.654411947797,5088.604863052204
2025-10-14 04:00:00,-0.0,15873.654411947797,5146.518098052204
2025-10-14 05:00:00,-0.0,15873.654411947797,5954.658660052204
2025-10-14 06:00:00,24.886410251105463,15873.654411947797,7822.461829801097
2025-10-14 07:00:00,25218.89383,-0.0,-0.0
2025-10-14 08:00:00,26132.358456,-0.0,-0.0
2025-10-14 09:00:00,26210.552413,-0.0,-0.0
2025-10-14 10:00:00,26875.169315,-0.0,-0.0
2025-10-14 11:00:00,26902.728568,-0.0,-0.0
2025-10-14 12:00:00,27763.2926,-0.0,-0.0
2025-10-14 13:00:00,28037.623397,-0.0,-0.0
2025-10-14 14:00:00,28682.128769,-0.0,-0.0
2025-10-14 15:00:00,28230.56125748,-0.0,-0.0
2025-10-14 16:00:00,26591.855366,-0.0,-0.0
2025-10-14 17:00:00,25249.060674,-0.0,-0.0
2025-10-14 18:00:00,2955.2612173187244,15873.654411947797,7133.576458733478
2025-10-14 19:00:00,-0.0,15873.654411947797,10147.219654052204
2025-10-14 20:00:00,-0.0,15873.654411947797,9492.725196052203
2025-10-14 21:00:00,-0.0,15873.654411947797,8918.959435052204
2025-10-14 22:00:00,-0.0,15873.654411947797,7924.0060510522035
2025-10-14 23:00:00,-0.0,15873.654411947797,6763.592347052205
2025-10-15 00:00:00,-0.0,15873.654411947797,6133.646439052203
2025-10-15 01:00:00,-0.0,15873.654411947797,5496.327676052204
2025-10-15 02:00:00,-0.0,15873.654411947797,5254.146733052103
2025-10-15 03:00:00,-0.0,15873.654411947797,5204.876621052203
2025-10-15 04:00:00,-0.0,15873.654411947797,4735.5056780522045
2025-10-15 05:00:00,-0.0,15873.654411947797,5221.072557052203
2025-10-15 06:00:00,167.98326919489818,15873.654411947797,7344.7315748572055
2025-10-15 07:00:00,24681.237761,-0.0,-0.0
2025-10-15 08:00:00,25696.2402949,-0.0,-0.0
2025-10-15 09:00:00,26897.0567077,-0.0,-0.0
2025-10-15 10:00:00,27138.1735726,-0.0,-0.0
2025-10-15 11:00:00,27256.5499307,-0.0,-0.0
2025-10-15 12:00:00,26220.134553,-0.0,-0.0
2025-10-15 13:00:00,25925.2134441,-0.0,-0.0
2025-10-15 14:00:00,25786.079261,-0.0,-0.0
2025-10-15 15:00:00,24875.0607115,-0.0,-0.0
2025-10-15 16:00:00,23766.5367277,-0.0,-0.0
2025-10-15 17:00:00,24328.094928,-0.0,-0.0
2025-10-15 18:00:00,4656.869518238099,15873.654411947797,5105.506285814104
2025-10-15 19:00:00,-0.0,15873.654411947797,10177.105491052202
2025-10-15 20:00:00,-0.0,15873.654411947797,9364.183146052203
2025-10-15 21:00:00,-0.0,15873.654411947797,9168.669272052202
2025-10-15 22:00:00,-0.0,15873.654411947797,7863.406469052103
2025-10-15 23:00:00,-0.0,15873.654411947797,6646.2405520522025
2025-10-16 00:00:00,-0.0,15873.654411947797,6433.703964052203
2025-10-16 01:00:00,-0.0,15873.654411947797,5493.634316052203
2025-10-16 02:00:00,-0.0,15873.654411947797,4670.287903052204
2025-10-16 03:00:00,-0.0,15873.654411947797,4530.140483052202
2025-10-16 04:00:00,-0.0,15873.654411947797,4774.780762052202
2025-10-16 05:00:00,-0.0,15873.654411947797,5741.758054052205
2025-10-16 06:00:00,83.9916345974087,15873.654411947797,7490.888970454793
2025-10-16 07:00:00,24864.4281199999,-0.0,-0.0
2025-10-16 08:00:00,26320.144266,-0.0,-0.0
2025-10-16 09:00:00,27128.651249,-0.0,-0.0
2025-10-16 10:00:00,26288.4839386,-0.0,-0.0
2025-10-16 11:00:00,26426.039862,-0.0,-0.0
2025-10-16 12:00:00,26414.893172,-0.0,-0.0
2025-10-16 13:00:00,25497.5639443,-0.0,-0.0
2025-10-16 14:00:00,25059.9749651,-0.0,-0.0
2025-10-16 15:00:00,24502.0449014,-0.0,-0.0
2025-10-16 16:00:00,23451.2156326,-0.0,-0.0
2025-10-16 17:00:00,25012.985159,-0.0,-0.0
2025-10-16 18:00:00,11394.86509372486,15101.59378527504,-0.0
2025-10-16 19:00:00,-0.0,15873.654411947797,10750.960046052203
2025-10-16 20:00:00,-0.0,15873.654411947797,10017.397644052204
2025-10-16 21:00:00,-0.0,15873.654411947797,9183.940611052103
2025-10-16 22:00:00,-0.0,15873.654411947797,8149.029359052203
2025-10-16 23:00:00,-0.0,15873.654411947797,6804.284314052204
2025-10-17 00:00:00,-0.0,15873.654411947797,6042.268489052103
2025-10-17 01:00:00,-0.0,15873.654411947797,5104.301315052204
2025-10-17 02:00:00,-0.0,15873.654411947797,4792.850821052203
2025-10-17 03:00:00,-0.0,15873.654411947797,4636.969879052203
2025-10-17 04:00:00,-0.0,15873.654411947797,4353.617950052203
2025-10-17 05:00:00,-0.0,15873.654411947797,5390.509132052202
2025-10-17 06:00:00,55.9944230649873,15873.654411947797,7578.758149987116
2025-10-17 07:00:00,24630.5444619999,-0.0,-0.0
2025-10-17 08:00:00,25493.516882,-0.0,-0.0
2025-10-17 09:00:00,26938.0525969999,-0.0,-0.0
2025-10-17 10:00:00,27142.009616,-0.0,-0.0
2025-10-17 11:00:00,26390.175635,-0.0,-0.0
2025-10-17 12:00:00,25786.581714,-0.0,-0.0
2025-10-17 13:00:00,25224.42616,-0.0,-0.0
2025-10-17 14:00:00,24662.027937,-0.0,-0.0
2025-10-17 15:00:00,24424.999996,-0.0,-0.0
2025-10-17 16:00:00,24738.4035669999,-0.0,-0.0
2025-10-17 17:00:00,26195.522347,-0.0,-0.0
2025-10-17 18:00:00,5163.9301271043705,15873.654411947797,5747.2138259478315
2025-10-17 19:00:00,-0.0,15873.654411947797,10857.487591052204
2025-10-17 20:00:00,-0.0,15873.654411947797,9863.958413052203
2025-10-17 21:00:00,-0.0,15873.654411947797,9434.945156052205
2025-10-17 22:00:00,-0.0,15873.654411947797,8240.321861052204
2025-10-17 23:00:00,-0.0,15873.654411947797,7205.450325052205
2025-10-18 00:00:00,-0.0,15873.654411947797,6700.096979052205
2025-10-18 01:00:00,-0.0,15873.654411947797,5713.999055052203
2025-10-18 02:00:00,-0.0,15873.654411947797,4983.998466052204
2025-10-18 03:00:00,-0.0,15873.654411947797,4406.706994052203
2025-10-18 04:00:00,-0.0,15873.654411947797,4261.257646052205
2025-10-18 05:00:00,-0.0,15873.654411947797,4684.839696052202
2025-10-18 06:00:00,55.9944230649873,15873.654411947797,5421.229314987217
2025-10-18 07:00:00,22072.039277,-0.0,-0.0
2025-10-18 08:00:00,24416.494335,-0.0,-0.0
2025-10-18 09:00:00,25798.169315,-0.0,-0.0
2025-10-18 10:00:00,24789.510937,-0.0,-0.0
2025-10-18 11:00:00,24805.357352,-0.0,-0.0
2025-10-18 12:00:00,24518.218007,-0.0,-0.0
2025-10-18 13:00:00,24551.615549,-0.0,-0.0
2025-10-18 14:00:00,23495.707162,-0.0,-0.0
2025-10-18 15:00:00,23343.556116,-0.0,-0.0
2025-10-18 16:00:00,23924.1078649999,-0.0,-0.0
2025-10-18 17:00:00,25402.509556,-0.0,-0.0
2025-10-18 18:00:00,5163.9301271043705,15873.654411947797,5162.617694947833
2025-10-18 19:00:00,-0.0,15873.654411947797,10048.386954052205
2025-10-18 20:00:00,-0.0,15873.654411947797,9194.424028052103
2025-10-18 21:00:00,-0.0,15873.654411947797,8485.666509052202
2025-10-18 22:00:00,-0.0,15873.654411947797,7646.466823052202
2025-10-18 23:00:00,-0.0,15873.654411947797,6573.7771030522035
2025-10-19 00:00:00,-0.0,15873.654411947797,6221.197344052203
2025-10-19 01:00:00,-0.0,15873.654411947797,5221.749560052203
2025-10-19 02:00:00,-0.0,15873.654411947797,4410.862572052205
2025-10-19 03:00:00,-0.0,15873.654411947797,4093.676917052204
2025-10-19 04:00:00,-0.0,15873.654411947797,3833.279691052203
2025-10-19 05:00:00,-0.0,15873.654411947797,3934.9892840522025
2025-10-19 06:00:00,12.443205125552732,15873.654411947797,4474.97360692665
2025-10-19 07:00:00,20910.769064,-0.0,-0.0
2025-10-19 08:00:00,23200.871913,-0.0,-0.0
2025-10-19 09:00:00,24448.699269,-0.0,-0.0
2025-10-19 10:00:00,24234.721437,-0.0,-0.0
2025-10-19 11:00:00,24882.9807349999,-0.0,-0.0
2025-10-19 12:00:00,24823.033084,-0.0,-0.0
2025-10-19 13:00:00,22961.010655,-0.0,-0.0
2025-10-19 14:00:00,23228.965232,-0.0,-0.0
2025-10-19 15:00:00,23247.102005,-0.0,-0.0
2025-10-19 16:00:00,23815.332359,-0.0,-0.0
2025-10-19 17:00:00,26019.698685,-0.0,-0.0
2025-10-19 18:00:00,2762.3915378726642,15873.654411947797,8091.67450117954
2025-10-19 19:00:00,-0.0,15873.654411947797,10737.406939052204
2025-10-19 20:00:00,-0.0,15873.654411947797,9794.388648052203
2025-10-19 21:00:00,-0.0,15873.654411947797,9132.196931052202
2025-10-19 22:00:00,-0.0,15873.654411947797,7931.800211052103
2025-10-19 23:00:00,-0.0,15873.654411947797,6300.593554052202
2025-10-20 00:00:00,-0.0,15873.654411947797,6004.739574052202
2025-10-20 01:00:00,-0.0,15873.654411947797,5866.681325052205
2025-10-20 02:00:00,-0.0,15873.654411947797,5502.980846052202
2025-10-20 03:00:00,-0.0,15873.654411947797,5400.273873052205
2025-10-20 04:00:00,-0.0,15873.654411947797,4657.255307052203
2025-10-20 05:00:00,-0.0,15873.654411947797,5823.674037052204
2025-10-20 06:00:00,115.09964741132062,15873.654411947797,8106.307709640882
2025-10-20 07:00:00,25194.659737,-0.0,-0.0
2025-10-20 08:00:00,26740.226887,-0.0,-0.0
2025-10-20 09:00:00,28570.686701,-0.0,-0.0
2025-10-20 10:00:00,27990.73051,-0.0,-0.0
2025-10-20 11:00:00,27845.863782,-0.0,-0.0
2025-10-20 12:00:00,27123.021335,-0.0,-0.0
2025-10-20 13:00:00,25787.278687,-0.0,-0.0
2025-10-20 14:00:00,25132.785592,-0.0,-0.0
2025-10-20 15:00:00,25569.525584,-0.0,-0.0
2025-10-20 16:00:00,27141.6220039999,-0.0,-0.0
2025-10-20 17:00:00,28707.751535,-0.0,-0.0
2025-10-20 18:00:00,4740.861152835588,15873.654411947797,8396.903459216614
2025-10-20 19:00:00,15.554006406940918,15873.654411947797,12452.385546645262
2025-10-20 20:00:00,-0.0,15873.654411947797,11330.483447052202
2025-10-20 21:00:00,-0.0,15873.654411947797,10292.923047052203
2025-10-20 22:00:00,-0.0,15873.654411947797,9067.835306052204
2025-10-20 23:00:00,-0.0,15873.654411947797,7447.834445052204
2025-10-21 00:00:00,-0.0,15873.654411947797,6554.908911052202
2025-10-21 01:00:00,-0.0,15873.654411947797,6124.712723052204
2025-10-21 02:00:00,-0.0,15873.654411947797,5574.884047052203
2025-10-21 03:00:00,-0.0,15873.654411947797,5103.340931052202
2025-10-21 04:00:00,-0.0,15873.654411947797,5269.397650052202
2025-10-21 05:00:00,-0.0,15873.654411947797,6030.936553052203
2025-10-21 06:00:00,-0.0,15873.654411947797,8093.706076052202
2025-10-21 07:00:00,25122.288915,-0.0,-0.0
2025-10-21 08:00:00,27135.021538,-0.0,-0.0
2025-10-21 09:00:00,28292.460137,-0.0,-0.0
2025-10-21 10:00:00,27909.383329,-0.0,-0.0
2025-10-21 11:00:00,28413.906294,-0.0,-0.0
2025-10-21 12:00:00,26805.335032,-0.0,-0.0
2025-10-21 13:00:00,26445.129716,-0.0,-0.0
2025-10-21 14:00:00,26668.756112,-0.0,-0.0
2025-10-21 15:00:00,26855.202773,-0.0,-0.0
2025-10-21 16:00:00,26758.308558,-0.0,-0.0
2025-10-21 17:00:00,27439.993507,-0.0,-0.0
2025-10-21 18:00:00,1110.5560574555325,15873.654411947797,11220.38621159667
2025-10-21 19:00:00,-0.0,15873.654411947797,12303.423465052203
2025-10-21 20:00:00,-0.0,15873.654411947797,11173.791283052202
2025-10-21 21:00:00,-0.0,15873.654411947797,10552.724152052202
2025-10-21 22:00:00,-0.0,15873.654411947797,9159.852958052203
2025-10-21 23:00:00,-0.0,15873.654411947797,7495.048699052202
2025-10-22 00:00:00,-0.0,15873.654411947797,6650.232058052205
2025-10-22 01:00:00,-0.0,15873.654411947797,5739.335558052202
2025-10-22 02:00:00,-0.0,15873.654411947797,5792.509094052102
2025-10-22 03:00:00,-0.0,15873.654411947797,5877.834704052102
2025-10-22 04:00:00,-0.0,15873.654411947797,5547.838984052103
2025-10-22 05:00:00,-0.0,15873.654411947797,5896.7968140521025
2025-10-22 06:00:00,-0.0,15873.654411947797,8015.654673052102
2025-10-22 07:00:00,25459.261984,-0.0,-0.0
2025-10-22 08:00:00,26343.752973,-0.0,-0.0
2025-10-22 09:00:00,27437.454284,-0.0,-0.0
2025-10-22 10:00:00,27669.4381919999,-0.0,-0.0
2025-10-22 11:00:00,28357.810253,-0.0,-0.0
2025-10-22 12:00:00,27608.496654,-0.0,-0.0
2025-10-22 13:00:00,28274.7310862,-0.0,-0.0
2025-10-22 14:00:00,30124.058393,-0.0,-0.0
2025-10-22 15:00:00,29253.219804,-0.0,-0.0
2025-10-22 16:00:00,26379.4161785,-0.0,-0.0
2025-10-22 17:00:00,26509.430629,-0.0,-0.0
2025-10-22 18:00:00,3807.620768419119,15873.654411947797,7495.055126633084
2025-10-22 19:00:00,-0.0,15873.654411947797,11181.998193052203
2025-10-22 20:00:00,-0.0,15873.654411947797,10027.613178052203
2025-10-22 21:00:00,-0.0,15873.654411947797,9878.290036052202
2025-10-22 22:00:00,-0.0,15873.654411947797,8555.659157052103
2025-10-22 23:00:00,-0.0,15873.654411947797,7147.860491052203
2025-10-23 00:00:00,-0.0,15873.654411947797,6722.573580052203
2025-10-23 01:00:00,-0.0,15873.654411947797,6031.252379052205
2025-10-23 02:00:00,-0.0,15873.654411947797,5453.720275052203
2025-10-23 03:00:00,-0.0,15873.654411947797,4972.197521052205
2025-10-23 04:00:00,-0.0,15873.654411947797,5101.128928052205
2025-10-23 05:00:00,-0.0,15873.654411947797,6013.646697052203
2025-10-23 06:00:00,-0.0,15873.654411947797,8230.621184052203
2025-10-23 07:00:00,25030.9994119999,-0.0,-0.0
2025-10-23 08:00:00,26836.896742,-0.0,-0.0
2025-10-23 09:00:00,28540.607298,-0.0,-0.0
2025-10-23 10:00:00,27486.9004,-0.0,-0.0
2025-10-23 11:00:00,27268.3946049999,-0.0,-0.0
2025-10-23 12:00:00,26758.1224359999,-0.0,-0.0
2025-10-23 13:00:00,26828.866633,-0.0,-0.0
2025-10-23 14:00:00,26606.2391316,-0.0,-0.0
2025-10-23 15:00:00,26347.5654196999,-0.0,-0.0
2025-10-23 16:00:00,25436.3752719999,-0.0,-0.0
2025-10-23 17:00:00,26272.900816,-0.0,-0.0
2025-10-23 18:00:00,4068.9280760556726,15873.654411947797,6959.001194996532
2025-10-23 19:00:00,1091.8912497672015,15873.654411947797,9844.703780285003
2025-10-23 20:00:00,1318.979743308589,15873.654411947797,8631.405222743615
2025-10-23 21:00:00,304.85852557596525,15873.654411947797,9031.613424476238
2025-10-23 22:00:00,21.775608969717286,15873.654411947797,8116.284467082487
2025-10-23 23:00:00,-0.0,15873.654411947797,6687.815735052203
2025-10-24 00:00:00,-0.0,15873.654411947797,6141.272996052203
2025-10-24 01:00:00,-0.0,15873.654411947797,5269.888186052203
2025-10-24 02:00:00,-0.0,15873.654411947797,5138.739785052205
2025-10-24 03:00:00,-0.0,15873.654411947797,4788.145813052202
2025-10-24 04:00:00,-0.0,15873.654411947797,4730.558712052205
2025-10-24 05:00:00,-0.0,15873.654411947797,5564.129171052204
2025-10-24 06:00:00,43.55121793943457,15873.654411947797,7547.598529112768
2025-10-24 07:00:00,24769.024113,-0.0,-0.0
2025-10-24 08:00:00,26148.273039,-0.0,-0.0
2025-10-24 09:00:00,28027.829169,-0.0,-0.0
2025-10-24 10:00:00,27738.653081,-0.0,-0.0
2025-10-24 11:00:00,27098.393327,-0.0,-0.0
2025-10-24 12:00:00,26448.382976,-0.0,-0.0
2025-10-24 13:00:00,26712.436168,-0.0,-0.0
2025-10-24 14:00:00,26850.099549,-0.0,-0.0
2025-10-24 15:00:00,26767.0397162,-0.0,-0.0
2025-10-24 16:00:00,26071.773011,-0.0,-0.0
2025-10-24 17:00:00,26377.712191,-0.0,-0.0
2025-10-24 18:00:00,2684.621505837925,15873.654411947797,8925.991110214276
2025-10-24 19:00:00,-0.0,15873.654411947797,11405.530842872207
2025-10-24 20:00:00,-0.0,15873.654411947797,10029.633353052204
2025-10-24 21:00:00,-0.0,15873.654411947797,9641.735787052103
2025-10-24 22:00:00,-0.0,15873.654411947797,8592.994355052202
2025-10-24 23:00:00,-0.0,15873.654411947797,7069.182973052202
2025-10-25 00:00:00,-0.0,15873.654411947797,6400.529152052202
2025-10-25 01:00:00,-0.0,15873.654411947797,5674.860389052103
2025-10-25 02:00:00,-0.0,15873.654411947797,4852.318681052204
2025-10-25 03:00:00,-0.0,15873.654411947797,4478.804975052202
2025-10-25 04:00:00,-0.0,15873.654411947797,4180.6302450522035
2025-10-25 05:00:00,-0.0,15873.654411947797,4600.332067052203
2025-10-25 06:00:00,18.6648076883291,15873.654411947797,5200.498600363874
2025-10-25 07:00:00,22055.127015,-0.0,-0.0
2025-10-25 08:00:00,23995.533969,-0.0,-0.0
2025-10-25 09:00:00,26741.976622,-0.0,-0.0
2025-10-25 10:00:00,27080.6934799999,-0.0,-0.0
2025-10-25 11:00:00,26790.9258333,-0.0,-0.0
2025-10-25 12:00:00,27171.8740451,-0.0,-0.0
2025-10-25 13:00:00,26263.509303,-0.0,-0.0
2025-10-25 14:00:00,25498.8305882,-0.0,-0.0
2025-10-25 15:00:00,25472.6313567,-0.0,-0.0
2025-10-25 16:00:00,23551.502465,-0.0,-0.0
2025-10-25 17:00:00,24388.118879,-0.0,-0.0
2025-10-25 18:00:00,3907.1664094235243,15873.654411947797,5510.110638628679
2025-10-25 19:00:00,2519.7490379243613,15873.654411947797,6721.439454127843
2025-10-25 20:00:00,-0.0,15873.654411947797,8299.353402052102
2025-10-25 21:00:00,-0.0,15873.654411947797,7820.622325052203
2025-10-25 22:00:00,-0.0,15873.654411947797,6990.883075052205
2025-10-25 23:00:00,-0.0,15873.654411947797,6047.772213052203
2025-10-26 00:00:00,-0.0,15873.654411947797,5360.920569052205
2025-10-26 01:00:00,-0.0,15873.654411947797,4462.127467052202
2025-10-26 02:00:00,-0.0,15873.654411947797,3957.0157120522035
2025-10-26 03:00:00,-0.0,15873.654411947797,3441.3410350522045
2025-10-26 04:00:00,-0.0,15873.654411947797,3401.2237240522027
2025-10-26 05:00:00,-0.0,15873.654411947797,3372.035394052202
2025-10-26 06:00:00,-0.0,15873.654411947797,4182.583776052203
2025-10-26 07:00:00,20620.812512,-0.0,-0.0
2025-10-26 08:00:00,22807.000194,-0.0,-0.0
2025-10-26 09:00:00,24510.87500803,-0.0,-0.0
2025-10-26 10:00:00,24503.1066148,-0.0,-0.0
2025-10-26 11:00:00,25002.040723,-0.0,-0.0
2025-10-26 12:00:00,24781.9205945,-0.0,-0.0
2025-10-26 13:00:00,24624.93165793,-0.0,-0.0
2025-10-26 14:00:00,24481.73097821,-0.0,-0.0
2025-10-26 15:00:00,24008.73278195,-0.0,-0.0
2025-10-26 16:00:00,23020.3703034,-0.0,-0.0
2025-10-26 17:00:00,23946.6592629999,-0.0,-0.0
2025-10-26 18:00:00,927.0187818536382,15873.654411947797,8516.091912198564
2025-10-26 19:00:00,-0.0,15873.654411947797,9368.956964052204
2025-10-26 20:00:00,-0.0,15873.654411947797,8493.249267052202
2025-10-26 21:00:00,-0.0,15873.654411947797,8296.214292052204
2025-10-26 22:00:00,-0.0,15873.654411947797,7311.063204052205
2025-10-26 23:00:00,-0.0,15873.654411947797,6213.733099052204
2025-10-27 00:00:00,-0.0,15873.654411947797,5457.602081052204
2025-10-27 01:00:00,-0.0,15873.654411947797,4878.549489052204
2025-10-27 02:00:00,-0.0,15873.654411947797,4774.369948052203
2025-10-27 03:00:00,-0.0,15873.654411947797,5187.527800052203
2025-10-27 04:00:00,-0.0,15873.654411947797,4477.402382052203
2025-10-27 05:00:00,-0.0,15873.654411947797,5044.447202052203
2025-10-27 06:00:00,-0.0,15873.654411947797,7162.062105052204
2025-10-27 07:00:00,24408.1436459999,-0.0,-0.0
2025-10-27 08:00:00,26568.598632,-0.0,-0.0
2025-10-27 09:00:00,30006.910815,-0.0,-0.0
2025-10-27 10:00:00,29448.182449,-0.0,-0.0
2025-10-27 11:00:00,28397.315093,-0.0,-0.0
2025-10-27 12:00:00,27716.142325,-0.0,-0.0
2025-10-27 13:00:00,26191.039314,-0.0,-0.0
2025-10-27 14:00:00,26318.986434,-0.0,-0.0
2025-10-27 15:00:00,25974.41213,-0.0,-0.0
2025-10-27 16:00:00,24704.266759,-0.0,-0.0
2025-10-27 17:00:00,26252.236092,-0.0,-0.0
2025-10-27 18:00:00,973.6808010744656,15873.654411947797,10560.713437977738
2025-10-27 19:00:00,-0.0,15873.654411947797,11217.194623052203
2025-10-27 20:00:00,-0.0,15873.654411947797,10166.848998052204
2025-10-27 21:00:00,-0.0,15873.654411947797,9429.852340052103
2025-10-27 22:00:00,-0.0,15873.654411947797,8240.872199052103
2025-10-27 23:00:00,-0.0,15873.654411947797,6714.457082052204
2025-10-28 00:00:00,-0.0,15873.654411947797,6090.224456052203
2025-10-28 01:00:00,-0.0,15873.654411947797,5584.704831052202
2025-10-28 02:00:00,-0.0,15873.654411947797,5148.220939052202
2025-10-28 03:00:00,-0.0,15873.654411947797,5269.397390052103
2025-10-28 04:00:00,-0.0,15873.654411947797,5031.347281052202
2025-10-28 05:00:00,-0.0,15873.654411947797,5470.670727052204
2025-10-28 06:00:00,-0.0,15873.654411947797,7759.187352052204
2025-10-28 07:00:00,25131.828657,-0.0,-0.0
2025-10-28 08:00:00,26809.101275,-0.0,-0.0
2025-10-28 09:00:00,28675.082229,-0.0,-0.0
2025-10-28 10:00:00,28471.0782576,-0.0,-0.0
2025-10-28 11:00:00,27689.9377422,-0.0,-0.0
2025-10-28 12:00:00,27375.9978931999,-0.0,-0.0
2025-10-28 13:00:00,26829.0082373,-0.0,-0.0
2025-10-28 14:00:00,27251.3419196,-0.0,-0.0
2025-10-28 15:00:00,26978.69742321,-0.0,-0.0
2025-10-28 16:00:00,27234.0479859999,-0.0,-0.0
2025-10-28 17:00:00,28366.917231,-0.0,-0.0
2025-10-28 18:00:00,939.4619869792191,15873.654411947797,11810.782735072984
2025-10-28 19:00:00,-0.0,15873.654411947797,12288.836502052205
2025-10-28 20:00:00,-0.0,15873.654411947797,11307.848815052204
2025-10-28 21:00:00,-0.0,15873.654411947797,10287.060673052203
2025-10-28 22:00:00,-0.0,15873.654411947797,8952.329259052205
2025-10-28 23:00:00,-0.0,15873.654411947797,7263.205433052202
2025-10-29 00:00:00,-0.0,15873.654411947797,6580.945208052204
2025-10-29 01:00:00,-0.0,15873.654411947797,5637.483293052204
2025-10-29 02:00:00,-0.0,15873.654411947797,5531.051452052203
2025-10-29 03:00:00,-0.0,15873.654411947797,5381.023575052202
2025-10-29 04:00:00,-0.0,15873.654411947797,5555.549440052202
2025-10-29 05:00:00,-0.0,15873.654411947797,5756.289396052203
2025-10-29 06:00:00,-0.0,15873.654411947797,7940.943274052204
2025-10-29 07:00:00,25264.983588,-0.0,-0.0
2025-10-29 08:00:00,27415.693592,-0.0,-0.0
2025-10-29 09:00:00,28870.012698,-0.0,-0.0
2025-10-29 10:00:00,28453.107121,-0.0,-0.0
2025-10-29 11:00:00,28683.644694,-0.0,-0.0
2025-10-29 12:00:00,28219.649501,-0.0,-0.0
2025-10-29 13:00:00,27766.30612,-0.0,-0.0
2025-10-29 14:00:00,28402.762058,-0.0,-0.0
2025-10-29 15:00:00,28762.5532499999,-0.0,-0.0
2025-10-29 16:00:00,28666.462771,-0.0,-0.0
2025-10-29 17:00:00,30111.408042,-0.0,-0.0
2025-10-29 18:00:00,485.28499989652505,15873.654411947797,13990.88807815558
2025-10-29 19:00:00,-0.0,15873.654411947797,13165.290748052203
2025-10-29 20:00:00,-0.0,15873.654411947797,12020.596843052203
2025-10-29 21:00:00,-0.0,15873.654411947797,11017.454109052202
2025-10-29 22:00:00,-0.0,15873.654411947797,9548.371829052203
2025-10-29 23:00:00,-0.0,15873.654411947797,7751.430561052102
2025-10-30 00:00:00,-0.0,15873.654411947797,6768.770081052202
2025-10-30 01:00:00,-0.0,15873.654411947797,5626.452217052205
2025-10-30 02:00:00,-0.0,15873.654411947797,5183.215244052202
2025-10-30 03:00:00,-0.0,15873.654411947797,5101.867697052103
2025-10-30 04:00:00,-0.0,15873.654411947797,5007.710001052203
2025-10-30 05:00:00,-0.0,15873.654411947797,5546.116340052204
2025-10-30 06:00:00,-0.0,15873.654411947797,7524.822314052102
2025-10-30 07:00:00,24738.373775,-0.0,-0.0
2025-10-30 08:00:00,26661.5326949999,-0.0,-0.0
2025-10-30 09:00:00,29024.383645,-0.0,-0.0
2025-10-30 10:00:00,29480.095492,-0.0,-0.0
2025-10-30 11:00:00,28931.136529,-0.0,-0.0
2025-10-30 12:00:00,28338.3642239999,-0.0,-0.0
2025-10-30 13:00:00,28232.7236519999,-0.0,-0.0
2025-10-30 14:00:00,28726.10084,-0.0,-0.0
2025-10-30 15:00:00,28975.126642,-0.0,-0.0
2025-10-30 16:00:00,27741.8643906,-0.0,-0.0
2025-10-30 17:00:00,28402.052875,-0.0,-0.0
2025-10-30 18:00:00,2958.3720186001397,15873.654411947797,9899.970456452065
2025-10-30 19:00:00,566.1658332125992,15873.654411947797,11608.494107839504
2025-10-30 20:00:00,-0.0,15873.654411947797,11503.633574052203
2025-10-30 21:00:00,-0.0,15873.654411947797,10399.688520052203
2025-10-30 22:00:00,-0.0,15873.654411947797,9026.733927052102
2025-10-30 23:00:00,-0.0,15873.654411947797,7451.709828052202
2025-10-31 00:00:00,-0.0,15873.654411947797,6602.3647110522015
2025-10-31 01:00:00,-0.0,15873.654411947797,5738.5582910521025
2025-10-31 02:00:00,-0.0,15873.654411947797,5063.247088052203
2025-10-31 03:00:00,-0.0,15873.654411947797,4893.677569052203
2025-10-31 04:00:00,-0.0,15873.654411947797,4801.248003052204
2025-10-31 05:00:00,-0.0,15873.654411947797,5629.105360052103
2025-10-31 06:00:00,-0.0,15873.654411947797,7452.313933052103
2025-10-31 07:00:00,24702.949562,-0.0,-0.0
2025-10-31 08:00:00,26052.630849,-0.0,-0.0
2025-10-31 09:00:00,27244.624998,-0.0,-0.0
2025-10-31 10:00:00,27920.674019,-0.0,-0.0
2025-10-31 11:00:00,27760.225963,-0.0,-0.0
2025-10-31 12:00:00,27896.91969,-0.0,-0.0
2025-10-31 13:00:00,27756.111008,-0.0,-0.0
2025-10-31 14:00:00,28261.257454,-0.0,-0.0
2025-10-31 15:00:00,27804.269134,-0.0,-0.0
2025-10-31 16:00:00,26434.4399419999,-0.0,-0.0
2025-10-31 17:00:00,26968.375266,-0.0,-0.0
2025-10-31 18:00:00,2410.8709930757905,15873.654411947797,8816.109359976412
2025-10-31 19:00:00,-0.0,15873.654411947797,10051.424434052204
2025-10-31 20:00:00,-0.0,15873.654411947797,9187.941997052205
2025-10-31 21:00:00,-0.0,15873.654411947797,8877.530343052202
2025-10-31 22:00:00,-0.0,15873.654411947797,7886.417739052204
2025-10-31 23:00:00,-0.0,15873.654411947797,6764.4649840522015
2025-11-01 00:00:00,-0.0,15873.654411947797,6127.902492052204
2025-11-01 01:00:00,-0.0,15873.654411947797,5306.312221052203
2025-11-01 02:00:00,-0.0,15873.654411947797,4430.287890052203
2025-11-01 03:00:00,-0.0,15873.654411947797,4217.887311052202
2025-11-01 04:00:00,-0.0,15873.654411947797,3842.960717052103
2025-11-01 05:00:00,-0.0,15873.654411947797,4275.1179700522025
2025-11-01 06:00:00,-0.0,15873.654411947797,4983.519071052202
2025-11-01 07:00:00,21544.061919,-0.0,-0.0
2025-11-01 08:00:00,23152.606644,-0.0,-0.0
2025-11-01 09:00:00,25430.899081,-0.0,-0.0
2025-11-01 10:00:00,24598.039005,-0.0,-0.0
2025-11-01 11:00:00,23311.0670461,-0.0,-0.0
2025-11-01 12:00:00,22806.9180513,-0.0,-0.0
2025-11-01 13:00:00,23275.7913278,-0.0,-0.0
2025-11-01 14:00:00,24753.803236,-0.0,-0.0
2025-11-01 15:00:00,25209.4254789999,-0.0,-0.0
2025-11-01 16:00:00,24053.291363,-0.0,-0.0
2025-11-01 17:00:00,25017.134429,-0.0,-0.0
2025-11-01 18:00:00,1857.1483649886918,15873.654411947797,8190.131617063413
2025-11-01 19:00:00,-0.0,15873.654411947797,9292.058155052202
2025-11-01 20:00:00,-0.0,15873.654411947797,8385.290214052102
2025-11-01 21:00:00,-0.0,15873.654411947797,7882.310933052204
2025-11-01 22:00:00,-0.0,15873.654411947797,7083.628822052202
2025-11-01 23:00:00,-0.0,15873.654411947797,6074.070373052202
2025-11-02 00:00:00,-0.0,15873.654411947797,5412.553653052202
2025-11-02 01:00:00,-0.0,15873.654411947797,4656.248291052203
2025-11-02 02:00:00,-0.0,15873.654411947797,3628.146252052202
2025-11-02 03:00:00,-0.0,15873.654411947797,3134.722078052202
2025-11-02 04:00:00,-0.0,15873.654411947797,3047.508561052202
2025-11-02 05:00:00,-0.0,15873.654411947797,3263.7092560521032
2025-11-02 06:00:00,19879.303474,-0.0,-0.0
2025-11-02 07:00:00,21529.409415,-0.0,-0.0
2025-11-02 08:00:00,24693.240489,-0.0,-0.0
2025-11-02 09:00:00,25148.760819,-0.0,-0.0
2025-11-02 10:00:00,25030.525388,-0.0,-0.0
2025-11-02 11:00:00,24391.065338,-0.0,-0.0
2025-11-02 12:00:00,23301.5247154,-0.0,-0.0
2025-11-02 13:00:00,23258.4047872,-0.0,-0.0
2025-11-02 14:00:00,23032.8201765,-0.0,-0.0
2025-11-02 15:00:00,23079.385496,-0.0,-0.0
2025-11-02 16:00:00,24921.521511,-0.0,-0.0
2025-11-02 17:00:00,317.30173070154615,15873.654411947797,9941.364041350658
2025-11-02 18:00:00,111.9888461299052,15873.654411947797,9743.138394922296
2025-11-02 19:00:00,323.5233332642962,15873.654411947797,8744.399825787807
2025-11-02 20:00:00,357.7421473596236,15873.654411947797,8052.022517692579
2025-11-02 21:00:00,395.07176273628556,15873.654411947797,7344.735286315917
2025-11-02 22:00:00,-0.0,15873.654411947797,6439.504827052204
2025-11-02 23:00:00,-0.0,15873.654411947797,5363.746681052204
2025-11-03 00:00:00,-0.0,15873.654411947797,5033.084977052202
2025-11-03 01:00:00,-0.0,15873.654411947797,4016.729463052203
2025-11-03 02:00:00,-0.0,15873.654411947797,4144.213888052202
2025-11-03 03:00:00,-0.0,15873.654411947797,3650.573568052203
2025-11-03 04:00:00,-0.0,15873.654411947797,3723.3898550521026
2025-11-03 05:00:00,-0.0,15873.654411947797,5048.787936052204
2025-11-03 06:00:00,22863.861138,-0.0,-0.0
2025-11-03 07:00:00,24510.364043,-0.0,-0.0
2025-11-03 08:00:00,27048.4920509999,-0.0,-0.0
2025-11-03 09:00:00,27019.148689,-0.0,-0.0
2025-11-03 10:00:00,26629.6414822,-0.0,-0.0
2025-11-03 11:00:00,26688.879718,-0.0,-0.0
2025-11-03 12:00:00,27144.719777,-0.0,-0.0
2025-11-03 13:00:00,27339.415946,-0.0,-0.0
2025-11-03 14:00:00,27398.5955089,-0.0,-0.0
2025-11-03 15:00:00,26214.490877,-0.0,-0.0
2025-11-03 16:00:00,27012.6622069999,-0.0,-0.0
2025-11-03 17:00:00,2886.823589128231,15873.654411947797,9270.302084923971
2025-11-03 18:00:00,-0.0,15873.654411947797,11561.006658052202
2025-11-03 19:00:00,-0.0,15873.654411947797,10535.867234052204
2025-11-03 20:00:00,-0.0,15873.654411947797,9560.300513052201
2025-11-03 21:00:00,-0.0,15873.654411947797,8898.105028052205
2025-11-03 22:00:00,-0.0,15873.654411947797,7564.168255052204
2025-11-03 23:00:00,-0.0,15873.654411947797,6322.179398052203
2025-11-04 00:00:00,-0.0,15873.654411947797,5884.274337052202
2025-11-04 01:00:00,-0.0,15873.654411947797,5125.286335052204
2025-11-04 02:00:00,-0.0,15873.654411947797,5161.828446052203
2025-11-04 03:00:00,-0.0,15873.654411947797,4584.447123052205
2025-11-04 04:00:00,-0.0,15873.654411947797,4622.9424520522025
2025-11-04 05:00:00,-0.0,15873.654411947797,5793.432443052103
2025-11-04 06:00:00,23620.980571,-0.0,-0.0
2025-11-04 07:00:00,25195.53596,-0.0,-0.0
2025-11-04 08:00:00,27369.166,-0.0,-0.0
2025-11-04 09:00:00,27472.531326,-0.0,-0.0
2025-11-04 10:00:00,27100.774168,-0.0,-0.0
2025-11-04 11:00:00,26853.548044,-0.0,-0.0
2025-11-04 12:00:00,27422.9082409999,-0.0,-0.0
2025-11-04 13:00:00,27142.066934,-0.0,-0.0
2025-11-04 14:00:00,26346.242302,-0.0,-0.0
2025-11-04 15:00:00,25907.116286,-0.0,-0.0
2025-11-04 16:00:00,27032.816077,-0.0,-0.0
2025-11-04 17:00:00,1835.3727560190262,15873.654411947797,10524.449331033178
2025-11-04 18:00:00,1791.8215380795334,15873.654411947797,10152.03874497257
2025-11-04 19:00:00,1931.8075957420158,15873.654411947797,8720.387409310088
2025-11-04 20:00:00,2006.4668264953398,15873.654411947797,7673.749220556865
2025-11-04 21:00:00,1661.1678842612162,15873.654411947797,7406.168154790887
2025-11-04 22:00:00,435.5121793942822,15873.654411947797,7250.69091765782
2025-11-04 23:00:00,-0.0,15873.654411947797,6414.850488052203
2025-11-05 00:00:00,-0.0,15873.654411947797,5850.5086350522015
2025-11-05 01:00:00,-0.0,15873.654411947797,5150.021356052204
2025-11-05 02:00:00,-0.0,15873.654411947797,4521.6348200522025
2025-11-05 03:00:00,-0.0,15873.654411947797,4488.084016052204
2025-11-05 04:00:00,-0.0,15873.654411947797,4507.471753052205
2025-11-05 05:00:00,-0.0,15873.654411947797,5708.121554052204
2025-11-05 06:00:00,23415.781122,-0.0,-0.0
2025-11-05 07:00:00,26046.936788,-0.0,-0.0
2025-11-05 08:00:00,28443.256327,-0.0,-0.0
2025-11-05 09:00:00,28318.464337,-0.0,-0.0
2025-11-05 10:00:00,28302.598797,-0.0,-0.0
2025-11-05 11:00:00,28588.381401,-0.0,-0.0
2025-11-05 12:00:00,28254.165801,-0.0,-0.0
2025-11-05 13:00:00,27937.227046,-0.0,-0.0
2025-11-05 14:00:00,27190.94618,-0.0,-0.0
2025-11-05 15:00:00,25721.3158029999,-0.0,-0.0
2025-11-05 16:00:00,26355.077861,-0.0,-0.0
2025-11-05 17:00:00,-0.0,15873.654411947797,11425.957251052203
2025-11-05 18:00:00,-0.0,15873.654411947797,11043.890555052103
2025-11-05 19:00:00,-0.0,15873.654411947797,10509.539794052203
2025-11-05 20:00:00,-0.0,15873.654411947797,9869.381473052204
2025-11-05 21:00:00,-0.0,15873.654411947797,9343.930540052204
2025-11-05 22:00:00,-0.0,15873.654411947797,7977.463065052203
2025-11-05 23:00:00,-0.0,15873.654411947797,6726.509623052205
2025-11-06 00:00:00,-0.0,15873.654411947797,6268.523716052203
2025-11-06 01:00:00,-0.0,15873.654411947797,5375.717208052205
2025-11-06 02:00:00,-0.0,15873.654411947797,5205.291901052204
2025-11-06 03:00:00,-0.0,15873.654411947797,4978.084255052103
2025-11-06 04:00:00,-0.0,15873.654411947797,4886.304681052205
2025-11-06 05:00:00,-0.0,15873.654411947797,6029.397325052205
2025-11-06 06:00:00,23660.782423,-0.0,-0.0
2025-11-06 07:00:00,25458.212336,-0.0,-0.0
2025-11-06 08:00:00,28596.253594,-0.0,-0.0
2025-11-06 09:00:00,29548.655797,-0.0,-0.0
2025-11-06 10:00:00,28282.2002,-0.0,-0.0
2025-11-06 11:00:00,27073.2763311,-0.0,-0.0
2025-11-06 12:00:00,26871.0676958,-0.0,-0.0
2025-11-06 13:00:00,27428.4772632,-0.0,-0.0
2025-11-06 14:00:00,26966.4744279,-0.0,-0.0
2025-11-06 15:00:00,25874.4735099,-0.0,-0.0
2025-11-06 16:00:00,26344.857471,-0.0,-0.0
2025-11-06 17:00:00,625.2710575590075,15873.654411947797,11074.553028493196
2025-11-06 18:00:00,472.8417947709442,15873.654411947797,10612.962554281261
2025-11-06 19:00:00,-0.0,15873.654411947797,10592.301662052205
2025-11-06 20:00:00,-0.0,15873.654411947797,9892.750415052202
2025-11-06 21:00:00,-0.0,15873.654411947797,9021.677152052203
2025-11-06 22:00:00,-0.0,15873.654411947797,8226.030693052204
2025-11-06 23:00:00,-0.0,15873.654411947797,7236.775570052205
2025-11-07 00:00:00,-0.0,15873.654411947797,6339.564631052204
2025-11-07 01:00:00,-0.0,15873.654411947797,5807.828085052204
2025-11-07 02:00:00,-0.0,15873.654411947797,5302.859766052205
2025-11-07 03:00:00,-0.0,15873.654411947797,5302.257209052203
2025-11-07 04:00:00,-0.0,15873.654411947797,4798.859853052103
2025-11-07 05:00:00,-0.0,15873.654411947797,5943.071663052202
2025-11-07 06:00:00,23450.463949,-0.0,-0.0
2025-11-07 07:00:00,25285.251703,-0.0,-0.0
2025-11-07 08:00:00,27825.888533,-0.0,-0.0
2025-11-07 09:00:00,28041.552516,-0.0,-0.0
2025-11-07 10:00:00,27187.407709,-0.0,-0.0
2025-11-07 11:00:00,27165.697923,-0.0,-0.0
2025-11-07 12:00:00,28087.737965,-0.0,-0.0
2025-11-07 13:00:00,29120.045402,-0.0,-0.0
2025-11-07 14:00:00,29214.248709,-0.0,-0.0
2025-11-07 15:00:00,26957.022885,-0.0,-0.0
2025-11-07 16:00:00,26999.3146819999,-0.0,-0.0
2025-11-07 17:00:00,451.06618580127855,15873.654411947797,11399.375213250923
2025-11-07 18:00:00,-0.0,15873.654411947797,11170.098827052205
2025-11-07 19:00:00,-0.0,15873.654411947797,10242.348174052202
2025-11-07 20:00:00,-0.0,15873.654411947797,9377.484809052103
2025-11-07 21:00:00,-0.0,15873.654411947797,8797.387982052203
2025-11-07 22:00:00,-0.0,15873.654411947797,7788.928413052103
2025-11-07 23:00:00,-0.0,15873.654411947797,6690.811443052202
2025-11-08 00:00:00,-0.0,15873.654411947797,6460.061810052202
2025-11-08 01:00:00,-0.0,15873.654411947797,5626.074093052202
2025-11-08 02:00:00,-0.0,15873.654411947797,4826.526653052204
2025-11-08 03:00:00,-0.0,15873.654411947797,4577.505947052205
2025-11-08 04:00:00,-0.0,15873.654411947797,4731.812421052202
2025-11-08 05:00:00,-0.0,15873.654411947797,4994.044566052204
2025-11-08 06:00:00,21720.071016,-0.0,-0.0
2025-11-08 07:00:00,22549.91298,-0.0,-0.0
2025-11-08 08:00:00,24295.4719879999,-0.0,-0.0
2025-11-08 09:00:00,25549.8707075,-0.0,-0.0
2025-11-08 10:00:00,25034.3021738,-0.0,-0.0
2025-11-08 11:00:00,24684.2327205,-0.0,-0.0
2025-11-08 12:00:00,25008.30722376,-0.0,-0.0
2025-11-08 13:00:00,25950.5335291999,-0.0,-0.0
2025-11-08 14:00:00,25538.3609906,-0.0,-0.0
2025-11-08 15:00:00,24626.08526,-0.0,-0.0
2025-11-08 16:00:00,25377.2859929999,-0.0,-0.0
2025-11-08 17:00:00,-0.0,15873.654411947797,10509.425210052103
2025-11-08 18:00:00,-0.0,15873.654411947797,9919.421565052204
2025-11-08 19:00:00,-0.0,15873.654411947797,9167.997268052202
2025-11-08 20:00:00,-0.0,15873.654411947797,8330.569218052204
2025-11-08 21:00:00,-0.0,15873.654411947797,7855.536036052103
2025-11-08 22:00:00,-0.0,15873.654411947797,6963.628738052203
2025-11-08 23:00:00,-0.0,15873.654411947797,6093.2078220522035
2025-11-09 00:00:00,-0.0,15873.654411947797,5469.8819460522045
2025-11-09 01:00:00,-0.0,15873.654411947797,4701.178566052202
2025-11-09 02:00:00,-0.0,15873.654411947797,4098.2051540522025
2025-11-09 03:00:00,-0.0,15873.654411947797,3628.1085920522037
2025-11-09 04:00:00,-0.0,15873.654411947797,3582.966208052205
2025-11-09 05:00:00,-0.0,15873.654411947797,3702.7882000522022
2025-11-09 06:00:00,20203.152665,-0.0,-0.0
2025-11-09 07:00:00,21195.056102,-0.0,-0.0
2025-11-09 08:00:00,23336.6720538,-0.0,-0.0
2025-11-09 09:00:00,24835.2842306,-0.0,-0.0
2025-11-09 10:00:00,24226.8863376999,-0.0,-0.0
2025-11-09 11:00:00,24190.3018498,-0.0,-0.0
2025-11-09 12:00:00,24960.9716843,-0.0,-0.0
2025-11-09 13:00:00,25014.378438407,-0.0,-0.0
2025-11-09 14:00:00,25325.8440517,-0.0,-0.0
2025-11-09 15:00:00,25335.20397,-0.0,-0.0
2025-11-09 16:00:00,26195.508049,-0.0,-0.0
2025-11-09 17:00:00,-0.0,15873.654411947797,11068.057010052204
2025-11-09 18:00:00,-0.0,15873.654411947797,10546.127435052202
2025-11-09 19:00:00,-0.0,15873.654411947797,9790.059969052205
2025-11-09 20:00:00,-0.0,15873.654411947797,9197.916311052204
2025-11-09 21:00:00,-0.0,15873.654411947797,8343.283210052205
2025-11-09 22:00:00,-0.0,15873.654411947797,7166.761994052204
2025-11-09 23:00:00,-0.0,15873.654411947797,5892.3616570522045
2025-11-10 00:00:00,-0.0,15873.654411947797,5474.676993052204
2025-11-10 01:00:00,-0.0,15873.654411947797,4715.630560052205
2025-11-10 02:00:00,-0.0,15873.654411947797,4360.579600052204
2025-11-10 03:00:00,-0.0,15873.654411947797,4260.586262052204
2025-11-10 04:00:00,-0.0,15873.654411947797,4439.113537052204
2025-11-10 05:00:00,-0.0,15873.654411947797,5533.057555052203
2025-11-10 06:00:00,22919.8772939999,-0.0,-0.0
2025-11-10 07:00:00,25404.46279,-0.0,-0.0
2025-11-10 08:00:00,28825.679769,-0.0,-0.0
2025-11-10 09:00:00,29413.433755,-0.0,-0.0
2025-11-10 10:00:00,29029.127321,-0.0,-0.0
2025-11-10 11:00:00,28100.116973,-0.0,-0.0
2025-11-10 12:00:00,28271.038417,-0.0,-0.0
2025-11-10 13:00:00,28340.473678,-0.0,-0.0
2025-11-10 14:00:00,29090.322962,-0.0,-0.0
2025-11-10 15:00:00,29043.2678509999,-0.0,-0.0
2025-11-10 16:00:00,29405.485795,-0.0,-0.0
2025-11-10 17:00:00,-0.0,15873.654411947797,13736.249236052203
2025-11-10 18:00:00,-0.0,15873.654411947797,12780.932153052103
2025-11-10 19:00:00,-0.0,15873.654411947797,11710.607032052203
2025-11-10 20:00:00,-0.0,15873.654411947797,10994.332123052203
2025-11-10 21:00:00,-0.0,15873.654411947797,10167.164554052202
2025-11-10 22:00:00,-0.0,15873.654411947797,8850.173893052202
2025-11-10 23:00:00,-0.0,15873.654411947797,7267.239567052204
2025-11-11 00:00:00,-0.0,15873.654411947797,6500.200728052203
2025-11-11 01:00:00,-0.0,15873.654411947797,5471.350389052202
2025-11-11 02:00:00,-0.0,15873.654411947797,5003.663842052103
2025-11-11 03:00:00,-0.0,15873.654411947797,4602.573128052203
2025-11-11 04:00:00,-0.0,15873.654411947797,4701.966044052204
2025-11-11 05:00:00,-0.0,15873.654411947797,5575.091361052202
2025-11-11 06:00:00,22919.122329,-0.0,-0.0
2025-11-11 07:00:00,25663.8925629999,-0.0,-0.0
2025-11-11 08:00:00,28070.914555,-0.0,-0.0
2025-11-11 09:00:00,28534.962966,-0.0,-0.0
2025-11-11 10:00:00,28531.071131,-0.0,-0.0
2025-11-11 11:00:00,28358.407745,-0.0,-0.0
2025-11-11 12:00:00,27443.518234,-0.0,-0.0
2025-11-11 13:00:00,27168.521784,-0.0,-0.0
2025-11-11 14:00:00,27328.685293,-0.0,-0.0
2025-11-11 15:00:00,26786.710721,-0.0,-0.0
2025-11-11 16:00:00,24553.554513996918,2819.3232180030827,-0.0
2025-11-11 17:00:00,-0.0,15873.654411947797,12413.463562052204
2025-11-11 18:00:00,-0.0,15873.654411947797,11835.343058052202
2025-11-11 19:00:00,-0.0,15873.654411947797,11323.870429052202
2025-11-11 20:00:00,-0.0,15873.654411947797,10508.097747052203
2025-11-11 21:00:00,-0.0,15873.654411947797,9678.876178052202
2025-11-11 22:00:00,-0.0,15873.654411947797,8360.044946052205
2025-11-11 23:00:00,-0.0,15873.654411947797,7005.164416052203
2025-11-12 00:00:00,-0.0,15873.654411947797,6425.732938052102
2025-11-12 01:00:00,-0.0,15873.654411947797,5876.393679052204
2025-11-12 02:00:00,-0.0,15873.654411947797,5599.6581560522045
2025-11-12 03:00:00,-0.0,15873.654411947797,5388.274287052203
2025-11-12 04:00:00,-0.0,15873.654411947797,5057.558848052204
2025-11-12 05:00:00,-0.0,15873.654411947797,6060.793029052204
2025-11-12 06:00:00,10862.918074607507,12647.505227392492,-0.0
2025-11-12 07:00:00,24863.005621,-0.0,-0.0
2025-11-12 08:00:00,26638.750694,-0.0,-0.0
2025-11-12 09:00:00,27224.651595,-0.0,-0.0
2025-11-12 10:00:00,27711.536704,-0.0,-0.0
2025-11-12 11:00:00,28810.0564429999,-0.0,-0.0
2025-11-12 12:00:00,29033.526689,-0.0,-0.0
2025-11-12 13:00:00,28056.051986,-0.0,-0.0
2025-11-12 14:00:00,27135.852534,-0.0,-0.0
2025-11-12 15:00:00,26954.567732,-0.0,-0.0
2025-11-12 16:00:00,20391.302399499513,6962.398426500487,-0.0
2025-11-12 17:00:00,3.110801281388183,15873.654411947797,12498.833483770715
2025-11-12 18:00:00,3.110801281388183,15873.654411947797,11656.819147770817
2025-11-12 19:00:00,-0.0,15873.654411947797,11084.643266052202
2025-11-12 20:00:00,-0.0,15873.654411947797,9994.095074052102
2025-11-12 21:00:00,-0.0,15873.654411947797,9264.479646052203
2025-11-12 22:00:00,-0.0,15873.654411947797,8201.659404052103
2025-11-12 23:00:00,-0.0,15873.654411947797,6997.170966052205
2025-11-13 00:00:00,-0.0,15873.654411947797,5855.262514052205
2025-11-13 01:00:00,-0.0,15873.654411947797,5209.741833052203
2025-11-13 02:00:00,-0.0,15873.654411947797,4561.882266052204
2025-11-13 03:00:00,-0.0,15873.654411947797,4431.1111490522035
2025-11-13 04:00:00,-0.0,15873.654411947797,4501.153143052203
2025-11-13 05:00:00,-0.0,15873.654411947797,5410.132513052204
2025-11-13 06:00:00,12595.634388340712,10296.168139659288,-0.0
2025-11-13 07:00:00,24910.694657,-0.0,-0.0
2025-11-13 08:00:00,28515.4756209999,-0.0,-0.0
2025-11-13 09:00:00,30023.096051,-0.0,-0.0
2025-11-13 10:00:00,29771.147493,-0.0,-0.0
2025-11-13 11:00:00,29748.635657,-0.0,-0.0
2025-11-13 12:00:00,28956.226053,-0.0,-0.0
2025-11-13 13:00:00,27852.236922,-0.0,-0.0
2025-11-13 14:00:00,26800.815215,-0.0,-0.0
2025-11-13 15:00:00,26620.797315,-0.0,-0.0
2025-11-13 16:00:00,26509.793451,-0.0,-0.0
2025-11-13 17:00:00,-0.0,15873.654411947797,11368.135858052205
2025-11-13 18:00:00,-0.0,15873.654411947797,10891.472527052205
2025-11-13 19:00:00,-0.0,15873.654411947797,10215.642635052203
2025-11-13 20:00:00,-0.0,15873.654411947797,9754.641720052203
2025-11-13 21:00:00,-0.0,15873.654411947797,9093.509875052203
2025-11-13 22:00:00,-0.0,15873.654411947797,7876.472863052202
2025-11-13 23:00:00,-0.0,15873.654411947797,6560.370902052202
2025-11-14 00:00:00,-0.0,15873.654411947797,6704.917859052204
2025-11-14 01:00:00,-0.0,15873.654411947797,6254.842759052202
2025-11-14 02:00:00,-0.0,15873.654411947797,6206.315755052203
2025-11-14 03:00:00,-0.0,15873.654411947797,5728.2803210522015
2025-11-14 04:00:00,-0.0,15873.654411947797,5239.655045052203
2025-11-14 05:00:00,-0.0,15873.654411947797,6223.791261052202
2025-11-14 06:00:00,10287.419837550662,12518.602055449237,-0.0
2025-11-14 07:00:00,24356.631013,-0.0,-0.0
2025-11-14 08:00:00,25257.155195,-0.0,-0.0
2025-11-14 09:00:00,25791.171774,-0.0,-0.0
2025-11-14 10:00:00,26472.327092,-0.0,-0.0
2025-11-14 11:00:00,26703.0482549999,-0.0,-0.0
2025-11-14 12:00:00,26927.180172,-0.0,-0.0
2025-11-14 13:00:00,26879.189813,-0.0,-0.0
2025-11-14 14:00:00,25782.854904,-0.0,-0.0
2025-11-14 15:00:00,25287.7855099999,-0.0,-0.0
2025-11-14 16:00:00,12950.265734419005,12266.279028580895,-0.0
2025-11-14 17:00:00,-0.0,15873.654411947797,10426.830952052203
2025-11-14 18:00:00,-0.0,15873.654411947797,9846.847473052103
2025-11-14 19:00:00,-0.0,15873.654411947797,9846.551593052203
2025-11-14 20:00:00,-0.0,15873.654411947797,9425.851525052103
2025-11-14 21:00:00,-0.0,15873.654411947797,8539.532097052203
2025-11-14 22:00:00,-0.0,15873.654411947797,7459.813090052203
2025-11-14 23:00:00,-0.0,15873.654411947797,6591.057614052204
2025-11-15 00:00:00,-0.0,15873.654411947797,6323.698925052204
2025-11-15 01:00:00,-0.0,15873.654411947797,5900.221283052202
2025-11-15 02:00:00,-0.0,15873.654411947797,5928.605995052205
2025-11-15 03:00:00,-0.0,15873.654411947797,5953.7733740522035
2025-11-15 04:00:00,-0.0,15873.654411947797,5641.225482052103
2025-11-15 05:00:00,-0.0,15873.654411947797,5207.574912052203
2025-11-15 06:00:00,2970.81522372564,15873.654411947797,2469.870874326565
2025-11-15 07:00:00,21696.478657,-0.0,-0.0
2025-11-15 08:00:00,22707.01948,-0.0,-0.0
2025-11-15 09:00:00,23249.2412889999,-0.0,-0.0
2025-11-15 10:00:00,23422.266765,-0.0,-0.0
2025-11-15 11:00:00,23238.7958689999,-0.0,-0.0
2025-11-15 12:00:00,23186.457271,-0.0,-0.0
2025-11-15 13:00:00,23241.2322169999,-0.0,-0.0
2025-11-15 14:00:00,23270.5496519999,-0.0,-0.0
2025-11-15 15:00:00,23561.119691,-0.0,-0.0
2025-11-15 16:00:00,4625.761505424187,15873.654411947797,3829.6057506280176
2025-11-15 17:00:00,-0.0,15873.654411947797,8791.111521052202
2025-11-15 18:00:00,-0.0,15873.654411947797,8447.666723052202
2025-11-15 19:00:00,-0.0,15873.654411947797,7941.946825052202
2025-11-15 20:00:00,-0.0,15873.654411947797,7585.799602052202
2025-11-15 21:00:00,-0.0,15873.654411947797,7122.473000052205
2025-11-15 22:00:00,-0.0,15873.654411947797,6835.439507052202
2025-11-15 23:00:00,-0.0,15873.654411947797,5698.108522052202
2025-11-16 00:00:00,-0.0,15873.654411947797,5058.931866052202
2025-11-16 01:00:00,-0.0,15873.654411947797,4097.060540052202
2025-11-16 02:00:00,-0.0,15873.654411947797,3491.8078800522035
2025-11-16 03:00:00,-0.0,15873.654411947797,3110.5300360522033
2025-11-16 04:00:00,-0.0,15873.654411947797,2990.696239052204
2025-11-16 05:00:00,-0.0,15873.654411947797,3276.4151540522016
2025-11-16 06:00:00,8010.313299574523,11527.655102425477,-0.0
2025-11-16 07:00:00,20467.681652,-0.0,-0.0
2025-11-16 08:00:00,22473.544447,-0.0,-0.0
2025-11-16 09:00:00,23277.017375,-0.0,-0.0
2025-11-16 10:00:00,25064.8345119999,-0.0,-0.0
2025-11-16 11:00:00,25336.388411,-0.0,-0.0
2025-11-16 12:00:00,25230.155195,-0.0,-0.0
2025-11-16 13:00:00,24584.228499,-0.0,-0.0
2025-11-16 14:00:00,24325.69126,-0.0,-0.0
2025-11-16 15:00:00,22969.558256,-0.0,-0.0
2025-11-16 16:00:00,21156.559514721,2241.137899278998,-0.0
2025-11-16 17:00:00,-0.0,15873.654411947797,8887.719286052203
2025-11-16 18:00:00,-0.0,15873.654411947797,8670.609807052204
2025-11-16 19:00:00,-0.0,15873.654411947797,8279.095343052204
2025-11-16 20:00:00,-0.0,15873.654411947797,7785.404454052203
2025-11-16 21:00:00,-0.0,15873.654411947797,7190.468186052205
2025-11-16 22:00:00,-0.0,15873.654411947797,6084.167544052203
2025-11-16 23:00:00,-0.0,15873.654411947797,5327.621385052202
2025-11-17 00:00:00,-0.0,15873.654411947797,6116.212870052203
2025-11-17 01:00:00,-0.0,15873.654411947797,5975.8606010522035
2025-11-17 02:00:00,-0.0,15873.654411947797,5167.614467052203
2025-11-17 03:00:00,-0.0,15873.654411947797,4767.274745052202
2025-11-17 04:00:00,-0.0,15873.654411947797,4687.321894052204
2025-11-17 05:00:00,-0.0,15873.654411947797,5259.875107052203
2025-11-17 06:00:00,10766.483234884437,11808.221499115562,-0.0
2025-11-17 07:00:00,24245.425944,-0.0,-0.0
2025-11-17 08:00:00,26421.432256,-0.0,-0.0
2025-11-17 09:00:00,26884.527564,-0.0,-0.0
2025-11-17 10:00:00,26479.873963,-0.0,-0.0
2025-11-17 11:00:00,26303.123085,-0.0,-0.0
2025-11-17 12:00:00,26684.324683,-0.0,-0.0
2025-11-17 13:00:00,25599.79262,-0.0,-0.0
2025-11-17 14:00:00,24859.38177,-0.0,-0.0
2025-11-17 15:00:00,25311.7892599999,-0.0,-0.0
2025-11-17 16:00:00,11248.657433499628,14475.713644500373,-0.0
2025-11-17 17:00:00,-0.0,15873.654411947797,11147.186910052204
2025-11-17 18:00:00,-0.0,15873.654411947797,10900.173335052203
2025-11-17 19:00:00,-0.0,15873.654411947797,10191.245688052202
2025-11-17 20:00:00,-0.0,15873.654411947797,9552.572490052202
2025-11-17 21:00:00,-0.0,15873.654411947797,8854.028295052203
2025-11-17 22:00:00,-0.0,15873.654411947797,7787.330418052205
2025-11-17 23:00:00,-0.0,15873.654411947797,6658.875791052202
2025-11-18 00:00:00,-0.0,15873.654411947797,5553.554690052204
2025-11-18 01:00:00,-0.0,15873.654411947797,4663.407240052204
2025-11-18 02:00:00,-0.0,15873.654411947797,4747.240858052204
2025-11-18 03:00:00,-0.0,15873.654411947797,4487.588712052204
2025-11-18 04:00:00,-0.0,15873.654411947797,4238.465157052202
2025-11-18 05:00:00,-0.0,15873.654411947797,5410.391032052203
2025-11-18 06:00:00,2833.939967344573,15873.654411947797,4708.053212707631
2025-11-18 07:00:00,24117.205568,-0.0,-0.0
2025-11-18 08:00:00,24140.034095,-0.0,-0.0
2025-11-18 09:00:00,25707.474149,-0.0,-0.0
2025-11-18 10:00:00,26166.7637689999,-0.0,-0.0
2025-11-18 11:00:00,25785.278634,-0.0,-0.0
2025-11-18 12:00:00,24736.843024,-0.0,-0.0
2025-11-18 13:00:00,24737.5119839999,-0.0,-0.0
2025-11-18 14:00:00,24016.6038286,-0.0,-0.0
2025-11-18 15:00:00,23740.076835,-0.0,-0.0
2025-11-18 16:00:00,25027.041503,-0.0,-0.0
2025-11-18 17:00:00,-0.0,15873.654411947797,10760.425114052205
2025-11-18 18:00:00,-0.0,15873.654411947797,10712.007445052202
2025-11-18 19:00:00,-0.0,15873.654411947797,10338.420128052103
2025-11-18 20:00:00,-0.0,15873.654411947797,9888.583575052204
2025-11-18 21:00:00,-0.0,15873.654411947797,9192.271279052204
2025-11-18 22:00:00,-0.0,15873.654411947797,7912.143610052202
2025-11-18 23:00:00,-0.0,15873.654411947797,6465.669100052202
2025-11-19 00:00:00,-0.0,15873.654411947797,6174.077794052204
2025-11-19 01:00:00,-0.0,15873.654411947797,5381.849982052203
2025-11-19 02:00:00,-0.0,15873.654411947797,4938.195919052205
2025-11-19 03:00:00,-0.0,15873.654411947797,4562.395602052204
2025-11-19 04:00:00,-0.0,15873.654411947797,4646.185181052204
2025-11-19 05:00:00,-0.0,15873.654411947797,6062.198404052202
2025-11-19 06:00:00,6028.732883330265,15873.654411947797,1995.6036067219393
2025-11-19 07:00:00,24934.962204,-0.0,-0.0
2025-11-19 08:00:00,25913.439711,-0.0,-0.0
2025-11-19 09:00:00,25684.6491011,-0.0,-0.0
2025-11-19 10:00:00,26436.95326,-0.0,-0.0
2025-11-19 11:00:00,26448.661556,-0.0,-0.0
2025-11-19 12:00:00,26140.015477,-0.0,-0.0
2025-11-19 13:00:00,25740.743109,-0.0,-0.0
2025-11-19 14:00:00,25018.9581574,-0.0,-0.0
2025-11-19 15:00:00,24419.343208,-0.0,-0.0
2025-11-19 16:00:00,25711.150157,-0.0,-0.0
2025-11-19 17:00:00,127.54285253690153,15873.654411947797,10930.177838515301
2025-11-19 18:00:00,519.5038139917716,15873.654411947797,10357.855755060431
2025-11-19 19:00:00,494.6174037406906,15873.654411947797,9905.914992311511
2025-11-19 20:00:00,416.84737170595116,15873.654411947797,9466.527519346251
2025-11-19 21:00:00,410.6257691432011,15873.654411947797,8986.374356909
2025-11-19 22:00:00,410.6257691432011,15873.654411947797,7657.270829909002
2025-11-19 23:00:00,482.1741986151097,15873.654411947797,6233.819047437095
2025-11-20 00:00:00,485.28499989652505,15873.654411947797,5779.164413155677
2025-11-20 01:00:00,236.4208973854721,15873.654411947797,5040.37310466673
2025-11-20 02:00:00,-0.0,15873.654411947797,5106.171218052203
2025-11-20 03:00:00,-0.0,15873.654411947797,4812.406313052203
2025-11-20 04:00:00,-0.0,15873.654411947797,4865.395463052102
2025-11-20 05:00:00,-0.0,15873.654411947797,6098.2614780522035
2025-11-20 06:00:00,12272.111055076335,11468.078928923665,-0.0
2025-11-20 07:00:00,25798.242234,-0.0,-0.0
2025-11-20 08:00:00,29034.522361,-0.0,-0.0
2025-11-20 09:00:00,29388.694416,-0.0,-0.0
2025-11-20 10:00:00,29333.836852,-0.0,-0.0
2025-11-20 11:00:00,29637.4709239999,-0.0,-0.0
2025-11-20 12:00:00,29084.664618,-0.0,-0.0
2025-11-20 13:00:00,28513.758518,-0.0,-0.0
2025-11-20 14:00:00,27050.098903,-0.0,-0.0
2025-11-20 15:00:00,25961.002484,-0.0,-0.0
2025-11-20 16:00:00,11295.319452720456,14986.139700279544,-0.0
2025-11-20 17:00:00,-0.0,15873.654411947797,11745.887552052105
2025-11-20 18:00:00,-0.0,15873.654411947797,11296.118618052204
2025-11-20 19:00:00,-0.0,15873.654411947797,10883.513041052202
2025-11-20 20:00:00,-0.0,15873.654411947797,10481.765810052204
2025-11-20 21:00:00,-0.0,15873.654411947797,9704.832256052103
2025-11-20 22:00:00,-0.0,15873.654411947797,8442.658785052203
2025-11-20 23:00:00,-0.0,15873.654411947797,7296.027112052203
2025-11-21 00:00:00,-0.0,15873.654411947797,6626.722178052203
2025-11-21 01:00:00,-0.0,15873.654411947797,5869.845622052204
2025-11-21 02:00:00,-0.0,15873.654411947797,5882.114773052204
2025-11-21 03:00:00,-0.0,15873.654411947797,5900.908639052204
2025-11-21 04:00:00,-0.0,15873.654411947797,5493.013392052204
2025-11-21 05:00:00,-0.0,15873.654411947797,6199.435193052204
2025-11-21 06:00:00,-0.0,15873.654411947797,8010.231670052204
2025-11-21 07:00:00,13491.545157380522,11280.287771619478,-0.0
2025-11-21 08:00:00,24870.220947,-0.0,-0.0
2025-11-21 09:00:00,23766.18723,-0.0,-0.0
2025-11-21 10:00:00,24004.399913,-0.0,-0.0
2025-11-21 11:00:00,23330.657153,-0.0,-0.0
2025-11-21 12:00:00,23456.623504,-0.0,-0.0
2025-11-21 13:00:00,24078.9868299999,-0.0,-0.0
2025-11-21 14:00:00,23407.255992,-0.0,-0.0
2025-11-21 15:00:00,23517.363648,-0.0,-0.0
2025-11-21 16:00:00,16141.947849123279,9238.04065787672,-0.0
2025-11-21 17:00:00,-0.0,15873.654411947797,10642.264594052203
2025-11-21 18:00:00,-0.0,15873.654411947797,10398.445148052202
2025-11-21 19:00:00,-0.0,15873.654411947797,9951.046182052103
2025-11-21 20:00:00,-0.0,15873.654411947797,9424.795345052202
2025-11-21 21:00:00,-0.0,15873.654411947797,9072.044368052202
2025-11-21 22:00:00,-0.0,15873.654411947797,8243.515524052202
2025-11-21 23:00:00,-0.0,15873.654411947797,7158.272304052205
2025-11-22 00:00:00,-0.0,15873.654411947797,6322.7592320522035
2025-11-22 01:00:00,-0.0,15873.654411947797,5424.001799052205
2025-11-22 02:00:00,-0.0,15873.654411947797,4679.479028052205
2025-11-22 03:00:00,-0.0,15873.654411947797,4160.644856052202
2025-11-22 04:00:00,-0.0,15873.654411947797,4248.108422052204
2025-11-22 05:00:00,-0.0,15873.654411947797,4632.2499120522025
2025-11-22 06:00:00,164.87246791356353,15873.654411947797,5356.03144213864
2025-11-22 07:00:00,21827.738777,-0.0,-0.0
2025-11-22 08:00:00,21941.571497,-0.0,-0.0
2025-11-22 09:00:00,21504.5965679999,-0.0,-0.0
2025-11-22 10:00:00,22669.171684,-0.0,-0.0
2025-11-22 11:00:00,22946.678565,-0.0,-0.0
2025-11-22 12:00:00,23566.060965,-0.0,-0.0
2025-11-22 13:00:00,23575.831325,-0.0,-0.0
2025-11-22 14:00:00,22901.0691569999,-0.0,-0.0
2025-11-22 15:00:00,22475.927834,-0.0,-0.0
2025-11-22 16:00:00,22472.428456748174,1158.5223912518268,-0.0
2025-11-22 17:00:00,-0.0,15873.654411947797,8941.486274052202
2025-11-22 18:00:00,-0.0,15873.654411947797,8676.461765052203
2025-11-22 19:00:00,-0.0,15873.654411947797,8412.735024052205
2025-11-22 20:00:00,-0.0,15873.654411947797,7876.222522052203
2025-11-22 21:00:00,-0.0,15873.654411947797,7751.857042052203
2025-11-22 22:00:00,-0.0,15873.654411947797,6908.991182052205
2025-11-22 23:00:00,-0.0,15873.654411947797,5984.344037052202
2025-11-23 00:00:00,-0.0,15873.654411947797,5512.752474052102
2025-11-23 01:00:00,-0.0,15873.654411947797,4505.7140920522015
2025-11-23 02:00:00,-0.0,15873.654411947797,3744.569044052203
2025-11-23 03:00:00,-0.0,15873.654411947797,3412.269937052204
2025-11-23 04:00:00,-0.0,15873.654411947797,3308.6606440522028
2025-11-23 05:00:00,-0.0,15873.654411947797,3785.8106580522017
2025-11-23 06:00:00,4647.537114393933,15547.301354606065,-0.0
2025-11-23 07:00:00,20523.342358,-0.0,-0.0
2025-11-23 08:00:00,21197.70965439,-0.0,-0.0
2025-11-23 09:00:00,21946.6526466,-0.0,-0.0
2025-11-23 10:00:00,21849.1602691,-0.0,-0.0
2025-11-23 11:00:00,22448.9881312999,-0.0,-0.0
2025-11-23 12:00:00,21943.90564746,-0.0,-0.0
2025-11-23 13:00:00,23214.4682826,-0.0,-0.0
2025-11-23 14:00:00,22885.1014379999,-0.0,-0.0
2025-11-23 15:00:00,21453.187984,-0.0,-0.0
2025-11-23 16:00:00,23062.865862,-0.0,-0.0
2025-11-23 17:00:00,-0.0,15873.654411947797,9004.819333052203
2025-11-23 18:00:00,-0.0,15873.654411947797,8891.606453052204
2025-11-23 19:00:00,-0.0,15873.654411947797,8381.973550052202
2025-11-23 20:00:00,-0.0,15873.654411947797,7803.947613052203
2025-11-23 21:00:00,-0.0,15873.654411947797,7463.7780940521025
2025-11-23 22:00:00,-0.0,15873.654411947797,6790.147438052203
2025-11-23 23:00:00,-0.0,15873.654411947797,5737.486276052203
2025-11-24 00:00:00,-0.0,15873.654411947797,5286.484689052204
2025-11-24 01:00:00,-0.0,15873.654411947797,4726.1653990522045
2025-11-24 02:00:00,-0.0,15873.654411947797,5100.117106052205
2025-11-24 03:00:00,-0.0,15873.654411947797,4386.2827710522015
2025-11-24 04:00:00,-0.0,15873.654411947797,4999.459455052203
2025-11-24 05:00:00,-0.0,15873.654411947797,5974.896629052202
2025-11-24 06:00:00,7080.18371643947,15873.654411947797,251.06241061273158
2025-11-24 07:00:00,24544.5623419999,-0.0,-0.0
2025-11-24 08:00:00,26678.088432,-0.0,-0.0
2025-11-24 09:00:00,26211.271672,-0.0,-0.0
2025-11-24 10:00:00,26207.049306,-0.0,-0.0
2025-11-24 11:00:00,26032.18327,-0.0,-0.0
2025-11-24 12:00:00,26083.409525,-0.0,-0.0
2025-11-24 13:00:00,27119.040773,-0.0,-0.0
2025-11-24 14:00:00,26744.974679,-0.0,-0.0
2025-11-24 15:00:00,24783.7873469999,-0.0,-0.0
2025-11-24 16:00:00,25633.35618,-0.0,-0.0
2025-11-24 17:00:00,-0.0,15873.654411947797,10989.158829052203
2025-11-24 18:00:00,-0.0,15873.654411947797,10549.977273052204
2025-11-24 19:00:00,-0.0,15873.654411947797,10111.374473052203
2025-11-24 20:00:00,-0.0,15873.654411947797,9473.034239052204
2025-11-24 21:00:00,-0.0,15873.654411947797,9249.425811052204
2025-11-24 22:00:00,-0.0,15873.654411947797,8191.607657052204
2025-11-24 23:00:00,-0.0,15873.654411947797,6856.871503052202
2025-11-25 00:00:00,-0.0,15873.654411947797,6236.368227052202
2025-11-25 01:00:00,-0.0,15873.654411947797,5476.982015052205
2025-11-25 02:00:00,-0.0,15873.654411947797,5451.631688052103
2025-11-25 03:00:00,-0.0,15873.654411947797,5074.867146052204
2025-11-25 04:00:00,-0.0,15873.654411947797,5094.830418052205
2025-11-25 05:00:00,-0.0,15873.654411947797,6365.420642052204
2025-11-25 06:00:00,7621.463139400988,15873.654411947797,296.4988526512152
2025-11-25 07:00:00,24759.204544,-0.0,-0.0
2025-11-25 08:00:00,26289.094788,-0.0,-0.0
2025-11-25 09:00:00,27079.567825,-0.0,-0.0
2025-11-25 10:00:00,27181.1784989999,-0.0,-0.0
2025-11-25 11:00:00,27006.086173,-0.0,-0.0
2025-11-25 12:00:00,26808.804689,-0.0,-0.0
2025-11-25 13:00:00,27479.968815,-0.0,-0.0
2025-11-25 14:00:00,27224.997021,-0.0,-0.0
2025-11-25 15:00:00,25438.315144,-0.0,-0.0
2025-11-25 16:00:00,26148.071138,-0.0,-0.0
2025-11-25 17:00:00,-0.0,15873.654411947797,11316.369978052202
2025-11-25 18:00:00,-0.0,15873.654411947797,11056.346430052205
2025-11-25 19:00:00,-0.0,15873.654411947797,10532.977908052204
2025-11-25 20:00:00,-0.0,15873.654411947797,9989.301685052202
2025-11-25 21:00:00,-0.0,15873.654411947797,9591.466114052202
2025-11-25 22:00:00,-0.0,15873.654411947797,8513.518204052203
2025-11-25 23:00:00,-0.0,15873.654411947797,7671.805609052202
2025-11-26 00:00:00,-0.0,15873.654411947797,6995.470631052203
2025-11-26 01:00:00,-0.0,15873.654411947797,6198.128430052204
2025-11-26 02:00:00,-0.0,15873.654411947797,5720.5569480522045
2025-11-26 03:00:00,-0.0,15873.654411947797,5246.093740052203
2025-11-26 04:00:00,-0.0,15873.654411947797,5655.841973052202
2025-11-26 05:00:00,-0.0,15873.654411947797,6849.524870052204
2025-11-26 06:00:00,7083.294517720885,15873.654411947797,904.9586293313178
2025-11-26 07:00:00,24815.021093,-0.0,-0.0
2025-11-26 08:00:00,27256.7918069999,-0.0,-0.0
2025-11-26 09:00:00,28037.101432,-0.0,-0.0
2025-11-26 10:00:00,28069.67265,-0.0,-0.0
2025-11-26 11:00:00,27910.64019,-0.0,-0.0
2025-11-26 12:00:00,28116.320556,-0.0,-0.0
2025-11-26 13:00:00,27839.3381739999,-0.0,-0.0
2025-11-26 14:00:00,26849.549847,-0.0,-0.0
2025-11-26 15:00:00,25217.6130869999,-0.0,-0.0
2025-11-26 16:00:00,26263.51023,-0.0,-0.0
2025-11-26 17:00:00,-0.0,15873.654411947797,11290.690694052204
2025-11-26 18:00:00,-0.0,15873.654411947797,10845.698928052103
2025-11-26 19:00:00,-0.0,15873.654411947797,10220.136075052202
2025-11-26 20:00:00,-0.0,15873.654411947797,9679.726918052203
2025-11-26 21:00:00,-0.0,15873.654411947797,9416.653157052102
2025-11-26 22:00:00,-0.0,15873.654411947797,8662.844577052203
2025-11-26 23:00:00,-0.0,15873.654411947797,7128.377681052205
2025-11-27 00:00:00,-0.0,15873.654411947797,6605.225137052204
2025-11-27 01:00:00,-0.0,15873.654411947797,5509.970924052102
2025-11-27 02:00:00,-0.0,15873.654411947797,4632.324790052202
2025-11-27 03:00:00,-0.0,15873.654411947797,4306.104522052205
2025-11-27 04:00:00,-0.0,15873.654411947797,4245.095458052203
2025-11-27 05:00:00,-0.0,15873.654411947797,4695.101953052204
2025-11-27 06:00:00,2846.3831724701536,15873.654411947797,2585.278884581949
2025-11-27 07:00:00,22150.374567,-0.0,-0.0
2025-11-27 08:00:00,24833.192512,-0.0,-0.0
2025-11-27 09:00:00,25672.292606,-0.0,-0.0
2025-11-27 10:00:00,26978.433424,-0.0,-0.0
2025-11-27 11:00:00,26939.092308,-0.0,-0.0
2025-11-27 12:00:00,25921.902019,-0.0,-0.0
2025-11-27 13:00:00,25351.258272,-0.0,-0.0
2025-11-27 14:00:00,24491.790593,-0.0,-0.0
2025-11-27 15:00:00,23426.192868,-0.0,-0.0
2025-11-27 16:00:00,23930.150815,-0.0,-0.0
2025-11-27 17:00:00,643.9358652473386,15873.654411947797,7457.195445804866
2025-11-27 18:00:00,-0.0,15873.654411947797,7294.205942052204
2025-11-27 19:00:00,-0.0,15873.654411947797,6719.672159052103
2025-11-27 20:00:00,-0.0,15873.654411947797,6562.146723052205
2025-11-27 21:00:00,-0.0,15873.654411947797,6652.615422052202
2025-11-27 22:00:00,-0.0,15873.654411947797,6077.760407052103
2025-11-27 23:00:00,-0.0,15873.654411947797,5250.028713052203
2025-11-28 00:00:00,-0.0,15873.654411947797,5039.563649052203
2025-11-28 01:00:00,-0.0,15873.654411947797,4371.829955052204
2025-11-28 02:00:00,-0.0,15873.654411947797,3850.7225580522045
2025-11-28 03:00:00,-0.0,15873.654411947797,3566.248170052202
2025-11-28 04:00:00,-0.0,15873.654411947797,3759.879217052103
2025-11-28 05:00:00,-0.0,15873.654411947797,4604.5775320522025
2025-11-28 06:00:00,6041.176088455846,15651.707444544154,-0.0
2025-11-28 07:00:00,22528.582577,-0.0,-0.0
2025-11-28 08:00:00,24867.763014,-0.0,-0.0
2025-11-28 09:00:00,25871.290465,-0.0,-0.0
2025-11-28 10:00:00,26449.891177,-0.0,-0.0
2025-11-28 11:00:00,26249.8049609999,-0.0,-0.0
2025-11-28 12:00:00,26306.782636,-0.0,-0.0
2025-11-28 13:00:00,26599.202232,-0.0,-0.0
2025-11-28 14:00:00,25201.651779,-0.0,-0.0
2025-11-28 15:00:00,23913.207934,-0.0,-0.0
2025-11-28 16:00:00,24860.266517,-0.0,-0.0
2025-11-28 17:00:00,1779.3783329540329,15873.654411947797,8476.94410209807
2025-11-28 18:00:00,-0.0,15873.654411947797,9705.037283052205
2025-11-28 19:00:00,-0.0,15873.654411947797,9361.952016052202
2025-11-28 20:00:00,-0.0,15873.654411947797,8819.105474052203
2025-11-28 21:00:00,-0.0,15873.654411947797,8484.141468052205
2025-11-28 22:00:00,-0.0,15873.654411947797,7587.604919052204
2025-11-28 23:00:00,-0.0,15873.654411947797,6445.762492052103
2025-11-29 00:00:00,-0.0,15873.654411947797,5837.696339052103
2025-11-29 01:00:00,-0.0,15873.654411947797,4755.991839052202
2025-11-29 02:00:00,-0.0,15873.654411947797,3977.992775052202
2025-11-29 03:00:00,-0.0,15873.654411947797,3690.4964490522016
2025-11-29 04:00:00,-0.0,15873.654411947797,3741.4449050522035
2025-11-29 05:00:00,-0.0,15873.654411947797,4307.295657052202
2025-11-29 06:00:00,5216.813748887947,15752.828653112054,-0.0
2025-11-29 07:00:00,21872.2357229999,-0.0,-0.0
2025-11-29 08:00:00,23958.708862,-0.0,-0.0
2025-11-29 09:00:00,25409.517116,-0.0,-0.0
2025-11-29 10:00:00,26124.7746989999,-0.0,-0.0
2025-11-29 11:00:00,25564.625796,-0.0,-0.0
2025-11-29 12:00:00,25561.4256189999,-0.0,-0.0
2025-11-29 13:00:00,25891.904701,-0.0,-0.0
2025-11-29 14:00:00,25310.531653,-0.0,-0.0
2025-11-29 15:00:00,22943.399974,-0.0,-0.0
2025-11-29 16:00:00,24235.139387,-0.0,-0.0
2025-11-29 17:00:00,-0.0,15873.654411947797,9529.613444052202
2025-11-29 18:00:00,-0.0,15873.654411947797,9384.884515052103
2025-11-29 19:00:00,-0.0,15873.654411947797,8938.623972052204
2025-11-29 20:00:00,-0.0,15873.654411947797,8444.262326052203
2025-11-29 21:00:00,-0.0,15873.654411947797,8204.614353052204
2025-11-29 22:00:00,-0.0,15873.654411947797,7330.655103052204
2025-11-29 23:00:00,-0.0,15873.654411947797,6162.786308052202
2025-11-30 00:00:00,-0.0,15873.654411947797,5700.700970052205
2025-11-30 01:00:00,-0.0,15873.654411947797,4844.474882052202
2025-11-30 02:00:00,-0.0,15873.654411947797,4270.808571052205
2025-11-30 03:00:00,-0.0,15873.654411947797,3852.3734210522034
2025-11-30 04:00:00,-0.0,15873.654411947797,4072.8941910522026
2025-11-30 05:00:00,-0.0,15873.654411947797,4137.935792052203
2025-11-30 06:00:00,4529.326665701116,15873.654411947797,556.4667213510884
2025-11-30 07:00:00,21864.328228,-0.0,-0.0
2025-11-30 08:00:00,23574.2236,-0.0,-0.0
2025-11-30 09:00:00,24239.636675,-0.0,-0.0
2025-11-30 10:00:00,25664.716103,-0.0,-0.0
2025-11-30 11:00:00,26707.4656709999,-0.0,-0.0
2025-11-30 12:00:00,26017.659342,-0.0,-0.0
2025-11-30 13:00:00,24567.182382,-0.0,-0.0
2025-11-30 14:00:00,23668.661766,-0.0,-0.0
2025-11-30 15:00:00,23326.015163,-0.0,-0.0
2025-11-30 16:00:00,13914.614131649301,10837.8504103507,-0.0
2025-11-30 17:00:00,2364.208973854963,15873.654411947797,8323.329966197238
2025-11-30 18:00:00,1679.832691949547,15873.654411947797,8686.482452102657
2025-11-30 19:00:00,-0.0,15873.654411947797,10113.461657052203
2025-11-30 20:00:00,-0.0,15873.654411947797,9474.583422052203
2025-11-30 21:00:00,-0.0,15873.654411947797,8935.558542052202
2025-11-30 22:00:00,-0.0,15873.654411947797,7801.067818052203
2025-11-30 23:00:00,-0.0,15873.654411947797,6622.059968052205
2025-12-01 00:00:00,-0.0,15873.654411947797,6256.192706052205
2025-12-01 01:00:00,-0.0,15873.654411947797,6357.5607630522045
2025-12-01 02:00:00,-0.0,15873.654411947797,5618.364011052205
2025-12-01 03:00:00,-0.0,15873.654411947797,5429.837424052204
2025-12-01 04:00:00,-0.0,15873.654411947797,5695.537416052202
2025-12-01 05:00:00,-0.0,15873.654411947797,6702.152133052203
2025-12-01 06:00:00,3835.617979951616,15873.654411947797,4947.407184100586
2025-12-01 07:00:00,25850.728444,-0.0,-0.0
2025-12-01 08:00:00,27987.682753,-0.0,-0.0
2025-12-01 09:00:00,28597.770335,-0.0,-0.0
2025-12-01 10:00:00,28914.0792029999,-0.0,-0.0
2025-12-01 11:00:00,28302.104491,-0.0,-0.0
2025-12-01 12:00:00,28049.117798,-0.0,-0.0
2025-12-01 13:00:00,28025.362566,-0.0,-0.0
2025-12-01 14:00:00,26891.83272,-0.0,-0.0
2025-12-01 15:00:00,24953.15929,-0.0,-0.0
2025-12-01 16:00:00,26457.2534329999,-0.0,-0.0
2025-12-01 17:00:00,-0.0,15873.654411947797,12032.799773052202
2025-12-01 18:00:00,-0.0,15873.654411947797,11901.540061052203
2025-12-01 19:00:00,-0.0,15873.654411947797,11485.486038052202
2025-12-01 20:00:00,-0.0,15873.654411947797,10889.200464052103
2025-12-01 21:00:00,-0.0,15873.654411947797,10321.489617052202
2025-12-01 22:00:00,-0.0,15873.654411947797,8907.499540052204
2025-12-01 23:00:00,-0.0,15873.654411947797,7329.860105052203
2025-12-02 00:00:00,-0.0,15873.654411947797,6777.726397052202
2025-12-02 01:00:00,-0.0,15873.654411947797,6037.684364052204
2025-12-02 02:00:00,-0.0,15873.654411947797,6024.3007630522025
2025-12-02 03:00:00,-0.0,15873.654411947797,5868.611466052202
2025-12-02 04:00:00,-0.0,15873.654411947797,5720.952170052204
2025-12-02 05:00:00,-0.0,15873.654411947797,7174.523133052202
2025-12-02 06:00:00,4056.4848709301723,15873.654411947797,5441.968825122031
2025-12-02 07:00:00,26514.4020479999,-0.0,-0.0
2025-12-02 08:00:00,28394.047321,-0.0,-0.0
2025-12-02 09:00:00,28384.487421,-0.0,-0.0
2025-12-02 10:00:00,26964.230929,-0.0,-0.0
2025-12-02 11:00:00,26907.2943119999,-0.0,-0.0
2025-12-02 12:00:00,26943.652561,-0.0,-0.0
2025-12-02 13:00:00,27044.49165,-0.0,-0.0
2025-12-02 14:00:00,27252.277747,-0.0,-0.0
2025-12-02 15:00:00,25602.619865,-0.0,-0.0
2025-12-02 16:00:00,25160.160763867596,1506.1281851324056,-0.0
2025-12-02 17:00:00,-0.0,15873.654411947797,11720.616823052203
2025-12-02 18:00:00,-0.0,15873.654411947797,11542.055435052202
2025-12-02 19:00:00,-0.0,15873.654411947797,11273.361519052103
2025-12-02 20:00:00,-0.0,15873.654411947797,10675.879859052102
2025-12-02 21:00:00,-0.0,15873.654411947797,10293.586482052202
2025-12-02 22:00:00,-0.0,15873.654411947797,9006.953348052202
2025-12-02 23:00:00,-0.0,15873.654411947797,7676.767335052204
2025-12-03 00:00:00,-0.0,15873.654411947797,7112.703001052103
2025-12-03 01:00:00,-0.0,15873.654411947797,7010.771541052103
2025-12-03 02:00:00,-0.0,15873.654411947797,6403.142845052202
2025-12-03 03:00:00,-0.0,15873.654411947797,5951.896067052205
2025-12-03 04:00:00,-0.0,15873.654411947797,6037.333562052203
2025-12-03 05:00:00,-0.0,15873.654411947797,7166.906446052204
2025-12-03 06:00:00,2964.5936211628896,15873.654411947797,6539.377895889315
2025-12-03 07:00:00,26500.060939,-0.0,-0.0
2025-12-03 08:00:00,27571.397454,-0.0,-0.0
2025-12-03 09:00:00,28402.216575,-0.0,-0.0
2025-12-03 10:00:00,28875.8428739999,-0.0,-0.0
2025-12-03 11:00:00,28353.370134,-0.0,-0.0
2025-12-03 12:00:00,27713.246239,-0.0,-0.0
2025-12-03 13:00:00,27990.1013709999,-0.0,-0.0
2025-12-03 14:00:00,27419.00764,-0.0,-0.0
2025-12-03 15:00:00,25368.5629336,-0.0,-0.0
2025-12-03 16:00:00,21473.861245422628,5061.679867577372,-0.0
2025-12-03 17:00:00,-0.0,15873.654411947797,12091.046979052202
2025-12-03 18:00:00,-0.0,15873.654411947797,11875.560365052102
2025-12-03 19:00:00,-0.0,15873.654411947797,11569.030735052203
2025-12-03 20:00:00,-0.0,15873.654411947797,11292.173775052202
2025-12-03 21:00:00,-0.0,15873.654411947797,10668.531459052103
2025-12-03 22:00:00,-0.0,15873.654411947797,9488.597183052205
2025-12-03 23:00:00,-0.0,15873.654411947797,7890.628195052204
2025-12-04 00:00:00,-0.0,15873.654411947797,7301.018645052203
2025-12-04 01:00:00,-0.0,15873.654411947797,6653.936807052205
2025-12-04 02:00:00,-0.0,15873.654411947797,6437.145634052204
2025-12-04 03:00:00,-0.0,15873.654411947797,6383.2049450522045
2025-12-04 04:00:00,-0.0,15873.654411947797,6079.408235052202
2025-12-04 05:00:00,-0.0,15873.654411947797,7769.187206052202
2025-12-04 06:00:00,2812.1643583749074,15873.654411947797,6946.908350677296
2025-12-04 07:00:00,26619.623935,-0.0,-0.0
2025-12-04 08:00:00,27688.8825,-0.0,-0.0
2025-12-04 09:00:00,28746.731495,-0.0,-0.0
2025-12-04 10:00:00,28610.827267,-0.0,-0.0
2025-12-04 11:00:00,28635.723462,-0.0,-0.0
2025-12-04 12:00:00,28311.75769,-0.0,-0.0
2025-12-04 13:00:00,27219.584495,-0.0,-0.0
2025-12-04 14:00:00,25831.809698,-0.0,-0.0
2025-12-04 15:00:00,24514.949888,-0.0,-0.0
2025-12-04 16:00:00,25125.94194977235,1413.1454342276484,-0.0
2025-12-04 17:00:00,653.2682690915041,15873.654411947797,11433.941095960698
2025-12-04 18:00:00,59.10522434637548,15873.654411947797,11915.91563870583
2025-12-04 19:00:00,-0.0,15873.654411947797,12140.790894052103
2025-12-04 20:00:00,-0.0,15873.654411947797,11370.131214052102
2025-12-04 21:00:00,-0.0,15873.654411947797,10919.405975052103
2025-12-04 22:00:00,-0.0,15873.654411947797,9598.579115052204
2025-12-04 23:00:00,-0.0,15873.654411947797,7857.042554052203
2025-12-05 00:00:00,-0.0,15873.654411947797,7262.441068052203
2025-12-05 01:00:00,-0.0,15873.654411947797,6371.872632052202
2025-12-05 02:00:00,-0.0,15873.654411947797,6020.589070052103
2025-12-05 03:00:00,-0.0,15873.654411947797,5654.349218052203
2025-12-05 04:00:00,-0.0,15873.654411947797,5974.887623052202
2025-12-05 05:00:00,-0.0,15873.654411947797,7197.570500052103
2025-12-05 06:00:00,2382.873781543294,15873.654411947797,6990.448496508909
2025-12-05 07:00:00,26477.176694,-0.0,-0.0
2025-12-05 08:00:00,27876.440658,-0.0,-0.0
2025-12-05 09:00:00,28775.091323,-0.0,-0.0
2025-12-05 10:00:00,28333.845274,-0.0,-0.0
2025-12-05 11:00:00,28221.315753,-0.0,-0.0
2025-12-05 12:00:00,28154.0778559999,-0.0,-0.0
2025-12-05 13:00:00,28306.352321,-0.0,-0.0
2025-12-05 14:00:00,27167.795976,-0.0,-0.0
2025-12-05 15:00:00,25038.718917,-0.0,-0.0
2025-12-05 16:00:00,26233.413885,-0.0,-0.0
2025-12-05 17:00:00,706.1518908750817,15873.654411947797,11073.906917177123
2025-12-05 18:00:00,1067.0048395161207,15873.654411947797,10354.958971535982
2025-12-05 19:00:00,1119.888461299698,15873.654411947797,9807.268506752505
2025-12-05 20:00:00,1088.7804484857863,15873.654411947797,9600.308697566416
2025-12-05 21:00:00,905.2431728838918,15873.654411947797,9509.877031168311
2025-12-05 22:00:00,634.6034614031731,15873.654411947797,8713.493763649032
2025-12-05 23:00:00,656.3790703728387,15873.654411947797,7521.664967679364
2025-12-06 00:00:00,631.4926601217576,15873.654411947797,6935.755915930447
2025-12-06 01:00:00,597.273846026511,15873.654411947797,6079.863441025694
2025-12-06 02:00:00,597.273846026511,15873.654411947797,5143.795495025691
2025-12-06 03:00:00,597.273846026511,15873.654411947797,4737.553307025691
2025-12-06 04:00:00,597.273846026511,15873.654411947797,4939.486891025693
2025-12-06 05:00:00,625.2710575590075,15873.654411947797,5277.605806493198
2025-12-06 06:00:00,3963.1608324885174,15873.654411947797,2822.161753563684
2025-12-06 07:00:00,23493.8773359999,-0.0,-0.0
2025-12-06 08:00:00,24851.870172,-0.0,-0.0
2025-12-06 09:00:00,26279.383527,-0.0,-0.0
2025-12-06 10:00:00,26801.098968,-0.0,-0.0
2025-12-06 11:00:00,26385.270096,-0.0,-0.0
2025-12-06 12:00:00,26652.356006,-0.0,-0.0
2025-12-06 13:00:00,27121.935508,-0.0,-0.0
2025-12-06 14:00:00,26953.333881,-0.0,-0.0
2025-12-06 15:00:00,24354.0253959999,-0.0,-0.0
2025-12-06 16:00:00,24903.958649,-0.0,-0.0
2025-12-06 17:00:00,-0.0,15873.654411947797,10364.765371052103
2025-12-06 18:00:00,-0.0,15873.654411947797,9926.318276052205
2025-12-06 19:00:00,-0.0,15873.654411947797,9646.693165052204
2025-12-06 20:00:00,-0.0,15873.654411947797,9390.077244052203
2025-12-06 21:00:00,-0.0,15873.654411947797,9411.743818052202
2025-12-06 22:00:00,-0.0,15873.654411947797,8543.292832052202
2025-12-06 23:00:00,-0.0,15873.654411947797,7395.494595052203
2025-12-07 00:00:00,-0.0,15873.654411947797,6673.768983052103
2025-12-07 01:00:00,-0.0,15873.654411947797,5883.5605100522025
2025-12-07 02:00:00,-0.0,15873.654411947797,5272.763980052203
2025-12-07 03:00:00,-0.0,15873.654411947797,4735.161508052204
2025-12-07 04:00:00,-0.0,15873.654411947797,4754.960713052102
2025-12-07 05:00:00,-0.0,15873.654411947797,5130.611587052203
2025-12-07 06:00:00,2183.782499534484,15873.654411947797,3602.132268517718
2025-12-07 07:00:00,22461.51132,-0.0,-0.0
2025-12-07 08:00:00,24472.201606,-0.0,-0.0
2025-12-07 09:00:00,25379.128541,-0.0,-0.0
2025-12-07 10:00:00,25112.7911289999,-0.0,-0.0
2025-12-07 11:00:00,25039.843552,-0.0,-0.0
2025-12-07 12:00:00,25892.730323,-0.0,-0.0
2025-12-07 13:00:00,26159.979357,-0.0,-0.0
2025-12-07 14:00:00,25958.624452,-0.0,-0.0
2025-12-07 15:00:00,23954.245979,-0.0,-0.0
2025-12-07 16:00:00,24783.597343,-0.0,-0.0
2025-12-07 17:00:00,-0.0,15873.654411947797,10515.534618052205
2025-12-07 18:00:00,-0.0,15873.654411947797,10634.594467052202
2025-12-07 19:00:00,-0.0,15873.654411947797,10379.375872052204
2025-12-07 20:00:00,-0.0,15873.654411947797,10031.737068052202
2025-12-07 21:00:00,-0.0,15873.654411947797,9592.240812052203
2025-12-07 22:00:00,-0.0,15873.654411947797,8213.508158052204
2025-12-07 23:00:00,-0.0,15873.654411947797,6968.690393052204
2025-12-08 00:00:00,-0.0,15873.654411947797,6458.773424052202
2025-12-08 01:00:00,-0.0,15873.654411947797,6003.7229020522045
2025-12-08 02:00:00,-0.0,15873.654411947797,5705.190193052202
2025-12-08 03:00:00,-0.0,15873.654411947797,5766.374792052202
2025-12-08 04:00:00,-0.0,15873.654411947797,5776.446730052203
2025-12-08 05:00:00,-0.0,15873.654411947797,7327.517339052205
2025-12-08 06:00:00,1978.4696149628433,15873.654411947797,7496.77951508936
2025-12-08 07:00:00,26688.684132,-0.0,-0.0
2025-12-08 08:00:00,28491.1397799999,-0.0,-0.0
2025-12-08 09:00:00,29054.932638,-0.0,-0.0
2025-12-08 10:00:00,29194.333023,-0.0,-0.0
2025-12-08 11:00:00,29361.374462,-0.0,-0.0
2025-12-08 12:00:00,29983.040429,-0.0,-0.0
2025-12-08 13:00:00,30191.532942,-0.0,-0.0
2025-12-08 14:00:00,29230.569621,-0.0,-0.0
2025-12-08 15:00:00,26777.324094,-0.0,-0.0
2025-12-08 16:00:00,27687.75138,-0.0,-0.0
2025-12-08 17:00:00,-0.0,15873.654411947797,12834.067275052103
2025-12-08 18:00:00,-0.0,15873.654411947797,12704.157239052105
2025-12-08 19:00:00,-0.0,15873.654411947797,12194.297142052203
2025-12-08 20:00:00,-0.0,15873.654411947797,11673.676015052204
2025-12-08 21:00:00,-0.0,15873.654411947797,10908.252156052202
2025-12-08 22:00:00,-0.0,15873.654411947797,9326.413169052203
2025-12-08 23:00:00,-0.0,15873.654411947797,8114.975383052204
2025-12-09 00:00:00,-0.0,15873.654411947797,7131.104222052103
2025-12-09 01:00:00,-0.0,15873.654411947797,6593.231891052203
2025-12-09 02:00:00,-0.0,15873.654411947797,6118.128251052103
2025-12-09 03:00:00,-0.0,15873.654411947797,5875.536766052204
2025-12-09 04:00:00,-0.0,15873.654411947797,5978.9286030522035
2025-12-09 05:00:00,-0.0,15873.654411947797,7353.004567052203
2025-12-09 06:00:00,2059.350448278917,15873.654411947797,7454.774782773287
2025-12-09 07:00:00,26723.29924,-0.0,-0.0
2025-12-09 08:00:00,29132.730657,-0.0,-0.0
2025-12-09 09:00:00,30408.510092,-0.0,-0.0
2025-12-09 10:00:00,30478.420702,-0.0,-0.0
2025-12-09 11:00:00,30420.595697,-0.0,-0.0
2025-12-09 12:00:00,30370.086052,-0.0,-0.0
2025-12-09 13:00:00,31089.238335,-0.0,-0.0
2025-12-09 14:00:00,30221.760455,-0.0,-0.0
2025-12-09 15:00:00,27224.166983,-0.0,-0.0
2025-12-09 16:00:00,27337.72166083933,396.281803160673,-0.0
2025-12-09 17:00:00,-0.0,15873.654411947797,13090.045507052202
2025-12-09 18:00:00,-0.0,15873.654411947797,12885.606674052202
2025-12-09 19:00:00,-0.0,15873.654411947797,12279.261133052203
2025-12-09 20:00:00,-0.0,15873.654411947797,11756.333491052103
2025-12-09 21:00:00,-0.0,15873.654411947797,11076.174861052203
2025-12-09 22:00:00,-0.0,15873.654411947797,9826.305267052203
2025-12-09 23:00:00,-0.0,15873.654411947797,8098.066796052202
2025-12-10 00:00:00,-0.0,15873.654411947797,7303.451091052202
2025-12-10 01:00:00,-0.0,15873.654411947797,6582.9739520522035
2025-12-10 02:00:00,-0.0,15873.654411947797,6142.151788052202
2025-12-10 03:00:00,-0.0,15873.654411947797,5932.787108052204
2025-12-10 04:00:00,-0.0,15873.654411947797,5891.136176052203
2025-12-10 05:00:00,-0.0,15873.654411947797,7255.245016052204
2025-12-10 06:00:00,1633.1706727287196,15873.654411947797,7670.601775323483
2025-12-10 07:00:00,27052.680133,-0.0,-0.0
2025-12-10 08:00:00,30467.501703,-0.0,-0.0
2025-12-10 09:00:00,31205.215078,-0.0,-0.0
2025-12-10 10:00:00,31017.303828,-0.0,-0.0
2025-12-10 11:00:00,29889.142003,-0.0,-0.0
2025-12-10 12:00:00,30027.24054,-0.0,-0.0
2025-12-10 13:00:00,30094.32414,-0.0,-0.0
2025-12-10 14:00:00,28840.315433,-0.0,-0.0
2025-12-10 15:00:00,27142.133041,-0.0,-0.0
2025-12-10 16:00:00,27754.976752,-0.0,-0.0
2025-12-10 17:00:00,-0.0,15873.654411947797,13041.330786052202
2025-12-10 18:00:00,-0.0,15873.654411947797,12700.077732052205
2025-12-10 19:00:00,-0.0,15873.654411947797,12259.952332052102
2025-12-10 20:00:00,-0.0,15873.654411947797,11753.127232052202
2025-12-10 21:00:00,-0.0,15873.654411947797,11023.520290052102
2025-12-10 22:00:00,-0.0,15873.654411947797,9593.856578052202
2025-12-10 23:00:00,-0.0,15873.654411947797,8253.107130052204
2025-12-11 00:00:00,-0.0,15873.654411947797,7571.7659240522025
2025-12-11 01:00:00,-0.0,15873.654411947797,6858.6506550522045
2025-12-11 02:00:00,-0.0,15873.654411947797,6353.2014680522025
2025-12-11 03:00:00,-0.0,15873.654411947797,5994.576288052203
2025-12-11 04:00:00,-0.0,15873.654411947797,6159.283154052204
2025-12-11 05:00:00,-0.0,15873.654411947797,7232.9639260522035
2025-12-11 06:00:00,1415.4145830315788,15873.654411947797,7823.107351020624
2025-12-11 07:00:00,27184.163973,-0.0,-0.0
2025-12-11 08:00:00,30156.44177,-0.0,-0.0
2025-12-11 09:00:00,30850.634319,-0.0,-0.0
2025-12-11 10:00:00,30441.578673,-0.0,-0.0
2025-12-11 11:00:00,29757.340911,-0.0,-0.0
2025-12-11 12:00:00,29260.070829,-0.0,-0.0
2025-12-11 13:00:00,29143.6623789999,-0.0,-0.0
2025-12-11 14:00:00,28325.1469759999,-0.0,-0.0
2025-12-11 15:00:00,27087.220422,-0.0,-0.0
2025-12-11 16:00:00,27591.7372669999,-0.0,-0.0
2025-12-11 17:00:00,-0.0,15873.654411947797,12945.354024052203
2025-12-11 18:00:00,-0.0,15873.654411947797,12620.570201052202
2025-12-11 19:00:00,-0.0,15873.654411947797,12194.331260052202
2025-12-11 20:00:00,-0.0,15873.654411947797,11635.491679052202
2025-12-11 21:00:00,-0.0,15873.654411947797,11044.332136052204
2025-12-11 22:00:00,-0.0,15873.654411947797,9750.308889052203
2025-12-11 23:00:00,-0.0,15873.654411947797,8184.044525052204
2025-12-12 00:00:00,-0.0,15873.654411947797,7322.393507052102
2025-12-12 01:00:00,-0.0,15873.654411947797,6542.853174052203
2025-12-12 02:00:00,-0.0,15873.654411947797,6375.110280052204
2025-12-12 03:00:00,-0.0,15873.654411947797,6033.155398052202
2025-12-12 04:00:00,-0.0,15873.654411947797,5804.825722052205
2025-12-12 05:00:00,-0.0,15873.654411947797,7088.913912052203
2025-12-12 06:00:00,1337.6445509968391,15873.654411947797,7861.464460055365
2025-12-12 07:00:00,26629.841175,-0.0,-0.0
2025-12-12 08:00:00,28979.492294,-0.0,-0.0
2025-12-12 09:00:00,29912.5506509999,-0.0,-0.0
2025-12-12 10:00:00,28971.9717619999,-0.0,-0.0
2025-12-12 11:00:00,28854.105733,-0.0,-0.0
2025-12-12 12:00:00,29135.363648,-0.0,-0.0
2025-12-12 13:00:00,29309.1504729999,-0.0,-0.0
2025-12-12 14:00:00,28618.449726,-0.0,-0.0
2025-12-12 15:00:00,26443.937597,-0.0,-0.0
2025-12-12 16:00:00,26999.534625,-0.0,-0.0
2025-12-12 17:00:00,-0.0,15873.654411947797,12347.483040052202
2025-12-12 18:00:00,-0.0,15873.654411947797,11909.980581052203
2025-12-12 19:00:00,-0.0,15873.654411947797,11333.796454052203
2025-12-12 20:00:00,-0.0,15873.654411947797,10956.439648052203
2025-12-12 21:00:00,-0.0,15873.654411947797,10543.430850052204
2025-12-12 22:00:00,-0.0,15873.654411947797,9456.988010052204
2025-12-12 23:00:00,-0.0,15873.654411947797,8183.518494052203
2025-12-13 00:00:00,-0.0,15873.654411947797,7400.9553660522015
2025-12-13 01:00:00,-0.0,15873.654411947797,6537.264697052202
2025-12-13 02:00:00,-0.0,15873.654411947797,5649.981225052203
2025-12-13 03:00:00,-0.0,15873.654411947797,5259.309655052204
2025-12-13 04:00:00,-0.0,15873.654411947797,5214.761968052202
2025-12-13 05:00:00,-0.0,15873.654411947797,5791.665245052203
2025-12-13 06:00:00,762.1463139400746,15873.654411947797,5998.342958112127
2025-12-13 07:00:00,23811.6384,-0.0,-0.0
2025-12-13 08:00:00,26739.651544,-0.0,-0.0
2025-12-13 09:00:00,28429.576468,-0.0,-0.0
2025-12-13 10:00:00,28149.923831,-0.0,-0.0
2025-12-13 11:00:00,27465.831136,-0.0,-0.0
2025-12-13 12:00:00,27768.153593,-0.0,-0.0
2025-12-13 13:00:00,27440.55035,-0.0,-0.0
2025-12-13 14:00:00,25963.275349,-0.0,-0.0
2025-12-13 15:00:00,24049.162525,-0.0,-0.0
2025-12-13 16:00:00,25009.439458,-0.0,-0.0
2025-12-13 17:00:00,-0.0,15873.654411947797,10415.925364052202
2025-12-13 18:00:00,-0.0,15873.654411947797,10219.225217052202
2025-12-13 19:00:00,-0.0,15873.654411947797,9906.928224052202
2025-12-13 20:00:00,-0.0,15873.654411947797,9722.809744052201
2025-12-13 21:00:00,-0.0,15873.654411947797,9431.845865052202
2025-12-13 22:00:00,-0.0,15873.654411947797,8535.263388052203
2025-12-13 23:00:00,-0.0,15873.654411947797,7286.469871052204
2025-12-14 00:00:00,-0.0,15873.654411947797,6750.658336052102
2025-12-14 01:00:00,-0.0,15873.654411947797,5807.645401052103
2025-12-14 02:00:00,-0.0,15873.654411947797,5310.335524052103
2025-12-14 03:00:00,-0.0,15873.654411947797,4746.3793560522045
2025-12-14 04:00:00,-0.0,15873.654411947797,4559.013054052202
2025-12-14 05:00:00,-0.0,15873.654411947797,4851.862677052204
2025-12-14 06:00:00,815.0299357236522,15873.654411947797,4773.239576328549
2025-12-14 07:00:00,22345.516025,-0.0,-0.0
2025-12-14 08:00:00,24412.023284,-0.0,-0.0
2025-12-14 09:00:00,26364.678149,-0.0,-0.0
2025-12-14 10:00:00,27544.639157,-0.0,-0.0
2025-12-14 11:00:00,27535.869589,-0.0,-0.0
2025-12-14 12:00:00,27576.1539209999,-0.0,-0.0
2025-12-14 13:00:00,27881.073355,-0.0,-0.0
2025-12-14 14:00:00,27120.143764,-0.0,-0.0
2025-12-14 15:00:00,24752.553345,-0.0,-0.0
2025-12-14 16:00:00,25206.791524,-0.0,-0.0
2025-12-14 17:00:00,124.43205125548612,15873.654411947797,10888.911115796716
2025-12-14 18:00:00,-0.0,15873.654411947797,11028.921500052204
2025-12-14 19:00:00,-0.0,15873.654411947797,10787.394391052103
2025-12-14 20:00:00,-0.0,15873.654411947797,10438.222906052202
2025-12-14 21:00:00,-0.0,15873.654411947797,9880.364167052105
2025-12-14 22:00:00,-0.0,15873.654411947797,8855.976362052204
2025-12-14 23:00:00,-0.0,15873.654411947797,7244.470875052202
2025-12-15 00:00:00,-0.0,15873.654411947797,6567.337563052204
2025-12-15 01:00:00,-0.0,15873.654411947797,5928.890353052202
2025-12-15 02:00:00,-0.0,15873.654411947797,5918.492002052202
2025-12-15 03:00:00,-0.0,15873.654411947797,5484.385727052204
2025-12-15 04:00:00,-0.0,15873.654411947797,5814.620796052202
2025-12-15 05:00:00,-0.0,15873.654411947797,7031.0507280522015
2025-12-15 06:00:00,799.4759293167366,15873.654411947797,8349.382439735467
2025-12-15 07:00:00,26873.0804729999,-0.0,-0.0
2025-12-15 08:00:00,29528.835764,-0.0,-0.0
2025-12-15 09:00:00,30441.697397,-0.0,-0.0
2025-12-15 10:00:00,30675.46716,-0.0,-0.0
2025-12-15 11:00:00,30238.6621759999,-0.0,-0.0
2025-12-15 12:00:00,30736.455723,-0.0,-0.0
2025-12-15 13:00:00,30164.045982,-0.0,-0.0
2025-12-15 14:00:00,29859.952271,-0.0,-0.0
2025-12-15 15:00:00,27011.643837,-0.0,-0.0
2025-12-15 16:00:00,27713.279811,-0.0,-0.0
2025-12-15 17:00:00,-0.0,15873.654411947797,13059.519935052203
2025-12-15 18:00:00,-0.0,15873.654411947797,12945.316013052203
2025-12-15 19:00:00,-0.0,15873.654411947797,12556.181375052203
2025-12-15 20:00:00,-0.0,15873.654411947797,12001.818198052102
2025-12-15 21:00:00,-0.0,15873.654411947797,11376.939513052204
2025-12-15 22:00:00,-0.0,15873.654411947797,9815.462218052204
2025-12-15 23:00:00,-0.0,15873.654411947797,8427.128528052102
2025-12-16 00:00:00,-0.0,15873.654411947797,7653.940328052204
2025-12-16 01:00:00,-0.0,15873.654411947797,6599.984738052202
2025-12-16 02:00:00,-0.0,15873.654411947797,6279.981838052203
2025-12-16 03:00:00,-0.0,15873.654411947797,5996.644218052103
2025-12-16 04:00:00,-0.0,15873.654411947797,5917.560538052205
2025-12-16 05:00:00,-0.0,15873.654411947797,7215.304809052102
2025-12-16 06:00:00,808.8083331609021,15873.654411947797,8594.7077818913
2025-12-16 07:00:00,26918.709088,-0.0,-0.0
2025-12-16 08:00:00,29147.853138,-0.0,-0.0
2025-12-16 09:00:00,29847.5910149999,-0.0,-0.0
2025-12-16 10:00:00,29969.507241,-0.0,-0.0
2025-12-16 11:00:00,30421.154743,-0.0,-0.0
2025-12-16 12:00:00,30132.1258109999,-0.0,-0.0
2025-12-16 13:00:00,29896.35604,-0.0,-0.0
2025-12-16 14:00:00,28372.363261,-0.0,-0.0
2025-12-16 15:00:00,26215.007855,-0.0,-0.0
2025-12-16 16:00:00,26901.693214,-0.0,-0.0
2025-12-16 17:00:00,-0.0,15873.654411947797,12642.885224052205
2025-12-16 18:00:00,-0.0,15873.654411947797,12465.739062052204
2025-12-16 19:00:00,-0.0,15873.654411947797,11969.543685052204
2025-12-16 20:00:00,-0.0,15873.654411947797,11533.070595052204
2025-12-16 21:00:00,-0.0,15873.654411947797,10880.984676052105
2025-12-16 22:00:00,-0.0,15873.654411947797,9535.633358052202
2025-12-16 23:00:00,-0.0,15873.654411947797,7863.832318052102
2025-12-17 00:00:00,-0.0,15873.654411947797,7007.588548052203
2025-12-17 01:00:00,-0.0,15873.654411947797,6156.319448052202
2025-12-17 02:00:00,-0.0,15873.654411947797,5948.852058052204
2025-12-17 03:00:00,-0.0,15873.654411947797,5698.445986052202
2025-12-17 04:00:00,-0.0,15873.654411947797,5522.976143052203
2025-12-17 05:00:00,-0.0,15873.654411947797,6924.116784052205
2025-12-17 06:00:00,553.7226280870183,15873.654411947797,8497.531692965185
2025-12-17 07:00:00,26359.8322889999,-0.0,-0.0
2025-12-17 08:00:00,28766.648845,-0.0,-0.0
2025-12-17 09:00:00,29865.457111,-0.0,-0.0
2025-12-17 10:00:00,29865.575912,-0.0,-0.0
2025-12-17 11:00:00,30019.767018,-0.0,-0.0
2025-12-17 12:00:00,29669.996793,-0.0,-0.0
2025-12-17 13:00:00,29303.59911,-0.0,-0.0
2025-12-17 14:00:00,28180.856023,-0.0,-0.0
2025-12-17 15:00:00,25980.4154809999,-0.0,-0.0
2025-12-17 16:00:00,26368.945556,-0.0,-0.0
2025-12-17 17:00:00,-0.0,15873.654411947797,12108.346806052103
2025-12-17 18:00:00,-0.0,15873.654411947797,11679.008762052204
2025-12-17 19:00:00,-0.0,15873.654411947797,11202.746305052204
2025-12-17 20:00:00,-0.0,15873.654411947797,10937.013893052203
2025-12-17 21:00:00,-0.0,15873.654411947797,10399.673689052202
2025-12-17 22:00:00,-0.0,15873.654411947797,8940.384428052204
2025-12-17 23:00:00,-0.0,15873.654411947797,7417.742818052202
2025-12-18 00:00:00,-0.0,15873.654411947797,7173.134388052202
2025-12-18 01:00:00,-0.0,15873.654411947797,6014.951308052203
2025-12-18 02:00:00,-0.0,15873.654411947797,5652.731798052204
2025-12-18 03:00:00,-0.0,15873.654411947797,5128.308508052103
2025-12-18 04:00:00,-0.0,15873.654411947797,5434.696658052204
2025-12-18 05:00:00,-0.0,15873.654411947797,6554.355718052202
2025-12-18 06:00:00,528.8362178359372,15873.654411947797,8270.013767216267
2025-12-18 07:00:00,25794.495387,-0.0,-0.0
2025-12-18 08:00:00,26774.5893769999,-0.0,-0.0
2025-12-18 09:00:00,27356.25586,-0.0,-0.0
2025-12-18 10:00:00,26646.901789,-0.0,-0.0
2025-12-18 11:00:00,27280.729478,-0.0,-0.0
2025-12-18 12:00:00,27633.07451,-0.0,-0.0
2025-12-18 13:00:00,28214.643009,-0.0,-0.0
2025-12-18 14:00:00,28393.463156,-0.0,-0.0
2025-12-18 15:00:00,26240.381383,-0.0,-0.0
2025-12-18 16:00:00,26936.691269,-0.0,-0.0
2025-12-18 17:00:00,759.0355126586592,15873.654411947797,11146.839788393543
2025-12-18 18:00:00,-0.0,15873.654411947797,11568.059273052202
2025-12-18 19:00:00,-0.0,15873.654411947797,10956.491258052103
2025-12-18 20:00:00,-0.0,15873.654411947797,10380.440768052204
2025-12-18 21:00:00,-0.0,15873.654411947797,9871.856183052203
2025-12-18 22:00:00,-0.0,15873.654411947797,8766.958961052203
2025-12-18 23:00:00,-0.0,15873.654411947797,7686.590318052202
2025-12-19 00:00:00,-0.0,15873.654411947797,7220.372628052204
2025-12-19 01:00:00,-0.0,15873.654411947797,6878.418288052204
2025-12-19 02:00:00,-0.0,15873.654411947797,6347.031918052102
2025-12-19 03:00:00,-0.0,15873.654411947797,6210.016978052203
2025-12-19 04:00:00,-0.0,15873.654411947797,5984.359165052103
2025-12-19 05:00:00,-0.0,15873.654411947797,6258.852113052204
2025-12-19 06:00:00,451.06618580127855,15873.654411947797,7666.590619250924
2025-12-19 07:00:00,25280.4470999999,-0.0,-0.0
2025-12-19 08:00:00,26730.771699,-0.0,-0.0
2025-12-19 09:00:00,28094.421658,-0.0,-0.0
2025-12-19 10:00:00,27576.092284,-0.0,-0.0
2025-12-19 11:00:00,28222.083799,-0.0,-0.0
2025-12-19 12:00:00,29105.6473869999,-0.0,-0.0
2025-12-19 13:00:00,29400.34692,-0.0,-0.0
2025-12-19 14:00:00,29425.343684,-0.0,-0.0
2025-12-19 15:00:00,26385.374508,-0.0,-0.0
2025-12-19 16:00:00,26209.0864359999,-0.0,-0.0
2025-12-19 17:00:00,-0.0,15873.654411947797,11350.260638052203
2025-12-19 18:00:00,-0.0,15873.654411947797,10914.043867052203
2025-12-19 19:00:00,-0.0,15873.654411947797,10176.080192052204
2025-12-19 20:00:00,-0.0,15873.654411947797,9764.358099052204
2025-12-19 21:00:00,-0.0,15873.654411947797,9286.603650052204
2025-12-19 22:00:00,-0.0,15873.654411947797,8176.101354052202
2025-12-19 23:00:00,-0.0,15873.654411947797,6727.525068052202
2025-12-20 00:00:00,-0.0,15873.654411947797,6386.146925052204
2025-12-20 01:00:00,-0.0,15873.654411947797,5461.693121052203
2025-12-20 02:00:00,-0.0,15873.654411947797,4849.522768052202
2025-12-20 03:00:00,-0.0,15873.654411947797,4156.970816052204
2025-12-20 04:00:00,-0.0,15873.654411947797,4117.372238052203
2025-12-20 05:00:00,-0.0,15873.654411947797,4411.472565052203
2025-12-20 06:00:00,491.5066024592752,15873.654411947797,5047.846917592929
2025-12-20 07:00:00,22805.930578,-0.0,-0.0
2025-12-20 08:00:00,25527.045756,-0.0,-0.0
2025-12-20 09:00:00,27729.484933,-0.0,-0.0
2025-12-20 10:00:00,27788.017062,-0.0,-0.0
2025-12-20 11:00:00,27873.703966,-0.0,-0.0
2025-12-20 12:00:00,27552.0542619999,-0.0,-0.0
2025-12-20 13:00:00,26308.435809,-0.0,-0.0
2025-12-20 14:00:00,25453.955841,-0.0,-0.0
2025-12-20 15:00:00,23488.852625,-0.0,-0.0
2025-12-20 16:00:00,24325.436597,-0.0,-0.0
2025-12-20 17:00:00,-0.0,15873.654411947797,9774.323241052205
2025-12-20 18:00:00,-0.0,15873.654411947797,9254.589090052204
2025-12-20 19:00:00,-0.0,15873.654411947797,8807.799609052205
2025-12-20 20:00:00,-0.0,15873.654411947797,8668.151259052202
2025-12-20 21:00:00,-0.0,15873.654411947797,8264.572946052203
2025-12-20 22:00:00,-0.0,15873.654411947797,7433.929453052204
2025-12-20 23:00:00,-0.0,15873.654411947797,6323.933924052204
2025-12-21 00:00:00,-0.0,15873.654411947797,5856.786490052202
2025-12-21 01:00:00,-0.0,15873.654411947797,4765.7536410522025
2025-12-21 02:00:00,-0.0,15873.654411947797,4061.1000450522024
2025-12-21 03:00:00,-0.0,15873.654411947797,3637.110639052202
2025-12-21 04:00:00,-0.0,15873.654411947797,3396.3006340522024
2025-12-21 05:00:00,-0.0,15873.654411947797,3626.5512950522043
2025-12-21 06:00:00,332.8557371084617,15873.654411947797,4286.67408994374
2025-12-21 07:00:00,22048.671979,-0.0,-0.0
2025-12-21 08:00:00,24602.947992,-0.0,-0.0
2025-12-21 09:00:00,25899.649099,-0.0,-0.0
2025-12-21 10:00:00,26042.593559,-0.0,-0.0
2025-12-21 11:00:00,25707.086761,-0.0,-0.0
2025-12-21 12:00:00,25803.478718,-0.0,-0.0
2025-12-21 13:00:00,25081.777825,-0.0,-0.0
2025-12-21 14:00:00,24213.772868,-0.0,-0.0
2025-12-21 15:00:00,23125.627422,-0.0,-0.0
2025-12-21 16:00:00,23997.742115,-0.0,-0.0
2025-12-21 17:00:00,-0.0,15873.654411947797,9693.311388052205
2025-12-21 18:00:00,-0.0,15873.654411947797,9442.548348052203
2025-12-21 19:00:00,-0.0,15873.654411947797,9169.184435052202
2025-12-21 20:00:00,-0.0,15873.654411947797,8717.655552052203
2025-12-21 21:00:00,-0.0,15873.654411947797,8137.944378052203
2025-12-21 22:00:00,-0.0,15873.654411947797,7263.422141052202
2025-12-21 23:00:00,-0.0,15873.654411947797,6272.666190052203
2025-12-22 00:00:00,-0.0,15873.654411947797,6299.933058052202
2025-12-22 01:00:00,-0.0,15873.654411947797,5523.909212052202
2025-12-22 02:00:00,-0.0,15873.654411947797,5510.102988052202
2025-12-22 03:00:00,-0.0,15873.654411947797,5185.170680052202
2025-12-22 04:00:00,-0.0,15873.654411947797,4805.521581052102
2025-12-22 05:00:00,-0.0,15873.654411947797,5454.193536052202
2025-12-22 06:00:00,339.0773396712925,15873.654411947797,6666.751312380911
2025-12-22 07:00:00,23974.252824,-0.0,-0.0
2025-12-22 08:00:00,26374.299415,-0.0,-0.0
2025-12-22 09:00:00,28286.3118169999,-0.0,-0.0
2025-12-22 10:00:00,28238.230769,-0.0,-0.0
2025-12-22 11:00:00,27387.427622,-0.0,-0.0
2025-12-22 12:00:00,27246.802151,-0.0,-0.0
2025-12-22 13:00:00,27041.605351,-0.0,-0.0
2025-12-22 14:00:00,26316.516665,-0.0,-0.0
2025-12-22 15:00:00,25409.467129,-0.0,-0.0
2025-12-22 16:00:00,20027.338649577057,5954.5190004228425,-0.0
2025-12-22 17:00:00,827.473140849233,15873.654411947797,10581.22135720297
2025-12-22 18:00:00,1088.7804484857863,15873.654411947797,9905.285883566416
2025-12-22 19:00:00,1157.2180766763602,15873.654411947797,9357.967908375844
2025-12-22 20:00:00,-0.0,15873.654411947797,10078.627654052203
2025-12-22 21:00:00,-0.0,15873.654411947797,9613.060498052202
2025-12-22 22:00:00,-0.0,15873.654411947797,8433.197440052203
2025-12-22 23:00:00,-0.0,15873.654411947797,7459.234743052204
2025-12-23 00:00:00,-0.0,15873.654411947797,6920.198505052102
2025-12-23 01:00:00,-0.0,15873.654411947797,6482.888359052204
2025-12-23 02:00:00,-0.0,15873.654411947797,6224.562843052203
2025-12-23 03:00:00,-0.0,15873.654411947797,5652.723870052103
2025-12-23 04:00:00,-0.0,15873.654411947797,5606.385000052202
2025-12-23 05:00:00,-0.0,15873.654411947797,6189.581262052203
2025-12-23 06:00:00,3.110801281388183,15873.654411947797,7295.365562770715
2025-12-23 07:00:00,21884.487014565828,2756.2552914341722,-0.0
2025-12-23 08:00:00,25762.582148,-0.0,-0.0
2025-12-23 09:00:00,26512.25175,-0.0,-0.0
2025-12-23 10:00:00,27754.102168,-0.0,-0.0
2025-12-23 11:00:00,27770.002791,-0.0,-0.0
2025-12-23 12:00:00,27166.101139,-0.0,-0.0
2025-12-23 13:00:00,26662.0991,-0.0,-0.0
2025-12-23 14:00:00,26206.528262,-0.0,-0.0
2025-12-23 15:00:00,25719.841542,-0.0,-0.0
2025-12-23 16:00:00,11341.981471941283,15340.367557058718,-0.0
2025-12-23 17:00:00,1682.9434932309625,15873.654411947797,9897.751037821241
2025-12-23 18:00:00,248.864102511053,15873.654411947797,10770.16860054115
2025-12-23 19:00:00,-0.0,15873.654411947797,10466.501213052203
2025-12-23 20:00:00,-0.0,15873.654411947797,9867.714738052202
2025-12-23 21:00:00,-0.0,15873.654411947797,9496.725715052204
2025-12-23 22:00:00,-0.0,15873.654411947797,8529.805350052202
2025-12-23 23:00:00,-0.0,15873.654411947797,7604.008228052202
2025-12-24 00:00:00,-0.0,15873.654411947797,7199.754184052204
2025-12-24 01:00:00,-0.0,15873.654411947797,6799.838489052103
2025-12-24 02:00:00,-0.0,15873.654411947797,6210.603349052204
2025-12-24 03:00:00,-0.0,15873.654411947797,6049.136006052204
2025-12-24 04:00:00,-0.0,15873.654411947797,5530.148062052203
2025-12-24 05:00:00,-0.0,15873.654411947797,5338.239367052103
2025-12-24 06:00:00,-0.0,15873.654411947797,6028.199291052204
2025-12-24 07:00:00,7207.726568976371,15706.024662023628,-0.0
2025-12-24 08:00:00,23835.528114,-0.0,-0.0
2025-12-24 09:00:00,24577.157414,-0.0,-0.0
2025-12-24 10:00:00,25358.842039,-0.0,-0.0
2025-12-24 11:00:00,25382.23162,-0.0,-0.0
2025-12-24 12:00:00,25233.763004,-0.0,-0.0
2025-12-24 13:00:00,24834.440029,-0.0,-0.0
2025-12-24 14:00:00,24190.642172,-0.0,-0.0
2025-12-24 15:00:00,24247.583301,-0.0,-0.0
2025-12-24 16:00:00,14272.356279008925,10905.369859991073,-0.0
2025-12-24 17:00:00,-0.0,15873.654411947797,9739.204538052205
2025-12-24 18:00:00,-0.0,15873.654411947797,9177.099862052202
2025-12-24 19:00:00,-0.0,15873.654411947797,8302.607935052203
2025-12-24 20:00:00,-0.0,15873.654411947797,7961.327273052202
2025-12-24 21:00:00,-0.0,15873.654411947797,7279.602817052202
2025-12-24 22:00:00,15.554006406940918,15873.654411947797,6929.279968645162
2025-12-24 23:00:00,-0.0,15873.654411947797,6675.9265750522045
2025-12-25 00:00:00,-0.0,15873.654411947797,5579.051778052204
2025-12-25 01:00:00,-0.0,15873.654411947797,5400.034837052202
2025-12-25 02:00:00,-0.0,15873.654411947797,5335.764056052203
2025-12-25 03:00:00,-0.0,15873.654411947797,4618.561836052204
2025-12-25 04:00:00,-0.0,15873.654411947797,4464.672638052203
2025-12-25 05:00:00,-0.0,15873.654411947797,4261.479700052203
2025-12-25 06:00:00,171.09407047631362,15873.654411947797,4007.8530395758908
2025-12-25 07:00:00,20471.319746,-0.0,-0.0
2025-12-25 08:00:00,22888.683265,-0.0,-0.0
2025-12-25 09:00:00,23943.554253,-0.0,-0.0
2025-12-25 10:00:00,24057.289909,-0.0,-0.0
2025-12-25 11:00:00,22843.616187,-0.0,-0.0
2025-12-25 12:00:00,22928.8717479999,-0.0,-0.0
2025-12-25 13:00:00,22568.931189,-0.0,-0.0
2025-12-25 14:00:00,22270.306346,-0.0,-0.0
2025-12-25 15:00:00,21884.320806,-0.0,-0.0
2025-12-25 16:00:00,22347.170569,-0.0,-0.0
2025-12-25 17:00:00,-0.0,15873.654411947797,7232.336238052203
2025-12-25 18:00:00,-0.0,15873.654411947797,6951.707915052202
2025-12-25 19:00:00,-0.0,15873.654411947797,6728.755116052203
2025-12-25 20:00:00,-0.0,15873.654411947797,6358.973587052204
2025-12-25 21:00:00,-0.0,15873.654411947797,6131.3903250522035
2025-12-25 22:00:00,-0.0,15873.654411947797,5566.409804052202
2025-12-25 23:00:00,-0.0,15873.654411947797,4740.067725052204
2025-12-26 00:00:00,-0.0,15873.654411947797,4798.882278052204
2025-12-26 01:00:00,-0.0,15873.654411947797,4196.703626052202
2025-12-26 02:00:00,-0.0,15873.654411947797,3890.7901510522042
2025-12-26 03:00:00,-0.0,15873.654411947797,3495.854399052203
2025-12-26 04:00:00,-0.0,15873.654411947797,3134.689402052203
2025-12-26 05:00:00,-0.0,15873.654411947797,3910.8475950522025
2025-12-26 06:00:00,261.30730763655316,15873.654411947797,4785.309145415648
2025-12-26 07:00:00,21383.347905,-0.0,-0.0
2025-12-26 08:00:00,23169.833546,-0.0,-0.0
2025-12-26 09:00:00,23290.4523229999,-0.0,-0.0
2025-12-26 10:00:00,23476.8118,-0.0,-0.0
2025-12-26 11:00:00,23737.070386,-0.0,-0.0
2025-12-26 12:00:00,23928.288587,-0.0,-0.0
2025-12-26 13:00:00,24644.930166,-0.0,-0.0
2025-12-26 14:00:00,24074.6378009999,-0.0,-0.0
2025-12-26 15:00:00,23732.139443,-0.0,-0.0
2025-12-26 16:00:00,20630.8340981664,4000.264885833498,-0.0
2025-12-26 17:00:00,-0.0,15873.654411947797,10017.626743052102
2025-12-26 18:00:00,-0.0,15873.654411947797,9815.575148052203
2025-12-26 19:00:00,-0.0,15873.654411947797,9157.034935052203
2025-12-26 20:00:00,-0.0,15873.654411947797,8867.634126052204
2025-12-26 21:00:00,-0.0,15873.654411947797,8370.269301052203
2025-12-26 22:00:00,-0.0,15873.654411947797,7318.7247230522025
2025-12-26 23:00:00,-0.0,15873.654411947797,6375.515100052204
2025-12-27 00:00:00,-0.0,15873.654411947797,5354.628182052204
2025-12-27 01:00:00,-0.0,15873.654411947797,4278.971885052202
2025-12-27 02:00:00,-0.0,15873.654411947797,3569.2547330522048
2025-12-27 03:00:00,-0.0,15873.654411947797,3365.731898052205
2025-12-27 04:00:00,-0.0,15873.654411947797,3325.706982052203
2025-12-27 05:00:00,-0.0,15873.654411947797,3652.396455052205
2025-12-27 06:00:00,-0.0,15873.654411947797,4958.991744052202
2025-12-27 07:00:00,21366.35657,-0.0,-0.0
2025-12-27 08:00:00,22508.6074649999,-0.0,-0.0
2025-12-27 09:00:00,23709.5759157,-0.0,-0.0
2025-12-27 10:00:00,25000.690712,-0.0,-0.0
2025-12-27 11:00:00,25107.243283,-0.0,-0.0
2025-12-27 12:00:00,24672.677141,-0.0,-0.0
2025-12-27 13:00:00,24777.8819959999,-0.0,-0.0
2025-12-27 14:00:00,24234.383105,-0.0,-0.0
2025-12-27 15:00:00,22129.333391,-0.0,-0.0
2025-12-27 16:00:00,22655.145433,-0.0,-0.0
2025-12-27 17:00:00,-0.0,15873.654411947797,8784.219648052202
2025-12-27 18:00:00,-0.0,15873.654411947797,8936.740204052205
2025-12-27 19:00:00,-0.0,15873.654411947797,8696.768504052203
2025-12-27 20:00:00,-0.0,15873.654411947797,8421.314929052203
2025-12-27 21:00:00,-0.0,15873.654411947797,8108.833651052102
2025-12-27 22:00:00,-0.0,15873.654411947797,7277.423773052202
2025-12-27 23:00:00,-0.0,15873.654411947797,6171.098951052203
2025-12-28 00:00:00,-0.0,15873.654411947797,5561.090286052202
2025-12-28 01:00:00,-0.0,15873.654411947797,4711.870535052205
2025-12-28 02:00:00,-0.0,15873.654411947797,4201.619098052202
2025-12-28 03:00:00,-0.0,15873.654411947797,3710.510635052202
2025-12-28 04:00:00,-0.0,15873.654411947797,3705.7760820522035
2025-12-28 05:00:00,-0.0,15873.654411947797,4121.823439052203
2025-12-28 06:00:00,264.4181089179686,15873.654411947797,4777.273860134234
2025-12-28 07:00:00,21756.958059,-0.0,-0.0
2025-12-28 08:00:00,22938.288661,-0.0,-0.0
2025-12-28 09:00:00,24014.7651229999,-0.0,-0.0
2025-12-28 10:00:00,24333.935773,-0.0,-0.0
2025-12-28 11:00:00,24719.862772,-0.0,-0.0
2025-12-28 12:00:00,24832.0381529999,-0.0,-0.0
2025-12-28 13:00:00,24953.4196769999,-0.0,-0.0
2025-12-28 14:00:00,24618.283903,-0.0,-0.0
2025-12-28 15:00:00,22762.664704,-0.0,-0.0
2025-12-28 16:00:00,23170.1203289999,-0.0,-0.0
2025-12-28 17:00:00,-0.0,15873.654411947797,9361.868673052102
2025-12-28 18:00:00,-0.0,15873.654411947797,9346.862182052204
2025-12-28 19:00:00,-0.0,15873.654411947797,9085.636359052203
2025-12-28 20:00:00,-0.0,15873.654411947797,8833.750465052204
2025-12-28 21:00:00,-0.0,15873.654411947797,8733.468438052203
2025-12-28 22:00:00,-0.0,15873.654411947797,7461.832112052203
2025-12-28 23:00:00,-0.0,15873.654411947797,6221.394756052103
2025-12-29 00:00:00,-0.0,15873.654411947797,5550.221943052204
2025-12-29 01:00:00,-0.0,15873.654411947797,4737.361581052204
2025-12-29 02:00:00,-0.0,15873.654411947797,4380.118901052103
2025-12-29 03:00:00,-0.0,15873.654411947797,4346.025493052204
2025-12-29 04:00:00,-0.0,15873.654411947797,4681.851949052203
2025-12-29 05:00:00,-0.0,15873.654411947797,5766.2454260522045
2025-12-29 06:00:00,31.108012813881835,15873.654411947797,7594.041951238321
2025-12-29 07:00:00,24870.013177,-0.0,-0.0
2025-12-29 08:00:00,25940.096572,-0.0,-0.0
2025-12-29 09:00:00,26314.564277,-0.0,-0.0
2025-12-29 10:00:00,26772.643824,-0.0,-0.0
2025-12-29 11:00:00,26903.824701,-0.0,-0.0
2025-12-29 12:00:00,26814.346324,-0.0,-0.0
2025-12-29 13:00:00,26694.773451,-0.0,-0.0
2025-12-29 14:00:00,26000.577468,-0.0,-0.0
2025-12-29 15:00:00,23346.537936,-0.0,-0.0
2025-12-29 16:00:00,24680.872131,-0.0,-0.0
2025-12-29 17:00:00,367.07455120378904,15873.654411947797,10309.582032848415
2025-12-29 18:00:00,-0.0,15873.654411947797,10650.919974052204
2025-12-29 19:00:00,-0.0,15873.654411947797,10343.373272052204
2025-12-29 20:00:00,-0.0,15873.654411947797,9784.214036052204
2025-12-29 21:00:00,-0.0,15873.654411947797,9332.922702052203
2025-12-29 22:00:00,-0.0,15873.654411947797,8203.621094052205
2025-12-29 23:00:00,-0.0,15873.654411947797,6903.2545730522015
2025-12-30 00:00:00,-0.0,15873.654411947797,6703.647262052202
2025-12-30 01:00:00,-0.0,15873.654411947797,5762.233003052204
2025-12-30 02:00:00,-0.0,15873.654411947797,5704.192704052102
2025-12-30 03:00:00,-0.0,15873.654411947797,5206.4180180522035
2025-12-30 04:00:00,-0.0,15873.654411947797,5081.139539052203
2025-12-30 05:00:00,-0.0,15873.654411947797,6266.534362052202
2025-12-30 06:00:00,15.554006406940918,15873.654411947797,7656.038125645264
2025-12-30 07:00:00,24728.14537,-0.0,-0.0
2025-12-30 08:00:00,25915.913738,-0.0,-0.0
2025-12-30 09:00:00,26965.482716,-0.0,-0.0
2025-12-30 10:00:00,27807.398221,-0.0,-0.0
2025-12-30 11:00:00,27784.972023,-0.0,-0.0
2025-12-30 12:00:00,26487.949447,-0.0,-0.0
2025-12-30 13:00:00,25805.479112,-0.0,-0.0
2025-12-30 14:00:00,25723.061009,-0.0,-0.0
2025-12-30 15:00:00,25053.883368,-0.0,-0.0
2025-12-30 16:00:00,22519.090475969006,3451.1422170308942,-0.0
2025-12-30 17:00:00,-0.0,15873.654411947797,11563.592936052102
2025-12-30 18:00:00,-0.0,15873.654411947797,11007.904115052204
2025-12-30 19:00:00,-0.0,15873.654411947797,10437.558936052204
2025-12-30 20:00:00,-0.0,15873.654411947797,9983.175655052202
2025-12-30 21:00:00,-0.0,15873.654411947797,9417.502612052203
2025-12-30 22:00:00,-0.0,15873.654411947797,8191.320208052204
2025-12-30 23:00:00,-0.0,15873.654411947797,6863.0604670522025
2025-12-31 00:00:00,-0.0,15873.654411947797,6719.754664052203
2025-12-31 01:00:00,-0.0,15873.654411947797,6210.823976052203
2025-12-31 02:00:00,-0.0,15873.654411947797,5900.6230480522045
2025-12-31 03:00:00,-0.0,15873.654411947797,6194.622044052203
2025-12-31 04:00:00,-0.0,15873.654411947797,6084.850694052204
2025-12-31 05:00:00,-0.0,15873.654411947797,6012.273900052203
2025-12-31 06:00:00,-0.0,15873.654411947797,6254.077875052202
2025-12-31 07:00:00,3176.1281082972805,15873.654411947797,4171.035996754923
2025-12-31 08:00:00,24307.823833,-0.0,-0.0
2025-12-31 09:00:00,25085.708877,-0.0,-0.0
2025-12-31 10:00:00,25395.6295929999,-0.0,-0.0
2025-12-31 11:00:00,25831.986532,-0.0,-0.0
2025-12-31 12:00:00,25823.957196,-0.0,-0.0
2025-12-31 13:00:00,25711.792954,-0.0,-0.0
2025-12-31 14:00:00,25339.926018,-0.0,-0.0
2025-12-31 15:00:00,20997.908649370187,4443.609702629812,-0.0
2025-12-31 16:00:00,1648.7246791357163,15873.654411947797,8482.284227916487
2025-12-31 17:00:00,-0.0,15873.654411947797,10841.302191052202
2025-12-31 18:00:00,-0.0,15873.654411947797,10036.490465052202
2025-12-31 19:00:00,-0.0,15873.654411947797,8974.223848052205
2025-12-31 20:00:00,-0.0,15873.654411947797,7923.635896052203
2025-12-31 21:00:00,-0.0,15873.654411947797,7330.346769052203
2025-12-31 22:00:00,-0.0,15873.654411947797,6562.7035930522015
2025-12-31 23:00:00,-0.0,15873.654411947797,5852.956927052202
