snapshot,solar,bess_unserved_load
2025-01-01 00:00:00,-0.0,21768.585137
2025-01-01 01:00:00,-0.0,21111.893379
2025-01-01 02:00:00,-0.0,20358.821469
2025-01-01 03:00:00,-0.0,19926.846964
2025-01-01 04:00:00,-0.0,19916.727203
2025-01-01 05:00:00,-0.0,20239.135753
2025-01-01 06:00:00,4.043858534274589,-0.0
2025-01-01 07:00:00,5002.253006897666,16654.819538102332
2025-01-01 08:00:00,21194.247707517337,2225.946775482662
2025-01-01 09:00:00,30575.229248265958,-0.0
2025-01-01 10:00:00,31655.7097356857,-0.0
2025-01-01 11:00:00,30563.482802047347,-0.0
2025-01-01 12:00:00,30872.741697573303,-0.0
2025-01-01 13:00:00,31285.98552683774,-0.0
2025-01-01 14:00:00,27322.233904480214,-0.0
2025-01-01 15:00:00,20245.866598883895,1352.9830691161042
2025-01-01 16:00:00,4015.3589598425547,18998.314585157448
2025-01-01 17:00:00,56.80658417194999,24649.72469882805
2025-01-01 18:00:00,-0.0,24870.967744
2025-01-01 19:00:00,-0.0,24637.428755
2025-01-01 20:00:00,-0.0,24184.064674
2025-01-01 21:00:00,-0.0,23817.6550599999
2025-01-01 22:00:00,-0.0,22709.552699
2025-01-01 23:00:00,-0.0,21489.901479
2025-01-02 00:00:00,-0.0,20821.21345
2025-01-02 01:00:00,-0.0,20246.292391
2025-01-02 02:00:00,-0.0,19700.929643
2025-01-02 03:00:00,-0.0,19905.546645
2025-01-02 04:00:00,-0.0,20252.702808
2025-01-02 05:00:00,-0.0,21572.870124
2025-01-02 06:00:00,8.472846452765,23358.264526547235
2025-01-02 07:00:00,5086.596342041105,19785.407731958894
2025-01-02 08:00:00,23224.842385799504,3520.093481200496
2025-01-02 09:00:00,32663.785898872728,-0.0
2025-01-02 10:00:00,33445.40598414037,-0.0
2025-01-02 11:00:00,32289.632702106275,-0.0
2025-01-02 12:00:00,32420.19156335571,-0.0
2025-01-02 13:00:00,33362.6031665338,-0.0
2025-01-02 14:00:00,32787.79756059048,-0.0
2025-01-02 15:00:00,22965.650310221718,544.9193757782814
2025-01-02 16:00:00,4520.456147242665,20395.586990757336
2025-01-02 17:00:00,229.15198360889,22836.39107814844
2025-01-02 18:00:00,-0.0,26451.635478
2025-01-02 19:00:00,-0.0,26083.005799
2025-01-02 20:00:00,-0.0,25628.024868
2025-01-02 21:00:00,-0.0,24999.451684
2025-01-02 22:00:00,-0.0,23676.615942
2025-01-02 23:00:00,-0.0,22454.382481
2025-01-03 00:00:00,-0.0,22573.185717
2025-01-03 01:00:00,-0.0,22380.633737
2025-01-03 02:00:00,-0.0,21631.952505
2025-01-03 03:00:00,-0.0,-0.0
2025-01-03 04:00:00,-0.0,21211.978156
2025-01-03 05:00:00,-0.0,22002.754144
2025-01-03 06:00:00,-0.0,23713.972819
2025-01-03 07:00:00,2613.295436601925,-0.0
2025-01-03 08:00:00,11912.244418512395,13302.417396487604
2025-01-03 09:00:00,15705.961417738285,10224.077309261715
2025-01-03 10:00:00,20252.413798415575,5988.212697584324
2025-01-03 11:00:00,24044.5902801046,3328.5523438954006
2025-01-03 12:00:00,24935.009416413446,1861.9596005865533
2025-01-03 13:00:00,23464.585427474354,2979.913286525647
2025-01-03 14:00:00,21278.59104266078,4916.40041533922
2025-01-03 15:00:00,14117.687837228916,10674.311646771084
2025-01-03 16:00:00,2589.0322853962753,22452.002067603724
2025-01-03 17:00:00,-0.0,26623.716232
2025-01-03 18:00:00,-0.0,26522.376886
2025-01-03 19:00:00,-0.0,26376.436904
2025-01-03 20:00:00,-0.0,25738.420622
2025-01-03 21:00:00,-0.0,-0.0
2025-01-03 22:00:00,-0.0,24196.6116029999
2025-01-03 23:00:00,-0.0,23228.896994
2025-01-04 00:00:00,-0.0,22416.9609
2025-01-04 01:00:00,-0.0,22101.351714
2025-01-04 02:00:00,-0.0,20893.031301
2025-01-04 03:00:00,-0.0,20481.088296
2025-01-04 04:00:00,-0.0,20251.253931
2025-01-04 05:00:00,-0.0,20727.06622
2025-01-04 06:00:00,6.739764223790001,21706.52119177621
2025-01-04 07:00:00,3760.4033074911504,18898.06315350885
2025-01-04 08:00:00,20786.780819016145,4424.256541983854
2025-01-04 09:00:00,30700.58886282847,-0.0
2025-01-04 10:00:00,31444.273703750776,-0.0
2025-01-04 11:00:00,30957.27759740885,-0.0
2025-01-04 12:00:00,29876.219415912776,-0.0
2025-01-04 13:00:00,27252.71805062911,-0.0
2025-01-04 14:00:00,25757.838345792272,-0.0
2025-01-04 15:00:00,16068.175603594025,5661.350478405975
2025-01-04 16:00:00,2661.436609629005,20553.059556370994
2025-01-04 17:00:00,-0.0,22855.038516709785
2025-01-04 18:00:00,-0.0,-0.0
2025-01-04 19:00:00,-0.0,25403.074854
2025-01-04 20:00:00,-0.0,24776.704857
2025-01-04 21:00:00,-0.0,24296.2122
2025-01-04 22:00:00,-0.0,23537.483544
2025-01-04 23:00:00,-0.0,22718.895518
2025-01-05 00:00:00,-0.0,22024.283222
2025-01-05 01:00:00,-0.0,21335.625168
2025-01-05 02:00:00,-0.0,20453.553996
2025-01-05 03:00:00,-0.0,20173.510343
2025-01-05 04:00:00,-0.0,20115.85513
2025-01-05 05:00:00,-0.0,20569.192669
2025-01-05 06:00:00,6.5471995316800005,21333.07859246832
2025-01-05 07:00:00,4316.915267684175,17866.43118531582
2025-01-05 08:00:00,20829.7227453563,2699.1229316436
2025-01-05 09:00:00,29825.96003127251,-0.0
2025-01-05 10:00:00,31639.534301548607,-0.0
2025-01-05 11:00:00,32203.94141411807,-0.0
2025-01-05 12:00:00,32410.37076405818,-0.0
2025-01-05 13:00:00,33035.435754641774,-0.0
2025-01-05 14:00:00,32559.608400442132,-0.0
2025-01-05 15:00:00,22781.17333518195,-0.0
2025-01-05 16:00:00,4874.77518072196,17627.87788827804
2025-01-05 17:00:00,29.269833200460003,24823.83073679954
2025-01-05 18:00:00,-0.0,25099.710522
2025-01-05 19:00:00,-0.0,24965.094976
2025-01-05 20:00:00,-0.0,24513.344913
2025-01-05 21:00:00,-0.0,24153.980073
2025-01-05 22:00:00,-0.0,22862.976892
2025-01-05 23:00:00,-0.0,21785.075114
2025-01-06 00:00:00,-0.0,21501.93448
2025-01-06 01:00:00,-0.0,21242.385153
2025-01-06 02:00:00,-0.0,-0.0
2025-01-06 03:00:00,-0.0,20036.645827
2025-01-06 04:00:00,-0.0,20513.5474489999
2025-01-06 05:00:00,-0.0,22032.455262
2025-01-06 06:00:00,10.398493373845,24088.026840626153
2025-01-06 07:00:00,4741.52041378301,21179.739261216993
2025-01-06 08:00:00,23085.232984020982,3593.2124749790164
2025-01-06 09:00:00,33034.28036648912,-0.0
2025-01-06 10:00:00,33918.15230326628,-0.0
2025-01-06 11:00:00,32767.385703227,-0.0
2025-01-06 12:00:00,32543.62553099714,-0.0
2025-01-06 13:00:00,32197.5867792785,-0.0
2025-01-06 14:00:00,29729.485120526246,-0.0
2025-01-06 15:00:00,19718.431907199225,4461.354312800777
2025-01-06 16:00:00,4485.40937327895,-0.0
2025-01-06 17:00:00,74.329971153805,26797.989641846194
2025-01-06 18:00:00,68.36046569845,26814.69304330155
2025-01-06 19:00:00,-0.0,26673.750601
2025-01-06 20:00:00,-0.0,25968.2196459999
2025-01-06 21:00:00,-0.0,25328.0296739999
2025-01-06 22:00:00,-0.0,24833.766237
2025-01-06 23:00:00,-0.0,23414.634527
2025-01-07 00:00:00,-0.0,22372.920049
2025-01-07 01:00:00,-0.0,21768.569997
2025-01-07 02:00:00,-0.0,20951.690316
2025-01-07 03:00:00,-0.0,20648.692088
2025-01-07 04:00:00,-0.0,21056.089303
2025-01-07 05:00:00,-0.0,22309.60882
2025-01-07 06:00:00,-0.0,24386.447837
2025-01-07 07:00:00,2264.56077919377,23508.94574980623
2025-01-07 08:00:00,13254.80545189156,12570.35660210844
2025-01-07 09:00:00,23163.22168432485,2620.20800267515
2025-01-07 10:00:00,27423.715497221292,-0.0
2025-01-07 11:00:00,27701.20121854937,-0.0
2025-01-07 12:00:00,28693.872206367727,-0.0
2025-01-07 13:00:00,28623.586093748192,-0.0
2025-01-07 14:00:00,25792.499990371765,-0.0
2025-01-07 15:00:00,18425.93769376822,5296.13259923178
2025-01-07 16:00:00,3680.6815249583096,21001.69105704169
2025-01-07 17:00:00,-0.0,26681.007947
2025-01-07 18:00:00,-0.0,26807.390853
2025-01-07 19:00:00,-0.0,26456.062724
2025-01-07 20:00:00,-0.0,25759.133538
2025-01-07 21:00:00,-0.0,25078.213348
2025-01-07 22:00:00,-0.0,23729.803663
2025-01-07 23:00:00,-0.0,22346.731634
2025-01-08 00:00:00,-0.0,21877.661997
2025-01-08 01:00:00,-0.0,-0.0
2025-01-08 02:00:00,-0.0,20668.657322
2025-01-08 03:00:00,-0.0,20544.69509
2025-01-08 04:00:00,-0.0,20469.066233
2025-01-08 05:00:00,-0.0,21618.875931
2025-01-08 06:00:00,-0.0,23384.455065
2025-01-08 07:00:00,2008.64230338182,22628.39101061818
2025-01-08 08:00:00,12556.373313614706,12062.303287385294
2025-01-08 09:00:00,20926.967914871002,3361.4642451289983
2025-01-08 10:00:00,26695.050702283428,-0.0
2025-01-08 11:00:00,28707.159170123203,-0.0
2025-01-08 12:00:00,30654.180772030366,-0.0
2025-01-08 13:00:00,32640.870700511838,-0.0
2025-01-08 14:00:00,33016.94954419938,-0.0
2025-01-08 15:00:00,25164.73909409866,-0.0
2025-01-08 16:00:00,5608.8317870388555,18335.182664961143
2025-01-08 17:00:00,234.35123029581501,25544.675381704186
2025-01-08 18:00:00,-0.0,25989.9919959999
2025-01-08 19:00:00,-0.0,25696.741069
2025-01-08 20:00:00,-0.0,25314.289918
2025-01-08 21:00:00,-0.0,-0.0
2025-01-08 22:00:00,-0.0,23472.165254
2025-01-08 23:00:00,-0.0,22355.27066
2025-01-09 00:00:00,-0.0,21933.86865
2025-01-09 01:00:00,-0.0,21214.254055
2025-01-09 02:00:00,-0.0,-0.0
2025-01-09 03:00:00,-0.0,20507.422434
2025-01-09 04:00:00,-0.0,20812.615891
2025-01-09 05:00:00,-0.0,3188.9796337531443
2025-01-09 06:00:00,3.6587291500579617,24294.012566849942
2025-01-09 07:00:00,5584.568635833205,20327.653750166795
2025-01-09 08:00:00,25501.149611211888,1250.7933197881139
2025-01-09 09:00:00,34492.38021513327,-0.0
2025-01-09 10:00:00,35116.867511640536,-0.0
2025-01-09 11:00:00,34136.328099425,-0.0
2025-01-09 12:00:00,33918.729997342605,-0.0
2025-01-09 13:00:00,33575.19458662138,-0.0
2025-01-09 14:00:00,31939.35752716125,-0.0
2025-01-09 15:00:00,25369.050232425583,-0.0
2025-01-09 16:00:00,6816.5975359422,-0.0
2025-01-09 17:00:00,23.49289243721,25862.06525556279
2025-01-09 18:00:00,-0.0,11448.885489290136
2025-01-09 19:00:00,-0.0,26047.567138
2025-01-09 20:00:00,-0.0,25376.494205
2025-01-09 21:00:00,-0.0,24874.342615
2025-01-09 22:00:00,-0.0,23597.184917
2025-01-09 23:00:00,-0.0,22338.387894
2025-01-10 00:00:00,-0.0,22206.654326
2025-01-10 01:00:00,-0.0,21366.9386969999
2025-01-10 02:00:00,-0.0,20614.002289
2025-01-10 03:00:00,-0.0,20367.716719
2025-01-10 04:00:00,-0.0,20628.3530709999
2025-01-10 05:00:00,-0.0,-0.0
2025-01-10 06:00:00,4.62155261059953,23671.5744753894
2025-01-10 07:00:00,5382.375709119476,19882.016353880525
2025-01-10 08:00:00,25322.257012243266,409.83595375673394
2025-01-10 09:00:00,34343.335143441436,-0.0
2025-01-10 10:00:00,34331.396132530725,-0.0
2025-01-10 11:00:00,33229.34839959484,-0.0
2025-01-10 12:00:00,33101.67800872703,-0.0
2025-01-10 13:00:00,32518.206991638835,-0.0
2025-01-10 14:00:00,31284.252444608763,-0.0
2025-01-10 15:00:00,24460.337450366453,-0.0
2025-01-10 16:00:00,6189.606898437531,17992.93387056247
2025-01-10 17:00:00,228.574289532565,25611.604783467435
2025-01-10 18:00:00,-0.0,25630.811064
2025-01-10 19:00:00,-0.0,25411.449232
2025-01-10 20:00:00,-0.0,25067.576995
2025-01-10 21:00:00,-0.0,24757.104272
2025-01-10 22:00:00,-0.0,23708.592938
2025-01-10 23:00:00,-0.0,22928.1597669999
2025-01-11 00:00:00,-0.0,22349.367676
2025-01-11 01:00:00,-0.0,21457.008899
2025-01-11 02:00:00,-0.0,20608.517569
2025-01-11 03:00:00,-0.0,20315.29275
2025-01-11 04:00:00,-0.0,20407.00647
2025-01-11 05:00:00,-0.0,21036.804329
2025-01-11 06:00:00,6.162070147464999,22009.943267852537
2025-01-11 07:00:00,5165.547865805515,-0.0
2025-01-11 08:00:00,24390.243902439022,-0.0
2025-01-11 09:00:00,33652.99072223313,-0.0
2025-01-11 10:00:00,34603.87517186399,-0.0
2025-01-11 11:00:00,32855.77289690472,-0.0
2025-01-11 12:00:00,30472.014573295895,-0.0
2025-01-11 13:00:00,29067.44770905786,-0.0
2025-01-11 14:00:00,28166.437514683057,-0.0
2025-01-11 15:00:00,23759.97966516851,-0.0
2025-01-11 16:00:00,6403.93140075408,15911.29088524592
2025-01-11 17:00:00,54.30324317454,24308.399460825458
2025-01-11 18:00:00,-0.0,24660.268554
2025-01-11 19:00:00,-0.0,24305.730717
2025-01-11 20:00:00,-0.0,23992.7157779999
2025-01-11 21:00:00,-0.0,23658.040196
2025-01-11 22:00:00,-0.0,-0.0
2025-01-11 23:00:00,-0.0,21840.539642
2025-01-12 00:00:00,-0.0,21442.800187
2025-01-12 01:00:00,-0.0,20792.852471
2025-01-12 02:00:00,-0.0,20435.315162
2025-01-12 03:00:00,-0.0,-0.0
2025-01-12 04:00:00,-0.0,-0.0
2025-01-12 05:00:00,-0.0,20174.441876
2025-01-12 06:00:00,3.851293842166276,21053.309924157835
2025-01-12 07:00:00,5623.8518330233,16068.2960159767
2025-01-12 08:00:00,26197.656102567656,-0.0
2025-01-12 09:00:00,35179.836165959954,-0.0
2025-01-12 10:00:00,35249.35201981106,-0.0
2025-01-12 11:00:00,34505.66717888875,-0.0
2025-01-12 12:00:00,34375.108317639315,-0.0
2025-01-12 13:00:00,34837.26357869926,-0.0
2025-01-12 14:00:00,34765.051819158645,-0.0
2025-01-12 15:00:00,26583.1706161685,-0.0
2025-01-12 16:00:00,6824.877817702855,15225.646950297145
2025-01-12 17:00:00,149.81533046026502,-0.0
2025-01-12 18:00:00,-0.0,25078.768139
2025-01-12 19:00:00,-0.0,24852.52236
2025-01-12 20:00:00,-0.0,24446.2229129999
2025-01-12 21:00:00,-0.0,24061.827712
2025-01-12 22:00:00,-0.0,22796.681897
2025-01-12 23:00:00,-0.0,21912.726045
2025-01-13 00:00:00,-0.0,21876.139438
2025-01-13 01:00:00,-0.0,21305.3735749999
2025-01-13 02:00:00,-0.0,21094.352573
2025-01-13 03:00:00,-0.0,21052.321618
2025-01-13 04:00:00,-0.0,21166.738606
2025-01-13 05:00:00,-0.0,22751.823528
2025-01-13 06:00:00,5.19924668692,-0.0
2025-01-13 07:00:00,5626.1626093285995,21328.3070466714
2025-01-13 08:00:00,25788.456131837494,-0.0
2025-01-13 09:00:00,35096.84078366127,-0.0
2025-01-13 10:00:00,35836.09663666509,-0.0
2025-01-13 11:00:00,35341.205377946724,-0.0
2025-01-13 12:00:00,35303.84782767771,-0.0
2025-01-13 13:00:00,35222.77809230011,-0.0
2025-01-13 14:00:00,34877.5095993499,-0.0
2025-01-13 15:00:00,27262.346285234522,-0.0
2025-01-13 16:00:00,6702.406673521969,17897.095244478034
2025-01-13 17:00:00,8.66541114487,26785.82542485513
2025-01-13 18:00:00,-0.0,27188.188942
2025-01-13 19:00:00,-0.0,26763.280646
2025-01-13 20:00:00,-0.0,26279.01978
2025-01-13 21:00:00,-0.0,25795.524221
2025-01-13 22:00:00,-0.0,-0.0
2025-01-13 23:00:00,-0.0,22853.810981
2025-01-14 00:00:00,-0.0,-0.0
2025-01-14 01:00:00,-0.0,22241.760661
2025-01-14 02:00:00,-0.0,21830.847493
2025-01-14 03:00:00,-0.0,21711.939436
2025-01-14 04:00:00,-0.0,22010.4605959999
2025-01-14 05:00:00,-0.0,23508.869977
2025-01-14 06:00:00,5.969505455355,26118.836485544645
2025-01-14 07:00:00,5735.92448383034,22031.638445169658
2025-01-14 08:00:00,26225.38541823125,2339.5216057687503
2025-01-14 09:00:00,35691.095423507526,-0.0
2025-01-14 10:00:00,36071.025561037226,-0.0
2025-01-14 11:00:00,35475.808097730434,-0.0
2025-01-14 12:00:00,35538.39162266563,-0.0
2025-01-14 13:00:00,35258.01743095593,-0.0
2025-01-14 14:00:00,32443.877020485033,-0.0
2025-01-14 15:00:00,26076.72547592364,-0.0
2025-01-14 16:00:00,7064.620859377705,17568.535924622294
2025-01-14 17:00:00,13.672093139689999,-0.0
2025-01-14 18:00:00,-0.0,26995.094721
2025-01-14 19:00:00,-0.0,26713.718593
2025-01-14 20:00:00,-0.0,26286.569534
2025-01-14 21:00:00,-0.0,25633.652415
2025-01-14 22:00:00,-0.0,-0.0
2025-01-14 23:00:00,-0.0,-0.0
2025-01-15 00:00:00,-0.0,22222.132026
2025-01-15 01:00:00,-0.0,21903.7014619999
2025-01-15 02:00:00,-0.0,22124.928666
2025-01-15 03:00:00,-0.0,21787.7664359999
2025-01-15 04:00:00,-0.0,21652.006842
2025-01-15 05:00:00,-0.0,23272.807142
2025-01-15 06:00:00,5.969505455355,25727.434819544644
2025-01-15 07:00:00,5806.018031757765,21582.128482242235
2025-01-15 08:00:00,26318.971858595898,1904.6561404041022
2025-01-15 09:00:00,35273.23004163249,-0.0
2025-01-15 10:00:00,35102.040030348195,-0.0
2025-01-15 11:00:00,34323.308415462176,-0.0
2025-01-15 12:00:00,34825.902261864874,-0.0
2025-01-15 13:00:00,34567.86557443973,-0.0
2025-01-15 14:00:00,30428.49495287942,-0.0
2025-01-15 15:00:00,24878.780526317816,-0.0
2025-01-15 16:00:00,7591.670421678159,17059.90304532184
2025-01-15 17:00:00,111.49495673071,26540.42347326919
2025-01-15 18:00:00,-0.0,26703.002452
2025-01-15 19:00:00,-0.0,26441.408996
2025-01-15 20:00:00,-0.0,25890.950219
2025-01-15 21:00:00,-0.0,25313.297797
2025-01-15 22:00:00,-0.0,24040.512978
2025-01-15 23:00:00,-0.0,-0.0
2025-01-16 00:00:00,-0.0,22209.086879
2025-01-16 01:00:00,-0.0,21809.293868
2025-01-16 02:00:00,-0.0,21518.607021
2025-01-16 03:00:00,-0.0,21309.399808
2025-01-16 04:00:00,-0.0,21637.647606
2025-01-16 05:00:00,-0.0,23167.791348
2025-01-16 06:00:00,13.094399063365,25685.854551936634
2025-01-16 07:00:00,5595.35225859127,5315.680567857692
2025-01-16 08:00:00,25124.107944063813,1979.224708936188
2025-01-16 09:00:00,34697.84674161284,-0.0
2025-01-16 10:00:00,35327.72584949914,-0.0
2025-01-16 11:00:00,33361.06264899693,-0.0
2025-01-16 12:00:00,30764.71290530054,-0.0
2025-01-16 13:00:00,31049.516084928735,-0.0
2025-01-16 14:00:00,28704.655829125797,-0.0
2025-01-16 15:00:00,21872.46055312282,2300.988014877181
2025-01-16 16:00:00,6171.31325268724,18638.04967931276
2025-01-16 17:00:00,238.009959445875,26488.326805554127
2025-01-16 18:00:00,-0.0,26972.055726
2025-01-16 19:00:00,-0.0,26571.684762
2025-01-16 20:00:00,-0.0,26408.16233
2025-01-16 21:00:00,-0.0,25879.968122
2025-01-16 22:00:00,-0.0,24608.609681
2025-01-16 23:00:00,-0.0,23176.110102
2025-01-17 00:00:00,-0.0,-0.0
2025-01-17 01:00:00,-0.0,22041.593445
2025-01-17 02:00:00,-0.0,21590.088633
2025-01-17 03:00:00,-0.0,21412.11717
2025-01-17 04:00:00,-0.0,21732.276418
2025-01-17 05:00:00,-0.0,23207.476926
2025-01-17 06:00:00,2.310776305299765,25512.768541694597
2025-01-17 07:00:00,5336.930441781915,-0.0
2025-01-17 08:00:00,23824.29627233269,-0.0
2025-01-17 09:00:00,30961.321455943125,-0.0
2025-01-17 10:00:00,31562.893554089493,-0.0
2025-01-17 11:00:00,31189.703180783585,-0.0
2025-01-17 12:00:00,29721.012274073473,-0.0
2025-01-17 13:00:00,29548.474309944428,-0.0
2025-01-17 14:00:00,28406.75825043423,-0.0
2025-01-17 15:00:00,24747.25884160784,-0.0
2025-01-17 16:00:00,7941.5604672389645,-0.0
2025-01-17 17:00:00,127.86295555992,26103.964978440083
2025-01-17 18:00:00,-0.0,26553.973918
2025-01-17 19:00:00,-0.0,26328.043309
2025-01-17 20:00:00,-0.0,-0.0
2025-01-17 21:00:00,-0.0,25463.416407
2025-01-17 22:00:00,-0.0,24420.2244979999
2025-01-17 23:00:00,-0.0,23109.344863
2025-01-18 00:00:00,-0.0,22815.653198
2025-01-18 01:00:00,-0.0,-0.0
2025-01-18 02:00:00,-0.0,21353.7286069999
2025-01-18 03:00:00,-0.0,20950.0020789999
2025-01-18 04:00:00,-0.0,20684.709003
2025-01-18 05:00:00,-0.0,21539.061644
2025-01-18 06:00:00,7.317458300115001,22443.768843699883
2025-01-18 07:00:00,5664.868112442375,17808.479180557624
2025-01-18 08:00:00,25101.963004471352,-0.0
2025-01-18 09:00:00,35065.260174155505,-0.0
2025-01-18 10:00:00,36291.12700411703,-0.0
2025-01-18 11:00:00,35084.51664336634,-0.0
2025-01-18 12:00:00,34579.22689127412,-0.0
2025-01-18 13:00:00,34906.39430316615,-0.0
2025-01-18 14:00:00,35002.86921391241,-0.0
2025-01-18 15:00:00,27841.773443788436,-0.0
2025-01-18 16:00:00,8094.841962157185,14188.495239842814
2025-01-18 17:00:00,96.86004013048,24257.86659886952
2025-01-18 18:00:00,-0.0,-0.0
2025-01-18 19:00:00,-0.0,24667.433573
2025-01-18 20:00:00,-0.0,24350.546527
2025-01-18 21:00:00,-0.0,23946.4554059999
2025-01-18 22:00:00,-0.0,23155.256724
2025-01-18 23:00:00,-0.0,-0.0
2025-01-19 00:00:00,-0.0,21791.746249
2025-01-19 01:00:00,-0.0,21391.733776
2025-01-19 02:00:00,-0.0,20845.692394
2025-01-19 03:00:00,-0.0,-0.0
2025-01-19 04:00:00,-0.0,20445.057523
2025-01-19 05:00:00,-0.0,20925.155938
2025-01-19 06:00:00,11.939010910715,21916.120669089283
2025-01-19 07:00:00,6086.58478815958,16797.83684984042
2025-01-19 08:00:00,26757.441662526526,-0.0
2025-01-19 09:00:00,36547.23804462109,-0.0
2025-01-19 10:00:00,37345.996387486375,-0.0
2025-01-19 11:00:00,36470.597297161985,-0.0
2025-01-19 12:00:00,36236.05350217406,-0.0
2025-01-19 13:00:00,36248.377642468986,-0.0
2025-01-19 14:00:00,36302.295756259315,-0.0
2025-01-19 15:00:00,29513.042406596494,-0.0
2025-01-19 16:00:00,8704.886906756325,-0.0
2025-01-19 17:00:00,300.786049073185,24595.697445926817
2025-01-19 18:00:00,58.15453701671,17880.55380006511
2025-01-19 19:00:00,-0.0,-0.0
2025-01-19 20:00:00,-0.0,24806.960443
2025-01-19 21:00:00,-0.0,24192.184513
2025-01-19 22:00:00,-0.0,23033.1790249999
2025-01-19 23:00:00,-0.0,21896.491701
2025-01-20 00:00:00,-0.0,21753.472576
2025-01-20 01:00:00,-0.0,21081.961173
2025-01-20 02:00:00,-0.0,20751.213262
2025-01-20 03:00:00,-0.0,20650.0157909999
2025-01-20 04:00:00,-0.0,21163.10055
2025-01-20 05:00:00,-0.0,22340.649962
2025-01-20 06:00:00,24.070586513534998,23779.830291486465
2025-01-20 07:00:00,6406.049612367275,19042.649226632726
2025-01-20 08:00:00,26530.60045522293,-0.0
2025-01-20 09:00:00,36080.26866625843,-0.0
2025-01-20 10:00:00,36716.69497367641,-0.0
2025-01-20 11:00:00,36281.306204819506,-0.0
2025-01-20 12:00:00,36430.928970587665,-0.0
2025-01-20 13:00:00,36891.15858472654,-0.0
2025-01-20 14:00:00,35566.89119709767,-0.0
2025-01-20 15:00:00,28482.051045048585,-0.0
2025-01-20 16:00:00,8240.998563467394,15801.545589532605
2025-01-20 17:00:00,302.32656661005,-0.0
2025-01-20 18:00:00,129.210908404675,26809.696801595324
2025-01-20 19:00:00,35.431903347925,26586.979776652075
2025-01-20 20:00:00,21.37468082402,-0.0
2025-01-20 21:00:00,-0.0,25456.27229
2025-01-20 22:00:00,-0.0,24154.14333
2025-01-20 23:00:00,-0.0,22949.271451
2025-01-21 00:00:00,-0.0,22545.345841
2025-01-21 01:00:00,-0.0,22095.506214
2025-01-21 02:00:00,-0.0,-0.0
2025-01-21 03:00:00,-0.0,-0.0
2025-01-21 04:00:00,-0.0,22038.141434
2025-01-21 05:00:00,-0.0,23575.5737559999
2025-01-21 06:00:00,19.25646921083,26076.284402789068
2025-01-21 07:00:00,6750.932975933265,21051.045118066733
2025-01-21 08:00:00,27832.915467951458,172.0913820485439
2025-01-21 09:00:00,36976.46474333052,-0.0
2025-01-21 10:00:00,37863.61027987353,-0.0
2025-01-21 11:00:00,36839.1661178573,-0.0
2025-01-21 12:00:00,35647.76836778316,-0.0
2025-01-21 13:00:00,34488.336356599,-0.0
2025-01-21 14:00:00,33144.042240990864,-0.0
2025-01-21 15:00:00,27384.624864723304,-0.0
2025-01-21 16:00:00,7670.42938075046,16876.211039249538
2025-01-21 17:00:00,179.662857737055,26579.234879262945
2025-01-21 18:00:00,34.8542092716,27231.292146728298
2025-01-21 19:00:00,-0.0,26986.2451319999
2025-01-21 20:00:00,-0.0,-0.0
2025-01-21 21:00:00,-0.0,25924.96656
2025-01-21 22:00:00,-0.0,24527.780885
2025-01-21 23:00:00,-0.0,23234.007244
2025-01-22 00:00:00,-0.0,22645.248405
2025-01-22 01:00:00,-0.0,22090.118401
2025-01-22 02:00:00,-0.0,21809.860826
2025-01-22 03:00:00,-0.0,21773.546007
2025-01-22 04:00:00,-0.0,22182.740696
2025-01-22 05:00:00,-0.0,23602.117055
2025-01-22 06:00:00,18.678775134505,26100.613709865396
2025-01-22 07:00:00,3739.79888543556,23860.60361256444
2025-01-22 08:00:00,19700.330826141042,8115.9630678589565
2025-01-22 09:00:00,31343.17724039391,-0.0
2025-01-22 10:00:00,34185.23953122051,-0.0
2025-01-22 11:00:00,35051.01038693949,-0.0
2025-01-22 12:00:00,35815.877343993714,-0.0
2025-01-22 13:00:00,35621.579569656424,-0.0
2025-01-22 14:00:00,33306.374276438175,-0.0
2025-01-22 15:00:00,26333.799339888235,-0.0
2025-01-22 16:00:00,8533.504330779924,15965.626686220075
2025-01-22 17:00:00,89.73514652247,26523.36867347753
2025-01-22 18:00:00,-0.0,27020.647925
2025-01-22 19:00:00,-0.0,26574.784628
2025-01-22 20:00:00,-0.0,26145.7183969999
2025-01-22 21:00:00,-0.0,25698.518351
2025-01-22 22:00:00,-0.0,24177.844978
2025-01-22 23:00:00,-0.0,22818.873104
2025-01-23 00:00:00,-0.0,-0.0
2025-01-23 01:00:00,-0.0,21505.952793
2025-01-23 02:00:00,-0.0,21104.020972
2025-01-23 03:00:00,-0.0,21042.220002
2025-01-23 04:00:00,-0.0,21506.68261
2025-01-23 05:00:00,-0.0,-0.0
2025-01-23 06:00:00,33.121127042625,-0.0
2025-01-23 07:00:00,6715.115943201115,20290.381673798885
2025-01-23 08:00:00,26726.631311789195,269.18227621080587
2025-01-23 09:00:00,34007.88744978876,-0.0
2025-01-23 10:00:00,36193.88183460234,-0.0
2025-01-23 11:00:00,36487.92811945173,-0.0
2025-01-23 12:00:00,35091.64153697435,-0.0
2025-01-23 13:00:00,34939.90055959299,-0.0
2025-01-23 14:00:00,34585.96665549791,-0.0
2025-01-23 15:00:00,28313.74950414592,-0.0
2025-01-23 16:00:00,10039.16765837483,14198.873236625168
2025-01-23 17:00:00,436.92928639376,26356.15871960614
2025-01-23 18:00:00,150.5855892287,26663.4295337713
2025-01-23 19:00:00,-0.0,26297.16372
2025-01-23 20:00:00,-0.0,-0.0
2025-01-23 21:00:00,-0.0,25101.027543
2025-01-23 22:00:00,-0.0,23878.882002
2025-01-23 23:00:00,-0.0,22665.661504
2025-01-24 00:00:00,-0.0,22351.934496
2025-01-24 01:00:00,-0.0,21769.709663
2025-01-24 02:00:00,-0.0,-0.0
2025-01-24 03:00:00,-0.0,17582.110634185974
2025-01-24 04:00:00,-0.0,-0.0
2025-01-24 05:00:00,-0.0,23008.084952
2025-01-24 06:00:00,17.523386981855,25448.025970018145
2025-01-24 07:00:00,6238.71089492515,-0.0
2025-01-24 08:00:00,24997.207811964425,2180.7700114355757
2025-01-24 09:00:00,35987.45248466222,-0.0
2025-01-24 10:00:00,36624.07135677231,-0.0
2025-01-24 11:00:00,36472.522944083066,-0.0
2025-01-24 12:00:00,35717.66935101848,-0.0
2025-01-24 13:00:00,35258.20999564804,-0.0
2025-01-24 14:00:00,33991.13432157534,-0.0
2025-01-24 15:00:00,26795.76203625608,-0.0
2025-01-24 16:00:00,8510.20400303482,15897.624821965079
2025-01-24 17:00:00,271.32365118061,25757.90669181939
2025-01-24 18:00:00,-0.0,26194.719053
2025-01-24 19:00:00,-0.0,25726.5707359999
2025-01-24 20:00:00,-0.0,25228.533943
2025-01-24 21:00:00,-0.0,24955.538402
2025-01-24 22:00:00,-0.0,23990.325958
2025-01-24 23:00:00,-0.0,22625.3559839999
2025-01-25 00:00:00,-0.0,22078.749732
2025-01-25 01:00:00,-0.0,21389.519966
2025-01-25 02:00:00,-0.0,20657.985866
2025-01-25 03:00:00,-0.0,-0.0
2025-01-25 04:00:00,-0.0,20467.51616
2025-01-25 05:00:00,-0.0,21158.6529009999
2025-01-25 06:00:00,-0.0,-0.0
2025-01-25 07:00:00,1585.577674819855,21137.412950180144
2025-01-25 08:00:00,9238.48366858846,13469.50913041154
2025-01-25 09:00:00,17610.041093305295,4778.311898694705
2025-01-25 10:00:00,20203.30980192796,1172.905116072041
2025-01-25 11:00:00,20024.224638267224,-0.0
2025-01-25 12:00:00,20886.529329528257,1424.189439471742
2025-01-25 13:00:00,20089.88919827616,2395.99123272374
2025-01-25 14:00:00,20976.457040742836,2692.4300482571634
2025-01-25 15:00:00,17039.086781204147,6389.904223795853
2025-01-25 16:00:00,5100.460999872905,18522.369584127096
2025-01-25 17:00:00,72.78945361694,25257.41468338306
2025-01-25 18:00:00,-0.0,26053.060779
2025-01-25 19:00:00,-0.0,25075.952881
2025-01-25 20:00:00,-0.0,24621.37254
2025-01-25 21:00:00,-0.0,24108.087728
2025-01-25 22:00:00,-0.0,23138.595134
2025-01-25 23:00:00,-0.0,22238.718341
2025-01-26 00:00:00,-0.0,21430.12337
2025-01-26 01:00:00,-0.0,20928.653697
2025-01-26 02:00:00,-0.0,20524.593528
2025-01-26 03:00:00,-0.0,20271.3741239999
2025-01-26 04:00:00,-0.0,20158.705709
2025-01-26 05:00:00,-0.0,2421.0751073087195
2025-01-26 06:00:00,19.834163287155,21012.511994712844
2025-01-26 07:00:00,3236.627344956535,18667.738876043466
2025-01-26 08:00:00,9741.847773759591,12743.152063240408
2025-01-26 09:00:00,15024.474972366967,7818.033769633035
2025-01-26 10:00:00,20756.54816235514,2662.983151644861
2025-01-26 11:00:00,20933.322549710574,1956.256814289427
2025-01-26 12:00:00,17735.400707867804,4925.915235132095
2025-01-26 13:00:00,18353.725934227605,4635.694319772396
2025-01-26 14:00:00,15078.007956773075,7407.550294226923
2025-01-26 15:00:00,10742.028784570175,11680.795018429824
2025-01-26 16:00:00,3793.52443453378,19864.486083466218
2025-01-26 17:00:00,108.41392165698001,25491.16520734292
2025-01-26 18:00:00,-0.0,26294.3421929999
2025-01-26 19:00:00,-0.0,26026.597342
2025-01-26 20:00:00,-0.0,25514.869661
2025-01-26 21:00:00,-0.0,25060.24371
2025-01-26 22:00:00,-0.0,23794.4883649999
2025-01-26 23:00:00,-0.0,22454.063872
2025-01-27 00:00:00,-0.0,22509.308498
2025-01-27 01:00:00,-0.0,21884.567926
2025-01-27 02:00:00,-0.0,21313.083699
2025-01-27 03:00:00,-0.0,21078.407647
2025-01-27 04:00:00,-0.0,21644.482083
2025-01-27 05:00:00,-0.0,23053.266036
2025-01-27 06:00:00,8.280281760655,25720.690101239346
2025-01-27 07:00:00,3643.70910407351,23891.69541692649
2025-01-27 08:00:00,15651.850739255855,11452.134295744045
2025-01-27 09:00:00,26719.6989828733,538.4542881267007
2025-01-27 10:00:00,30619.51912745087,-0.0
2025-01-27 11:00:00,31339.90364062807,-0.0
2025-01-27 12:00:00,29274.647317766405,-0.0
2025-01-27 13:00:00,27077.869310194765,-0.0
2025-01-27 14:00:00,26132.569236635045,-0.0
2025-01-27 15:00:00,23142.809826961366,-0.0
2025-01-27 16:00:00,9112.353795257515,15388.580827742486
2025-01-27 17:00:00,372.420114537475,26506.849066462524
2025-01-27 18:00:00,35.431903347925,27705.679300652075
2025-01-27 19:00:00,-0.0,27298.847109
2025-01-27 20:00:00,-0.0,8532.976005908047
2025-01-27 21:00:00,-0.0,26468.300957
2025-01-27 22:00:00,-0.0,24965.063217
2025-01-27 23:00:00,-0.0,23744.763524
2025-01-28 00:00:00,-0.0,23219.835137
2025-01-28 01:00:00,-0.0,22516.054613
2025-01-28 02:00:00,-0.0,22551.728236
2025-01-28 03:00:00,-0.0,22288.555904
2025-01-28 04:00:00,-0.0,22500.360967
2025-01-28 05:00:00,-0.0,24458.712863
2025-01-28 06:00:00,20.02672797926,26797.56943802074
2025-01-28 07:00:00,6027.27486299022,22312.97857300978
2025-01-28 08:00:00,25519.635821654287,2584.0921622457136
2025-01-28 09:00:00,34811.07478057253,-0.0
2025-01-28 10:00:00,34347.186437283606,-0.0
2025-01-28 11:00:00,34571.13917420558,-0.0
2025-01-28 12:00:00,33178.70388557036,-0.0
2025-01-28 13:00:00,32246.113081689793,-0.0
2025-01-28 14:00:00,30773.956010521735,-0.0
2025-01-28 15:00:00,25740.314958810413,-0.0
2025-01-28 16:00:00,9746.6618910623,15025.619362937701
2025-01-28 17:00:00,403.615594659025,27283.571687340973
2025-01-28 18:00:00,-0.0,28133.625418
2025-01-28 19:00:00,-0.0,27581.706615
2025-01-28 20:00:00,-0.0,26833.974745
2025-01-28 21:00:00,-0.0,26200.3158469999
2025-01-28 22:00:00,-0.0,24747.4612959999
2025-01-28 23:00:00,-0.0,23487.609394
2025-01-29 00:00:00,-0.0,23136.429729
2025-01-29 01:00:00,-0.0,22508.2471679999
2025-01-29 02:00:00,-0.0,22269.929721
2025-01-29 03:00:00,-0.0,21875.321456
2025-01-29 04:00:00,-0.0,22123.7771709999
2025-01-29 05:00:00,-0.0,23490.057878
2025-01-29 06:00:00,7.317458300115001,25885.746071699883
2025-01-29 07:00:00,6005.32248808987,21558.72000591003
2025-01-29 08:00:00,25554.682595617996,2028.8702735820043
2025-01-29 09:00:00,34339.86897898349,-0.0
2025-01-29 10:00:00,35339.08716633353,-0.0
2025-01-29 11:00:00,34863.06724744177,-0.0
2025-01-29 12:00:00,34050.82937612891,-0.0
2025-01-29 13:00:00,32339.892086746542,-0.0
2025-01-29 14:00:00,31028.14140410471,-0.0
2025-01-29 15:00:00,25910.542146634158,-0.0
2025-01-29 16:00:00,11796.89816793952,12169.515362060481
2025-01-29 17:00:00,539.566267287495,26418.14923171251
2025-01-29 18:00:00,24.84084528197,-0.0
2025-01-29 19:00:00,-0.0,-0.0
2025-01-29 20:00:00,-0.0,26770.271501
2025-01-29 21:00:00,-0.0,26321.9077359999
2025-01-29 22:00:00,-0.0,25004.774817
2025-01-29 23:00:00,-0.0,20912.5986726724
2025-01-30 00:00:00,-0.0,22991.956244
2025-01-30 01:00:00,-0.0,22406.380125
2025-01-30 02:00:00,-0.0,22099.882977
2025-01-30 03:00:00,-0.0,21737.572038
2025-01-30 04:00:00,-0.0,21956.481583
2025-01-30 05:00:00,-0.0,23468.6793239999
2025-01-30 06:00:00,40.63115003485,25809.30980496515
2025-01-30 07:00:00,7680.250180047984,19698.788031952015
2025-01-30 08:00:00,29093.25137780037,-0.0
2025-01-30 09:00:00,36997.83942415455,-0.0
2025-01-30 10:00:00,37055.41626709493,-0.0
2025-01-30 11:00:00,36989.174013009666,-0.0
2025-01-30 12:00:00,36197.34799906029,-0.0
2025-01-30 13:00:00,33304.8337589013,-0.0
2025-01-30 14:00:00,30480.87254913288,-0.0
2025-01-30 15:00:00,25390.039783865388,-0.0
2025-01-30 16:00:00,12114.629909918236,12550.948131081765
2025-01-30 17:00:00,450.60137953345003,26736.041601466448
2025-01-30 18:00:00,65.279430624715,28188.375194375283
2025-01-30 19:00:00,5.006681994815,27921.618874005184
2025-01-30 20:00:00,-0.0,27500.1202329999
2025-01-30 21:00:00,-0.0,26942.0653959999
2025-01-30 22:00:00,-0.0,25667.498622
2025-01-30 23:00:00,-0.0,24164.290667
2025-01-31 00:00:00,-0.0,23603.814819
2025-01-31 01:00:00,-0.0,22634.222636
2025-01-31 02:00:00,-0.0,22154.466535
2025-01-31 03:00:00,-0.0,22058.648637
2025-01-31 04:00:00,-0.0,-0.0
2025-01-31 05:00:00,-0.0,23697.978617
2025-01-31 06:00:00,53.918113790325,26099.351719209673
2025-01-31 07:00:00,6196.34666266132,21297.14902633868
2025-01-31 08:00:00,20553.9701062572,8401.130338742802
2025-01-31 09:00:00,28241.5377446053,932.3646143947008
2025-01-31 10:00:00,28386.92408714708,-0.0
2025-01-31 11:00:00,30224.183814552496,-0.0
2025-01-31 12:00:00,32184.684944907243,-0.0
2025-01-31 13:00:00,29818.06487889606,-0.0
2025-01-31 14:00:00,27507.481138288407,-0.0
2025-01-31 15:00:00,20162.87121658521,5311.741600414793
2025-01-31 16:00:00,7018.40533327171,18494.227580728293
2025-01-31 17:00:00,298.8604021521,27015.9061338479
2025-01-31 18:00:00,-0.0,27431.058313
2025-01-31 19:00:00,-0.0,26874.019645
2025-01-31 20:00:00,-0.0,26846.576208
2025-01-31 21:00:00,-0.0,26359.823051
2025-01-31 22:00:00,-0.0,24978.639104
2025-01-31 23:00:00,-0.0,23671.1506559999
2025-02-01 00:00:00,-0.0,23059.118551
2025-02-01 01:00:00,-0.0,22180.150781
2025-02-01 02:00:00,-0.0,21298.646068
2025-02-01 03:00:00,-0.0,20845.151702
2025-02-01 04:00:00,-0.0,20699.018483
2025-02-01 05:00:00,-0.0,21160.822547
2025-02-01 06:00:00,20.604422055585,22294.717173944315
2025-02-01 07:00:00,4918.48736583055,18244.893519169447
2025-02-01 08:00:00,22223.31342214417,1275.4725128558312
2025-02-01 09:00:00,30613.357057303405,-0.0
2025-02-01 10:00:00,29855.614993857183,-0.0
2025-02-01 11:00:00,29031.823241017817,-0.0
2025-02-01 12:00:00,28378.258676002206,-0.0
2025-02-01 13:00:00,27310.87258764582,-0.0
2025-02-01 14:00:00,25487.28495338009,-0.0
2025-02-01 15:00:00,19500.063546348396,3022.0269879516054
2025-02-01 16:00:00,7753.424763049145,15058.263379950855
2025-02-01 17:00:00,278.44854478862,24271.294311211277
2025-02-01 18:00:00,-0.0,24958.3010789999
2025-02-01 19:00:00,-0.0,24481.475781
2025-02-01 20:00:00,-0.0,23977.5296969999
2025-02-01 21:00:00,-0.0,23515.596317
2025-02-01 22:00:00,-0.0,22919.628386
2025-02-01 23:00:00,-0.0,21840.80402
2025-02-02 00:00:00,-0.0,-0.0
2025-02-02 01:00:00,-0.0,21061.724444
2025-02-02 02:00:00,-0.0,20540.788216
2025-02-02 03:00:00,-0.0,19774.18938
2025-02-02 04:00:00,-0.0,19360.343377
2025-02-02 05:00:00,-0.0,19716.2101029999
2025-02-02 06:00:00,64.50917185628501,20310.065821143715
2025-02-02 07:00:00,8372.135118793154,12969.439275206845
2025-02-02 08:00:00,26607.62633206626,-0.0
2025-02-02 09:00:00,30900.08588385268,-0.0
2025-02-02 10:00:00,29473.951774098507,-0.0
2025-02-02 11:00:00,27900.12054549726,-0.0
2025-02-02 12:00:00,26485.15518788537,-0.0
2025-02-02 13:00:00,25374.24947911251,-0.0
2025-02-02 14:00:00,22992.416802424774,-0.0
2025-02-02 15:00:00,21360.238472114703,-0.0
2025-02-02 16:00:00,13390.756124520034,8528.227055379964
2025-02-02 17:00:00,686.10799798192,23662.01251801808
2025-02-02 18:00:00,63.73891308785,24945.47784091215
2025-02-02 19:00:00,-0.0,24599.382702
2025-02-02 20:00:00,-0.0,24162.413087
2025-02-02 21:00:00,-0.0,23457.894955
2025-02-02 22:00:00,-0.0,-0.0
2025-02-02 23:00:00,-0.0,21525.336586
2025-02-03 00:00:00,-0.0,-0.0
2025-02-03 01:00:00,-0.0,20064.186002
2025-02-03 02:00:00,-0.0,19955.31919
2025-02-03 03:00:00,-0.0,20138.970191
2025-02-03 04:00:00,-0.0,20084.166827
2025-02-03 05:00:00,-0.0,21454.00337
2025-02-03 06:00:00,79.72178253284001,23663.68830246716
2025-02-03 07:00:00,6966.605431094575,18360.813725905427
2025-02-03 08:00:00,21169.791991619586,-0.0
2025-02-03 09:00:00,25870.87382005985,-0.0
2025-02-03 10:00:00,28489.56106804081,-0.0
2025-02-03 11:00:00,29627.233269016728,-0.0
2025-02-03 12:00:00,29968.843032816872,-0.0
2025-02-03 13:00:00,29679.033171193863,-0.0
2025-02-03 14:00:00,25040.149738304586,-0.0
2025-02-03 15:00:00,20064.85578830208,4711.27527219792
2025-02-03 16:00:00,8455.515630476055,15973.513965023843
2025-02-03 17:00:00,311.184542447035,25974.389695552967
2025-02-03 18:00:00,18.678775134505,27287.485211865496
2025-02-03 19:00:00,31.388044813655,26791.212916186345
2025-02-03 20:00:00,36.20216211636,26040.278316883643
2025-02-03 21:00:00,35.624468040035005,25430.233069959966
2025-02-03 22:00:00,33.121127042625,24247.411089957375
2025-02-03 23:00:00,32.350868274195,-0.0
2025-02-04 00:00:00,33.506256426845,21706.802050573155
2025-02-04 01:00:00,32.350868274195,9820.427902234223
2025-02-04 02:00:00,30.617786045219997,21342.63115895478
2025-02-04 03:00:00,31.96573888998,21016.55778611002
2025-02-04 04:00:00,30.81035073733,20745.47423426267
2025-02-04 05:00:00,30.42522135311,21911.67716164679
2025-02-04 06:00:00,78.56639438019,23996.31597361981
2025-02-04 07:00:00,6779.047420981075,19155.685416018925
2025-02-04 08:00:00,27714.10305292063,236.18688681937056
2025-02-04 09:00:00,35342.9384601757,-0.0
2025-02-04 10:00:00,34688.21850700743,-0.0
2025-02-04 11:00:00,33436.162878919175,-0.0
2025-02-04 12:00:00,32116.70960859301,-0.0
2025-02-04 13:00:00,27488.224669077576,-0.0
2025-02-04 14:00:00,24455.52333306374,2182.064783936261
2025-02-04 15:00:00,20758.473809276227,4839.926051623774
2025-02-04 16:00:00,9637.670275328996,15755.080269571003
2025-02-04 17:00:00,431.730039706835,26654.879676293163
2025-02-04 18:00:00,32.928562350520004,27417.29771364948
2025-02-04 19:00:00,-0.0,26883.573657
2025-02-04 20:00:00,-0.0,26395.27178
2025-02-04 21:00:00,-0.0,25625.112966
2025-02-04 22:00:00,-0.0,-0.0
2025-02-04 23:00:00,-0.0,22698.18594
2025-02-05 00:00:00,-0.0,22167.008559
2025-02-05 01:00:00,-0.0,21523.354313
2025-02-05 02:00:00,-0.0,21286.918084
2025-02-05 03:00:00,-0.0,21072.711617
2025-02-05 04:00:00,-0.0,21308.227185
2025-02-05 05:00:00,-0.0,22907.952252
2025-02-05 06:00:00,113.99829772812001,25379.20639027188
2025-02-05 07:00:00,7571.451129006789,19547.09426599321
2025-02-05 08:00:00,23267.39918275545,-0.0
2025-02-05 09:00:00,29625.69275147986,-0.0
2025-02-05 10:00:00,31918.367975721445,-0.0
2025-02-05 11:00:00,31467.381466803774,-0.0
2025-02-05 12:00:00,30552.699179289284,-0.0
2025-02-05 13:00:00,29358.41295883352,-0.0
2025-02-05 14:00:00,27411.583921618465,-0.0
2025-02-05 15:00:00,25162.42831779336,-0.0
2025-02-05 16:00:00,14642.42662322407,9231.461065675929
2025-02-05 17:00:00,948.57367332555,25312.841309674448
2025-02-05 18:00:00,54.30324317454,27101.08992882546
2025-02-05 19:00:00,28.307009739919998,26771.969099260077
2025-02-05 20:00:00,32.73599765841,26035.26142234159
2025-02-05 21:00:00,34.276515195275,25409.657941804726
2025-02-05 22:00:00,34.08395050317,24461.37057349683
2025-02-05 23:00:00,34.8542092716,23037.725125728397
2025-02-06 00:00:00,34.661644579495,22197.902815420508
2025-02-06 01:00:00,34.469079887385,21586.527414112614
2025-02-06 02:00:00,32.928562350520004,21504.76714364948
2025-02-06 03:00:00,34.276515195275,21349.87365780473
2025-02-06 04:00:00,19.449033902935,21357.134706097062
2025-02-06 05:00:00,-0.0,22802.913465
2025-02-06 06:00:00,132.67707286262498,24584.847834137374
2025-02-06 07:00:00,8314.943405236989,18134.802139762913
2025-02-06 08:00:00,24256.79657080796,3978.2310191920405
2025-02-06 09:00:00,28284.09454156124,294.0362009387609
2025-02-06 10:00:00,26657.885716706533,2031.578650293468
2025-02-06 11:00:00,28042.4258529653,1084.1077730346988
2025-02-06 12:00:00,29247.303131487024,-0.0
2025-02-06 13:00:00,27347.845008530614,951.2323804693842
2025-02-06 14:00:00,26235.783911605104,2067.2574623948967
2025-02-06 15:00:00,20609.42873758439,6861.3894664156105
2025-02-06 16:00:00,8362.69944887985,18271.746661120153
2025-02-06 17:00:00,393.60223066939005,26819.376214330612
2025-02-06 18:00:00,63.73891308785,27377.716932912048
2025-02-06 19:00:00,23.300327745105,26635.076922254895
2025-02-06 20:00:00,-0.0,25996.914117
2025-02-06 21:00:00,-0.0,25368.830548
2025-02-06 22:00:00,-0.0,24475.008302
2025-02-06 23:00:00,-0.0,23031.88525
2025-02-07 00:00:00,-0.0,-0.0
2025-02-07 01:00:00,-0.0,21711.712757
2025-02-07 02:00:00,-0.0,21393.275425
2025-02-07 03:00:00,-0.0,20832.767083
2025-02-07 04:00:00,-0.0,20790.62957
2025-02-07 05:00:00,-0.0,22024.761316
2025-02-07 06:00:00,89.73514652247,24084.38264547753
2025-02-07 07:00:00,7631.531312944579,18095.82569505542
2025-02-07 08:00:00,25089.831428868532,1950.5804051314663
2025-02-07 09:00:00,31713.864272702413,-0.0
2025-02-07 10:00:00,33841.896685191394,-0.0
2025-02-07 11:00:00,34349.68977828101,-0.0
2025-02-07 12:00:00,32687.85648538627,-0.0
2025-02-07 13:00:00,29144.47358590118,-0.0
2025-02-07 14:00:00,27240.9716044105,-0.0
2025-02-07 15:00:00,23417.59964259993,530.7774156000705
2025-02-07 16:00:00,10575.46032589648,12792.58375510352
2025-02-07 17:00:00,657.993552934105,-0.0
2025-02-07 18:00:00,2.310776305299765,26110.989492694698
2025-02-07 19:00:00,-0.0,26018.080584
2025-02-07 20:00:00,-0.0,25406.874019
2025-02-07 21:00:00,-0.0,24961.668558
2025-02-07 22:00:00,-0.0,24183.187307
2025-02-07 23:00:00,-0.0,22878.977546
2025-02-08 00:00:00,-0.0,-0.0
2025-02-08 01:00:00,-0.0,21713.9367309999
2025-02-08 02:00:00,-0.0,21083.701632
2025-02-08 03:00:00,-0.0,-0.0
2025-02-08 04:00:00,-0.0,20569.800169
2025-02-08 05:00:00,-0.0,21220.214632
2025-02-08 06:00:00,126.12987333094499,22403.841460669057
2025-02-08 07:00:00,8653.279569271295,14800.422540728703
2025-02-08 08:00:00,28557.72896904715,-0.0
2025-02-08 09:00:00,32386.300177544646,-0.0
2025-02-08 10:00:00,31439.459586448073,-0.0
2025-02-08 11:00:00,28800.553045795736,-0.0
2025-02-08 12:00:00,28853.315771433412,-0.0
2025-02-08 13:00:00,27228.64746411557,-0.0
2025-02-08 14:00:00,24696.42176289124,-0.0
2025-02-08 15:00:00,23238.12934955498,-0.0
2025-02-08 16:00:00,14131.552495060714,7204.166875939285
2025-02-08 17:00:00,991.3230349735951,23051.166878026404
2025-02-08 18:00:00,-0.0,25127.701208
2025-02-08 19:00:00,-0.0,-0.0
2025-02-08 20:00:00,-0.0,24452.9001599999
2025-02-08 21:00:00,-0.0,24001.472047
2025-02-08 22:00:00,-0.0,23160.204423
2025-02-08 23:00:00,-0.0,22015.985496
2025-02-09 00:00:00,-0.0,21531.186811
2025-02-09 01:00:00,-0.0,20922.096569
2025-02-09 02:00:00,-0.0,20608.639631
2025-02-09 03:00:00,-0.0,20493.529842
2025-02-09 04:00:00,-0.0,20390.7853279999
2025-02-09 05:00:00,-0.0,21132.961848
2025-02-09 06:00:00,138.454013625875,21977.059858374123
2025-02-09 07:00:00,6899.207788856665,15311.482531143236
2025-02-09 08:00:00,25247.349347013125,-0.0
2025-02-09 09:00:00,31161.20360635155,-0.0
2025-02-09 10:00:00,30743.53078916862,-0.0
2025-02-09 11:00:00,31772.78906848756,-0.0
2025-02-09 12:00:00,32671.295921864952,-0.0
2025-02-09 13:00:00,31186.237016325635,-0.0
2025-02-09 14:00:00,29493.593372693555,-0.0
2025-02-09 15:00:00,23406.43089045765,-0.0
2025-02-09 16:00:00,12554.255102001518,-0.0
2025-02-09 17:00:00,1229.52555911158,22099.61616988842
2025-02-09 18:00:00,22.144939592455,24048.320513407445
2025-02-09 19:00:00,-0.0,23984.518674
2025-02-09 20:00:00,-0.0,24058.578718
2025-02-09 21:00:00,-0.0,23697.992212
2025-02-09 22:00:00,-0.0,22822.8927239999
2025-02-09 23:00:00,-0.0,22044.0965369999
2025-02-10 00:00:00,-0.0,-0.0
2025-02-10 01:00:00,-0.0,21194.525371
2025-02-10 02:00:00,-0.0,21093.626791
2025-02-10 03:00:00,-0.0,-0.0
2025-02-10 04:00:00,-0.0,21101.689497
2025-02-10 05:00:00,-0.0,22408.03117
2025-02-10 06:00:00,196.03085656626,24455.88363843364
2025-02-10 07:00:00,9733.18236261472,16178.815880385278
2025-02-10 08:00:00,27576.61186275529,-0.0
2025-02-10 09:00:00,34471.96835776979,-0.0
2025-02-10 10:00:00,34462.72525254859,-0.0
2025-02-10 11:00:00,33996.333568262264,-0.0
2025-02-10 12:00:00,34937.01208921137,-0.0
2025-02-10 13:00:00,35133.42807516185,-0.0
2025-02-10 14:00:00,34932.00540721655,-0.0
2025-02-10 15:00:00,28865.25478234413,-0.0
2025-02-10 16:00:00,17218.171944864873,5618.516666535128
2025-02-10 17:00:00,1382.2293599534748,24342.221837046523
2025-02-10 18:00:00,-0.0,26996.427423
2025-02-10 19:00:00,-0.0,26794.563884
2025-02-10 20:00:00,-0.0,26679.923194
2025-02-10 21:00:00,-0.0,-0.0
2025-02-10 22:00:00,-0.0,24866.55325
2025-02-10 23:00:00,-0.0,23669.836392
2025-02-11 00:00:00,-0.0,22832.199474
2025-02-11 01:00:00,-0.0,-0.0
2025-02-11 02:00:00,-0.0,21509.157269
2025-02-11 03:00:00,-0.0,21525.575451
2025-02-11 04:00:00,-0.0,21851.055052
2025-02-11 05:00:00,-0.0,23344.247293
2025-02-11 06:00:00,208.162432169085,25879.658061830916
2025-02-11 07:00:00,8147.219558410646,19207.460807589356
2025-02-11 08:00:00,26311.461835603674,947.2173828963278
2025-02-11 09:00:00,33352.01210846784,-0.0
2025-02-11 10:00:00,34060.45761073433,-0.0
2025-02-11 11:00:00,34725.190927892225,-0.0
2025-02-11 12:00:00,35064.68248007918,-0.0
2025-02-11 13:00:00,37006.119705915204,-0.0
2025-02-11 14:00:00,33701.517024644425,-0.0
2025-02-11 15:00:00,27306.828729111545,-0.0
2025-02-11 16:00:00,12490.323624221555,12464.839247778445
2025-02-11 17:00:00,859.60878557151,2800.1354314897712
2025-02-11 18:00:00,-0.0,-0.0
2025-02-11 19:00:00,-0.0,27952.399986
2025-02-11 20:00:00,-0.0,27377.637563
2025-02-11 21:00:00,-0.0,26548.832918
2025-02-11 22:00:00,-0.0,25033.677535
2025-02-11 23:00:00,-0.0,23393.151125
2025-02-12 00:00:00,-0.0,23539.120775
2025-02-12 01:00:00,-0.0,23791.0051059999
2025-02-12 02:00:00,-0.0,23333.565788
2025-02-12 03:00:00,-0.0,23208.25823
2025-02-12 04:00:00,-0.0,22814.885451
2025-02-12 05:00:00,-0.0,23702.084819
2025-02-12 06:00:00,113.99829772812001,25836.250281271878
2025-02-12 07:00:00,5815.06857228686,21366.06899871314
2025-02-12 08:00:00,17367.024451864603,10897.433112135397
2025-02-12 09:00:00,23054.80776266787,5337.096747332129
2025-02-12 10:00:00,25159.53984741174,3051.577614588259
2025-02-12 11:00:00,27222.677958660213,455.8379813397878
2025-02-12 12:00:00,25037.83896199928,2688.5950740007174
2025-02-12 13:00:00,21137.826252729606,6178.980428270392
2025-02-12 14:00:00,14344.3364798404,11780.3191261596
2025-02-12 15:00:00,9310.50286343697,-0.0
2025-02-12 16:00:00,4015.93665391888,22276.79854008112
2025-02-12 17:00:00,213.746808240225,27791.075664759774
2025-02-12 18:00:00,-0.0,28527.2678749999
2025-02-12 19:00:00,-0.0,28060.471551
2025-02-12 20:00:00,-0.0,27180.289047
2025-02-12 21:00:00,-0.0,26251.7407619999
2025-02-12 22:00:00,-0.0,24939.717373
2025-02-12 23:00:00,-0.0,24337.870034
2025-02-13 00:00:00,-0.0,24001.33253
2025-02-13 01:00:00,-0.0,23584.5299639999
2025-02-13 02:00:00,-0.0,23145.1627
2025-02-13 03:00:00,-0.0,22589.003649
2025-02-13 04:00:00,-0.0,23124.302375
2025-02-13 05:00:00,-0.0,23303.189535
2025-02-13 06:00:00,124.58935579407499,-0.0
2025-02-13 07:00:00,1785.267260536175,24639.697071463823
2025-02-13 08:00:00,3043.09982938768,24416.48691861232
2025-02-13 09:00:00,4886.906756324785,-0.0
2025-02-13 10:00:00,7603.609432588874,19865.909665411127
2025-02-13 11:00:00,9681.57502512969,18429.08685887031
2025-02-13 12:00:00,10351.507588974515,17754.279500025485
2025-02-13 13:00:00,12511.31317566136,15915.687644338539
2025-02-13 14:00:00,11493.99390725314,15648.29833474686
2025-02-13 15:00:00,6311.30778384998,20274.022824149917
2025-02-13 16:00:00,2846.87640812931,24197.339309870687
2025-02-13 17:00:00,340.26181095539,27605.98962004461
2025-02-13 18:00:00,-0.0,28027.778143
2025-02-13 19:00:00,-0.0,27484.9474019999
2025-02-13 20:00:00,-0.0,26679.789469
2025-02-13 21:00:00,-0.0,26156.367571
2025-02-13 22:00:00,-0.0,25189.975307
2025-02-13 23:00:00,-0.0,23736.503645
2025-02-14 00:00:00,-0.0,23360.0702389999
2025-02-14 01:00:00,-0.0,22060.866627
2025-02-14 02:00:00,-0.0,21517.453443
2025-02-14 03:00:00,-0.0,21226.215961
2025-02-14 04:00:00,-0.0,21134.127395
2025-02-14 05:00:00,-0.0,22252.901379
2025-02-14 06:00:00,124.58935579407499,24058.120159205922
2025-02-14 07:00:00,1785.267260536175,23759.003043463723
2025-02-14 08:00:00,3043.09982938768,23401.29425661232
2025-02-14 09:00:00,4886.906756324785,21590.651729575216
2025-02-14 10:00:00,7603.609432588874,18432.331878111127
2025-02-14 11:00:00,9681.57502512969,15326.40305487031
2025-02-14 12:00:00,10351.507588974515,14186.378854425484
2025-02-14 13:00:00,12511.31317566136,11157.51575203864
2025-02-14 14:00:00,11493.99390725314,11107.49270374686
2025-02-14 15:00:00,6311.30778384998,15680.128205149918
2025-02-14 16:00:00,2846.87640812931,19787.28618287069
2025-02-14 17:00:00,340.26181095539,25019.913433044607
2025-02-14 18:00:00,-0.0,26372.1681699999
2025-02-14 19:00:00,-0.0,26284.460529
2025-02-14 20:00:00,-0.0,25828.763132
2025-02-14 21:00:00,-0.0,25296.9868799999
2025-02-14 22:00:00,-0.0,24503.45134
2025-02-14 23:00:00,-0.0,23149.139598
2025-02-15 00:00:00,-0.0,22471.506879
2025-02-15 01:00:00,-0.0,21600.252778
2025-02-15 02:00:00,-0.0,21099.675012
2025-02-15 03:00:00,-0.0,20991.174755
2025-02-15 04:00:00,-0.0,20807.7258789999
2025-02-15 05:00:00,-0.0,21584.332278
2025-02-15 06:00:00,451.371638301885,22062.869079698117
2025-02-15 07:00:00,11816.539766534564,10995.583952465435
2025-02-15 08:00:00,30814.009466480264,-0.0
2025-02-15 09:00:00,35259.94307787701,-0.0
2025-02-15 10:00:00,34703.62368237609,-0.0
2025-02-15 11:00:00,33147.3158407567,-0.0
2025-02-15 12:00:00,31890.831224749956,-0.0
2025-02-15 13:00:00,30080.723118931808,-0.0
2025-02-15 14:00:00,27977.338987032697,-0.0
2025-02-15 15:00:00,23372.15437526237,-0.0
2025-02-15 16:00:00,13821.523340766325,7474.9277022336755
2025-02-15 17:00:00,1201.02598467955,22570.950871320452
2025-02-15 18:00:00,-0.0,24844.325362
2025-02-15 19:00:00,-0.0,24655.032151
2025-02-15 20:00:00,-0.0,24058.861438
2025-02-15 21:00:00,-0.0,-0.0
2025-02-15 22:00:00,-0.0,22569.7573
2025-02-15 23:00:00,-0.0,21643.923177
2025-02-16 00:00:00,-0.0,-0.0
2025-02-16 01:00:00,-0.0,20825.9746739999
2025-02-16 02:00:00,-0.0,-0.0
2025-02-16 03:00:00,-0.0,20423.449864
2025-02-16 04:00:00,-0.0,20252.777005
2025-02-16 05:00:00,-0.0,20584.141778
2025-02-16 06:00:00,322.73842397353,20833.312560026472
2025-02-16 07:00:00,9665.014461608374,11789.227388391624
2025-02-16 08:00:00,27250.599839015922,-0.0
2025-02-16 09:00:00,32408.445117137104,-0.0
2025-02-16 10:00:00,34627.94575837753,-0.0
2025-02-16 11:00:00,34650.28326266209,-0.0
2025-02-16 12:00:00,34105.32518399556,-0.0
2025-02-16 13:00:00,33154.63329905682,-0.0
2025-02-16 14:00:00,30484.916407667155,-0.0
2025-02-16 15:00:00,25973.703365645688,-0.0
2025-02-16 16:00:00,12479.7325661556,8459.1198028444
2025-02-16 17:00:00,1194.671349839975,21936.016108160024
2025-02-16 18:00:00,-0.0,24201.487131
2025-02-16 19:00:00,-0.0,23863.974375
2025-02-16 20:00:00,-0.0,-0.0
2025-02-16 21:00:00,-0.0,23036.864812
2025-02-16 22:00:00,-0.0,22436.396663
2025-02-16 23:00:00,-0.0,21330.725011
2025-02-17 00:00:00,-0.0,20904.277085
2025-02-17 01:00:00,-0.0,20389.694858
2025-02-17 02:00:00,-0.0,20134.366629
2025-02-17 03:00:00,-0.0,-0.0
2025-02-17 04:00:00,-0.0,19884.526551
2025-02-17 05:00:00,-0.0,21267.355489
2025-02-17 06:00:00,321.9681652051,22235.3072277949
2025-02-17 07:00:00,9995.64803795835,13422.02345204165
2025-02-17 08:00:00,28593.738566471406,-0.0
2025-02-17 09:00:00,34608.8818538588,-0.0
2025-02-17 10:00:00,34653.74942712004,-0.0
2025-02-17 11:00:00,32419.613869279383,-0.0
2025-02-17 12:00:00,32373.783472557603,-0.0
2025-02-17 13:00:00,31327.194370948917,-0.0
2025-02-17 14:00:00,30083.419024621322,-0.0
2025-02-17 15:00:00,26550.24205381798,-0.0
2025-02-17 16:00:00,12623.963520544727,-0.0
2025-02-17 17:00:00,1332.35510469742,-0.0
2025-02-17 18:00:00,32.350868274195,-0.0
2025-02-17 19:00:00,-0.0,25886.169359
2025-02-17 20:00:00,-0.0,25397.7604719999
2025-02-17 21:00:00,-0.0,24801.73979
2025-02-17 22:00:00,-0.0,14888.865574767287
2025-02-17 23:00:00,-0.0,22085.254546
2025-02-18 00:00:00,-0.0,21675.633455
2025-02-18 01:00:00,-0.0,21072.343241
2025-02-18 02:00:00,-0.0,-0.0
2025-02-18 03:00:00,-0.0,20354.87977
2025-02-18 04:00:00,-0.0,20749.093331
2025-02-18 05:00:00,-0.0,22077.444912
2025-02-18 06:00:00,570.56918271693,23280.53124628307
2025-02-18 07:00:00,13478.950753505638,-0.0
2025-02-18 08:00:00,32178.137745375556,-0.0
2025-02-18 09:00:00,37225.25832553446,-0.0
2025-02-18 10:00:00,36010.75281240733,-0.0
2025-02-18 11:00:00,34651.63121550685,-0.0
2025-02-18 12:00:00,34229.52941040543,-0.0
2025-02-18 13:00:00,32085.51412847146,-0.0
2025-02-18 14:00:00,29977.12331457753,-0.0
2025-02-18 15:00:00,26838.318833212015,-0.0
2025-02-18 16:00:00,15968.041963697704,6653.187143302295
2025-02-18 17:00:00,1998.43637470008,22943.923638299922
2025-02-18 18:00:00,10.01336398963,26172.46698601037
2025-02-18 19:00:00,-0.0,25787.181518
2025-02-18 20:00:00,-0.0,25277.599474
2025-02-18 21:00:00,-0.0,24760.100522
2025-02-18 22:00:00,-0.0,23377.502044
2025-02-18 23:00:00,-0.0,22262.077435
2025-02-19 00:00:00,-0.0,21706.3875639999
2025-02-19 01:00:00,-0.0,20863.367118
2025-02-19 02:00:00,-0.0,-0.0
2025-02-19 03:00:00,-0.0,15908.483924868928
2025-02-19 04:00:00,-0.0,20529.975617
2025-02-19 05:00:00,-0.0,-0.0
2025-02-19 06:00:00,445.20956815442,-0.0
2025-02-19 07:00:00,11210.73124516181,13902.432236838189
2025-02-19 08:00:00,27631.492800006163,-0.0
2025-02-19 09:00:00,35314.63145043577,-0.0
2025-02-19 10:00:00,36353.71052905224,-0.0
2025-02-19 11:00:00,36704.75596276569,-0.0
2025-02-19 12:00:00,37072.55452469257,-0.0
2025-02-19 13:00:00,36745.19454810843,-0.0
2025-02-19 14:00:00,33140.190947148694,-0.0
2025-02-19 15:00:00,30293.89223309571,-0.0
2025-02-19 16:00:00,18417.65741200756,4705.367978992439
2025-02-19 17:00:00,2001.51740977381,22980.16602622619
2025-02-19 18:00:00,-0.0,26187.773146
2025-02-19 19:00:00,-0.0,-0.0
2025-02-19 20:00:00,-0.0,25037.582364
2025-02-19 21:00:00,-0.0,24258.525637
2025-02-19 22:00:00,-0.0,-0.0
2025-02-19 23:00:00,-0.0,22295.233202
2025-02-20 00:00:00,-0.0,21350.499184
2025-02-20 01:00:00,-0.0,20912.889382
2025-02-20 02:00:00,-0.0,20684.600382
2025-02-20 03:00:00,-0.0,20160.999414
2025-02-20 04:00:00,-0.0,20364.9866029999
2025-02-20 05:00:00,-0.0,-0.0
2025-02-20 06:00:00,704.2090790400999,23221.748782959898
2025-02-20 07:00:00,13576.388487712446,11971.896452287556
2025-02-20 08:00:00,31219.743272752483,-0.0
2025-02-20 09:00:00,35983.986320204276,-0.0
2025-02-20 10:00:00,37317.304248362234,-0.0
2025-02-20 11:00:00,37024.79848104971,-0.0
2025-02-20 12:00:00,37379.117514529,-0.0
2025-02-20 13:00:00,36113.19722860895,-0.0
2025-02-20 14:00:00,33100.52262057438,-0.0
2025-02-20 15:00:00,31485.86767724617,-0.0
2025-02-20 16:00:00,21367.74849510693,-0.0
2025-02-20 17:00:00,2657.39275109473,21856.41185790527
2025-02-20 18:00:00,20.21929267137,25668.42555932853
2025-02-20 19:00:00,-0.0,25403.391071
2025-02-20 20:00:00,-0.0,-0.0
2025-02-20 21:00:00,-0.0,24577.09392
2025-02-20 22:00:00,-0.0,23235.018105
2025-02-20 23:00:00,-0.0,-0.0
2025-02-21 00:00:00,-0.0,21499.412385
2025-02-21 01:00:00,-0.0,20720.235225
2025-02-21 02:00:00,-0.0,20176.0282569999
2025-02-21 03:00:00,-0.0,6544.038050819669
2025-02-21 04:00:00,-0.0,19928.086162
2025-02-21 05:00:00,-0.0,-0.0
2025-02-21 06:00:00,846.5143865081451,22549.822610491854
2025-02-21 07:00:00,15875.99604086993,8985.657432130069
2025-02-21 08:00:00,32713.660154128782,-0.0
2025-02-21 09:00:00,38454.78388464605,-0.0
2025-02-21 10:00:00,39223.88726492665,-0.0
2025-02-21 11:00:00,38436.490238895756,-0.0
2025-02-21 12:00:00,40548.732346631856,-0.0
2025-02-21 13:00:00,38429.557909979856,-0.0
2025-02-21 14:00:00,34581.92279696364,-0.0
2025-02-21 15:00:00,32217.613507257764,-0.0
2025-02-21 16:00:00,21177.879708688135,1192.2917433118637
2025-02-21 17:00:00,2319.05658706042,21966.31566993958
2025-02-21 18:00:00,-0.0,25126.961226
2025-02-21 19:00:00,-0.0,-0.0
2025-02-21 20:00:00,-0.0,-0.0
2025-02-21 21:00:00,-0.0,23854.536397
2025-02-21 22:00:00,-0.0,22151.646847034703
2025-02-21 23:00:00,-0.0,22215.374
2025-02-22 00:00:00,-0.0,21415.58458
2025-02-22 01:00:00,-0.0,20729.976325
2025-02-22 02:00:00,-0.0,20212.823841
2025-02-22 03:00:00,-0.0,19686.213947
2025-02-22 04:00:00,-0.0,19489.841259
2025-02-22 05:00:00,-0.0,20125.423967
2025-02-22 06:00:00,1068.5414765090302,19833.79162849097
2025-02-22 07:00:00,16561.526344775528,5195.067209224471
2025-02-22 08:00:00,30240.16668399749,-0.0
2025-02-22 09:00:00,31575.602823768644,-0.0
2025-02-22 10:00:00,32263.63646867165,-0.0
2025-02-22 11:00:00,31513.01929883344,-0.0
2025-02-22 12:00:00,29864.858099078385,-0.0
2025-02-22 13:00:00,28834.05930222258,-0.0
2025-02-22 14:00:00,26961.945365545555,-0.0
2025-02-22 15:00:00,24247.168336202547,-0.0
2025-02-22 16:00:00,17113.60931705006,-0.0
2025-02-22 17:00:00,2404.5553103565103,20298.598817643488
2025-02-22 18:00:00,-0.0,24050.070228
2025-02-22 19:00:00,-0.0,-0.0
2025-02-22 20:00:00,-0.0,23160.001912
2025-02-22 21:00:00,-0.0,22719.374329
2025-02-22 22:00:00,-0.0,21851.8951529999
2025-02-22 23:00:00,-0.0,20814.686946
2025-02-23 00:00:00,-0.0,20214.636051
2025-02-23 01:00:00,-0.0,19127.720341097956
2025-02-23 02:00:00,-0.0,18810.596117
2025-02-23 03:00:00,-0.0,-0.0
2025-02-23 04:00:00,-0.0,-0.0
2025-02-23 05:00:00,-0.0,19433.074416
2025-02-23 06:00:00,1116.104955459785,18945.187175540214
2025-02-23 07:00:00,16666.666666666664,-0.0
2025-02-23 08:00:00,27410.23596877371,-0.0
2025-02-23 09:00:00,29611.82809364806,-0.0
2025-02-23 10:00:00,29787.639657542954,-0.0
2025-02-23 11:00:00,28727.37846279457,-0.0
2025-02-23 12:00:00,27756.65984987657,-0.0
2025-02-23 13:00:00,25565.466218376067,-0.0
2025-02-23 14:00:00,24328.81576565647,-0.0
2025-02-23 15:00:00,22773.855876881837,-0.0
2025-02-23 16:00:00,18019.818758111785,2040.1793798882136
2025-02-23 17:00:00,2742.89147439082,-0.0
2025-02-23 18:00:00,-0.0,24600.481783
2025-02-23 19:00:00,-0.0,24260.506971
2025-02-23 20:00:00,-0.0,23494.456115
2025-02-23 21:00:00,-0.0,22895.93911
2025-02-23 22:00:00,-0.0,21802.510774
2025-02-23 23:00:00,-0.0,-0.0
2025-02-24 00:00:00,-0.0,-0.0
2025-02-24 01:00:00,-0.0,19121.9439389999
2025-02-24 02:00:00,-0.0,-0.0
2025-02-24 03:00:00,-0.0,18961.386611
2025-02-24 04:00:00,-0.0,-0.0
2025-02-24 05:00:00,-0.0,20717.5097
2025-02-24 06:00:00,1048.32218383766,21612.93781716234
2025-02-24 07:00:00,15943.971377184165,8461.691645815734
2025-02-24 08:00:00,30258.460329747777,-0.0
2025-02-24 09:00:00,33025.614955344245,-0.0
2025-02-24 10:00:00,32993.26408707005,-0.0
2025-02-24 11:00:00,32946.27830219562,-0.0
2025-02-24 12:00:00,31403.83511840803,-0.0
2025-02-24 13:00:00,29832.122101419973,-0.0
2025-02-24 14:00:00,29279.846564453328,-0.0
2025-02-24 15:00:00,26361.72122024394,-0.0
2025-02-24 16:00:00,18769.47310448945,5282.373491510549
2025-02-24 17:00:00,2414.76123903825,22937.26724896175
2025-02-24 18:00:00,1.1553881526498826,26218.41343184735
2025-02-24 19:00:00,-0.0,25834.221994
2025-02-24 20:00:00,-0.0,25119.168745
2025-02-24 21:00:00,-0.0,24579.691547
2025-02-24 22:00:00,-0.0,17577.545601671787
2025-02-24 23:00:00,-0.0,21836.693902
2025-02-25 00:00:00,-0.0,21146.9354719999
2025-02-25 01:00:00,-0.0,20381.461241
2025-02-25 02:00:00,-0.0,-0.0
2025-02-25 03:00:00,-0.0,-0.0
2025-02-25 04:00:00,-0.0,20207.5354
2025-02-25 05:00:00,-0.0,21623.916801
2025-02-25 06:00:00,1246.85638140133,22281.08833459857
2025-02-25 07:00:00,16872.518322530454,8251.512770469446
2025-02-25 08:00:00,33207.20346000239,-0.0
2025-02-25 09:00:00,36143.622449962066,-0.0
2025-02-25 10:00:00,33457.53755974319,-0.0
2025-02-25 11:00:00,33428.65285592695,-0.0
2025-02-25 12:00:00,32845.95209760719,-0.0
2025-02-25 13:00:00,30397.49203744998,-0.0
2025-02-25 14:00:00,29340.697007159557,-0.0
2025-02-25 15:00:00,27912.059556407974,-0.0
2025-02-25 16:00:00,21039.810824446475,1688.2835595535253
2025-02-25 17:00:00,3473.6744809418697,21255.24268705813
2025-02-25 18:00:00,4.814117302707845,25632.56846069719
2025-02-25 19:00:00,-0.0,25424.82183
2025-02-25 20:00:00,-0.0,24754.618694
2025-02-25 21:00:00,-0.0,-0.0
2025-02-25 22:00:00,-0.0,22777.075337
2025-02-25 23:00:00,-0.0,21464.962612
2025-02-26 00:00:00,-0.0,21176.283685
2025-02-26 01:00:00,-0.0,-0.0
2025-02-26 02:00:00,-0.0,20053.6714169999
2025-02-26 03:00:00,-0.0,-0.0
2025-02-26 04:00:00,-0.0,20110.105903
2025-02-26 05:00:00,-0.0,21497.1831289999
2025-02-26 06:00:00,1417.6612633014051,22190.946664698495
2025-02-26 07:00:00,18472.345784566325,6223.376110433674
2025-02-26 08:00:00,34978.79862739888,-0.0
2025-02-26 09:00:00,36898.86117241087,-0.0
2025-02-26 10:00:00,36594.80152357185,-0.0
2025-02-26 11:00:00,35699.7608346524,-0.0
2025-02-26 12:00:00,36409.16916037943,-0.0
2025-02-26 13:00:00,35784.29673448795,-0.0
2025-02-26 14:00:00,35262.83154825864,-0.0
2025-02-26 15:00:00,35328.68867295968,-0.0
2025-02-26 16:00:00,24665.99654153813,-0.0
2025-02-26 17:00:00,3782.9333764678204,-0.0
2025-02-26 18:00:00,2.1182116131914515,26307.435966386805
2025-02-26 19:00:00,-0.0,25955.25862
2025-02-26 20:00:00,-0.0,25098.895791
2025-02-26 21:00:00,-0.0,-0.0
2025-02-26 22:00:00,-0.0,22927.39792
2025-02-26 23:00:00,-0.0,21458.333808
2025-02-27 00:00:00,-0.0,20889.940838
2025-02-27 01:00:00,-0.0,18763.713885629815
2025-02-27 02:00:00,-0.0,19771.5111159999
2025-02-27 03:00:00,-0.0,19513.222626
2025-02-27 04:00:00,-0.0,19989.263563
2025-02-27 05:00:00,-0.0,21277.8997289999
2025-02-27 06:00:00,1729.230935132655,21507.227245867347
2025-02-27 07:00:00,17318.883278837526,6903.863707162473
2025-02-27 08:00:00,31870.997061462804,-0.0
2025-02-27 09:00:00,36411.865066068945,-0.0
2025-02-27 10:00:00,36884.80394988697,-0.0
2025-02-27 11:00:00,36621.760580467,-0.0
2025-02-27 12:00:00,35290.17573453802,-0.0
2025-02-27 13:00:00,31705.583990941755,-0.0
2025-02-27 14:00:00,30206.467862878533,-0.0
2025-02-27 15:00:00,26762.06321513712,-0.0
2025-02-27 16:00:00,15685.54956037481,8050.21229162519
2025-02-27 17:00:00,3119.74057684679,-0.0
2025-02-27 18:00:00,-0.0,26317.5741649999
2025-02-27 19:00:00,-0.0,25768.560975
2025-02-27 20:00:00,-0.0,-0.0
2025-02-27 21:00:00,-0.0,-0.0
2025-02-27 22:00:00,-0.0,22724.114284
2025-02-27 23:00:00,-0.0,21373.209637
2025-02-28 00:00:00,-0.0,20819.266025
2025-02-28 01:00:00,-0.0,-0.0
2025-02-28 02:00:00,-0.0,19751.781782
2025-02-28 03:00:00,-0.0,19337.041846
2025-02-28 04:00:00,-0.0,19607.435234
2025-02-28 05:00:00,-0.0,20939.2736
2025-02-28 06:00:00,1122.652154991465,-0.0
2025-02-28 07:00:00,10534.44404647741,13093.431571522588
2025-02-28 08:00:00,20848.016391106594,2395.2883868934077
2025-02-28 09:00:00,26863.73737257031,-0.0
2025-02-28 10:00:00,30794.560432577324,-0.0
2025-02-28 11:00:00,33098.78953834541,-0.0
2025-02-28 12:00:00,35524.91209421805,-0.0
2025-02-28 13:00:00,34853.63157752847,-0.0
2025-02-28 14:00:00,32544.395789765575,-0.0
2025-02-28 15:00:00,27138.719752900986,-0.0
2025-02-28 16:00:00,12789.761720449986,10297.556867550013
2025-02-28 17:00:00,1615.232637404535,22747.48302259547
2025-02-28 18:00:00,-0.0,-0.0
2025-02-28 19:00:00,-0.0,-0.0
2025-02-28 20:00:00,-0.0,23819.604271
2025-02-28 21:00:00,-0.0,23199.907767
2025-02-28 22:00:00,-0.0,22237.883448
2025-02-28 23:00:00,-0.0,21117.945277
2025-03-01 00:00:00,-0.0,20700.277742
2025-03-01 01:00:00,-0.0,9276.723619813256
2025-03-01 02:00:00,-0.0,19253.637616
2025-03-01 03:00:00,-0.0,18823.379708
2025-03-01 04:00:00,-0.0,18882.959535
2025-03-01 05:00:00,-0.0,19393.670512
2025-03-01 06:00:00,966.0970603074101,19074.92089569259
2025-03-01 07:00:00,11203.221222169585,9269.262563830416
2025-03-01 08:00:00,26273.91172064255,-0.0
2025-03-01 09:00:00,31283.482185840334,-0.0
2025-03-01 10:00:00,35336.58382533612,-0.0
2025-03-01 11:00:00,37003.42380022568,-0.0
2025-03-01 12:00:00,35200.63315270765,-0.0
2025-03-01 13:00:00,35270.14900655876,-0.0
2025-03-01 14:00:00,34214.89449380519,-0.0
2025-03-01 15:00:00,32227.04917717107,-0.0
2025-03-01 16:00:00,19002.283817248404,1927.3240941515942
2025-03-01 17:00:00,2091.6376856805,20300.4876083194
2025-03-01 18:00:00,-0.0,23730.957265
2025-03-01 19:00:00,-0.0,-0.0
2025-03-01 20:00:00,-0.0,22973.942727
2025-03-01 21:00:00,-0.0,-0.0
2025-03-01 22:00:00,-0.0,21518.067292
2025-03-01 23:00:00,-0.0,20611.085034
2025-03-02 00:00:00,-0.0,20350.583337
2025-03-02 01:00:00,-0.0,19482.702755
2025-03-02 02:00:00,-0.0,-0.0
2025-03-02 03:00:00,-0.0,18739.28
2025-03-02 04:00:00,-0.0,18694.293898
2025-03-02 05:00:00,-0.0,18988.79997
2025-03-02 06:00:00,1585.577674819855,17916.340873180146
2025-03-02 07:00:00,16121.901152692244,4593.369252307755
2025-03-02 08:00:00,31337.977993706983,-0.0
2025-03-02 09:00:00,31523.995486283617,-0.0
2025-03-02 10:00:00,31874.27066122864,-0.0
2025-03-02 11:00:00,29976.353055809097,-0.0
2025-03-02 12:00:00,28017.199878299114,-0.0
2025-03-02 13:00:00,27194.756078304505,-0.0
2025-03-02 14:00:00,25007.221175954062,-0.0
2025-03-02 15:00:00,21661.602215264214,-0.0
2025-03-02 16:00:00,18168.478700419404,2227.5036549004944
2025-03-02 17:00:00,2951.053906559905,19676.436377440095
2025-03-02 18:00:00,84.15077045133,24207.89930054867
2025-03-02 19:00:00,18.293645750285002,24205.234085249715
2025-03-02 20:00:00,-0.0,23771.354633
2025-03-02 21:00:00,-0.0,-0.0
2025-03-02 22:00:00,-0.0,22217.678818
2025-03-02 23:00:00,-0.0,20905.674382
2025-03-03 00:00:00,-0.0,-0.0
2025-03-03 01:00:00,-0.0,20040.171669
2025-03-03 02:00:00,-0.0,-0.0
2025-03-03 03:00:00,-0.0,19677.016077
2025-03-03 04:00:00,-0.0,20263.505401
2025-03-03 05:00:00,-0.0,22014.837041
2025-03-03 06:00:00,2049.0808887245653,21914.900707275436
2025-03-03 07:00:00,17704.20522774626,-0.0
2025-03-03 08:00:00,33518.58056714153,-0.0
2025-03-03 09:00:00,35936.615405945624,-0.0
2025-03-03 10:00:00,36459.4285450197,-0.0
2025-03-03 11:00:00,37228.5319253003,-0.0
2025-03-03 12:00:00,37427.06612286398,-0.0
2025-03-03 13:00:00,37812.19550708061,-0.0
2025-03-03 14:00:00,33682.83824950992,-0.0
2025-03-03 15:00:00,32394.965588689523,-0.0
2025-03-03 16:00:00,23962.942850650677,-0.0
2025-03-03 17:00:00,3852.8343597031403,20562.288538296758
2025-03-03 18:00:00,33.121127042625,11557.432296612727
2025-03-03 19:00:00,-0.0,26172.760538
2025-03-03 20:00:00,-0.0,-0.0
2025-03-03 21:00:00,-0.0,25143.2922369999
2025-03-03 22:00:00,-0.0,23707.295011
2025-03-03 23:00:00,-0.0,22366.170271
2025-03-04 00:00:00,-0.0,21991.431446
2025-03-04 01:00:00,-0.0,21511.201609
2025-03-04 02:00:00,-0.0,20966.623204
2025-03-04 03:00:00,-0.0,20855.993548
2025-03-04 04:00:00,-0.0,21023.02107
2025-03-04 05:00:00,-0.0,-0.0
2025-03-04 06:00:00,2276.8849194887,22382.8810915113
2025-03-04 07:00:00,21997.0499089169,4145.481439083102
2025-03-04 08:00:00,38041.54005538161,-0.0
2025-03-04 09:00:00,39308.038035377984,-0.0
2025-03-04 10:00:00,39428.968662022,-0.0
2025-03-04 11:00:00,37883.8295725449,-0.0
2025-03-04 12:00:00,35188.30901241272,-0.0
2025-03-04 13:00:00,33242.827928042425,-0.0
2025-03-04 14:00:00,31596.784939900557,-0.0
2025-03-04 15:00:00,29307.768444809033,-0.0
2025-03-04 16:00:00,24061.150843625914,-0.0
2025-03-04 17:00:00,3967.21778681548,20842.20956218442
2025-03-04 18:00:00,98.593122359455,25947.527903640545
2025-03-04 19:00:00,32.543432966305,25783.348274033695
2025-03-04 20:00:00,-0.0,25253.4334
2025-03-04 21:00:00,-0.0,24359.417152
2025-03-04 22:00:00,-0.0,22946.385907
2025-03-04 23:00:00,-0.0,-0.0
2025-03-05 00:00:00,-0.0,21287.395652
2025-03-05 01:00:00,-0.0,20819.582975
2025-03-05 02:00:00,-0.0,20279.9730849999
2025-03-05 03:00:00,-0.0,20023.835462
2025-03-05 04:00:00,-0.0,20744.1116889999
2025-03-05 05:00:00,-0.0,22344.050491
2025-03-05 06:00:00,1211.039348669185,22964.824767330712
2025-03-05 07:00:00,7908.439340196335,17422.263813803664
2025-03-05 08:00:00,13746.03798145987,-0.0
2025-03-05 09:00:00,15687.667771988,-0.0
2025-03-05 10:00:00,17483.333525898026,8809.502763101973
2025-03-05 11:00:00,19183.87232190654,-0.0
2025-03-05 12:00:00,17879.631662256936,8388.585268743063
2025-03-05 13:00:00,14741.79000435196,11055.789439648039
2025-03-05 14:00:00,12798.234566902749,12946.57224509725
2025-03-05 15:00:00,12270.414745833861,13854.636813166138
2025-03-05 16:00:00,6251.22759991219,19473.06756008781
2025-03-05 17:00:00,755.0461577566949,-0.0
2025-03-05 18:00:00,-0.0,27350.0062
2025-03-05 19:00:00,-0.0,27023.476562
2025-03-05 20:00:00,-0.0,26178.19192
2025-03-05 21:00:00,-0.0,-0.0
2025-03-05 22:00:00,-0.0,24442.58007
2025-03-05 23:00:00,-0.0,23263.215215
2025-03-06 00:00:00,-0.0,16927.527201266712
2025-03-06 01:00:00,-0.0,21925.013126
2025-03-06 02:00:00,-0.0,21837.26832
2025-03-06 03:00:00,-0.0,21066.715874
2025-03-06 04:00:00,-0.0,21382.88672
2025-03-06 05:00:00,-0.0,22712.586798
2025-03-06 06:00:00,2126.877024336325,22322.827392663676
2025-03-06 07:00:00,19085.471764239195,-0.0
2025-03-06 08:00:00,34518.761577952115,-0.0
2025-03-06 09:00:00,37806.80369570157,-0.0
2025-03-06 10:00:00,36117.43365183534,-0.0
2025-03-06 11:00:00,34447.70520656415,-0.0
2025-03-06 12:00:00,32746.396151787194,-0.0
2025-03-06 13:00:00,29395.77050910253,-0.0
2025-03-06 14:00:00,26814.825940774805,-0.0
2025-03-06 15:00:00,23306.489815253433,916.3267637465651
2025-03-06 16:00:00,15107.66291935776,-0.0
2025-03-06 17:00:00,2850.920266663585,22834.965865336413
2025-03-06 18:00:00,6.932328915895,26580.382490084103
2025-03-06 19:00:00,15.597740060769999,26385.21628793923
2025-03-06 20:00:00,19.25646921083,25967.997932789167
2025-03-06 21:00:00,18.678775134505,25325.423361865498
2025-03-06 22:00:00,20.02672797926,24262.38092702074
2025-03-06 23:00:00,14.057222523905,23082.693423476096
2025-03-07 00:00:00,-0.0,22406.9782849999
2025-03-07 01:00:00,-0.0,21838.6724919999
2025-03-07 02:00:00,-0.0,2601.0740367859617
2025-03-07 03:00:00,-0.0,20879.4581049999
2025-03-07 04:00:00,-0.0,21381.865689
2025-03-07 05:00:00,-0.0,23010.047524
2025-03-07 06:00:00,1312.520941410265,-0.0
2025-03-07 07:00:00,14193.558325919588,10682.00779108041
2025-03-07 08:00:00,29525.944240967754,-0.0
2025-03-07 09:00:00,35795.46548663024,-0.0
2025-03-07 10:00:00,36065.6337496582,-0.0
2025-03-07 11:00:00,37221.59959638441,-0.0
2025-03-07 12:00:00,36765.41384077981,-0.0
2025-03-07 13:00:00,38806.407012435826,-0.0
2025-03-07 14:00:00,38576.48477005851,-0.0
2025-03-07 15:00:00,35413.80226687156,-0.0
2025-03-07 16:00:00,25463.02180217444,-0.0
2025-03-07 17:00:00,5202.52028669031,18427.429748309693
2025-03-07 18:00:00,2.310776305299765,-0.0
2025-03-07 19:00:00,-0.0,25348.071797
2025-03-07 20:00:00,-0.0,24795.862616
2025-03-07 21:00:00,-0.0,-0.0
2025-03-07 22:00:00,-0.0,23641.9956259999
2025-03-07 23:00:00,-0.0,22417.3829679999
2025-03-08 00:00:00,-0.0,-0.0
2025-03-08 01:00:00,-0.0,-0.0
2025-03-08 02:00:00,-0.0,20726.265261
2025-03-08 03:00:00,-0.0,20365.122109546337
2025-03-08 04:00:00,-0.0,20531.589086
2025-03-08 05:00:00,-0.0,21278.290019
2025-03-08 06:00:00,3467.704975486515,18304.310380513485
2025-03-08 07:00:00,25505.578599130375,-0.0
2025-03-08 08:00:00,37504.0919997073,-0.0
2025-03-08 09:00:00,37620.59363843283,-0.0
2025-03-08 10:00:00,34334.66973229656,-0.0
2025-03-08 11:00:00,32742.544857945028,-0.0
2025-03-08 12:00:00,30995.405406446298,-0.0
2025-03-08 13:00:00,29101.53165956103,-0.0
2025-03-08 14:00:00,28098.07704898461,-0.0
2025-03-08 15:00:00,29091.518295571394,-0.0
2025-03-08 16:00:00,25552.179254620594,-0.0
2025-03-08 17:00:00,5758.454552807015,16177.562314192983
2025-03-08 18:00:00,50.83707871659,23686.921982283307
2025-03-08 19:00:00,4.236423226382903,-0.0
2025-03-08 20:00:00,-0.0,23460.7641
2025-03-08 21:00:00,-0.0,-0.0
2025-03-08 22:00:00,-0.0,22160.18699
2025-03-08 23:00:00,-0.0,21202.419825
2025-03-09 00:00:00,-0.0,21061.132309
2025-03-09 03:00:00,-0.0,20110.5325749999
2025-03-09 04:00:00,-0.0,19942.1825509999
2025-03-09 05:00:00,-0.0,-0.0
2025-03-09 06:00:00,-0.0,449.24298577194713
2025-03-09 07:00:00,3914.840190562015,17371.782776437984
2025-03-09 08:00:00,26194.382502801815,-0.0
2025-03-09 09:00:00,35410.72123179782,-0.0
2025-03-09 10:00:00,33607.16032551135,-0.0
2025-03-09 11:00:00,31338.17055839909,-0.0
2025-03-09 12:00:00,29372.08505197321,-0.0
2025-03-09 13:00:00,27983.886186564378,-0.0
2025-03-09 14:00:00,26102.914274050367,-0.0
2025-03-09 15:00:00,24991.430871201177,-0.0
2025-03-09 16:00:00,23954.662568890013,-0.0
2025-03-09 17:00:00,23695.277928620122,-0.0
2025-03-09 18:00:00,5888.628284672235,13253.114787875547
2025-03-09 19:00:00,19.641598595045,-0.0
2025-03-09 20:00:00,-0.0,23766.056076
2025-03-09 21:00:00,-0.0,23451.4736
2025-03-09 22:00:00,-0.0,22407.473497
2025-03-09 23:00:00,-0.0,21290.559938
2025-03-10 00:00:00,-0.0,-0.0
2025-03-10 01:00:00,-0.0,-0.0
2025-03-10 02:00:00,-0.0,20269.2641559999
2025-03-10 03:00:00,-0.0,20074.392528
2025-03-10 04:00:00,-0.0,20433.663228
2025-03-10 05:00:00,-0.0,21961.693735
2025-03-10 06:00:00,-0.0,24041.940581
2025-03-10 07:00:00,4066.38860325126,21393.51640074874
2025-03-10 08:00:00,25350.564021983184,934.3364960168146
2025-03-10 09:00:00,37752.50045252703,-0.0
2025-03-10 10:00:00,37561.283713263474,-0.0
2025-03-10 11:00:00,36188.2974585312,-0.0
2025-03-10 12:00:00,32199.127296815368,-0.0
2025-03-10 13:00:00,29750.859801350267,-0.0
2025-03-10 14:00:00,27627.25637677978,-0.0
2025-03-10 15:00:00,26856.61247896231,-0.0
2025-03-10 16:00:00,24859.138927722764,-0.0
2025-03-10 17:00:00,19556.67756582824,-0.0
2025-03-10 18:00:00,3675.097148887165,20043.695114112834
2025-03-10 19:00:00,151.933542073455,25178.939103926547
2025-03-10 20:00:00,13.479528447580002,24970.24750655242
2025-03-10 21:00:00,-0.0,24291.4321189999
2025-03-10 22:00:00,-0.0,23045.990827
2025-03-10 23:00:00,-0.0,21595.493603
2025-03-11 00:00:00,-0.0,21626.353053
2025-03-11 01:00:00,-0.0,20641.900319
2025-03-11 02:00:00,-0.0,20401.919703
2025-03-11 03:00:00,-0.0,20173.7508949999
2025-03-11 04:00:00,-0.0,20240.529476
2025-03-11 05:00:00,-0.0,-0.0
2025-03-11 06:00:00,-0.0,23598.207941
2025-03-11 07:00:00,2297.6819062363998,23126.984236763597
2025-03-11 08:00:00,11208.80559824073,13870.43444475917
2025-03-11 09:00:00,17913.13791868378,6083.720224316221
2025-03-11 10:00:00,20516.9976853724,2374.401501627599
2025-03-11 11:00:00,25437.21813343193,-0.0
2025-03-11 12:00:00,25178.218622546243,-0.0
2025-03-11 13:00:00,27113.30121354269,-0.0
2025-03-11 14:00:00,25036.105879770308,-0.0
2025-03-11 15:00:00,24587.62271185004,-0.0
2025-03-11 16:00:00,24027.45202250696,-0.0
2025-03-11 17:00:00,15509.16030240359,7358.71209159631
2025-03-11 18:00:00,4171.33636045029,18811.02460228752
2025-03-11 19:00:00,271.70878056482996,25501.66505643517
2025-03-11 20:00:00,20.41185736348,25386.40280163652
2025-03-11 21:00:00,-0.0,24787.295977
2025-03-11 22:00:00,-0.0,23411.081054
2025-03-11 23:00:00,-0.0,22169.110588
2025-03-12 00:00:00,-0.0,21711.800732
2025-03-12 01:00:00,-0.0,21195.527315
2025-03-12 02:00:00,-0.0,21024.61754
2025-03-12 03:00:00,-0.0,20687.031976
2025-03-12 04:00:00,-0.0,20486.0170159999
2025-03-12 05:00:00,-0.0,21301.261667
2025-03-12 06:00:00,-0.0,23155.510618
2025-03-12 07:00:00,3692.620535869025,21302.064749130976
2025-03-12 08:00:00,20164.989428198405,5964.572858801595
2025-03-12 09:00:00,28993.31030259616,-0.0
2025-03-12 10:00:00,30467.585585377412,-0.0
2025-03-12 11:00:00,29454.887869579787,-0.0
2025-03-12 12:00:00,28332.428279280426,-0.0
2025-03-12 13:00:00,23747.462960181474,530.377708818527
2025-03-12 14:00:00,22013.032778361892,2877.073666638109
2025-03-12 15:00:00,20563.405776170504,-0.0
2025-03-12 16:00:00,18050.2439794649,6395.046473535
2025-03-12 17:00:00,11493.416213176815,12733.896681823184
2025-03-12 18:00:00,2225.66271138789,22925.83003561211
2025-03-12 19:00:00,7.124893608005,26265.879516391997
2025-03-12 20:00:00,-0.0,25960.969568
2025-03-12 21:00:00,-0.0,-0.0
2025-03-12 22:00:00,-0.0,23886.309517
2025-03-12 23:00:00,-0.0,22442.091635
2025-03-13 00:00:00,-0.0,22237.4473379999
2025-03-13 01:00:00,-0.0,22066.412974
2025-03-13 02:00:00,-0.0,21402.396313
2025-03-13 03:00:00,-0.0,21532.913236
2025-03-13 04:00:00,-0.0,20953.9414689999
2025-03-13 05:00:00,-0.0,22081.696089
2025-03-13 06:00:00,-0.0,24048.73277
2025-03-13 07:00:00,1639.8809179944,24210.2614470056
2025-03-13 08:00:00,9740.114691530614,16728.44795346939
2025-03-13 09:00:00,17309.640173616324,8836.645207383677
2025-03-13 10:00:00,21056.371387967785,4390.809975032214
2025-03-13 11:00:00,24703.54665649925,557.1910765007524
2025-03-13 12:00:00,25382.914890257387,-0.0
2025-03-13 13:00:00,26918.618309821184,-0.0
2025-03-13 14:00:00,26861.426596265013,-0.0
2025-03-13 15:00:00,29674.604183275373,-0.0
2025-03-13 16:00:00,26129.680766253423,-0.0
2025-03-13 17:00:00,19855.73053267245,3000.66795532755
2025-03-13 18:00:00,5079.856577817315,19647.130753182686
2025-03-13 19:00:00,4.814117302707845,26511.840349697293
2025-03-13 20:00:00,-0.0,-0.0
2025-03-13 21:00:00,-0.0,26001.465465
2025-03-13 22:00:00,-0.0,24594.141722
2025-03-13 23:00:00,-0.0,-0.0
2025-03-14 00:00:00,-0.0,22690.955458
2025-03-14 01:00:00,-0.0,17680.449104096442
2025-03-14 02:00:00,-0.0,21745.320419
2025-03-14 03:00:00,-0.0,21381.771633
2025-03-14 04:00:00,-0.0,21443.159715
2025-03-14 05:00:00,-0.0,22577.489128
2025-03-14 06:00:00,-0.0,-0.0
2025-03-14 07:00:00,1143.641706431275,25406.465205568726
2025-03-14 08:00:00,8722.795423122396,18845.662218877504
2025-03-14 09:00:00,10322.43032046616,17381.692481533843
2025-03-14 10:00:00,15540.740911909354,12586.293856090648
2025-03-14 11:00:00,22132.61545216115,5297.2132938388495
2025-03-14 12:00:00,22297.45082860587,3803.1270603941302
2025-03-14 13:00:00,28789.961987729777,-0.0
2025-03-14 14:00:00,26853.531443888573,55.20574411142661
2025-03-14 15:00:00,24319.57266043527,1808.6656615647298
2025-03-14 16:00:00,21663.720426877408,3424.7569531225927
2025-03-14 17:00:00,13841.550068745595,10888.498860254405
2025-03-14 18:00:00,3359.48361852164,22075.43074247836
2025-03-14 19:00:00,3.466164457949648,-0.0
2025-03-14 20:00:00,-0.0,26129.645374
2025-03-14 21:00:00,-0.0,25561.72439
2025-03-14 22:00:00,-0.0,24462.317099
2025-03-14 23:00:00,-0.0,23366.420266
2025-03-15 00:00:00,-0.0,22946.193997
2025-03-15 01:00:00,-0.0,22313.413699
2025-03-15 02:00:00,-0.0,21419.304473
2025-03-15 03:00:00,-0.0,20977.490315
2025-03-15 04:00:00,-0.0,20780.122848
2025-03-15 05:00:00,-0.0,21361.5828669999
2025-03-15 06:00:00,-0.0,22384.670158
2025-03-15 07:00:00,5301.11340904977,17849.88304495023
2025-03-15 08:00:00,25794.61820198496,-0.0
2025-03-15 09:00:00,31142.52483121705,-0.0
2025-03-15 10:00:00,29819.990525817146,-0.0
2025-03-15 11:00:00,28657.284914867152,-0.0
2025-03-15 12:00:00,28918.402637366024,-0.0
2025-03-15 13:00:00,27343.03089122791,-0.0
2025-03-15 14:00:00,24959.657697003306,-0.0
2025-03-15 15:00:00,20811.42909960601,-0.0
2025-03-15 16:00:00,17788.163433505484,-0.0
2025-03-15 17:00:00,18937.19695131579,264.04050968421143
2025-03-15 18:00:00,6948.50435003639,14613.041918963609
2025-03-15 19:00:00,29.077268508355,23334.535739491646
2025-03-15 20:00:00,-0.0,23486.608397
2025-03-15 21:00:00,-0.0,23334.742165
2025-03-15 22:00:00,-0.0,22523.064766
2025-03-15 23:00:00,-0.0,21773.871123
2025-03-16 00:00:00,-0.0,21403.7745379999
2025-03-16 01:00:00,-0.0,20785.185131
2025-03-16 02:00:00,-0.0,20092.07007
2025-03-16 03:00:00,-0.0,19843.869371
2025-03-16 04:00:00,-0.0,19593.516529
2025-03-16 05:00:00,-0.0,14431.63999785521
2025-03-16 06:00:00,1.1553881526498826,20806.52977984735
2025-03-16 07:00:00,5793.501326770725,15304.449867229276
2025-03-16 08:00:00,22872.256434549185,-0.0
2025-03-16 09:00:00,31483.94203032509,-0.0
2025-03-16 10:00:00,31518.60367490459,-0.0
2025-03-16 11:00:00,31098.234952032133,-0.0
2025-03-16 12:00:00,30335.101077206888,-0.0
2025-03-16 13:00:00,26400.426723357712,-0.0
2025-03-16 14:00:00,25034.180232849223,-0.0
2025-03-16 15:00:00,24140.87262615876,-0.0
2025-03-16 16:00:00,21804.8703461928,-0.0
2025-03-16 17:00:00,17811.271196558486,2570.865102441414
2025-03-16 18:00:00,4193.673864734855,-0.0
2025-03-16 19:00:00,40.63115003485,23859.43173196515
2025-03-16 20:00:00,4.236423226382903,23699.147315773618
2025-03-16 21:00:00,-0.0,23265.541374
2025-03-16 22:00:00,-0.0,-0.0
2025-03-16 23:00:00,-0.0,20897.602329
2025-03-17 00:00:00,-0.0,20846.571992
2025-03-17 01:00:00,-0.0,20287.073062
2025-03-17 02:00:00,-0.0,19930.010143
2025-03-17 03:00:00,-0.0,20167.2749679999
2025-03-17 04:00:00,-0.0,20139.260236
2025-03-17 05:00:00,-0.0,21292.687541
2025-03-17 06:00:00,-0.0,23253.6077239999
2025-03-17 07:00:00,2307.3101408418147,22526.866759158183
2025-03-17 08:00:00,11003.531636453265,13908.437109546734
2025-03-17 09:00:00,21723.800610815204,3019.5843821847957
2025-03-17 10:00:00,26092.708345368625,-0.0
2025-03-17 11:00:00,29430.817283066248,-0.0
2025-03-17 12:00:00,26690.044020288617,-0.0
2025-03-17 13:00:00,27631.87792939038,-0.0
2025-03-17 14:00:00,28721.023827955,-0.0
2025-03-17 15:00:00,26001.047551925072,-0.0
2025-03-17 16:00:00,22925.59685426319,69.22095473681111
2025-03-17 17:00:00,18283.824950992286,5655.062173007715
2025-03-17 18:00:00,5873.415673995675,18808.376445004327
2025-03-17 19:00:00,37.1649855769,25996.0801114231
2025-03-17 20:00:00,-0.0,25803.418546
2025-03-17 21:00:00,-0.0,25136.432962
2025-03-17 22:00:00,-0.0,23873.8922409999
2025-03-17 23:00:00,-0.0,22651.199273
2025-03-18 00:00:00,-0.0,22069.12508
2025-03-18 01:00:00,-0.0,21538.270335
2025-03-18 02:00:00,-0.0,21027.689855
2025-03-18 03:00:00,-0.0,20783.056082
2025-03-18 04:00:00,-0.0,20989.56645
2025-03-18 05:00:00,-0.0,22449.167538
2025-03-18 06:00:00,2.695905689516393,24739.141261310382
2025-03-18 07:00:00,6242.94731815153,-0.0
2025-03-18 08:00:00,24510.019140930395,1462.8608200696035
2025-03-18 09:00:00,29917.043130639737,-0.0
2025-03-18 10:00:00,28244.81134437114,-0.0
2025-03-18 11:00:00,28030.871971438803,-0.0
2025-03-18 12:00:00,27745.49109773428,-0.0
2025-03-18 13:00:00,26161.453940451294,-0.0
2025-03-18 14:00:00,24003.57400068553,-0.0
2025-03-18 15:00:00,22739.38679699445,-0.0
2025-03-18 16:00:00,20038.66699017535,-0.0
2025-03-18 17:00:00,21453.05465371091,-0.0
2025-03-18 18:00:00,7910.55755180953,-0.0
2025-03-18 19:00:00,231.07763052997498,24948.439213469926
2025-03-18 20:00:00,79.336653148625,-0.0
2025-03-18 21:00:00,-0.0,24526.4974359999
2025-03-18 22:00:00,-0.0,23273.227983
2025-03-18 23:00:00,-0.0,21906.2031409999
2025-03-19 00:00:00,-0.0,21718.224089
2025-03-19 01:00:00,-0.0,21021.820947
2025-03-19 02:00:00,-0.0,20385.207602
2025-03-19 03:00:00,-0.0,20508.590436
2025-03-19 04:00:00,-0.0,21094.400651
2025-03-19 05:00:00,-0.0,-0.0
2025-03-19 06:00:00,10.01336398963,-0.0
2025-03-19 07:00:00,7013.013521892674,19540.547995107325
2025-03-19 08:00:00,26343.042445109437,248.4510158905614
2025-03-19 09:00:00,32336.04079290438,-0.0
2025-03-19 10:00:00,32166.583863849057,-0.0
2025-03-19 11:00:00,32217.03581318144,-0.0
2025-03-19 12:00:00,30410.39387182124,-0.0
2025-03-19 13:00:00,30627.606844519418,-0.0
2025-03-19 14:00:00,29034.711711399443,-0.0
2025-03-19 15:00:00,25623.813320084882,-0.0
2025-03-19 16:00:00,21464.99366462163,-0.0
2025-03-19 17:00:00,19435.939503876325,2809.2413131236754
2025-03-19 18:00:00,5400.861919561875,18657.079591438127
2025-03-19 19:00:00,19.25646921083,25316.797819789168
2025-03-19 20:00:00,-0.0,25172.430491
2025-03-19 21:00:00,-0.0,19071.63551681666
2025-03-19 22:00:00,-0.0,-0.0
2025-03-19 23:00:00,-0.0,22156.768722
2025-03-20 00:00:00,-0.0,21705.226742
2025-03-20 01:00:00,-0.0,21065.368251
2025-03-20 02:00:00,-0.0,20666.509674
2025-03-20 03:00:00,-0.0,-0.0
2025-03-20 04:00:00,-0.0,20781.060432
2025-03-20 05:00:00,-0.0,21899.914783
2025-03-20 06:00:00,14.82748129234,24042.31517670766
2025-03-20 07:00:00,6883.802613488001,18834.220013511997
2025-03-20 08:00:00,25833.90139917505,-0.0
2025-03-20 09:00:00,34425.7528316638,-0.0
2025-03-20 10:00:00,33559.21171717638,-0.0
2025-03-20 11:00:00,29955.363504369292,-0.0
2025-03-20 12:00:00,29027.586817791438,-0.0
2025-03-20 13:00:00,28137.74537555892,-0.0
2025-03-20 14:00:00,24884.364902388956,-0.0
2025-03-20 15:00:00,24541.79231512827,-0.0
2025-03-20 16:00:00,22610.36845328188,-0.0
2025-03-20 17:00:00,21855.899989601505,-0.0
2025-03-20 18:00:00,7395.832129804005,15942.473916195895
2025-03-20 19:00:00,44.097314492799995,25094.443988507202
2025-03-20 20:00:00,0.19256469210831376,-0.0
2025-03-20 21:00:00,9.243105221195,24398.189576778805
2025-03-20 22:00:00,9.435669913305,23196.296104086694
2025-03-20 23:00:00,8.280281760655,21749.413830239348
2025-03-21 00:00:00,7.70258768433,-0.0
2025-03-21 01:00:00,6.932328915895,20933.544509084102
2025-03-21 02:00:00,8.087717068545,20619.667150931455
2025-03-21 03:00:00,6.162070147464999,20296.148836852535
2025-03-21 04:00:00,4.4289879184912175,20491.64545208151
2025-03-21 05:00:00,4.62155261059953,21827.9947223894
2025-03-21 06:00:00,48.333737719185,23869.379208280814
2025-03-21 07:00:00,6924.626328214959,18314.65639678504
2025-03-21 08:00:00,24264.306593800186,812.477467199813
2025-03-21 09:00:00,35041.57471702619,-0.0
2025-03-21 10:00:00,35145.752215456785,-0.0
2025-03-21 11:00:00,33527.631107670626,-0.0
2025-03-21 12:00:00,32163.887958159543,-0.0
2025-03-21 13:00:00,31018.705734191404,-0.0
2025-03-21 14:00:00,30585.435176947696,-0.0
2025-03-21 15:00:00,29569.271296692124,-0.0
2025-03-21 16:00:00,28685.97705399129,-0.0
2025-03-21 17:00:00,25437.988392200357,-0.0
2025-03-21 18:00:00,7574.5321640805205,15377.02870691938
2025-03-21 19:00:00,48.141173027075,21680.750183996937
2025-03-21 20:00:00,-0.0,-0.0
2025-03-21 21:00:00,-0.0,23756.383821
2025-03-21 22:00:00,-0.0,23000.410728
2025-03-21 23:00:00,-0.0,21955.3695769999
2025-03-22 00:00:00,-0.0,21199.123953
2025-03-22 01:00:00,-0.0,-0.0
2025-03-22 02:00:00,-0.0,20043.292709
2025-03-22 03:00:00,-0.0,19593.070496
2025-03-22 04:00:00,-0.0,-0.0
2025-03-22 05:00:00,-0.0,20163.474552
2025-03-22 06:00:00,34.8542092716,20601.519917728398
2025-03-22 07:00:00,6923.66350475442,14243.629318245581
2025-03-22 08:00:00,26500.75292794615,-0.0
2025-03-22 09:00:00,31280.4011507666,-0.0
2025-03-22 10:00:00,28949.21298810335,-0.0
2025-03-22 11:00:00,27701.00865385726,-0.0
2025-03-22 12:00:00,27642.661552148445,-0.0
2025-03-22 13:00:00,27697.92761878353,-0.0
2025-03-22 14:00:00,26053.040018794316,-0.0
2025-03-22 15:00:00,26006.4393633041,-0.0
2025-03-22 16:00:00,25176.870669701486,-0.0
2025-03-22 17:00:00,18194.667498546136,1809.8897694538646
2025-03-22 18:00:00,5132.426738762885,16503.107935237113
2025-03-22 19:00:00,105.91058065957,23118.53859534043
2025-03-22 20:00:00,-0.0,23264.737002
2025-03-22 21:00:00,-0.0,22866.25984
2025-03-22 22:00:00,-0.0,-0.0
2025-03-22 23:00:00,-0.0,20920.025595
2025-03-23 00:00:00,-0.0,20231.5094719999
2025-03-23 01:00:00,-0.0,19586.416262
2025-03-23 02:00:00,-0.0,-0.0
2025-03-23 03:00:00,-0.0,-0.0
2025-03-23 04:00:00,-0.0,18530.712122
2025-03-23 05:00:00,-0.0,18691.489442
2025-03-23 06:00:00,16.175434137095,-0.0
2025-03-23 07:00:00,7805.802359302605,12208.789992697395
2025-03-23 08:00:00,28997.16159643832,-0.0
2025-03-23 09:00:00,34554.19348130004,-0.0
2025-03-23 10:00:00,32513.392874336132,-0.0
2025-03-23 11:00:00,31972.47865420388,-0.0
2025-03-23 12:00:00,31547.10324933661,-0.0
2025-03-23 13:00:00,32016.76853338879,-0.0
2025-03-23 14:00:00,30679.214182004445,-0.0
2025-03-23 15:00:00,30869.468097807458,-0.0
2025-03-23 16:00:00,29564.457179389414,-0.0
2025-03-23 17:00:00,26708.530230731016,-0.0
2025-03-23 18:00:00,8794.23692389458,13386.88981410542
2025-03-23 19:00:00,399.95686550896505,-0.0
2025-03-23 20:00:00,-0.0,-0.0
2025-03-23 21:00:00,-0.0,23097.581183
2025-03-23 22:00:00,-0.0,21972.675675
2025-03-23 23:00:00,-0.0,20785.076187
2025-03-24 00:00:00,-0.0,11219.866931633347
2025-03-24 01:00:00,-0.0,19911.696667
2025-03-24 02:00:00,-0.0,-0.0
2025-03-24 03:00:00,-0.0,-0.0
2025-03-24 04:00:00,-0.0,19448.450423
2025-03-24 05:00:00,-0.0,-0.0
2025-03-24 06:00:00,47.948608334970004,22510.68025566503
2025-03-24 07:00:00,9306.459004902696,14835.101176097305
2025-03-24 08:00:00,25057.9059580173,-0.0
2025-03-24 09:00:00,38016.50664540752,-0.0
2025-03-24 10:00:00,37224.10293738182,-0.0
2025-03-24 11:00:00,37009.008176296826,-0.0
2025-03-24 12:00:00,36002.47253064667,-0.0
2025-03-24 13:00:00,37092.773817363945,-0.0
2025-03-24 14:00:00,36975.30935517787,-0.0
2025-03-24 15:00:00,38186.54126853917,-0.0
2025-03-24 16:00:00,37157.668118604444,-0.0
2025-03-24 17:00:00,30756.817752924093,-0.0
2025-03-24 18:00:00,9870.480988087944,-0.0
2025-03-24 19:00:00,235.699183140575,-0.0
2025-03-24 20:00:00,-0.0,26045.977973
2025-03-24 21:00:00,-0.0,-0.0
2025-03-24 22:00:00,-0.0,23424.160045
2025-03-24 23:00:00,-0.0,21786.131507
2025-03-25 00:00:00,-0.0,21026.8332
2025-03-25 01:00:00,-0.0,20323.454401
2025-03-25 02:00:00,-0.0,19443.129369
2025-03-25 03:00:00,-0.0,19085.316157
2025-03-25 04:00:00,-0.0,-0.0
2025-03-25 05:00:00,-0.0,20729.151871
2025-03-25 06:00:00,68.16790100634,-0.0
2025-03-25 07:00:00,9662.51112061097,7756.191435771279
2025-03-25 08:00:00,24262.9548393999,-0.0
2025-03-25 09:00:00,23779.1339644,-0.0
2025-03-25 10:00:00,31169.990824881075,-0.0
2025-03-25 11:00:00,41732.62007371377,-0.0
2025-03-25 12:00:00,42107.35096455654,-0.0
2025-03-25 13:00:00,41660.408314173146,-0.0
2025-03-25 14:00:00,42183.22145324721,-0.0
2025-03-25 15:00:00,42197.47124046324,-0.0
2025-03-25 16:00:00,39758.254285527226,-0.0
2025-03-25 17:00:00,30371.688368707466,-0.0
2025-03-25 18:00:00,8587.037315186035,17633.053910813862
2025-03-25 19:00:00,136.33580201268498,26892.259371987315
2025-03-25 20:00:00,-0.0,26599.321705
2025-03-25 21:00:00,-0.0,25865.393468
2025-03-25 22:00:00,-0.0,24422.240886
2025-03-25 23:00:00,-0.0,-0.0
2025-03-26 00:00:00,-0.0,22187.663067
2025-03-26 01:00:00,-0.0,21315.489478
2025-03-26 02:00:00,-0.0,-0.0
2025-03-26 03:00:00,-0.0,-0.0
2025-03-26 04:00:00,-0.0,20420.158279
2025-03-26 05:00:00,-0.0,9592.806821626933
2025-03-26 06:00:00,41.208844111175,-0.0
2025-03-26 07:00:00,6803.50313687883,-0.0
2025-03-26 08:00:00,24501.177556,-0.0
2025-03-26 09:00:00,23866.1195734,-0.0
2025-03-26 10:00:00,37933.240493393816,-0.0
2025-03-26 11:00:00,40839.69759640751,-0.0
2025-03-26 12:00:00,42025.70353510261,-0.0
2025-03-26 13:00:00,42896.2885081243,-0.0
2025-03-26 14:00:00,43165.686512383836,-0.0
2025-03-26 15:00:00,43334.37318267072,-0.0
2025-03-26 16:00:00,41099.85249544585,-0.0
2025-03-26 17:00:00,32152.141511940936,-0.0
2025-03-26 18:00:00,8819.27033386866,-0.0
2025-03-26 19:00:00,377.04166714807496,-0.0
2025-03-26 20:00:00,-0.0,25254.218435
2025-03-26 21:00:00,-0.0,24530.574605
2025-03-26 22:00:00,-0.0,-0.0
2025-03-26 23:00:00,-0.0,22221.407813
2025-03-27 00:00:00,-0.0,21304.040297
2025-03-27 01:00:00,-0.0,20610.560079
2025-03-27 02:00:00,-0.0,20018.497375
2025-03-27 03:00:00,-0.0,19511.904156
2025-03-27 04:00:00,-0.0,19324.908101
2025-03-27 05:00:00,-0.0,-0.0
2025-03-27 06:00:00,104.177498430595,11652.5867542665
2025-03-27 07:00:00,7578.19089323058,16327.04641876932
2025-03-27 08:00:00,28504.773678717367,-0.0
2025-03-27 09:00:00,36491.971977986,-0.0
2025-03-27 10:00:00,38070.809888582065,-0.0
2025-03-27 11:00:00,38828.55195202828,-0.0
2025-03-27 12:00:00,36682.225893789015,-0.0
2025-03-27 13:00:00,35398.011962118675,-0.0
2025-03-27 14:00:00,33450.41266613519,-0.0
2025-03-27 15:00:00,30516.49701717292,-0.0
2025-03-27 16:00:00,28148.336433624878,-0.0
2025-03-27 17:00:00,24696.03663350703,-0.0
2025-03-27 18:00:00,8342.672720900584,14955.412549099416
2025-03-27 19:00:00,131.13655532575999,24646.74936667414
2025-03-27 20:00:00,-0.0,24531.450438
2025-03-27 21:00:00,-0.0,23937.492963
2025-03-27 22:00:00,-0.0,23049.346811
2025-03-27 23:00:00,-0.0,22294.661885
2025-03-28 00:00:00,-0.0,21844.280964
2025-03-28 01:00:00,-0.0,20978.86552
2025-03-28 02:00:00,-0.0,-0.0
2025-03-28 03:00:00,-0.0,-0.0
2025-03-28 04:00:00,-0.0,20623.1586279999
2025-03-28 05:00:00,-0.0,21467.518135
2025-03-28 06:00:00,32.543432966305,22935.022172033696
2025-03-28 07:00:00,4064.8480857143945,-0.0
2025-03-28 08:00:00,15056.825840641164,8347.432062358837
2025-03-28 09:00:00,26004.32115169091,-0.0
2025-03-28 10:00:00,30653.025383877713,-0.0
2025-03-28 11:00:00,30854.255487130904,-0.0
2025-03-28 12:00:00,36500.829953822984,-0.0
2025-03-28 13:00:00,36706.48904499467,-0.0
2025-03-28 14:00:00,34527.04185971277,-0.0
2025-03-28 15:00:00,34960.504981648584,-0.0
2025-03-28 16:00:00,29781.8627167797,-0.0
2025-03-28 17:00:00,23436.470982426545,-0.0
2025-03-28 18:00:00,7285.492561225939,15875.60574877396
2025-03-28 19:00:00,172.537964129045,24286.716455870956
2025-03-28 20:00:00,-0.0,4887.106262290585
2025-03-28 21:00:00,-0.0,24185.270864
2025-03-28 22:00:00,-0.0,23273.131557
2025-03-28 23:00:00,-0.0,22443.665988
2025-03-29 00:00:00,-0.0,-0.0
2025-03-29 01:00:00,-0.0,-0.0
2025-03-29 02:00:00,-0.0,20253.179507
2025-03-29 03:00:00,-0.0,-0.0
2025-03-29 04:00:00,-0.0,19582.78915
2025-03-29 05:00:00,-0.0,19869.1699
2025-03-29 06:00:00,96.86004013048,-0.0
2025-03-29 07:00:00,8249.086280535945,12794.603083464057
2025-03-29 08:00:00,27896.65438103931,-0.0
2025-03-29 09:00:00,33149.4340523699,-0.0
2025-03-29 10:00:00,30832.110547538443,-0.0
2025-03-29 11:00:00,29153.90925581449,-0.0
2025-03-29 12:00:00,26668.09164538827,-0.0
2025-03-29 13:00:00,26251.18908697377,-0.0
2025-03-29 14:00:00,26901.480052223542,-0.0
2025-03-29 15:00:00,26382.13307760742,-0.0
2025-03-29 16:00:00,27235.19466364725,-0.0
2025-03-29 17:00:00,21937.162289671214,-0.0
2025-03-29 18:00:00,5204.638498303505,16613.530132696495
2025-03-29 19:00:00,67.2050775458,22725.8410714541
2025-03-29 20:00:00,-0.0,23206.272373
2025-03-29 21:00:00,-0.0,-0.0
2025-03-29 22:00:00,-0.0,22026.903846
2025-03-29 23:00:00,-0.0,-0.0
2025-03-30 00:00:00,-0.0,20951.0829739999
2025-03-30 01:00:00,-0.0,20209.15979
2025-03-30 02:00:00,-0.0,19596.978524
2025-03-30 03:00:00,-0.0,19577.90872
2025-03-30 04:00:00,-0.0,18918.370955
2025-03-30 05:00:00,-0.0,18984.235393
2025-03-30 06:00:00,69.5158538511,19346.9374381489
2025-03-30 07:00:00,6949.274608804824,13130.188205195174
2025-03-30 08:00:00,21204.45363619908,-0.0
2025-03-30 09:00:00,31183.155981251897,-0.0
2025-03-30 10:00:00,32695.751637762703,-0.0
2025-03-30 11:00:00,34135.75040534868,-0.0
2025-03-30 12:00:00,31100.54572833743,-0.0
2025-03-30 13:00:00,29648.41538514864,-0.0
2025-03-30 14:00:00,28169.711114448903,-0.0
2025-03-30 15:00:00,27474.9377053221,-0.0
2025-03-30 16:00:00,27658.066727517107,-0.0
2025-03-30 17:00:00,24943.482262866208,-0.0
2025-03-30 18:00:00,8264.49145590461,13523.56789609539
2025-03-30 19:00:00,402.267641814265,23006.471009185734
2025-03-30 20:00:00,137.491190165335,23405.019438834664
2025-03-30 21:00:00,-0.0,11733.82087632288
2025-03-30 22:00:00,-0.0,-0.0
2025-03-30 23:00:00,-0.0,-0.0
2025-03-31 00:00:00,-0.0,20844.262464
2025-03-31 01:00:00,-0.0,-0.0
2025-03-31 02:00:00,-0.0,-0.0
2025-03-31 03:00:00,-0.0,19246.931398
2025-03-31 04:00:00,-0.0,19395.232238
2025-03-31 05:00:00,-0.0,20681.220824
2025-03-31 06:00:00,114.383427112335,22425.971960887666
2025-03-31 07:00:00,6283.578468186385,17872.704299813515
2025-03-31 08:00:00,19212.564461030684,-0.0
2025-03-31 09:00:00,29898.556920197338,-0.0
2025-03-31 10:00:00,33121.7047367063,-0.0
2025-03-31 11:00:00,36082.964571947945,-0.0
2025-03-31 12:00:00,37606.921545293146,-0.0
2025-03-31 13:00:00,37103.942569506224,-0.0
2025-03-31 14:00:00,35558.610915337005,-0.0
2025-03-31 15:00:00,31482.401512788223,-0.0
2025-03-31 16:00:00,25451.082791263725,-0.0
2025-03-31 17:00:00,17652.02019618491,5868.446075814991
2025-03-31 18:00:00,5175.561229795145,19126.793473204754
2025-03-31 19:00:00,283.07009739922,25218.17294860078
2025-03-31 20:00:00,198.53419756367,25355.17522843623
2025-03-31 21:00:00,207.58473809275998,24794.347316907242
2025-03-31 22:00:00,210.08807909017,23523.571621909832
2025-03-31 23:00:00,212.59142008757502,22277.441011912426
2025-04-01 00:00:00,159.63612975779,21759.73755824221
2025-04-01 01:00:00,-0.0,-0.0
2025-04-01 02:00:00,-0.0,-0.0
2025-04-01 03:00:00,-0.0,20315.999813
2025-04-01 04:00:00,-0.0,20532.529551
2025-04-01 05:00:00,-0.0,21858.935538
2025-04-01 06:00:00,87.42437021717001,23542.80846378283
2025-04-01 07:00:00,7649.8249586948705,17192.13611830513
2025-04-01 08:00:00,28550.02638136282,-0.0
2025-04-01 09:00:00,31277.512680384978,-0.0
2025-04-01 10:00:00,33112.07650210088,-0.0
2025-04-01 11:00:00,33630.84578264068,-0.0
2025-04-01 12:00:00,33043.13834232611,-0.0
2025-04-01 13:00:00,33315.80994635147,-0.0
2025-04-01 14:00:00,33980.73582820148,-0.0
2025-04-01 15:00:00,34028.68443653645,-0.0
2025-04-01 16:00:00,31445.621656595536,-0.0
2025-04-01 17:00:00,22327.298355882656,-0.0
2025-04-01 18:00:00,6098.33123437819,18118.63254362171
2025-04-01 19:00:00,128.248084944135,-0.0
2025-04-01 20:00:00,-0.0,25816.256467
2025-04-01 21:00:00,-0.0,-0.0
2025-04-01 22:00:00,-0.0,23946.467958
2025-04-01 23:00:00,-0.0,22840.097489
2025-04-02 00:00:00,-0.0,22232.084467
2025-04-02 01:00:00,-0.0,-0.0
2025-04-02 02:00:00,-0.0,20923.0317809999
2025-04-02 03:00:00,-0.0,20565.195956
2025-04-02 04:00:00,-0.0,-0.0
2025-04-02 05:00:00,-0.0,22252.802775
2025-04-02 06:00:00,213.1691141639,24323.921543836103
2025-04-02 07:00:00,7608.03842050737,17902.355936492633
2025-04-02 08:00:00,20251.25841026293,4257.6459387370705
2025-04-02 09:00:00,29853.304217551886,-0.0
2025-04-02 10:00:00,34990.9302030017,-0.0
2025-04-02 11:00:00,36556.09602045807,-0.0
2025-04-02 12:00:00,36258.77613584283,-0.0
2025-04-02 13:00:00,34784.30828836948,-0.0
2025-04-02 14:00:00,31548.06607279716,-0.0
2025-04-02 15:00:00,31775.870103561287,-0.0
2025-04-02 16:00:00,31286.755785606176,-0.0
2025-04-02 17:00:00,26141.61977716414,-0.0
2025-04-02 18:00:00,8325.14933391873,-0.0
2025-04-02 19:00:00,323.316118049855,24726.521977950146
2025-04-02 20:00:00,11.746446218605,-0.0
2025-04-02 21:00:00,2.310776305299765,24629.5674076947
2025-04-02 22:00:00,-0.0,23470.433227
2025-04-02 23:00:00,-0.0,-0.0
2025-04-03 00:00:00,-0.0,21573.626846
2025-04-03 01:00:00,-0.0,21216.244264
2025-04-03 02:00:00,-0.0,3779.8288583852227
2025-04-03 03:00:00,-0.0,20334.820497
2025-04-03 04:00:00,-0.0,20722.679151
2025-04-03 05:00:00,-0.0,22146.097105
2025-04-03 06:00:00,416.13229964606506,23664.391325353936
2025-04-03 07:00:00,12928.023169383754,11907.508983616246
2025-04-03 08:00:00,26081.304453020068,-0.0
2025-04-03 09:00:00,39277.997943409086,-0.0
2025-04-03 10:00:00,40601.30250757743,-0.0
2025-04-03 11:00:00,40748.99962642449,-0.0
2025-04-03 12:00:00,38863.98385537621,-0.0
2025-04-03 13:00:00,37030.38285712085,-0.0
2025-04-03 14:00:00,36051.57652713429,-0.0
2025-04-03 15:00:00,32968.42324178808,-0.0
2025-04-03 16:00:00,32813.40866464088,-0.0
2025-04-03 17:00:00,27546.764335478503,-0.0
2025-04-03 18:00:00,9683.88580143499,13675.606895565012
2025-04-03 19:00:00,373.96063207434497,24884.756411925657
2025-04-03 20:00:00,-0.0,25524.177809
2025-04-03 21:00:00,-0.0,25016.0055819999
2025-04-03 22:00:00,-0.0,23820.224145
2025-04-03 23:00:00,-0.0,-0.0
2025-04-04 00:00:00,-0.0,-0.0
2025-04-04 01:00:00,-0.0,21720.827025
2025-04-04 02:00:00,-0.0,6450.509148338397
2025-04-04 03:00:00,-0.0,21062.6080119999
2025-04-04 04:00:00,-0.0,-0.0
2025-04-04 05:00:00,-0.0,-0.0
2025-04-04 06:00:00,471.783495665365,23923.424607334637
2025-04-04 07:00:00,13772.419344278711,-0.0
2025-04-04 08:00:00,24760.4129933,-0.0
2025-04-04 09:00:00,24725.928748,-0.0
2025-04-04 10:00:00,29104.611870151584,-0.0
2025-04-04 11:00:00,42500.953195225935,-0.0
2025-04-04 12:00:00,42385.221815268844,-0.0
2025-04-04 13:00:00,41565.28135627164,-0.0
2025-04-04 14:00:00,40462.84849395154,-0.0
2025-04-04 15:00:00,39213.4887715528,-0.0
2025-04-04 16:00:00,36337.53509491513,-0.0
2025-04-04 17:00:00,32769.6964795323,-0.0
2025-04-04 18:00:00,12578.518253207167,7985.903967924318
2025-04-04 19:00:00,686.3005626740301,-0.0
2025-04-04 20:00:00,20.21929267137,-0.0
2025-04-04 21:00:00,-0.0,-0.0
2025-04-04 22:00:00,-0.0,23096.269854
2025-04-04 23:00:00,-0.0,21924.550259
2025-04-05 00:00:00,-0.0,21579.824852
2025-04-05 01:00:00,-0.0,20829.907664
2025-04-05 02:00:00,-0.0,20374.441674
2025-04-05 03:00:00,-0.0,-0.0
2025-04-05 04:00:00,-0.0,20226.800848
2025-04-05 05:00:00,-0.0,20716.091999
2025-04-05 06:00:00,533.404197140025,-0.0
2025-04-05 07:00:00,15055.670452488515,6585.145436511384
2025-04-05 08:00:00,33476.023770185595,-0.0
2025-04-05 09:00:00,33502.59769769654,-0.0
2025-04-05 10:00:00,31687.29034519147,-0.0
2025-04-05 11:00:00,30739.10180125013,-0.0
2025-04-05 12:00:00,29555.984332936652,-0.0
2025-04-05 13:00:00,28450.27787085071,-0.0
2025-04-05 14:00:00,27109.642484392632,-0.0
2025-04-05 15:00:00,28343.982160806925,-0.0
2025-04-05 16:00:00,28914.551343523854,-0.0
2025-04-05 17:00:00,28582.377249637015,-0.0
2025-04-05 18:00:00,11723.145890862035,-0.0
2025-04-05 19:00:00,434.81107478057,23192.86624021943
2025-04-05 20:00:00,-0.0,23614.894522
2025-04-05 21:00:00,-0.0,5372.840784289503
2025-04-05 22:00:00,-0.0,21892.793305
2025-04-05 23:00:00,-0.0,21093.009482
2025-04-06 00:00:00,-0.0,-0.0
2025-04-06 01:00:00,-0.0,-0.0
2025-04-06 02:00:00,-0.0,19334.692411
2025-04-06 03:00:00,-0.0,19061.259445
2025-04-06 04:00:00,-0.0,19253.77654
2025-04-06 05:00:00,-0.0,-0.0
2025-04-06 06:00:00,658.5712470104299,19412.41815298957
2025-04-06 07:00:00,15255.74516758905,-0.0
2025-04-06 08:00:00,34210.850635270916,-0.0
2025-04-06 09:00:00,35938.54105286671,-0.0
2025-04-06 10:00:00,34735.97455065029,-0.0
2025-04-06 11:00:00,33352.97493192838,-0.0
2025-04-06 12:00:00,32526.294708707388,-0.0
2025-04-06 13:00:00,31662.064370525277,-0.0
2025-04-06 14:00:00,31417.1220821635,-0.0
2025-04-06 15:00:00,30449.677069011334,-0.0
2025-04-06 16:00:00,30313.34126699865,-0.0
2025-04-06 17:00:00,28233.064898152534,-0.0
2025-04-06 18:00:00,10926.698324302044,11465.290747697956
2025-04-06 19:00:00,365.680350313685,-0.0
2025-04-06 20:00:00,-0.0,-0.0
2025-04-06 21:00:00,-0.0,23543.902679
2025-04-06 22:00:00,-0.0,22249.233479
2025-04-06 23:00:00,-0.0,20903.375211
2025-04-07 00:00:00,-0.0,20209.917796
2025-04-07 01:00:00,-0.0,-0.0
2025-04-07 02:00:00,-0.0,-0.0
2025-04-07 03:00:00,-0.0,18768.7927849999
2025-04-07 04:00:00,-0.0,19390.9857659999
2025-04-07 05:00:00,-0.0,20905.152498
2025-04-07 06:00:00,697.2767501242,-0.0
2025-04-07 07:00:00,14653.402810674246,1792.048704504983
2025-04-07 08:00:00,24412.9341052,-0.0
2025-04-07 09:00:00,25140.587929,-0.0
2025-04-07 10:00:00,40486.34703780512,-0.0
2025-04-07 11:00:00,43406.970071595555,-0.0
2025-04-07 12:00:00,44127.932278849075,-0.0
2025-04-07 13:00:00,43102.71785806442,-0.0
2025-04-07 14:00:00,42301.841303585934,-0.0
2025-04-07 15:00:00,39870.32693633426,-0.0
2025-04-07 16:00:00,36004.97587164408,-0.0
2025-04-07 17:00:00,27697.735054091423,-0.0
2025-04-07 18:00:00,9502.682426161065,15408.582181838936
2025-04-07 19:00:00,312.917624676005,25803.137688323895
2025-04-07 20:00:00,-0.0,26029.3911119999
2025-04-07 21:00:00,-0.0,25240.018865
2025-04-07 22:00:00,-0.0,-0.0
2025-04-07 23:00:00,-0.0,22399.145764
2025-04-08 00:00:00,-0.0,1469.054906033387
2025-04-08 01:00:00,-0.0,20891.880498
2025-04-08 02:00:00,-0.0,-0.0
2025-04-08 03:00:00,-0.0,20155.149593
2025-04-08 04:00:00,-0.0,-0.0
2025-04-08 05:00:00,-0.0,-0.0
2025-04-08 06:00:00,576.3461234801799,22587.43976651982
2025-04-08 07:00:00,13923.582627583735,-0.0
2025-04-08 08:00:00,32085.128999087243,-0.0
2025-04-08 09:00:00,36941.417969366805,-0.0
2025-04-08 10:00:00,38279.164885443264,-0.0
2025-04-08 11:00:00,39166.50298667837,-0.0
2025-04-08 12:00:00,38356.57589167081,-0.0
2025-04-08 13:00:00,37354.084104554924,-0.0
2025-04-08 14:00:00,35706.885728260415,-0.0
2025-04-08 15:00:00,36581.89968920059,-0.0
2025-04-08 16:00:00,33801.26553515653,-0.0
2025-04-08 17:00:00,30425.413917805687,-0.0
2025-04-08 18:00:00,13021.994739132611,11960.570200867389
2025-04-08 19:00:00,425.37540486726505,22953.643816015257
2025-04-08 20:00:00,-0.0,-0.0
2025-04-08 21:00:00,-0.0,25629.8919499999
2025-04-08 22:00:00,-0.0,24218.061893
2025-04-08 23:00:00,-0.0,22610.275089
2025-04-09 00:00:00,-0.0,-0.0
2025-04-09 01:00:00,-0.0,-0.0
2025-04-09 02:00:00,-0.0,-0.0
2025-04-09 03:00:00,-0.0,20256.641883
2025-04-09 04:00:00,-0.0,20338.1087459999
2025-04-09 05:00:00,-0.0,21434.634764
2025-04-09 06:00:00,795.099613715225,-0.0
2025-04-09 07:00:00,16311.962503803152,7788.284690196848
2025-04-09 08:00:00,24752.947661,-0.0
2025-04-09 09:00:00,24778.088083,-0.0
2025-04-09 10:00:00,31975.640131197542,-0.0
2025-04-09 11:00:00,43656.91904195214,-0.0
2025-04-09 12:00:00,43690.81042776321,-0.0
2025-04-09 13:00:00,43047.64435612143,-0.0
2025-04-09 14:00:00,42397.54595556377,-0.0
2025-04-09 15:00:00,41993.16010213631,-0.0
2025-04-09 16:00:00,39993.37577459147,-0.0
2025-04-09 17:00:00,33508.75976784401,-0.0
2025-04-09 18:00:00,13090.54776952317,-0.0
2025-04-09 19:00:00,538.2183144427349,27036.352301557163
2025-04-09 20:00:00,-0.0,13479.006956093845
2025-04-09 21:00:00,-0.0,26545.270166
2025-04-09 22:00:00,-0.0,-0.0
2025-04-09 23:00:00,-0.0,-0.0
2025-04-10 00:00:00,-0.0,22451.21807
2025-04-10 01:00:00,-0.0,21502.177225
2025-04-10 02:00:00,-0.0,20819.086505
2025-04-10 03:00:00,-0.0,-0.0
2025-04-10 04:00:00,-0.0,-0.0
2025-04-10 05:00:00,-0.0,21012.868299
2025-04-10 06:00:00,877.1321725533651,21333.583160446637
2025-04-10 07:00:00,16443.291623821024,7239.100098178977
2025-04-10 08:00:00,27758.007710132544,-0.0
2025-04-10 09:00:00,42322.253160949425,-0.0
2025-04-10 10:00:00,43830.612394233845,-0.0
2025-04-10 11:00:00,40784.046400388215,-0.0
2025-04-10 12:00:00,41028.41099467366,-0.0
2025-04-10 13:00:00,40163.0252683389,-0.0
2025-04-10 14:00:00,37051.17984386855,-0.0
2025-04-10 15:00:00,34876.16164650514,-0.0
2025-04-10 16:00:00,34126.892429511696,-0.0
2025-04-10 17:00:00,27542.142782867908,-0.0
2025-04-10 18:00:00,10103.484265539004,16854.872911460996
2025-04-10 19:00:00,460.22961413886503,27338.781915861135
2025-04-10 20:00:00,-0.0,27603.826289
2025-04-10 21:00:00,-0.0,-0.0
2025-04-10 22:00:00,-0.0,-0.0
2025-04-10 23:00:00,-0.0,10541.863176093031
2025-04-11 00:00:00,-0.0,22569.144186
2025-04-11 01:00:00,-0.0,21900.409841
2025-04-11 02:00:00,-0.0,-0.0
2025-04-11 03:00:00,-0.0,-0.0
2025-04-11 04:00:00,-0.0,20574.077962
2025-04-11 05:00:00,-0.0,21591.845324
2025-04-11 06:00:00,1036.1906082348348,21701.510901765163
2025-04-11 07:00:00,15467.18119952398,-0.0
2025-04-11 08:00:00,25189.8855294,-0.0
2025-04-11 09:00:00,25751.6203843999,-0.0
2025-04-11 10:00:00,26464.97815151282,-0.0
2025-04-11 11:00:00,47323.35077969444,-0.0
2025-04-11 12:00:00,46474.7181815731,-0.0
2025-04-11 13:00:00,46317.0076987364,-0.0
2025-04-11 14:00:00,45725.25639988754,-0.0
2025-04-11 15:00:00,45619.73094861219,-0.0
2025-04-11 16:00:00,41390.6251805294,-0.0
2025-04-11 17:00:00,33067.59405822386,-0.0
2025-04-11 18:00:00,12042.610715069724,15052.097830930277
2025-04-11 19:00:00,491.81022364462996,27065.941679355372
2025-04-11 20:00:00,-0.0,27297.979185
2025-04-11 21:00:00,-0.0,-0.0
2025-04-11 22:00:00,-0.0,3056.647213617107
2025-04-11 23:00:00,-0.0,-0.0
2025-04-12 00:00:00,-0.0,-0.0
2025-04-12 01:00:00,-0.0,21988.748755
2025-04-12 02:00:00,-0.0,21151.171612
2025-04-12 03:00:00,-0.0,20551.383984
2025-04-12 04:00:00,-0.0,-0.0
2025-04-12 05:00:00,-0.0,20345.544684
2025-04-12 06:00:00,710.1785844954601,19819.77299350454
2025-04-12 07:00:00,14810.34303474252,6945.55525225748
2025-04-12 08:00:00,31562.893554089493,-0.0
2025-04-12 09:00:00,36741.34325426627,-0.0
2025-04-12 10:00:00,35956.449569232784,-0.0
2025-04-12 11:00:00,34572.29456235823,-0.0
2025-04-12 12:00:00,34755.80871393745,-0.0
2025-04-12 13:00:00,34648.74274512522,-0.0
2025-04-12 14:00:00,33198.53804885752,-0.0
2025-04-12 15:00:00,31889.868401289412,-0.0
2025-04-12 16:00:00,32609.867785082402,-0.0
2025-04-12 17:00:00,29326.44721994354,-0.0
2025-04-12 18:00:00,12463.5571320185,-0.0
2025-04-12 19:00:00,490.84740018409,24158.28290881591
2025-04-12 20:00:00,-0.0,-0.0
2025-04-12 21:00:00,-0.0,24407.552553
2025-04-12 22:00:00,-0.0,-0.0
2025-04-12 23:00:00,-0.0,22299.4957709999
2025-04-13 00:00:00,-0.0,11586.606370108657
2025-04-13 01:00:00,-0.0,20789.456592
2025-04-13 02:00:00,-0.0,-0.0
2025-04-13 03:00:00,-0.0,19410.832919
2025-04-13 04:00:00,-0.0,19058.572087
2025-04-13 05:00:00,-0.0,19399.2226339999
2025-04-13 06:00:00,879.442948858665,-0.0
2025-04-13 07:00:00,15333.156173816595,4306.626920183404
2025-04-13 08:00:00,21470.6380614999,-0.0
2025-04-13 09:00:00,25206.98531593687,-0.0
2025-04-13 10:00:00,41857.979688276275,-0.0
2025-04-13 11:00:00,39058.28162971351,-0.0
2025-04-13 12:00:00,36862.273880910296,-0.0
2025-04-13 13:00:00,34507.78539050194,-0.0
2025-04-13 14:00:00,34304.244510943456,-0.0
2025-04-13 15:00:00,35163.46816713075,-0.0
2025-04-13 16:00:00,34730.39017457915,-0.0
2025-04-13 17:00:00,29472.026127177425,-0.0
2025-04-13 18:00:00,12821.534894647853,10583.661448352146
2025-04-13 19:00:00,1135.361424670615,-0.0
2025-04-13 20:00:00,497.58716440788,24930.66627159212
2025-04-13 21:00:00,132.0993787863,24317.0754742137
2025-04-13 22:00:00,-0.0,23037.340632
2025-04-13 23:00:00,-0.0,-0.0
2025-04-14 00:00:00,-0.0,21215.605179
2025-04-14 01:00:00,-0.0,-0.0
2025-04-14 02:00:00,-0.0,20070.190488
2025-04-14 03:00:00,-0.0,-0.0
2025-04-14 04:00:00,-0.0,20114.733374
2025-04-14 05:00:00,-0.0,-0.0
2025-04-14 06:00:00,1104.9362033175,21413.3426696825
2025-04-14 07:00:00,12865.43964444855,10676.994059551449
2025-04-14 08:00:00,29207.63480491271,-0.0
2025-04-14 09:00:00,35719.980127323775,-0.0
2025-04-14 10:00:00,41035.15075889746,-0.0
2025-04-14 11:00:00,39415.1040041902,-0.0
2025-04-14 12:00:00,39217.53263008707,-0.0
2025-04-14 13:00:00,40605.92406018802,-0.0
2025-04-14 14:00:00,39909.995262908575,-0.0
2025-04-14 15:00:00,35027.32492981017,-0.0
2025-04-14 16:00:00,32137.506595340703,-0.0
2025-04-14 17:00:00,26303.75924791934,-0.0
2025-04-14 18:00:00,10835.807789626924,-0.0
2025-04-14 19:00:00,472.168625049585,25949.388110950415
2025-04-14 20:00:00,-0.0,26400.9387369999
2025-04-14 21:00:00,-0.0,-0.0
2025-04-14 22:00:00,-0.0,-0.0
2025-04-14 23:00:00,-0.0,23266.061787
2025-04-15 00:00:00,-0.0,22262.213392
2025-04-15 01:00:00,-0.0,21499.840148
2025-04-15 02:00:00,-0.0,14957.200216015997
2025-04-15 03:00:00,-0.0,-0.0
2025-04-15 04:00:00,-0.0,20631.766696
2025-04-15 05:00:00,-0.0,21841.947404
2025-04-15 06:00:00,1437.110297204345,-0.0
2025-04-15 07:00:00,18134.972443992556,6596.543060007443
2025-04-15 08:00:00,26468.79139311,-0.0
2025-04-15 09:00:00,27244.2819097,-0.0
2025-04-15 10:00:00,44161.80379062545,-0.0
2025-04-15 11:00:00,45877.189941961,-0.0
2025-04-15 12:00:00,46032.01195441608,-0.0
2025-04-15 13:00:00,44828.290064047025,-0.0
2025-04-15 14:00:00,44568.327729700795,-0.0
2025-04-15 15:00:00,40547.962087863416,-0.0
2025-04-15 16:00:00,35551.87115111322,-0.0
2025-04-15 17:00:00,27120.618671842807,-0.0
2025-04-15 18:00:00,9801.73539300528,-0.0
2025-04-15 19:00:00,426.338228327805,25736.445517672197
2025-04-15 20:00:00,-0.0,26254.718523
2025-04-15 21:00:00,-0.0,-0.0
2025-04-15 22:00:00,-0.0,24108.851322
2025-04-15 23:00:00,-0.0,21001.288812176786
2025-04-16 00:00:00,-0.0,22052.63379
2025-04-16 01:00:00,-0.0,21356.483373
2025-04-16 02:00:00,-0.0,20744.16524
2025-04-16 03:00:00,-0.0,20688.4819619999
2025-04-16 04:00:00,-0.0,-0.0
2025-04-16 05:00:00,-0.0,-0.0
2025-04-16 06:00:00,1427.4820625989298,-0.0
2025-04-16 07:00:00,16725.976591836024,-0.0
2025-04-16 08:00:00,26119.5292939,-0.0
2025-04-16 09:00:00,30909.86473432499,-0.0
2025-04-16 10:00:00,44543.1017550346,-0.0
2025-04-16 11:00:00,46358.21654284757,-0.0
2025-04-16 12:00:00,46737.37642160884,-0.0
2025-04-16 13:00:00,44896.84309443757,-0.0
2025-04-16 14:00:00,42925.558341324766,-0.0
2025-04-16 15:00:00,40215.017735208145,-0.0
2025-04-16 16:00:00,35336.198695951905,-0.0
2025-04-16 17:00:00,27064.774911131393,-0.0
2025-04-16 18:00:00,10670.20215441377,13606.98694058613
2025-04-16 19:00:00,702.09086742691,25072.40499357309
2025-04-16 20:00:00,56.614019479839996,26072.37537652006
2025-04-16 21:00:00,17.138257597635,-0.0
2025-04-16 22:00:00,22.33750428456,-0.0
2025-04-16 23:00:00,22.53006897667,7463.654303120124
2025-04-17 00:00:00,23.300327745105,-0.0
2025-04-17 01:00:00,24.648280589859997,21233.42993941014
2025-04-17 02:00:00,23.68545712932,20605.57636287068
2025-04-17 03:00:00,18.87133982661,20259.550596173387
2025-04-17 04:00:00,20.989551439805,20469.137325560194
2025-04-17 05:00:00,20.41185736348,21661.62664463652
2025-04-17 06:00:00,1506.626151055445,-0.0
2025-04-17 07:00:00,15316.21048091106,10701.352034088839
2025-04-17 08:00:00,28891.82870985508,-0.0
2025-04-17 09:00:00,35354.6849063943,-0.0
2025-04-17 10:00:00,39278.76820217752,-0.0
2025-04-17 11:00:00,41843.922465752374,-0.0
2025-04-17 12:00:00,41006.65118446542,-0.0
2025-04-17 13:00:00,39708.95772434749,-0.0
2025-04-17 14:00:00,37026.14643389447,-0.0
2025-04-17 15:00:00,35412.06918464258,-0.0
2025-04-17 16:00:00,33768.91466688234,-0.0
2025-04-17 17:00:00,24478.43853142463,-0.0
2025-04-17 18:00:00,9221.15284629871,-0.0
2025-04-17 19:00:00,410.93305295913996,24714.49873704086
2025-04-17 20:00:00,-0.0,25344.481887
2025-04-17 21:00:00,-0.0,25129.605924
2025-04-17 22:00:00,-0.0,-0.0
2025-04-17 23:00:00,-0.0,-0.0
2025-04-18 00:00:00,-0.0,22520.775336
2025-04-18 01:00:00,-0.0,21739.620209
2025-04-18 02:00:00,-0.0,20947.443637
2025-04-18 03:00:00,-0.0,20495.9641439999
2025-04-18 04:00:00,-0.0,20687.292445
2025-04-18 05:00:00,-0.0,21759.827851
2025-04-18 06:00:00,1672.4243509607052,-0.0
2025-04-18 07:00:00,17023.68160583548,-0.0
2025-04-18 08:00:00,30798.117057277286,-0.0
2025-04-18 09:00:00,35090.6787135138,-0.0
2025-04-18 10:00:00,40150.31599865975,-0.0
2025-04-18 11:00:00,42396.39056741112,-0.0
2025-04-18 12:00:00,43536.37354469234,-0.0
2025-04-18 13:00:00,42807.51618506237,-0.0
2025-04-18 14:00:00,40758.43529633781,-0.0
2025-04-18 15:00:00,36629.84829753556,-0.0
2025-04-18 16:00:00,31415.38899993453,-0.0
2025-04-18 17:00:00,28767.624483445215,-0.0
2025-04-18 18:00:00,12689.435515861554,11007.570961138445
2025-04-18 19:00:00,759.475145675185,24186.611414324816
2025-04-18 20:00:00,4.236423226382903,-0.0
2025-04-18 21:00:00,15.212610676555,-0.0
2025-04-18 22:00:00,18.10108105818,23715.65332794182
2025-04-18 23:00:00,19.06390451872,18638.489722270235
2025-04-19 00:00:00,19.834163287155,21955.586147712846
2025-04-19 01:00:00,20.41185736348,21208.35059563652
2025-04-19 02:00:00,20.796986747694998,-0.0
2025-04-19 03:00:00,18.87133982661,-0.0
2025-04-19 04:00:00,19.06390451872,20142.76753748128
2025-04-19 05:00:00,16.175434137095,-0.0
2025-04-19 06:00:00,2473.8785995155054,18588.208287484395
2025-04-19 07:00:00,21635.991111213814,-0.0
2025-04-19 08:00:00,22702.5842017,-0.0
2025-04-19 09:00:00,36852.32787886329,-0.0
2025-04-19 10:00:00,37450.17388591698,-0.0
2025-04-19 11:00:00,35642.76168578834,-0.0
2025-04-19 12:00:00,34407.2666212214,-0.0
2025-04-19 13:00:00,33268.82416147705,-0.0
2025-04-19 14:00:00,31149.457160132948,-0.0
2025-04-19 15:00:00,32022.160344767824,-0.0
2025-04-19 16:00:00,33901.59173974497,-0.0
2025-04-19 17:00:00,31490.489229856765,-0.0
2025-04-19 18:00:00,17078.36997839424,-0.0
2025-04-19 19:00:00,1043.122937150735,22696.811062849265
2025-04-19 20:00:00,4.814117302707845,-0.0
2025-04-19 21:00:00,13.864657831795,23286.937842168103
2025-04-19 22:00:00,16.94569290553,-0.0
2025-04-19 23:00:00,11.16875214228,21284.269815857722
2025-04-20 00:00:00,15.79030475288,21040.31684924712
2025-04-20 01:00:00,17.330822289745,-0.0
2025-04-20 02:00:00,14.442351908120001,-0.0
2025-04-20 03:00:00,16.175434137095,13069.721156918764
2025-04-20 04:00:00,13.864657831795,19478.6920231682
2025-04-20 05:00:00,13.094399063365,19713.413997936637
2025-04-20 06:00:00,2682.618725760915,-0.0
2025-04-20 07:00:00,21129.952199,-0.0
2025-04-20 08:00:00,21719.550103,-0.0
2025-04-20 09:00:00,33544.53975802948,-0.0
2025-04-20 10:00:00,36834.35200055459,-0.0
2025-04-20 11:00:00,36654.30401343331,-0.0
2025-04-20 12:00:00,33253.03385672416,-0.0
2025-04-20 13:00:00,28712.93611088645,-0.0
2025-04-20 14:00:00,28728.91898033144,-0.0
2025-04-20 15:00:00,30694.23422798889,-0.0
2025-04-20 16:00:00,32362.037026339003,-0.0
2025-04-20 17:00:00,31948.600632382444,-0.0
2025-04-20 18:00:00,15445.61395400785,6077.585248992151
2025-04-20 19:00:00,1027.140067705745,-0.0
2025-04-20 20:00:00,4.4289879184912175,-0.0
2025-04-20 21:00:00,15.212610676555,14083.244324159823
2025-04-20 22:00:00,23.49289243721,22424.41465056269
2025-04-20 23:00:00,25.033409974079998,21339.02807802592
2025-04-21 00:00:00,25.418539358295,-0.0
2025-04-21 01:00:00,23.87802182143,20887.27494517857
2025-04-21 02:00:00,24.263151205645,-0.0
2025-04-21 03:00:00,23.49289243721,19782.58099556279
2025-04-21 04:00:00,22.144939592455,-0.0
2025-04-21 05:00:00,22.722633668780002,21235.43449933122
2025-04-21 06:00:00,2392.808864137905,19670.143793862095
2025-04-21 07:00:00,21314.600640085035,2560.4459959149644
2025-04-21 08:00:00,24595.4145416,-0.0
2025-04-21 09:00:00,23874.662167,-0.0
2025-04-21 10:00:00,23480.047537,-0.0
2025-04-21 11:00:00,39289.433150492594,-0.0
2025-04-21 12:00:00,46296.403276680794,-0.0
2025-04-21 13:00:00,44650.360288538934,-0.0
2025-04-21 14:00:00,43068.056213484924,-0.0
2025-04-21 15:00:00,41850.46966528405,-0.0
2025-04-21 16:00:00,38307.66445987529,-0.0
2025-04-21 17:00:00,34719.79911651319,-0.0
2025-04-21 18:00:00,16397.461227099244,-0.0
2025-04-21 19:00:00,1056.795030290425,-0.0
2025-04-21 20:00:00,-0.0,-0.0
2025-04-21 21:00:00,-0.0,-0.0
2025-04-21 22:00:00,-0.0,24766.344212
2025-04-21 23:00:00,-0.0,23168.8957749999
2025-04-22 00:00:00,-0.0,-0.0
2025-04-22 01:00:00,-0.0,21382.327722
2025-04-22 02:00:00,-0.0,20704.708391
2025-04-22 03:00:00,-0.0,20278.857434
2025-04-22 04:00:00,-0.0,20770.044303
2025-04-22 05:00:00,-0.0,21768.133692
2025-04-22 06:00:00,2699.56441866645,14746.520179560906
2025-04-22 07:00:00,23060.969832815335,1291.9313801846656
2025-04-22 08:00:00,24058.987712,-0.0
2025-04-22 09:00:00,23394.4503039999,-0.0
2025-04-22 10:00:00,22445.647222,-0.0
2025-04-22 11:00:00,31110.702280219102,-0.0
2025-04-22 12:00:00,45594.119844561785,-0.0
2025-04-22 13:00:00,45395.393082306,-0.0
2025-04-22 14:00:00,44823.0908173601,-0.0
2025-04-22 15:00:00,43632.07819667017,-0.0
2025-04-22 16:00:00,42349.4047825367,-0.0
2025-04-22 17:00:00,35229.71042121601,-0.0
2025-04-22 18:00:00,15068.764851551874,-0.0
2025-04-22 19:00:00,1002.106657731665,25500.302199268335
2025-04-22 20:00:00,-0.0,-0.0
2025-04-22 21:00:00,-0.0,-0.0
2025-04-22 22:00:00,-0.0,16359.819867952001
2025-04-22 23:00:00,-0.0,23040.133916
2025-04-23 00:00:00,-0.0,22345.222254
2025-04-23 01:00:00,-0.0,-0.0
2025-04-23 02:00:00,-0.0,21457.156504
2025-04-23 03:00:00,-0.0,20803.493454
2025-04-23 04:00:00,-0.0,-0.0
2025-04-23 05:00:00,-0.0,22282.430643
2025-04-23 06:00:00,2798.92779979434,20774.316046205662
2025-04-23 07:00:00,23427.035312513235,-0.0
2025-04-23 08:00:00,26223.0873279999,-0.0
2025-04-23 09:00:00,25747.445965,-0.0
2025-04-23 10:00:00,32801.492696745285,-0.0
2025-04-23 11:00:00,45883.352012108466,-0.0
2025-04-23 12:00:00,44374.41508474772,-0.0
2025-04-23 13:00:00,44702.73788479239,-0.0
2025-04-23 14:00:00,41746.48473154556,-0.0
2025-04-23 15:00:00,38051.55341937124,-0.0
2025-04-23 16:00:00,36602.69667594829,-0.0
2025-04-23 17:00:00,32916.623339610946,-0.0
2025-04-23 18:00:00,14979.22226972151,9890.14812857839
2025-04-23 19:00:00,1107.824673699125,-0.0
2025-04-23 20:00:00,26.381362818834997,25472.06133369475
2025-04-23 21:00:00,-0.0,-0.0
2025-04-23 22:00:00,-0.0,24383.197613
2025-04-23 23:00:00,-0.0,22880.605138
2025-04-24 00:00:00,-0.0,22555.860839
2025-04-24 01:00:00,-0.0,21765.596808
2025-04-24 02:00:00,-0.0,-0.0
2025-04-24 03:00:00,-0.0,-0.0
2025-04-24 04:00:00,-0.0,21065.941834
2025-04-24 05:00:00,-0.0,22185.664044
2025-04-24 06:00:00,3016.71846656884,-0.0
2025-04-24 07:00:00,23992.597813235356,-0.0
2025-04-24 08:00:00,26125.492154,-0.0
2025-04-24 09:00:00,25894.688517,-0.0
2025-04-24 10:00:00,25483.488383,-0.0
2025-04-24 11:00:00,42272.22986125034,-0.0
2025-04-24 12:00:00,47563.2863860614,-0.0
2025-04-24 13:00:00,45933.996526132956,-0.0
2025-04-24 14:00:00,44476.47437156513,-0.0
2025-04-24 15:00:00,42076.155484434996,-0.0
2025-04-24 16:00:00,39327.679633973035,-0.0
2025-04-24 17:00:00,30692.693710452022,-0.0
2025-04-24 18:00:00,12347.248057985074,12342.365925414924
2025-04-24 19:00:00,678.405410297585,-0.0
2025-04-24 20:00:00,-0.0,-0.0
2025-04-24 21:00:00,-0.0,-0.0
2025-04-24 22:00:00,-0.0,24424.122988
2025-04-24 23:00:00,-0.0,23303.741135
2025-04-25 00:00:00,-0.0,22849.612066
2025-04-25 01:00:00,-0.0,21921.0828129999
2025-04-25 02:00:00,-0.0,21111.084728
2025-04-25 03:00:00,-0.0,21075.805468
2025-04-25 04:00:00,-0.0,3251.229613319425
2025-04-25 05:00:00,-0.0,-0.0
2025-04-25 06:00:00,2984.175033602535,20398.322130397464
2025-04-25 07:00:00,20116.270561094996,4832.561484905003
2025-04-25 08:00:00,26435.411693,-0.0
2025-04-25 09:00:00,28572.686764825332,-0.0
2025-04-25 10:00:00,39233.130370147854,-0.0
2025-04-25 11:00:00,45045.888166129414,-0.0
2025-04-25 12:00:00,46139.463052612526,-0.0
2025-04-25 13:00:00,45131.3868894255,-0.0
2025-04-25 14:00:00,45305.85050047563,-0.0
2025-04-25 15:00:00,42313.97287918876,-0.0
2025-04-25 16:00:00,37629.259049577704,-0.0
2025-04-25 17:00:00,29083.81570788706,-0.0
2025-04-25 18:00:00,12111.741439536609,-0.0
2025-04-25 19:00:00,930.087462883155,-0.0
2025-04-25 20:00:00,-0.0,25364.996075
2025-04-25 21:00:00,-0.0,-0.0
2025-04-25 22:00:00,-0.0,24292.4197089999
2025-04-25 23:00:00,-0.0,22975.143157
2025-04-26 00:00:00,-0.0,19157.313847987985
2025-04-26 01:00:00,-0.0,21662.863456
2025-04-26 02:00:00,-0.0,20786.673165
2025-04-26 03:00:00,-0.0,20138.427809
2025-04-26 04:00:00,-0.0,20100.140573
2025-04-26 05:00:00,-0.0,-0.0
2025-04-26 06:00:00,3047.72138199828,18164.15837500172
2025-04-26 07:00:00,19781.785690902856,3150.710212097143
2025-04-26 08:00:00,29740.84643736063,-0.0
2025-04-26 09:00:00,30422.33288273195,-0.0
2025-04-26 10:00:00,32380.715801473503,-0.0
2025-04-26 11:00:00,35325.80020257806,-0.0
2025-04-26 12:00:00,36957.015709427586,-0.0
2025-04-26 13:00:00,36859.00028114445,-0.0
2025-04-26 14:00:00,34291.342676572196,-0.0
2025-04-26 15:00:00,32211.836566494516,-0.0
2025-04-26 16:00:00,29887.195603362954,-0.0
2025-04-26 17:00:00,23650.60292005099,-0.0
2025-04-26 18:00:00,9598.579642831006,-0.0
2025-04-26 19:00:00,526.856997608345,22684.562440391554
2025-04-26 20:00:00,-0.0,-0.0
2025-04-26 21:00:00,-0.0,23381.8967329999
2025-04-26 22:00:00,-0.0,22724.370476
2025-04-26 23:00:00,-0.0,-0.0
2025-04-27 00:00:00,-0.0,21893.352989
2025-04-27 01:00:00,-0.0,21221.414489
2025-04-27 02:00:00,-0.0,-0.0
2025-04-27 03:00:00,-0.0,20012.762681
2025-04-27 04:00:00,-0.0,-0.0
2025-04-27 05:00:00,-0.0,20122.759038
2025-04-27 06:00:00,2694.55773667163,17602.301625328368
2025-04-27 07:00:00,18213.53883837275,3080.62702262725
2025-04-27 08:00:00,27283.720966058543,-0.0
2025-04-27 09:00:00,30814.972289940808,-0.0
2025-04-27 10:00:00,30592.367505863593,-0.0
2025-04-27 11:00:00,33361.447778381145,-0.0
2025-04-27 12:00:00,34041.00857683138,-0.0
2025-04-27 13:00:00,32969.38606524862,-0.0
2025-04-27 14:00:00,33086.85052743469,-0.0
2025-04-27 15:00:00,32623.7324429142,-0.0
2025-04-27 16:00:00,26519.239138388544,-0.0
2025-04-27 17:00:00,22926.36711303162,-0.0
2025-04-27 18:00:00,10197.455835287865,12076.212867712135
2025-04-27 19:00:00,633.3452723442399,22960.42093865576
2025-04-27 20:00:00,-0.0,-0.0
2025-04-27 21:00:00,-0.0,23743.7417629999
2025-04-27 22:00:00,-0.0,22736.2248989999
2025-04-27 23:00:00,-0.0,-0.0
2025-04-28 00:00:00,-0.0,21135.102679
2025-04-28 01:00:00,-0.0,-0.0
2025-04-28 02:00:00,-0.0,13550.848105534904
2025-04-28 03:00:00,-0.0,19642.3346499999
2025-04-28 04:00:00,-0.0,19915.197451
2025-04-28 05:00:00,-0.0,-0.0
2025-04-28 06:00:00,3700.323123553355,19643.537662446644
2025-04-28 07:00:00,22715.508775173017,1911.211922826984
2025-04-28 08:00:00,24564.8132273,-0.0
2025-04-28 09:00:00,30637.994419313087,-0.0
2025-04-28 10:00:00,41714.51899265558,-0.0
2025-04-28 11:00:00,42306.270291504436,-0.0
2025-04-28 12:00:00,42581.830365911424,-0.0
2025-04-28 13:00:00,40521.19559566036,-0.0
2025-04-28 14:00:00,38486.557058843915,-0.0
2025-04-28 15:00:00,35949.9023697011,-0.0
2025-04-28 16:00:00,32202.400896581206,-0.0
2025-04-28 17:00:00,30967.29096139848,-0.0
2025-04-28 18:00:00,16995.759725479777,-0.0
2025-04-28 19:00:00,1426.904368522605,229.96345861472696
2025-04-28 20:00:00,10.01336398963,25802.58948601037
2025-04-28 21:00:00,-0.0,25127.366275
2025-04-28 22:00:00,-0.0,23898.63244
2025-04-28 23:00:00,-0.0,-0.0
2025-04-29 00:00:00,-0.0,21853.967549
2025-04-29 01:00:00,-0.0,21114.3957109999
2025-04-29 02:00:00,-0.0,-0.0
2025-04-29 03:00:00,-0.0,-0.0
2025-04-29 04:00:00,-0.0,21052.780056
2025-04-29 05:00:00,-0.0,-0.0
2025-04-29 06:00:00,4210.812122332495,19302.615437667504
2025-04-29 07:00:00,24616.559319,-0.0
2025-04-29 08:00:00,24621.3463875,-0.0
2025-04-29 09:00:00,26677.30288123937,-0.0
2025-04-29 10:00:00,41351.72711272352,-0.0
2025-04-29 11:00:00,42608.404293422376,-0.0
2025-04-29 12:00:00,41087.52835515091,-0.0
2025-04-29 13:00:00,40642.12622230438,-0.0
2025-04-29 14:00:00,39098.33508567203,-0.0
2025-04-29 15:00:00,38396.05165355301,-0.0
2025-04-29 16:00:00,36075.45454895572,-0.0
2025-04-29 17:00:00,31895.260212668447,-0.0
2025-04-29 18:00:00,18179.454887869582,-0.0
2025-04-29 19:00:00,1415.73561638032,24963.76794161968
2025-04-29 20:00:00,-0.0,26700.85776
2025-04-29 21:00:00,-0.0,26072.7879699999
2025-04-29 22:00:00,-0.0,24808.101827
2025-04-29 23:00:00,-0.0,23252.5313059999
2025-04-30 00:00:00,-0.0,-0.0
2025-04-30 01:00:00,-0.0,-0.0
2025-04-30 02:00:00,-0.0,1011.1939181299749
2025-04-30 03:00:00,-0.0,20786.1291
2025-04-30 04:00:00,-0.0,20992.895913
2025-04-30 05:00:00,-0.0,-0.0
2025-04-30 06:00:00,3761.5586956437996,-0.0
2025-04-30 07:00:00,22090.828913973644,-0.0
2025-04-30 08:00:00,25290.86218,-0.0
2025-04-30 09:00:00,24964.2165675,-0.0
2025-04-30 10:00:00,27333.857717802446,-0.0
2025-04-30 11:00:00,44107.5204214856,-0.0
2025-04-30 12:00:00,45144.48128848887,-0.0
2025-04-30 13:00:00,43896.08438955067,-0.0
2025-04-30 14:00:00,42336.88807754965,-0.0
2025-04-30 15:00:00,41277.782270953925,-0.0
2025-04-30 16:00:00,40073.09755712432,-0.0
2025-04-30 17:00:00,33626.609359414295,-0.0
2025-04-30 18:00:00,14812.46124635571,10967.56328664429
2025-04-30 19:00:00,1588.851274585695,-0.0
2025-04-30 20:00:00,266.89466326212,27035.53751773788
2025-04-30 21:00:00,238.972782906415,-0.0
2025-04-30 22:00:00,158.865870989355,4179.569531135445
2025-04-30 23:00:00,-0.0,-0.0
2025-05-01 00:00:00,-0.0,22702.902777
2025-05-01 01:00:00,-0.0,21894.8550899999
2025-05-01 02:00:00,-0.0,21232.219593
2025-05-01 03:00:00,-0.0,-0.0
2025-05-01 04:00:00,-0.0,21128.032444
2025-05-01 05:00:00,-0.0,21889.792329
2025-05-01 06:00:00,2997.847126742225,20139.702821257775
2025-05-01 07:00:00,21889.791375412566,3102.3760215873335
2025-05-01 08:00:00,25400.415801,-0.0
2025-05-01 09:00:00,25486.955824,-0.0
2025-05-01 10:00:00,43160.28770718216,-0.0
2025-05-01 11:00:00,47455.06502909652,-0.0
2025-05-01 12:00:00,47071.28359772465,-0.0
2025-05-01 13:00:00,45555.2217767559,-0.0
2025-05-01 14:00:00,41602.25377715643,-0.0
2025-05-01 15:00:00,37220.63677292386,-0.0
2025-05-01 16:00:00,31788.579373240438,-0.0
2025-05-01 17:00:00,26934.02348518985,-0.0
2025-05-01 18:00:00,12521.133974958884,6439.662474068518
2025-05-01 19:00:00,1023.4813385556849,25606.511953444315
2025-05-01 20:00:00,-0.0,26978.7221069999
2025-05-01 21:00:00,-0.0,26500.127117
2025-05-01 22:00:00,-0.0,25213.59038
2025-05-01 23:00:00,-0.0,23809.628624
2025-05-02 00:00:00,-0.0,-0.0
2025-05-02 01:00:00,-0.0,-0.0
2025-05-02 02:00:00,-0.0,-0.0
2025-05-02 03:00:00,-0.0,-0.0
2025-05-02 04:00:00,-0.0,21168.211656
2025-05-02 05:00:00,-0.0,-0.0
2025-05-02 06:00:00,4224.8693448564,19334.6605811436
2025-05-02 07:00:00,24913.63473558942,-0.0
2025-05-02 08:00:00,25741.837642,-0.0
2025-05-02 09:00:00,25919.545304,-0.0
2025-05-02 10:00:00,25176.5199159999,-0.0
2025-05-02 11:00:00,28013.072035539477,-0.0
2025-05-02 12:00:00,49132.68862674416,-0.0
2025-05-02 13:00:00,48338.744401181575,-0.0
2025-05-02 14:00:00,47610.65730032004,-0.0
2025-05-02 15:00:00,45426.97369181176,-0.0
2025-05-02 16:00:00,41760.54195406947,-0.0
2025-05-02 17:00:00,35761.959230203385,-0.0
2025-05-02 18:00:00,16917.000766407476,8324.551006592523
2025-05-02 19:00:00,1430.1779682884448,25110.109347711557
2025-05-02 20:00:00,-0.0,-0.0
2025-05-02 21:00:00,0.5776940763249414,26422.392446923575
2025-05-02 22:00:00,1.733082228974824,25310.203015771025
2025-05-02 23:00:00,3.6587291500579617,24052.412853849943
2025-05-03 00:00:00,5.39181137903,-0.0
2025-05-03 01:00:00,5.58437607114,22235.09862892886
2025-05-03 02:00:00,4.814117302707845,2914.3074617087977
2025-05-03 03:00:00,5.006681994815,20782.632492005185
2025-05-03 04:00:00,3.851293842166276,20425.889177157835
2025-05-03 05:00:00,10.783622758065,-0.0
2025-05-03 06:00:00,4072.1655440145105,-0.0
2025-05-03 07:00:00,19722.4757657335,3049.1038212665007
2025-05-03 08:00:00,28839.0659842174,-0.0
2025-05-03 09:00:00,34025.410836770614,-0.0
2025-05-03 10:00:00,37461.15007336715,-0.0
2025-05-03 11:00:00,39723.592640947725,-0.0
2025-05-03 12:00:00,38482.89832969387,-0.0
2025-05-03 13:00:00,38141.0960012016,-0.0
2025-05-03 14:00:00,38962.38441304357,-0.0
2025-05-03 15:00:00,35392.04245666332,-0.0
2025-05-03 16:00:00,30451.60271593242,-0.0
2025-05-03 17:00:00,24589.933488155344,-0.0
2025-05-03 18:00:00,11120.996098639334,11125.787546360665
2025-05-03 19:00:00,1391.85759455889,22151.40007944111
2025-05-03 20:00:00,150.20045984447998,23990.96218015552
2025-05-03 21:00:00,-0.0,15709.66332670169
2025-05-03 22:00:00,-0.0,-0.0
2025-05-03 23:00:00,-0.0,-0.0
2025-05-04 00:00:00,-0.0,21560.287583
2025-05-04 01:00:00,-0.0,-0.0
2025-05-04 02:00:00,-0.0,20495.974028
2025-05-04 03:00:00,-0.0,20146.5135979999
2025-05-04 04:00:00,-0.0,19785.2514549999
2025-05-04 05:00:00,-0.0,20079.877411
2025-05-04 06:00:00,2176.751279592375,-0.0
2025-05-04 07:00:00,15947.82267102633,-0.0
2025-05-04 08:00:00,28934.77063619523,-0.0
2025-05-04 09:00:00,33094.93824450324,-0.0
2025-05-04 10:00:00,37951.034650090696,-0.0
2025-05-04 11:00:00,38366.58925566044,-0.0
2025-05-04 12:00:00,37232.96091321879,-0.0
2025-05-04 13:00:00,34047.94090574729,-0.0
2025-05-04 14:00:00,27389.824111410227,-0.0
2025-05-04 15:00:00,27109.257355008416,-0.0
2025-05-04 16:00:00,25914.39344047633,-0.0
2025-05-04 17:00:00,19929.86793913415,1685.0016957658481
2025-05-04 18:00:00,9381.559234824936,13293.818528175065
2025-05-04 19:00:00,1042.3526783823,-0.0
2025-05-04 20:00:00,-0.0,24453.272441
2025-05-04 21:00:00,-0.0,-0.0
2025-05-04 22:00:00,-0.0,-0.0
2025-05-04 23:00:00,-0.0,21652.66962
2025-05-05 00:00:00,-0.0,21286.074475
2025-05-05 01:00:00,-0.0,15906.981457228649
2025-05-05 02:00:00,-0.0,20503.1869349999
2025-05-05 03:00:00,-0.0,20270.638613
2025-05-05 04:00:00,-0.0,-0.0
2025-05-05 05:00:00,-0.0,21758.872593
2025-05-05 06:00:00,2269.9525905728,20628.9792964272
2025-05-05 07:00:00,14876.39272413567,8873.31988086433
2025-05-05 08:00:00,24517.721728614724,-0.0
2025-05-05 09:00:00,34187.74287221792,-0.0
2025-05-05 10:00:00,39164.96246914151,-0.0
2025-05-05 11:00:00,40125.860282762,-0.0
2025-05-05 12:00:00,40217.90620558977,-0.0
2025-05-05 13:00:00,37844.16124597058,-0.0
2025-05-05 14:00:00,31477.587395485512,-0.0
2025-05-05 15:00:00,25984.87211778797,-0.0
2025-05-05 16:00:00,27856.023231004456,-0.0
2025-05-05 17:00:00,24936.164804566095,285.09564743390365
2025-05-05 18:00:00,13540.764019672404,12377.385999327596
2025-05-05 19:00:00,1555.9227122351751,-0.0
2025-05-05 20:00:00,-0.0,27180.247441
2025-05-05 21:00:00,-0.0,26432.047535
2025-05-05 22:00:00,-0.0,24951.718016
2025-05-05 23:00:00,-0.0,-0.0
2025-05-06 00:00:00,-0.0,22812.975419
2025-05-06 01:00:00,-0.0,-0.0
2025-05-06 02:00:00,-0.0,20973.567669
2025-05-06 03:00:00,-0.0,20617.149386
2025-05-06 04:00:00,-0.0,-0.0
2025-05-06 05:00:00,-0.0,22085.747298
2025-05-06 06:00:00,3447.1005534309247,19842.671085569073
2025-05-06 07:00:00,22292.82927599527,1678.482626804729
2025-05-06 08:00:00,23947.487512,-0.0
2025-05-06 09:00:00,24183.227515,-0.0
2025-05-06 10:00:00,44676.58961351338,-0.0
2025-05-06 11:00:00,45976.55332308888,-0.0
2025-05-06 12:00:00,45054.7461419664,-0.0
2025-05-06 13:00:00,45685.780638005344,-0.0
2025-05-06 14:00:00,43029.92840444748,-0.0
2025-05-06 15:00:00,39682.576361528656,-0.0
2025-05-06 16:00:00,36585.75098304275,-0.0
2025-05-06 17:00:00,30374.38427439698,-0.0
2025-05-06 18:00:00,16881.183733675327,8951.032870324674
2025-05-06 19:00:00,1847.4656560871601,25052.82634591284
2025-05-06 20:00:00,-0.0,27129.535795
2025-05-06 21:00:00,7.124893608005,-0.0
2025-05-06 22:00:00,-0.0,25090.19058
2025-05-06 23:00:00,-0.0,-0.0
2025-05-07 00:00:00,-0.0,22887.667984
2025-05-07 01:00:00,-0.0,22198.0633919999
2025-05-07 02:00:00,-0.0,-0.0
2025-05-07 03:00:00,-0.0,-0.0
2025-05-07 04:00:00,-0.0,21232.08121
2025-05-07 05:00:00,-0.0,-0.0
2025-05-07 06:00:00,3833.1927611080905,18417.04993490103
2025-05-07 07:00:00,23197.30563482802,1509.5296001719798
2025-05-07 08:00:00,23534.521245,-0.0
2025-05-07 09:00:00,24580.132704,-0.0
2025-05-07 10:00:00,24880.758941,-0.0
2025-05-07 11:00:00,25164.911644,-0.0
2025-05-07 12:00:00,45710.76763779024,-0.0
2025-05-07 13:00:00,48140.98046238634,-0.0
2025-05-07 14:00:00,48476.81328542324,-0.0
2025-05-07 15:00:00,47167.1808143946,-0.0
2025-05-07 16:00:00,43978.116948388815,-0.0
2025-05-07 17:00:00,37197.14388048665,-0.0
2025-05-07 18:00:00,21481.55422814294,-0.0
2025-05-07 19:00:00,2682.811290453025,24125.988368546976
2025-05-07 20:00:00,134.795284475815,-0.0
2025-05-07 21:00:00,-0.0,-0.0
2025-05-07 22:00:00,-0.0,25373.5089559999
2025-05-07 23:00:00,-0.0,23839.969733
2025-05-08 00:00:00,-0.0,-0.0
2025-05-08 01:00:00,-0.0,22265.954636
2025-05-08 02:00:00,-0.0,21379.534474
2025-05-08 03:00:00,-0.0,20898.516432
2025-05-08 04:00:00,-0.0,-0.0
2025-05-08 05:00:00,-0.0,22042.219516
2025-05-08 06:00:00,5892.864707898615,3586.5517280996473
2025-05-08 07:00:00,25555.551399,-0.0
2025-05-08 08:00:00,25018.927072,-0.0
2025-05-08 09:00:00,25421.9003629999,-0.0
2025-05-08 10:00:00,24669.9082619999,-0.0
2025-05-08 11:00:00,26598.54962219598,-0.0
2025-05-08 12:00:00,48568.6666435589,-0.0
2025-05-08 13:00:00,48261.14083026193,-0.0
2025-05-08 14:00:00,47772.41164169102,-0.0
2025-05-08 15:00:00,46873.134529545205,-0.0
2025-05-08 16:00:00,44539.25046119244,-0.0
2025-05-08 17:00:00,39248.34298082441,-0.0
2025-05-08 18:00:00,21190.58897836728,7149.60612193272
2025-05-08 19:00:00,2595.57948492796,-0.0
2025-05-08 20:00:00,-0.0,29101.807002
2025-05-08 21:00:00,-0.0,28270.6149229999
2025-05-08 22:00:00,-0.0,-0.0
2025-05-08 23:00:00,-0.0,-0.0
2025-05-09 00:00:00,-0.0,7996.853487789158
2025-05-09 01:00:00,-0.0,22936.151893
2025-05-09 02:00:00,-0.0,-0.0
2025-05-09 03:00:00,-0.0,21492.1479259999
2025-05-09 04:00:00,-0.0,21409.42604
2025-05-09 05:00:00,1.733082228974824,22313.596198771025
2025-05-09 06:00:00,6238.71089492515,17497.517628074853
2025-05-09 07:00:00,26469.2468319999,-0.0
2025-05-09 08:00:00,27120.7194556,-0.0
2025-05-09 09:00:00,27445.240469,-0.0
2025-05-09 10:00:00,29581.86014451068,-0.0
2025-05-09 11:00:00,48280.20473478065,-0.0
2025-05-09 12:00:00,48958.03245100191,-0.0
2025-05-09 13:00:00,48846.15236488698,-0.0
2025-05-09 14:00:00,48451.77987544916,-0.0
2025-05-09 15:00:00,47243.8215618537,-0.0
2025-05-09 16:00:00,45143.51846502832,-0.0
2025-05-09 17:00:00,39273.37639079849,-0.0
2025-05-09 18:00:00,21392.78190508101,10916.12350971899
2025-05-09 19:00:00,2757.71895568316,29480.806757316837
2025-05-09 20:00:00,82.80281760657,31518.74738139343
2025-05-09 21:00:00,-0.0,30402.117086
2025-05-09 22:00:00,-0.0,-0.0
2025-05-09 23:00:00,-0.0,26744.489304
2025-05-10 00:00:00,-0.0,25390.584203
2025-05-10 01:00:00,-0.0,3447.0694586170102
2025-05-10 02:00:00,-0.0,-0.0
2025-05-10 03:00:00,-0.0,-0.0
2025-05-10 04:00:00,-0.0,-0.0
2025-05-10 05:00:00,2.1182116131914515,21658.675015386805
2025-05-10 06:00:00,6102.37509291246,16051.41010208754
2025-05-10 07:00:00,24782.402922,-0.0
2025-05-10 08:00:00,25932.18535646,-0.0
2025-05-10 09:00:00,26259.1142898,-0.0
2025-05-10 10:00:00,27245.45305240726,-0.0
2025-05-10 11:00:00,48206.83758708738,-0.0
2025-05-10 12:00:00,47944.37191174376,-0.0
2025-05-10 13:00:00,47706.747081682086,-0.0
2025-05-10 14:00:00,47479.13561561006,-0.0
2025-05-10 15:00:00,46297.943794217674,-0.0
2025-05-10 16:00:00,43988.130312378446,-0.0
2025-05-10 17:00:00,37944.87257994323,-0.0
2025-05-10 18:00:00,20329.247110566794,-0.0
2025-05-10 19:00:00,2797.38728225747,29809.93654774253
2025-05-10 20:00:00,38.51293842166,31659.20618457834
2025-05-10 21:00:00,-0.0,24599.522221050323
2025-05-10 22:00:00,-0.0,-0.0
2025-05-10 23:00:00,-0.0,26691.212348
2025-05-11 00:00:00,-0.0,-0.0
2025-05-11 01:00:00,-0.0,-0.0
2025-05-11 02:00:00,-0.0,22185.995203
2025-05-11 03:00:00,-0.0,-0.0
2025-05-11 04:00:00,-0.0,21285.345567
2025-05-11 05:00:00,-0.0,21015.974242
2025-05-11 06:00:00,4860.7179581980545,15741.380623801944
2025-05-11 07:00:00,21527.57296,-0.0
2025-05-11 08:00:00,21835.5577859999,-0.0
2025-05-11 09:00:00,22477.67902,-0.0
2025-05-11 10:00:00,26678.946756798276,-0.0
2025-05-11 11:00:00,46355.13550777384,-0.0
2025-05-11 12:00:00,45215.345095184726,-0.0
2025-05-11 13:00:00,44219.400507600534,-0.0
2025-05-11 14:00:00,43279.87737480406,-0.0
2025-05-11 15:00:00,41719.33310995829,-0.0
2025-05-11 16:00:00,41256.40759012991,-0.0
2025-05-11 17:00:00,32328.338205220043,-0.0
2025-05-11 18:00:00,18280.358786534332,-0.0
2025-05-11 19:00:00,2895.017581156385,25325.420557843514
2025-05-11 20:00:00,-0.0,-0.0
2025-05-11 21:00:00,-0.0,26960.022642
2025-05-11 22:00:00,-0.0,21145.849849129478
2025-05-11 23:00:00,-0.0,-0.0
2025-05-12 00:00:00,-0.0,23046.584313
2025-05-12 01:00:00,-0.0,22155.793277
2025-05-12 02:00:00,-0.0,21197.8455909999
2025-05-12 03:00:00,-0.0,21136.520444
2025-05-12 04:00:00,-0.0,-0.0
2025-05-12 05:00:00,11.939010910715,-0.0
2025-05-12 06:00:00,5946.975386381055,17380.491350618944
2025-05-12 07:00:00,26037.82740811776,-0.0
2025-05-12 08:00:00,36257.42818299808,-0.0
2025-05-12 09:00:00,39651.766010791325,-0.0
2025-05-12 10:00:00,42188.035570549924,-0.0
2025-05-12 11:00:00,43401.963389600736,-0.0
2025-05-12 12:00:00,43378.277932471414,-0.0
2025-05-12 13:00:00,41636.722857043824,-0.0
2025-05-12 14:00:00,40125.09002399356,-0.0
2025-05-12 15:00:00,34896.76606856073,-0.0
2025-05-12 16:00:00,29931.29291785575,-0.0
2025-05-12 17:00:00,24258.337088344826,-0.0
2025-05-12 18:00:00,14577.532321983568,10985.58837601643
2025-05-12 19:00:00,2647.5719517972047,23580.261261202795
2025-05-12 20:00:00,-0.0,-0.0
2025-05-12 21:00:00,-0.0,26397.052309
2025-05-12 22:00:00,-0.0,25095.219566
2025-05-12 23:00:00,-0.0,-0.0
2025-05-13 00:00:00,-0.0,-0.0
2025-05-13 01:00:00,-0.0,1270.2422406171063
2025-05-13 02:00:00,-0.0,-0.0
2025-05-13 03:00:00,-0.0,20993.888545
2025-05-13 04:00:00,-0.0,21086.348512
2025-05-13 05:00:00,0.962823460541569,21919.28240853946
2025-05-13 06:00:00,6090.24351730964,17051.35946769036
2025-05-13 07:00:00,25188.689247,-0.0
2025-05-13 08:00:00,25951.21526308,-0.0
2025-05-13 09:00:00,35212.43431278208,-0.0
2025-05-13 10:00:00,40510.60453759441,-0.0
2025-05-13 11:00:00,41000.874243702165,-0.0
2025-05-13 12:00:00,41353.07506556828,-0.0
2025-05-13 13:00:00,39593.41890908251,-0.0
2025-05-13 14:00:00,39984.517798754496,-0.0
2025-05-13 15:00:00,38541.43799609479,-0.0
2025-05-13 16:00:00,36512.576400041595,-0.0
2025-05-13 17:00:00,34350.460037049445,-0.0
2025-05-13 18:00:00,21665.453509106384,3167.3669188936146
2025-05-13 19:00:00,3044.44778223244,-0.0
2025-05-13 20:00:00,24.648280589859997,-0.0
2025-05-13 21:00:00,-0.0,-0.0
2025-05-13 22:00:00,-0.0,24714.368062
2025-05-13 23:00:00,-0.0,23493.7182699999
2025-05-14 00:00:00,-0.0,3350.7953437948054
2025-05-14 01:00:00,-0.0,22403.7828769999
2025-05-14 02:00:00,-0.0,21489.354528
2025-05-14 03:00:00,-0.0,-0.0
2025-05-14 04:00:00,-0.0,21405.043933
2025-05-14 05:00:00,16.367998829205,22304.283037170793
2025-05-14 06:00:00,6772.6927861415,16465.8667028585
2025-05-14 07:00:00,25145.489933,-0.0
2025-05-14 08:00:00,25784.60218215,-0.0
2025-05-14 09:00:00,31939.42555042255,-0.0
2025-05-14 10:00:00,41920.94834259569,-0.0
2025-05-14 11:00:00,41972.55568008072,-0.0
2025-05-14 12:00:00,40558.36058123726,-0.0
2025-05-14 13:00:00,36858.23002237602,-0.0
2025-05-14 14:00:00,37108.37155742472,-0.0
2025-05-14 15:00:00,37448.24823899589,-0.0
2025-05-14 16:00:00,37156.32016575969,-0.0
2025-05-14 17:00:00,35274.577994477244,-0.0
2025-05-14 18:00:00,20276.291820237006,-0.0
2025-05-14 19:00:00,3584.2066142120398,23022.33006978796
2025-05-14 20:00:00,579.6197232460199,26550.528853753982
2025-05-14 21:00:00,111.88008611493,-0.0
2025-05-14 22:00:00,107.25853350433,25586.412837748678
2025-05-14 23:00:00,108.991615733305,-0.0
2025-05-15 00:00:00,110.53213327017,23358.69255872983
2025-05-15 01:00:00,108.606486349085,22443.768186650912
2025-05-15 02:00:00,106.680839428005,21561.398690571994
2025-05-15 03:00:00,108.606486349085,-0.0
2025-05-15 04:00:00,108.22135696487,21365.90315903513
2025-05-15 05:00:00,155.784835915625,-0.0
2025-05-15 06:00:00,7193.06150901395,-0.0
2025-05-15 07:00:00,25384.599246,-0.0
2025-05-15 08:00:00,26266.850859,-0.0
2025-05-15 09:00:00,29573.817761180573,-0.0
2025-05-15 10:00:00,42951.55457475939,-0.0
2025-05-15 11:00:00,42265.83170616168,-0.0
2025-05-15 12:00:00,41242.350367606,-0.0
2025-05-15 13:00:00,39427.428144485144,-0.0
2025-05-15 14:00:00,39206.74900732902,-0.0
2025-05-15 15:00:00,39769.2304729774,-0.0
2025-05-15 16:00:00,37617.89773274332,-0.0
2025-05-15 17:00:00,35427.08923062703,-0.0
2025-05-15 18:00:00,22297.06569922165,-0.0
2025-05-15 19:00:00,3536.065441184965,-0.0
2025-05-15 20:00:00,122.278579488775,10944.1540643972
2025-05-15 21:00:00,65.664560008935,-0.0
2025-05-15 22:00:00,71.056371387965,25999.320942611936
2025-05-15 23:00:00,71.8266301564,24364.7788428436
2025-05-16 00:00:00,73.174583001155,23828.765019998846
2025-05-16 01:00:00,68.74559508266499,22822.960381917335
2025-05-16 02:00:00,69.900983235315,-0.0
2025-05-16 03:00:00,71.248936080075,-0.0
2025-05-16 04:00:00,70.67124200375,21397.96049899625
2025-05-16 05:00:00,125.55217925462,22240.23143374538
2025-05-16 06:00:00,7108.718173870509,16385.86291712949
2025-05-16 07:00:00,25430.045622,-0.0
2025-05-16 08:00:00,27082.3793171,-0.0
2025-05-16 09:00:00,26512.2040111,-0.0
2025-05-16 10:00:00,30227.65244163317,-0.0
2025-05-16 11:00:00,47756.04364286182,-0.0
2025-05-16 12:00:00,48008.30338952371,-0.0
2025-05-16 13:00:00,45347.82960335525,-0.0
2025-05-16 14:00:00,45307.1984533204,-0.0
2025-05-16 15:00:00,43413.132141743015,-0.0
2025-05-16 16:00:00,37242.204018439996,-0.0
2025-05-16 17:00:00,32080.12231709243,-0.0
2025-05-16 18:00:00,17477.94171451899,8975.495362481008
2025-05-16 19:00:00,2764.2661552148397,24667.51345378506
2025-05-16 20:00:00,26.959056895160003,27591.22033910484
2025-05-16 21:00:00,-0.0,21542.154049406272
2025-05-16 22:00:00,-0.0,25731.546373
2025-05-16 23:00:00,-0.0,24641.044562
2025-05-17 00:00:00,-0.0,-0.0
2025-05-17 01:00:00,-0.0,-0.0
2025-05-17 02:00:00,-0.0,-0.0
2025-05-17 03:00:00,-0.0,-0.0
2025-05-17 04:00:00,-0.0,20888.278366
2025-05-17 05:00:00,19.25646921083,-0.0
2025-05-17 06:00:00,5550.484685330035,16095.353805669964
2025-05-17 07:00:00,19799.69420726893,2493.65435973107
2025-05-17 08:00:00,21969.3274875,-0.0
2025-05-17 09:00:00,22478.188305,-0.0
2025-05-17 10:00:00,35136.438920377215,-0.0
2025-05-17 11:00:00,41565.08879157953,-0.0
2025-05-17 12:00:00,40410.66346239019,-0.0
2025-05-17 13:00:00,39815.6385637755,-0.0
2025-05-17 14:00:00,40688.726877794594,-0.0
2025-05-17 15:00:00,39636.938529498984,-0.0
2025-05-17 16:00:00,38631.36570730937,-0.0
2025-05-17 17:00:00,33367.224719144404,-0.0
2025-05-17 18:00:00,18317.33120741913,-0.0
2025-05-17 19:00:00,2610.59953091241,21666.47918508759
2025-05-17 20:00:00,-0.0,24700.885157
2025-05-17 21:00:00,-0.0,24447.625769
2025-05-17 22:00:00,-0.0,-0.0
2025-05-17 23:00:00,-0.0,22600.3581849999
2025-05-18 00:00:00,-0.0,21836.065402
2025-05-18 01:00:00,-0.0,-0.0
2025-05-18 02:00:00,-0.0,20209.210906
2025-05-18 03:00:00,-0.0,-0.0
2025-05-18 04:00:00,-0.0,12689.919744958192
2025-05-18 05:00:00,25.225974666185,-0.0
2025-05-18 06:00:00,6802.92544280251,13785.68548719749
2025-05-18 07:00:00,25771.51043893196,-0.0
2025-05-18 08:00:00,31689.02342742044,-0.0
2025-05-18 09:00:00,32613.911643616673,-0.0
2025-05-18 10:00:00,33180.82209718355,-0.0
2025-05-18 11:00:00,31268.07701047167,-0.0
2025-05-18 12:00:00,28987.725926525014,-0.0
2025-05-18 13:00:00,29240.563367263232,-0.0
2025-05-18 14:00:00,30018.909852765035,-0.0
2025-05-18 15:00:00,29861.77706400465,-0.0
2025-05-18 16:00:00,29650.341032069726,-0.0
2025-05-18 17:00:00,30337.989547588513,-0.0
2025-05-18 18:00:00,21828.555803322124,-0.0
2025-05-18 19:00:00,3323.666585789495,21496.240311210506
2025-05-18 20:00:00,0.770258768433255,-0.0
2025-05-18 21:00:00,-0.0,25327.105562
2025-05-18 22:00:00,-0.0,23963.794959
2025-05-18 23:00:00,-0.0,22300.020092
2025-05-19 00:00:00,-0.0,-0.0
2025-05-19 01:00:00,-0.0,20931.946489
2025-05-19 02:00:00,-0.0,20122.748819
2025-05-19 03:00:00,-0.0,9604.507780159693
2025-05-19 04:00:00,-0.0,-0.0
2025-05-19 05:00:00,32.158303582085,-0.0
2025-05-19 06:00:00,8008.76554478477,-0.0
2025-05-19 07:00:00,25727.715094,-0.0
2025-05-19 08:00:00,26836.7059329999,-0.0
2025-05-19 09:00:00,26679.5697218,-0.0
2025-05-19 10:00:00,41635.82248621489,-0.0
2025-05-19 11:00:00,45561.38384690337,-0.0
2025-05-19 12:00:00,44249.63316426153,-0.0
2025-05-19 13:00:00,43886.26359025315,-0.0
2025-05-19 14:00:00,42587.799871366784,-0.0
2025-05-19 15:00:00,40607.657142416996,-0.0
2025-05-19 16:00:00,39170.54684521265,-0.0
2025-05-19 17:00:00,37932.7410043404,-0.0
2025-05-19 18:00:00,25026.862774549107,-0.0
2025-05-19 19:00:00,4333.6683958976,-0.0
2025-05-19 20:00:00,118.81241503082501,-0.0
2025-05-19 21:00:00,98.97825174367,28883.98605525633
2025-05-19 22:00:00,109.37674511751999,26958.34828488238
2025-05-19 23:00:00,108.606486349085,-0.0
2025-05-20 00:00:00,110.33956857806,24371.60396142194
2025-05-20 01:00:00,109.954439193845,23411.27405180616
2025-05-20 02:00:00,108.799051041195,22449.746641958805
2025-05-20 03:00:00,111.88008611493,22102.770342885073
2025-05-20 04:00:00,110.91726265438501,22142.052121345616
2025-05-20 05:00:00,180.43311650549,-0.0
2025-05-20 06:00:00,8444.154313641666,6899.295819643234
2025-05-20 07:00:00,27526.14081,-0.0
2025-05-20 08:00:00,28215.765029,-0.0
2025-05-20 09:00:00,27969.5929947,-0.0
2025-05-20 10:00:00,28003.3882403,-0.0
2025-05-20 11:00:00,43044.75752269655,-0.0
2025-05-20 12:00:00,47096.12444300662,-0.0
2025-05-20 13:00:00,47911.058220009014,-0.0
2025-05-20 14:00:00,48247.27617243012,-0.0
2025-05-20 15:00:00,47835.38029601044,-0.0
2025-05-20 16:00:00,44940.55527954616,-0.0
2025-05-20 17:00:00,41350.57172457087,-0.0
2025-05-20 18:00:00,24548.53207935206,6192.026861647941
2025-05-20 19:00:00,4138.022668715555,-0.0
2025-05-20 20:00:00,139.22427239431,29837.138379025917
2025-05-20 21:00:00,109.954439193845,30338.304661806156
2025-05-20 22:00:00,121.89345010456,28348.39884789544
2025-05-20 23:00:00,120.93062664402001,-0.0
2025-05-21 00:00:00,122.85627356510001,25204.5428414349
2025-05-21 01:00:00,40.82371472696,24149.37697127304
2025-05-21 02:00:00,-0.0,23234.045719
2025-05-21 03:00:00,-0.0,-0.0
2025-05-21 04:00:00,-0.0,22500.0712849999
2025-05-21 05:00:00,46.408090798100005,-0.0
2025-05-21 06:00:00,8283.170231039116,-0.0
2025-05-21 07:00:00,26642.794083,-0.0
2025-05-21 08:00:00,27774.210311,-0.0
2025-05-21 09:00:00,27981.7116026,-0.0
2025-05-21 10:00:00,27128.907638,-0.0
2025-05-21 11:00:00,46622.75337133351,-0.0
2025-05-21 12:00:00,49313.69943732597,-0.0
2025-05-21 13:00:00,49085.51027717762,-0.0
2025-05-21 14:00:00,48824.77768406296,-0.0
2025-05-21 15:00:00,47832.684390320916,-0.0
2025-05-21 16:00:00,45926.67906783284,-0.0
2025-05-21 17:00:00,41188.43225381567,-0.0
2025-05-21 18:00:00,24259.10734711326,-0.0
2025-05-21 19:00:00,3990.9032439448,28030.0663830552
2025-05-21 20:00:00,7.70258768433,31838.78498531567
2025-05-21 21:00:00,-0.0,30957.25235
2025-05-21 22:00:00,-0.0,28836.264408
2025-05-21 23:00:00,-0.0,-0.0
2025-05-22 00:00:00,-0.0,-0.0
2025-05-22 01:00:00,-0.0,-0.0
2025-05-22 02:00:00,-0.0,14203.977515931581
2025-05-22 03:00:00,-0.0,22575.071334
2025-05-22 04:00:00,-0.0,22559.760623
2025-05-22 05:00:00,71.44150077218,-0.0
2025-05-22 06:00:00,8558.730305446115,15810.010413553784
2025-05-22 07:00:00,26168.7470637999,-0.0
2025-05-22 08:00:00,27031.341812,-0.0
2025-05-22 09:00:00,27389.749189,-0.0
2025-05-22 10:00:00,27357.491082,-0.0
2025-05-22 11:00:00,47398.85989297425,-0.0
2025-05-22 12:00:00,49558.06403161142,-0.0
2025-05-22 13:00:00,49293.6727093467,-0.0
2025-05-22 14:00:00,48545.94400989012,-0.0
2025-05-22 15:00:00,46724.8597166218,-0.0
2025-05-22 16:00:00,44521.919638902684,-0.0
2025-05-22 17:00:00,38648.1188355228,-0.0
2025-05-22 18:00:00,23690.271246625307,6308.568978474694
2025-05-22 19:00:00,4140.333445020855,25940.148441979145
2025-05-22 20:00:00,9.243105221195,30092.075882778805
2025-05-22 21:00:00,-0.0,26677.287414557763
2025-05-22 22:00:00,-0.0,27814.584155
2025-05-22 23:00:00,-0.0,-0.0
2025-05-23 00:00:00,-0.0,-0.0
2025-05-23 01:00:00,-0.0,-0.0
2025-05-23 02:00:00,-0.0,22764.120833
2025-05-23 03:00:00,-0.0,22263.679675
2025-05-23 04:00:00,-0.0,22395.570559
2025-05-23 05:00:00,66.81994816158,-0.0
2025-05-23 06:00:00,9162.613179897786,-0.0
2025-05-23 07:00:00,26067.763546,-0.0
2025-05-23 08:00:00,26330.474865,-0.0
2025-05-23 09:00:00,25519.6384899999,-0.0
2025-05-23 10:00:00,26820.697102,-0.0
2025-05-23 11:00:00,42776.97387894386,-0.0
2025-05-23 12:00:00,46861.3880833266,-0.0
2025-05-23 13:00:00,46200.69862470297,-0.0
2025-05-23 14:00:00,45158.92364039699,-0.0
2025-05-23 15:00:00,44618.201984956846,-0.0
2025-05-23 16:00:00,42458.58896296211,-0.0
2025-05-23 17:00:00,36809.3185905805,-0.0
2025-05-23 18:00:00,21119.72517167142,6141.435323628579
2025-05-23 19:00:00,3567.838615382835,-0.0
2025-05-23 20:00:00,11.746446218605,28144.494416781396
2025-05-23 21:00:00,-0.0,1264.761874234282
2025-05-23 22:00:00,-0.0,26666.954344
2025-05-23 23:00:00,-0.0,25190.943226
2025-05-24 00:00:00,-0.0,24100.59515
2025-05-24 01:00:00,-0.0,23084.2520679999
2025-05-24 02:00:00,-0.0,-0.0
2025-05-24 03:00:00,-0.0,-0.0
2025-05-24 04:00:00,-0.0,-0.0
2025-05-24 05:00:00,23.68545712932,21551.04003187068
2025-05-24 06:00:00,6650.79933603694,15015.53103296306
2025-05-24 07:00:00,22207.9124950999,-0.0
2025-05-24 08:00:00,23492.39093,-0.0
2025-05-24 09:00:00,22881.851751,-0.0
2025-05-24 10:00:00,32993.745703600965,-0.0
2025-05-24 11:00:00,40400.45753370845,-0.0
2025-05-24 12:00:00,39152.25319946236,-0.0
2025-05-24 13:00:00,39538.53797183164,-0.0
2025-05-24 14:00:00,38590.5419925824,-0.0
2025-05-24 15:00:00,38986.26243486499,-0.0
2025-05-24 16:00:00,38850.889456312856,-0.0
2025-05-24 17:00:00,37103.942569506224,-0.0
2025-05-24 18:00:00,23391.4108444732,972.9845015268002
2025-05-24 19:00:00,4141.87396255772,21414.92467844228
2025-05-24 20:00:00,2.8884703816247064,26110.056153618374
2025-05-24 21:00:00,-0.0,25988.521948
2025-05-24 22:00:00,-0.0,-0.0
2025-05-24 23:00:00,-0.0,23490.695475
2025-05-25 00:00:00,-0.0,-0.0
2025-05-25 01:00:00,-0.0,21824.598051
2025-05-25 02:00:00,-0.0,-0.0
2025-05-25 03:00:00,-0.0,-0.0
2025-05-25 04:00:00,-0.0,20459.955124
2025-05-25 05:00:00,51.414772792914995,-0.0
2025-05-25 06:00:00,8281.244584118034,5633.086785705964
2025-05-25 07:00:00,22187.604476,-0.0
2025-05-25 08:00:00,22784.506045,-0.0
2025-05-25 09:00:00,22475.955477,-0.0
2025-05-25 10:00:00,23501.32832970054,-0.0
2025-05-25 11:00:00,40153.204469041375,-0.0
2025-05-25 12:00:00,39992.41295113094,-0.0
2025-05-25 13:00:00,38460.7533901014,-0.0
2025-05-25 14:00:00,37412.43120626374,-0.0
2025-05-25 15:00:00,38692.21615001559,-0.0
2025-05-25 16:00:00,39145.128305854356,-0.0
2025-05-25 17:00:00,36634.08472076194,-0.0
2025-05-25 18:00:00,24025.33381089377,379.9003402062299
2025-05-25 19:00:00,4259.33842474379,-0.0
2025-05-25 20:00:00,8.66541114487,25500.51774985513
2025-05-25 21:00:00,-0.0,-0.0
2025-05-25 22:00:00,-0.0,24104.906949
2025-05-25 23:00:00,-0.0,22692.076515
2025-05-26 00:00:00,-0.0,13212.34656305074
2025-05-26 01:00:00,-0.0,-0.0
2025-05-26 02:00:00,-0.0,20411.996613
2025-05-26 03:00:00,-0.0,-0.0
2025-05-26 04:00:00,-0.0,19852.846288
2025-05-26 05:00:00,97.05260482259,-0.0
2025-05-26 06:00:00,8488.05906344236,12285.649064557638
2025-05-26 07:00:00,23588.755598,-0.0
2025-05-26 08:00:00,24189.454068,-0.0
2025-05-26 09:00:00,24023.206142,-0.0
2025-05-26 10:00:00,33464.2600932737,-0.0
2025-05-26 11:00:00,40697.392288939474,-0.0
2025-05-26 12:00:00,39511.193785552256,-0.0
2025-05-26 13:00:00,39688.1607375998,-0.0
2025-05-26 14:00:00,38995.31297539409,-0.0
2025-05-26 15:00:00,38799.66724821204,-0.0
2025-05-26 16:00:00,38747.482216650686,-0.0
2025-05-26 17:00:00,35570.549926247724,-0.0
2025-05-26 18:00:00,21304.202146711184,3971.977722288815
2025-05-26 19:00:00,3991.09580863691,-0.0
2025-05-26 20:00:00,222.02709000088498,26988.943162999116
2025-05-26 21:00:00,219.523749003475,26686.246594996526
2025-05-26 22:00:00,185.63236319241,25262.994618807592
2025-05-26 23:00:00,-0.0,-0.0
2025-05-27 00:00:00,-0.0,-0.0
2025-05-27 01:00:00,-0.0,-0.0
2025-05-27 02:00:00,-0.0,16573.438662980196
2025-05-27 03:00:00,-0.0,20939.4525599999
2025-05-27 04:00:00,-0.0,-0.0
2025-05-27 05:00:00,84.535899835545,21650.989715164455
2025-05-27 06:00:00,7836.805274732045,15162.155016267954
2025-05-27 07:00:00,25182.158098,-0.0
2025-05-27 08:00:00,26324.6443226999,-0.0
2025-05-27 09:00:00,26199.200446,-0.0
2025-05-27 10:00:00,25076.412337,-0.0
2025-05-27 11:00:00,29110.300996545655,-0.0
2025-05-27 12:00:00,48260.17800680138,-0.0
2025-05-27 13:00:00,47707.517340450526,-0.0
2025-05-27 14:00:00,46822.49001552072,-0.0
2025-05-27 15:00:00,45964.80687687028,-0.0
2025-05-27 16:00:00,44835.0298282708,-0.0
2025-05-27 17:00:00,39202.320019410516,-0.0
2025-05-27 18:00:00,24340.56221187508,-0.0
2025-05-27 19:00:00,4746.527095777825,24536.253819222176
2025-05-27 20:00:00,196.608550642585,-0.0
2025-05-27 21:00:00,80.106911917055,6885.309703546516
2025-05-27 22:00:00,73.75227707748,27181.39113392252
2025-05-27 23:00:00,76.833312151215,25371.330974848785
2025-05-28 00:00:00,81.262300069705,24456.222158930294
2025-05-28 01:00:00,78.951523764405,23226.347066235594
2025-05-28 02:00:00,80.492041301275,-0.0
2025-05-28 03:00:00,82.225123530245,-0.0
2025-05-28 04:00:00,71.248936080075,22168.345709919926
2025-05-28 05:00:00,188.13570418982,22873.57102981018
2025-05-28 06:00:00,8740.31881010425,-0.0
2025-05-28 07:00:00,26764.3144069999,-0.0
2025-05-28 08:00:00,28375.6933705,-0.0
2025-05-28 09:00:00,31081.615796214537,-0.0
2025-05-28 10:00:00,46476.45126380208,-0.0
2025-05-28 11:00:00,47581.772596503804,-0.0
2025-05-28 12:00:00,44163.364182197016,-0.0
2025-05-28 13:00:00,42576.823683916606,-0.0
2025-05-28 14:00:00,42157.03265512049,-0.0
2025-05-28 15:00:00,41142.794421786,-0.0
2025-05-28 16:00:00,38713.97596022384,-0.0
2025-05-28 17:00:00,31399.02100110532,-0.0
2025-05-28 18:00:00,19191.96003897509,8576.37312682491
2025-05-28 19:00:00,4827.0191370791,23518.1719397909
2025-05-28 20:00:00,505.48231678432,28301.23594421568
2025-05-28 21:00:00,-0.0,28367.242486
2025-05-28 22:00:00,-0.0,-0.0
2025-05-28 23:00:00,-0.0,-0.0
2025-05-29 00:00:00,-0.0,24331.995574
2025-05-29 01:00:00,-0.0,-0.0
2025-05-29 02:00:00,-0.0,-0.0
2025-05-29 03:00:00,-0.0,22002.554269
2025-05-29 04:00:00,-0.0,22095.710912
2025-05-29 05:00:00,18.486210442395,22992.307147557603
2025-05-29 06:00:00,5755.758647117495,265.66954249951596
2025-05-29 07:00:00,24062.69136116278,2870.206903837221
2025-05-29 08:00:00,27524.117209,-0.0
2025-05-29 09:00:00,27213.1287905,-0.0
2025-05-29 10:00:00,44716.86212751971,-0.0
2025-05-29 11:00:00,46533.06528328192,-0.0
2025-05-29 12:00:00,45904.72669293249,-0.0
2025-05-29 13:00:00,45285.43864311215,-0.0
2025-05-29 14:00:00,43880.87177887411,-0.0
2025-05-29 15:00:00,43823.680065317945,-0.0
2025-05-29 16:00:00,40398.14675740315,-0.0
2025-05-29 17:00:00,33672.63232082818,-0.0
2025-05-29 18:00:00,20099.902562265794,9713.319004734207
2025-05-29 19:00:00,4693.37924075593,25712.56327124407
2025-05-29 20:00:00,115.15368588077,28382.789290562
2025-05-29 21:00:00,-0.0,30134.613746
2025-05-29 22:00:00,-0.0,-0.0
2025-05-29 23:00:00,-0.0,26330.935192
2025-05-30 00:00:00,-0.0,25493.659243
2025-05-30 01:00:00,-0.0,24126.855585
2025-05-30 02:00:00,-0.0,-0.0
2025-05-30 03:00:00,-0.0,-0.0
2025-05-30 04:00:00,-0.0,-0.0
2025-05-30 05:00:00,73.55971238537501,23953.748654614625
2025-05-30 06:00:00,8672.728603174235,-0.0
2025-05-30 07:00:00,28400.222977,-0.0
2025-05-30 08:00:00,29554.506146,-0.0
2025-05-30 09:00:00,45266.75027789841,-0.0
2025-05-30 10:00:00,47786.66142890704,-0.0
2025-05-30 11:00:00,47156.97488571286,-0.0
2025-05-30 12:00:00,47764.131359930376,-0.0
2025-05-30 13:00:00,46634.35431133089,-0.0
2025-05-30 14:00:00,46274.64346647256,-0.0
2025-05-30 15:00:00,46170.65853273407,-0.0
2025-05-30 16:00:00,42729.52748475851,-0.0
2025-05-30 17:00:00,37301.128814225136,-0.0
2025-05-30 18:00:00,23148.00907364829,13117.235275351712
2025-05-30 19:00:00,4780.033352204669,30881.768095795327
2025-05-30 20:00:00,15.597740060769999,716.8489659392325
2025-05-30 21:00:00,-0.0,-0.0
2025-05-30 22:00:00,-0.0,31641.610996
2025-05-30 23:00:00,-0.0,29243.6338889999
2025-05-31 00:00:00,-0.0,27860.090007
2025-05-31 01:00:00,-0.0,26331.845143
2025-05-31 02:00:00,-0.0,25032.720773
2025-05-31 03:00:00,-0.0,24622.955588
2025-05-31 04:00:00,-0.0,-0.0
2025-05-31 05:00:00,32.928562350520004,-0.0
2025-05-31 06:00:00,6132.22262018925,17609.637134810648
2025-05-31 07:00:00,23772.111240771334,1938.083941228666
2025-05-31 08:00:00,35728.83810316076,-0.0
2025-05-31 09:00:00,38674.30763364952,-0.0
2025-05-31 10:00:00,41660.60087886525,-0.0
2025-05-31 11:00:00,41784.4199758909,-0.0
2025-05-31 12:00:00,42841.40757087343,-0.0
2025-05-31 13:00:00,43061.50901395323,-0.0
2025-05-31 14:00:00,41507.897078023365,-0.0
2025-05-31 15:00:00,36048.880621444776,-0.0
2025-05-31 16:00:00,32957.25448964579,-0.0
2025-05-31 17:00:00,26507.30012747782,6684.657599522179
2025-05-31 18:00:00,14702.12167777765,19530.00925622235
2025-05-31 19:00:00,2708.80752388765,31583.42415411235
2025-05-31 20:00:00,3.6587291500579617,33669.418380849944
2025-05-31 21:00:00,-0.0,32577.764706
2025-05-31 22:00:00,-0.0,30434.349577
2025-05-31 23:00:00,-0.0,3313.5473299233818
2025-06-01 00:00:00,-0.0,26955.16256
2025-06-01 01:00:00,-0.0,-0.0
2025-06-01 02:00:00,-0.0,24384.63288
2025-06-01 03:00:00,-0.0,23227.175321
2025-06-01 04:00:00,-0.0,-0.0
2025-06-01 05:00:00,8.087717068545,22360.087546931354
2025-06-01 06:00:00,2984.560162986755,19417.737526013243
2025-06-01 07:00:00,11981.37514297928,11173.256198020721
2025-06-01 08:00:00,22110.855641952916,2428.482173047083
2025-06-01 09:00:00,27550.61562932067,-0.0
2025-06-01 10:00:00,30805.344055335387,-0.0
2025-06-01 11:00:00,34512.02181372832,-0.0
2025-06-01 12:00:00,34352.385683970526,-0.0
2025-06-01 13:00:00,33703.82780094973,-0.0
2025-06-01 14:00:00,34949.52879419841,-0.0
2025-06-01 15:00:00,33585.785644687334,-0.0
2025-06-01 16:00:00,30743.72335386073,-0.0
2025-06-01 17:00:00,27068.048510897235,1820.624197102763
2025-06-01 18:00:00,16746.581013891613,13228.609727108385
2025-06-01 19:00:00,3872.0908289139697,26101.20097308603
2025-06-01 20:00:00,25.225974666185,29912.949261333815
2025-06-01 21:00:00,-0.0,-0.0
2025-06-01 22:00:00,-0.0,27179.998836
2025-06-01 23:00:00,-0.0,25319.963083
2025-06-02 00:00:00,-0.0,-0.0
2025-06-02 01:00:00,-0.0,23087.401589
2025-06-02 02:00:00,-0.0,22165.8330829999
2025-06-02 03:00:00,-0.0,21957.512806
2025-06-02 04:00:00,-0.0,21871.069282
2025-06-02 05:00:00,53.14785502189,22694.785716978113
2025-06-02 06:00:00,7853.558402945469,16228.752069054532
2025-06-02 07:00:00,25828.792582,-0.0
2025-06-02 08:00:00,26161.5390144,-0.0
2025-06-02 09:00:00,40734.7816860999,-0.0
2025-06-02 10:00:00,44549.456389874176,-0.0
2025-06-02 11:00:00,44260.99448109593,-0.0
2025-06-02 12:00:00,45562.1541056718,-0.0
2025-06-02 13:00:00,45818.07258148375,-0.0
2025-06-02 14:00:00,44235.57594173763,-0.0
2025-06-02 15:00:00,43571.03518927183,-0.0
2025-06-02 16:00:00,40954.27358821197,-0.0
2025-06-02 17:00:00,35963.7670275329,-0.0
2025-06-02 18:00:00,22576.86219685503,8497.513646144973
2025-06-02 19:00:00,4469.61906852607,26510.81593647393
2025-06-02 20:00:00,93.008746288315,30794.070816711683
2025-06-02 21:00:00,-0.0,30162.373448
2025-06-02 22:00:00,-0.0,-0.0
2025-06-02 23:00:00,-0.0,26757.696333
2025-06-03 00:00:00,-0.0,25216.991446
2025-06-03 01:00:00,-0.0,24291.203801
2025-06-03 02:00:00,-0.0,23465.547814
2025-06-03 03:00:00,-0.0,-0.0
2025-06-03 04:00:00,-0.0,20291.59648838656
2025-06-03 05:00:00,82.225123530245,23575.870510469653
2025-06-03 06:00:00,6465.552102228744,-0.0
2025-06-03 07:00:00,21690.87204846468,-0.0
2025-06-03 08:00:00,33563.833269786985,-0.0
2025-06-03 09:00:00,38501.577104828364,-0.0
2025-06-03 10:00:00,40180.16352593654,-0.0
2025-06-03 11:00:00,42964.64897382276,-0.0
2025-06-03 12:00:00,41834.10166645485,-0.0
2025-06-03 13:00:00,39444.373837390674,-0.0
2025-06-03 14:00:00,34393.016834005386,-0.0
2025-06-03 15:00:00,33310.03300558823,-0.0
2025-06-03 16:00:00,32572.125105429168,-0.0
2025-06-03 17:00:00,30932.24418743477,-0.0
2025-06-03 18:00:00,18616.191609571233,10424.528727428766
2025-06-03 19:00:00,4133.97881018128,-0.0
2025-06-03 20:00:00,6.739764223790001,29446.40646377611
2025-06-03 21:00:00,-0.0,-0.0
2025-06-03 22:00:00,-0.0,-0.0
2025-06-03 23:00:00,-0.0,16619.429198435733
2025-06-04 00:00:00,-0.0,-0.0
2025-06-04 01:00:00,-0.0,24065.440387
2025-06-04 02:00:00,-0.0,23172.0812999999
2025-06-04 03:00:00,-0.0,22708.987284
2025-06-04 04:00:00,-0.0,22737.738185
2025-06-04 05:00:00,35.04677396371,23373.74119603629
2025-06-04 06:00:00,6252.960682141164,18408.704841858835
2025-06-04 07:00:00,23939.257393521355,3866.4639714785444
2025-06-04 08:00:00,29281.75929,-0.0
2025-06-04 09:00:00,30261.286035,-0.0
2025-06-04 10:00:00,43805.23528523539,-0.0
2025-06-04 11:00:00,48349.91315332386,-0.0
2025-06-04 12:00:00,48514.55596507647,-0.0
2025-06-04 13:00:00,47797.059922280896,-0.0
2025-06-04 14:00:00,47025.45320100288,-0.0
2025-06-04 15:00:00,44190.708368476386,-0.0
2025-06-04 16:00:00,41883.013098250354,-0.0
2025-06-04 17:00:00,35726.33476216335,-0.0
2025-06-04 18:00:00,21605.951019244916,8578.502676755084
2025-06-04 19:00:00,5264.911246933405,25054.8395630666
2025-06-04 20:00:00,466.58424897844,30088.84037102156
2025-06-04 21:00:00,19.834163287155,6905.273775299066
2025-06-04 22:00:00,-0.0,-0.0
2025-06-04 23:00:00,-0.0,26621.548665
2025-06-05 00:00:00,-0.0,-0.0
2025-06-05 01:00:00,-0.0,24360.102312
2025-06-05 02:00:00,-0.0,23446.954445
2025-06-05 03:00:00,-0.0,-0.0
2025-06-05 04:00:00,-0.0,22933.643031
2025-06-05 05:00:00,98.97825174367,23691.80802325633
2025-06-05 06:00:00,8588.385268030794,-0.0
2025-06-05 07:00:00,29152.015871,-0.0
2025-06-05 08:00:00,31017.155165,-0.0
2025-06-05 09:00:00,31042.9832869,-0.0
2025-06-05 10:00:00,41053.55444360334,-0.0
2025-06-05 11:00:00,47691.53447100554,-0.0
2025-06-05 12:00:00,46651.87769831274,-0.0
2025-06-05 13:00:00,46395.766657808694,-0.0
2025-06-05 14:00:00,45325.6846637628,-0.0
2025-06-05 15:00:00,44759.929598348564,-0.0
2025-06-05 16:00:00,42396.77569679534,-0.0
2025-06-05 17:00:00,38274.54333283267,-0.0
2025-06-05 18:00:00,23750.3514305631,-0.0
2025-06-05 19:00:00,5387.3823911142945,-0.0
2025-06-05 20:00:00,100.711333972645,29794.164093027353
2025-06-05 21:00:00,-0.0,20768.406861149524
2025-06-05 22:00:00,-0.0,-0.0
2025-06-05 23:00:00,-0.0,-0.0
2025-06-06 00:00:00,-0.0,25223.364432
2025-06-06 01:00:00,-0.0,24186.461201
2025-06-06 02:00:00,-0.0,23165.972981
2025-06-06 03:00:00,-0.0,22632.343654
2025-06-06 04:00:00,-0.0,-0.0
2025-06-06 05:00:00,100.903898664755,23449.534515335246
2025-06-06 06:00:00,8800.784123426265,16224.439888573734
2025-06-06 07:00:00,27866.582386,-0.0
2025-06-06 08:00:00,29321.881881,-0.0
2025-06-06 09:00:00,30195.699257,-0.0
2025-06-06 10:00:00,37957.230592619446,-0.0
2025-06-06 11:00:00,47742.756679106344,-0.0
2025-06-06 12:00:00,48065.10997369566,-0.0
2025-06-06 13:00:00,46981.54845120218,-0.0
2025-06-06 14:00:00,45508.8136859578,-0.0
2025-06-06 15:00:00,44821.93542920744,-0.0
2025-06-06 16:00:00,43210.16895626086,-0.0
2025-06-06 17:00:00,38309.012412720054,-0.0
2025-06-06 18:00:00,24216.357985465216,5479.113910534783
2025-06-06 19:00:00,5386.61213234586,24529.246248654137
2025-06-06 20:00:00,157.903047528815,2082.194100987728
2025-06-06 21:00:00,35.23933865582,29368.412672344177
2025-06-06 22:00:00,42.556796955935,-0.0
2025-06-06 23:00:00,4.814117302707845,26764.751176697293
2025-06-07 00:00:00,-0.0,25435.662532
2025-06-07 01:00:00,-0.0,-0.0
2025-06-07 02:00:00,-0.0,23381.493107
2025-06-07 03:00:00,-0.0,22422.9788449999
2025-06-07 04:00:00,-0.0,-0.0
2025-06-07 05:00:00,140.957354623285,22151.394221376715
2025-06-07 06:00:00,9295.675382144631,-0.0
2025-06-07 07:00:00,26219.004095,-0.0
2025-06-07 08:00:00,27506.7580299999,-0.0
2025-06-07 09:00:00,27788.2394301,-0.0
2025-06-07 10:00:00,27103.921529,-0.0
2025-06-07 11:00:00,40086.37893792413,-0.0
2025-06-07 12:00:00,46671.90442629201,-0.0
2025-06-07 13:00:00,45364.39016687656,-0.0
2025-06-07 14:00:00,44644.198218391466,-0.0
2025-06-07 15:00:00,43214.597944179346,-0.0
2025-06-07 16:00:00,43199.77046288701,-0.0
2025-06-07 17:00:00,39587.64196831926,-0.0
2025-06-07 18:00:00,26088.279357450137,1868.5691275498612
2025-06-07 19:00:00,5862.439486545505,-0.0
2025-06-07 20:00:00,122.471144180885,28639.956476819112
2025-06-07 21:00:00,38.898067805875,-0.0
2025-06-07 22:00:00,50.066819948159996,27051.30495705184
2025-06-07 23:00:00,51.414772792914995,25946.829116207085
2025-06-08 00:00:00,53.14785502189,24519.07203997811
2025-06-08 01:00:00,49.68169056394,-0.0
2025-06-08 02:00:00,50.259384640265,22316.628668359735
2025-06-08 03:00:00,50.83707871659,1433.249425309537
2025-06-08 04:00:00,52.57016094556499,-0.0
2025-06-08 05:00:00,219.523749003475,20847.287440996526
2025-06-08 06:00:00,9612.251735970694,11995.077685029304
2025-06-08 07:00:00,24353.9008652,-0.0
2025-06-08 08:00:00,25189.6818144,-0.0
2025-06-08 09:00:00,24113.25057,-0.0
2025-06-08 10:00:00,24055.95638,-0.0
2025-06-08 11:00:00,35532.26779683303,-0.0
2025-06-08 12:00:00,45853.8896142159,-0.0
2025-06-08 13:00:00,46410.40157440892,-0.0
2025-06-08 14:00:00,45495.71928689443,-0.0
2025-06-08 15:00:00,44561.97309486123,-0.0
2025-06-08 16:00:00,42641.140291080796,-0.0
2025-06-08 17:00:00,39488.66371657558,-0.0
2025-06-08 18:00:00,25414.880629147363,2903.749181852636
2025-06-08 19:00:00,5440.915375520404,-0.0
2025-06-08 20:00:00,62.77608962731,-0.0
2025-06-08 21:00:00,-0.0,28537.362756
2025-06-08 22:00:00,-0.0,26746.4151629999
2025-06-08 23:00:00,-0.0,25038.293147
2025-06-09 00:00:00,-0.0,24228.937433
2025-06-09 01:00:00,-0.0,23105.043346
2025-06-09 02:00:00,-0.0,-0.0
2025-06-09 03:00:00,-0.0,18728.982491146126
2025-06-09 04:00:00,-0.0,21937.841697
2025-06-09 05:00:00,138.64657831798502,-0.0
2025-06-09 06:00:00,9133.150782005214,-0.0
2025-06-09 07:00:00,28547.560622,-0.0
2025-06-09 08:00:00,30428.9855977,-0.0
2025-06-09 09:00:00,30272.205349,-0.0
2025-06-09 10:00:00,33915.66180427753,-0.0
2025-06-09 11:00:00,48341.24774217899,-0.0
2025-06-09 12:00:00,48477.005850115354,-0.0
2025-06-09 13:00:00,48212.036833774306,-0.0
2025-06-09 14:00:00,47451.02117056225,-0.0
2025-06-09 15:00:00,46353.40242554486,-0.0
2025-06-09 16:00:00,44074.59185913508,-0.0
2025-06-09 17:00:00,39178.6345622812,-0.0
2025-06-09 18:00:00,25454.356391029563,6127.469105970438
2025-06-09 19:00:00,5843.568146718891,-0.0
2025-06-09 20:00:00,101.48159274108,31607.199797258923
2025-06-09 21:00:00,-0.0,30943.6653356
2025-06-09 22:00:00,-0.0,14418.049856898126
2025-06-09 23:00:00,-0.0,-0.0
2025-06-10 00:00:00,-0.0,-0.0
2025-06-10 01:00:00,-0.0,24444.444917
2025-06-10 02:00:00,-0.0,23218.744156
2025-06-10 03:00:00,-0.0,-0.0
2025-06-10 04:00:00,-0.0,22875.199971
2025-06-10 05:00:00,115.9239446492,23379.276637350802
2025-06-10 06:00:00,9070.3746923779,15824.2972156221
2025-06-10 07:00:00,27885.085779,-0.0
2025-06-10 08:00:00,29929.1170421,-0.0
2025-06-10 09:00:00,30086.8893791999,-0.0
2025-06-10 10:00:00,39943.90083044092,-0.0
2025-06-10 11:00:00,48515.90391792122,-0.0
2025-06-10 12:00:00,48701.92141049786,-0.0
2025-06-10 13:00:00,47696.34858830824,-0.0
2025-06-10 14:00:00,46318.16308688904,-0.0
2025-06-10 15:00:00,45672.878803634085,-0.0
2025-06-10 16:00:00,44211.31279053198,-0.0
2025-06-10 17:00:00,39123.36849564611,-0.0
2025-06-10 18:00:00,25326.30087077754,6734.078739222459
2025-06-10 19:00:00,5785.6061743942855,-0.0
2025-06-10 20:00:00,178.12234020019,31780.51932991981
2025-06-10 21:00:00,-0.0,31088.9345101
2025-06-10 22:00:00,3.2735997658413343,29177.000713234058
2025-06-10 23:00:00,1.925646921083138,9138.015910301741
2025-06-11 00:00:00,0.962823460541569,25885.51286053946
2025-06-11 01:00:00,-0.0,-0.0
2025-06-11 02:00:00,-0.0,-0.0
2025-06-11 03:00:00,-0.0,23008.061324
2025-06-11 04:00:00,-0.0,-0.0
2025-06-11 05:00:00,161.56177667887502,23685.691351321126
2025-06-11 06:00:00,9850.069130724465,15470.958918275535
2025-06-11 07:00:00,28111.783011,-0.0
2025-06-11 08:00:00,29512.0362722,-0.0
2025-06-11 09:00:00,29779.0778241,-0.0
2025-06-11 10:00:00,28634.9917399999,-0.0
2025-06-11 11:00:00,47932.98630358069,-0.0
2025-06-11 12:00:00,48328.73103719194,-0.0
2025-06-11 13:00:00,47922.03440745918,-0.0
2025-06-11 14:00:00,47121.92811174914,-0.0
2025-06-11 15:00:00,46596.033937601336,-0.0
2025-06-11 16:00:00,45229.209753016534,-0.0
2025-06-11 17:00:00,40525.81714827096,-0.0
2025-06-11 18:00:00,26412.750863652644,4374.883368547355
2025-06-11 19:00:00,6687.38662753752,24510.50809646248
2025-06-11 20:00:00,176.96695204754,-0.0
2025-06-11 21:00:00,60.850442706224996,30284.898878293774
2025-06-11 22:00:00,-0.0,28526.1648389999
2025-06-11 23:00:00,-0.0,13408.11333856958
2025-06-12 00:00:00,-0.0,-0.0
2025-06-12 01:00:00,-0.0,24339.597076
2025-06-12 02:00:00,-0.0,-0.0
2025-06-12 03:00:00,-0.0,-0.0
2025-06-12 04:00:00,-0.0,22896.711685
2025-06-12 05:00:00,137.491190165335,23521.035457834663
2025-06-12 06:00:00,10028.191470924656,14615.248946075346
2025-06-12 07:00:00,27839.27276,-0.0
2025-06-12 08:00:00,28929.0650365,-0.0
2025-06-12 09:00:00,29198.505128,-0.0
2025-06-12 10:00:00,28524.178089,-0.0
2025-06-12 11:00:00,45716.54897864029,-0.0
2025-06-12 12:00:00,47970.56070987048,-0.0
2025-06-12 13:00:00,47165.25516747352,-0.0
2025-06-12 14:00:00,46600.07779613562,-0.0
2025-06-12 15:00:00,46880.83711722954,-0.0
2025-06-12 16:00:00,45471.26357099668,-0.0
2025-06-12 17:00:00,41693.33687652367,-0.0
2025-06-12 18:00:00,27797.098435219315,2291.9333756806845
2025-06-12 19:00:00,7210.58489599581,23140.47215700419
2025-06-12 20:00:00,632.960142960025,29696.431556039974
2025-06-12 21:00:00,115.538815264985,-0.0
2025-06-12 22:00:00,-0.0,25535.231672976104
2025-06-12 23:00:00,-0.0,26493.659397
2025-06-13 00:00:00,-0.0,25557.827973
2025-06-13 01:00:00,-0.0,-0.0
2025-06-13 02:00:00,-0.0,23146.118157
2025-06-13 03:00:00,-0.0,-0.0
2025-06-13 04:00:00,-0.0,-0.0
2025-06-13 05:00:00,116.50163872552501,23019.031947274478
2025-06-13 06:00:00,9443.757630375925,-0.0
2025-06-13 07:00:00,26480.684482,-0.0
2025-06-13 08:00:00,28302.4199774,-0.0
2025-06-13 09:00:00,28092.401772,-0.0
2025-06-13 10:00:00,30210.850319316985,-0.0
2025-06-13 11:00:00,49335.2666828421,-0.0
2025-06-13 12:00:00,48771.43726434896,-0.0
2025-06-13 13:00:00,47743.14180849056,-0.0
2025-06-13 14:00:00,45791.3060892807,-0.0
2025-06-13 15:00:00,44736.62927060346,-0.0
2025-06-13 16:00:00,42746.08804827982,-0.0
2025-06-13 17:00:00,40327.28295070729,-0.0
2025-06-13 18:00:00,27465.116906024577,2374.489632975423
2025-06-13 19:00:00,6883.995178180111,23196.05473881989
2025-06-13 20:00:00,69.32328915899,29829.921494841008
2025-06-13 21:00:00,-0.0,29467.327219
2025-06-13 22:00:00,-0.0,-0.0
2025-06-13 23:00:00,-0.0,26330.2520039999
2025-06-14 00:00:00,-0.0,-0.0
2025-06-14 01:00:00,-0.0,-0.0
2025-06-14 02:00:00,-0.0,-0.0
2025-06-14 03:00:00,-0.0,22087.78321
2025-06-14 04:00:00,-0.0,18100.537361461502
2025-06-14 05:00:00,116.30907403342,21766.61503596658
2025-06-14 06:00:00,9656.541615155611,-0.0
2025-06-14 07:00:00,24552.191369,-0.0
2025-06-14 08:00:00,26322.0469433,-0.0
2025-06-14 09:00:00,25610.6658844,-0.0
2025-06-14 10:00:00,24746.420935,-0.0
2025-06-14 11:00:00,45828.84497089061,-0.0
2025-06-14 12:00:00,46660.54310945762,-0.0
2025-06-14 13:00:00,45726.21922334808,-0.0
2025-06-14 14:00:00,45228.6320589402,-0.0
2025-06-14 15:00:00,43892.425660400615,-0.0
2025-06-14 16:00:00,40175.92710271015,-0.0
2025-06-14 17:00:00,35646.80554432262,-0.0
2025-06-14 18:00:00,22563.190103715344,-0.0
2025-06-14 19:00:00,6157.25603016333,23877.72820883667
2025-06-14 20:00:00,906.20944106172,29091.724669938278
2025-06-14 21:00:00,839.389492900135,-0.0
2025-06-14 22:00:00,129.01834371257002,22251.501655175656
2025-06-14 23:00:00,-0.0,25717.291013
2025-06-15 00:00:00,-0.0,24670.158225
2025-06-15 01:00:00,-0.0,23277.656398
2025-06-15 02:00:00,-0.0,-0.0
2025-06-15 03:00:00,-0.0,21486.853787
2025-06-15 04:00:00,-0.0,-0.0
2025-06-15 05:00:00,119.967803183475,-0.0
2025-06-15 06:00:00,10023.18478892984,-0.0
2025-06-15 07:00:00,23639.7343799999,-0.0
2025-06-15 08:00:00,24062.9481649999,-0.0
2025-06-15 09:00:00,23896.675392,-0.0
2025-06-15 10:00:00,23703.722896,-0.0
2025-06-15 11:00:00,38238.26762622619,-0.0
2025-06-15 12:00:00,48824.00742529452,-0.0
2025-06-15 13:00:00,47681.32854232379,-0.0
2025-06-15 14:00:00,46649.18179262324,-0.0
2025-06-15 15:00:00,45669.02750979192,-0.0
2025-06-15 16:00:00,44097.31449280386,-0.0
2025-06-15 17:00:00,39265.866367806266,-0.0
2025-06-15 18:00:00,26447.605072924252,5452.7157630757465
2025-06-15 19:00:00,6703.9471910588345,-0.0
2025-06-15 20:00:00,440.97314492803497,31189.915767071965
2025-06-15 21:00:00,-0.0,30745.728396
2025-06-15 22:00:00,-0.0,-0.0
2025-06-15 23:00:00,-0.0,26302.975749
2025-06-16 00:00:00,-0.0,-0.0
2025-06-16 01:00:00,-0.0,23536.278558
2025-06-16 02:00:00,-0.0,22649.19746
2025-06-16 03:00:00,-0.0,7751.190243866453
2025-06-16 04:00:00,-0.0,22039.992074
2025-06-16 05:00:00,149.04507169183,-0.0
2025-06-16 06:00:00,10262.92783060469,14094.511396395308
2025-06-16 07:00:00,27415.290252,-0.0
2025-06-16 08:00:00,28874.80896475,-0.0
2025-06-16 09:00:00,29614.9611611,-0.0
2025-06-16 10:00:00,42554.97258366679,-0.0
2025-06-16 11:00:00,49057.58839682192,-0.0
2025-06-16 12:00:00,48870.030386708415,-0.0
2025-06-16 13:00:00,48830.3620601341,-0.0
2025-06-16 14:00:00,48292.52887507558,-0.0
2025-06-16 15:00:00,47190.67370683181,-0.0
2025-06-16 16:00:00,45283.12786680686,-0.0
2025-06-16 17:00:00,41573.754202724405,-0.0
2025-06-16 18:00:00,28286.983011942863,6364.139612057141
2025-06-16 19:00:00,7608.6161145836895,27109.97144341631
2025-06-16 20:00:00,443.47648592544493,33369.547879074555
2025-06-16 21:00:00,-0.0,-0.0
2025-06-16 22:00:00,-0.0,30658.4078229999
2025-06-16 23:00:00,-0.0,28243.858847
2025-06-17 00:00:00,-0.0,26390.576657
2025-06-17 01:00:00,-0.0,12175.405187044158
2025-06-17 02:00:00,-0.0,23808.859463
2025-06-17 03:00:00,-0.0,-0.0
2025-06-17 04:00:00,-0.0,-0.0
2025-06-17 05:00:00,115.346250572875,-0.0
2025-06-17 06:00:00,9608.015312744315,15616.027373255685
2025-06-17 07:00:00,28912.317194,-0.0
2025-06-17 08:00:00,31103.483203,-0.0
2025-06-17 09:00:00,31040.174754,-0.0
2025-06-17 10:00:00,47074.35143310513,-0.0
2025-06-17 11:00:00,48839.797730047416,-0.0
2025-06-17 12:00:00,48797.8186271678,-0.0
2025-06-17 13:00:00,48989.61306050768,-0.0
2025-06-17 14:00:00,48464.68170982041,-0.0
2025-06-17 15:00:00,47705.399128837336,-0.0
2025-06-17 16:00:00,44955.57532553061,-0.0
2025-06-17 17:00:00,41085.0250141535,-0.0
2025-06-17 18:00:00,27651.51952798543,7344.8038581145665
2025-06-17 19:00:00,7339.025545632056,27327.510891367845
2025-06-17 20:00:00,142.69043685225998,33661.43398014774
2025-06-17 21:00:00,-0.0,-0.0
2025-06-17 22:00:00,-0.0,25953.402463410108
2025-06-17 23:00:00,-0.0,-0.0
2025-06-18 00:00:00,-0.0,26945.983461
2025-06-18 01:00:00,-0.0,-0.0
2025-06-18 02:00:00,-0.0,24708.0991379999
2025-06-18 03:00:00,-0.0,24102.445368
2025-06-18 04:00:00,-0.0,23973.31884
2025-06-18 05:00:00,97.437734206805,-0.0
2025-06-18 06:00:00,9705.067917566905,16211.115950433095
2025-06-18 07:00:00,29594.929006,-0.0
2025-06-18 08:00:00,31200.401237,-0.0
2025-06-18 09:00:00,39687.60160661045,-0.0
2025-06-18 10:00:00,48240.72897289845,-0.0
2025-06-18 11:00:00,48772.400087809496,-0.0
2025-06-18 12:00:00,48910.46897205116,-0.0
2025-06-18 13:00:00,48433.87135908308,-0.0
2025-06-18 14:00:00,47293.31068772554,-0.0
2025-06-18 15:00:00,46699.63374195561,-0.0
2025-06-18 16:00:00,44832.91161665762,-0.0
2025-06-18 17:00:00,40489.037292078276,-0.0
2025-06-18 18:00:00,27305.480776266788,-0.0
2025-06-18 19:00:00,7055.1851894644,-0.0
2025-06-18 20:00:00,144.80864846545,34854.63437953455
2025-06-18 21:00:00,26.573927510945,-0.0
2025-06-18 22:00:00,35.23933865582,31771.711608344078
2025-06-18 23:00:00,40.438585342745,29260.928822657253
2025-06-19 00:00:00,46.985784874425,-0.0
2025-06-19 01:00:00,46.022961413885,25851.996375586015
2025-06-19 02:00:00,46.215526105994996,24366.732776894005
2025-06-19 03:00:00,46.408090798100005,23362.2315592019
2025-06-19 04:00:00,42.94192634015,23215.20624265985
2025-06-19 05:00:00,196.993680026805,6564.898774673747
2025-06-19 06:00:00,9638.63309878954,15306.64858321046
2025-06-19 07:00:00,28414.432178,-0.0
2025-06-19 08:00:00,29840.8475718999,-0.0
2025-06-19 09:00:00,29140.639447,-0.0
2025-06-19 10:00:00,34824.16655924141,-0.0
2025-06-19 11:00:00,48766.62314704625,-0.0
2025-06-19 12:00:00,48882.54709169546,-0.0
2025-06-19 13:00:00,48477.39097949956,-0.0
2025-06-19 14:00:00,47472.01072200206,-0.0
2025-06-19 15:00:00,46827.49669751552,-0.0
2025-06-19 16:00:00,44717.180236700515,-0.0
2025-06-19 17:00:00,38915.39862816913,-0.0
2025-06-19 18:00:00,25317.442894940556,-0.0
2025-06-19 19:00:00,6711.26464935895,24626.05444064105
2025-06-19 20:00:00,127.4778261757,30883.1072648242
2025-06-19 21:00:00,44.675008569125,30426.311558430876
2025-06-19 22:00:00,50.644514024485005,28688.357239975416
2025-06-19 23:00:00,55.073501942975,-0.0
2025-06-20 00:00:00,54.880937250865,25522.281649749133
2025-06-20 01:00:00,55.073501942975,24372.410700057026
2025-06-20 02:00:00,52.955290329785,877.2836532585965
2025-06-20 03:00:00,56.80658417194999,-0.0
2025-06-20 04:00:00,55.266066635085,22392.787491364914
2025-06-20 05:00:00,182.35876342657,-0.0
2025-06-20 06:00:00,9452.037912136579,-0.0
2025-06-20 07:00:00,26934.198587,-0.0
2025-06-20 08:00:00,29410.5335106,-0.0
2025-06-20 09:00:00,29057.9403791999,-0.0
2025-06-20 10:00:00,36475.08659591033,-0.0
2025-06-20 11:00:00,43608.00761015663,-0.0
2025-06-20 12:00:00,43095.785529148525,-0.0
2025-06-20 13:00:00,43242.32725984294,-0.0
2025-06-20 14:00:00,43079.2249656272,-0.0
2025-06-20 15:00:00,43063.049531490105,-0.0
2025-06-20 16:00:00,44101.55091603024,-0.0
2025-06-20 17:00:00,41409.3039556639,-0.0
2025-06-20 18:00:00,27695.039148401906,-0.0
2025-06-20 19:00:00,6994.71987614239,-0.0
2025-06-20 20:00:00,144.61608377334,28527.26936422666
2025-06-20 21:00:00,-0.0,28347.595963
2025-06-20 22:00:00,-0.0,24148.49247547272
2025-06-20 23:00:00,-0.0,25971.456921
2025-06-21 00:00:00,-0.0,-0.0
2025-06-21 01:00:00,-0.0,23694.359664
2025-06-21 02:00:00,-0.0,-0.0
2025-06-21 03:00:00,-0.0,-0.0
2025-06-21 04:00:00,-0.0,-0.0
2025-06-21 05:00:00,140.18709585485,21828.87185514515
2025-06-21 06:00:00,9195.15661286409,13314.21147813591
2025-06-21 07:00:00,24488.9224699999,-0.0
2025-06-21 08:00:00,24946.6717893,-0.0
2025-06-21 09:00:00,24501.076554,-0.0
2025-06-21 10:00:00,32309.10206019963,-0.0
2025-06-21 11:00:00,40159.55910388095,-0.0
2025-06-21 12:00:00,39327.10193989671,-0.0
2025-06-21 13:00:00,37817.97244784385,-0.0
2025-06-21 14:00:00,38328.654011315106,-0.0
2025-06-21 15:00:00,39367.15539585523,-0.0
2025-06-21 16:00:00,39957.55874185932,-0.0
2025-06-21 17:00:00,38821.61962311238,-0.0
2025-06-21 18:00:00,26316.27595290638,-0.0
2025-06-21 19:00:00,6542.57797907207,19081.37326792783
2025-06-21 20:00:00,72.98201830904999,8944.649608715043
2025-06-21 21:00:00,-0.0,26229.900598
2025-06-21 22:00:00,-0.0,25583.287805
2025-06-21 23:00:00,-0.0,-0.0
2025-06-22 00:00:00,-0.0,23441.798383
2025-06-22 01:00:00,-0.0,-0.0
2025-06-22 02:00:00,-0.0,21520.565077
2025-06-22 03:00:00,-0.0,20822.533861
2025-06-22 04:00:00,-0.0,-0.0
2025-06-22 05:00:00,116.886768109745,-0.0
2025-06-22 06:00:00,8745.710621483286,-0.0
2025-06-22 07:00:00,22166.332441,-0.0
2025-06-22 08:00:00,23678.128588,-0.0
2025-06-22 09:00:00,23636.59553355,-0.0
2025-06-22 10:00:00,29408.05578874627,-0.0
2025-06-22 11:00:00,40704.32461785537,-0.0
2025-06-22 12:00:00,41507.12681925493,-0.0
2025-06-22 13:00:00,39680.650714607575,-0.0
2025-06-22 14:00:00,38516.78971550492,-0.0
2025-06-22 15:00:00,37540.87185589999,-0.0
2025-06-22 16:00:00,39451.8838603829,-0.0
2025-06-22 17:00:00,38729.3811355925,-0.0
2025-06-22 18:00:00,27850.63141962542,-0.0
2025-06-22 19:00:00,7187.47713294281,20363.02974405719
2025-06-22 20:00:00,164.835376444715,27681.919215555285
2025-06-22 21:00:00,45.060137953345,-0.0
2025-06-22 22:00:00,54.110678482435,26144.576778517567
2025-06-22 23:00:00,55.651196019299995,16136.417939029528
2025-06-23 00:00:00,57.576842940385,23315.785175059616
2025-06-23 01:00:00,57.384278248275,-0.0
2025-06-23 02:00:00,56.421454787735,21415.542219212264
2025-06-23 03:00:00,53.725549098215,-0.0
2025-06-23 04:00:00,54.30324317454,-0.0
2025-06-23 05:00:00,188.13570418982,22283.20159181008
2025-06-23 06:00:00,8081.747563093821,-0.0
2025-06-23 07:00:00,25595.9924719999,-0.0
2025-06-23 08:00:00,27767.6440022,-0.0
2025-06-23 09:00:00,28541.4349764,-0.0
2025-06-23 10:00:00,28209.8543723,-0.0
2025-06-23 11:00:00,45109.15280923725,-0.0
2025-06-23 12:00:00,49606.97546340694,-0.0
2025-06-23 13:00:00,49580.40153589598,-0.0
2025-06-23 14:00:00,48705.96526903213,-0.0
2025-06-23 15:00:00,47065.5066569614,-0.0
2025-06-23 16:00:00,44253.677022795804,-0.0
2025-06-23 17:00:00,38928.30046254039,-0.0
2025-06-23 18:00:00,23981.81419047729,5934.760392522712
2025-06-23 19:00:00,5909.81040080415,-0.0
2025-06-23 20:00:00,77.025876843325,29986.912514156676
2025-06-23 21:00:00,-0.0,24756.526092450218
2025-06-23 22:00:00,-0.0,27794.447452
2025-06-23 23:00:00,-0.0,26019.442702
2025-06-24 00:00:00,-0.0,-0.0
2025-06-24 01:00:00,14.634916600230001,-0.0
2025-06-24 02:00:00,-0.0,-0.0
2025-06-24 03:00:00,-0.0,22129.265302
2025-06-24 04:00:00,-0.0,22339.4404799999
2025-06-24 05:00:00,119.967803183475,23118.142653816525
2025-06-24 06:00:00,8253.322703762326,-0.0
2025-06-24 07:00:00,26344.081024,-0.0
2025-06-24 08:00:00,28947.95706329,-0.0
2025-06-24 09:00:00,28851.108399,-0.0
2025-06-24 10:00:00,33622.29730686701,-0.0
2025-06-24 11:00:00,47763.361101161936,-0.0
2025-06-24 12:00:00,47716.56788097961,-0.0
2025-06-24 13:00:00,47375.535811255795,-0.0
2025-06-24 14:00:00,46283.30887761744,-0.0
2025-06-24 15:00:00,44985.61541749951,-0.0
2025-06-24 16:00:00,42006.06193650757,-0.0
2025-06-24 17:00:00,37165.56327098089,-0.0
2025-06-24 18:00:00,24916.715770663155,4602.574211336843
2025-06-24 19:00:00,6439.940998178336,-0.0
2025-06-24 20:00:00,332.36665857894496,29282.124275421058
2025-06-24 21:00:00,113.80573303601,1630.2213542983916
2025-06-24 22:00:00,113.80573303601,27929.79930296399
2025-06-24 23:00:00,106.29571004378501,-0.0
2025-06-25 00:00:00,107.64366288854501,24931.578138111454
2025-06-25 01:00:00,106.680839428005,23994.855558571893
2025-06-25 02:00:00,108.799051041195,22933.671929958804
2025-06-25 03:00:00,109.37674511751999,22414.47746688248
2025-06-25 04:00:00,113.80573303601,-0.0
2025-06-25 05:00:00,218.56092554293497,23057.447519457066
2025-06-25 06:00:00,7851.632756024384,-0.0
2025-06-25 07:00:00,26986.578274,-0.0
2025-06-25 08:00:00,29601.183618,-0.0
2025-06-25 09:00:00,29836.808199,-0.0
2025-06-25 10:00:00,36321.29158549908,-0.0
2025-06-25 11:00:00,48128.84888678352,-0.0
2025-06-25 12:00:00,47679.40289540271,-0.0
2025-06-25 13:00:00,47608.15395932264,-0.0
2025-06-25 14:00:00,46606.6249956673,-0.0
2025-06-25 15:00:00,45894.328199558644,-0.0
2025-06-25 16:00:00,44348.22628662099,-0.0
2025-06-25 17:00:00,39651.188316715,-0.0
2025-06-25 18:00:00,26214.024101396866,5463.462140603133
2025-06-25 19:00:00,6886.1133897933,-0.0
2025-06-25 20:00:00,371.264726384825,31426.090829615172
2025-06-25 21:00:00,62.005830858875,31164.125945141124
2025-06-25 22:00:00,45.060137953345,-0.0
2025-06-25 23:00:00,47.178349566535,12853.797606503427
2025-06-26 00:00:00,50.066819948159996,26004.31843005184
2025-06-26 01:00:00,44.867573261235,24752.668137738765
2025-06-26 02:00:00,40.438585342745,-0.0
2025-06-26 03:00:00,42.94192634015,22936.76476465985
2025-06-26 04:00:00,43.712185108585004,22930.586649891415
2025-06-26 05:00:00,152.31867145767498,-0.0
2025-06-26 06:00:00,8127.963089199815,16644.746640800186
2025-06-26 07:00:00,28347.128499,-0.0
2025-06-26 08:00:00,29663.9039319999,-0.0
2025-06-26 09:00:00,30059.8945169999,-0.0
2025-06-26 10:00:00,38323.76680621047,-0.0
2025-06-26 11:00:00,48434.2564884673,-0.0
2025-06-26 12:00:00,48607.949840748995,-0.0
2025-06-26 13:00:00,48400.55766734834,-0.0
2025-06-26 14:00:00,47499.93260235776,-0.0
2025-06-26 15:00:00,46853.30036625804,-0.0
2025-06-26 16:00:00,44667.305981444464,-0.0
2025-06-26 17:00:00,40235.044463187405,-0.0
2025-06-26 18:00:00,26282.57713178742,6335.394872212579
2025-06-26 19:00:00,6925.5891516755055,25901.72016032449
2025-06-26 20:00:00,217.212972698175,32100.703114301825
2025-06-26 21:00:00,15.98286944499,-0.0
2025-06-26 22:00:00,-0.0,-0.0
2025-06-26 23:00:00,-0.0,27549.37688
2025-06-27 00:00:00,9.628234605415,19656.877770194187
2025-06-27 01:00:00,20.41185736348,-0.0
2025-06-27 02:00:00,-0.0,23592.024485
2025-06-27 03:00:00,-0.0,22941.616129
2025-06-27 04:00:00,-0.0,22951.354625
2025-06-27 05:00:00,65.664560008935,-0.0
2025-06-27 06:00:00,7760.934786041369,16853.43731795863
2025-06-27 07:00:00,27436.835344,-0.0
2025-06-27 08:00:00,30141.0545829999,-0.0
2025-06-27 09:00:00,33261.530071353176,-0.0
2025-06-27 10:00:00,48213.38478661906,-0.0
2025-06-27 11:00:00,49258.625935383,-0.0
2025-06-27 12:00:00,49466.210673475754,-0.0
2025-06-27 13:00:00,48855.01034072396,-0.0
2025-06-27 14:00:00,47876.20401073741,-0.0
2025-06-27 15:00:00,46945.53885377793,-0.0
2025-06-27 16:00:00,43898.39516585597,-0.0
2025-06-27 17:00:00,38481.93550623332,-0.0
2025-06-27 18:00:00,24618.240497895265,9926.649472104731
2025-06-27 19:00:00,6324.01705352913,28025.02709347087
2025-06-27 20:00:00,202.578056097945,-0.0
2025-06-27 21:00:00,-0.0,32586.645109
2025-06-27 22:00:00,9.05054052909,30385.54906147091
2025-06-27 23:00:00,-0.0,28310.620948
2025-06-28 00:00:00,-0.0,26779.1426989999
2025-06-28 01:00:00,-0.0,-0.0
2025-06-28 02:00:00,-0.0,-0.0
2025-06-28 03:00:00,-0.0,22976.2154129999
2025-06-28 04:00:00,-0.0,4407.749116502735
2025-06-28 05:00:00,63.73891308785,22573.35525391215
2025-06-28 06:00:00,8007.995286016336,-0.0
2025-06-28 07:00:00,26267.573165,-0.0
2025-06-28 08:00:00,27854.2882442999,-0.0
2025-06-28 09:00:00,28055.1656879,-0.0
2025-06-28 10:00:00,39523.31995133792,-0.0
2025-06-28 11:00:00,48815.342014149646,-0.0
2025-06-28 12:00:00,48932.42134695151,-0.0
2025-06-28 13:00:00,48672.45901260528,-0.0
2025-06-28 14:00:00,48060.10329170084,-0.0
2025-06-28 15:00:00,46938.0288307857,-0.0
2025-06-28 16:00:00,44535.399167350275,-0.0
2025-06-28 17:00:00,39319.9770462887,-0.0
2025-06-28 18:00:00,26682.148867912176,-0.0
2025-06-28 19:00:00,6711.842343435274,-0.0
2025-06-28 20:00:00,123.433967641425,33497.17814335858
2025-06-28 21:00:00,-0.0,32402.034336
2025-06-28 22:00:00,0.5776940763249414,30288.527473923674
2025-06-28 23:00:00,-0.0,28103.670749
2025-06-29 00:00:00,-0.0,16319.618311269469
2025-06-29 01:00:00,-0.0,-0.0
2025-06-29 02:00:00,-0.0,-0.0
2025-06-29 03:00:00,-0.0,22741.361335
2025-06-29 04:00:00,-0.0,-0.0
2025-06-29 05:00:00,61.813266166765,21816.115841833234
2025-06-29 06:00:00,7587.626563143885,14705.896659856116
2025-06-29 07:00:00,25280.838206,-0.0
2025-06-29 08:00:00,27166.1801963999,-0.0
2025-06-29 09:00:00,27296.899295,-0.0
2025-06-29 10:00:00,29769.18936724725,-0.0
2025-06-29 11:00:00,48705.58013964792,-0.0
2025-06-29 12:00:00,49019.07545840025,-0.0
2025-06-29 13:00:00,48678.23595336853,-0.0
2025-06-29 14:00:00,47844.43083653954,-0.0
2025-06-29 15:00:00,46382.28712936111,-0.0
2025-06-29 16:00:00,44379.229202050425,-0.0
2025-06-29 17:00:00,40838.54220825486,-0.0
2025-06-29 18:00:00,28065.72618071041,6047.619591289589
2025-06-29 19:00:00,7303.7862069762305,26656.26685109377
2025-06-29 20:00:00,98.78568705156,-0.0
2025-06-29 21:00:00,18.87133982661,21588.691988913524
2025-06-29 22:00:00,-0.0,-0.0
2025-06-29 23:00:00,-0.0,27621.634488
2025-06-30 00:00:00,-0.0,-0.0
2025-06-30 01:00:00,-0.0,25206.470767
2025-06-30 02:00:00,-0.0,23950.328831
2025-06-30 03:00:00,-0.0,22996.818217
2025-06-30 04:00:00,-0.0,22803.602241
2025-06-30 05:00:00,45.830396721774996,23419.823712278223
2025-06-30 06:00:00,8415.26960982542,-0.0
2025-06-30 07:00:00,28291.5718762,-0.0
2025-06-30 08:00:00,30291.18315,-0.0
2025-06-30 09:00:00,34785.95173970836,-0.0
2025-06-30 10:00:00,48005.8000485263,-0.0
2025-06-30 11:00:00,48451.00961668073,-0.0
2025-06-30 12:00:00,48524.376764374,-0.0
2025-06-30 13:00:00,48607.949840748995,-0.0
2025-06-30 14:00:00,48328.53847249984,-0.0
2025-06-30 15:00:00,47081.296961714295,-0.0
2025-06-30 16:00:00,45229.40231770864,-0.0
2025-06-30 17:00:00,41396.01699190843,-0.0
2025-06-30 18:00:00,28414.075708734348,-0.0
2025-06-30 19:00:00,7585.700916222805,-0.0
2025-06-30 20:00:00,149.23763638393999,34622.90764126606
2025-06-30 21:00:00,0.962823460541569,33488.92567153946
2025-06-30 22:00:00,16.367998829205,-0.0
2025-06-30 23:00:00,15.98286944499,28765.09879955501
2025-07-01 00:00:00,21.37468082402,25973.64723718414
2025-07-01 01:00:00,22.722633668780002,25378.545117331218
2025-07-01 02:00:00,19.06390451872,24374.60778148128
2025-07-01 03:00:00,18.678775134505,-0.0
2025-07-01 04:00:00,15.405175368665,23641.877057631336
2025-07-01 05:00:00,78.37382968808,-0.0
2025-07-01 06:00:00,7547.958236569575,17694.280712430424
2025-07-01 07:00:00,26012.408868759463,1450.9992012405382
2025-07-01 08:00:00,38127.42390806191,-0.0
2025-07-01 09:00:00,41792.122563575234,-0.0
2025-07-01 10:00:00,43527.323004163256,-0.0
2025-07-01 11:00:00,44123.8884203148,-0.0
2025-07-01 12:00:00,43231.736201776985,-0.0
2025-07-01 13:00:00,42114.28329347244,-0.0
2025-07-01 14:00:00,41818.69649108618,-0.0
2025-07-01 15:00:00,42177.25194779187,-0.0
2025-07-01 16:00:00,41705.46845212649,-0.0
2025-07-01 17:00:00,37047.32855002638,-0.0
2025-07-01 18:00:00,25025.322257012245,-0.0
2025-07-01 19:00:00,6788.290526202274,28226.071628797727
2025-07-01 20:00:00,141.727613391715,135.5484116082842
2025-07-01 21:00:00,28.499574432030002,33358.473250567964
2025-07-01 22:00:00,6.5471995316800005,1604.16474483964
2025-07-01 23:00:00,-0.0,28834.660853
2025-07-02 00:00:00,-0.0,27318.62926
2025-07-02 01:00:00,-0.0,26117.39213
2025-07-02 02:00:00,-0.0,-0.0
2025-07-02 03:00:00,-0.0,24583.833872
2025-07-02 04:00:00,-0.0,24447.233214
2025-07-02 05:00:00,12.709269679144999,24418.854080320856
2025-07-02 06:00:00,5781.9474452442255,19328.231980755772
2025-07-02 07:00:00,22031.133859420075,-0.0
2025-07-02 08:00:00,33981.313522277815,-0.0
2025-07-02 09:00:00,38492.526564299274,-0.0
2025-07-02 10:00:00,39525.058443384056,-0.0
2025-07-02 11:00:00,42133.924892067495,-0.0
2025-07-02 12:00:00,44837.3406045761,-0.0
2025-07-02 13:00:00,44873.15763730825,-0.0
2025-07-02 14:00:00,45248.85135161158,-0.0
2025-07-02 15:00:00,43444.712751248786,-0.0
2025-07-02 16:00:00,40494.81423284152,-0.0
2025-07-02 17:00:00,36808.548331812075,-0.0
2025-07-02 18:00:00,25011.072469796225,9121.617163203777
2025-07-02 19:00:00,6497.1327117345045,27358.62289126549
2025-07-02 20:00:00,101.09646335686,33213.36183964314
2025-07-02 21:00:00,-0.0,32433.3268729999
2025-07-02 22:00:00,-0.0,30582.201268
2025-07-02 23:00:00,-0.0,28522.723883
2025-07-03 00:00:00,-0.0,371.1502233144165
2025-07-03 01:00:00,-0.0,-0.0
2025-07-03 02:00:00,14.82748129234,24587.51427270766
2025-07-03 03:00:00,-0.0,23891.530898
2025-07-03 04:00:00,17.71595167396,-0.0
2025-07-03 05:00:00,26.381362818834997,-0.0
2025-07-03 06:00:00,6767.8786688387945,18640.203985161206
2025-07-03 07:00:00,27343.993714688448,-0.0
2025-07-03 08:00:00,31789.73785999316,-0.0
2025-07-03 09:00:00,43887.6115430979,-0.0
2025-07-03 10:00:00,46368.80760091352,-0.0
2025-07-03 11:00:00,47434.268042348835,-0.0
2025-07-03 12:00:00,46853.87806033437,-0.0
2025-07-03 13:00:00,45933.996526132956,-0.0
2025-07-03 14:00:00,44742.40621136671,-0.0
2025-07-03 15:00:00,42611.48532849611,-0.0
2025-07-03 16:00:00,40353.856878218234,-0.0
2025-07-03 17:00:00,36524.13028156809,-0.0
2025-07-03 18:00:00,24152.811637069473,8527.759168930526
2025-07-03 19:00:00,6085.23683531482,25949.39538068508
2025-07-03 20:00:00,229.53711299311001,31241.551002006887
2025-07-03 21:00:00,-0.0,30788.2826839999
2025-07-03 22:00:00,-0.0,29331.545508
2025-07-03 23:00:00,-0.0,27728.781431
2025-07-04 00:00:00,-0.0,26272.227552
2025-07-04 01:00:00,-0.0,-0.0
2025-07-04 02:00:00,-0.0,358.3803506430486
2025-07-04 03:00:00,-0.0,-0.0
2025-07-04 04:00:00,-0.0,-0.0
2025-07-04 05:00:00,25.033409974079998,-0.0
2025-07-04 06:00:00,7256.03016333337,15833.901331666631
2025-07-04 07:00:00,25626.304876,-0.0
2025-07-04 08:00:00,27397.1819904,-0.0
2025-07-04 09:00:00,27410.4715039,-0.0
2025-07-04 10:00:00,26167.555588,-0.0
2025-07-04 11:00:00,35476.69795307853,-0.0
2025-07-04 12:00:00,49123.25295683084,-0.0
2025-07-04 13:00:00,49167.927965399984,-0.0
2025-07-04 14:00:00,48119.220652178105,-0.0
2025-07-04 15:00:00,46823.64540367337,-0.0
2025-07-04 16:00:00,44580.65186999572,-0.0
2025-07-04 17:00:00,40707.79078231332,-0.0
2025-07-04 18:00:00,27707.55585338895,-0.0
2025-07-04 19:00:00,6791.756690660225,22720.445895339773
2025-07-04 20:00:00,88.57975836982,11869.985709858256
2025-07-04 21:00:00,-0.0,28291.249839
2025-07-04 22:00:00,-0.0,-0.0
2025-07-04 23:00:00,-0.0,26122.57845
2025-07-05 00:00:00,-0.0,-0.0
2025-07-05 01:00:00,-0.0,23712.227195
2025-07-05 02:00:00,-0.0,-0.0
2025-07-05 03:00:00,-0.0,-0.0
2025-07-05 04:00:00,-0.0,21892.585888
2025-07-05 05:00:00,26.766492203054998,21710.507842796942
2025-07-05 06:00:00,7735.131117298854,14604.183731701145
2025-07-05 07:00:00,24275.443883,-0.0
2025-07-05 08:00:00,25769.42073515,-0.0
2025-07-05 09:00:00,25570.315918,-0.0
2025-07-05 10:00:00,25544.458808,-0.0
2025-07-05 11:00:00,34075.19081404223,-0.0
2025-07-05 12:00:00,49654.346377665584,-0.0
2025-07-05 13:00:00,49591.955417422476,-0.0
2025-07-05 14:00:00,49058.166090898245,-0.0
2025-07-05 15:00:00,47941.676006054244,-0.0
2025-07-05 16:00:00,45796.50533596762,-0.0
2025-07-05 17:00:00,38898.067805879386,-0.0
2025-07-05 18:00:00,26469.172318440375,4442.932881559525
2025-07-05 19:00:00,7317.265735423815,-0.0
2025-07-05 20:00:00,85.691287988195,30289.589513011702
2025-07-05 21:00:00,-0.0,29711.8764109999
2025-07-05 22:00:00,-0.0,17652.281523127902
2025-07-05 23:00:00,-0.0,26419.765241
2025-07-06 00:00:00,-0.0,-0.0
2025-07-06 01:00:00,-0.0,23321.113911
2025-07-06 02:00:00,13.094399063365,-0.0
2025-07-06 03:00:00,-0.0,21723.8106459999
2025-07-06 04:00:00,-0.0,21516.731105
2025-07-06 05:00:00,29.46239789257,-0.0
2025-07-06 06:00:00,8066.727517109371,-0.0
2025-07-06 07:00:00,23735.295101,-0.0
2025-07-06 08:00:00,25105.345266,-0.0
2025-07-06 09:00:00,25395.3056799999,-0.0
2025-07-06 10:00:00,25665.406803,-0.0
2025-07-06 11:00:00,35261.801328636866,-0.0
2025-07-06 12:00:00,49255.54490030926,-0.0
2025-07-06 13:00:00,48998.85616572888,-0.0
2025-07-06 14:00:00,48176.990059810596,-0.0
2025-07-06 15:00:00,47007.7372493289,-0.0
2025-07-06 16:00:00,45094.607033232816,-0.0
2025-07-06 17:00:00,40958.89514082256,-0.0
2025-07-06 18:00:00,28649.197197798603,3249.0129469013955
2025-07-06 19:00:00,7544.684636803735,24633.959007696263
2025-07-06 20:00:00,100.711333972645,31375.425438027254
2025-07-06 21:00:00,6.932328915895,-0.0
2025-07-06 22:00:00,-0.0,28691.2755
2025-07-06 23:00:00,-0.0,26695.779595
2025-07-07 00:00:00,-0.0,25237.5794069999
2025-07-07 01:00:00,-0.0,-0.0
2025-07-07 02:00:00,-0.0,-0.0
2025-07-07 03:00:00,-0.0,-0.0
2025-07-07 04:00:00,-0.0,9146.548985701213
2025-07-07 05:00:00,18.293645750285002,23603.765006249716
2025-07-07 06:00:00,7621.710513647061,17488.37206235284
2025-07-07 07:00:00,27843.1122974,-0.0
2025-07-07 08:00:00,30234.7480746,-0.0
2025-07-07 09:00:00,30566.730804,-0.0
2025-07-07 10:00:00,45218.889862546326,-0.0
2025-07-07 11:00:00,49012.14312948435,-0.0
2025-07-07 12:00:00,48992.11640150508,-0.0
2025-07-07 13:00:00,48903.53664313526,-0.0
2025-07-07 14:00:00,47995.401555152464,-0.0
2025-07-07 15:00:00,46488.00514532858,-0.0
2025-07-07 16:00:00,44053.024613618945,-0.0
2025-07-07 17:00:00,39949.27846009867,-0.0
2025-07-07 18:00:00,26458.388695682315,7950.739982317584
2025-07-07 19:00:00,6661.968088179219,-0.0
2025-07-07 20:00:00,57.76940763249,33261.88701856751
2025-07-07 21:00:00,-0.0,32342.761601
2025-07-07 22:00:00,-0.0,30055.104285
2025-07-07 23:00:00,-0.0,-0.0
2025-07-08 00:00:00,-0.0,26550.483596
2025-07-08 01:00:00,-0.0,25304.573332
2025-07-08 02:00:00,-0.0,-0.0
2025-07-08 03:00:00,-0.0,23805.34537
2025-07-08 04:00:00,-0.0,23972.7621159999
2025-07-08 05:00:00,17.330822289745,-0.0
2025-07-08 06:00:00,6985.669335613299,6688.673027534741
2025-07-08 07:00:00,27503.822409138353,824.1406918616485
2025-07-08 08:00:00,30708.61411032,-0.0
2025-07-08 09:00:00,43141.9938018589,-0.0
2025-07-08 10:00:00,46919.5426203433,-0.0
2025-07-08 11:00:00,48091.10620713029,-0.0
2025-07-08 12:00:00,48593.12235945666,-0.0
2025-07-08 13:00:00,47541.14144646894,-0.0
2025-07-08 14:00:00,46883.91815230326,-0.0
2025-07-08 15:00:00,45074.96543463777,-0.0
2025-07-08 16:00:00,42851.03580547885,-0.0
2025-07-08 17:00:00,39183.256114891796,-0.0
2025-07-08 18:00:00,27393.867969944502,-0.0
2025-07-08 19:00:00,7378.50130751426,27835.68787248574
2025-07-08 20:00:00,133.639896323165,34308.339681476835
2025-07-08 21:00:00,-0.0,33529.451553
2025-07-08 22:00:00,-0.0,31299.779278
2025-07-08 23:00:00,-0.0,28935.016007
2025-07-09 00:00:00,32.543432966305,-0.0
2025-07-09 01:00:00,-0.0,21432.628342724296
2025-07-09 02:00:00,-0.0,25038.095309
2025-07-09 03:00:00,-0.0,-0.0
2025-07-09 04:00:00,-0.0,-0.0
2025-07-09 05:00:00,43.519620416475,-0.0
2025-07-09 06:00:00,6966.02773701825,19142.837843981746
2025-07-09 07:00:00,28057.060769565538,-0.0
2025-07-09 08:00:00,31582.1050712,-0.0
2025-07-09 09:00:00,45552.63897549263,-0.0
2025-07-09 10:00:00,47456.9906760176,-0.0
2025-07-09 11:00:00,48317.75484974178,-0.0
2025-07-09 12:00:00,48399.40227919569,-0.0
2025-07-09 13:00:00,47713.10171652166,-0.0
2025-07-09 14:00:00,46800.73020531248,-0.0
2025-07-09 15:00:00,45776.28604329625,-0.0
2025-07-09 16:00:00,43190.719922357915,-0.0
2025-07-09 17:00:00,39933.29559065368,-0.0
2025-07-09 18:00:00,27612.814024871655,9368.356035128341
2025-07-09 19:00:00,7296.661313368225,29484.399912931774
2025-07-09 20:00:00,129.596037788895,35659.37033421111
2025-07-09 21:00:00,-0.0,754.3251390000005
2025-07-09 22:00:00,13.479528447580002,32331.27898455242
2025-07-09 23:00:00,-0.0,5538.428393408281
2025-07-10 00:00:00,8.66541114487,-0.0
2025-07-10 01:00:00,-0.0,26614.650164
2025-07-10 02:00:00,-0.0,-0.0
2025-07-10 03:00:00,-0.0,25071.331374
2025-07-10 04:00:00,11.16875214228,24611.55483985772
2025-07-10 05:00:00,9.82079929752,24701.34018470248
2025-07-10 06:00:00,6902.86651800672,19188.721112993277
2025-07-10 07:00:00,28593.738566471406,-0.0
2025-07-10 08:00:00,41699.88407605535,-0.0
2025-07-10 09:00:00,46144.66229929945,-0.0
2025-07-10 10:00:00,48136.551474467844,-0.0
2025-07-10 11:00:00,49140.00608504427,-0.0
2025-07-10 12:00:00,49350.28672882655,-0.0
2025-07-10 13:00:00,48741.78230176428,-0.0
2025-07-10 14:00:00,47452.369123407,-0.0
2025-07-10 15:00:00,45990.8031103049,-0.0
2025-07-10 16:00:00,43829.4570060812,-0.0
2025-07-10 17:00:00,40130.28927068048,-0.0
2025-07-10 18:00:00,27346.30449099375,12309.073317906248
2025-07-10 19:00:00,7328.6270522582045,31845.057129041794
2025-07-10 20:00:00,122.663708872995,3860.710453127005
2025-07-10 21:00:00,-0.0,32588.17948038491
2025-07-10 22:00:00,-0.0,33840.325644
2025-07-10 23:00:00,-0.0,-0.0
2025-07-11 00:00:00,-0.0,29171.033814
2025-07-11 01:00:00,-0.0,-0.0
2025-07-11 02:00:00,-0.0,25939.102408
2025-07-11 03:00:00,-0.0,25112.536073
2025-07-11 04:00:00,-0.0,24917.614396
2025-07-11 05:00:00,6.5471995316800005,25419.66717846822
2025-07-11 06:00:00,6685.075851232219,-0.0
2025-07-11 07:00:00,28140.056151864217,1471.3065691357842
2025-07-11 08:00:00,41489.795996965186,-0.0
2025-07-11 09:00:00,45212.84175418732,-0.0
2025-07-11 10:00:00,47358.59011835026,-0.0
2025-07-11 11:00:00,48421.932348172355,-0.0
2025-07-11 12:00:00,48640.68583840741,-0.0
2025-07-11 13:00:00,48096.305453817215,-0.0
2025-07-11 14:00:00,46721.20098747174,-0.0
2025-07-11 15:00:00,46421.570326551206,-0.0
2025-07-11 16:00:00,44158.5500648943,-0.0
2025-07-11 17:00:00,40088.50273249298,-0.0
2025-07-11 18:00:00,26329.370351969745,10772.24652006699
2025-07-11 19:00:00,6664.66399386874,30260.88747423126
2025-07-11 20:00:00,77.796135611755,1798.2577253882453
2025-07-11 21:00:00,-0.0,34759.29409
2025-07-11 22:00:00,-0.0,32600.513939
2025-07-11 23:00:00,-0.0,-0.0
2025-07-12 00:00:00,-0.0,28790.052266
2025-07-12 01:00:00,-0.0,26944.330541
2025-07-12 02:00:00,-0.0,-0.0
2025-07-12 03:00:00,-0.0,24717.207809
2025-07-12 04:00:00,-0.0,24344.868791
2025-07-12 05:00:00,5.969505455355,24208.164744544643
2025-07-12 06:00:00,6432.238410494006,-0.0
2025-07-12 07:00:00,26960.684864,-0.0
2025-07-12 08:00:00,29012.5658183,-0.0
2025-07-12 09:00:00,29733.9111795,-0.0
2025-07-12 10:00:00,45234.92392528447,-0.0
2025-07-12 11:00:00,48924.52619457506,-0.0
2025-07-12 12:00:00,48979.02200244172,-0.0
2025-07-12 13:00:00,48212.229398466414,-0.0
2025-07-12 14:00:00,47710.02068144794,-0.0
2025-07-12 15:00:00,46323.9400276523,-0.0
2025-07-12 16:00:00,43907.83083576927,-0.0
2025-07-12 17:00:00,39433.590214632604,-0.0
2025-07-12 18:00:00,26283.347390555857,8124.715691844147
2025-07-12 19:00:00,6662.353217563439,27844.983846036565
2025-07-12 20:00:00,271.32365118061,33244.96796981939
2025-07-12 21:00:00,-0.0,32412.524965
2025-07-12 22:00:00,-0.0,-0.0
2025-07-12 23:00:00,-0.0,28471.884228
2025-07-13 00:00:00,-0.0,27116.3192189999
2025-07-13 01:00:00,-0.0,4603.729055624986
2025-07-13 02:00:00,-0.0,24331.381333
2025-07-13 03:00:00,-0.0,-0.0
2025-07-13 04:00:00,-0.0,23189.364207
2025-07-13 05:00:00,-0.0,-0.0
2025-07-13 06:00:00,5147.639349439441,-0.0
2025-07-13 07:00:00,25246.38652355259,-0.0
2025-07-13 08:00:00,27671.91346977,-0.0
2025-07-13 09:00:00,28334.0485,-0.0
2025-07-13 10:00:00,39723.24489328809,-0.0
2025-07-13 11:00:00,48072.619996687885,-0.0
2025-07-13 12:00:00,48138.66968608104,-0.0
2025-07-13 13:00:00,47779.151405914825,-0.0
2025-07-13 14:00:00,47029.11193015294,-0.0
2025-07-13 15:00:00,45743.16491625362,-0.0
2025-07-13 16:00:00,42615.529187030384,-0.0
2025-07-13 17:00:00,37073.324783461,-0.0
2025-07-13 18:00:00,23740.91576064979,-0.0
2025-07-13 19:00:00,5609.602045807284,28570.865052492616
2025-07-13 20:00:00,67.97533631423,33369.08320408577
2025-07-13 21:00:00,-0.0,-0.0
2025-07-13 22:00:00,44.675008569125,30430.167491430875
2025-07-13 23:00:00,-0.0,-0.0
2025-07-14 00:00:00,-0.0,27007.807092
2025-07-14 01:00:00,-0.0,25425.154014
2025-07-14 02:00:00,-0.0,24446.335556
2025-07-14 03:00:00,-0.0,24137.220705
2025-07-14 04:00:00,-0.0,24117.2427379999
2025-07-14 05:00:00,2.8884703816247064,-0.0
2025-07-14 06:00:00,4191.363088429554,15880.337110333881
2025-07-14 07:00:00,22249.5022202709,6521.5810817290985
2025-07-14 08:00:00,36498.711742209794,-0.0
2025-07-14 09:00:00,42779.78686939878,-0.0
2025-07-14 10:00:00,45656.318240112756,-0.0
2025-07-14 11:00:00,46827.49669751552,-0.0
2025-07-14 12:00:00,47160.82617955502,-0.0
2025-07-14 13:00:00,46690.00550735019,-0.0
2025-07-14 14:00:00,46036.63350702668,-0.0
2025-07-14 15:00:00,44747.41289336153,-0.0
2025-07-14 16:00:00,41867.607922881696,-0.0
2025-07-14 17:00:00,36252.03637161905,4.314240780950058
2025-07-14 18:00:00,22882.269798538815,13877.172296961086
2025-07-14 19:00:00,5497.721959692355,-0.0
2025-07-14 20:00:00,34.8542092716,35187.5089517284
2025-07-14 21:00:00,-0.0,34125.413215
2025-07-14 22:00:00,-0.0,31874.502969
2025-07-14 23:00:00,-0.0,29421.60707
2025-07-15 00:00:00,-0.0,-0.0
2025-07-15 01:00:00,-0.0,26674.428753
2025-07-15 02:00:00,-0.0,25495.139658
2025-07-15 03:00:00,-0.0,25195.5863679999
2025-07-15 04:00:00,12.709269679144999,-0.0
2025-07-15 05:00:00,-0.0,-0.0
2025-07-15 06:00:00,4589.779436401655,21738.971544598244
2025-07-15 07:00:00,23846.056082540927,4656.4332144590735
2025-07-15 08:00:00,34844.07849960202,-0.0
2025-07-15 09:00:00,44320.88210034161,-0.0
2025-07-15 10:00:00,46989.25103888651,-0.0
2025-07-15 11:00:00,48422.89517163292,-0.0
2025-07-15 12:00:00,48629.709650957244,-0.0
2025-07-15 13:00:00,48480.85714395751,-0.0
2025-07-15 14:00:00,47561.74586852453,-0.0
2025-07-15 15:00:00,46057.6230584665,-0.0
2025-07-15 16:00:00,43212.672297258265,-0.0
2025-07-15 17:00:00,37232.38321914247,-0.0
2025-07-15 18:00:00,24178.037611735657,-0.0
2025-07-15 19:00:00,5978.363431194704,28287.152294805295
2025-07-15 20:00:00,69.32328915899,-0.0
2025-07-15 21:00:00,-0.0,-0.0
2025-07-15 22:00:00,-0.0,30752.263129
2025-07-15 23:00:00,-0.0,28610.074953
2025-07-16 00:00:00,-0.0,27221.289963
2025-07-16 01:00:00,-0.0,15046.114987438235
2025-07-16 02:00:00,-0.0,24814.608511
2025-07-16 03:00:00,-0.0,24404.841914
2025-07-16 04:00:00,-0.0,24416.920503
2025-07-16 05:00:00,38.127809037445,-0.0
2025-07-16 06:00:00,4290.1487754811205,21336.91757651888
2025-07-16 07:00:00,23379.8569629467,-0.0
2025-07-16 08:00:00,28489.066305,-0.0
2025-07-16 09:00:00,42448.95814422695,-0.0
2025-07-16 10:00:00,46186.44883748696,-0.0
2025-07-16 11:00:00,46872.17170608466,-0.0
2025-07-16 12:00:00,47071.66872710888,-0.0
2025-07-16 13:00:00,47345.88084867111,-0.0
2025-07-16 14:00:00,46820.75693329174,-0.0
2025-07-16 15:00:00,45948.63144273318,-0.0
2025-07-16 16:00:00,43468.01307899389,-0.0
2025-07-16 17:00:00,38444.3853912722,-0.0
2025-07-16 18:00:00,24843.926317046215,8651.594226153786
2025-07-16 19:00:00,6188.644074976985,-0.0
2025-07-16 20:00:00,67.2050775458,32619.012367454197
2025-07-16 21:00:00,-0.0,-0.0
2025-07-16 22:00:00,-0.0,-0.0
2025-07-16 23:00:00,-0.0,28222.4661619999
2025-07-17 00:00:00,-0.0,26731.295111
2025-07-17 01:00:00,-0.0,25554.220576
2025-07-17 02:00:00,-0.0,-0.0
2025-07-17 03:00:00,-0.0,24314.4842569999
2025-07-17 04:00:00,-0.0,24039.750537
2025-07-17 05:00:00,-0.0,24629.347552
2025-07-17 06:00:00,2864.97748918749,20635.85457972235
2025-07-17 07:00:00,18181.57309948277,8705.73198951723
2025-07-17 08:00:00,31616.619103187717,-0.0
2025-07-17 09:00:00,38964.50262465675,-0.0
2025-07-17 10:00:00,44031.072238718596,-0.0
2025-07-17 11:00:00,45180.87601529734,-0.0
2025-07-17 12:00:00,45129.846371888634,-0.0
2025-07-17 13:00:00,43862.96326250804,-0.0
2025-07-17 14:00:00,42818.49237251255,-0.0
2025-07-17 15:00:00,38726.68522990299,-0.0
2025-07-17 16:00:00,35202.36623493663,-0.0
2025-07-17 17:00:00,30610.276022229664,2337.049031770337
2025-07-17 18:00:00,20213.323165917584,-0.0
2025-07-17 19:00:00,4962.96980970757,28666.19787129243
2025-07-17 20:00:00,41.401408803285,33151.97775019671
2025-07-17 21:00:00,12.324140294929999,32675.063728705067
2025-07-17 22:00:00,-0.0,30707.805051
2025-07-17 23:00:00,-0.0,-0.0
2025-07-18 00:00:00,5.19924668692,27746.62464131308
2025-07-18 01:00:00,-0.0,-0.0
2025-07-18 02:00:00,-0.0,24762.810941
2025-07-18 03:00:00,-0.0,14240.429457173808
2025-07-18 04:00:00,10.97618745017,24236.79481954983
2025-07-18 05:00:00,7.70258768433,24812.27761731567
2025-07-18 06:00:00,4788.698763349545,20766.837620650454
2025-07-18 07:00:00,23748.233218949903,4312.191280050098
2025-07-18 08:00:00,37917.143264279635,-0.0
2025-07-18 09:00:00,42946.35532807247,-0.0
2025-07-18 10:00:00,46094.21034996708,-0.0
2025-07-18 11:00:00,45917.05083322742,-0.0
2025-07-18 12:00:00,45176.63959207096,-0.0
2025-07-18 13:00:00,45895.6761524034,-0.0
2025-07-18 14:00:00,45195.70349658968,-0.0
2025-07-18 15:00:00,44491.10928816536,-0.0
2025-07-18 16:00:00,42489.20674900733,-0.0
2025-07-18 17:00:00,38207.338255286864,-0.0
2025-07-18 18:00:00,24347.30197609887,-0.0
2025-07-18 19:00:00,5416.45965962265,27547.19828637735
2025-07-18 20:00:00,32.928562350520004,-0.0
2025-07-18 21:00:00,-0.0,31912.71022
2025-07-18 22:00:00,-0.0,30391.450228
2025-07-18 23:00:00,10.398493373845,28482.662545626154
2025-07-19 00:00:00,-0.0,-0.0
2025-07-19 01:00:00,-0.0,-0.0
2025-07-19 02:00:00,-0.0,24566.200833
2025-07-19 03:00:00,-0.0,23940.0244849999
2025-07-19 04:00:00,-0.0,23446.380191
2025-07-19 05:00:00,-0.0,8944.986521357403
2025-07-19 06:00:00,4842.03918306355,18885.33853693645
2025-07-19 07:00:00,25724.717218749636,1037.1427822503647
2025-07-19 08:00:00,29568.104401,-0.0
2025-07-19 09:00:00,30519.283309,-0.0
2025-07-19 10:00:00,36666.62168658254,-0.0
2025-07-19 11:00:00,48952.833204314986,-0.0
2025-07-19 12:00:00,48895.2563613746,-0.0
2025-07-19 13:00:00,48347.79494171067,-0.0
2025-07-19 14:00:00,47116.92142975432,-0.0
2025-07-19 15:00:00,45938.81064343566,-0.0
2025-07-19 16:00:00,43262.35398782221,-0.0
2025-07-19 17:00:00,38263.7597100746,-0.0
2025-07-19 18:00:00,24944.05995694253,6848.885408057471
2025-07-19 19:00:00,5750.366835738465,10131.161618278316
2025-07-19 20:00:00,29.847527276785,31248.837430723113
2025-07-19 21:00:00,4.4289879184912175,-0.0
2025-07-19 22:00:00,-0.0,28979.002668
2025-07-19 23:00:00,-0.0,27241.581679
2025-07-20 00:00:00,10.398493373845,26003.647377626152
2025-07-20 01:00:00,10.20592868174,-0.0
2025-07-20 02:00:00,6.932328915895,23742.587631084003
2025-07-20 03:00:00,1.54051753686651,23074.722444463136
2025-07-20 04:00:00,-0.0,-0.0
2025-07-20 05:00:00,-0.0,-0.0
2025-07-20 06:00:00,5081.011965969965,17326.522530030037
2025-07-20 07:00:00,24838.851869,-0.0
2025-07-20 08:00:00,27112.9808926,-0.0
2025-07-20 09:00:00,28306.0583888,-0.0
2025-07-20 10:00:00,31170.13264357087,-0.0
2025-07-20 11:00:00,47387.85995155072,-0.0
2025-07-20 12:00:00,48049.8973630191,-0.0
2025-07-20 13:00:00,47836.92081354731,-0.0
2025-07-20 14:00:00,46559.63921079287,-0.0
2025-07-20 15:00:00,44832.719051965505,-0.0
2025-07-20 16:00:00,43243.48264799559,-0.0
2025-07-20 17:00:00,36888.270114344916,-0.0
2025-07-20 18:00:00,24749.95474729735,6098.487966702651
2025-07-20 19:00:00,5697.2189807165705,8409.822902900534
2025-07-20 20:00:00,25.80366874251,30629.78425525749
2025-07-20 21:00:00,-0.0,29947.502637
2025-07-20 22:00:00,-0.0,-0.0
2025-07-20 23:00:00,-0.0,26336.012778
2025-07-21 00:00:00,-0.0,-0.0
2025-07-21 01:00:00,-0.0,23976.697807
2025-07-21 02:00:00,-0.0,-0.0
2025-07-21 03:00:00,-0.0,-0.0
2025-07-21 04:00:00,1.733082228974824,22804.204776770926
2025-07-21 05:00:00,-0.0,24041.388443
2025-07-21 06:00:00,5089.48481242273,19988.999528577267
2025-07-21 07:00:00,26557.944641502312,1265.8387654976868
2025-07-21 08:00:00,30223.104926,-0.0
2025-07-21 09:00:00,31298.0344824,-0.0
2025-07-21 10:00:00,42800.33212020168,-0.0
2025-07-21 11:00:00,48908.15819574586,-0.0
2025-07-21 12:00:00,48779.139852033295,-0.0
2025-07-21 13:00:00,48332.00463695778,-0.0
2025-07-21 14:00:00,47429.261360354016,-0.0
2025-07-21 15:00:00,46994.25772088134,-0.0
2025-07-21 16:00:00,44679.82268643151,-0.0
2025-07-21 17:00:00,39646.5667641044,-0.0
2025-07-21 18:00:00,26451.071237382203,5008.271657117697
2025-07-21 19:00:00,5907.692189190955,-0.0
2025-07-21 20:00:00,22.915198360885,31186.297366639115
2025-07-21 21:00:00,17.71595167396,-0.0
2025-07-21 22:00:00,-0.0,15372.092583088976
2025-07-21 23:00:00,-0.0,27124.11236
2025-07-22 00:00:00,-0.0,-0.0
2025-07-22 01:00:00,-0.0,24811.245052
2025-07-22 02:00:00,6.35463483957,23743.29182416043
2025-07-22 03:00:00,-0.0,23291.764634
2025-07-22 04:00:00,-0.0,23462.010775
2025-07-22 05:00:00,-0.0,24263.055086
2025-07-22 06:00:00,5154.379113663235,-0.0
2025-07-22 07:00:00,26842.74782113051,970.1592358693888
2025-07-22 08:00:00,30089.030052,-0.0
2025-07-22 09:00:00,30528.0014467,-0.0
2025-07-22 10:00:00,39390.85267126877,-0.0
2025-07-22 11:00:00,48280.39729947276,-0.0
2025-07-22 12:00:00,49271.72033444636,-0.0
2025-07-22 13:00:00,48647.23303793909,-0.0
2025-07-22 14:00:00,48242.46205512742,-0.0
2025-07-22 15:00:00,45934.189090825064,-0.0
2025-07-22 16:00:00,44769.557832953986,-0.0
2025-07-22 17:00:00,41502.69783133644,-0.0
2025-07-22 18:00:00,27511.139867438465,3273.8756175615345
2025-07-22 19:00:00,6375.62439101416,-0.0
2025-07-22 20:00:00,159.251000373575,-0.0
2025-07-22 21:00:00,-0.0,-0.0
2025-07-22 22:00:00,-0.0,28862.123236
2025-07-22 23:00:00,-0.0,26906.111233
2025-07-23 00:00:00,-0.0,19176.03995022938
2025-07-23 01:00:00,-0.0,24503.223291
2025-07-23 02:00:00,-0.0,23745.302573
2025-07-23 03:00:00,-0.0,23347.3537039999
2025-07-23 04:00:00,-0.0,23450.949641
2025-07-23 05:00:00,-0.0,-0.0
2025-07-23 06:00:00,5530.65052204288,19936.855920957118
2025-07-23 07:00:00,28030.679406746694,65.57350825320464
2025-07-23 08:00:00,30898.579013,-0.0
2025-07-23 09:00:00,30174.77045089,-0.0
2025-07-23 10:00:00,36088.59569439556,-0.0
2025-07-23 11:00:00,49573.46920698008,-0.0
2025-07-23 12:00:00,49637.978378836364,-0.0
2025-07-23 13:00:00,48706.73552780056,-0.0
2025-07-23 14:00:00,47034.31117683986,-0.0
2025-07-23 15:00:00,46569.6525747825,-0.0
2025-07-23 16:00:00,45304.69511232298,-0.0
2025-07-23 17:00:00,42284.12535191198,-0.0
2025-07-23 18:00:00,28175.680619904255,4003.048717095746
2025-07-23 19:00:00,6143.58393702364,-0.0
2025-07-23 20:00:00,67.78277162212501,31543.226675377773
2025-07-23 21:00:00,7.317458300115001,-0.0
2025-07-23 22:00:00,21.56724551613,-0.0
2025-07-23 23:00:00,23.107763052995,22013.46065268421
2025-07-24 00:00:00,25.418539358295,26030.305578641703
2025-07-24 01:00:00,41.97910287961,24748.37308012039
2025-07-24 02:00:00,23.300327745105,23890.163442254892
2025-07-24 03:00:00,31.388044813655,23360.434699186346
2025-07-24 04:00:00,27.344186279379997,23314.266452720618
2025-07-24 05:00:00,35.624468040035005,-0.0
2025-07-24 06:00:00,5470.18520872087,19814.34056027913
2025-07-24 07:00:00,27673.780235,-0.0
2025-07-24 08:00:00,30224.938166,-0.0
2025-07-24 09:00:00,31102.137742,-0.0
2025-07-24 10:00:00,44648.12180807797,-0.0
2025-07-24 11:00:00,49721.74401990348,-0.0
2025-07-24 12:00:00,49910.45741816964,-0.0
2025-07-24 13:00:00,49074.14896034322,-0.0
2025-07-24 14:00:00,47823.441285099725,-0.0
2025-07-24 15:00:00,46550.396105571665,-0.0
2025-07-24 16:00:00,42417.187554158816,-0.0
2025-07-24 17:00:00,38869.37566675525,-0.0
2025-07-24 18:00:00,27809.422575514243,-0.0
2025-07-24 19:00:00,5974.512137352541,26183.94579464736
2025-07-24 20:00:00,24.070586513534998,-0.0
2025-07-24 21:00:00,-0.0,-0.0
2025-07-24 22:00:00,-0.0,4360.11618358934
2025-07-24 23:00:00,-0.0,27349.15847
2025-07-25 00:00:00,-0.0,26214.800256
2025-07-25 01:00:00,11.939010910715,24821.748093089183
2025-07-25 02:00:00,-0.0,-0.0
2025-07-25 03:00:00,-0.0,23241.526329
2025-07-25 04:00:00,10.398493373845,23340.871309626153
2025-07-25 05:00:00,-0.0,23948.239465
2025-07-25 06:00:00,4686.061782455815,20410.419289544185
2025-07-25 07:00:00,25853.92812715432,1867.2712588456816
2025-07-25 08:00:00,29889.141108,-0.0
2025-07-25 09:00:00,30235.6821959999,-0.0
2025-07-25 10:00:00,37990.98444652335,-0.0
2025-07-25 11:00:00,47541.91170523737,-0.0
2025-07-25 12:00:00,48784.1465340281,-0.0
2025-07-25 13:00:00,48118.450393409665,-0.0
2025-07-25 14:00:00,46359.37193100022,-0.0
2025-07-25 15:00:00,45892.20998794545,-0.0
2025-07-25 16:00:00,44078.82828236146,-0.0
2025-07-25 17:00:00,41260.45144866418,-0.0
2025-07-25 18:00:00,26947.695578329538,-0.0
2025-07-25 19:00:00,5417.6150477753,-0.0
2025-07-25 20:00:00,20.21929267137,18123.844438161657
2025-07-25 21:00:00,-0.0,-0.0
2025-07-25 22:00:00,-0.0,28087.22421
2025-07-25 23:00:00,-0.0,26426.799328
2025-07-26 00:00:00,-0.0,25438.097947
2025-07-26 01:00:00,12.709269679144999,-0.0
2025-07-26 02:00:00,3.08103507373302,23154.786079926267
2025-07-26 03:00:00,-0.0,22729.246772
2025-07-26 04:00:00,-0.0,-0.0
2025-07-26 05:00:00,-0.0,22654.254046
2025-07-26 06:00:00,4805.259326870861,17856.78481712914
2025-07-26 07:00:00,24597.1107,-0.0
2025-07-26 08:00:00,26431.3329513,-0.0
2025-07-26 09:00:00,26022.5398089999,-0.0
2025-07-26 10:00:00,26363.6021,-0.0
2025-07-26 11:00:00,40883.329564343,-0.0
2025-07-26 12:00:00,46564.838457479804,-0.0
2025-07-26 13:00:00,46897.01255136664,-0.0
2025-07-26 14:00:00,46959.59607630184,-0.0
2025-07-26 15:00:00,46117.12554832796,-0.0
2025-07-26 16:00:00,43515.96168732886,-0.0
2025-07-26 17:00:00,38084.48198172176,-0.0
2025-07-26 18:00:00,23284.344875660976,-0.0
2025-07-26 19:00:00,4929.078423896505,23464.225347103493
2025-07-26 20:00:00,15.212610676555,28380.351764323346
2025-07-26 21:00:00,-0.0,28075.572935
2025-07-26 22:00:00,-0.0,-0.0
2025-07-26 23:00:00,-0.0,-0.0
2025-07-27 00:00:00,-0.0,-0.0
2025-07-27 01:00:00,-0.0,23085.8404989999
2025-07-27 02:00:00,-0.0,-0.0
2025-07-27 03:00:00,-0.0,9088.129970955932
2025-07-27 04:00:00,-0.0,21442.675194
2025-07-27 05:00:00,-0.0,21433.816208
2025-07-27 06:00:00,4721.301121111635,16557.306058888364
2025-07-27 07:00:00,23340.1734021,-0.0
2025-07-27 08:00:00,25498.3929845,-0.0
2025-07-27 09:00:00,24396.113824,-0.0
2025-07-27 10:00:00,25278.625758,-0.0
2025-07-27 11:00:00,27641.578619108248,-0.0
2025-07-27 12:00:00,49118.43883952814,-0.0
2025-07-27 13:00:00,48897.182008295684,-0.0
2025-07-27 14:00:00,48036.41783457152,-0.0
2025-07-27 15:00:00,46314.69692243109,-0.0
2025-07-27 16:00:00,44583.347775685244,-0.0
2025-07-27 17:00:00,40694.69638324995,-0.0
2025-07-27 18:00:00,27103.672978937277,-0.0
2025-07-27 19:00:00,5461.7123622681,24224.4551687319
2025-07-27 20:00:00,17.330822289745,29495.481764710254
2025-07-27 21:00:00,-0.0,28962.996623
2025-07-27 22:00:00,-0.0,-0.0
2025-07-27 23:00:00,-0.0,25726.454481
2025-07-28 00:00:00,-0.0,24648.980338
2025-07-28 01:00:00,-0.0,23375.045686
2025-07-28 02:00:00,-0.0,3046.500633892738
2025-07-28 03:00:00,-0.0,-0.0
2025-07-28 04:00:00,-0.0,22702.772497
2025-07-28 05:00:00,-0.0,-0.0
2025-07-28 06:00:00,4834.1440306871045,-0.0
2025-07-28 07:00:00,26674.83140961206,836.0235583879403
2025-07-28 08:00:00,29530.6222614,-0.0
2025-07-28 09:00:00,29615.763307,-0.0
2025-07-28 10:00:00,42026.08333534862,-0.0
2025-07-28 11:00:00,49081.85154802756,-0.0
2025-07-28 12:00:00,48714.630680177004,-0.0
2025-07-28 13:00:00,49104.76674638844,-0.0
2025-07-28 14:00:00,48478.93149703643,-0.0
2025-07-28 15:00:00,46097.67651442502,-0.0
2025-07-28 16:00:00,44059.18668376641,-0.0
2025-07-28 17:00:00,41374.257181700195,-0.0
2025-07-28 18:00:00,26963.293318390315,6827.055064609682
2025-07-28 19:00:00,6123.36464435227,27657.582622647733
2025-07-28 20:00:00,76.25561807489,-0.0
2025-07-28 21:00:00,-0.0,-0.0
2025-07-28 22:00:00,-0.0,30059.33259
2025-07-28 23:00:00,-0.0,27893.8210589999
2025-07-29 00:00:00,-0.0,-0.0
2025-07-29 01:00:00,-0.0,25022.83544
2025-07-29 02:00:00,-0.0,20285.00131031488
2025-07-29 03:00:00,-0.0,23648.280712
2025-07-29 04:00:00,-0.0,23690.425848
2025-07-29 05:00:00,-0.0,24398.758317
2025-07-29 06:00:00,4550.111109827345,-0.0
2025-07-29 07:00:00,26527.519420149198,1722.001009750802
2025-07-29 08:00:00,30797.0952634,-0.0
2025-07-29 09:00:00,33640.54538299766,-0.0
2025-07-29 10:00:00,48659.94230761824,-0.0
2025-07-29 11:00:00,49380.32682079544,-0.0
2025-07-29 12:00:00,49812.2494251944,-0.0
2025-07-29 13:00:00,49336.22950630264,-0.0
2025-07-29 14:00:00,48378.605292448,-0.0
2025-07-29 15:00:00,47087.84416124598,-0.0
2025-07-29 16:00:00,45442.378867180436,-0.0
2025-07-29 17:00:00,41030.529206286854,-0.0
2025-07-29 18:00:00,26166.653187138218,8641.628740861779
2025-07-29 19:00:00,5030.752581329695,29106.858037670303
2025-07-29 20:00:00,5.39181137903,-0.0
2025-07-29 21:00:00,-0.0,-0.0
2025-07-29 22:00:00,-0.0,30677.373391
2025-07-29 23:00:00,-0.0,28455.84117
2025-07-30 00:00:00,-0.0,26871.943543
2025-07-30 01:00:00,-0.0,25495.570275
2025-07-30 02:00:00,-0.0,-0.0
2025-07-30 03:00:00,7.317458300115001,23930.603512699883
2025-07-30 04:00:00,-0.0,19153.252006398325
2025-07-30 05:00:00,-0.0,24234.113798
2025-07-30 06:00:00,4337.5196897397645,-0.0
2025-07-30 07:00:00,26064.78646501292,1805.3503439870801
2025-07-30 08:00:00,30802.2568544,-0.0
2025-07-30 09:00:00,31889.939070552184,-0.0
2025-07-30 10:00:00,48887.93890307449,-0.0
2025-07-30 11:00:00,49870.78909159532,-0.0
2025-07-30 12:00:00,50000.0,-0.0
2025-07-30 13:00:00,49740.422795038,-0.0
2025-07-30 14:00:00,48682.472376594924,-0.0
2025-07-30 15:00:00,47888.72071572444,-0.0
2025-07-30 16:00:00,45516.70883833424,-0.0
2025-07-30 17:00:00,41572.98394395598,-0.0
2025-07-30 18:00:00,26028.584302896557,8945.499366103442
2025-07-30 19:00:00,5036.91465147716,-0.0
2025-07-30 20:00:00,46.79322018232,33716.56636681768
2025-07-30 21:00:00,12.324140294929999,20296.719722445032
2025-07-30 22:00:00,-0.0,30569.191809
2025-07-30 23:00:00,-0.0,28345.974762
2025-07-31 00:00:00,-0.0,-0.0
2025-07-31 01:00:00,2.695905689516393,25573.98814231048
2025-07-31 02:00:00,19.25646921083,24375.679445789166
2025-07-31 03:00:00,-0.0,23709.231247
2025-07-31 04:00:00,-0.0,-0.0
2025-07-31 05:00:00,-0.0,-0.0
2025-07-31 06:00:00,4109.137964899305,20617.510073100693
2025-07-31 07:00:00,25499.801658367127,1864.2199046328715
2025-07-31 08:00:00,30517.2017131,-0.0
2025-07-31 09:00:00,34038.253872524736,-0.0
2025-07-31 10:00:00,48425.398512630316,-0.0
2025-07-31 11:00:00,49212.21784458489,-0.0
2025-07-31 12:00:00,49321.01689562609,-0.0
2025-07-31 13:00:00,49081.27385395124,-0.0
2025-07-31 14:00:00,48641.648661867956,-0.0
2025-07-31 15:00:00,47539.79349362418,-0.0
2025-07-31 16:00:00,45262.90857413548,-0.0
2025-07-31 17:00:00,41204.800252644876,-0.0
2025-07-31 18:00:00,25607.252756563565,-0.0
2025-07-31 19:00:00,4917.524542370004,-0.0
2025-07-31 20:00:00,331.01870573419,61.607241265810444
2025-07-31 21:00:00,260.15489903833003,33046.36958396167
2025-07-31 22:00:00,-0.0,30948.874369
2025-07-31 23:00:00,-0.0,13939.867552683465
2025-08-01 00:00:00,-0.0,-0.0
2025-08-01 01:00:00,8.472846452765,25965.406115547234
2025-08-01 02:00:00,-0.0,24626.479814
2025-08-01 03:00:00,-0.0,24084.47137
2025-08-01 04:00:00,-0.0,23774.4900309999
2025-08-01 05:00:00,-0.0,24547.071206
2025-08-01 06:00:00,3944.4951531466954,21621.021432853206
2025-08-01 07:00:00,25564.118265531306,1974.6229844686932
2025-08-01 08:00:00,30535.5987382,-0.0
2025-08-01 09:00:00,31517.7039300999,-0.0
2025-08-01 10:00:00,48263.98447844883,-0.0
2025-08-01 11:00:00,49632.77913214944,-0.0
2025-08-01 12:00:00,49816.10071903656,-0.0
2025-08-01 13:00:00,49577.12793613014,-0.0
2025-08-01 14:00:00,48770.0893115042,-0.0
2025-08-01 15:00:00,48238.99589066948,-0.0
2025-08-01 16:00:00,45853.69704952379,-0.0
2025-08-01 17:00:00,41300.89003400692,-0.0
2025-08-01 18:00:00,25151.06700095897,9538.02795804093
2025-08-01 19:00:00,4437.653329636089,29594.340282363908
2025-08-01 20:00:00,-0.0,-0.0
2025-08-01 21:00:00,-0.0,32429.640629
2025-08-01 22:00:00,-0.0,30492.654365
2025-08-01 23:00:00,-0.0,28449.5399469999
2025-08-02 00:00:00,-0.0,-0.0
2025-08-02 01:00:00,-0.0,25485.381082
2025-08-02 02:00:00,-0.0,-0.0
2025-08-02 03:00:00,-0.0,23578.997431
2025-08-02 04:00:00,-0.0,23233.943459
2025-08-02 05:00:00,-0.0,15243.707730127673
2025-08-02 06:00:00,3461.928034723265,-0.0
2025-08-02 07:00:00,23108.533311766085,-0.0
2025-08-02 08:00:00,28488.0721783,-0.0
2025-08-02 09:00:00,28497.4524684,-0.0
2025-08-02 10:00:00,29924.06979597367,-0.0
2025-08-02 11:00:00,48683.05007067124,-0.0
2025-08-02 12:00:00,49189.110081531886,-0.0
2025-08-02 13:00:00,49195.46471637146,-0.0
2025-08-02 14:00:00,48693.641128737196,-0.0
2025-08-02 15:00:00,47622.40374653865,-0.0
2025-08-02 16:00:00,46005.24546221303,-0.0
2025-08-02 17:00:00,41410.07421443234,-0.0
2025-08-02 18:00:00,24996.437553195992,-0.0
2025-08-02 19:00:00,4212.930333945686,28558.77331805431
2025-08-02 20:00:00,5.969505455355,-0.0
2025-08-02 21:00:00,8.087717068545,31365.609682931456
2025-08-02 22:00:00,-0.0,-0.0
2025-08-02 23:00:00,-0.0,27337.928076
2025-08-03 00:00:00,-0.0,25969.945901
2025-08-03 01:00:00,-0.0,24660.173668
2025-08-03 02:00:00,-0.0,23554.8486549999
2025-08-03 03:00:00,-0.0,327.7567160818253
2025-08-03 04:00:00,-0.0,-0.0
2025-08-03 05:00:00,-0.0,22126.494159
2025-08-03 06:00:00,3362.75721828748,18679.166520712522
2025-08-03 07:00:00,23737.642160883952,-0.0
2025-08-03 08:00:00,27772.4052227,-0.0
2025-08-03 09:00:00,27370.257386,-0.0
2025-08-03 10:00:00,28400.119738223744,-0.0
2025-08-03 11:00:00,47817.66434433648,-0.0
2025-08-03 12:00:00,47715.79762221118,-0.0
2025-08-03 13:00:00,46986.747697889106,-0.0
2025-08-03 14:00:00,45645.34205266259,-0.0
2025-08-03 15:00:00,46651.10743954432,-0.0
2025-08-03 16:00:00,45039.34096659773,-0.0
2025-08-03 17:00:00,39156.10449330453,-0.0
2025-08-03 18:00:00,22676.033013290813,-0.0
2025-08-03 19:00:00,3626.76341116798,29110.71212483202
2025-08-03 20:00:00,0.962823460541569,32215.83902453946
2025-08-03 21:00:00,26.959056895160003,31101.89767310484
2025-08-03 22:00:00,2.5033409974080794,-0.0
2025-08-03 23:00:00,-0.0,-0.0
2025-08-04 00:00:00,-0.0,25691.714464
2025-08-04 01:00:00,-0.0,24477.962457
2025-08-04 02:00:00,-0.0,-0.0
2025-08-04 03:00:00,-0.0,23446.142085
2025-08-04 04:00:00,-0.0,-0.0
2025-08-04 05:00:00,-0.0,23661.441624
2025-08-04 06:00:00,3494.27890299746,21452.62956900254
2025-08-04 07:00:00,22006.870708214425,3478.348061514469
2025-08-04 08:00:00,39177.47917412855,-0.0
2025-08-04 09:00:00,44579.303917150966,-0.0
2025-08-04 10:00:00,46854.07062502648,-0.0
2025-08-04 11:00:00,48100.7344417357,-0.0
2025-08-04 12:00:00,48031.2185878846,-0.0
2025-08-04 13:00:00,47487.223332678615,-0.0
2025-08-04 14:00:00,43790.94406765953,-0.0
2025-08-04 15:00:00,41597.632224545836,-0.0
2025-08-04 16:00:00,37993.01375297031,-0.0
2025-08-04 17:00:00,33587.13359753209,629.4375214679094
2025-08-04 18:00:00,18760.42256396036,16111.137420039639
2025-08-04 19:00:00,3271.096424843925,30778.989270156075
2025-08-04 20:00:00,-0.0,-0.0
2025-08-04 21:00:00,-0.0,-0.0
2025-08-04 22:00:00,-0.0,30480.973184
2025-08-04 23:00:00,-0.0,14453.81071507928
2025-08-05 00:00:00,-0.0,26612.204886
2025-08-05 01:00:00,-0.0,-0.0
2025-08-05 02:00:00,5.776940763245,24283.969215236655
2025-08-05 03:00:00,-0.0,23837.7397409999
2025-08-05 04:00:00,-0.0,23656.0992229999
2025-08-05 05:00:00,1.1553881526498826,24262.910091847352
2025-08-05 06:00:00,2830.70097399221,22458.02666800769
2025-08-05 07:00:00,20279.37285531074,7270.15585268916
2025-08-05 08:00:00,33086.61276691905,-0.0
2025-08-05 09:00:00,43780.16044490146,-0.0
2025-08-05 10:00:00,46453.53606544118,-0.0
2025-08-05 11:00:00,47790.5127227492,-0.0
2025-08-05 12:00:00,48332.1972016499,-0.0
2025-08-05 13:00:00,47931.08494798828,-0.0
2025-08-05 14:00:00,47653.7917913523,-0.0
2025-08-05 15:00:00,47118.654511983295,-0.0
2025-08-05 16:00:00,44687.91040350006,-0.0
2025-08-05 17:00:00,39071.18346408476,-0.0
2025-08-05 18:00:00,22914.235537428794,12755.059618771207
2025-08-05 19:00:00,3529.5182416532803,31410.95614264662
2025-08-05 20:00:00,-0.0,34420.697447
2025-08-05 21:00:00,-0.0,33412.3093929999
2025-08-05 22:00:00,-0.0,-0.0
2025-08-05 23:00:00,-0.0,1500.6714448885468
2025-08-06 00:00:00,-0.0,27307.709872
2025-08-06 01:00:00,-0.0,-0.0
2025-08-06 02:00:00,-0.0,24898.427452
2025-08-06 03:00:00,-0.0,24852.852175
2025-08-06 04:00:00,-0.0,24647.651867
2025-08-06 05:00:00,-0.0,25033.386223
2025-08-06 06:00:00,2991.6850565947598,23072.34523940524
2025-08-06 07:00:00,21988.38449777203,6819.450980227972
2025-08-06 08:00:00,37494.27120040978,-0.0
2025-08-06 09:00:00,43417.56112966152,-0.0
2025-08-06 10:00:00,44778.608373483075,-0.0
2025-08-06 11:00:00,47382.46814017169,-0.0
2025-08-06 12:00:00,46935.5254897883,-0.0
2025-08-06 13:00:00,47128.28274658872,-0.0
2025-08-06 14:00:00,46369.19273029774,-0.0
2025-08-06 15:00:00,45693.09809630546,-0.0
2025-08-06 16:00:00,41980.06570307294,-0.0
2025-08-06 17:00:00,35451.35238183268,3674.96150646732
2025-08-06 18:00:00,20238.164011199562,-0.0
2025-08-06 19:00:00,2676.84178499767,2102.0818443023295
2025-08-06 20:00:00,-0.0,3764.468541000002
2025-08-06 21:00:00,-0.0,36261.6398339999
2025-08-06 22:00:00,-0.0,33776.115435
2025-08-06 23:00:00,-0.0,31206.763183
2025-08-07 00:00:00,-0.0,29080.735703
2025-08-07 01:00:00,-0.0,27583.658487
2025-08-07 02:00:00,-0.0,26322.905745
2025-08-07 03:00:00,-0.0,25941.444486
2025-08-07 04:00:00,-0.0,25498.740079
2025-08-07 05:00:00,-0.0,25908.793696
2025-08-07 06:00:00,2680.693078839835,24228.006793160166
2025-08-07 07:00:00,20085.07508097345,9260.15625902655
2025-08-07 08:00:00,39004.17095123106,-0.0
2025-08-07 09:00:00,44742.59877605881,-0.0
2025-08-07 10:00:00,46975.57894574682,-0.0
2025-08-07 11:00:00,48091.87646589872,-0.0
2025-08-07 12:00:00,48294.26195730455,-0.0
2025-08-07 13:00:00,47013.32162540005,-0.0
2025-08-07 14:00:00,46173.16187373148,-0.0
2025-08-07 15:00:00,45364.77529626078,-0.0
2025-08-07 16:00:00,41506.54912517861,-0.0
2025-08-07 17:00:00,34176.574120075646,6679.201462924357
2025-08-07 18:00:00,18745.017388591696,22545.940926408206
2025-08-07 19:00:00,2830.5084093001,37083.7261266998
2025-08-07 20:00:00,-0.0,38675.485875
2025-08-07 21:00:00,-0.0,37014.2800129999
2025-08-07 22:00:00,-0.0,34357.0234119999
2025-08-07 23:00:00,-0.0,31690.538059
2025-08-08 00:00:00,-0.0,29454.608426
2025-08-08 01:00:00,-0.0,-0.0
2025-08-08 02:00:00,-0.0,26757.644139
2025-08-08 03:00:00,-0.0,26127.969138
2025-08-08 04:00:00,-0.0,25687.177784
2025-08-08 05:00:00,-0.0,-0.0
2025-08-08 06:00:00,2368.35314824015,24789.23418775975
2025-08-08 07:00:00,20082.764304668148,-0.0
2025-08-08 08:00:00,38439.37870927738,-0.0
2025-08-08 09:00:00,45045.888166129414,-0.0
2025-08-08 10:00:00,47249.79106730906,-0.0
2025-08-08 11:00:00,48102.660088656776,-0.0
2025-08-08 12:00:00,48146.9499678417,-0.0
2025-08-08 13:00:00,47553.27302207177,-0.0
2025-08-08 14:00:00,46112.69656040947,-0.0
2025-08-08 15:00:00,45354.95449696325,-0.0
2025-08-08 16:00:00,42841.600135565546,-0.0
2025-08-08 17:00:00,36606.93309917467,-0.0
2025-08-08 18:00:00,19496.404817198334,21179.240234801666
2025-08-08 19:00:00,2879.034711711395,36466.31884128861
2025-08-08 20:00:00,-0.0,38067.322486
2025-08-08 21:00:00,-0.0,36541.377275
2025-08-08 22:00:00,2.1182116131914515,34277.95862638681
2025-08-08 23:00:00,-0.0,31569.846057
2025-08-09 00:00:00,11.361316834390001,-0.0
2025-08-09 01:00:00,-0.0,-0.0
2025-08-09 02:00:00,-0.0,26358.817431
2025-08-09 03:00:00,-0.0,25452.282982
2025-08-09 04:00:00,-0.0,24790.037867
2025-08-09 05:00:00,10.783622758065,-0.0
2025-08-09 06:00:00,2034.0608427401148,-0.0
2025-08-09 07:00:00,19387.798330849244,8050.107063150757
2025-08-09 08:00:00,36831.463530172965,-0.0
2025-08-09 09:00:00,43620.331750451565,-0.0
2025-08-09 10:00:00,46141.00357014939,-0.0
2025-08-09 11:00:00,47207.81196442945,-0.0
2025-08-09 12:00:00,47756.62133693815,-0.0
2025-08-09 13:00:00,46693.85680119236,-0.0
2025-08-09 14:00:00,45882.96688272424,-0.0
2025-08-09 15:00:00,43898.01003647175,-0.0
2025-08-09 16:00:00,41130.08515210685,-0.0
2025-08-09 17:00:00,34780.071865143094,2100.609338856906
2025-08-09 18:00:00,17942.022622500026,19658.10883649997
2025-08-09 19:00:00,2294.21574177845,25284.074474781275
2025-08-09 20:00:00,-0.0,35606.407553
2025-08-09 21:00:00,-0.0,34023.683469
2025-08-09 22:00:00,-0.0,-0.0
2025-08-09 23:00:00,-0.0,29830.817121
2025-08-10 00:00:00,-0.0,28093.690374
2025-08-10 01:00:00,17.71595167396,26466.36060332604
2025-08-10 02:00:00,-0.0,25250.7218279999
2025-08-10 03:00:00,-0.0,-0.0
2025-08-10 04:00:00,-0.0,23758.260125
2025-08-10 05:00:00,-0.0,-0.0
2025-08-10 06:00:00,1881.93473597455,21504.318717025348
2025-08-10 07:00:00,18103.96952856312,7161.28973643688
2025-08-10 08:00:00,34906.20173847404,-0.0
2025-08-10 09:00:00,42704.10894540021,-0.0
2025-08-10 10:00:00,45597.97113840395,-0.0
2025-08-10 11:00:00,46624.14838264915,-0.0
2025-08-10 12:00:00,47242.47360900895,-0.0
2025-08-10 13:00:00,46710.99505879,-0.0
2025-08-10 14:00:00,45762.80651484866,-0.0
2025-08-10 15:00:00,44156.04672389689,-0.0
2025-08-10 16:00:00,39386.796994450284,-0.0
2025-08-10 17:00:00,31480.860995251354,-0.0
2025-08-10 18:00:00,17434.807223486732,19662.670535983267
2025-08-10 19:00:00,1863.6410902242599,34290.46659587574
2025-08-10 20:00:00,-0.0,1411.2934651000032
2025-08-10 21:00:00,1.54051753686651,34111.80004646313
2025-08-10 22:00:00,-0.0,-0.0
2025-08-10 23:00:00,-0.0,29373.52244
2025-08-11 00:00:00,-0.0,27738.982673
2025-08-11 01:00:00,-0.0,26241.045317
2025-08-11 02:00:00,-0.0,25228.5803329999
2025-08-11 03:00:00,-0.0,24907.787911
2025-08-11 04:00:00,-0.0,24549.358515
2025-08-11 05:00:00,-0.0,-0.0
2025-08-11 06:00:00,1953.3762367467352,24524.309122253264
2025-08-11 07:00:00,18978.983489503295,10401.943875496705
2025-08-11 08:00:00,36813.9401431911,-0.0
2025-08-11 09:00:00,43129.29178557537,-0.0
2025-08-11 10:00:00,46007.55623851833,-0.0
2025-08-11 11:00:00,46897.397680750844,-0.0
2025-08-11 12:00:00,47095.16161954609,-0.0
2025-08-11 13:00:00,46753.74442043805,-0.0
2025-08-11 14:00:00,45950.94221903849,-0.0
2025-08-11 15:00:00,44429.4885866907,-0.0
2025-08-11 16:00:00,41771.325576827534,-0.0
2025-08-11 17:00:00,35955.10161638803,-0.0
2025-08-11 18:00:00,18811.067077984844,20123.938277015157
2025-08-11 19:00:00,2580.55943894351,35220.28905205648
2025-08-11 20:00:00,142.30530746803998,2641.1052925319627
2025-08-11 21:00:00,151.35584799713,35329.34422070277
2025-08-11 22:00:00,164.835376444715,32652.55504855528
2025-08-11 23:00:00,159.63612975779,30100.84297524221
2025-08-12 00:00:00,172.923093513265,28281.087163486736
2025-08-12 01:00:00,163.679988292065,26968.989277707937
2025-08-12 02:00:00,163.872552984175,277.0426414434341
2025-08-12 03:00:00,163.10229421574002,25509.14541378426
2025-08-12 04:00:00,167.72384682634,-0.0
2025-08-12 05:00:00,161.369211986765,25441.128631013235
2025-08-12 06:00:00,2145.5557994708297,24929.42563852917
2025-08-12 07:00:00,19109.734915444846,-0.0
2025-08-12 08:00:00,37280.33182747744,-0.0
2025-08-12 09:00:00,43768.60656337496,-0.0
2025-08-12 10:00:00,46314.889487123204,-0.0
2025-08-12 11:00:00,47471.04789854152,-0.0
2025-08-12 12:00:00,47683.63931862909,-0.0
2025-08-12 13:00:00,47068.78025672725,-0.0
2025-08-12 14:00:00,45843.49112084204,-0.0
2025-08-12 15:00:00,44740.48056444563,-0.0
2025-08-12 16:00:00,42020.6968531078,-0.0
2025-08-12 17:00:00,35557.45552718436,1627.315416815647
2025-08-12 18:00:00,18617.154433031774,19244.882569968224
2025-08-12 19:00:00,2443.260813470285,204.70492752971495
2025-08-12 20:00:00,51.607337485025006,35796.328336414976
2025-08-12 21:00:00,-0.0,34510.970888
2025-08-12 22:00:00,0.5776940763249414,32234.022032923676
2025-08-12 23:00:00,-0.0,-0.0
2025-08-13 00:00:00,-0.0,28205.811509
2025-08-13 01:00:00,-0.0,26750.125046
2025-08-13 02:00:00,-0.0,25748.222635
2025-08-13 03:00:00,-0.0,25230.488365
2025-08-13 04:00:00,-0.0,24957.634068
2025-08-13 05:00:00,-0.0,19480.43712780029
2025-08-13 06:00:00,1891.9480999641798,24958.84856903582
2025-08-13 07:00:00,19314.238618463874,10558.107503536125
2025-08-13 08:00:00,37385.08701998436,-0.0
2025-08-13 09:00:00,43727.01258987957,-0.0
2025-08-13 10:00:00,46769.91985457515,-0.0
2025-08-13 11:00:00,47675.93673094476,-0.0
2025-08-13 12:00:00,48098.80879481462,-0.0
2025-08-13 13:00:00,47689.993953468664,-0.0
2025-08-13 14:00:00,46452.57324198064,-0.0
2025-08-13 15:00:00,45389.03844746642,-0.0
2025-08-13 16:00:00,42698.52456932906,-0.0
2025-08-13 17:00:00,36961.44469734607,-0.0
2025-08-13 18:00:00,19545.12368430174,16962.108398898257
2025-08-13 19:00:00,2417.45714472777,33198.80555327223
2025-08-13 20:00:00,27.344186279379997,881.2062587206208
2025-08-13 21:00:00,-0.0,4023.0946992328063
2025-08-13 22:00:00,-0.0,31436.404211
2025-08-13 23:00:00,21.37468082402,29043.72929417598
2025-08-14 00:00:00,-0.0,-0.0
2025-08-14 01:00:00,-0.0,26431.548323
2025-08-14 02:00:00,-0.0,25320.113047
2025-08-14 03:00:00,0.3851293842166275,-0.0
2025-08-14 04:00:00,-0.0,24650.049628
2025-08-14 05:00:00,7.317458300115001,25322.817658699885
2025-08-14 06:00:00,1930.268473693735,24822.626889306266
2025-08-14 07:00:00,20416.864045476075,8685.919481523924
2025-08-14 08:00:00,39242.56604006116,-0.0
2025-08-14 09:00:00,44759.15933958013,-0.0
2025-08-14 10:00:00,46933.4072781751,-0.0
2025-08-14 11:00:00,48037.76578741628,-0.0
2025-08-14 12:00:00,48538.24142220579,-0.0
2025-08-14 13:00:00,48173.71646004476,-0.0
2025-08-14 14:00:00,47732.550750424605,-0.0
2025-08-14 15:00:00,46632.42866440982,-0.0
2025-08-14 16:00:00,44187.04963932634,-0.0
2025-08-14 17:00:00,38414.3452993033,-0.0
2025-08-14 18:00:00,19637.169607129515,15767.086316870482
2025-08-14 19:00:00,2052.739617874625,32569.853445125376
2025-08-14 20:00:00,-0.0,34140.824009
2025-08-14 21:00:00,-0.0,33077.707337
2025-08-14 22:00:00,15.405175368665,-0.0
2025-08-14 23:00:00,-0.0,28673.648337
2025-08-15 00:00:00,-0.0,27294.009016
2025-08-15 01:00:00,-0.0,3273.603329261452
2025-08-15 02:00:00,-0.0,-0.0
2025-08-15 03:00:00,-0.0,24649.682068
2025-08-15 04:00:00,-0.0,24224.324141
2025-08-15 05:00:00,-0.0,24976.764116
2025-08-15 06:00:00,1846.887962010835,-0.0
2025-08-15 07:00:00,20452.488513516117,-0.0
2025-08-15 08:00:00,37725.257396243476,-0.0
2025-08-15 09:00:00,45106.16091475932,-0.0
2025-08-15 10:00:00,47711.36863429269,-0.0
2025-08-15 11:00:00,48695.9519050425,-0.0
2025-08-15 12:00:00,48730.99867900621,-0.0
2025-08-15 13:00:00,48341.05517748688,-0.0
2025-08-15 14:00:00,47154.66410940756,-0.0
2025-08-15 15:00:00,45958.06711264649,-0.0
2025-08-15 16:00:00,43419.6793412747,-0.0
2025-08-15 17:00:00,37313.067825135855,-0.0
2025-08-15 18:00:00,19213.14215510701,-0.0
2025-08-15 19:00:00,2391.07578190893,31434.62436509097
2025-08-15 20:00:00,133.639896323165,-0.0
2025-08-15 21:00:00,-0.0,21549.78648327687
2025-08-15 22:00:00,-0.0,30243.0129109999
2025-08-15 23:00:00,-0.0,28464.291678
2025-08-16 00:00:00,-0.0,-0.0
2025-08-16 01:00:00,-0.0,25854.561397
2025-08-16 02:00:00,-0.0,-0.0
2025-08-16 03:00:00,-0.0,23834.460387
2025-08-16 04:00:00,-0.0,23507.405871
2025-08-16 05:00:00,11.746446218605,23571.747617781395
2025-08-16 06:00:00,1916.98150993826,21838.23562906174
2025-08-16 07:00:00,20071.980681910085,-0.0
2025-08-16 08:00:00,28390.465696,-0.0
2025-08-16 09:00:00,29965.361883,-0.0
2025-08-16 10:00:00,43079.63861718196,-0.0
2025-08-16 11:00:00,48015.428283131725,-0.0
2025-08-16 12:00:00,47809.96175665215,-0.0
2025-08-16 13:00:00,47248.4431144643,-0.0
2025-08-16 14:00:00,46846.94573141847,-0.0
2025-08-16 15:00:00,45207.25737811618,-0.0
2025-08-16 16:00:00,43551.20102598468,-0.0
2025-08-16 17:00:00,38152.84244742021,-0.0
2025-08-16 18:00:00,19319.437865150798,-0.0
2025-08-16 19:00:00,1920.255109704105,29586.041621295895
2025-08-16 20:00:00,-0.0,31267.042521
2025-08-16 21:00:00,50.259384640265,30364.001461359738
2025-08-16 22:00:00,-0.0,-0.0
2025-08-16 23:00:00,-0.0,27108.346776
2025-08-17 00:00:00,-0.0,-0.0
2025-08-17 01:00:00,-0.0,-0.0
2025-08-17 02:00:00,-0.0,23684.031626
2025-08-17 03:00:00,-0.0,23107.272653
2025-08-17 04:00:00,-0.0,22612.164343
2025-08-17 05:00:00,-0.0,1328.8779529245621
2025-08-17 06:00:00,2060.05707617474,20318.32594282526
2025-08-17 07:00:00,20576.30761054176,-0.0
2025-08-17 08:00:00,26235.6606128,-0.0
2025-08-17 09:00:00,26375.0801689,-0.0
2025-08-17 10:00:00,40622.03094550728,-0.0
2025-08-17 11:00:00,45232.67591747448,-0.0
2025-08-17 12:00:00,45660.55466333915,-0.0
2025-08-17 13:00:00,46228.81306975078,-0.0
2025-08-17 14:00:00,45066.87771756922,-0.0
2025-08-17 15:00:00,45442.76399656464,-0.0
2025-08-17 16:00:00,43434.89195195126,-0.0
2025-08-17 17:00:00,38360.42718551298,-0.0
2025-08-17 18:00:00,19159.03147662457,12945.682661375431
2025-08-17 19:00:00,1888.48193550623,29825.788958493773
2025-08-17 20:00:00,5.39181137903,-0.0
2025-08-17 21:00:00,-0.0,30656.4230269999
2025-08-17 22:00:00,-0.0,28776.549885
2025-08-17 23:00:00,-0.0,26678.449594
2025-08-18 00:00:00,-0.0,11101.137569219743
2025-08-18 01:00:00,-0.0,-0.0
2025-08-18 02:00:00,-0.0,23584.800423
2025-08-18 03:00:00,-0.0,22878.83468
2025-08-18 04:00:00,-0.0,22659.205769
2025-08-18 05:00:00,1.733082228974824,-0.0
2025-08-18 06:00:00,1986.497363789365,-0.0
2025-08-18 07:00:00,20472.707806187485,6240.8208108125145
2025-08-18 08:00:00,32733.99316821106,-0.0
2025-08-18 09:00:00,44615.506079267325,-0.0
2025-08-18 10:00:00,47063.77357473242,-0.0
2025-08-18 11:00:00,47913.94669039064,-0.0
2025-08-18 12:00:00,47767.79008908042,-0.0
2025-08-18 13:00:00,47539.60092893208,-0.0
2025-08-18 14:00:00,46377.08788267419,-0.0
2025-08-18 15:00:00,45381.14329508998,-0.0
2025-08-18 16:00:00,42960.60511528848,-0.0
2025-08-18 17:00:00,37216.01522031327,-0.0
2025-08-18 18:00:00,18417.464847315456,16926.646090684542
2025-08-18 19:00:00,1695.1469846294851,4818.126297291795
2025-08-18 20:00:00,-0.0,33967.178628
2025-08-18 21:00:00,-0.0,-0.0
2025-08-18 22:00:00,-0.0,30411.693809
2025-08-18 23:00:00,-0.0,28117.799182
2025-08-19 00:00:00,63.546348395740004,26609.50163960426
2025-08-19 01:00:00,33.313691734734995,25487.41568126526
2025-08-19 02:00:00,-0.0,24650.087411
2025-08-19 03:00:00,-0.0,-0.0
2025-08-19 04:00:00,-0.0,24090.130293
2025-08-19 05:00:00,11.939010910715,24448.430619089286
2025-08-19 06:00:00,1325.80790516574,24565.129578834258
2025-08-19 07:00:00,17322.9271373718,-0.0
2025-08-19 08:00:00,35800.472168625056,-0.0
2025-08-19 09:00:00,43267.553234509134,-0.0
2025-08-19 10:00:00,44986.77080565216,-0.0
2025-08-19 11:00:00,47358.20498896604,-0.0
2025-08-19 12:00:00,47752.19234901965,-0.0
2025-08-19 13:00:00,46812.284086838976,-0.0
2025-08-19 14:00:00,45249.04391630368,-0.0
2025-08-19 15:00:00,44022.79195695793,-0.0
2025-08-19 16:00:00,41105.244306824876,-0.0
2025-08-19 17:00:00,35013.075142594156,-0.0
2025-08-19 18:00:00,17563.055308430863,-0.0
2025-08-19 19:00:00,1577.6825224434149,34933.46585255658
2025-08-19 20:00:00,-0.0,35715.664117
2025-08-19 21:00:00,-0.0,34437.200395
2025-08-19 22:00:00,-0.0,-0.0
2025-08-19 23:00:00,-0.0,29413.682791
2025-08-20 00:00:00,-0.0,28080.396423
2025-08-20 01:00:00,-0.0,26827.4786489999
2025-08-20 02:00:00,6.5471995316800005,-0.0
2025-08-20 03:00:00,-0.0,25647.218556
2025-08-20 04:00:00,-0.0,25175.654818
2025-08-20 05:00:00,-0.0,25434.906088
2025-08-20 06:00:00,1483.518388002445,25484.852372997553
2025-08-20 07:00:00,17850.746958440686,11581.898987559314
2025-08-20 08:00:00,37009.008176296826,-0.0
2025-08-20 09:00:00,44452.40378505159,-0.0
2025-08-20 10:00:00,47180.66034284218,-0.0
2025-08-20 11:00:00,47937.63214751996,-0.0
2025-08-20 12:00:00,47340.29647259997,-0.0
2025-08-20 13:00:00,47055.878422356,-0.0
2025-08-20 14:00:00,46445.06321898842,-0.0
2025-08-20 15:00:00,45269.84090305138,-0.0
2025-08-20 16:00:00,42691.20711102895,-0.0
2025-08-20 17:00:00,35357.38081208382,5266.761873916177
2025-08-20 18:00:00,16593.877213049724,24348.169755050178
2025-08-20 19:00:00,1669.1507511948598,37777.47657180504
2025-08-20 20:00:00,37.742679653225,4453.344725346773
2025-08-20 21:00:00,-0.0,2552.223002999999
2025-08-20 22:00:00,69.5158538511,33730.3771541489
2025-08-20 23:00:00,-0.0,31190.719512
2025-08-21 00:00:00,-0.0,29356.81113
2025-08-21 01:00:00,-0.0,28049.934976
2025-08-21 02:00:00,-0.0,27132.8588299999
2025-08-21 03:00:00,5.006681994815,26349.666964005184
2025-08-21 04:00:00,4.043858534274589,25593.136405465724
2025-08-21 05:00:00,-0.0,26207.7543129999
2025-08-21 06:00:00,1300.58193049955,26344.98036150045
2025-08-21 07:00:00,16477.95326840052,14267.31295859948
2025-08-21 08:00:00,36002.087401262455,-0.0
2025-08-21 09:00:00,42711.04127431611,-0.0
2025-08-21 10:00:00,45154.87978186272,-0.0
2025-08-21 11:00:00,45035.29710806345,-0.0
2025-08-21 12:00:00,44794.20611354385,-0.0
2025-08-21 13:00:00,43395.41619006905,-0.0
2025-08-21 14:00:00,43676.175511162975,-0.0
2025-08-21 15:00:00,40390.636734410924,832.897475589074
2025-08-21 16:00:00,35964.53728630133,6624.79718569867
2025-08-21 17:00:00,29171.625207488454,14743.360982511549
2025-08-21 18:00:00,12992.33977654793,30930.480885352066
2025-08-21 19:00:00,1164.0535637947548,41144.84751820524
2025-08-21 20:00:00,31.96573888998,41044.20069411002
2025-08-21 21:00:00,70.86380669585499,39032.65489930415
2025-08-21 22:00:00,50.45194933237501,36308.19945466762
2025-08-21 23:00:00,48.91143179551,33233.73771820449
2025-08-22 00:00:00,48.526302411295,31165.998366588705
2025-08-22 01:00:00,48.91143179551,29727.04168220439
2025-08-22 02:00:00,50.066819948159996,29023.60818405184
2025-08-22 03:00:00,46.408090798100005,27820.2880512019
2025-08-22 04:00:00,47.56347895075,27239.34662904925
2025-08-22 05:00:00,15.405175368665,3181.6861356926206
2025-08-22 06:00:00,809.9270950075651,28177.511833992434
2025-08-22 07:00:00,14972.67507018983,17021.42718881017
2025-08-22 08:00:00,31675.543898972857,2533.6364982271407
2025-08-22 09:00:00,40472.284163864846,-0.0
2025-08-22 10:00:00,43704.48252090289,-0.0
2025-08-22 11:00:00,44595.47935128807,-0.0
2025-08-22 12:00:00,42875.4915213766,-0.0
2025-08-22 13:00:00,41325.15318521258,-0.0
2025-08-22 14:00:00,39410.675016271714,-0.0
2025-08-22 15:00:00,37282.45003909063,3672.2877069093665
2025-08-22 16:00:00,35969.351403604036,6338.162243695966
2025-08-22 17:00:00,27040.319195233642,16223.88009156636
2025-08-22 18:00:00,10859.685811448355,31397.912043351644
2025-08-22 19:00:00,702.475996811125,40178.455079188876
2025-08-22 20:00:00,-0.0,39651.493661
2025-08-22 21:00:00,-0.0,38102.842359
2025-08-22 22:00:00,-0.0,35772.410706
2025-08-22 23:00:00,-0.0,33155.5683549999
2025-08-23 00:00:00,-0.0,-0.0
2025-08-23 01:00:00,-0.0,29464.304594
2025-08-23 02:00:00,-0.0,27687.407712
2025-08-23 03:00:00,19.449033902935,27018.018969097066
2025-08-23 04:00:00,-0.0,26428.503276
2025-08-23 05:00:00,-0.0,26686.684039
2025-08-23 06:00:00,648.943012405015,25803.475722594983
2025-08-23 07:00:00,12641.101778142367,17397.68491685763
2025-08-23 08:00:00,27439.505801974174,5274.939450025828
2025-08-23 09:00:00,29999.84594824631,2544.202106653687
2025-08-23 10:00:00,32325.834864222637,458.8042169772634
2025-08-23 11:00:00,32749.477186860924,-0.0
2025-08-23 12:00:00,31778.566009250808,613.3883377491911
2025-08-23 13:00:00,33106.87725541395,-0.0
2025-08-23 14:00:00,28625.51174066928,-0.0
2025-08-23 15:00:00,27183.77989085433,8555.632284845571
2025-08-23 16:00:00,28832.903914069935,8553.749850530065
2025-08-23 17:00:00,23151.47523810624,15075.382758693759
2025-08-23 18:00:00,9321.479050887145,28443.528007912755
2025-08-23 19:00:00,534.3670206005701,36172.02360339943
2025-08-23 20:00:00,-0.0,36416.559427
2025-08-23 21:00:00,-0.0,35097.595555
2025-08-23 22:00:00,-0.0,32953.963161
2025-08-23 23:00:00,-0.0,30885.033022
2025-08-24 00:00:00,-0.0,29202.887799
2025-08-24 01:00:00,-0.0,-0.0
2025-08-24 02:00:00,-0.0,-0.0
2025-08-24 03:00:00,-0.0,25664.218106
2025-08-24 04:00:00,-0.0,25434.885679
2025-08-24 05:00:00,22.722633668780002,25272.974184331117
2025-08-24 06:00:00,1123.22984906779,24098.20301693221
2025-08-24 07:00:00,13607.969097218209,13251.128877781792
2025-08-24 08:00:00,30501.669535880577,118.12634511942088
2025-08-24 09:00:00,37981.65243613592,-0.0
2025-08-24 10:00:00,40716.84132284241,-0.0
2025-08-24 11:00:00,40975.26313965177,-0.0
2025-08-24 12:00:00,44685.59962719476,-0.0
2025-08-24 13:00:00,42934.03118777754,-0.0
2025-08-24 14:00:00,40369.83974766323,-0.0
2025-08-24 15:00:00,38020.743068633914,-0.0
2025-08-24 16:00:00,33512.803626378285,2655.576596621715
2025-08-24 17:00:00,24631.91259103496,13428.10766296494
2025-08-24 18:00:00,10527.319152869404,28390.387113320594
2025-08-24 19:00:00,667.0440934631949,37144.30283373681
2025-08-24 20:00:00,-0.0,36923.760838
2025-08-24 21:00:00,-0.0,35252.383369
2025-08-24 22:00:00,-0.0,32886.558163
2025-08-24 23:00:00,-0.0,-0.0
2025-08-25 00:00:00,-0.0,28990.483865
2025-08-25 01:00:00,-0.0,27859.857538
2025-08-25 02:00:00,-0.0,27315.239291
2025-08-25 03:00:00,-0.0,27061.693278
2025-08-25 04:00:00,-0.0,26672.291481
2025-08-25 05:00:00,-0.0,27087.620207
2025-08-25 06:00:00,439.24006269906005,27556.18286630094
2025-08-25 07:00:00,10660.959049192576,19419.837146807426
2025-08-25 08:00:00,24444.35458092146,9799.268522078539
2025-08-25 09:00:00,30919.53491775562,4056.3725472443766
2025-08-25 10:00:00,33945.496489545665,1236.939927454332
2025-08-25 11:00:00,36947.96516889849,-0.0
2025-08-25 12:00:00,40537.56359448957,-0.0
2025-08-25 13:00:00,39120.28746057238,-0.0
2025-08-25 14:00:00,35515.86155368896,763.3852604110361
2025-08-25 15:00:00,26931.327579500332,10416.430812299568
2025-08-25 16:00:00,22769.041759579126,-0.0
2025-08-25 17:00:00,17756.775388691833,22284.717158808166
2025-08-25 18:00:00,8420.661421204451,31767.802942795548
2025-08-25 19:00:00,506.63770493696995,38541.88054106303
2025-08-25 20:00:00,-0.0,37974.320037
2025-08-25 21:00:00,-0.0,36427.91338
2025-08-25 22:00:00,-0.0,33544.7015449999
2025-08-25 23:00:00,-0.0,31162.383191
2025-08-26 00:00:00,-0.0,29387.338842
2025-08-26 01:00:00,-0.0,27940.242108
2025-08-26 02:00:00,-0.0,27079.751607
2025-08-26 03:00:00,-0.0,26771.68819
2025-08-26 04:00:00,-0.0,26414.849778
2025-08-26 05:00:00,-0.0,26564.045473
2025-08-26 06:00:00,496.62434094734,23351.018773630152
2025-08-26 07:00:00,10764.17372416263,18450.83281983737
2025-08-26 08:00:00,27947.491459755904,4962.2495382440975
2025-08-26 09:00:00,38293.992366735605,-0.0
2025-08-26 10:00:00,42862.782251697456,-0.0
2025-08-26 11:00:00,44243.27852942196,-0.0
2025-08-26 12:00:00,43228.27003731904,-0.0
2025-08-26 13:00:00,40196.72408945785,-0.0
2025-08-26 14:00:00,39375.4356776159,-0.0
2025-08-26 15:00:00,39067.524734934705,-0.0
2025-08-26 16:00:00,37075.25043038209,-0.0
2025-08-26 17:00:00,31791.660408314172,6457.92476878583
2025-08-26 18:00:00,13107.493462428698,-0.0
2025-08-26 19:00:00,776.805967964935,36650.98249803506
2025-08-26 20:00:00,-0.0,36608.282674
2025-08-26 21:00:00,-0.0,35338.36744
2025-08-26 22:00:00,-0.0,32785.16985
2025-08-26 23:00:00,-0.0,30357.900565
2025-08-27 00:00:00,-0.0,28730.3683739999
2025-08-27 01:00:00,-0.0,27387.115434
2025-08-27 02:00:00,-0.0,26146.808909
2025-08-27 03:00:00,-0.0,25384.924262
2025-08-27 04:00:00,-0.0,24911.849889
2025-08-27 05:00:00,7.51002299222,-0.0
2025-08-27 06:00:00,1043.122937150735,26243.369191849262
2025-08-27 07:00:00,16941.45648230523,12340.804931694769
2025-08-27 08:00:00,37573.03015948208,-0.0
2025-08-27 09:00:00,44436.806044990815,-0.0
2025-08-27 10:00:00,46580.436197540555,-0.0
2025-08-27 11:00:00,47302.36122825463,-0.0
2025-08-27 12:00:00,47079.756444177416,-0.0
2025-08-27 13:00:00,45520.75269686851,-0.0
2025-08-27 14:00:00,42932.87579962489,-0.0
2025-08-27 15:00:00,40040.93925354223,-0.0
2025-08-27 16:00:00,35021.35542435481,2920.1666826451838
2025-08-27 17:00:00,27360.93940759398,11093.008061406017
2025-08-27 18:00:00,12199.35837444589,26764.156650554112
2025-08-27 19:00:00,1474.0827180891401,36260.594415910855
2025-08-27 20:00:00,-0.0,36371.749894
2025-08-27 21:00:00,-0.0,34852.919217
2025-08-27 22:00:00,-0.0,32667.625077
2025-08-27 23:00:00,-0.0,30133.047474
2025-08-28 00:00:00,-0.0,28628.142656
2025-08-28 01:00:00,10.01336398963,-0.0
2025-08-28 02:00:00,-0.0,27016.749139
2025-08-28 03:00:00,-0.0,26391.1629279999
2025-08-28 04:00:00,-0.0,26063.917401
2025-08-28 05:00:00,-0.0,26287.662789
2025-08-28 06:00:00,258.614381501465,27718.729402498433
2025-08-28 07:00:00,6758.442998925485,22661.268271074514
2025-08-28 08:00:00,18627.74549109773,12567.86874990227
2025-08-28 09:00:00,25914.00831109211,-0.0
2025-08-28 10:00:00,30418.289024197675,2464.1659338023273
2025-08-28 11:00:00,33077.414857521384,621.7061024786162
2025-08-28 12:00:00,33882.33527053414,-0.0
2025-08-28 13:00:00,31995.971546641093,442.6605263589081
2025-08-28 14:00:00,29468.752527411583,2719.4146245883167
2025-08-28 15:00:00,27815.392080969603,5279.431637030397
2025-08-28 16:00:00,24939.438404331933,9316.390832668065
2025-08-28 17:00:00,22737.653714765474,12155.585746234523
2025-08-28 18:00:00,10023.569918314055,25842.71346968585
2025-08-28 19:00:00,1160.779964028915,31584.550892297106
2025-08-28 20:00:00,49.68169056394,34919.056868436055
2025-08-28 21:00:00,-0.0,33923.006398
2025-08-28 22:00:00,-0.0,31617.8416039999
2025-08-28 23:00:00,-0.0,29258.813474
2025-08-29 00:00:00,-0.0,-0.0
2025-08-29 01:00:00,-0.0,26739.830863
2025-08-29 02:00:00,-0.0,25803.652756
2025-08-29 03:00:00,-0.0,25553.133403
2025-08-29 04:00:00,-0.0,25159.671723
2025-08-29 05:00:00,-0.0,25575.009726
2025-08-29 06:00:00,1015.2010567950299,25999.48274820497
2025-08-29 07:00:00,15990.572032674374,13026.926323325626
2025-08-29 08:00:00,37100.28384035617,-0.0
2025-08-29 09:00:00,44730.08207107178,-0.0
2025-08-29 10:00:00,47757.00646632236,-0.0
2025-08-29 11:00:00,49267.8690406042,-0.0
2025-08-29 12:00:00,49503.953353128985,-0.0
2025-08-29 13:00:00,49593.88106434356,-0.0
2025-08-29 14:00:00,48900.84073744574,-0.0
2025-08-29 15:00:00,45944.202454814695,-0.0
2025-08-29 16:00:00,43607.62248077242,-0.0
2025-08-29 17:00:00,34522.42030710217,-0.0
2025-08-29 18:00:00,13126.94249633164,25093.09907966836
2025-08-29 19:00:00,607.926732985945,18123.775895063303
2025-08-29 20:00:00,9.82079929752,35696.119785702474
2025-08-29 21:00:00,-0.0,34266.21437
2025-08-29 22:00:00,-0.0,-0.0
2025-08-29 23:00:00,-0.0,30188.0653269999
2025-08-30 00:00:00,-0.0,28691.8203069999
2025-08-30 01:00:00,-0.0,27146.941761
2025-08-30 02:00:00,-0.0,25640.53753
2025-08-30 03:00:00,-0.0,-0.0
2025-08-30 04:00:00,-0.0,24096.004625
2025-08-30 05:00:00,-0.0,23869.084875
2025-08-30 06:00:00,987.27917643932,23280.024181560682
2025-08-30 07:00:00,16441.751106284155,-0.0
2025-08-30 08:00:00,38544.71159586063,-0.0
2025-08-30 09:00:00,46099.21703196189,-0.0
2025-08-30 10:00:00,48193.55062333191,-0.0
2025-08-30 11:00:00,48580.79821916172,-0.0
2025-08-30 12:00:00,48633.56094479941,-0.0
2025-08-30 13:00:00,48347.79494171067,-0.0
2025-08-30 14:00:00,47017.17291924222,-0.0
2025-08-30 15:00:00,45955.9489010333,-0.0
2025-08-30 16:00:00,43003.93217101286,-0.0
2025-08-30 17:00:00,34746.56560871624,3553.4511792837584
2025-08-30 18:00:00,12750.863652644104,26259.296207355896
2025-08-30 19:00:00,796.8326959441999,36910.4619650558
2025-08-30 20:00:00,-0.0,36405.574101
2025-08-30 21:00:00,-0.0,780.1026110000021
2025-08-30 22:00:00,-0.0,32677.76662
2025-08-30 23:00:00,-0.0,-0.0
2025-08-31 00:00:00,-0.0,28811.609768
2025-08-31 01:00:00,-0.0,-0.0
2025-08-31 02:00:00,-0.0,22117.026493639813
2025-08-31 03:00:00,-0.0,24476.809374
2025-08-31 04:00:00,-0.0,23607.0323079999
2025-08-31 05:00:00,38.70550311377,23413.16499488623
2025-08-31 06:00:00,927.9692512699601,22819.57203273004
2025-08-31 07:00:00,16290.972952363345,9857.067840636655
2025-08-31 08:00:00,38209.263902207946,-0.0
2025-08-31 09:00:00,45143.51846502832,-0.0
2025-08-31 10:00:00,46759.7139258934,-0.0
2025-08-31 11:00:00,47010.04802563421,-0.0
2025-08-31 12:00:00,46702.32964764513,-0.0
2025-08-31 13:00:00,46134.2638059256,-0.0
2025-08-31 14:00:00,45689.4393671554,-0.0
2025-08-31 15:00:00,44855.8268150185,-0.0
2025-08-31 16:00:00,41343.83196034707,-0.0
2025-08-31 17:00:00,33667.433074141256,5437.077061858741
2025-08-31 18:00:00,12234.405148409605,27399.859809590394
2025-08-31 19:00:00,734.634300393215,37437.06100460679
2025-08-31 20:00:00,-0.0,36729.916568
2025-08-31 21:00:00,-0.0,4917.000024267021
2025-08-31 22:00:00,-0.0,32976.688212
2025-08-31 23:00:00,-0.0,30402.646402
2025-09-01 00:00:00,-0.0,28562.022861
2025-09-01 01:00:00,-0.0,-0.0
2025-09-01 02:00:00,-0.0,25664.4116389999
2025-09-01 03:00:00,-0.0,24555.848426
2025-09-01 04:00:00,-0.0,23956.521252
2025-09-01 05:00:00,-0.0,-0.0
2025-09-01 06:00:00,762.74874544103,23886.471405558972
2025-09-01 07:00:00,15981.13636276107,10849.62946723893
2025-09-01 08:00:00,37706.862620497355,-0.0
2025-09-01 09:00:00,44710.44047247673,-0.0
2025-09-01 10:00:00,47181.2380369185,-0.0
2025-09-01 11:00:00,47804.377380581,-0.0
2025-09-01 12:00:00,47571.18153843784,-0.0
2025-09-01 13:00:00,46583.5172326143,-0.0
2025-09-01 14:00:00,45461.827901083365,-0.0
2025-09-01 15:00:00,44091.5375520406,-0.0
2025-09-01 16:00:00,40791.941552764656,-0.0
2025-09-01 17:00:00,29745.082860587012,11523.272819412989
2025-09-01 18:00:00,10202.26995259057,6270.933106211884
2025-09-01 19:00:00,680.716186602885,39851.29053239711
2025-09-01 20:00:00,-0.0,38817.078537
2025-09-01 21:00:00,9.435669913305,2996.036405086693
2025-09-01 22:00:00,10.20592868174,34086.79546831826
2025-09-01 23:00:00,-0.0,31645.3479
2025-09-02 00:00:00,-0.0,29801.533626
2025-09-02 01:00:00,-0.0,28938.011448
2025-09-02 02:00:00,-0.0,28351.758069
2025-09-02 03:00:00,-0.0,-0.0
2025-09-02 04:00:00,-0.0,27706.865791
2025-09-02 05:00:00,-0.0,27365.997404
2025-09-02 06:00:00,191.986998031985,28244.077537967914
2025-09-02 07:00:00,6981.625477079025,23502.997078920973
2025-09-02 08:00:00,18489.098912779744,14474.133784220256
2025-09-02 09:00:00,21738.62809210754,11913.850695892459
2025-09-02 10:00:00,25396.201854012856,9547.139734987148
2025-09-02 11:00:00,29422.729565997695,6675.336295002307
2025-09-02 12:00:00,29824.997207811964,6208.585490188034
2025-09-02 13:00:00,28660.751079325102,7864.200233674896
2025-09-02 14:00:00,31350.494698694027,7164.868987005975
2025-09-02 15:00:00,31805.139936761756,8431.610294338243
2025-09-02 16:00:00,28344.367290191134,12388.533378508866
2025-09-02 17:00:00,22762.49456004745,19479.51463965255
2025-09-02 18:00:00,7275.671761928421,35140.770398071574
2025-09-02 19:00:00,558.0524777298899,40344.07273627011
2025-09-02 20:00:00,-0.0,39331.43948
2025-09-02 21:00:00,-0.0,37572.513412
2025-09-02 22:00:00,-0.0,34769.3635979999
2025-09-02 23:00:00,-0.0,32166.392721
2025-09-03 00:00:00,3.2735997658413343,30204.307146234158
2025-09-03 01:00:00,-0.0,28508.712594
2025-09-03 02:00:00,-0.0,26928.6116579999
2025-09-03 03:00:00,-0.0,27019.112557
2025-09-03 04:00:00,-0.0,26686.859471
2025-09-03 05:00:00,-0.0,26753.479806
2025-09-03 06:00:00,535.52240875322,27630.90308924678
2025-09-03 07:00:00,14076.671557809845,16739.986317190156
2025-09-03 08:00:00,35493.13892002018,125.0174049797206
2025-09-03 09:00:00,42275.459940767105,-0.0
2025-09-03 10:00:00,44731.815153300755,-0.0
2025-09-03 11:00:00,46215.14097661109,-0.0
2025-09-03 12:00:00,47129.43813474136,-0.0
2025-09-03 13:00:00,47297.35454625982,-0.0
2025-09-03 14:00:00,46894.509210369215,-0.0
2025-09-03 15:00:00,44719.29844831371,-0.0
2025-09-03 16:00:00,39413.17835726913,1481.0242567307723
2025-09-03 17:00:00,29370.351969744235,12873.729587755766
2025-09-03 18:00:00,9303.955663905284,32737.57703609462
2025-09-03 19:00:00,580.77511139867,40149.177266601335
2025-09-03 20:00:00,-0.0,39271.155691
2025-09-03 21:00:00,0.962823460541569,37484.25081053946
2025-09-03 22:00:00,-0.0,614.6575860000012
2025-09-03 23:00:00,-0.0,31849.879863
2025-09-04 00:00:00,-0.0,29834.233358
2025-09-04 01:00:00,-0.0,28439.444245
2025-09-04 02:00:00,-0.0,27413.04474
2025-09-04 03:00:00,-0.0,26679.130761
2025-09-04 04:00:00,-0.0,26516.372493
2025-09-04 05:00:00,-0.0,26532.488444
2025-09-04 06:00:00,527.627256376775,27464.789594623126
2025-09-04 07:00:00,13562.33126518854,16367.243428811458
2025-09-04 08:00:00,34624.672158611684,-0.0
2025-09-04 09:00:00,42477.07517340451,-0.0
2025-09-04 10:00:00,45417.92315128267,-0.0
2025-09-04 11:00:00,46823.26027428914,-0.0
2025-09-04 12:00:00,46081.69364498002,-0.0
2025-09-04 13:00:00,42697.94687525274,-0.0
2025-09-04 14:00:00,41837.37526622068,-0.0
2025-09-04 15:00:00,38246.81401716907,-0.0
2025-09-04 16:00:00,34086.26127947684,4087.4317739231556
2025-09-04 17:00:00,25858.35711507281,13751.978289927189
2025-09-04 18:00:00,8375.02358917478,30861.652639825217
2025-09-04 19:00:00,176.58182266332,4116.63927033668
2025-09-04 20:00:00,-0.0,37076.332308
2025-09-04 21:00:00,-0.0,35384.0814669999
2025-09-04 22:00:00,-0.0,32874.266264
2025-09-04 23:00:00,-0.0,30696.2793059999
2025-09-05 00:00:00,-0.0,-0.0
2025-09-05 01:00:00,-0.0,27287.615499
2025-09-05 02:00:00,5.39181137903,26500.962810620968
2025-09-05 03:00:00,-0.0,25437.096859
2025-09-05 04:00:00,3.851293842166276,24977.244011157833
2025-09-05 05:00:00,-0.0,25672.2361519999
2025-09-05 06:00:00,560.36325403519,-0.0
2025-09-05 07:00:00,14016.59137387205,14476.23915612795
2025-09-05 08:00:00,34017.51568439417,-0.0
2025-09-05 09:00:00,42766.307340951185,-0.0
2025-09-05 10:00:00,45470.68587692035,-0.0
2025-09-05 11:00:00,46599.692666751405,-0.0
2025-09-05 12:00:00,45536.5430016214,-0.0
2025-09-05 13:00:00,45484.55053475216,-0.0
2025-09-05 14:00:00,44944.40657338833,-0.0
2025-09-05 15:00:00,43965.79280809389,-0.0
2025-09-05 16:00:00,42388.8805444189,-0.0
2025-09-05 17:00:00,31620.8555264141,-0.0
2025-09-05 18:00:00,9641.906698555375,-0.0
2025-09-05 19:00:00,178.89259896862,35304.23074103138
2025-09-05 20:00:00,4.814117302707845,502.03464369729323
2025-09-05 21:00:00,-0.0,33159.0385669999
2025-09-05 22:00:00,-0.0,31198.410478
2025-09-05 23:00:00,-0.0,29129.979992
2025-09-06 00:00:00,-0.0,27708.543124
2025-09-06 01:00:00,-0.0,13236.66890800792
2025-09-06 02:00:00,-0.0,25282.368936
2025-09-06 03:00:00,-0.0,24464.426907
2025-09-06 04:00:00,-0.0,23877.451861
2025-09-06 05:00:00,-0.0,23957.323516
2025-09-06 06:00:00,664.3481877736799,23761.59405122632
2025-09-06 07:00:00,15670.722079082463,10313.738969917538
2025-09-06 08:00:00,37079.880216859485,-0.0
2025-09-06 09:00:00,44758.966774888024,-0.0
2025-09-06 10:00:00,47193.56217721344,-0.0
2025-09-06 11:00:00,47542.4893993137,-0.0
2025-09-06 12:00:00,46451.99554790432,-0.0
2025-09-06 13:00:00,45763.38420892498,-0.0
2025-09-06 14:00:00,45431.40267973026,-0.0
2025-09-06 15:00:00,44512.48396898938,-0.0
2025-09-06 16:00:00,42942.11890484609,-0.0
2025-09-06 17:00:00,32208.177837344454,-0.0
2025-09-06 18:00:00,9721.435916396109,24886.91561160389
2025-09-06 19:00:00,163.679988292065,33968.033393707934
2025-09-06 20:00:00,-0.0,33290.115576
2025-09-06 21:00:00,-0.0,31933.951839
2025-09-06 22:00:00,-0.0,30115.040021
2025-09-06 23:00:00,-0.0,-0.0
2025-09-07 00:00:00,2.8884703816247064,12506.672616277836
2025-09-07 01:00:00,-0.0,-0.0
2025-09-07 02:00:00,-0.0,24462.84174
2025-09-07 03:00:00,-0.0,23653.272676
2025-09-07 04:00:00,2.1182116131914515,-0.0
2025-09-07 05:00:00,-0.0,-0.0
2025-09-07 06:00:00,681.29388067921,22345.38228232079
2025-09-07 07:00:00,16195.268300385509,8550.93576961449
2025-09-07 08:00:00,37099.72272408133,-0.0
2025-09-07 09:00:00,44305.284360280835,-0.0
2025-09-07 10:00:00,47202.61271774252,-0.0
2025-09-07 11:00:00,47641.08252167316,-0.0
2025-09-07 12:00:00,46265.97805532768,-0.0
2025-09-07 13:00:00,44701.58249663974,-0.0
2025-09-07 14:00:00,45123.68430174117,-0.0
2025-09-07 15:00:00,44091.922681424825,-0.0
2025-09-07 16:00:00,40922.885543398304,-0.0
2025-09-07 17:00:00,31642.037642546013,3391.013241453984
2025-09-07 18:00:00,9055.162081701346,26371.779199298653
2025-09-07 19:00:00,99.94107520421001,34749.60394879579
2025-09-07 20:00:00,-0.0,33954.570051
2025-09-07 21:00:00,-0.0,-0.0
2025-09-07 22:00:00,-0.0,-0.0
2025-09-07 23:00:00,-0.0,28054.447823
2025-09-08 00:00:00,-0.0,26659.54208
2025-09-08 01:00:00,-0.0,25772.210155
2025-09-08 02:00:00,-0.0,25247.333945
2025-09-08 03:00:00,-0.0,24577.4123679999
2025-09-08 04:00:00,-0.0,8935.952279773117
2025-09-08 05:00:00,-0.0,24543.9940349999
2025-09-08 06:00:00,613.318544364975,-0.0
2025-09-08 07:00:00,16105.148024478824,-0.0
2025-09-08 08:00:00,37828.75607060192,-0.0
2025-09-08 09:00:00,43619.36892699102,-0.0
2025-09-08 10:00:00,47204.345799971496,-0.0
2025-09-08 11:00:00,47959.5845224203,-0.0
2025-09-08 12:00:00,48095.34263035667,-0.0
2025-09-08 13:00:00,47919.33850176966,-0.0
2025-09-08 14:00:00,47122.50580582546,-0.0
2025-09-08 15:00:00,46458.35018274389,-0.0
2025-09-08 16:00:00,45025.86143815015,-0.0
2025-09-08 17:00:00,34470.042710848706,2193.1257378511946
2025-09-08 18:00:00,9710.652293638044,26501.21460856186
2025-09-08 19:00:00,128.248084944135,35201.130439055865
2025-09-08 20:00:00,-0.0,492.20726399999694
2025-09-08 21:00:00,-0.0,33294.801735
2025-09-08 22:00:00,-0.0,-0.0
2025-09-08 23:00:00,-0.0,28733.8591539999
2025-09-09 00:00:00,-0.0,27330.266902
2025-09-09 01:00:00,-0.0,21265.634578427194
2025-09-09 02:00:00,-0.0,25389.7947069999
2025-09-09 03:00:00,-0.0,-0.0
2025-09-09 04:00:00,-0.0,24345.91376
2025-09-09 05:00:00,-0.0,24874.171389
2025-09-09 06:00:00,642.010683489115,26045.549307510882
2025-09-09 07:00:00,16130.951693221336,12813.174999778663
2025-09-09 08:00:00,38978.17471779644,-0.0
2025-09-09 09:00:00,45162.77493423916,-0.0
2025-09-09 10:00:00,47032.19296522667,-0.0
2025-09-09 11:00:00,48407.489996264245,-0.0
2025-09-09 12:00:00,48655.898449083965,-0.0
2025-09-09 13:00:00,47917.22029015648,-0.0
2025-09-09 14:00:00,46395.18896373236,-0.0
2025-09-09 15:00:00,45149.10284109947,-0.0
2025-09-09 16:00:00,42918.04831833254,-0.0
2025-09-09 17:00:00,32690.167261691568,-0.0
2025-09-09 18:00:00,8633.445405984141,24387.03291801576
2025-09-09 19:00:00,153.281494918215,-0.0
2025-09-09 20:00:00,10.97618745017,32288.055906549827
2025-09-09 21:00:00,-0.0,31229.4590489999
2025-09-09 22:00:00,-0.0,29457.171187
2025-09-09 23:00:00,-0.0,27620.010052
2025-09-10 00:00:00,-0.0,26582.3725329999
2025-09-10 01:00:00,-0.0,25409.297874
2025-09-10 02:00:00,-0.0,17697.49352546888
2025-09-10 03:00:00,-0.0,-0.0
2025-09-10 04:00:00,-0.0,24259.753975
2025-09-10 05:00:00,-0.0,-0.0
2025-09-10 06:00:00,594.44720453836,-0.0
2025-09-10 07:00:00,14945.523448602555,13533.362813397445
2025-09-10 08:00:00,37984.54090651754,-0.0
2025-09-10 09:00:00,45757.41470346963,-0.0
2025-09-10 10:00:00,47187.20754237386,-0.0
2025-09-10 11:00:00,47957.0811814229,-0.0
2025-09-10 12:00:00,47336.2526140657,-0.0
2025-09-10 13:00:00,47805.14763934944,-0.0
2025-09-10 14:00:00,46873.51965892942,-0.0
2025-09-10 15:00:00,45459.51712477806,-0.0
2025-09-10 16:00:00,41645.580832880805,-0.0
2025-09-10 17:00:00,30407.1202720554,-0.0
2025-09-10 18:00:00,7101.78584495461,-0.0
2025-09-10 19:00:00,141.53504869961,31624.44982830039
2025-09-10 20:00:00,-0.0,31332.2604709999
2025-09-10 21:00:00,-0.0,30329.347293
2025-09-10 22:00:00,-0.0,2265.9999580987424
2025-09-10 23:00:00,-0.0,26934.860113
2025-09-11 00:00:00,-0.0,25947.364176
2025-09-11 01:00:00,-0.0,25013.054527
2025-09-11 02:00:00,-0.0,-0.0
2025-09-11 03:00:00,-0.0,24114.80967
2025-09-11 04:00:00,-0.0,23503.759057
2025-09-11 05:00:00,-0.0,-0.0
2025-09-11 06:00:00,594.44720453836,25289.72369346154
2025-09-11 07:00:00,14945.523448602555,-0.0
2025-09-11 08:00:00,29469.435263,-0.0
2025-09-11 09:00:00,43472.342279409684,-0.0
2025-09-11 10:00:00,47187.20754237386,-0.0
2025-09-11 11:00:00,47957.0811814229,-0.0
2025-09-11 12:00:00,47336.2526140657,-0.0
2025-09-11 13:00:00,47805.14763934944,-0.0
2025-09-11 14:00:00,46873.51965892942,-0.0
2025-09-11 15:00:00,45459.51712477806,-0.0
2025-09-11 16:00:00,41645.580832880805,-0.0
2025-09-11 17:00:00,30407.1202720554,1127.1867679446004
2025-09-11 18:00:00,7101.78584495461,24372.89921504539
2025-09-11 19:00:00,141.53504869961,31358.71577630039
2025-09-11 20:00:00,-0.0,-0.0
2025-09-11 21:00:00,-0.0,30271.419468
2025-09-11 22:00:00,-0.0,28779.603165
2025-09-11 23:00:00,-0.0,26841.822627
2025-09-12 00:00:00,-0.0,-0.0
2025-09-12 01:00:00,-0.0,24888.058461
2025-09-12 02:00:00,-0.0,23808.779302
2025-09-12 03:00:00,-0.0,23633.855182
2025-09-12 04:00:00,-0.0,23484.742437
2025-09-12 05:00:00,-0.0,-0.0
2025-09-12 06:00:00,490.462270799875,-0.0
2025-09-12 07:00:00,13801.11148340285,4045.7979734143028
2025-09-12 08:00:00,31261.611047040362,-0.0
2025-09-12 09:00:00,43766.103222377555,-0.0
2025-09-12 10:00:00,46428.310090775,-0.0
2025-09-12 11:00:00,47461.99735801242,-0.0
2025-09-12 12:00:00,47169.10646131568,-0.0
2025-09-12 13:00:00,47376.883764100545,-0.0
2025-09-12 14:00:00,46980.58562774164,-0.0
2025-09-12 15:00:00,45673.649062402525,-0.0
2025-09-12 16:00:00,42952.90252760415,-0.0
2025-09-12 17:00:00,30608.157810616478,-0.0
2025-09-12 18:00:00,7137.795442378865,-0.0
2025-09-12 19:00:00,129.403473096785,31132.774732903217
2025-09-12 20:00:00,11.553881526495,20609.613599188313
2025-09-12 21:00:00,-0.0,29635.238465
2025-09-12 22:00:00,4.236423226382903,28345.54874177362
2025-09-12 23:00:00,-0.0,26698.996241
2025-09-13 00:00:00,-0.0,25828.177854
2025-09-13 01:00:00,-0.0,-0.0
2025-09-13 02:00:00,-0.0,23723.922821
2025-09-13 03:00:00,-0.0,-0.0
2025-09-13 04:00:00,-0.0,22711.328436
2025-09-13 05:00:00,-0.0,22754.054763
2025-09-13 06:00:00,463.50321390471004,-0.0
2025-09-13 07:00:00,14262.30392100226,-0.0
2025-09-13 08:00:00,27633.430435,-0.0
2025-09-13 09:00:00,28348.125195,-0.0
2025-09-13 10:00:00,43830.555022780354,-0.0
2025-09-13 11:00:00,47554.81353960863,-0.0
2025-09-13 12:00:00,47521.8849772581,-0.0
2025-09-13 13:00:00,47160.63361486291,-0.0
2025-09-13 14:00:00,46201.4688834714,-0.0
2025-09-13 15:00:00,45207.8350721925,-0.0
2025-09-13 16:00:00,42673.491159354984,-0.0
2025-09-13 17:00:00,30487.99744274089,-0.0
2025-09-13 18:00:00,6903.829341467264,-0.0
2025-09-13 19:00:00,216.82784331396002,29525.28594668604
2025-09-13 20:00:00,-0.0,-0.0
2025-09-13 21:00:00,1.1553881526498826,-0.0
2025-09-13 22:00:00,0.19256469210831376,27351.78800330789
2025-09-13 23:00:00,-0.0,25891.660178
2025-09-14 00:00:00,-0.0,-0.0
2025-09-14 01:00:00,-0.0,22468.516018676142
2025-09-14 02:00:00,-0.0,22713.96998
2025-09-14 03:00:00,-0.0,22162.535006
2025-09-14 04:00:00,-0.0,21733.727479
2025-09-14 05:00:00,-0.0,21722.138978
2025-09-14 06:00:00,420.94641694877004,21635.37911705123
2025-09-14 07:00:00,13954.392978321064,-0.0
2025-09-14 08:00:00,29932.070832891503,-0.0
2025-09-14 09:00:00,40941.756883224916,-0.0
2025-09-14 10:00:00,44604.14476243294,-0.0
2025-09-14 11:00:00,44546.375354800446,-0.0
2025-09-14 12:00:00,43162.6054773101,-0.0
2025-09-14 13:00:00,42286.24356352516,-0.0
2025-09-14 14:00:00,39787.13898934347,-0.0
2025-09-14 15:00:00,41464.7625869911,-0.0
2025-09-14 16:00:00,40375.03899435016,-0.0
2025-09-14 17:00:00,29994.64670155939,971.5132174406099
2025-09-14 18:00:00,6427.809422575515,25039.064934424485
2025-09-14 19:00:00,25.033409974079998,31328.79251202592
2025-09-14 20:00:00,-0.0,-0.0
2025-09-14 21:00:00,-0.0,-0.0
2025-09-14 22:00:00,-0.0,28041.6276989999
2025-09-14 23:00:00,-0.0,26030.820867
2025-09-15 00:00:00,-0.0,24995.339261
2025-09-15 01:00:00,-0.0,23997.9366119999
2025-09-15 02:00:00,-0.0,23653.842509
2025-09-15 03:00:00,-0.0,23116.250045
2025-09-15 04:00:00,-0.0,-0.0
2025-09-15 05:00:00,-0.0,21460.901737195087
2025-09-15 06:00:00,404.00072404324,25423.84973095676
2025-09-15 07:00:00,14074.360781504543,13629.607818495457
2025-09-15 08:00:00,36309.61321455943,-0.0
2025-09-15 09:00:00,44436.42091560659,-0.0
2025-09-15 10:00:00,45959.99275956758,-0.0
2025-09-15 11:00:00,45930.3377969829,-0.0
2025-09-15 12:00:00,46481.8430751811,-0.0
2025-09-15 13:00:00,44280.63607969098,-0.0
2025-09-15 14:00:00,42990.452642565266,-0.0
2025-09-15 15:00:00,42367.31329890277,-0.0
2025-09-15 16:00:00,40403.538568782176,-0.0
2025-09-15 17:00:00,29493.208243309342,8596.15575569066
2025-09-15 18:00:00,6189.992027821745,31745.938495178256
2025-09-15 19:00:00,79.72178253284001,36714.79691646716
2025-09-15 20:00:00,31.388044813655,35630.214241186346
2025-09-15 21:00:00,29.269833200460003,33599.32243879954
2025-09-15 22:00:00,-0.0,31092.953959
2025-09-15 23:00:00,-0.0,28634.358353
2025-09-16 00:00:00,-0.0,-0.0
2025-09-16 01:00:00,-0.0,25769.587218
2025-09-16 02:00:00,-0.0,25194.31767
2025-09-16 03:00:00,-0.0,24784.85945
2025-09-16 04:00:00,-0.0,24056.881221
2025-09-16 05:00:00,-0.0,-0.0
2025-09-16 06:00:00,294.23884954150003,11213.314190583307
2025-09-16 07:00:00,12391.7305018621,16061.4861491379
2025-09-16 08:00:00,36063.515538045,-0.0
2025-09-16 09:00:00,44522.88246236323,-0.0
2025-09-16 10:00:00,46866.009635937204,-0.0
2025-09-16 11:00:00,46314.50435773898,-0.0
2025-09-16 12:00:00,45934.57422020928,-0.0
2025-09-16 13:00:00,45586.41725687745,-0.0
2025-09-16 14:00:00,45981.3674403916,-0.0
2025-09-16 15:00:00,44539.44302588455,-0.0
2025-09-16 16:00:00,41706.04614620282,-0.0
2025-09-16 17:00:00,28298.922022853578,-0.0
2025-09-16 18:00:00,5699.914886406085,445.9954045939148
2025-09-16 19:00:00,15.405175368665,38871.08521163133
2025-09-16 20:00:00,-0.0,37554.29847
2025-09-16 21:00:00,-0.0,35542.076363
2025-09-16 22:00:00,-0.0,32941.822078
2025-09-16 23:00:00,-0.0,30301.431162
2025-09-17 00:00:00,1.3479528447581965,-0.0
2025-09-17 01:00:00,-0.0,-0.0
2025-09-17 02:00:00,-0.0,26535.6527599999
2025-09-17 03:00:00,-0.0,26041.338301
2025-09-17 04:00:00,-0.0,25895.998369
2025-09-17 05:00:00,-0.0,25829.662046
2025-09-17 06:00:00,236.85457129322498,27401.636359706776
2025-09-17 07:00:00,10222.87437464616,19140.54080635384
2025-09-17 08:00:00,31932.617762937458,1112.014587062542
2025-09-17 09:00:00,41156.46651492569,-0.0
2025-09-17 10:00:00,43693.50633345272,-0.0
2025-09-17 11:00:00,43541.95792076348,-0.0
2025-09-17 12:00:00,41890.33055655048,-0.0
2025-09-17 13:00:00,37677.97791668111,-0.0
2025-09-17 14:00:00,32005.4072165544,6572.6991664456
2025-09-17 15:00:00,25819.651611959038,13706.767540040964
2025-09-17 16:00:00,20763.67305596315,18525.51851003685
2025-09-17 17:00:00,12314.704625018776,26052.980510981222
2025-09-17 18:00:00,2197.548266340075,35054.36130865992
2025-09-17 19:00:00,-0.0,2574.200116
2025-09-17 20:00:00,-0.0,35227.596132
2025-09-17 21:00:00,-0.0,33962.328244
2025-09-17 22:00:00,-0.0,32199.269019
2025-09-17 23:00:00,0.3851293842166275,29892.317536615785
2025-09-18 00:00:00,-0.0,28667.769847
2025-09-18 01:00:00,-0.0,27632.49014
2025-09-18 02:00:00,5.006681994815,26996.115933005185
2025-09-18 03:00:00,-0.0,26467.959393
2025-09-18 04:00:00,-0.0,25947.350869
2025-09-18 05:00:00,-0.0,26443.553105
2025-09-18 06:00:00,17.523386981855,27897.240141018145
2025-09-18 07:00:00,2094.911285446345,26936.537185553654
2025-09-18 08:00:00,7269.50969178095,22781.60261921905
2025-09-18 09:00:00,14249.402086631006,16993.888079368993
2025-09-18 10:00:00,17202.189075419887,14773.737817580113
2025-09-18 11:00:00,20092.585103965674,13175.484297034327
2025-09-18 12:00:00,22599.584830523814,11169.864032476184
2025-09-18 13:00:00,23478.835214690374,10586.295729309622
2025-09-18 14:00:00,18143.06016106111,15660.110938938891
2025-09-18 15:00:00,16903.52123795989,17993.67501004011
2025-09-18 16:00:00,9567.769292093679,24966.69030090632
2025-09-18 17:00:00,4864.95438142444,29343.331006575558
2025-09-18 18:00:00,841.12257512911,33219.839568870884
2025-09-18 19:00:00,54.110678482435,33735.91008351756
2025-09-18 20:00:00,-0.0,33046.320768
2025-09-18 21:00:00,-0.0,32191.774551
2025-09-18 22:00:00,-0.0,30549.627526
2025-09-18 23:00:00,-0.0,28651.616437
2025-09-19 00:00:00,-0.0,27257.6283039999
2025-09-19 01:00:00,-0.0,25808.219022
2025-09-19 02:00:00,-0.0,24846.3576499999
2025-09-19 03:00:00,-0.0,24539.521032
2025-09-19 04:00:00,-0.0,24176.990525
2025-09-19 05:00:00,-0.0,25012.072257
2025-09-19 06:00:00,54.30324317454,26572.28725582546
2025-09-19 07:00:00,4855.32614681902,22938.95222418098
2025-09-19 08:00:00,17205.46267518573,11617.970989814272
2025-09-19 09:00:00,25900.33621795242,4318.97479204748
2025-09-19 10:00:00,33338.14745063604,-0.0
2025-09-19 11:00:00,37753.655840679676,-0.0
2025-09-19 12:00:00,38552.60674823706,-0.0
2025-09-19 13:00:00,38626.55159000666,-0.0
2025-09-19 14:00:00,36453.26647487224,-0.0
2025-09-19 15:00:00,35795.27292193813,-0.0
2025-09-19 16:00:00,33648.17660493043,1065.1600800695742
2025-09-19 17:00:00,23483.071637916757,10441.491702393483
2025-09-19 18:00:00,4632.143668665485,29956.761115334513
2025-09-19 19:00:00,8.087717068545,33520.027257931455
2025-09-19 20:00:00,-0.0,32533.1110449999
2025-09-19 21:00:00,24.455715897755,31664.068766102246
2025-09-19 22:00:00,-0.0,30275.842244
2025-09-19 23:00:00,-0.0,28280.803607
2025-09-20 00:00:00,-0.0,26948.919648
2025-09-20 01:00:00,-0.0,25453.451618
2025-09-20 02:00:00,-0.0,24294.730142
2025-09-20 03:00:00,-0.0,23702.179903
2025-09-20 04:00:00,-0.0,23232.680934
2025-09-20 05:00:00,-0.0,-0.0
2025-09-20 06:00:00,229.15198360889,23543.539710391113
2025-09-20 07:00:00,11789.77327433151,13087.794788668489
2025-09-20 08:00:00,34427.871043276995,-0.0
2025-09-20 09:00:00,43532.907380234385,-0.0
2025-09-20 10:00:00,46605.469607514635,-0.0
2025-09-20 11:00:00,46858.11448356075,-0.0
2025-09-20 12:00:00,46216.68149414796,-0.0
2025-09-20 13:00:00,45151.9913114811,-0.0
2025-09-20 14:00:00,45918.59135076428,-0.0
2025-09-20 15:00:00,45219.58151841111,-0.0
2025-09-20 16:00:00,42206.32921630021,-0.0
2025-09-20 17:00:00,28022.39912498604,5450.984350013961
2025-09-20 18:00:00,5720.711873153785,27344.278959846117
2025-09-20 19:00:00,131.32912001787,31884.11144198213
2025-09-20 20:00:00,-0.0,31191.098777
2025-09-20 21:00:00,-0.0,30095.944033
2025-09-20 22:00:00,-0.0,28753.742797
2025-09-20 23:00:00,-0.0,27029.0213749999
2025-09-21 00:00:00,-0.0,-0.0
2025-09-21 01:00:00,-0.0,-0.0
2025-09-21 02:00:00,-0.0,23378.389425
2025-09-21 03:00:00,-0.0,22731.031638
2025-09-21 04:00:00,-0.0,22141.975925
2025-09-21 05:00:00,-0.0,22067.426992
2025-09-21 06:00:00,48.91143179551,-0.0
2025-09-21 07:00:00,7399.298294261955,16446.69456473805
2025-09-21 08:00:00,24803.68029639557,1572.7858846044292
2025-09-21 09:00:00,32524.1764970942,-0.0
2025-09-21 10:00:00,34347.76413135993,-0.0
2025-09-21 11:00:00,34249.94126776891,-0.0
2025-09-21 12:00:00,32568.273811587005,-0.0
2025-09-21 13:00:00,30333.56055967002,-0.0
2025-09-21 14:00:00,30354.16498172561,-0.0
2025-09-21 15:00:00,28862.173747270397,-0.0
2025-09-21 16:00:00,25199.01560929394,3317.7026357060604
2025-09-21 17:00:00,17514.72157071168,13004.183344288318
2025-09-21 18:00:00,3601.1523071175748,27499.128566882424
2025-09-21 19:00:00,205.659091171675,30833.791299828325
2025-09-21 20:00:00,5.969505455355,-0.0
2025-09-21 21:00:00,-0.0,29405.370167
2025-09-21 22:00:00,-0.0,27915.455724
2025-09-21 23:00:00,-0.0,26252.058837
2025-09-22 00:00:00,-0.0,25181.573369
2025-09-22 01:00:00,-0.0,23894.111736
2025-09-22 02:00:00,-0.0,23631.996892
2025-09-22 03:00:00,-0.0,23090.033927
2025-09-22 04:00:00,-0.0,22886.683265
2025-09-22 05:00:00,-0.0,-0.0
2025-09-22 06:00:00,50.83707871659,25640.586306283407
2025-09-22 07:00:00,5071.57629605666,21538.051547943338
2025-09-22 08:00:00,22162.46297943794,5999.7035985620605
2025-09-22 09:00:00,33516.07722614412,-0.0
2025-09-22 10:00:00,38041.54005538161,-0.0
2025-09-22 11:00:00,40953.50332944353,-0.0
2025-09-22 12:00:00,43494.77957119694,-0.0
2025-09-22 13:00:00,41665.800125552174,-0.0
2025-09-22 14:00:00,42668.291912668064,-0.0
2025-09-22 15:00:00,41989.886502370464,-0.0
2025-09-22 16:00:00,38447.65899103804,-0.0
2025-09-22 17:00:00,22982.210873743035,13859.924690256961
2025-09-22 18:00:00,3547.0416286351397,33156.04662236486
2025-09-22 19:00:00,29.077268508355,35809.81769549164
2025-09-22 20:00:00,-0.0,34544.0483679999
2025-09-22 21:00:00,-0.0,33108.036792
2025-09-22 22:00:00,-0.0,30857.9171399999
2025-09-22 23:00:00,-0.0,28607.129213
2025-09-23 00:00:00,-0.0,27428.57998
2025-09-23 01:00:00,-0.0,25763.894166
2025-09-23 02:00:00,-0.0,-0.0
2025-09-23 03:00:00,6.162070147464999,24304.962951852536
2025-09-23 04:00:00,-0.0,24105.299998
2025-09-23 05:00:00,-0.0,-0.0
2025-09-23 06:00:00,180.62568119759501,26534.886578802405
2025-09-23 07:00:00,10747.420595949205,17881.1657280507
2025-09-23 08:00:00,31785.690902858816,-0.0
2025-09-23 09:00:00,40412.396544619165,-0.0
2025-09-23 10:00:00,43815.97747763361,-0.0
2025-09-23 11:00:00,43680.02680500514,-0.0
2025-09-23 12:00:00,43711.41484981879,-0.0
2025-09-23 13:00:00,44222.288977982156,-0.0
2025-09-23 14:00:00,42553.90848555572,-0.0
2025-09-23 15:00:00,39835.47272706265,-0.0
2025-09-23 16:00:00,36400.88887861877,2676.9833543812347
2025-09-23 17:00:00,22792.342087324236,16806.89812467576
2025-09-23 18:00:00,3383.169075650965,35217.721336348935
2025-09-23 19:00:00,-0.0,37412.524964
2025-09-23 20:00:00,-0.0,36380.901574
2025-09-23 21:00:00,-0.0,34851.396152
2025-09-23 22:00:00,-0.0,32437.979757
2025-09-23 23:00:00,-0.0,30107.823064
2025-09-24 00:00:00,-0.0,28709.158622
2025-09-24 01:00:00,-0.0,26998.662389
2025-09-24 02:00:00,-0.0,25967.750097
2025-09-24 03:00:00,-0.0,25664.965188
2025-09-24 04:00:00,-0.0,25000.985494
2025-09-24 05:00:00,-0.0,25872.402057
2025-09-24 06:00:00,156.747659376165,27475.273010623838
2025-09-24 07:00:00,9065.560575075195,530.2243743579038
2025-09-24 08:00:00,23744.959619184065,7126.0492438159345
2025-09-24 09:00:00,30918.18696491086,2117.5484650891412
2025-09-24 10:00:00,33754.279750282105,22.604704717894492
2025-09-24 11:00:00,37484.06527172803,-0.0
2025-09-24 12:00:00,39563.1862524215,-0.0
2025-09-24 13:00:00,38617.115920093354,-0.0
2025-09-24 14:00:00,39563.1862524215,-0.0
2025-09-24 15:00:00,40123.7420711488,-0.0
2025-09-24 16:00:00,36865.16235129192,-0.0
2025-09-24 17:00:00,21271.273584360664,14919.139140639236
2025-09-24 18:00:00,3227.96193381166,-0.0
2025-09-24 19:00:00,335.062564268465,34253.251425731534
2025-09-24 20:00:00,-0.0,33282.6665529999
2025-09-24 21:00:00,-0.0,32478.181144
2025-09-24 22:00:00,-0.0,30429.989347
2025-09-24 23:00:00,-0.0,28395.316563
2025-09-25 00:00:00,-0.0,26963.9698369999
2025-09-25 01:00:00,-0.0,25570.419731
2025-09-25 02:00:00,-0.0,-0.0
2025-09-25 03:00:00,-0.0,23947.4649079999
2025-09-25 04:00:00,-0.0,23753.446286
2025-09-25 05:00:00,-0.0,24677.248537
2025-09-25 06:00:00,132.29194347841002,26252.280415521593
2025-09-25 07:00:00,10471.282827465884,17532.121243534115
2025-09-25 08:00:00,31236.4964009659,-0.0
2025-09-25 09:00:00,41134.129010641125,-0.0
2025-09-25 10:00:00,43078.069577474555,-0.0
2025-09-25 11:00:00,44491.10928816536,-0.0
2025-09-25 12:00:00,45196.85888474233,-0.0
2025-09-25 13:00:00,44775.33477371723,-0.0
2025-09-25 14:00:00,44803.25665407293,-0.0
2025-09-25 15:00:00,43617.44328006994,-0.0
2025-09-25 16:00:00,40094.08710856413,-0.0
2025-09-25 17:00:00,22248.346832118248,-0.0
2025-09-25 18:00:00,2803.934481789155,29563.359387210847
2025-09-25 19:00:00,195.45316248993498,31448.681756510065
2025-09-25 20:00:00,-0.0,30966.129151
2025-09-25 21:00:00,-0.0,30030.899199
2025-09-25 22:00:00,-0.0,28632.148901
2025-09-25 23:00:00,-0.0,26591.528376
2025-09-26 00:00:00,-0.0,25593.6788
2025-09-26 01:00:00,-0.0,-0.0
2025-09-26 02:00:00,-0.0,24285.235604
2025-09-26 03:00:00,-0.0,-0.0
2025-09-26 04:00:00,-0.0,23450.939853
2025-09-26 05:00:00,-0.0,24024.538158
2025-09-26 06:00:00,112.457780191255,25558.472181808742
2025-09-26 07:00:00,10013.74911901653,-0.0
2025-09-26 08:00:00,32239.75844685022,-0.0
2025-09-26 09:00:00,41873.76999302916,-0.0
2025-09-26 10:00:00,44924.95753948539,-0.0
2025-09-26 11:00:00,45362.079390571256,-0.0
2025-09-26 12:00:00,45392.31204723227,-0.0
2025-09-26 13:00:00,43818.0956892468,-0.0
2025-09-26 14:00:00,39757.09889737457,-0.0
2025-09-26 15:00:00,36893.08423164762,-0.0
2025-09-26 16:00:00,33044.293730478756,-0.0
2025-09-26 17:00:00,18949.135962226508,11714.093462773391
2025-09-26 18:00:00,2739.42530993287,28166.037127067128
2025-09-26 19:00:00,115.346250572875,30296.798743427124
2025-09-26 20:00:00,132.869637554735,29807.442827445266
2025-09-26 21:00:00,11.746446218605,29326.848428781395
2025-09-26 22:00:00,-0.0,28137.247561
2025-09-26 23:00:00,-0.0,26508.4838319999
2025-09-27 00:00:00,-0.0,25446.873052
2025-09-27 01:00:00,-0.0,24071.042405
2025-09-27 02:00:00,-0.0,23096.86982
2025-09-27 03:00:00,-0.0,22493.0808269999
2025-09-27 04:00:00,-0.0,22478.516323
2025-09-27 05:00:00,-0.0,22520.231017
2025-09-27 06:00:00,41.208844111175,-0.0
2025-09-27 07:00:00,6732.446765490866,17365.462386509134
2025-09-27 08:00:00,25248.11960578156,-0.0
2025-09-27 09:00:00,34243.97176231355,-0.0
2025-09-27 10:00:00,37248.173523895355,-0.0
2025-09-27 11:00:00,36033.09031669189,-0.0
2025-09-27 12:00:00,36266.478723527165,-0.0
2025-09-27 13:00:00,35671.83895429669,-0.0
2025-09-27 14:00:00,36833.77430647826,-0.0
2025-09-27 15:00:00,32918.16385714781,-0.0
2025-09-27 16:00:00,28815.573091780185,-0.0
2025-09-27 17:00:00,15313.707139913655,12701.011580086244
2025-09-27 18:00:00,1394.746064940515,27067.100361059383
2025-09-27 19:00:00,-0.0,28441.627721
2025-09-27 20:00:00,-0.0,28042.335756
2025-09-27 21:00:00,-0.0,-0.0
2025-09-27 22:00:00,-0.0,12880.710220077717
2025-09-27 23:00:00,-0.0,-0.0
2025-09-28 00:00:00,-0.0,24189.133186
2025-09-28 01:00:00,-0.0,-0.0
2025-09-28 02:00:00,-0.0,22246.480159
2025-09-28 03:00:00,-0.0,-0.0
2025-09-28 04:00:00,-0.0,21541.084973
2025-09-28 05:00:00,-0.0,21611.022556
2025-09-28 06:00:00,43.712185108585004,21754.893542891412
2025-09-28 07:00:00,7735.323681990964,14927.738754009035
2025-09-28 08:00:00,30127.90146849834,-0.0
2025-09-28 09:00:00,39770.96355520637,-0.0
2025-09-28 10:00:00,41698.728687902694,-0.0
2025-09-28 11:00:00,44009.312428510355,-0.0
2025-09-28 12:00:00,44146.996183367795,-0.0
2025-09-28 13:00:00,43112.73122205405,-0.0
2025-09-28 14:00:00,42638.251820699166,-0.0
2025-09-28 15:00:00,39439.55972008797,-0.0
2025-09-28 16:00:00,33497.0133216254,-0.0
2025-09-28 17:00:00,19631.007536982044,-0.0
2025-09-28 18:00:00,2329.8402098184847,26267.997702181514
2025-09-28 19:00:00,-0.0,-0.0
2025-09-28 20:00:00,-0.0,28093.534982
2025-09-28 21:00:00,-0.0,27313.933009
2025-09-28 22:00:00,-0.0,25968.773802
2025-09-28 23:00:00,-0.0,24650.647224
2025-09-29 00:00:00,-0.0,23891.686553
2025-09-29 01:00:00,-0.0,-0.0
2025-09-29 02:00:00,-0.0,22875.132571
2025-09-29 03:00:00,-0.0,22563.5121149999
2025-09-29 04:00:00,-0.0,22247.744896
2025-09-29 05:00:00,-0.0,23175.733909
2025-09-29 06:00:00,85.30615860398001,24979.63229139602
2025-09-29 07:00:00,8707.77537713795,18311.99535686205
2025-09-29 08:00:00,28128.694835029826,-0.0
2025-09-29 09:00:00,37244.129665361084,-0.0
2025-09-29 10:00:00,40532.36434780264,-0.0
2025-09-29 11:00:00,41466.30310452797,-0.0
2025-09-29 12:00:00,43449.52686855149,-0.0
2025-09-29 13:00:00,43772.842986601354,-0.0
2025-09-29 14:00:00,40745.340897274444,-0.0
2025-09-29 15:00:00,39367.92565462367,-0.0
2025-09-29 16:00:00,35347.17488340208,-0.0
2025-09-29 17:00:00,19373.548543633235,11593.358948366764
2025-09-29 18:00:00,1998.43637470008,-0.0
2025-09-29 19:00:00,547.84654904815,-0.0
2025-09-29 20:00:00,192.75725680042,29449.02151019958
2025-09-29 21:00:00,-0.0,28606.320244
2025-09-29 22:00:00,-0.0,27192.44174
2025-09-29 23:00:00,-0.0,25356.54913
2025-09-30 00:00:00,-0.0,24570.70272
2025-09-30 01:00:00,-0.0,-0.0
2025-09-30 02:00:00,-0.0,-0.0
2025-09-30 03:00:00,-0.0,23136.848818
2025-09-30 04:00:00,-0.0,22980.94674
2025-09-30 05:00:00,-0.0,23776.084713
2025-09-30 06:00:00,73.367147693265,25702.399327306735
2025-09-30 07:00:00,9034.942789029974,18186.097207970026
2025-09-30 08:00:00,31278.475503845515,-0.0
2025-09-30 09:00:00,42394.65748518215,-0.0
2025-09-30 10:00:00,45991.76593376545,-0.0
2025-09-30 11:00:00,46793.60531170448,-0.0
2025-09-30 12:00:00,45871.60556588986,-0.0
2025-09-30 13:00:00,45022.202709000085,-0.0
2025-09-30 14:00:00,41897.648014850594,-0.0
2025-09-30 15:00:00,40635.771587464806,-0.0
2025-09-30 16:00:00,35805.863980004084,-0.0
2025-09-30 17:00:00,20264.930503402615,9822.794494597387
2025-09-30 18:00:00,1936.0454144569849,28531.839142542914
2025-09-30 19:00:00,23.300327745105,30052.519283254893
2025-09-30 20:00:00,-0.0,4490.839212812763
2025-09-30 21:00:00,-0.0,-0.0
2025-09-30 22:00:00,-0.0,27248.83978
2025-09-30 23:00:00,-0.0,25504.946698
2025-10-01 00:00:00,-0.0,24821.589947
2025-10-01 01:00:00,-0.0,23928.122766
2025-10-01 02:00:00,-0.0,23829.103113
2025-10-01 03:00:00,-0.0,-0.0
2025-10-01 04:00:00,-0.0,22579.404849
2025-10-01 05:00:00,-0.0,-0.0
2025-10-01 06:00:00,76.25561807489,25085.448296925108
2025-10-01 07:00:00,9747.239585138626,16975.78773786137
2025-10-01 08:00:00,32544.588354457683,-0.0
2025-10-01 09:00:00,42548.13154479248,-0.0
2025-10-01 10:00:00,44693.68734426331,-0.0
2025-10-01 11:00:00,45464.9089361571,-0.0
2025-10-01 12:00:00,45724.10101173489,-0.0
2025-10-01 13:00:00,45341.66753320778,-0.0
2025-10-01 14:00:00,44785.925831783185,-0.0
2025-10-01 15:00:00,43329.94419475223,-0.0
2025-10-01 16:00:00,39210.60030117118,-0.0
2025-10-01 17:00:00,20196.570037704165,10219.698576295836
2025-10-01 18:00:00,1990.34865763153,16250.894062025458
2025-10-01 19:00:00,12.516704987039999,30791.85931801296
2025-10-01 20:00:00,-0.0,-0.0
2025-10-01 21:00:00,-0.0,28817.337945
2025-10-01 22:00:00,-0.0,27366.585814
2025-10-01 23:00:00,-0.0,-0.0
2025-10-02 00:00:00,-0.0,25010.241708
2025-10-02 01:00:00,-0.0,23908.661717
2025-10-02 02:00:00,-0.0,23572.8334689999
2025-10-02 03:00:00,-0.0,23125.5864669999
2025-10-02 04:00:00,-0.0,22908.725678
2025-10-02 05:00:00,-0.0,23618.23848
2025-10-02 06:00:00,68.74559508266499,25204.344241917333
2025-10-02 07:00:00,9610.518653741725,16972.426368258275
2025-10-02 08:00:00,31736.97203575541,-0.0
2025-10-02 09:00:00,40047.87158245813,-0.0
2025-10-02 10:00:00,42495.36881915479,-0.0
2025-10-02 11:00:00,43580.27829449303,-0.0
2025-10-02 12:00:00,43015.67861723145,-0.0
2025-10-02 13:00:00,42486.895972702034,-0.0
2025-10-02 14:00:00,40500.78373829689,-0.0
2025-10-02 15:00:00,37018.63641090225,-0.0
2025-10-02 16:00:00,31232.837671815843,-0.0
2025-10-02 17:00:00,15535.926794606645,14554.329704393354
2025-10-02 18:00:00,1591.354615583105,-0.0
2025-10-02 19:00:00,1.925646921083138,-0.0
2025-10-02 20:00:00,-0.0,29302.817841
2025-10-02 21:00:00,-0.0,28782.682627
2025-10-02 22:00:00,-0.0,27602.324954
2025-10-02 23:00:00,-0.0,25578.4892259999
2025-10-03 00:00:00,-0.0,24717.04557303
2025-10-03 01:00:00,-0.0,23681.5277402199
2025-10-03 02:00:00,-0.0,23007.228712
2025-10-03 03:00:00,-0.0,23058.716925
2025-10-03 04:00:00,-0.0,-0.0
2025-10-03 05:00:00,-0.0,23835.220129
2025-10-03 06:00:00,64.124042472065,-0.0
2025-10-03 07:00:00,8240.998563467394,18080.141193532607
2025-10-03 08:00:00,28191.470924657136,-0.0
2025-10-03 09:00:00,38254.90173423762,-0.0
2025-10-03 10:00:00,40042.6723357712,-0.0
2025-10-03 11:00:00,42633.437703396456,-0.0
2025-10-03 12:00:00,44035.6937913292,-0.0
2025-10-03 13:00:00,43782.856350590984,-0.0
2025-10-03 14:00:00,43679.83424031304,-0.0
2025-10-03 15:00:00,40235.62215726374,-0.0
2025-10-03 16:00:00,36094.711018166556,-0.0
2025-10-03 17:00:00,19703.9895552911,7793.333953708901
2025-10-03 18:00:00,1863.44852553215,26381.11147946785
2025-10-03 19:00:00,8.087717068545,-0.0
2025-10-03 20:00:00,-0.0,27294.182889
2025-10-03 21:00:00,-0.0,3775.3494344396677
2025-10-03 22:00:00,-0.0,25731.9845799999
2025-10-03 23:00:00,-0.0,24462.175552
2025-10-04 00:00:00,-0.0,24023.1344
2025-10-04 01:00:00,-0.0,22733.730693
2025-10-04 02:00:00,-0.0,22089.517327
2025-10-04 03:00:00,-0.0,21446.21579
2025-10-04 04:00:00,-0.0,21085.1325579999
2025-10-04 05:00:00,-0.0,21486.267933
2025-10-04 06:00:00,39.283197190095,-0.0
2025-10-04 07:00:00,9088.668338128191,-0.0
2025-10-04 08:00:00,31228.02355451314,-0.0
2025-10-04 09:00:00,38169.98070501785,-0.0
2025-10-04 10:00:00,39711.65363003701,-0.0
2025-10-04 11:00:00,40070.20908674269,-0.0
2025-10-04 12:00:00,39465.363388830476,-0.0
2025-10-04 13:00:00,38630.78801323305,-0.0
2025-10-04 14:00:00,35854.19771772327,-0.0
2025-10-04 15:00:00,35172.711272351946,-0.0
2025-10-04 16:00:00,31565.01176570269,-0.0
2025-10-04 17:00:00,19350.248215888125,5890.692456111876
2025-10-04 18:00:00,1435.954909051695,-0.0
2025-10-04 19:00:00,-0.0,16352.836835203416
2025-10-04 20:00:00,-0.0,-0.0
2025-10-04 21:00:00,-0.0,25592.265886
2025-10-04 22:00:00,-0.0,-0.0
2025-10-04 23:00:00,-0.0,23192.981049
2025-10-05 00:00:00,-0.0,-0.0
2025-10-05 01:00:00,-0.0,21550.119941
2025-10-05 02:00:00,-0.0,20962.451817
2025-10-05 03:00:00,-0.0,20342.311027
2025-10-05 04:00:00,-0.0,20207.776647
2025-10-05 05:00:00,-0.0,20578.0475539999
2025-10-05 06:00:00,46.985784874425,20733.910570125576
2025-10-05 07:00:00,9304.340793289504,12151.396764710496
2025-10-05 08:00:00,22760.8582289999,-0.0
2025-10-05 09:00:00,23852.6934421,-0.0
2025-10-05 10:00:00,38755.755753715566,-0.0
2025-10-05 11:00:00,44928.03857455912,-0.0
2025-10-05 12:00:00,44441.23503290931,-0.0
2025-10-05 13:00:00,44397.907977184936,-0.0
2025-10-05 14:00:00,43665.77701778913,-0.0
2025-10-05 15:00:00,42323.79367848628,-0.0
2025-10-05 16:00:00,38311.32318902535,-0.0
2025-10-05 17:00:00,19250.307140683908,-0.0
2025-10-05 18:00:00,1512.7882212029099,26523.28974279709
2025-10-05 19:00:00,35.23933865582,27970.099595344178
2025-10-05 20:00:00,-0.0,27107.699427
2025-10-05 21:00:00,-0.0,26286.051325
2025-10-05 22:00:00,-0.0,24896.725401
2025-10-05 23:00:00,-0.0,23490.6167609999
2025-10-06 00:00:00,-0.0,-0.0
2025-10-06 01:00:00,-0.0,-0.0
2025-10-06 02:00:00,-0.0,20737.123717
2025-10-06 03:00:00,-0.0,20516.160834
2025-10-06 04:00:00,-0.0,-0.0
2025-10-06 05:00:00,-0.0,1856.3899444326235
2025-10-06 06:00:00,36.587291500575,-0.0
2025-10-06 07:00:00,8943.281995586414,16362.655598413585
2025-10-06 08:00:00,29429.464438927578,-0.0
2025-10-06 09:00:00,43879.13869664514,-0.0
2025-10-06 10:00:00,45708.31070698201,-0.0
2025-10-06 11:00:00,45447.96324325156,-0.0
2025-10-06 12:00:00,44610.49939727252,-0.0
2025-10-06 13:00:00,44648.81977100207,-0.0
2025-10-06 14:00:00,44763.39576280651,-0.0
2025-10-06 15:00:00,44295.46356098331,-0.0
2025-10-06 16:00:00,39277.997943409086,-0.0
2025-10-06 17:00:00,18309.243490350585,11463.853464649314
2025-10-06 18:00:00,1221.245277350925,29389.790608649077
2025-10-06 19:00:00,31.58060950576,20895.923396611965
2025-10-06 20:00:00,46.215526105994996,-0.0
2025-10-06 21:00:00,19.641598595045,27853.744446404955
2025-10-06 22:00:00,-0.0,26054.134155
2025-10-06 23:00:00,-0.0,-0.0
2025-10-07 00:00:00,-0.0,-0.0
2025-10-07 01:00:00,-0.0,22455.050497
2025-10-07 02:00:00,-0.0,22132.4054049999
2025-10-07 03:00:00,-0.0,21828.468125
2025-10-07 04:00:00,-0.0,21335.158469
2025-10-07 05:00:00,-0.0,22377.669415
2025-10-07 06:00:00,32.158303582085,-0.0
2025-10-07 07:00:00,8485.363157752845,17273.223032287045
2025-10-07 08:00:00,32409.407940597644,-0.0
2025-10-07 09:00:00,42390.228497263655,-0.0
2025-10-07 10:00:00,44276.7847858488,-0.0
2025-10-07 11:00:00,44512.29140429728,-0.0
2025-10-07 12:00:00,44176.84371064459,-0.0
2025-10-07 13:00:00,43991.59647683639,-0.0
2025-10-07 14:00:00,44541.75380218985,-0.0
2025-10-07 15:00:00,43725.85720172692,-0.0
2025-10-07 16:00:00,38329.039140699315,-0.0
2025-10-07 17:00:00,17358.936734796054,-0.0
2025-10-07 18:00:00,1149.8037765787399,29658.97699942126
2025-10-07 19:00:00,7.51002299222,1989.437854702447
2025-10-07 20:00:00,-0.0,29000.744877
2025-10-07 21:00:00,-0.0,27958.600927
2025-10-07 22:00:00,-0.0,26347.191522
2025-10-07 23:00:00,-0.0,24481.0779249999
2025-10-08 00:00:00,-0.0,23659.61726
2025-10-08 01:00:00,-0.0,22719.23449
2025-10-08 02:00:00,-0.0,22194.330103
2025-10-08 03:00:00,-0.0,22229.801599
2025-10-08 04:00:00,-0.0,-0.0
2025-10-08 05:00:00,-0.0,-0.0
2025-10-08 06:00:00,15.79030475288,24653.26836224712
2025-10-08 07:00:00,7714.911824627479,-0.0
2025-10-08 08:00:00,30640.70124358278,-0.0
2025-10-08 09:00:00,41360.777653252604,-0.0
2025-10-08 10:00:00,44378.26637858989,-0.0
2025-10-08 11:00:00,44382.69536650837,-0.0
2025-10-08 12:00:00,43960.78612609906,-0.0
2025-10-08 13:00:00,43957.12739694901,-0.0
2025-10-08 14:00:00,43346.312193581434,-0.0
2025-10-08 15:00:00,42801.35411491491,-0.0
2025-10-08 16:00:00,36939.49232244573,-0.0
2025-10-08 17:00:00,16834.1979488009,11828.9016211991
2025-10-08 18:00:00,1031.376490932125,28195.288165067876
2025-10-08 19:00:00,-0.0,28916.488867
2025-10-08 20:00:00,-0.0,-0.0
2025-10-08 21:00:00,-0.0,27084.554586
2025-10-08 22:00:00,-0.0,25857.6293349999
2025-10-08 23:00:00,-0.0,24069.280332
2025-10-09 00:00:00,-0.0,23398.467763
2025-10-09 01:00:00,-0.0,-0.0
2025-10-09 02:00:00,-0.0,22069.984918
2025-10-09 03:00:00,-0.0,21729.068628
2025-10-09 04:00:00,-0.0,21914.931556
2025-10-09 05:00:00,-0.0,20927.564963324734
2025-10-09 06:00:00,-0.0,24342.84402
2025-10-09 07:00:00,5030.945146021805,-0.0
2025-10-09 08:00:00,24929.425040342303,1431.9154046575968
2025-10-09 09:00:00,34676.85719017304,-0.0
2025-10-09 10:00:00,36033.09031669189,-0.0
2025-10-09 11:00:00,34851.32080122317,-0.0
2025-10-09 12:00:00,34301.548605253935,-0.0
2025-10-09 13:00:00,33940.29724285874,-0.0
2025-10-09 14:00:00,30995.597971138406,-0.0
2025-10-09 15:00:00,27189.749396309693,-0.0
2025-10-09 16:00:00,21535.664906625378,5463.462123374622
2025-10-09 17:00:00,10597.605265488939,-0.0
2025-10-09 18:00:00,1299.4265423469,27835.9563936531
2025-10-09 19:00:00,504.13436393956505,28764.759024060437
2025-10-09 20:00:00,-0.0,28216.893437
2025-10-09 21:00:00,-0.0,27528.844685
2025-10-09 22:00:00,-0.0,26041.243989
2025-10-09 23:00:00,-0.0,24424.969553
2025-10-10 00:00:00,-0.0,-0.0
2025-10-10 01:00:00,-0.0,22914.321873
2025-10-10 02:00:00,-0.0,22228.213885
2025-10-10 03:00:00,-0.0,22210.699273
2025-10-10 04:00:00,-0.0,22198.531053
2025-10-10 05:00:00,-0.0,22909.197078
2025-10-10 06:00:00,-0.0,24389.677116
2025-10-10 07:00:00,3036.16750047178,22265.36651552812
2025-10-10 08:00:00,17277.09674065002,8057.44521434998
2025-10-10 09:00:00,26490.161869880187,72.01776211981269
2025-10-10 10:00:00,29337.615972085823,-0.0
2025-10-10 11:00:00,30329.90183051996,-0.0
2025-10-10 12:00:00,29707.147616241677,-0.0
2025-10-10 13:00:00,27674.62729103843,-0.0
2025-10-10 14:00:00,27013.9378324148,179.8377985852021
2025-10-10 15:00:00,25007.221175954062,2580.303288045936
2025-10-10 16:00:00,21829.32606209056,6537.281674909438
2025-10-10 17:00:00,9575.086750393795,19628.017831606205
2025-10-10 18:00:00,477.560436428615,29261.421851571384
2025-10-10 19:00:00,14.634916600230001,29285.90647439977
2025-10-10 20:00:00,-0.0,28555.065281
2025-10-10 21:00:00,-0.0,27932.045883
2025-10-10 22:00:00,-0.0,27082.0836849999
2025-10-10 23:00:00,-0.0,25161.956988
2025-10-11 00:00:00,-0.0,24029.7908
2025-10-11 01:00:00,-0.0,-0.0
2025-10-11 02:00:00,-0.0,22036.535871
2025-10-11 03:00:00,-0.0,21322.4142809999
2025-10-11 04:00:00,-0.0,-0.0
2025-10-11 05:00:00,-0.0,21170.073444
2025-10-11 06:00:00,-0.0,21912.832356
2025-10-11 07:00:00,4554.732662437945,17747.517105562056
2025-10-11 08:00:00,23104.296888539706,153.97031246029292
2025-10-11 09:00:00,34893.685033486996,-0.0
2025-10-11 10:00:00,39161.111175299346,-0.0
2025-10-11 11:00:00,39955.44053024614,-0.0
2025-10-11 12:00:00,40725.69929867939,-0.0
2025-10-11 13:00:00,40884.180040284526,-0.0
2025-10-11 14:00:00,41882.627968866145,-0.0
2025-10-11 15:00:00,39957.55874185932,-0.0
2025-10-11 16:00:00,33785.090101019436,-0.0
2025-10-11 17:00:00,14887.754040970063,10810.112896029936
2025-10-11 18:00:00,694.00315035836,-0.0
2025-10-11 19:00:00,-0.0,26711.594039
2025-10-11 20:00:00,-0.0,-0.0
2025-10-11 21:00:00,-0.0,-0.0
2025-10-11 22:00:00,-0.0,24241.212226
2025-10-11 23:00:00,-0.0,-0.0
2025-10-12 00:00:00,-0.0,19852.927766394307
2025-10-12 01:00:00,-0.0,21220.769105
2025-10-12 02:00:00,-0.0,20749.59326
2025-10-12 03:00:00,-0.0,20446.3415269999
2025-10-12 04:00:00,-0.0,20142.095831
2025-10-12 05:00:00,-0.0,20046.5308999999
2025-10-12 06:00:00,-0.0,20844.885709
2025-10-12 07:00:00,6403.546271369864,14517.998708630133
2025-10-12 08:00:00,23684.83144951197,-0.0
2025-10-12 09:00:00,39223.50213554244,-0.0
2025-10-12 10:00:00,42369.431510515955,-0.0
2025-10-12 11:00:00,42251.38935425356,-0.0
2025-10-12 12:00:00,39334.611962888936,-0.0
2025-10-12 13:00:00,39232.55267607152,-0.0
2025-10-12 14:00:00,39545.66286543964,-0.0
2025-10-12 15:00:00,38681.817656641746,-0.0
2025-10-12 16:00:00,33636.622723403925,-0.0
2025-10-12 17:00:00,14941.287025376174,9983.169288623825
2025-10-12 18:00:00,733.09378285635,25252.388889143647
2025-10-12 19:00:00,-0.0,9893.374412825458
2025-10-12 20:00:00,-0.0,25419.921975
2025-10-12 21:00:00,-0.0,-0.0
2025-10-12 22:00:00,-0.0,23549.826778
2025-10-12 23:00:00,-0.0,22041.430139
2025-10-13 00:00:00,-0.0,21706.590709
2025-10-13 01:00:00,-0.0,20964.7715059999
2025-10-13 02:00:00,-0.0,20449.876047
2025-10-13 03:00:00,-0.0,20287.04569
2025-10-13 04:00:00,-0.0,20739.547144
2025-10-13 05:00:00,-0.0,21244.299665
2025-10-13 06:00:00,-0.0,22973.21167
2025-10-13 07:00:00,5588.034800291155,18879.191873708845
2025-10-13 08:00:00,25688.900186017494,1163.8498839825043
2025-10-13 09:00:00,34575.568162124066,-0.0
2025-10-13 10:00:00,37353.5064104786,-0.0
2025-10-13 11:00:00,38260.293545616645,-0.0
2025-10-13 12:00:00,36213.523433197384,-0.0
2025-10-13 13:00:00,32991.531004841076,-0.0
2025-10-13 14:00:00,30775.4965280586,-0.0
2025-10-13 15:00:00,27419.09394461069,-0.0
2025-10-13 16:00:00,19096.25538699726,6999.797665002738
2025-10-13 17:00:00,5338.66352401089,20782.47737398911
2025-10-13 18:00:00,133.06220224684,26654.49460475316
2025-10-13 19:00:00,-0.0,26749.715041
2025-10-13 20:00:00,-0.0,-0.0
2025-10-13 21:00:00,-0.0,25224.589674
2025-10-13 22:00:00,-0.0,24162.310555
2025-10-13 23:00:00,-0.0,22841.459448
2025-10-14 00:00:00,-0.0,15393.01965835598
2025-10-14 01:00:00,-0.0,21462.505649
2025-10-14 02:00:00,-0.0,-0.0
2025-10-14 03:00:00,-0.0,20962.259275
2025-10-14 04:00:00,-0.0,21020.17251
2025-10-14 05:00:00,-0.0,21828.313072
2025-10-14 06:00:00,1.54051753686651,23719.462134463134
2025-10-14 07:00:00,3950.07952921784,21268.81430078216
2025-10-14 08:00:00,14706.74323038825,11425.615225611751
2025-10-14 09:00:00,18977.82810135065,7232.724311649352
2025-10-14 10:00:00,21334.6273680643,5540.5419469357
2025-10-14 11:00:00,23427.99813597378,3474.730432026219
2025-10-14 12:00:00,26870.477136794107,892.815463205894
2025-10-14 13:00:00,30434.464458334776,-0.0
2025-10-14 14:00:00,33644.90300516458,-0.0
2025-10-14 15:00:00,29821.723608046126,-0.0
2025-10-14 16:00:00,22312.27830989821,4279.577056101789
2025-10-14 17:00:00,6365.803591716634,18883.257082283366
2025-10-14 18:00:00,182.936457502895,25779.555630497103
2025-10-14 19:00:00,-0.0,26020.874066
2025-10-14 20:00:00,-0.0,-0.0
2025-10-14 21:00:00,-0.0,24792.613847
2025-10-14 22:00:00,-0.0,23797.660463
2025-10-14 23:00:00,-0.0,-0.0
2025-10-15 00:00:00,-0.0,22007.300851
2025-10-15 01:00:00,-0.0,21369.982088
2025-10-15 02:00:00,-0.0,21127.8011449999
2025-10-15 03:00:00,-0.0,21078.531033
2025-10-15 04:00:00,-0.0,20609.16009
2025-10-15 05:00:00,-0.0,21094.726969
2025-10-15 06:00:00,10.398493373845,23375.970762626053
2025-10-15 07:00:00,6373.698744093074,18307.539016906925
2025-10-15 08:00:00,28008.14933777002,-0.0
2025-10-15 09:00:00,37441.12334538788,-0.0
2025-10-15 10:00:00,40366.18101851317,-0.0
2025-10-15 11:00:00,42165.698066265366,-0.0
2025-10-15 12:00:00,42011.83887727082,-0.0
2025-10-15 13:00:00,41303.393375004336,-0.0
2025-10-15 14:00:00,40080.99270950076,-0.0
2025-10-15 15:00:00,36138.03807389092,-0.0
2025-10-15 16:00:00,30329.516701135744,-0.0
2025-10-15 17:00:00,11856.01552841677,-0.0
2025-10-15 18:00:00,288.269344086145,25347.760871913855
2025-10-15 19:00:00,-0.0,26050.759903
2025-10-15 20:00:00,-0.0,6296.092804723499
2025-10-15 21:00:00,-0.0,25042.323684
2025-10-15 22:00:00,-0.0,23737.0608809999
2025-10-15 23:00:00,-0.0,-0.0
2025-10-16 00:00:00,-0.0,22307.358376
2025-10-16 01:00:00,-0.0,21367.288728
2025-10-16 02:00:00,-0.0,-0.0
2025-10-16 03:00:00,-0.0,20403.794895
2025-10-16 04:00:00,-0.0,20648.435174
2025-10-16 05:00:00,-0.0,21615.412466
2025-10-16 06:00:00,5.19924668692,-0.0
2025-10-16 07:00:00,6666.589640789821,-0.0
2025-10-16 08:00:00,29665.361078054175,-0.0
2025-10-16 09:00:00,40879.943617058154,-0.0
2025-10-16 10:00:00,43706.7932972082,-0.0
2025-10-16 11:00:00,44163.364182197016,-0.0
2025-10-16 12:00:00,43083.46138885358,-0.0
2025-10-16 13:00:00,41885.901568631976,-0.0
2025-10-16 14:00:00,41539.86281691334,-0.0
2025-10-16 15:00:00,38826.04861103088,-0.0
2025-10-16 16:00:00,32800.89195965385,-0.0
2025-10-16 17:00:00,13416.36722857044,1585.4923815999919
2025-10-16 18:00:00,705.36446719275,25791.09441180715
2025-10-16 19:00:00,-0.0,-0.0
2025-10-16 20:00:00,-0.0,25891.052056
2025-10-16 21:00:00,-0.0,25057.5950229999
2025-10-16 22:00:00,-0.0,24022.683771
2025-10-16 23:00:00,-0.0,22677.938726
2025-10-17 00:00:00,-0.0,21915.9229009999
2025-10-17 01:00:00,-0.0,-0.0
2025-10-17 02:00:00,-0.0,20666.505233
2025-10-17 03:00:00,-0.0,20510.624291
2025-10-17 04:00:00,-0.0,-0.0
2025-10-17 05:00:00,-0.0,-0.0
2025-10-17 06:00:00,3.466164457949648,23504.94082054195
2025-10-17 07:00:00,6307.841619392035,18322.702842607865
2025-10-17 08:00:00,29230.164873889382,-0.0
2025-10-17 09:00:00,40414.89988561657,-0.0
2025-10-17 10:00:00,43648.63876019149,-0.0
2025-10-17 11:00:00,43066.323131255944,-0.0
2025-10-17 12:00:00,41512.32606594186,-0.0
2025-10-17 13:00:00,40664.27116189684,-0.0
2025-10-17 14:00:00,38853.77792669448,-0.0
2025-10-17 15:00:00,36203.70263389986,-0.0
2025-10-17 16:00:00,30881.214544026065,-0.0
2025-10-17 17:00:00,12240.374653864965,13955.147693135033
2025-10-17 18:00:00,319.6573888998,26465.1409761002
2025-10-17 19:00:00,-0.0,-0.0
2025-10-17 20:00:00,-0.0,-0.0
2025-10-17 21:00:00,-0.0,25308.599568
2025-10-17 22:00:00,-0.0,24113.976273
2025-10-17 23:00:00,-0.0,23079.104737
2025-10-18 00:00:00,-0.0,791.6854106171122
2025-10-18 01:00:00,-0.0,-0.0
2025-10-18 02:00:00,-0.0,20857.652878
2025-10-18 03:00:00,-0.0,-0.0
2025-10-18 04:00:00,-0.0,20134.912058
2025-10-18 05:00:00,-0.0,20558.494108
2025-10-18 06:00:00,3.466164457949648,21347.41198554205
2025-10-18 07:00:00,6307.841619392035,15764.197657607965
2025-10-18 08:00:00,29230.164873889382,-0.0
2025-10-18 09:00:00,40414.89988561657,-0.0
2025-10-18 10:00:00,43648.63876019149,-0.0
2025-10-18 11:00:00,43066.323131255944,-0.0
2025-10-18 12:00:00,41512.32606594186,-0.0
2025-10-18 13:00:00,40664.27116189684,-0.0
2025-10-18 14:00:00,38853.77792669448,-0.0
2025-10-18 15:00:00,36203.70263389986,-0.0
2025-10-18 16:00:00,30881.214544026065,-0.0
2025-10-18 17:00:00,12240.374653864965,13162.134902135036
2025-10-18 18:00:00,319.6573888998,25880.5448451002
2025-10-18 19:00:00,-0.0,25922.041366
2025-10-18 20:00:00,-0.0,25068.0784399999
2025-10-18 21:00:00,-0.0,-0.0
2025-10-18 22:00:00,-0.0,23520.121235
2025-10-18 23:00:00,-0.0,22447.431515
2025-10-19 00:00:00,-0.0,22094.851756
2025-10-19 01:00:00,-0.0,-0.0
2025-10-19 02:00:00,-0.0,20284.516984
2025-10-19 03:00:00,-0.0,19967.331329
2025-10-19 04:00:00,-0.0,19706.934103
2025-10-19 05:00:00,-0.0,-0.0
2025-10-19 06:00:00,0.770258768433255,-0.0
2025-10-19 07:00:00,5789.84259762067,15120.92646637933
2025-10-19 08:00:00,27488.802363153904,-0.0
2025-10-19 09:00:00,36155.75402556489,-0.0
2025-10-19 10:00:00,37129.74623824874,-0.0
2025-10-19 11:00:00,37194.06284541292,-0.0
2025-10-19 12:00:00,36825.87915410182,-0.0
2025-10-19 13:00:00,34406.68892714507,-0.0
2025-10-19 14:00:00,32975.16300601187,-0.0
2025-10-19 15:00:00,33305.79658236184,-0.0
2025-10-19 16:00:00,29027.586817791438,-0.0
2025-10-19 17:00:00,9934.02733648369,16085.671348516309
2025-10-19 18:00:00,170.99744659218,26556.72300440782
2025-10-19 19:00:00,-0.0,19251.409680271507
2025-10-19 20:00:00,-0.0,25668.04306
2025-10-19 21:00:00,-0.0,25005.851343
2025-10-19 22:00:00,-0.0,-0.0
2025-10-19 23:00:00,-0.0,22174.247966
2025-10-20 00:00:00,-0.0,21878.393986
2025-10-20 01:00:00,-0.0,21740.335737
2025-10-20 02:00:00,-0.0,21376.635258
2025-10-20 03:00:00,-0.0,21273.928285
2025-10-20 04:00:00,-0.0,-0.0
2025-10-20 05:00:00,-0.0,-0.0
2025-10-20 06:00:00,7.124893608005,24087.936875391995
2025-10-20 07:00:00,5733.036013448715,-0.0
2025-10-20 08:00:00,28566.009250807812,-0.0
2025-10-20 09:00:00,40950.80742375401,-0.0
2025-10-20 10:00:00,42872.02535691865,-0.0
2025-10-20 11:00:00,42155.49213758362,-0.0
2025-10-20 12:00:00,41050.555934266114,-0.0
2025-10-20 13:00:00,40221.75749943194,-0.0
2025-10-20 14:00:00,37386.62753752123,-0.0
2025-10-20 15:00:00,37227.95423122398,-0.0
2025-10-20 16:00:00,32018.309050925658,-0.0
2025-10-20 17:00:00,10607.81119417068,18099.940340829322
2025-10-20 18:00:00,293.46859077307,28717.950433226928
2025-10-20 19:00:00,0.962823460541569,28340.63114153946
2025-10-20 20:00:00,-0.0,27204.137859
2025-10-20 21:00:00,-0.0,26166.577459
2025-10-20 22:00:00,-0.0,24941.489718
2025-10-20 23:00:00,-0.0,23321.488857
2025-10-21 00:00:00,-0.0,22428.563323
2025-10-21 01:00:00,-0.0,21998.367135
2025-10-21 02:00:00,-0.0,-0.0
2025-10-21 03:00:00,-0.0,20976.995343
2025-10-21 04:00:00,-0.0,21143.052062
2025-10-21 05:00:00,-0.0,21904.590965
2025-10-21 06:00:00,-0.0,23967.360488
2025-10-21 07:00:00,4847.045865058365,-0.0
2025-10-21 08:00:00,26221.9192537733,913.1022842267012
2025-10-21 09:00:00,37328.85812988874,-0.0
2025-10-21 10:00:00,37959.89262592768,-0.0
2025-10-21 11:00:00,38187.504091999705,-0.0
2025-10-21 12:00:00,35173.48153112038,-0.0
2025-10-21 13:00:00,35077.006620374115,-0.0
2025-10-21 14:00:00,34097.237466927014,-0.0
2025-10-21 15:00:00,32209.333225497106,-0.0
2025-10-21 16:00:00,23020.916376856803,-0.0
2025-10-21 17:00:00,6750.547846549044,-0.0
2025-10-21 18:00:00,68.74559508266499,28135.851085917333
2025-10-21 19:00:00,-0.0,4514.323392905153
2025-10-21 20:00:00,-0.0,-0.0
2025-10-21 21:00:00,-0.0,26426.378564
2025-10-21 22:00:00,-0.0,25033.50737
2025-10-21 23:00:00,-0.0,23368.703111
2025-10-22 00:00:00,-0.0,22523.88647
2025-10-22 01:00:00,-0.0,21612.98997
2025-10-22 02:00:00,-0.0,21666.1635059999
2025-10-22 03:00:00,-0.0,21751.4891159999
2025-10-22 04:00:00,-0.0,21421.4933959999
2025-10-22 05:00:00,-0.0,21770.4512259999
2025-10-22 06:00:00,-0.0,23889.3090849999
2025-10-22 07:00:00,2924.094849664745,-0.0
2025-10-22 08:00:00,17300.397068395127,-0.0
2025-10-22 09:00:00,29975.967926424884,-0.0
2025-10-22 10:00:00,33558.44145840796,-0.0
2025-10-22 11:00:00,35329.45893172811,-0.0
2025-10-22 12:00:00,37336.56071757307,-0.0
2025-10-22 13:00:00,38507.54661028372,-0.0
2025-10-22 14:00:00,39312.85215268069,-0.0
2025-10-22 15:00:00,38532.96514964202,-0.0
2025-10-22 16:00:00,29790.14299854036,-0.0
2025-10-22 17:00:00,8946.555595352256,-0.0
2025-10-22 18:00:00,235.699183140575,26940.631123859424
2025-10-22 19:00:00,-0.0,27055.652605
2025-10-22 20:00:00,-0.0,25901.26759
2025-10-22 21:00:00,-0.0,25751.944448
2025-10-22 22:00:00,-0.0,24429.3135689999
2025-10-22 23:00:00,-0.0,23021.514903
2025-10-23 00:00:00,-0.0,22596.227992
2025-10-23 01:00:00,-0.0,21904.906791
2025-10-23 02:00:00,-0.0,21327.374687
2025-10-23 03:00:00,-0.0,20845.851933
2025-10-23 04:00:00,-0.0,20974.78334
2025-10-23 05:00:00,-0.0,-0.0
2025-10-23 06:00:00,-0.0,24104.275596
2025-10-23 07:00:00,4503.510454337134,-0.0
2025-10-23 08:00:00,25895.907230033932,-0.0
2025-10-23 09:00:00,39198.85385495257,-0.0
2025-10-23 10:00:00,41166.67244360743,-0.0
2025-10-23 11:00:00,41349.99403049455,-0.0
2025-10-23 12:00:00,41016.08685437873,-0.0
2025-10-23 13:00:00,41296.26848139633,-0.0
2025-10-23 14:00:00,41734.73828532696,-0.0
2025-10-23 15:00:00,41237.34368561118,-0.0
2025-10-23 16:00:00,32456.20116077996,-0.0
2025-10-23 17:00:00,9741.847773759591,16531.05304224041
2025-10-23 18:00:00,251.87461727767,26649.70906572233
2025-10-23 19:00:00,67.590206930015,26742.659235069987
2025-10-23 20:00:00,81.647429453925,-0.0
2025-10-23 21:00:00,18.87133982661,25191.255022173387
2025-10-23 22:00:00,1.3479528447581965,12849.977602630504
2025-10-23 23:00:00,-0.0,22561.470147
2025-10-24 00:00:00,-0.0,22014.927408
2025-10-24 01:00:00,-0.0,21143.542598
2025-10-24 02:00:00,-0.0,21012.394197
2025-10-24 03:00:00,-0.0,-0.0
2025-10-24 04:00:00,-0.0,-0.0
2025-10-24 05:00:00,-0.0,21437.783583
2025-10-24 06:00:00,2.695905689516393,23462.10825331048
2025-10-24 07:00:00,4592.475342091175,20176.548770908827
2025-10-24 08:00:00,27042.822536231048,-0.0
2025-10-24 09:00:00,40693.73355978941,-0.0
2025-10-24 10:00:00,43024.72915776056,-0.0
2025-10-24 11:00:00,42400.04929656118,-0.0
2025-10-24 12:00:00,41816.000585396665,-0.0
2025-10-24 13:00:00,42392.73183826107,-0.0
2025-10-24 14:00:00,42559.685426318974,-0.0
2025-10-24 15:00:00,41294.15026978314,-0.0
2025-10-24 16:00:00,32331.034110909557,-0.0
2025-10-24 17:00:00,9233.669551285755,17144.042639714244
2025-10-24 18:00:00,166.18332928947,-0.0
2025-10-24 19:00:00,-0.0,-0.0
2025-10-24 20:00:00,-0.0,25903.287765
2025-10-24 21:00:00,-0.0,25515.3901989999
2025-10-24 22:00:00,-0.0,24466.648767
2025-10-24 23:00:00,-0.0,22942.837385
2025-10-25 00:00:00,-0.0,22274.183564
2025-10-25 01:00:00,-0.0,21548.5148009999
2025-10-25 02:00:00,-0.0,20725.973093
2025-10-25 03:00:00,-0.0,20352.459387
2025-10-25 04:00:00,-0.0,20054.284657
2025-10-25 05:00:00,-0.0,20473.986479
2025-10-25 06:00:00,1.1553881526498826,11120.1755633001
2025-10-25 07:00:00,4615.96823452839,-0.0
2025-10-25 08:00:00,25798.276931135017,-0.0
2025-10-25 09:00:00,37607.49923936947,-0.0
2025-10-25 10:00:00,41016.66454845505,-0.0
2025-10-25 11:00:00,40454.375647498775,-0.0
2025-10-25 12:00:00,40003.581703273216,-0.0
2025-10-25 13:00:00,38532.19489087359,-0.0
2025-10-25 14:00:00,38227.364983266125,-0.0
2025-10-25 15:00:00,35743.08789037677,-0.0
2025-10-25 16:00:00,26304.336941995665,-0.0
2025-10-25 17:00:00,7674.28067459263,16713.838204407373
2025-10-25 18:00:00,241.86125328804002,-0.0
2025-10-25 19:00:00,155.97740060773,24958.86550339227
2025-10-25 20:00:00,-0.0,24173.0078139999
2025-10-25 21:00:00,-0.0,23694.276737
2025-10-25 22:00:00,-0.0,22864.537487
2025-10-25 23:00:00,-0.0,21921.426625
2025-10-26 00:00:00,-0.0,21234.574981
2025-10-26 01:00:00,-0.0,20335.781879
2025-10-26 02:00:00,-0.0,19830.670124
2025-10-26 03:00:00,-0.0,7115.748845363036
2025-10-26 04:00:00,-0.0,-0.0
2025-10-26 05:00:00,-0.0,19245.689806
2025-10-26 06:00:00,-0.0,-0.0
2025-10-26 07:00:00,3725.1639688353303,16895.64854316467
2025-10-26 08:00:00,23652.91369635629,-0.0
2025-10-26 09:00:00,36473.10063815939,-0.0
2025-10-26 10:00:00,36685.88462293908,-0.0
2025-10-26 11:00:00,36111.849275764194,-0.0
2025-10-26 12:00:00,36018.64796478377,-0.0
2025-10-26 13:00:00,36270.71514675355,-0.0
2025-10-26 14:00:00,35983.986320204276,-0.0
2025-10-26 15:00:00,33619.8695951905,-0.0
2025-10-26 16:00:00,28012.000631612194,-0.0
2025-10-26 17:00:00,7845.6632505690295,16100.99601243087
2025-10-26 18:00:00,57.384278248275,25259.380827751724
2025-10-26 19:00:00,-0.0,-0.0
2025-10-26 20:00:00,-0.0,-0.0
2025-10-26 21:00:00,-0.0,24169.868704
2025-10-26 22:00:00,-0.0,-0.0
2025-10-26 23:00:00,-0.0,22087.387511
2025-10-27 00:00:00,-0.0,21331.256493
2025-10-27 01:00:00,-0.0,828.892173549084
2025-10-27 02:00:00,-0.0,20648.02436
2025-10-27 03:00:00,-0.0,-0.0
2025-10-27 04:00:00,-0.0,20351.056794
2025-10-27 05:00:00,-0.0,20918.101614
2025-10-27 06:00:00,-0.0,23035.716517
2025-10-27 07:00:00,3738.4509325907998,20669.6927134091
2025-10-27 08:00:00,24228.48956106804,-0.0
2025-10-27 09:00:00,36742.30607772681,-0.0
2025-10-27 10:00:00,37710.13622026319,-0.0
2025-10-27 11:00:00,37793.516731946096,-0.0
2025-10-27 12:00:00,39503.87632725214,-0.0
2025-10-27 13:00:00,39132.03390679099,-0.0
2025-10-27 14:00:00,38824.89322287823,-0.0
2025-10-27 15:00:00,37319.22989528332,-0.0
2025-10-27 16:00:00,29470.485609640557,-0.0
2025-10-27 17:00:00,7948.10766677065,18304.128425229348
2025-10-27 18:00:00,60.27274862990001,27347.7759023701
2025-10-27 19:00:00,-0.0,-0.0
2025-10-27 20:00:00,-0.0,-0.0
2025-10-27 21:00:00,-0.0,25303.5067519999
2025-10-27 22:00:00,-0.0,24114.5266109999
2025-10-27 23:00:00,-0.0,22588.111494
2025-10-28 00:00:00,-0.0,21963.878868
2025-10-28 01:00:00,-0.0,21458.359243
2025-10-28 02:00:00,-0.0,5359.735816964339
2025-10-28 03:00:00,-0.0,21143.0518019999
2025-10-28 04:00:00,-0.0,20905.001693
2025-10-28 05:00:00,-0.0,21344.325139
2025-10-28 06:00:00,-0.0,23632.841764
2025-10-28 07:00:00,3847.635113016215,21284.193543983783
2025-10-28 08:00:00,25637.292848532463,-0.0
2025-10-28 09:00:00,40552.39107578191,-0.0
2025-10-28 10:00:00,43087.89037677208,-0.0
2025-10-28 11:00:00,42997.19240678906,-0.0
2025-10-28 12:00:00,42233.09570850327,-0.0
2025-10-28 13:00:00,42239.45034334285,-0.0
2025-10-28 14:00:00,42459.16665703843,-0.0
2025-10-28 15:00:00,39173.43531559427,-0.0
2025-10-28 16:00:00,31109.403704174416,-0.0
2025-10-28 17:00:00,7896.885458669841,20470.03177233016
2025-10-28 18:00:00,58.15453701671,28565.744596983288
2025-10-28 19:00:00,-0.0,28162.490914
2025-10-28 20:00:00,-0.0,27181.503227
2025-10-28 21:00:00,-0.0,26160.715085
2025-10-28 22:00:00,-0.0,24825.983671
2025-10-28 23:00:00,-0.0,-0.0
2025-10-29 00:00:00,-0.0,22454.59962
2025-10-29 01:00:00,-0.0,21511.137705
2025-10-29 02:00:00,-0.0,-0.0
2025-10-29 03:00:00,-0.0,21254.677987
2025-10-29 04:00:00,-0.0,21429.203852
2025-10-29 05:00:00,-0.0,21629.943808
2025-10-29 06:00:00,-0.0,23814.597686
2025-10-29 07:00:00,3498.322761531735,-0.0
2025-10-29 08:00:00,24919.41167635267,-0.0
2025-10-29 09:00:00,39467.48160044367,-0.0
2025-10-29 10:00:00,42246.960366335064,-0.0
2025-10-29 11:00:00,42309.35132657816,-0.0
2025-10-29 12:00:00,41875.695639950245,-0.0
2025-10-29 13:00:00,42169.54936010753,-0.0
2025-10-29 14:00:00,42255.81834217206,-0.0
2025-10-29 15:00:00,41125.271034804144,-0.0
2025-10-29 16:00:00,30941.679857348077,-0.0
2025-10-29 17:00:00,7468.23645403673,22643.17158796327
2025-10-29 18:00:00,30.040091968895,30319.787398031007
2025-10-29 19:00:00,-0.0,-0.0
2025-10-29 20:00:00,-0.0,27894.251255
2025-10-29 21:00:00,-0.0,26891.108521
2025-10-29 22:00:00,-0.0,25422.026241
2025-10-29 23:00:00,-0.0,-0.0
2025-10-30 00:00:00,-0.0,22642.424493
2025-10-30 01:00:00,-0.0,-0.0
2025-10-30 02:00:00,-0.0,21056.869656
2025-10-30 03:00:00,-0.0,20975.5221089999
2025-10-30 04:00:00,-0.0,20881.364413
2025-10-30 05:00:00,-0.0,21419.770752
2025-10-30 06:00:00,-0.0,9586.50334623809
2025-10-30 07:00:00,3396.2634747143297,-0.0
2025-10-30 08:00:00,24961.968473308603,1699.5642216912966
2025-10-30 09:00:00,38960.65133081459,-0.0
2025-10-30 10:00:00,42313.58774980455,-0.0
2025-10-30 11:00:00,41346.91299542081,-0.0
2025-10-30 12:00:00,41004.14784346802,-0.0
2025-10-30 13:00:00,40920.18963770879,-0.0
2025-10-30 14:00:00,41673.11758385229,-0.0
2025-10-30 15:00:00,40814.85675112554,-0.0
2025-10-30 16:00:00,30779.92551597709,-0.0
2025-10-30 17:00:00,7220.405695293331,21181.64717970667
2025-10-30 18:00:00,183.129022195005,28548.867864804997
2025-10-30 19:00:00,35.04677396371,28013.26757903619
2025-10-30 20:00:00,-0.0,27377.287986
2025-10-30 21:00:00,-0.0,26273.342932
2025-10-30 22:00:00,-0.0,24900.3883389999
2025-10-30 23:00:00,-0.0,23325.36424
2025-10-31 00:00:00,-0.0,22476.019123
2025-10-31 01:00:00,-0.0,21612.2127029999
2025-10-31 02:00:00,-0.0,-0.0
2025-10-31 03:00:00,-0.0,20767.331981
2025-10-31 04:00:00,-0.0,-0.0
2025-10-31 05:00:00,-0.0,21502.7597719999
2025-10-31 06:00:00,-0.0,6975.067875803934
2025-10-31 07:00:00,3138.4193519812948,-0.0
2025-10-31 08:00:00,23252.18657207889,2800.4442769211128
2025-10-31 09:00:00,37832.607364444084,-0.0
2025-10-31 10:00:00,41876.080769334454,-0.0
2025-10-31 11:00:00,41744.366519932366,-0.0
2025-10-31 12:00:00,41153.38547985195,-0.0
2025-10-31 13:00:00,40506.94580844435,-0.0
2025-10-31 14:00:00,41486.71496189145,-0.0
2025-10-31 15:00:00,40141.84315220698,-0.0
2025-10-31 16:00:00,29372.27761666532,-0.0
2025-10-31 17:00:00,6768.648927607225,845.7348282157463
2025-10-31 18:00:00,149.23763638393999,26951.39712861606
2025-10-31 19:00:00,-0.0,25925.078846
2025-10-31 20:00:00,-0.0,-0.0
2025-10-31 21:00:00,-0.0,24751.184755
2025-10-31 22:00:00,-0.0,23760.072151
2025-10-31 23:00:00,-0.0,22638.119396
2025-11-01 00:00:00,-0.0,22001.556904
2025-11-01 01:00:00,-0.0,21179.966633
2025-11-01 02:00:00,-0.0,20303.942302
2025-11-01 03:00:00,-0.0,20091.541723
2025-11-01 04:00:00,-0.0,19716.6151289999
2025-11-01 05:00:00,-0.0,20148.772382
2025-11-01 06:00:00,-0.0,-0.0
2025-11-01 07:00:00,3084.693802883075,-0.0
2025-11-01 08:00:00,23152.606644,-0.0
2025-11-01 09:00:00,40207.88797223251,-0.0
2025-11-01 10:00:00,42758.027059190536,-0.0
2025-11-01 11:00:00,42150.10032620459,-0.0
2025-11-01 12:00:00,41332.47064351269,-0.0
2025-11-01 13:00:00,41709.12718127655,-0.0
2025-11-01 14:00:00,42459.35922173054,-0.0
2025-11-01 15:00:00,41472.080045291215,-0.0
2025-11-01 16:00:00,30371.11067463114,-0.0
2025-11-01 17:00:00,6650.60677134483,18366.52765765517
2025-11-01 18:00:00,114.96112118866002,25805.973272811243
2025-11-01 19:00:00,-0.0,25165.712567
2025-11-01 20:00:00,-0.0,24258.9446259999
2025-11-01 21:00:00,-0.0,23755.965345
2025-11-01 22:00:00,-0.0,-0.0
2025-11-01 23:00:00,-0.0,21947.724785
2025-11-02 00:00:00,-0.0,-0.0
2025-11-02 01:00:00,-0.0,18625.992373389636
2025-11-02 02:00:00,-0.0,-0.0
2025-11-02 03:00:00,-0.0,-0.0
2025-11-02 04:00:00,-0.0,18921.162973
2025-11-02 05:00:00,-0.0,-0.0
2025-11-02 06:00:00,2901.56478068807,16977.73869331193
2025-11-02 07:00:00,22788.49079348207,-0.0
2025-11-02 08:00:00,39132.03390679099,-0.0
2025-11-02 09:00:00,41370.02075847381,-0.0
2025-11-02 10:00:00,40874.74437037123,-0.0
2025-11-02 11:00:00,40485.18599823611,-0.0
2025-11-02 12:00:00,39917.890415285015,-0.0
2025-11-02 13:00:00,40144.5390578965,-0.0
2025-11-02 14:00:00,37783.503367956466,-0.0
2025-11-02 15:00:00,26296.441789619224,-0.0
2025-11-02 16:00:00,5105.082552483505,-0.0
2025-11-02 17:00:00,19.641598595045,26112.678585404956
2025-11-02 18:00:00,6.932328915895,25721.8493240841
2025-11-02 19:00:00,20.02672797926,24921.55084302064
2025-11-02 20:00:00,22.144939592455,24261.274137407545
2025-11-02 21:00:00,24.455715897755,23589.005745102244
2025-11-02 22:00:00,-0.0,-0.0
2025-11-02 23:00:00,-0.0,-0.0
2025-11-03 00:00:00,-0.0,20906.739389
2025-11-03 01:00:00,-0.0,19890.383875
2025-11-03 02:00:00,-0.0,20017.8683
2025-11-03 03:00:00,-0.0,19524.22798
2025-11-03 04:00:00,-0.0,19597.0442669999
2025-11-03 05:00:00,-0.0,20922.442348
2025-11-03 06:00:00,1987.65275194201,-0.0
2025-11-03 07:00:00,19066.792989104688,5443.5710538953135
2025-11-03 08:00:00,36134.95703881719,-0.0
2025-11-03 09:00:00,39843.175314746986,-0.0
2025-11-03 10:00:00,40282.41537744606,-0.0
2025-11-03 11:00:00,39801.58134125159,-0.0
2025-11-03 12:00:00,39881.88081786076,-0.0
2025-11-03 13:00:00,40415.09245030868,-0.0
2025-11-03 14:00:00,38932.151756382555,-0.0
2025-11-03 15:00:00,26784.78584880591,-0.0
2025-11-03 16:00:00,5246.2324717988995,21766.429735201
2025-11-03 17:00:00,178.700034276515,27852.080051723482
2025-11-03 18:00:00,-0.0,27434.66107
2025-11-03 19:00:00,-0.0,26409.521646
2025-11-03 20:00:00,-0.0,-0.0
2025-11-03 21:00:00,-0.0,24771.75944
2025-11-03 22:00:00,-0.0,23437.822667
2025-11-03 23:00:00,-0.0,22195.83381
2025-11-04 00:00:00,-0.0,21757.928749
2025-11-04 01:00:00,-0.0,18220.217054941997
2025-11-04 02:00:00,-0.0,21035.482858
2025-11-04 03:00:00,-0.0,-0.0
2025-11-04 04:00:00,-0.0,20496.596864
2025-11-04 05:00:00,-0.0,-0.0
2025-11-04 06:00:00,2581.52226240405,21039.45830859595
2025-11-04 07:00:00,22300.339298987496,-0.0
2025-11-04 08:00:00,38681.817656641746,-0.0
2025-11-04 09:00:00,40941.564318532815,-0.0
2025-11-04 10:00:00,40048.449276534455,-0.0
2025-11-04 11:00:00,39305.53469438058,-0.0
2025-11-04 12:00:00,39973.926740688534,-0.0
2025-11-04 13:00:00,40308.41161088068,-0.0
2025-11-04 14:00:00,37285.91620354858,-0.0
2025-11-04 15:00:00,27449.711730655912,-0.0
2025-11-04 16:00:00,5606.90614011777,21425.909936882228
2025-11-04 17:00:00,113.613168343905,-0.0
2025-11-04 18:00:00,110.91726265438501,27706.597432345516
2025-11-04 19:00:00,119.58267379926001,26406.26674320064
2025-11-04 20:00:00,124.20422640986,-0.0
2025-11-04 21:00:00,102.829545585835,24838.160905414064
2025-11-04 22:00:00,26.959056895160003,23532.89845210474
2025-11-04 23:00:00,-0.0,22288.5049
2025-11-05 00:00:00,-0.0,21724.163047
2025-11-05 01:00:00,-0.0,21023.675768
2025-11-05 02:00:00,-0.0,20395.289232
2025-11-05 03:00:00,-0.0,20361.738428
2025-11-05 04:00:00,-0.0,20381.126165
2025-11-05 05:00:00,-0.0,21581.775966
2025-11-05 06:00:00,2380.67728853508,21035.10383346492
2025-11-05 07:00:00,19311.927842158573,6735.008945841426
2025-11-05 08:00:00,31466.803772727446,-0.0
2025-11-05 09:00:00,33527.631107670626,-0.0
2025-11-05 10:00:00,33924.89206749007,-0.0
2025-11-05 11:00:00,34850.16541307052,-0.0
2025-11-05 12:00:00,33080.1107632109,-0.0
2025-11-05 13:00:00,31202.412450462736,-0.0
2025-11-05 14:00:00,27173.7665268647,17.179653135299304
2025-11-05 15:00:00,15394.00661652282,10327.30918647708
2025-11-05 16:00:00,2598.6605200016897,23756.417340998312
2025-11-05 17:00:00,-0.0,12847.006760794278
2025-11-05 18:00:00,-0.0,26917.5449669999
2025-11-05 19:00:00,-0.0,-0.0
2025-11-05 20:00:00,-0.0,25743.035885
2025-11-05 21:00:00,-0.0,-0.0
2025-11-05 22:00:00,-0.0,23851.117477
2025-11-05 23:00:00,-0.0,22600.164035
2025-11-06 00:00:00,-0.0,22142.178128
2025-11-06 01:00:00,-0.0,21249.37162
2025-11-06 02:00:00,-0.0,21078.946313
2025-11-06 03:00:00,-0.0,20851.7386669999
2025-11-06 04:00:00,-0.0,20759.959093
2025-11-06 05:00:00,-0.0,-0.0
2025-11-06 06:00:00,2154.028645923595,21506.753777076407
2025-11-06 07:00:00,18695.143133335645,6763.0692026643555
2025-11-06 08:00:00,33817.24840460153,-0.0
2025-11-06 09:00:00,37796.0200729435,-0.0
2025-11-06 10:00:00,39138.96623570688,-0.0
2025-11-06 11:00:00,38271.84742714315,-0.0
2025-11-06 12:00:00,37705.12953826838,-0.0
2025-11-06 13:00:00,37758.8550873666,-0.0
2025-11-06 14:00:00,34772.36927745876,-0.0
2025-11-06 15:00:00,25728.3759478997,146.09756200029733
2025-11-06 16:00:00,4883.440591866834,21461.416879133165
2025-11-06 17:00:00,38.70550311377,27534.77299488623
2025-11-06 18:00:00,29.269833200460003,26930.188927799543
2025-11-06 19:00:00,-0.0,26465.956074
2025-11-06 20:00:00,-0.0,11334.646187006543
2025-11-06 21:00:00,-0.0,24895.331564
2025-11-06 22:00:00,-0.0,24099.685105
2025-11-06 23:00:00,-0.0,23110.429982
2025-11-07 00:00:00,-0.0,-0.0
2025-11-07 01:00:00,-0.0,21681.482497
2025-11-07 02:00:00,-0.0,21176.514178
2025-11-07 03:00:00,-0.0,21175.911621
2025-11-07 04:00:00,-0.0,20672.5142649999
2025-11-07 05:00:00,-0.0,21816.726075
2025-11-07 06:00:00,2050.81397095354,-0.0
2025-11-07 07:00:00,20644.66807624021,4640.5836267597915
2025-11-07 08:00:00,38040.769796613175,-0.0
2025-11-07 09:00:00,40623.062317785654,-0.0
2025-11-07 10:00:00,40676.402737499666,-0.0
2025-11-07 11:00:00,40098.90122586683,-0.0
2025-11-07 12:00:00,39469.407247364754,-0.0
2025-11-07 13:00:00,39859.5433135762,-0.0
2025-11-07 14:00:00,38020.35793924969,-0.0
2025-11-07 15:00:00,26753.59036868436,203.43251631563908
2025-11-07 16:00:00,4859.562570045406,-0.0
2025-11-07 17:00:00,27.921880355705003,27696.173930644294
2025-11-07 18:00:00,-0.0,27043.753239
2025-11-07 19:00:00,-0.0,26116.002586
2025-11-07 20:00:00,-0.0,25251.1392209999
2025-11-07 21:00:00,-0.0,24671.042394
2025-11-07 22:00:00,-0.0,23662.5828249999
2025-11-07 23:00:00,-0.0,22564.465855
2025-11-08 00:00:00,-0.0,22333.716222
2025-11-08 01:00:00,-0.0,21499.728505
2025-11-08 02:00:00,-0.0,20700.181065
2025-11-08 03:00:00,-0.0,-0.0
2025-11-08 04:00:00,-0.0,20605.466833
2025-11-08 05:00:00,-0.0,20867.698978
2025-11-08 06:00:00,1926.0320504673498,-0.0
2025-11-08 07:00:00,20003.620216211635,2546.292763788366
2025-11-08 08:00:00,35681.65975359422,-0.0
2025-11-08 09:00:00,39762.10557936939,-0.0
2025-11-08 10:00:00,40156.47806880721,-0.0
2025-11-08 11:00:00,39825.266798380915,-0.0
2025-11-08 12:00:00,40283.763330290814,-0.0
2025-11-08 13:00:00,40711.44951146337,-0.0
2025-11-08 14:00:00,39081.19682807439,-0.0
2025-11-08 15:00:00,27059.19053506025,-0.0
2025-11-08 16:00:00,4735.165778943435,20642.120214056464
2025-11-08 17:00:00,-0.0,26383.0796219999
2025-11-08 18:00:00,-0.0,25793.075977
2025-11-08 19:00:00,-0.0,25041.65168
2025-11-08 20:00:00,-0.0,-0.0
2025-11-08 21:00:00,-0.0,23729.1904479999
2025-11-08 22:00:00,-0.0,-0.0
2025-11-08 23:00:00,-0.0,21966.862234
2025-11-09 00:00:00,-0.0,21343.536358
2025-11-09 01:00:00,-0.0,20574.832978
2025-11-09 02:00:00,-0.0,6189.275379360479
2025-11-09 03:00:00,-0.0,-0.0
2025-11-09 04:00:00,-0.0,19456.62062
2025-11-09 05:00:00,-0.0,19576.442612
2025-11-09 06:00:00,1838.6076802501798,18364.54498474982
2025-11-09 07:00:00,20286.49774891875,-0.0
2025-11-09 08:00:00,37182.89409327063,-0.0
2025-11-09 09:00:00,40756.89477880094,-0.0
2025-11-09 10:00:00,40389.09621687405,-0.0
2025-11-09 11:00:00,39638.67161172796,-0.0
2025-11-09 12:00:00,40000.500668199486,-0.0
2025-11-09 13:00:00,40408.545250777,-0.0
2025-11-09 14:00:00,38828.55195202828,-0.0
2025-11-09 15:00:00,26598.575791537165,-0.0
2025-11-09 16:00:00,4549.53341575102,21645.97463324898
2025-11-09 17:00:00,-0.0,10439.337503102706
2025-11-09 18:00:00,-0.0,26419.781847
2025-11-09 19:00:00,-0.0,25663.714381
2025-11-09 20:00:00,-0.0,25071.570723
2025-11-09 21:00:00,-0.0,24216.937622
2025-11-09 22:00:00,-0.0,23040.416406
2025-11-09 23:00:00,-0.0,21766.016069
2025-11-10 00:00:00,-0.0,-0.0
2025-11-10 01:00:00,-0.0,20589.284972
2025-11-10 02:00:00,-0.0,20234.234012
2025-11-10 03:00:00,-0.0,20134.240674
2025-11-10 04:00:00,-0.0,20312.767949
2025-11-10 05:00:00,-0.0,21406.711967
2025-11-10 06:00:00,1668.7656218106451,-0.0
2025-11-10 07:00:00,19563.032200667814,5841.430589332187
2025-11-10 08:00:00,36763.103064474504,-0.0
2025-11-10 09:00:00,39736.10934593477,-0.0
2025-11-10 10:00:00,38491.75630553084,-0.0
2025-11-10 11:00:00,37716.10572571856,-0.0
2025-11-10 12:00:00,38371.01824357893,-0.0
2025-11-10 13:00:00,39312.27445860436,-0.0
2025-11-10 14:00:00,36348.51128236531,-0.0
2025-11-10 15:00:00,23951.196404432067,5092.071446567832
2025-11-10 16:00:00,3213.904711287755,26191.581083712244
2025-11-10 17:00:00,-0.0,29609.903648
2025-11-10 18:00:00,-0.0,28654.5865649999
2025-11-10 19:00:00,-0.0,27584.261444
2025-11-10 20:00:00,-0.0,26867.986535
2025-11-10 21:00:00,-0.0,26040.818966
2025-11-10 22:00:00,-0.0,24723.828305
2025-11-10 23:00:00,-0.0,23140.893979
2025-11-11 00:00:00,-0.0,16837.019416369865
2025-11-11 01:00:00,-0.0,21345.004801
2025-11-11 02:00:00,-0.0,20877.3182539999
2025-11-11 03:00:00,-0.0,20476.22754
2025-11-11 04:00:00,-0.0,20575.620456
2025-11-11 05:00:00,-0.0,21448.745773
2025-11-11 06:00:00,1597.51668573057,21321.60564326943
2025-11-11 07:00:00,16290.972952363345,9372.919610636554
2025-11-11 08:00:00,27628.604329624533,442.31022537546596
2025-11-11 09:00:00,30018.139593996602,-0.0
2025-11-11 10:00:00,29718.123803691848,-0.0
2025-11-11 11:00:00,31311.981760272363,-0.0
2025-11-11 12:00:00,27971.75461096155,-0.0
2025-11-11 13:00:00,24203.456151093957,2965.065632906044
2025-11-11 14:00:00,19428.4294808841,7900.255812115898
2025-11-11 15:00:00,10395.990032851534,16390.720688148467
2025-11-11 16:00:00,1519.91311481092,-0.0
2025-11-11 17:00:00,-0.0,28287.117974
2025-11-11 18:00:00,-0.0,27708.99747
2025-11-11 19:00:00,-0.0,27197.524841
2025-11-11 20:00:00,-0.0,26381.752159
2025-11-11 21:00:00,-0.0,25552.53059
2025-11-11 22:00:00,-0.0,24233.699358
2025-11-11 23:00:00,-0.0,22878.818828
2025-11-12 00:00:00,-0.0,22299.3873499999
2025-11-12 01:00:00,-0.0,21750.048091
2025-11-12 02:00:00,-0.0,21473.312568
2025-11-12 03:00:00,-0.0,21261.928699
2025-11-12 04:00:00,-0.0,20931.21326
2025-11-12 05:00:00,-0.0,21934.447441
2025-11-12 06:00:00,672.43590484223,-0.0
2025-11-12 07:00:00,6040.7543914378,18822.2512295622
2025-11-12 08:00:00,13886.802771391049,12751.94792260895
2025-11-12 09:00:00,20230.846552899446,6993.805042100554
2025-11-12 10:00:00,23570.49600813393,4141.040695866068
2025-11-12 11:00:00,26873.365607175732,1936.6908358241672
2025-11-12 12:00:00,25553.33464277324,3480.192046226759
2025-11-12 13:00:00,20586.128409839286,7469.923576160712
2025-11-12 14:00:00,14384.197371106819,12751.655162893183
2025-11-12 15:00:00,8341.709897440045,18612.857834559953
2025-11-12 16:00:00,1262.261556769995,26091.439269230006
2025-11-12 17:00:00,0.19256469210831376,28375.40613230779
2025-11-12 18:00:00,0.19256469210831376,27533.391796307893
2025-11-12 19:00:00,-0.0,26958.297678
2025-11-12 20:00:00,-0.0,-0.0
2025-11-12 21:00:00,-0.0,-0.0
2025-11-12 22:00:00,-0.0,24075.3138159999
2025-11-12 23:00:00,-0.0,22870.825378
2025-11-13 00:00:00,-0.0,21728.916926
2025-11-13 01:00:00,-0.0,21083.396245
2025-11-13 02:00:00,-0.0,20435.536678
2025-11-13 03:00:00,-0.0,20304.765561
2025-11-13 04:00:00,-0.0,20374.807555
2025-11-13 05:00:00,-0.0,21283.786925
2025-11-13 06:00:00,779.69443834656,22112.10808965344
2025-11-13 07:00:00,13176.04649281926,11734.64816418074
2025-11-13 08:00:00,27491.883398227634,1023.5922227722658
2025-11-13 09:00:00,30284.071433798188,-0.0
2025-11-13 10:00:00,31009.077499585987,-0.0
2025-11-13 11:00:00,31082.829776663468,-0.0
2025-11-13 12:00:00,29798.23071560891,-0.0
2025-11-13 13:00:00,30681.71752300185,-0.0
2025-11-13 14:00:00,26356.521973557017,444.2932414429815
2025-11-13 15:00:00,16576.546390759973,-0.0
2025-11-13 16:00:00,1998.24381000797,24511.54964099203
2025-11-13 17:00:00,-0.0,27241.79027
2025-11-13 18:00:00,-0.0,26765.126939
2025-11-13 19:00:00,-0.0,26089.297047
2025-11-13 20:00:00,-0.0,25628.296132
2025-11-13 21:00:00,-0.0,24967.164287
2025-11-13 22:00:00,-0.0,23750.127275
2025-11-13 23:00:00,-0.0,22434.025314
2025-11-14 00:00:00,-0.0,22578.572271
2025-11-14 01:00:00,-0.0,22128.497171
2025-11-14 02:00:00,-0.0,22079.970167
2025-11-14 03:00:00,-0.0,21601.934733
2025-11-14 04:00:00,-0.0,21113.309457
2025-11-14 05:00:00,-0.0,22097.445673
2025-11-14 06:00:00,636.81143680219,22169.21045619771
2025-11-14 07:00:00,5301.883667818201,19054.747345181797
2025-11-14 08:00:00,8855.279931292916,16401.875263707083
2025-11-14 09:00:00,10761.670383165225,15029.501390834774
2025-11-14 10:00:00,13560.405618267454,12911.921473732546
2025-11-14 11:00:00,16115.546517852668,10587.501737147231
2025-11-14 12:00:00,17334.481018898296,9592.699153101705
2025-11-14 13:00:00,16025.811371330195,10853.378441669805
2025-11-14 14:00:00,11389.04615005411,14393.80875394589
2025-11-14 15:00:00,5503.498900455605,19784.286609544295
2025-11-14 16:00:00,801.64681324691,24414.89794975299
2025-11-14 17:00:00,-0.0,26300.485364
2025-11-14 18:00:00,-0.0,25720.5018849999
2025-11-14 19:00:00,-0.0,25720.206005
2025-11-14 20:00:00,-0.0,25299.5059369999
2025-11-14 21:00:00,-0.0,24413.186509
2025-11-14 22:00:00,-0.0,23333.467502
2025-11-14 23:00:00,-0.0,22464.712026
2025-11-15 00:00:00,-0.0,22197.353337
2025-11-15 01:00:00,-0.0,21773.875695
2025-11-15 02:00:00,-0.0,21802.260407
2025-11-15 03:00:00,-0.0,21827.427786
2025-11-15 04:00:00,-0.0,21514.8798939999
2025-11-15 05:00:00,-0.0,21081.229324
2025-11-15 06:00:00,183.899280963435,21130.441229036565
2025-11-15 07:00:00,2149.21452862089,19547.26412837911
2025-11-15 08:00:00,3686.651030413665,19020.368449586334
2025-11-15 09:00:00,6096.213022764995,17153.028266234905
2025-11-15 10:00:00,6437.437657180931,16984.82910781907
2025-11-15 11:00:00,5921.749411714864,17317.046457285036
2025-11-15 12:00:00,5942.353833770455,17244.103437229543
2025-11-15 13:00:00,7005.696063592561,16235.536153407338
2025-11-15 14:00:00,7330.745263871395,15939.804388128505
2025-11-15 15:00:00,3090.85587303054,20470.26381796946
2025-11-15 16:00:00,286.34369716506,24042.677970834942
2025-11-15 17:00:00,-0.0,24664.765933
2025-11-15 18:00:00,-0.0,24321.321135
2025-11-15 19:00:00,-0.0,23815.601237
2025-11-15 20:00:00,-0.0,23459.454014
2025-11-15 21:00:00,-0.0,22996.127412
2025-11-15 22:00:00,-0.0,22709.093919
2025-11-15 23:00:00,-0.0,21571.762934
2025-11-16 00:00:00,-0.0,20932.586278
2025-11-16 01:00:00,-0.0,19970.714952
2025-11-16 02:00:00,-0.0,19365.462292
2025-11-16 03:00:00,-0.0,18984.184448
2025-11-16 04:00:00,-0.0,18864.350651
2025-11-16 05:00:00,-0.0,19150.069566
2025-11-16 06:00:00,495.854082178905,19042.114319821092
2025-11-16 07:00:00,6741.11217663574,13726.56947536426
2025-11-16 08:00:00,15739.467674165136,6734.076772834864
2025-11-16 09:00:00,18147.874278363815,-0.0
2025-11-16 10:00:00,20377.38828359387,4687.446228406028
2025-11-16 11:00:00,22209.063634928156,3127.324776071844
2025-11-16 12:00:00,20616.553631192393,4613.601563807606
2025-11-16 13:00:00,17721.15092065179,6863.0775783482095
2025-11-16 14:00:00,17839.00051222208,6486.6907477779205
2025-11-16 15:00:00,11565.435408025325,11404.122847974675
2025-11-16 16:00:00,1309.63247102864,22088.06494297136
2025-11-16 17:00:00,-0.0,24761.373698
2025-11-16 18:00:00,-0.0,24544.264219
2025-11-16 19:00:00,-0.0,24152.749755
2025-11-16 20:00:00,-0.0,23659.058866
2025-11-16 21:00:00,-0.0,23064.122598
2025-11-16 22:00:00,-0.0,21957.821956
2025-11-16 23:00:00,-0.0,21201.275797
2025-11-17 00:00:00,-0.0,21989.867282
2025-11-17 01:00:00,-0.0,21849.515013
2025-11-17 02:00:00,-0.0,21041.268879
2025-11-17 03:00:00,-0.0,20640.929157
2025-11-17 04:00:00,-0.0,20560.976306
2025-11-17 05:00:00,-0.0,21133.529519
2025-11-17 06:00:00,666.4663993868701,21908.23833461313
2025-11-17 07:00:00,8158.773439937145,16086.652504062855
2025-11-17 08:00:00,15423.6615791075,10997.7706768925
2025-11-17 09:00:00,19957.78981948986,6926.737744510141
2025-11-17 10:00:00,19783.133643747617,6696.740319252382
2025-11-17 11:00:00,19064.6747774915,7238.448307508501
2025-11-17 12:00:00,20935.440761323764,5748.883921676235
2025-11-17 13:00:00,18381.26268519909,7218.52993480091
2025-11-17 14:00:00,13530.94322037488,11328.43854962512
2025-11-17 15:00:00,6016.106110847935,19295.683149151962
2025-11-17 16:00:00,696.31392666366,25028.05715133634
2025-11-17 17:00:00,-0.0,27020.841322
2025-11-17 18:00:00,-0.0,26773.827747
2025-11-17 19:00:00,-0.0,26064.9001
2025-11-17 20:00:00,-0.0,25426.226902
2025-11-17 21:00:00,-0.0,24727.682707
2025-11-17 22:00:00,-0.0,23660.98483
2025-11-17 23:00:00,-0.0,22532.530203
2025-11-18 00:00:00,-0.0,21427.209102
2025-11-18 01:00:00,-0.0,20537.061652
2025-11-18 02:00:00,-0.0,20620.89527
2025-11-18 03:00:00,-0.0,20361.243124
2025-11-18 04:00:00,-0.0,20112.119569
2025-11-18 05:00:00,-0.0,21284.045444
2025-11-18 06:00:00,175.42643451067,23240.22115748933
2025-11-18 07:00:00,6279.149480267895,17838.056087732104
2025-11-18 08:00:00,15433.097249020806,8706.936845979193
2025-11-18 09:00:00,24323.616518969546,1383.8576300304558
2025-11-18 10:00:00,26074.02957023412,92.73419876577827
2025-11-18 11:00:00,26486.695705422237,-0.0
2025-11-18 12:00:00,26894.740287999757,-0.0
2025-11-18 13:00:00,26649.027740869547,-0.0
2025-11-18 14:00:00,26392.72413567338,-0.0
2025-11-18 15:00:00,17248.982295602207,6491.094539397793
2025-11-18 16:00:00,2455.199824381,22571.841678619
2025-11-18 17:00:00,-0.0,26634.079526
2025-11-18 18:00:00,-0.0,26585.661857
2025-11-18 19:00:00,-0.0,26212.0745399999
2025-11-18 20:00:00,-0.0,25762.237987
2025-11-18 21:00:00,-0.0,25065.925691
2025-11-18 22:00:00,-0.0,23785.798022
2025-11-18 23:00:00,-0.0,22339.323512
2025-11-19 00:00:00,-0.0,22047.732206
2025-11-19 01:00:00,-0.0,21255.504394
2025-11-19 02:00:00,-0.0,20811.850331
2025-11-19 03:00:00,-0.0,20436.050014
2025-11-19 04:00:00,-0.0,20519.839593
2025-11-19 05:00:00,-0.0,21935.852816
2025-11-19 06:00:00,373.19037330591,23524.80052869409
2025-11-19 07:00:00,10581.814960736056,14353.147243263944
2025-11-19 08:00:00,28063.99309848144,-0.0
2025-11-19 09:00:00,31582.727717376652,-0.0
2025-11-19 10:00:00,32117.864996745655,-0.0
2025-11-19 11:00:00,32446.76549086666,-0.0
2025-11-19 12:00:00,31293.495549829964,-0.0
2025-11-19 13:00:00,26577.008546021036,-0.0
2025-11-19 14:00:00,25722.984136520667,-0.0
2025-11-19 15:00:00,17505.67103018259,6913.672177817407
2025-11-19 16:00:00,2539.73572421655,23171.41443278345
2025-11-19 17:00:00,7.89515237644,26923.479950623558
2025-11-19 18:00:00,32.158303582085,26718.855677417916
2025-11-19 19:00:00,30.617786045219997,26243.56902195478
2025-11-19 20:00:00,25.80366874251,-0.0
2025-11-19 21:00:00,25.418539358295,25245.235998641703
2025-11-19 22:00:00,25.418539358295,23916.132471641704
2025-11-19 23:00:00,29.847527276785,22559.800130723215
2025-11-20 00:00:00,30.040091968895,22108.063733031104
2025-11-20 01:00:00,14.634916600230001,21135.81349739977
2025-11-20 02:00:00,-0.0,20979.82563
2025-11-20 03:00:00,-0.0,20686.060725
2025-11-20 04:00:00,-0.0,20739.0498749999
2025-11-20 05:00:00,-0.0,21971.91589
2025-11-20 06:00:00,759.6677103672951,22980.522273632705
2025-11-20 07:00:00,12424.273934828405,13373.968299171596
2025-11-20 08:00:00,25284.899461974248,3749.6228990257514
2025-11-20 09:00:00,28226.51769862085,1162.1767173791486
2025-11-20 10:00:00,26764.181426750318,2569.6554252496826
2025-11-20 11:00:00,23966.601579800732,5670.869344199167
2025-11-20 12:00:00,21426.480726199963,7658.183891800036
2025-11-20 13:00:00,20477.714488182304,-0.0
2025-11-20 14:00:00,15729.4543101755,11320.644592824498
2025-11-20 15:00:00,6096.98328153343,19864.01920246657
2025-11-20 16:00:00,699.202397045285,25582.256755954713
2025-11-20 17:00:00,-0.0,27619.5419639999
2025-11-20 18:00:00,-0.0,27169.77303
2025-11-20 19:00:00,-0.0,26757.167453
2025-11-20 20:00:00,-0.0,26355.420222
2025-11-20 21:00:00,-0.0,25578.4866679999
2025-11-20 22:00:00,-0.0,24316.313197
2025-11-20 23:00:00,-0.0,23169.681524
2025-11-21 00:00:00,-0.0,22500.37659
2025-11-21 01:00:00,-0.0,21743.500034
2025-11-21 02:00:00,-0.0,21755.769185
2025-11-21 03:00:00,-0.0,21774.563051
2025-11-21 04:00:00,-0.0,21366.667804
2025-11-21 05:00:00,-0.0,22073.089605
2025-11-21 06:00:00,-0.0,23883.886082
2025-11-21 07:00:00,835.1530696737551,23936.679859326247
2025-11-21 08:00:00,4042.31801673772,20827.90293026228
2025-11-21 09:00:00,6821.9893473212305,16944.197882678767
2025-11-21 10:00:00,9162.420615205676,14841.979297794325
2025-11-21 11:00:00,11380.76586829345,11949.89128470655
2025-11-21 12:00:00,12873.33479682499,10583.28870717501
2025-11-21 13:00:00,12864.476820988011,11214.510009011889
2025-11-21 14:00:00,11268.69321748641,12138.562774513588
2025-11-21 15:00:00,6325.36500637389,17191.99864162611
2025-11-21 16:00:00,999.21818735004,24380.770319649957
2025-11-21 17:00:00,-0.0,26515.919006
2025-11-21 18:00:00,-0.0,26272.09956
2025-11-21 19:00:00,-0.0,25824.7005939999
2025-11-21 20:00:00,-0.0,25298.449757
2025-11-21 21:00:00,-0.0,24945.69878
2025-11-21 22:00:00,-0.0,24117.169936
2025-11-21 23:00:00,-0.0,23031.926716
2025-11-22 00:00:00,-0.0,22196.413644
2025-11-22 01:00:00,-0.0,21297.656211
2025-11-22 02:00:00,-0.0,20553.13344
2025-11-22 03:00:00,-0.0,20034.299268
2025-11-22 04:00:00,-0.0,20121.762834
2025-11-22 05:00:00,-0.0,20505.904324
2025-11-22 06:00:00,10.20592868174,21384.352393318262
2025-11-22 07:00:00,2120.5223894967503,19707.21638750325
2025-11-22 08:00:00,8230.40750540144,13711.163991598562
2025-11-22 09:00:00,14246.513616249378,7258.082951750521
2025-11-22 10:00:00,15691.326501138059,6977.845182861942
2025-11-22 11:00:00,16147.127127358435,6799.551437641563
2025-11-22 12:00:00,18689.366192572397,4876.694772427603
2025-11-22 13:00:00,18763.88872841831,1264.9472557680238
2025-11-22 14:00:00,17038.1239577436,5862.945199256301
2025-11-22 15:00:00,11410.805960262345,11065.121873737653
2025-11-22 16:00:00,1391.087335790455,22239.863512209544
2025-11-22 17:00:00,-0.0,24815.140686
2025-11-22 18:00:00,-0.0,24550.116177
2025-11-22 19:00:00,-0.0,24286.389436
2025-11-22 20:00:00,-0.0,23749.876934
2025-11-22 21:00:00,-0.0,23625.511454
2025-11-22 22:00:00,-0.0,22782.645594
2025-11-22 23:00:00,-0.0,21857.998449
2025-11-23 00:00:00,-0.0,21386.4068859999
2025-11-23 01:00:00,-0.0,20379.368504
2025-11-23 02:00:00,-0.0,19618.223456
2025-11-23 03:00:00,-0.0,19285.924349
2025-11-23 04:00:00,-0.0,19182.315056
2025-11-23 05:00:00,-0.0,19659.46507
2025-11-23 06:00:00,287.69165000982,19907.14681899018
2025-11-23 07:00:00,10845.05089484812,9678.291463151882
2025-11-23 08:00:00,28278.895294874314,-0.0
2025-11-23 09:00:00,32854.039814675736,-0.0
2025-11-23 10:00:00,32719.822224276246,-0.0
2025-11-23 11:00:00,33533.79317781809,-0.0
2025-11-23 12:00:00,34175.803861307206,-0.0
2025-11-23 13:00:00,35955.10161638803,-0.0
2025-11-23 14:00:00,33975.92171089878,-0.0
2025-11-23 15:00:00,20674.515603517,-0.0
2025-11-23 16:00:00,2409.36942765922,20653.496434340777
2025-11-23 17:00:00,-0.0,24878.473745
2025-11-23 18:00:00,-0.0,24765.260865
2025-11-23 19:00:00,-0.0,24255.627962
2025-11-23 20:00:00,-0.0,23677.602025
2025-11-23 21:00:00,-0.0,23337.4325059999
2025-11-23 22:00:00,-0.0,22663.80185
2025-11-23 23:00:00,-0.0,21611.140688
2025-11-24 00:00:00,-0.0,21160.139101
2025-11-24 01:00:00,-0.0,-0.0
2025-11-24 02:00:00,-0.0,20973.771518
2025-11-24 03:00:00,-0.0,14049.196323507203
2025-11-24 04:00:00,-0.0,20873.113867
2025-11-24 05:00:00,-0.0,21848.551041
2025-11-24 06:00:00,438.27723923852,22766.62329976148
2025-11-24 07:00:00,11360.73914031419,13183.82320168571
2025-11-24 08:00:00,26486.50314073013,191.58529126987196
2025-11-24 09:00:00,29837.89904218322,-0.0
2025-11-24 10:00:00,30495.70003042522,-0.0
2025-11-24 11:00:00,30621.444774371954,-0.0
2025-11-24 12:00:00,30421.56262396352,-0.0
2025-11-24 13:00:00,30170.073136070063,-0.0
2025-11-24 14:00:00,28608.566047763747,-0.0
2025-11-24 15:00:00,17291.924221942358,7491.863125057542
2025-11-24 16:00:00,1793.74010698894,23839.61607301106
2025-11-24 17:00:00,-0.0,26862.813241
2025-11-24 18:00:00,-0.0,26423.631685
2025-11-24 19:00:00,-0.0,25985.028885
2025-11-24 20:00:00,-0.0,25346.688651
2025-11-24 21:00:00,-0.0,25123.080223
2025-11-24 22:00:00,-0.0,24065.262069
2025-11-24 23:00:00,-0.0,22730.525915
2025-11-25 00:00:00,-0.0,22110.022639
2025-11-25 01:00:00,-0.0,21350.636427
2025-11-25 02:00:00,-0.0,21325.2860999999
2025-11-25 03:00:00,-0.0,20948.521558
2025-11-25 04:00:00,-0.0,20968.48483
2025-11-25 05:00:00,-0.0,22239.075054
2025-11-25 06:00:00,471.783495665365,23319.832908334636
2025-11-25 07:00:00,11139.09717969752,13620.107364302481
2025-11-25 08:00:00,25867.21509090979,421.8796970902076
2025-11-25 09:00:00,30109.030128671726,-0.0
2025-11-25 10:00:00,30634.731738127422,-0.0
2025-11-25 11:00:00,30544.226332836515,-0.0
2025-11-25 12:00:00,30761.82443491891,-0.0
2025-11-25 13:00:00,31007.536982049118,-0.0
2025-11-25 14:00:00,29446.60758781913,-0.0
2025-11-25 15:00:00,17362.017769869784,8076.297374130216
2025-11-25 16:00:00,1940.0892729912598,24207.98186500874
2025-11-25 17:00:00,-0.0,-0.0
2025-11-25 18:00:00,-0.0,26930.000842
2025-11-25 19:00:00,-0.0,26406.63232
2025-11-25 20:00:00,-0.0,25862.956097
2025-11-25 21:00:00,-0.0,25465.120526
2025-11-25 22:00:00,-0.0,24387.172616
2025-11-25 23:00:00,-0.0,23545.460021
2025-11-26 00:00:00,-0.0,22869.125043
2025-11-26 01:00:00,-0.0,22071.782842
2025-11-26 02:00:00,-0.0,21594.21136
2025-11-26 03:00:00,-0.0,21119.748152
2025-11-26 04:00:00,-0.0,21529.496385
2025-11-26 05:00:00,-0.0,22723.179282
2025-11-26 06:00:00,438.46980393062995,23423.437755069368
2025-11-26 07:00:00,11488.409531182,13326.611561818
2025-11-26 08:00:00,26877.794595094223,378.9972119056765
2025-11-26 09:00:00,31158.315135969926,-0.0
2025-11-26 10:00:00,31980.75893596454,-0.0
2025-11-26 11:00:00,32651.846887962012,-0.0
2025-11-26 12:00:00,34066.42711618968,-0.0
2025-11-26 13:00:00,35445.57544106943,-0.0
2025-11-26 14:00:00,34074.322268566124,-0.0
2025-11-26 15:00:00,19952.398008110824,5265.215078889076
2025-11-26 16:00:00,2094.33359137002,24169.17663862998
2025-11-26 17:00:00,-0.0,27164.345106
2025-11-26 18:00:00,-0.0,26719.3533399999
2025-11-26 19:00:00,-0.0,26093.790487
2025-11-26 20:00:00,-0.0,25553.38133
2025-11-26 21:00:00,-0.0,25290.3075689999
2025-11-26 22:00:00,-0.0,24536.498989
2025-11-26 23:00:00,-0.0,-0.0
2025-11-27 00:00:00,-0.0,22478.879549
2025-11-27 01:00:00,-0.0,21383.6253359999
2025-11-27 02:00:00,-0.0,20505.979202
2025-11-27 03:00:00,-0.0,20179.758934
2025-11-27 04:00:00,-0.0,20118.74987
2025-11-27 05:00:00,-0.0,20568.756365
2025-11-27 06:00:00,176.196693279105,21129.119775720796
2025-11-27 07:00:00,6729.173165725025,15421.201401274975
2025-11-27 08:00:00,18155.57686604815,6677.61564595185
2025-11-27 09:00:00,23441.86279380558,2230.4298121944194
2025-11-27 10:00:00,27688.877078254438,-0.0
2025-11-27 11:00:00,29412.33107262385,-0.0
2025-11-27 12:00:00,30446.018339861275,-0.0
2025-11-27 13:00:00,27962.51150574035,-0.0
2025-11-27 14:00:00,24174.57144727771,317.2191457222907
2025-11-27 15:00:00,13830.573881295419,9595.61898670458
2025-11-27 16:00:00,1854.39798500306,22075.75282999694
2025-11-27 17:00:00,39.860891266420005,23934.92483173358
2025-11-27 18:00:00,-0.0,23167.860354
2025-11-27 19:00:00,-0.0,22593.3265709999
2025-11-27 20:00:00,-0.0,22435.801135
2025-11-27 21:00:00,-0.0,22526.269834
2025-11-27 22:00:00,-0.0,21951.4148189999
2025-11-27 23:00:00,-0.0,21123.683125
2025-11-28 00:00:00,-0.0,20913.218061
2025-11-28 01:00:00,-0.0,20245.484367
2025-11-28 02:00:00,-0.0,19724.37697
2025-11-28 03:00:00,-0.0,19439.902582
2025-11-28 04:00:00,-0.0,19633.5336289999
2025-11-28 05:00:00,-0.0,20478.231944
2025-11-28 06:00:00,373.96063207434497,21318.922900925656
2025-11-28 07:00:00,11222.862820764636,11305.719756235365
2025-11-28 08:00:00,26892.236947002344,-0.0
2025-11-28 09:00:00,30633.576349974777,-0.0
2025-11-28 10:00:00,30652.640254493497,-0.0
2025-11-28 11:00:00,30353.587287649287,-0.0
2025-11-28 12:00:00,30646.86331373025,-0.0
2025-11-28 13:00:00,30277.5242342665,-0.0
2025-11-28 14:00:00,25665.984987656604,-0.0
2025-11-28 15:00:00,16339.884384158859,7573.3235498411395
2025-11-28 16:00:00,1984.57171686828,22875.69480013172
2025-11-28 17:00:00,110.14700388595499,26019.829843113945
2025-11-28 18:00:00,-0.0,25578.691695
2025-11-28 19:00:00,-0.0,25235.606428
2025-11-28 20:00:00,-0.0,24692.759886
2025-11-28 21:00:00,-0.0,24357.79588
2025-11-28 22:00:00,-0.0,23461.259331
2025-11-28 23:00:00,-0.0,22319.4169039999
2025-11-29 00:00:00,-0.0,21711.3507509999
2025-11-29 01:00:00,-0.0,20629.646251
2025-11-29 02:00:00,-0.0,19851.647187
2025-11-29 03:00:00,-0.0,19564.150861
2025-11-29 04:00:00,-0.0,19615.099317
2025-11-29 05:00:00,-0.0,20180.950069
2025-11-29 06:00:00,322.93098866564,20646.71141333436
2025-11-29 07:00:00,9285.084324078669,12587.15139892123
2025-11-29 08:00:00,22680.076871825087,1278.631990174912
2025-11-29 09:00:00,28062.645145636678,-0.0
2025-11-29 10:00:00,29280.80938791387,-0.0
2025-11-29 11:00:00,30087.655447847705,-0.0
2025-11-29 12:00:00,29730.062814602567,-0.0
2025-11-29 13:00:00,28726.03050994982,-0.0
2025-11-29 14:00:00,27581.425980058,-0.0
2025-11-29 15:00:00,15912.3907676784,7031.0092063216
2025-11-29 16:00:00,1621.972401628325,22613.166985371674
2025-11-29 17:00:00,-0.0,25403.267856
2025-11-29 18:00:00,-0.0,25258.5389269999
2025-11-29 19:00:00,-0.0,24812.278384
2025-11-29 20:00:00,-0.0,24317.916738
2025-11-29 21:00:00,-0.0,24078.268765
2025-11-29 22:00:00,-0.0,23204.309515
2025-11-29 23:00:00,-0.0,22036.44072
2025-11-30 00:00:00,-0.0,21574.355382
2025-11-30 01:00:00,-0.0,20718.129294
2025-11-30 02:00:00,-0.0,20144.462983
2025-11-30 03:00:00,-0.0,19726.027833
2025-11-30 04:00:00,-0.0,19946.548603
2025-11-30 05:00:00,-0.0,20011.590204
2025-11-30 06:00:00,280.3741917097,20679.073607290302
2025-11-30 07:00:00,9329.56676795569,12534.761460044308
2025-11-30 08:00:00,22512.545589690853,1061.6780103091478
2025-11-30 09:00:00,25608.793274100433,-0.0
2025-11-30 10:00:00,27610.503248566358,-0.0
2025-11-30 11:00:00,28820.38720908289,-0.0
2025-11-30 12:00:00,26088.66448683435,-0.0
2025-11-30 13:00:00,21278.398477968673,3288.7839040313265
2025-11-30 14:00:00,15810.90917493732,7857.752591062681
2025-11-30 15:00:00,7196.5276734719,16129.4874895281
2025-11-30 16:00:00,861.3418678004849,23891.122674199516
2025-11-30 17:00:00,146.349166002315,26414.844185997685
2025-11-30 18:00:00,103.98493373848498,26135.984622261516
2025-11-30 19:00:00,-0.0,25987.116069
2025-11-30 20:00:00,-0.0,25348.237834
2025-11-30 21:00:00,-0.0,24809.212954
2025-11-30 22:00:00,-0.0,23674.72223
2025-11-30 23:00:00,-0.0,22495.71438
2025-12-01 00:00:00,-0.0,22129.847118
2025-12-01 01:00:00,-0.0,22231.215175
2025-12-01 02:00:00,-0.0,21492.018423
2025-12-01 03:00:00,-0.0,21303.491836
2025-12-01 04:00:00,-0.0,21569.191828
2025-12-01 05:00:00,-0.0,-0.0
2025-12-01 06:00:00,237.43226536955,24419.24731063045
2025-12-01 07:00:00,9790.374076170889,16060.354367829112
2025-12-01 08:00:00,25218.8497725811,2768.8329804189016
2025-12-01 09:00:00,30750.65568277663,-0.0
2025-12-01 10:00:00,31211.65555568393,-0.0
2025-12-01 11:00:00,31688.25316865201,-0.0
2025-12-01 12:00:00,32801.46965373017,-0.0
2025-12-01 13:00:00,33754.08718559,-0.0
2025-12-01 14:00:00,33049.492977165675,-0.0
2025-12-01 15:00:00,19541.079825767465,5412.0794642325345
2025-12-01 16:00:00,2108.77594327814,24348.47748972176
2025-12-01 17:00:00,-0.0,27906.454185
2025-12-01 18:00:00,-0.0,27775.194473
2025-12-01 19:00:00,-0.0,27359.14045
2025-12-01 20:00:00,-0.0,26762.8548759999
2025-12-01 21:00:00,-0.0,26195.144029
2025-12-01 22:00:00,-0.0,24781.153952
2025-12-01 23:00:00,-0.0,23203.514517
2025-12-02 00:00:00,-0.0,22651.380809
2025-12-02 01:00:00,-0.0,21911.338776
2025-12-02 02:00:00,-0.0,21897.955175
2025-12-02 03:00:00,-0.0,21742.265878
2025-12-02 04:00:00,-0.0,21594.606582
2025-12-02 05:00:00,-0.0,23048.177545
2025-12-02 06:00:00,251.10435850924,25121.00374949076
2025-12-02 07:00:00,10030.502247229955,16483.89980076995
2025-12-02 08:00:00,25637.10028384036,2756.94703715964
2025-12-02 09:00:00,29361.30142921515,-0.0
2025-12-02 10:00:00,28145.255398551144,-0.0
2025-12-02 11:00:00,27649.979010448562,-0.0
2025-12-02 12:00:00,27032.038913472985,-0.0
2025-12-02 13:00:00,26898.59158184192,145.9000681580801
2025-12-02 14:00:00,27719.879993683877,-0.0
2025-12-02 15:00:00,16681.3015832669,8921.3182817331
2025-12-02 16:00:00,1557.46322977204,25108.825719227963
2025-12-02 17:00:00,-0.0,27594.271235
2025-12-02 18:00:00,-0.0,27415.709847
2025-12-02 19:00:00,-0.0,27147.0159309999
2025-12-02 20:00:00,-0.0,26549.5342709999
2025-12-02 21:00:00,-0.0,26167.240894
2025-12-02 22:00:00,-0.0,24880.60776
2025-12-02 23:00:00,-0.0,23550.421747
2025-12-03 00:00:00,-0.0,22986.3574129999
2025-12-03 01:00:00,-0.0,22884.4259529999
2025-12-03 02:00:00,-0.0,22276.797257
2025-12-03 03:00:00,-0.0,21825.550479
2025-12-03 04:00:00,-0.0,-0.0
2025-12-03 05:00:00,-0.0,23040.560858
2025-12-03 06:00:00,183.51415157922,25194.11177742078
2025-12-03 07:00:00,8855.472495985026,17644.588443014974
2025-12-03 08:00:00,24207.692574320343,3363.704879679659
2025-12-03 09:00:00,28812.877186090667,-0.0
2025-12-03 10:00:00,29435.438835676847,-0.0
2025-12-03 11:00:00,30157.74899577513,-0.0
2025-12-03 12:00:00,30840.198264606996,-0.0
2025-12-03 13:00:00,31391.12584872888,-0.0
2025-12-03 14:00:00,29024.698347409816,-0.0
2025-12-03 15:00:00,16478.338397784733,8890.224535815265
2025-12-03 16:00:00,1329.2740696236901,25206.26704337631
2025-12-03 17:00:00,-0.0,27964.701391
2025-12-03 18:00:00,-0.0,27749.2147769999
2025-12-03 19:00:00,-0.0,27442.685147
2025-12-03 20:00:00,-0.0,27165.828187
2025-12-03 21:00:00,-0.0,26542.1858709999
2025-12-03 22:00:00,-0.0,25362.251595
2025-12-03 23:00:00,-0.0,23764.282607
2025-12-04 00:00:00,-0.0,23174.673057
2025-12-04 01:00:00,-0.0,22527.591219
2025-12-04 02:00:00,-0.0,22310.800046
2025-12-04 03:00:00,-0.0,22256.859357
2025-12-04 04:00:00,-0.0,21953.062647
2025-12-04 05:00:00,-0.0,23642.841618
2025-12-04 06:00:00,174.078481665915,25458.648639334086
2025-12-04 07:00:00,8411.418315983254,18208.205619016746
2025-12-04 08:00:00,22361.960000462157,5326.922499537843
2025-12-04 09:00:00,28473.38563390371,273.3458610962916
2025-12-04 10:00:00,29951.704775219234,-0.0
2025-12-04 11:00:00,30502.43979464901,-0.0
2025-12-04 12:00:00,30926.65981136363,-0.0
2025-12-04 13:00:00,29113.85579985596,-0.0
2025-12-04 14:00:00,25668.873458038226,-0.0
2025-12-04 15:00:00,16230.89276842555,8284.057119574449
2025-12-04 16:00:00,1555.3450181588498,24983.74236584115
2025-12-04 17:00:00,40.438585342745,27920.425191657254
2025-12-04 18:00:00,3.6587291500579617,27845.016545849943
2025-12-04 19:00:00,-0.0,28014.4453059999
2025-12-04 20:00:00,-0.0,27243.7856259999
2025-12-04 21:00:00,-0.0,26793.0603869999
2025-12-04 22:00:00,-0.0,25472.233527
2025-12-04 23:00:00,-0.0,23730.696966
2025-12-05 00:00:00,-0.0,23136.09548
2025-12-05 01:00:00,-0.0,22245.527044
2025-12-05 02:00:00,-0.0,21894.2434819999
2025-12-05 03:00:00,-0.0,21528.00363
2025-12-05 04:00:00,-0.0,21848.542035
2025-12-05 05:00:00,-0.0,23071.2249119999
2025-12-05 06:00:00,147.504554154965,25099.472135845033
2025-12-05 07:00:00,9141.431063765871,17335.74563023413
2025-12-05 08:00:00,24899.770077757617,2976.670580242382
2025-12-05 09:00:00,29476.262550403808,-0.0
2025-12-05 10:00:00,29337.423407393715,-0.0
2025-12-05 11:00:00,28893.754356776157,-0.0
2025-12-05 12:00:00,30172.38391237536,-0.0
2025-12-05 13:00:00,31112.09960986393,-0.0
2025-12-05 14:00:00,29422.537001305587,-0.0
2025-12-05 15:00:00,17835.919477148345,7202.799439851653
2025-12-05 16:00:00,1957.612659973115,24275.801225026888
2025-12-05 17:00:00,43.712185108585004,27610.001034891415
2025-12-05 18:00:00,66.04968939315,27229.56853360675
2025-12-05 19:00:00,69.32328915899,26731.48809084101
2025-12-05 20:00:00,67.397642237905,26495.345915762093
2025-12-05 21:00:00,56.036325403515,26232.738290596484
2025-12-05 22:00:00,39.283197190095,25182.468439809905
2025-12-05 23:00:00,40.63115003485,24011.06729996515
2025-12-06 00:00:00,39.090632497985,23401.812355502017
2025-12-06 01:00:00,36.972420884795,22513.819278115207
2025-12-06 02:00:00,36.972420884795,21577.751332115204
2025-12-06 03:00:00,36.972420884795,21171.509144115204
2025-12-06 04:00:00,36.972420884795,-0.0
2025-12-06 05:00:00,38.70550311377,21737.82577288623
2025-12-06 06:00:00,245.32741774599,22413.64958025401
2025-12-06 07:00:00,8612.070725160114,14881.806610839785
2025-12-06 08:00:00,23790.98258059795,1060.88759140205
2025-12-06 09:00:00,28258.098308126617,-0.0
2025-12-06 10:00:00,28853.89346550974,-0.0
2025-12-06 11:00:00,29105.960647479522,-0.0
2025-12-06 12:00:00,29887.195603362954,-0.0
2025-12-06 13:00:00,29863.510146233628,-0.0
2025-12-06 14:00:00,27962.31894104825,-0.0
2025-12-06 15:00:00,16043.334758312056,8310.690637687843
2025-12-06 16:00:00,1834.94895110012,23069.00969789988
2025-12-06 17:00:00,-0.0,26238.4197829999
2025-12-06 18:00:00,-0.0,25799.972688
2025-12-06 19:00:00,-0.0,25520.347577
2025-12-06 20:00:00,-0.0,25263.731656
2025-12-06 21:00:00,-0.0,25285.39823
2025-12-06 22:00:00,-0.0,24416.947244
2025-12-06 23:00:00,-0.0,23269.149007
2025-12-07 00:00:00,-0.0,22547.4233949999
2025-12-07 01:00:00,-0.0,-0.0
2025-12-07 02:00:00,-0.0,21146.418392
2025-12-07 03:00:00,-0.0,-0.0
2025-12-07 04:00:00,-0.0,20628.6151249999
2025-12-07 05:00:00,-0.0,21004.265999
2025-12-07 06:00:00,135.180413860035,21524.388766139964
2025-12-07 07:00:00,8384.45925908809,14077.052060911912
2025-12-07 08:00:00,23579.54654866302,892.6550573369786
2025-12-07 09:00:00,28277.354777337445,-0.0
2025-12-07 10:00:00,28545.40482875222,-0.0
2025-12-07 11:00:00,28296.611246548277,-0.0
2025-12-07 12:00:00,28895.48743900513,-0.0
2025-12-07 13:00:00,29331.068772554136,-0.0
2025-12-07 14:00:00,27696.579665938774,-0.0
2025-12-07 15:00:00,15847.689031130005,8106.5569478699945
2025-12-07 16:00:00,1650.471976060355,23133.125366939646
2025-12-07 17:00:00,-0.0,26389.18903
2025-12-07 18:00:00,-0.0,26508.248879
2025-12-07 19:00:00,-0.0,26253.030284
2025-12-07 20:00:00,-0.0,25905.39148
2025-12-07 21:00:00,-0.0,25465.895224
2025-12-07 22:00:00,-0.0,24087.16257
2025-12-07 23:00:00,-0.0,22842.344805
2025-12-08 00:00:00,-0.0,22332.427836
2025-12-08 01:00:00,-0.0,21877.377314
2025-12-08 02:00:00,-0.0,21578.844605
2025-12-08 03:00:00,-0.0,21640.029204
2025-12-08 04:00:00,-0.0,21650.101142
2025-12-08 05:00:00,-0.0,23201.171751
2025-12-08 06:00:00,122.471144180885,25226.432397819113
2025-12-08 07:00:00,8101.581726380976,18587.10240561902
2025-12-08 08:00:00,23274.138946979234,5217.000833020666
2025-12-08 09:00:00,28055.520252028666,999.4123859713327
2025-12-08 10:00:00,28192.62631280979,1001.7067101902103
2025-12-08 11:00:00,27947.10633037169,1414.2681316283088
2025-12-08 12:00:00,28305.66178707737,1677.3786419226308
2025-12-08 13:00:00,28865.44734703623,1326.0855949637698
2025-12-08 14:00:00,27886.44845235757,1344.1211686424285
2025-12-08 15:00:00,16383.01887519112,10394.30521880888
2025-12-08 16:00:00,1837.6448567896352,25850.106523210365
2025-12-08 17:00:00,-0.0,28707.7216869999
2025-12-08 18:00:00,-0.0,28577.8116509999
2025-12-08 19:00:00,-0.0,28067.951554
2025-12-08 20:00:00,-0.0,27547.330427
2025-12-08 21:00:00,-0.0,26781.906568
2025-12-08 22:00:00,-0.0,25200.067581
2025-12-08 23:00:00,-0.0,23988.629795
2025-12-09 00:00:00,-0.0,23004.7586339999
2025-12-09 01:00:00,-0.0,22466.886303
2025-12-09 02:00:00,-0.0,21991.7826629999
2025-12-09 03:00:00,-0.0,21749.191178
2025-12-09 04:00:00,-0.0,21852.583015
2025-12-09 05:00:00,-0.0,23226.658979
2025-12-09 06:00:00,127.4778261757,25260.301816824303
2025-12-09 07:00:00,8283.170231039116,18440.129008960885
2025-12-09 08:00:00,24359.818681085908,4772.911975914092
2025-12-09 09:00:00,29750.08954258183,658.4205494181697
2025-12-09 10:00:00,30010.051876928057,468.3688250719424
2025-12-09 11:00:00,29921.857247942447,498.7384490575532
2025-12-09 12:00:00,30608.542940000694,-0.0
2025-12-09 13:00:00,30984.81434838034,-0.0
2025-12-09 14:00:00,28987.340797140798,1234.4196578592018
2025-12-09 15:00:00,16550.93528670957,-0.0
2025-12-09 16:00:00,1692.25851424786,26041.74494975214
2025-12-09 17:00:00,-0.0,28963.699919
2025-12-09 18:00:00,-0.0,28759.261086
2025-12-09 19:00:00,-0.0,28152.915545
2025-12-09 20:00:00,-0.0,20645.564326374704
2025-12-09 21:00:00,-0.0,26949.829273
2025-12-09 22:00:00,-0.0,25699.959679
2025-12-09 23:00:00,-0.0,23971.721208
2025-12-10 00:00:00,-0.0,23177.105503
2025-12-10 01:00:00,-0.0,22456.628364
2025-12-10 02:00:00,-0.0,22015.8062
2025-12-10 03:00:00,-0.0,21806.44152
2025-12-10 04:00:00,-0.0,21764.790588
2025-12-10 05:00:00,-0.0,23128.899428
2025-12-10 06:00:00,101.09646335686,25076.33039664314
2025-12-10 07:00:00,7840.4640038821,19212.2161291179
2025-12-10 08:00:00,23809.276226348244,6658.225476651758
2025-12-10 09:00:00,29515.353182901792,1689.861895098209
2025-12-10 10:00:00,30027.382699217804,989.9211287821963
2025-12-10 11:00:00,29720.62714468926,168.51485831074024
2025-12-10 12:00:00,28899.916426923628,1127.3241130763708
2025-12-10 13:00:00,28019.70321929652,2074.620920703481
2025-12-10 14:00:00,25789.226390605923,3051.0890423940764
2025-12-10 15:00:00,15902.762533072984,11239.370507927017
2025-12-10 16:00:00,1822.43224611308,25932.54450588692
2025-12-10 17:00:00,-0.0,28914.985198
2025-12-10 18:00:00,-0.0,28573.732144
2025-12-10 19:00:00,-0.0,28133.6067439999
2025-12-10 20:00:00,-0.0,27626.781644
2025-12-10 21:00:00,-0.0,26897.1747019999
2025-12-10 22:00:00,-0.0,25467.51099
2025-12-10 23:00:00,-0.0,24126.761542
2025-12-11 00:00:00,-0.0,23445.420336
2025-12-11 01:00:00,-0.0,22732.305067
2025-12-11 02:00:00,-0.0,22226.85588
2025-12-11 03:00:00,-0.0,21868.2307
2025-12-11 04:00:00,-0.0,22032.937566
2025-12-11 05:00:00,-0.0,23106.618338
2025-12-11 06:00:00,87.61693490928,25024.55941109072
2025-12-11 07:00:00,7555.08313017758,19629.08084282242
2025-12-11 08:00:00,23888.42031480476,6268.021455195241
2025-12-11 09:00:00,29510.153936214872,1340.4803827851283
2025-12-11 10:00:00,30163.333371846275,278.24530115372545
2025-12-11 11:00:00,30105.371399521668,-0.0
2025-12-11 12:00:00,30371.11067463114,-0.0
2025-12-11 13:00:00,30311.415620077565,-0.0
2025-12-11 14:00:00,28115.60043596646,209.5465400334433
2025-12-11 15:00:00,16561.141215391308,10526.07920660869
2025-12-11 16:00:00,1805.10142382333,25786.63584317657
2025-12-11 17:00:00,-0.0,28819.008436
2025-12-11 18:00:00,-0.0,28494.224613
2025-12-11 19:00:00,-0.0,28067.985672
2025-12-11 20:00:00,-0.0,27509.146091
2025-12-11 21:00:00,-0.0,26917.986548
2025-12-11 22:00:00,-0.0,25623.963301
2025-12-11 23:00:00,-0.0,24057.698937
2025-12-12 00:00:00,-0.0,23196.0479189999
2025-12-12 01:00:00,-0.0,22416.507586
2025-12-12 02:00:00,-0.0,22248.764692
2025-12-12 03:00:00,-0.0,21906.80981
2025-12-12 04:00:00,-0.0,21678.480134
2025-12-12 05:00:00,-0.0,22962.568324
2025-12-12 06:00:00,82.80281760657,24989.96060539343
2025-12-12 07:00:00,7168.798357808305,19461.042817191697
2025-12-12 08:00:00,22610.753582666097,6368.738711333903
2025-12-12 09:00:00,29066.870014981534,845.6806360183655
2025-12-12 10:00:00,29722.552791610342,-0.0
2025-12-12 11:00:00,29694.24578187042,-0.0
2025-12-12 12:00:00,30162.56311307784,-0.0
2025-12-12 13:00:00,29984.440772877646,-0.0
2025-12-12 14:00:00,27466.657423561446,1151.7923024385527
2025-12-12 15:00:00,15584.64566171005,10859.29193528995
2025-12-12 16:00:00,1683.9782324871999,25315.5563925128
2025-12-12 17:00:00,-0.0,28221.137452
2025-12-12 18:00:00,-0.0,27783.634993
2025-12-12 19:00:00,-0.0,27207.450866
2025-12-12 20:00:00,-0.0,26830.09406
2025-12-12 21:00:00,-0.0,26417.085262
2025-12-12 22:00:00,-0.0,25330.642422
2025-12-12 23:00:00,-0.0,24057.172906
2025-12-13 00:00:00,-0.0,23274.609778
2025-12-13 01:00:00,-0.0,22410.919109
2025-12-13 02:00:00,-0.0,21523.635637
2025-12-13 03:00:00,-0.0,21132.964067
2025-12-13 04:00:00,-0.0,21088.41638
2025-12-13 05:00:00,-0.0,21665.319657
2025-12-13 06:00:00,47.178349566535,22586.965334433462
2025-12-13 07:00:00,6983.551124000105,16828.087275999897
2025-12-13 08:00:00,23056.348280204737,3683.303263795264
2025-12-13 09:00:00,29216.492780749693,-0.0
2025-12-13 10:00:00,30183.93779390186,-0.0
2025-12-13 11:00:00,30192.41064035463,-0.0
2025-12-13 12:00:00,30216.28866217606,-0.0
2025-12-13 13:00:00,29804.392785756372,-0.0
2025-12-13 14:00:00,27075.751098581568,-0.0
2025-12-13 15:00:00,15193.93190142228,8855.23062357772
2025-12-13 16:00:00,1560.544264845775,23448.895193154225
2025-12-13 17:00:00,-0.0,26289.579776
2025-12-13 18:00:00,-0.0,26092.879629
2025-12-13 19:00:00,-0.0,25780.582636
2025-12-13 20:00:00,-0.0,25596.464156
2025-12-13 21:00:00,-0.0,25305.500277
2025-12-13 22:00:00,-0.0,24408.9178
2025-12-13 23:00:00,-0.0,23160.124283
2025-12-14 00:00:00,-0.0,-0.0
2025-12-14 01:00:00,-0.0,21681.2998129999
2025-12-14 02:00:00,-0.0,21183.9899359999
2025-12-14 03:00:00,-0.0,20620.033768
2025-12-14 04:00:00,-0.0,-0.0
2025-12-14 05:00:00,-0.0,20725.517089
2025-12-14 06:00:00,50.45194933237501,21411.471974667624
2025-12-14 07:00:00,4336.74943097133,18008.76659402867
2025-12-14 08:00:00,14839.9979973272,9572.025286672799
2025-12-14 09:00:00,22540.27490535445,3824.403243645549
2025-12-14 10:00:00,24913.44217089731,2631.196986102692
2025-12-14 11:00:00,26974.654635224702,561.2149537752994
2025-12-14 12:00:00,26952.31713094014,623.8367900597586
2025-12-14 13:00:00,26396.960558899762,1484.1127961002385
2025-12-14 14:00:00,26511.536550704208,608.6072132957925
2025-12-14 15:00:00,16530.33086465398,8222.22248034602
2025-12-14 16:00:00,2019.0407967556698,23187.75072724433
2025-12-14 17:00:00,7.70258768433,26879.29499131567
2025-12-14 18:00:00,-0.0,26902.575912
2025-12-14 19:00:00,-0.0,26661.0488029999
2025-12-14 20:00:00,-0.0,26311.877318
2025-12-14 21:00:00,-0.0,25754.0185789999
2025-12-14 22:00:00,-0.0,24729.630774
2025-12-14 23:00:00,-0.0,23118.125287
2025-12-15 00:00:00,-0.0,22440.991975
2025-12-15 01:00:00,-0.0,21802.544765
2025-12-15 02:00:00,-0.0,21792.146414
2025-12-15 03:00:00,-0.0,21358.040139
2025-12-15 04:00:00,-0.0,21688.275208
2025-12-15 05:00:00,-0.0,22904.70514
2025-12-15 06:00:00,49.489125871835,24973.023655128167
2025-12-15 07:00:00,7196.335108779795,19676.745364220107
2025-12-15 08:00:00,23856.262011222665,5672.573752777334
2025-12-15 09:00:00,29429.854459605704,1011.8429373942963
2025-12-15 10:00:00,29850.41574717026,825.05141282974
2025-12-15 11:00:00,29801.889444758966,436.77273124093335
2025-12-15 12:00:00,29827.88567819359,908.570044806409
2025-12-15 13:00:00,30399.22511967895,-0.0
2025-12-15 14:00:00,28978.48282130382,881.4694496961783
2025-12-15 15:00:00,17233.384555541434,9778.259281458566
2025-12-15 16:00:00,1891.177841195745,25822.101969804255
2025-12-15 17:00:00,-0.0,28933.174347
2025-12-15 18:00:00,-0.0,28818.970425
2025-12-15 19:00:00,-0.0,28429.835787
2025-12-15 20:00:00,-0.0,27875.4726099999
2025-12-15 21:00:00,-0.0,27250.593925
2025-12-15 22:00:00,-0.0,25689.11663
2025-12-15 23:00:00,-0.0,24300.7829399999
2025-12-16 00:00:00,-0.0,23527.59474
2025-12-16 01:00:00,-0.0,22473.63915
2025-12-16 02:00:00,-0.0,22153.63625
2025-12-16 03:00:00,-0.0,21870.2986299999
2025-12-16 04:00:00,-0.0,21791.21495
2025-12-16 05:00:00,-0.0,23088.9592209999
2025-12-16 06:00:00,50.066819948159996,25227.10370705184
2025-12-16 07:00:00,6934.832256896704,19983.876831103295
2025-12-16 08:00:00,23029.004093925352,6118.849044074646
2025-12-16 09:00:00,28493.9900559593,1353.6009590405993
2025-12-16 10:00:00,29372.47018135743,597.037059642571
2025-12-16 11:00:00,29307.768444809033,1113.386298190966
2025-12-16 12:00:00,29291.785575364043,840.3402356358565
2025-12-16 13:00:00,28589.694707937135,1306.661332062864
2025-12-16 14:00:00,26373.852795846764,1998.5104651532347
2025-12-16 15:00:00,15503.768491024555,10711.239363975445
2025-12-16 16:00:00,1773.5208143175698,25128.17239968243
2025-12-16 17:00:00,-0.0,28516.539636
2025-12-16 18:00:00,-0.0,28339.393474
2025-12-16 19:00:00,-0.0,27843.198097
2025-12-16 20:00:00,-0.0,27406.725007
2025-12-16 21:00:00,-0.0,26754.6390879999
2025-12-16 22:00:00,-0.0,25409.28777
2025-12-16 23:00:00,-0.0,23737.4867299999
2025-12-17 00:00:00,-0.0,22881.24296
2025-12-17 01:00:00,-0.0,22029.97386
2025-12-17 02:00:00,-0.0,21822.50647
2025-12-17 03:00:00,-0.0,21572.100398
2025-12-17 04:00:00,-0.0,21396.630555
2025-12-17 05:00:00,-0.0,22797.771196
2025-12-17 06:00:00,34.276515195275,24890.632217804727
2025-12-17 07:00:00,5871.490027074595,20488.342261925303
2025-12-17 08:00:00,20965.480853292658,7801.167991707342
2025-12-17 09:00:00,27381.543829649567,2483.913281350433
2025-12-17 10:00:00,27494.964433301368,2370.6114786986327
2025-12-17 11:00:00,28105.39450728472,1914.3725107152786
2025-12-17 12:00:00,29070.33617943948,599.660613560518
2025-12-17 13:00:00,30494.352077580468,-0.0
2025-12-17 14:00:00,28956.337881711363,-0.0
2025-12-17 15:00:00,17406.692778438915,8573.722702560986
2025-12-17 16:00:00,2234.1355578406547,24134.809998159344
2025-12-17 17:00:00,-0.0,27982.0012179999
2025-12-17 18:00:00,-0.0,27552.663174
2025-12-17 19:00:00,-0.0,27076.400717
2025-12-17 20:00:00,-0.0,26810.668305
2025-12-17 21:00:00,-0.0,26273.328101
2025-12-17 22:00:00,-0.0,24814.03884
2025-12-17 23:00:00,-0.0,23291.39723
2025-12-18 00:00:00,-0.0,23046.7888
2025-12-18 01:00:00,-0.0,21888.60572
2025-12-18 02:00:00,-0.0,21526.38621
2025-12-18 03:00:00,-0.0,21001.9629199999
2025-12-18 04:00:00,-0.0,21308.35107
2025-12-18 05:00:00,-0.0,22428.01013
2025-12-18 06:00:00,32.73599765841,24639.768399341592
2025-12-18 07:00:00,4936.010752812405,20858.484634187593
2025-12-18 08:00:00,14953.226036286891,11821.363340713007
2025-12-18 09:00:00,21671.230449869636,5685.025410130365
2025-12-18 10:00:00,24030.533057580695,2616.368731419305
2025-12-18 11:00:00,25957.913060892806,1322.8164171071949
2025-12-18 12:00:00,26283.92508463218,1349.1494253678175
2025-12-18 13:00:00,28171.444196677876,43.19881232212356
2025-12-18 14:00:00,25623.620755392774,2769.8424006072273
2025-12-18 15:00:00,14780.302942773624,11460.078440226376
2025-12-18 16:00:00,2330.61046858692,24606.080800413078
2025-12-18 17:00:00,46.985784874425,27732.543928125575
2025-12-18 18:00:00,-0.0,27441.713685
2025-12-18 19:00:00,-0.0,26830.1456699999
2025-12-18 20:00:00,-0.0,26254.09518
2025-12-18 21:00:00,-0.0,25745.510595
2025-12-18 22:00:00,-0.0,24640.613373
2025-12-18 23:00:00,-0.0,23560.24473
2025-12-19 00:00:00,-0.0,23094.02704
2025-12-19 01:00:00,-0.0,22752.0727
2025-12-19 02:00:00,-0.0,22220.6863299999
2025-12-19 03:00:00,-0.0,22083.67139
2025-12-19 04:00:00,-0.0,21858.0135769999
2025-12-19 05:00:00,-0.0,22132.506525
2025-12-19 06:00:00,27.921880355705003,23963.389336644294
2025-12-19 07:00:00,6138.769819720935,19141.677280278964
2025-12-19 08:00:00,21141.67754657177,5589.094152428232
2025-12-19 09:00:00,27002.576515580407,1091.8451424195919
2025-12-19 10:00:00,28839.836242985835,-0.0
2025-12-19 11:00:00,29516.508571054444,-0.0
2025-12-19 12:00:00,30863.69115704421,-0.0
2025-12-19 13:00:00,31870.61193207858,-0.0
2025-12-19 14:00:00,30924.92672913465,-0.0
2025-12-19 15:00:00,19322.904029608744,7062.470478391257
2025-12-19 16:00:00,2548.978829437745,23660.107606562153
2025-12-19 17:00:00,-0.0,27223.91505
2025-12-19 18:00:00,-0.0,26787.698279
2025-12-19 19:00:00,-0.0,26049.734604
2025-12-19 20:00:00,-0.0,25638.012511
2025-12-19 21:00:00,-0.0,25160.258062
2025-12-19 22:00:00,-0.0,24049.755766
2025-12-19 23:00:00,-0.0,22601.17948
2025-12-20 00:00:00,-0.0,22259.801337
2025-12-20 01:00:00,-0.0,-0.0
2025-12-20 02:00:00,-0.0,20723.17718
2025-12-20 03:00:00,-0.0,20030.625228
2025-12-20 04:00:00,-0.0,19991.02665
2025-12-20 05:00:00,-0.0,20285.126977
2025-12-20 06:00:00,30.42522135311,21382.58271064689
2025-12-20 07:00:00,5820.845513050104,16985.085064949897
2025-12-20 08:00:00,20811.0439702218,4716.0017857782
2025-12-20 09:00:00,29336.268019241063,-0.0
2025-12-20 10:00:00,30339.9151945096,-0.0
2025-12-20 11:00:00,29806.703562061677,-0.0
2025-12-20 12:00:00,31749.29617605034,-0.0
2025-12-20 13:00:00,32061.636106650032,-0.0
2025-12-20 14:00:00,29495.133890230423,-0.0
2025-12-20 15:00:00,17373.764216088395,6115.088408911604
2025-12-20 16:00:00,2106.272602280735,-0.0
2025-12-20 17:00:00,-0.0,25647.977653
2025-12-20 18:00:00,-0.0,25128.243502
2025-12-20 19:00:00,-0.0,24681.454021
2025-12-20 20:00:00,-0.0,24541.805671
2025-12-20 21:00:00,-0.0,24138.227358
2025-12-20 22:00:00,-0.0,23307.583865
2025-12-20 23:00:00,-0.0,22197.588336
2025-12-21 00:00:00,-0.0,21730.440902
2025-12-21 01:00:00,-0.0,20639.408053
2025-12-21 02:00:00,-0.0,19934.754457
2025-12-21 03:00:00,-0.0,19510.765051
2025-12-21 04:00:00,-0.0,19269.955046
2025-12-21 05:00:00,-0.0,-0.0
2025-12-21 06:00:00,20.604422055585,20472.579816944413
2025-12-21 07:00:00,6225.423931169675,15823.248047830324
2025-12-21 08:00:00,22270.876901094925,2332.071090905076
2025-12-21 09:00:00,29712.53942762071,-0.0
2025-12-21 10:00:00,30094.010082687277,-0.0
2025-12-21 11:00:00,29732.566155599972,-0.0
2025-12-21 12:00:00,30391.907661378842,-0.0
2025-12-21 13:00:00,31146.568689751326,-0.0
2025-12-21 14:00:00,29022.77270048873,-0.0
2025-12-21 15:00:00,16831.8871724956,6293.740249504401
2025-12-21 16:00:00,1975.52117633919,22022.220938660812
2025-12-21 17:00:00,-0.0,25566.9658
2025-12-21 18:00:00,-0.0,25316.20276
2025-12-21 19:00:00,-0.0,25042.838847
2025-12-21 20:00:00,-0.0,24591.309964
2025-12-21 21:00:00,-0.0,24011.59879
2025-12-21 22:00:00,-0.0,23137.076553
2025-12-21 23:00:00,-0.0,22146.320602
2025-12-22 00:00:00,-0.0,22173.58747
2025-12-22 01:00:00,-0.0,21397.563624
2025-12-22 02:00:00,-0.0,21383.7574
2025-12-22 03:00:00,-0.0,21058.825092
2025-12-22 04:00:00,-0.0,20679.1759929999
2025-12-22 05:00:00,-0.0,21327.847948
2025-12-22 06:00:00,20.989551439805,22858.493512560195
2025-12-22 07:00:00,4254.331742748975,19719.921081251025
2025-12-22 08:00:00,17897.732743315115,8476.566671684886
2025-12-22 09:00:00,26744.15469877105,1542.1571182288499
2025-12-22 10:00:00,29828.655936962023,-0.0
2025-12-22 11:00:00,30099.401894066308,-0.0
2025-12-22 12:00:00,29615.294258106012,-0.0
2025-12-22 13:00:00,25326.686000161753,1714.919350838245
2025-12-22 14:00:00,20274.55873800803,6041.95792699197
2025-12-22 15:00:00,10566.217220675286,14843.249908324715
2025-12-22 16:00:00,1239.73148779332,24742.12616220658
2025-12-22 17:00:00,51.22220810081,27231.12670189919
2025-12-22 18:00:00,67.397642237905,26800.323101762093
2025-12-22 19:00:00,71.63406546429,26317.206331535708
2025-12-22 20:00:00,-0.0,25952.282066
2025-12-22 21:00:00,-0.0,25486.71491
2025-12-22 22:00:00,-0.0,24306.851852
2025-12-22 23:00:00,-0.0,23332.889155
2025-12-23 00:00:00,-0.0,22793.8529169999
2025-12-23 01:00:00,-0.0,22356.542771
2025-12-23 02:00:00,-0.0,22098.217255
2025-12-23 03:00:00,-0.0,21526.3782819999
2025-12-23 04:00:00,-0.0,21480.039412
2025-12-23 05:00:00,-0.0,22063.235674
2025-12-23 06:00:00,0.19256469210831376,23171.93821130779
2025-12-23 07:00:00,1354.6926089819851,23286.049697018014
2025-12-23 08:00:00,5297.069550515495,20465.512597484507
2025-12-23 09:00:00,9471.48694603952,17040.76480396048
2025-12-23 10:00:00,14464.111718331771,13289.99044966823
2025-12-23 11:00:00,16771.036729789375,10998.966061210624
2025-12-23 12:00:00,15451.96858884742,-0.0
2025-12-23 13:00:00,10838.888824700656,15823.210275299343
2025-12-23 14:00:00,9571.428021243735,16635.100240756263
2025-12-23 15:00:00,4383.92778053787,21335.91376146213
2025-12-23 16:00:00,702.09086742691,25980.258161573092
2025-12-23 17:00:00,104.177498430595,27350.171444569405
2025-12-23 18:00:00,15.405175368665,26877.281939631335
2025-12-23 19:00:00,-0.0,26340.155625
2025-12-23 20:00:00,-0.0,25741.36915
2025-12-23 21:00:00,-0.0,25370.380127
2025-12-23 22:00:00,-0.0,24403.459762
2025-12-23 23:00:00,-0.0,23477.66264
2025-12-24 00:00:00,-0.0,23073.408596
2025-12-24 01:00:00,-0.0,22673.4929009999
2025-12-24 02:00:00,-0.0,22084.257761
2025-12-24 03:00:00,-0.0,21922.790418
2025-12-24 04:00:00,-0.0,21403.802474
2025-12-24 05:00:00,-0.0,21211.8937789999
2025-12-24 06:00:00,-0.0,21901.853703
2025-12-24 07:00:00,446.17239161495996,22467.578839385038
2025-12-24 08:00:00,2131.8837063311403,21703.64440766886
2025-12-24 09:00:00,4361.590276253305,20215.567137746697
2025-12-24 10:00:00,6034.01462721401,19324.82741178599
2025-12-24 11:00:00,7592.82580983081,17789.405810169188
2025-12-24 12:00:00,8061.7208351145555,17172.042168885444
2025-12-24 13:00:00,8720.09951743288,16114.340511567121
2025-12-24 14:00:00,6001.85632363192,18188.78584836808
2025-12-24 15:00:00,3659.3068441342853,20588.276456865715
2025-12-24 16:00:00,883.48680739294,24294.23933160706
2025-12-24 17:00:00,-0.0,25612.85895
2025-12-24 18:00:00,-0.0,25050.754274
2025-12-24 19:00:00,-0.0,24176.262347
2025-12-24 20:00:00,-0.0,23834.981685
2025-12-24 21:00:00,-0.0,23153.257229
2025-12-24 22:00:00,0.962823460541569,22817.52556353936
2025-12-24 23:00:00,-0.0,22549.580987
2025-12-25 00:00:00,-0.0,21452.70619
2025-12-25 01:00:00,-0.0,21273.689249
2025-12-25 02:00:00,-0.0,21209.418468
2025-12-25 03:00:00,-0.0,20492.216248
2025-12-25 04:00:00,-0.0,20338.32705
2025-12-25 05:00:00,-0.0,20135.134112
2025-12-25 06:00:00,10.591058065955,20042.010463934046
2025-12-25 07:00:00,3994.56197309486,16476.75777290514
2025-12-25 08:00:00,17183.31773559327,5705.3655294067285
2025-12-25 09:00:00,22096.028160660568,1847.5260923394308
2025-12-25 10:00:00,22882.847492615143,1174.4424163848562
2025-12-25 11:00:00,22648.496262319324,195.11992468067547
2025-12-25 12:00:00,21091.610726623607,1837.2610213762928
2025-12-25 13:00:00,19107.039009755325,3461.8921792446745
2025-12-25 14:00:00,16871.170369685697,5399.135976314305
2025-12-25 15:00:00,11599.13422914428,10285.18657685572
2025-12-25 16:00:00,1515.09899750821,20832.071571491793
2025-12-25 17:00:00,-0.0,23105.99065
2025-12-25 18:00:00,-0.0,22825.362327
2025-12-25 19:00:00,-0.0,22602.409528
2025-12-25 20:00:00,-0.0,3326.152857957499
2025-12-25 21:00:00,-0.0,22005.044737
2025-12-25 22:00:00,-0.0,21440.064216
2025-12-25 23:00:00,-0.0,20613.722137
2025-12-26 00:00:00,-0.0,20672.53669
2025-12-26 01:00:00,-0.0,20070.358038
2025-12-26 02:00:00,-0.0,19764.444563
2025-12-26 03:00:00,-0.0,19369.508811
2025-12-26 04:00:00,-0.0,19008.343814
2025-12-26 05:00:00,-0.0,19784.502007
2025-12-26 06:00:00,16.175434137095,20904.095430862904
2025-12-26 07:00:00,2565.92452234328,18817.423382656718
2025-12-26 08:00:00,10011.82347209545,13158.010073904552
2025-12-26 09:00:00,15776.054965665715,7514.397357334185
2025-12-26 10:00:00,19627.926501908318,3848.8852980916818
2025-12-26 11:00:00,19996.11019321941,3740.960192780589
2025-12-26 12:00:00,17833.608700843044,6094.679886156955
2025-12-26 13:00:00,16560.178391930767,8084.751774069231
2025-12-26 14:00:00,11957.68968584996,12116.948115149939
2025-12-26 15:00:00,7095.816339499254,16636.323103500745
2025-12-26 16:00:00,1277.089038062335,23354.009945937563
2025-12-26 17:00:00,-0.0,25891.2811549999
2025-12-26 18:00:00,-0.0,25689.22956
2025-12-26 19:00:00,-0.0,25030.689347
2025-12-26 20:00:00,-0.0,24741.288538
2025-12-26 21:00:00,-0.0,24243.923713
2025-12-26 22:00:00,-0.0,23192.379135
2025-12-26 23:00:00,-0.0,22249.169512
2025-12-27 00:00:00,-0.0,21228.282594
2025-12-27 01:00:00,-0.0,20152.626297
2025-12-27 02:00:00,-0.0,19442.909145
2025-12-27 03:00:00,-0.0,19239.38631
2025-12-27 04:00:00,-0.0,19199.361394
2025-12-27 05:00:00,-0.0,19526.050867
2025-12-27 06:00:00,-0.0,20832.646156
2025-12-27 07:00:00,3641.5908924603204,17724.76567753968
2025-12-27 08:00:00,21262.8007379079,1245.806727092
2025-12-27 09:00:00,30573.496166036985,-0.0
2025-12-27 10:00:00,32650.306370425147,-0.0
2025-12-27 11:00:00,31806.29532491441,-0.0
2025-12-27 12:00:00,31426.942881461022,-0.0
2025-12-27 13:00:00,31283.097056456118,-0.0
2025-12-27 14:00:00,28488.598244580266,-0.0
2025-12-27 15:00:00,20420.137645241914,1709.1957457580866
2025-12-27 16:00:00,3125.32495291793,19529.82048008207
2025-12-27 17:00:00,-0.0,24657.87406
2025-12-27 18:00:00,-0.0,24810.394616
2025-12-27 19:00:00,-0.0,24570.422916
2025-12-27 20:00:00,-0.0,24294.969341
2025-12-27 21:00:00,-0.0,23982.4880629999
2025-12-27 22:00:00,-0.0,23151.078185
2025-12-27 23:00:00,-0.0,22044.753363
2025-12-28 00:00:00,-0.0,21434.744698
2025-12-28 01:00:00,-0.0,20585.524947
2025-12-28 02:00:00,-0.0,20075.27351
2025-12-28 03:00:00,-0.0,19584.165047
2025-12-28 04:00:00,-0.0,19579.430494
2025-12-28 05:00:00,-0.0,19995.477851
2025-12-28 06:00:00,16.367998829205,20898.978382170793
2025-12-28 07:00:00,5815.453701671075,15941.504357328926
2025-12-28 08:00:00,19903.101446931094,3035.1872140689047
2025-12-28 09:00:00,27064.582346439285,-0.0
2025-12-28 10:00:00,29788.409916311386,-0.0
2025-12-28 11:00:00,30156.978737006702,-0.0
2025-12-28 12:00:00,29652.84437306713,-0.0
2025-12-28 13:00:00,29008.71547796482,-0.0
2025-12-28 14:00:00,28599.13037785044,-0.0
2025-12-28 15:00:00,20904.63041058644,1858.0342934135588
2025-12-28 16:00:00,3356.2100187558003,19813.9103102441
2025-12-28 17:00:00,-0.0,25235.5230849999
2025-12-28 18:00:00,-0.0,25220.516594
2025-12-28 19:00:00,-0.0,24959.290771
2025-12-28 20:00:00,-0.0,24707.404877
2025-12-28 21:00:00,-0.0,-0.0
2025-12-28 22:00:00,-0.0,23335.486524
2025-12-28 23:00:00,-0.0,22095.0491679999
2025-12-29 00:00:00,-0.0,21423.876355
2025-12-29 01:00:00,-0.0,20611.015993
2025-12-29 02:00:00,-0.0,20253.7733129999
2025-12-29 03:00:00,-0.0,20219.679905
2025-12-29 04:00:00,-0.0,20555.506361
2025-12-29 05:00:00,-0.0,21639.899838
2025-12-29 06:00:00,1.925646921083138,23496.87872907892
2025-12-29 07:00:00,5329.227854097579,19540.785322902422
2025-12-29 08:00:00,23391.4108444732,2548.6857275267976
2025-12-29 09:00:00,32521.288026712577,-0.0
2025-12-29 10:00:00,33671.476932675534,-0.0
2025-12-29 11:00:00,33772.958525416616,-0.0
2025-12-29 12:00:00,34565.74736282654,-0.0
2025-12-29 13:00:00,35666.63970760977,-0.0
2025-12-29 14:00:00,34178.49976699672,-0.0
2025-12-29 15:00:00,22305.923675058635,1040.6142609413655
2025-12-29 16:00:00,3656.22580906055,21024.64632193945
2025-12-29 17:00:00,22.722633668780002,26527.58836233122
2025-12-29 18:00:00,-0.0,26524.574386
2025-12-29 19:00:00,-0.0,26217.027684
2025-12-29 20:00:00,-0.0,25657.868448
2025-12-29 21:00:00,-0.0,25206.577114
2025-12-29 22:00:00,-0.0,11058.034421960696
2025-12-29 23:00:00,-0.0,-0.0
2025-12-30 00:00:00,-0.0,22577.301674
2025-12-30 01:00:00,-0.0,21635.887415
2025-12-30 02:00:00,-0.0,21577.8471159999
2025-12-30 03:00:00,-0.0,21080.07243
2025-12-30 04:00:00,-0.0,20954.793951
2025-12-30 05:00:00,-0.0,22140.188774
2025-12-30 06:00:00,0.962823460541569,23544.28372053946
2025-12-30 07:00:00,1844.577185705535,22883.568184294465
2025-12-30 08:00:00,5371.014392285086,20544.89934571491
2025-12-30 09:00:00,12731.029489356948,14234.45322664305
2025-12-30 10:00:00,15169.668750216637,12637.729470783363
2025-12-30 11:00:00,16826.302796424454,10958.669226575545
2025-12-30 12:00:00,15034.488336356599,11453.4611106434
2025-12-30 13:00:00,12703.30017369335,13102.178938306652
2025-12-30 14:00:00,10996.984436921579,14726.076572078422
2025-12-30 15:00:00,8682.164273087541,16371.719094912458
2025-12-30 16:00:00,1393.97580617208,24576.25688682782
2025-12-30 17:00:00,-0.0,27437.2473479999
2025-12-30 18:00:00,-0.0,26881.558527
2025-12-30 19:00:00,-0.0,26311.213348
2025-12-30 20:00:00,-0.0,25856.830067
2025-12-30 21:00:00,-0.0,25291.157024
2025-12-30 22:00:00,-0.0,24064.97462
2025-12-30 23:00:00,-0.0,22736.714879
2025-12-31 00:00:00,-0.0,22593.409076
2025-12-31 01:00:00,-0.0,22084.478388
2025-12-31 02:00:00,-0.0,21774.27746
2025-12-31 03:00:00,-0.0,22068.276456
2025-12-31 04:00:00,-0.0,21958.505106
2025-12-31 05:00:00,-0.0,21885.928312
2025-12-31 06:00:00,-0.0,22127.732287
2025-12-31 07:00:00,196.608550642585,23024.209966357415
2025-12-31 08:00:00,1529.348784724225,22778.475048275774
2025-12-31 09:00:00,3663.735832052775,21421.973044947226
2025-12-31 10:00:00,5666.023500595025,19729.606092404872
2025-12-31 11:00:00,7298.779524981415,18533.207007018584
2025-12-31 12:00:00,7670.2368160583555,-0.0
2025-12-31 13:00:00,5897.871389893436,19813.921564106564
2025-12-31 14:00:00,3203.5062179139045,22136.419800086092
2025-12-31 15:00:00,1299.811671731115,24141.706680268886
2025-12-31 16:00:00,102.05928681740501,25902.604032182593
2025-12-31 17:00:00,-0.0,26714.956603
2025-12-31 18:00:00,-0.0,25910.144877
2025-12-31 19:00:00,-0.0,24847.87826
2025-12-31 20:00:00,-0.0,23797.290308
2025-12-31 21:00:00,-0.0,23204.001181
2025-12-31 22:00:00,-0.0,22436.358005
2025-12-31 23:00:00,-0.0,21726.611339
