snapshot,battery
2025-01-01 00:00:00,0.0
2025-01-01 01:00:00,0.0
2025-01-01 02:00:00,0.0
2025-01-01 03:00:00,0.0
2025-01-01 04:00:00,0.0
2025-01-01 05:00:00,0.0
2025-01-01 06:00:00,20803.474697465725
2025-01-01 07:00:00,0.0
2025-01-01 08:00:00,0.0
2025-01-01 09:00:00,-5752.268771265957
2025-01-01 10:00:00,-7777.0218176857015
2025-01-01 11:00:00,-7263.779408047347
2025-01-01 12:00:00,-7269.547064573304
2025-01-01 13:00:00,-8053.873483837739
2025-01-01 14:00:00,-4595.737109480215
2025-01-01 15:00:00,0.0
2025-01-01 16:00:00,0.0
2025-01-01 17:00:00,0.0
2025-01-01 18:00:00,0.0
2025-01-01 19:00:00,0.0
2025-01-01 20:00:00,0.0
2025-01-01 21:00:00,0.0
2025-01-01 22:00:00,0.0
2025-01-01 23:00:00,0.0
2025-01-02 00:00:00,0.0
2025-01-02 01:00:00,0.0
2025-01-02 02:00:00,0.0
2025-01-02 03:00:00,0.0
2025-01-02 04:00:00,0.0
2025-01-02 05:00:00,0.0
2025-01-02 06:00:00,0.0
2025-01-02 07:00:00,0.0
2025-01-02 08:00:00,0.0
2025-01-02 09:00:00,-5190.6947678727265
2025-01-02 10:00:00,-6788.384249140374
2025-01-02 11:00:00,-5642.709807106276
2025-01-02 12:00:00,-6387.31953835571
2025-01-02 13:00:00,-7776.867818533803
2025-01-02 14:00:00,-7709.191362590478
2025-01-02 15:00:00,0.0
2025-01-02 16:00:00,0.0
2025-01-02 17:00:00,3621.5353672426736
2025-01-02 18:00:00,0.0
2025-01-02 19:00:00,0.0
2025-01-02 20:00:00,0.0
2025-01-02 21:00:00,0.0
2025-01-02 22:00:00,0.0
2025-01-02 23:00:00,0.0
2025-01-03 00:00:00,0.0
2025-01-03 01:00:00,0.0
2025-01-03 02:00:00,0.0
2025-01-03 03:00:00,21307.396494
2025-01-03 04:00:00,0.0
2025-01-03 05:00:00,0.0
2025-01-03 06:00:00,0.0
2025-01-03 07:00:00,21968.047284398075
2025-01-03 08:00:00,0.0
2025-01-03 09:00:00,0.0
2025-01-03 10:00:00,0.0
2025-01-03 11:00:00,0.0
2025-01-03 12:00:00,0.0
2025-01-03 13:00:00,0.0
2025-01-03 14:00:00,0.0
2025-01-03 15:00:00,0.0
2025-01-03 16:00:00,0.0
2025-01-03 17:00:00,0.0
2025-01-03 18:00:00,0.0
2025-01-03 19:00:00,0.0
2025-01-03 20:00:00,0.0
2025-01-03 21:00:00,25289.6765329999
2025-01-03 22:00:00,0.0
2025-01-03 23:00:00,0.0
2025-01-04 00:00:00,0.0
2025-01-04 01:00:00,0.0
2025-01-04 02:00:00,0.0
2025-01-04 03:00:00,0.0
2025-01-04 04:00:00,0.0
2025-01-04 05:00:00,0.0
2025-01-04 06:00:00,0.0
2025-01-04 07:00:00,0.0
2025-01-04 08:00:00,0.0
2025-01-04 09:00:00,-4591.277616828571
2025-01-04 10:00:00,-6711.135880750877
2025-01-04 11:00:00,-7117.959309408852
2025-01-04 12:00:00,-6159.323890912776
2025-01-04 13:00:00,-4285.894988629112
2025-01-04 14:00:00,-2706.8859537922726
2025-01-04 15:00:00,0.0
2025-01-04 16:00:00,0.0
2025-01-04 17:00:00,2695.1826052902147
2025-01-04 18:00:00,25720.047271
2025-01-04 19:00:00,0.0
2025-01-04 20:00:00,0.0
2025-01-04 21:00:00,0.0
2025-01-04 22:00:00,0.0
2025-01-04 23:00:00,0.0
2025-01-05 00:00:00,0.0
2025-01-05 01:00:00,0.0
2025-01-05 02:00:00,0.0
2025-01-05 03:00:00,0.0
2025-01-05 04:00:00,0.0
2025-01-05 05:00:00,0.0
2025-01-05 06:00:00,0.0
2025-01-05 07:00:00,0.0
2025-01-05 08:00:00,0.0
2025-01-05 09:00:00,-6123.85414127251
2025-01-05 10:00:00,-8402.184992548606
2025-01-05 11:00:00,-9414.28421511807
2025-01-05 12:00:00,-9174.73297105818
2025-01-05 13:00:00,-10189.672865641875
2025-01-05 14:00:00,-10032.578732442133
2025-01-05 15:00:00,-1559.01960718205
2025-01-05 16:00:00,0.0
2025-01-05 17:00:00,0.0
2025-01-05 18:00:00,0.0
2025-01-05 19:00:00,0.0
2025-01-05 20:00:00,0.0
2025-01-05 21:00:00,0.0
2025-01-05 22:00:00,0.0
2025-01-05 23:00:00,0.0
2025-01-06 00:00:00,0.0
2025-01-06 01:00:00,0.0
2025-01-06 02:00:00,20349.14708
2025-01-06 03:00:00,0.0
2025-01-06 04:00:00,0.0
2025-01-06 05:00:00,0.0
2025-01-06 06:00:00,0.0
2025-01-06 07:00:00,0.0
2025-01-06 08:00:00,0.0
2025-01-06 09:00:00,-6529.9259684891185
2025-01-06 10:00:00,-8019.9405452662795
2025-01-06 11:00:00,-6912.118633226997
2025-01-06 12:00:00,-6655.0977199971385
2025-01-06 13:00:00,-6992.466699278499
2025-01-06 14:00:00,-4651.8816635263465
2025-01-06 15:00:00,0.0
2025-01-06 16:00:00,20361.653226720948
2025-01-06 17:00:00,0.0
2025-01-06 18:00:00,0.0
2025-01-06 19:00:00,0.0
2025-01-06 20:00:00,0.0
2025-01-06 21:00:00,0.0
2025-01-06 22:00:00,0.0
2025-01-06 23:00:00,0.0
2025-01-07 00:00:00,0.0
2025-01-07 01:00:00,0.0
2025-01-07 02:00:00,0.0
2025-01-07 03:00:00,0.0
2025-01-07 04:00:00,0.0
2025-01-07 05:00:00,0.0
2025-01-07 06:00:00,0.0
2025-01-07 07:00:00,0.0
2025-01-07 08:00:00,0.0
2025-01-07 09:00:00,0.0
2025-01-07 10:00:00,-1999.2812792212935
2025-01-07 11:00:00,-2163.0236425493713
2025-01-07 12:00:00,-3979.152898367727
2025-01-07 13:00:00,-4271.251349748192
2025-01-07 14:00:00,-1508.7274313718663
2025-01-07 15:00:00,0.0
2025-01-07 16:00:00,0.0
2025-01-07 17:00:00,0.0
2025-01-07 18:00:00,0.0
2025-01-07 19:00:00,0.0
2025-01-07 20:00:00,0.0
2025-01-07 21:00:00,0.0
2025-01-07 22:00:00,0.0
2025-01-07 23:00:00,0.0
2025-01-08 00:00:00,0.0
2025-01-08 01:00:00,21251.191358
2025-01-08 02:00:00,0.0
2025-01-08 03:00:00,0.0
2025-01-08 04:00:00,0.0
2025-01-08 05:00:00,0.0
2025-01-08 06:00:00,0.0
2025-01-08 07:00:00,0.0
2025-01-08 08:00:00,0.0
2025-01-08 09:00:00,0.0
2025-01-08 10:00:00,-1842.3151412834268
2025-01-08 11:00:00,-4584.927230123201
2025-01-08 12:00:00,-6593.659354030366
2025-01-08 13:00:00,-8597.630655811838
2025-01-08 14:00:00,-8516.51054219938
2025-01-08 15:00:00,-1725.777609098659
2025-01-08 16:00:00,0.0
2025-01-08 17:00:00,0.0
2025-01-08 18:00:00,0.0
2025-01-08 19:00:00,0.0
2025-01-08 20:00:00,0.0
2025-01-08 21:00:00,24779.803775
2025-01-08 22:00:00,0.0
2025-01-08 23:00:00,0.0
2025-01-09 00:00:00,0.0
2025-01-09 01:00:00,0.0
2025-01-09 02:00:00,20808.516987
2025-01-09 03:00:00,0.0
2025-01-09 04:00:00,0.0
2025-01-09 05:00:00,18845.701873246857
2025-01-09 06:00:00,0.0
2025-01-09 07:00:00,0.0
2025-01-09 08:00:00,0.0
2025-01-09 09:00:00,-8665.00479513327
2025-01-09 10:00:00,-10586.126367540535
2025-01-09 11:00:00,-10265.032950725003
2025-01-09 12:00:00,-9878.725026312604
2025-01-09 13:00:00,-9970.55482272138
2025-01-09 14:00:00,-8717.798061661251
2025-01-09 15:00:00,-2436.633633425583
2025-01-09 16:00:00,17786.340582057797
2025-01-09 17:00:00,0.0
2025-01-09 18:00:00,14733.026767709864
2025-01-09 19:00:00,0.0
2025-01-09 20:00:00,0.0
2025-01-09 21:00:00,0.0
2025-01-09 22:00:00,0.0
2025-01-09 23:00:00,0.0
2025-01-10 00:00:00,0.0
2025-01-10 01:00:00,0.0
2025-01-10 02:00:00,0.0
2025-01-10 03:00:00,0.0
2025-01-10 04:00:00,0.0
2025-01-10 05:00:00,21948.520742
2025-01-10 06:00:00,0.0
2025-01-10 07:00:00,0.0
2025-01-10 08:00:00,0.0
2025-01-10 09:00:00,-8398.726262441436
2025-01-10 10:00:00,-9353.407048530724
2025-01-10 11:00:00,-9231.213742594842
2025-01-10 12:00:00,-9139.799173727031
2025-01-10 13:00:00,-8996.865853638836
2025-01-10 14:00:00,-7525.346843608764
2025-01-10 15:00:00,-1515.5718963664513
2025-01-10 16:00:00,0.0
2025-01-10 17:00:00,0.0
2025-01-10 18:00:00,0.0
2025-01-10 19:00:00,0.0
2025-01-10 20:00:00,0.0
2025-01-10 21:00:00,0.0
2025-01-10 22:00:00,0.0
2025-01-10 23:00:00,0.0
2025-01-11 00:00:00,0.0
2025-01-11 01:00:00,0.0
2025-01-11 02:00:00,0.0
2025-01-11 03:00:00,0.0
2025-01-11 04:00:00,0.0
2025-01-11 05:00:00,0.0
2025-01-11 06:00:00,0.0
2025-01-11 07:00:00,17369.945591194384
2025-01-11 08:00:00,-1031.8075494390214
2025-01-11 09:00:00,-8975.107633233132
2025-01-11 10:00:00,-10409.36162986399
2025-01-11 11:00:00,-9427.526271904717
2025-01-11 12:00:00,-8263.832207295996
2025-01-11 13:00:00,-7036.188014057858
2025-01-11 14:00:00,-6694.892791683058
2025-01-11 15:00:00,-3083.5735531685095
2025-01-11 16:00:00,0.0
2025-01-11 17:00:00,0.0
2025-01-11 18:00:00,0.0
2025-01-11 19:00:00,0.0
2025-01-11 20:00:00,0.0
2025-01-11 21:00:00,0.0
2025-01-11 22:00:00,22791.660289
2025-01-11 23:00:00,0.0
2025-01-12 00:00:00,0.0
2025-01-12 01:00:00,0.0
2025-01-12 02:00:00,0.0
2025-01-12 03:00:00,20150.891224
2025-01-12 04:00:00,19859.008573
2025-01-12 05:00:00,0.0
2025-01-12 06:00:00,0.0
2025-01-12 07:00:00,0.0
2025-01-12 08:00:00,-3725.8419395676574
2025-01-12 09:00:00,-12459.090417460055
2025-01-12 10:00:00,-13479.134592811057
2025-01-12 11:00:00,-13270.370488888748
2025-01-12 12:00:00,-13380.127212639316
2025-01-12 13:00:00,-13599.831186699263
2025-01-12 14:00:00,-13284.828782158645
2025-01-12 15:00:00,-5817.9027368686
2025-01-12 16:00:00,0.0
2025-01-12 17:00:00,24406.008620539735
2025-01-12 18:00:00,0.0
2025-01-12 19:00:00,0.0
2025-01-12 20:00:00,0.0
2025-01-12 21:00:00,0.0
2025-01-12 22:00:00,0.0
2025-01-12 23:00:00,0.0
2025-01-13 00:00:00,0.0
2025-01-13 01:00:00,0.0
2025-01-13 02:00:00,0.0
2025-01-13 03:00:00,0.0
2025-01-13 04:00:00,0.0
2025-01-13 05:00:00,0.0
2025-01-13 06:00:00,25034.48560831308
2025-01-13 07:00:00,0.0
2025-01-13 08:00:00,1453.5743601624054
2025-01-13 09:00:00,-8439.382628661268
2025-01-13 10:00:00,-10436.886272265088
2025-01-13 11:00:00,-10539.709222246725
2025-01-13 12:00:00,-11191.133405177708
2025-01-13 13:00:00,-10758.28627730011
2025-01-13 14:00:00,-10034.6711857499
2025-01-13 15:00:00,-3728.6868592345236
2025-01-13 16:00:00,0.0
2025-01-13 17:00:00,0.0
2025-01-13 18:00:00,0.0
2025-01-13 19:00:00,0.0
2025-01-13 20:00:00,0.0
2025-01-13 21:00:00,0.0
2025-01-13 22:00:00,24332.7713869999
2025-01-13 23:00:00,0.0
2025-01-14 00:00:00,22799.508721
2025-01-14 01:00:00,0.0
2025-01-14 02:00:00,0.0
2025-01-14 03:00:00,0.0
2025-01-14 04:00:00,0.0
2025-01-14 05:00:00,0.0
2025-01-14 06:00:00,0.0
2025-01-14 07:00:00,0.0
2025-01-14 08:00:00,0.0
2025-01-14 09:00:00,-7942.636323507526
2025-01-14 10:00:00,-9592.199101837225
2025-01-14 11:00:00,-10235.334059760433
2025-01-14 12:00:00,-10619.67141270563
2025-01-14 13:00:00,-10063.02000005593
2025-01-14 14:00:00,-7359.275824385033
2025-01-14 15:00:00,-2269.403585923639
2025-01-14 16:00:00,0.0
2025-01-14 17:00:00,26751.35716386031
2025-01-14 18:00:00,0.0
2025-01-14 19:00:00,0.0
2025-01-14 20:00:00,0.0
2025-01-14 21:00:00,0.0
2025-01-14 22:00:00,24227.053935
2025-01-14 23:00:00,22642.010272
2025-01-15 00:00:00,0.0
2025-01-15 01:00:00,0.0
2025-01-15 02:00:00,0.0
2025-01-15 03:00:00,0.0
2025-01-15 04:00:00,0.0
2025-01-15 05:00:00,0.0
2025-01-15 06:00:00,0.0
2025-01-15 07:00:00,0.0
2025-01-15 08:00:00,0.0
2025-01-15 09:00:00,-8317.329035932486
2025-01-15 10:00:00,-9565.841341348194
2025-01-15 11:00:00,-10028.690675562175
2025-01-15 12:00:00,-10838.251792164876
2025-01-15 13:00:00,-10195.478436739733
2025-01-15 14:00:00,-5970.257623569421
2025-01-15 15:00:00,-1696.547687727816
2025-01-15 16:00:00,0.0
2025-01-15 17:00:00,0.0
2025-01-15 18:00:00,0.0
2025-01-15 19:00:00,0.0
2025-01-15 20:00:00,0.0
2025-01-15 21:00:00,0.0
2025-01-15 22:00:00,0.0
2025-01-15 23:00:00,22725.371374
2025-01-16 00:00:00,0.0
2025-01-16 01:00:00,0.0
2025-01-16 02:00:00,0.0
2025-01-16 03:00:00,0.0
2025-01-16 04:00:00,0.0
2025-01-16 05:00:00,0.0
2025-01-16 06:00:00,0.0
2025-01-16 07:00:00,16682.255987551038
2025-01-16 08:00:00,0.0
2025-01-16 09:00:00,-8619.62251061284
2025-01-16 10:00:00,-10041.041985499141
2025-01-16 11:00:00,-8644.610337996928
2025-01-16 12:00:00,-6898.152763300543
2025-01-16 13:00:00,-6786.137271928736
2025-01-16 14:00:00,-3992.235206125897
2025-01-16 15:00:00,0.0
2025-01-16 16:00:00,0.0
2025-01-16 17:00:00,0.0
2025-01-16 18:00:00,0.0
2025-01-16 19:00:00,0.0
2025-01-16 20:00:00,0.0
2025-01-16 21:00:00,0.0
2025-01-16 22:00:00,0.0
2025-01-16 23:00:00,0.0
2025-01-17 00:00:00,22601.663375
2025-01-17 01:00:00,0.0
2025-01-17 02:00:00,0.0
2025-01-17 03:00:00,0.0
2025-01-17 04:00:00,0.0
2025-01-17 05:00:00,0.0
2025-01-17 06:00:00,0.0
2025-01-17 07:00:00,22343.975414218086
2025-01-17 08:00:00,4631.240237667211
2025-01-17 09:00:00,-3086.038000643126
2025-01-17 10:00:00,-4491.007549749593
2025-01-17 11:00:00,-5200.556173883586
2025-01-17 12:00:00,-4235.716710033474
2025-01-17 13:00:00,-4809.6652387444265
2025-01-17 14:00:00,-4423.825577434232
2025-01-17 15:00:00,-1492.3578905078393
2025-01-17 16:00:00,16447.959616761036
2025-01-17 17:00:00,0.0
2025-01-17 18:00:00,0.0
2025-01-17 19:00:00,0.0
2025-01-17 20:00:00,26176.003149
2025-01-17 21:00:00,0.0
2025-01-17 22:00:00,0.0
2025-01-17 23:00:00,0.0
2025-01-18 00:00:00,0.0
2025-01-18 01:00:00,22152.8621179999
2025-01-18 02:00:00,0.0
2025-01-18 03:00:00,0.0
2025-01-18 04:00:00,0.0
2025-01-18 05:00:00,0.0
2025-01-18 06:00:00,0.0
2025-01-18 07:00:00,0.0
2025-01-18 08:00:00,-1050.9363754713522
2025-01-18 09:00:00,-11395.587303555505
2025-01-18 10:00:00,-13678.948678717028
2025-01-18 11:00:00,-13478.12098696634
2025-01-18 12:00:00,-13261.113591974121
2025-01-18 13:00:00,-13295.119334466148
2025-01-18 14:00:00,-12926.18284241241
2025-01-18 15:00:00,-6641.352628888435
2025-01-18 16:00:00,0.0
2025-01-18 17:00:00,0.0
2025-01-18 18:00:00,24938.554499
2025-01-18 19:00:00,0.0
2025-01-18 20:00:00,0.0
2025-01-18 21:00:00,0.0
2025-01-18 22:00:00,0.0
2025-01-18 23:00:00,22024.233576
2025-01-19 00:00:00,0.0
2025-01-19 01:00:00,0.0
2025-01-19 02:00:00,0.0
2025-01-19 03:00:00,20515.579774
2025-01-19 04:00:00,0.0
2025-01-19 05:00:00,0.0
2025-01-19 06:00:00,0.0
2025-01-19 07:00:00,0.0
2025-01-19 08:00:00,-3341.2013230365264
2025-01-19 09:00:00,-13019.749799621088
2025-01-19 10:00:00,-14777.453647486374
2025-01-19 11:00:00,-13920.481776161985
2025-01-19 12:00:00,-13728.685741174158
2025-01-19 13:00:00,-13027.935648468985
2025-01-19 14:00:00,-12963.853838259314
2025-01-19 15:00:00,-7198.6046005965945
2025-01-19 16:00:00,14036.978353243674
2025-01-19 17:00:00,0.0
2025-01-19 18:00:00,7481.824456918178
2025-01-19 19:00:00,25216.132138
2025-01-19 20:00:00,0.0
2025-01-19 21:00:00,0.0
2025-01-19 22:00:00,0.0
2025-01-19 23:00:00,0.0
2025-01-20 00:00:00,0.0
2025-01-20 01:00:00,0.0
2025-01-20 02:00:00,0.0
2025-01-20 03:00:00,0.0
2025-01-20 04:00:00,0.0
2025-01-20 05:00:00,0.0
2025-01-20 06:00:00,0.0
2025-01-20 07:00:00,0.0
2025-01-20 08:00:00,-933.5827495229314
2025-01-20 09:00:00,-10818.72964955843
2025-01-20 10:00:00,-13049.869913676408
2025-01-20 11:00:00,-13051.571657819506
2025-01-20 12:00:00,-12712.078410587666
2025-01-20 13:00:00,-12570.044971726536
2025-01-20 14:00:00,-10285.89995679777
2025-01-20 15:00:00,-4797.492882548584
2025-01-20 16:00:00,0.0
2025-01-20 17:00:00,26136.98719738995
2025-01-20 18:00:00,0.0
2025-01-20 19:00:00,0.0
2025-01-20 20:00:00,26272.38181417598
2025-01-20 21:00:00,0.0
2025-01-20 22:00:00,0.0
2025-01-20 23:00:00,0.0
2025-01-21 00:00:00,0.0
2025-01-21 01:00:00,0.0
2025-01-21 02:00:00,22061.803578
2025-01-21 03:00:00,21779.609098
2025-01-21 04:00:00,0.0
2025-01-21 05:00:00,0.0
2025-01-21 06:00:00,0.0
2025-01-21 07:00:00,0.0
2025-01-21 08:00:00,0.0
2025-01-21 09:00:00,-9671.29855703052
2025-01-21 10:00:00,-11305.45977417353
2025-01-21 11:00:00,-11760.096317657299
2025-01-21 12:00:00,-11106.282946883159
2025-01-21 13:00:00,-9987.161616198999
2025-01-21 14:00:00,-8840.478813850863
2025-01-21 15:00:00,-4188.038212923304
2025-01-21 16:00:00,0.0
2025-01-21 17:00:00,0.0
2025-01-21 18:00:00,0.0
2025-01-21 19:00:00,0.0
2025-01-21 20:00:00,26552.908932
2025-01-21 21:00:00,0.0
2025-01-21 22:00:00,0.0
2025-01-21 23:00:00,0.0
2025-01-22 00:00:00,0.0
2025-01-22 01:00:00,0.0
2025-01-22 02:00:00,0.0
2025-01-22 03:00:00,0.0
2025-01-22 04:00:00,0.0
2025-01-22 05:00:00,0.0
2025-01-22 06:00:00,0.0
2025-01-22 07:00:00,0.0
2025-01-22 08:00:00,0.0
2025-01-22 09:00:00,-5044.216128664011
2025-01-22 10:00:00,-9205.923305520511
2025-01-22 11:00:00,-10175.29325293949
2025-01-22 12:00:00,-10050.675676293715
2025-01-22 13:00:00,-10045.248990156422
2025-01-22 14:00:00,-7911.970756438175
2025-01-22 15:00:00,-2267.2912458882347
2025-01-22 16:00:00,0.0
2025-01-22 17:00:00,0.0
2025-01-22 18:00:00,0.0
2025-01-22 19:00:00,0.0
2025-01-22 20:00:00,0.0
2025-01-22 21:00:00,0.0
2025-01-22 22:00:00,0.0
2025-01-22 23:00:00,0.0
2025-01-23 00:00:00,22278.30632
2025-01-23 01:00:00,0.0
2025-01-23 02:00:00,0.0
2025-01-23 03:00:00,0.0
2025-01-23 04:00:00,0.0
2025-01-23 05:00:00,23018.051302
2025-01-23 06:00:00,25430.795529957275
2025-01-23 07:00:00,0.0
2025-01-23 08:00:00,0.0
2025-01-23 09:00:00,-7502.193574748759
2025-01-23 10:00:00,-10494.075891802338
2025-01-23 11:00:00,-12020.711905451732
2025-01-23 12:00:00,-11528.61897497435
2025-01-23 13:00:00,-10853.661879592994
2025-01-23 14:00:00,-10362.391688497912
2025-01-23 15:00:00,-4859.58292034602
2025-01-23 16:00:00,0.0
2025-01-23 17:00:00,0.0
2025-01-23 18:00:00,0.0
2025-01-23 19:00:00,0.0
2025-01-23 20:00:00,25675.915922
2025-01-23 21:00:00,0.0
2025-01-23 22:00:00,0.0
2025-01-23 23:00:00,0.0
2025-01-24 00:00:00,0.0
2025-01-24 01:00:00,0.0
2025-01-24 02:00:00,21346.268975
2025-01-24 03:00:00,3637.843687813926
2025-01-24 04:00:00,21582.715076
2025-01-24 05:00:00,0.0
2025-01-24 06:00:00,0.0
2025-01-24 07:00:00,20607.853436074853
2025-01-24 08:00:00,0.0
2025-01-24 09:00:00,-9202.536048062324
2025-01-24 10:00:00,-11494.166123072308
2025-01-24 11:00:00,-12769.753212583066
2025-01-24 12:00:00,-11718.334363018479
2025-01-24 13:00:00,-10833.900371848038
2025-01-24 14:00:00,-9644.109446075337
2025-01-24 15:00:00,-3010.3172302560815
2025-01-24 16:00:00,0.0
2025-01-24 17:00:00,0.0
2025-01-24 18:00:00,0.0
2025-01-24 19:00:00,0.0
2025-01-24 20:00:00,0.0
2025-01-24 21:00:00,0.0
2025-01-24 22:00:00,0.0
2025-01-24 23:00:00,0.0
2025-01-25 00:00:00,0.0
2025-01-25 01:00:00,0.0
2025-01-25 02:00:00,0.0
2025-01-25 03:00:00,20316.567739
2025-01-25 04:00:00,0.0
2025-01-25 05:00:00,0.0
2025-01-25 06:00:00,22168.668934
2025-01-25 07:00:00,0.0
2025-01-25 08:00:00,0.0
2025-01-25 09:00:00,0.0
2025-01-25 10:00:00,0.0
2025-01-25 11:00:00,1250.3685977327768
2025-01-25 12:00:00,0.0
2025-01-25 13:00:00,0.0
2025-01-25 14:00:00,0.0
2025-01-25 15:00:00,0.0
2025-01-25 16:00:00,0.0
2025-01-25 17:00:00,0.0
2025-01-25 18:00:00,0.0
2025-01-25 19:00:00,0.0
2025-01-25 20:00:00,0.0
2025-01-25 21:00:00,0.0
2025-01-25 22:00:00,0.0
2025-01-25 23:00:00,0.0
2025-01-26 00:00:00,0.0
2025-01-26 01:00:00,0.0
2025-01-26 02:00:00,0.0
2025-01-26 03:00:00,0.0
2025-01-26 04:00:00,0.0
2025-01-26 05:00:00,18070.19984469128
2025-01-26 06:00:00,0.0
2025-01-26 07:00:00,0.0
2025-01-26 08:00:00,0.0
2025-01-26 09:00:00,0.0
2025-01-26 10:00:00,0.0
2025-01-26 11:00:00,0.0
2025-01-26 12:00:00,0.0
2025-01-26 13:00:00,0.0
2025-01-26 14:00:00,0.0
2025-01-26 15:00:00,0.0
2025-01-26 16:00:00,0.0
2025-01-26 17:00:00,0.0
2025-01-26 18:00:00,0.0
2025-01-26 19:00:00,0.0
2025-01-26 20:00:00,0.0
2025-01-26 21:00:00,0.0
2025-01-26 22:00:00,0.0
2025-01-26 23:00:00,0.0
2025-01-27 00:00:00,0.0
2025-01-27 01:00:00,0.0
2025-01-27 02:00:00,0.0
2025-01-27 03:00:00,0.0
2025-01-27 04:00:00,0.0
2025-01-27 05:00:00,0.0
2025-01-27 06:00:00,0.0
2025-01-27 07:00:00,0.0
2025-01-27 08:00:00,0.0
2025-01-27 09:00:00,0.0
2025-01-27 10:00:00,-3689.379434450868
2025-01-27 11:00:00,-4928.2207756280695
2025-01-27 12:00:00,-4819.584668266405
2025-01-27 13:00:00,-3541.9973746047654
2025-01-27 14:00:00,-3230.5950551350434
2025-01-27 15:00:00,-304.8514764614665
2025-01-27 16:00:00,0.0
2025-01-27 17:00:00,0.0
2025-01-27 18:00:00,0.0
2025-01-27 19:00:00,0.0
2025-01-27 20:00:00,18463.165906091952
2025-01-27 21:00:00,0.0
2025-01-27 22:00:00,0.0
2025-01-27 23:00:00,0.0
2025-01-28 00:00:00,0.0
2025-01-28 01:00:00,0.0
2025-01-28 02:00:00,0.0
2025-01-28 03:00:00,0.0
2025-01-28 04:00:00,0.0
2025-01-28 05:00:00,0.0
2025-01-28 06:00:00,0.0
2025-01-28 07:00:00,0.0
2025-01-28 08:00:00,0.0
2025-01-28 09:00:00,-8120.988800772535
2025-01-28 10:00:00,-9245.712104183607
2025-01-28 11:00:00,-10745.398250205577
2025-01-28 12:00:00,-10236.150201570359
2025-01-28 13:00:00,-9440.918151689792
2025-01-28 14:00:00,-7810.659021521737
2025-01-28 15:00:00,-2740.2260588104145
2025-01-28 16:00:00,0.0
2025-01-28 17:00:00,0.0
2025-01-28 18:00:00,0.0
2025-01-28 19:00:00,0.0
2025-01-28 20:00:00,0.0
2025-01-28 21:00:00,0.0
2025-01-28 22:00:00,0.0
2025-01-28 23:00:00,0.0
2025-01-29 00:00:00,0.0
2025-01-29 01:00:00,0.0
2025-01-29 02:00:00,0.0
2025-01-29 03:00:00,0.0
2025-01-29 04:00:00,0.0
2025-01-29 05:00:00,0.0
2025-01-29 06:00:00,0.0
2025-01-29 07:00:00,0.0
2025-01-29 08:00:00,0.0
2025-01-29 09:00:00,-7980.065525983489
2025-01-29 10:00:00,-9202.438481333527
2025-01-29 11:00:00,-9536.717069241775
2025-01-29 12:00:00,-8804.12080792891
2025-01-29 13:00:00,-8745.595755146544
2025-01-29 14:00:00,-7566.854863504712
2025-01-29 15:00:00,-2907.1649646342594
2025-01-29 16:00:00,0.0
2025-01-29 17:00:00,0.0
2025-01-29 18:00:00,27495.36126971803
2025-01-29 19:00:00,27227.586398
2025-01-29 20:00:00,0.0
2025-01-29 21:00:00,0.0
2025-01-29 22:00:00,0.0
2025-01-29 23:00:00,2676.171658327599
2025-01-30 00:00:00,0.0
2025-01-30 01:00:00,0.0
2025-01-30 02:00:00,0.0
2025-01-30 03:00:00,0.0
2025-01-30 04:00:00,0.0
2025-01-30 05:00:00,0.0
2025-01-30 06:00:00,0.0
2025-01-30 07:00:00,0.0
2025-01-30 08:00:00,-1002.0627368004716
2025-01-30 09:00:00,-9421.466028954546
2025-01-30 10:00:00,-10130.96044969503
2025-01-30 11:00:00,-10183.637118209666
2025-01-30 12:00:00,-9941.272514460386
2025-01-30 13:00:00,-7846.010655901304
2025-01-30 14:00:00,-6276.05818913288
2025-01-30 15:00:00,-1608.1399878654884
2025-01-30 16:00:00,0.0
2025-01-30 17:00:00,0.0
2025-01-30 18:00:00,0.0
2025-01-30 19:00:00,0.0
2025-01-30 20:00:00,0.0
2025-01-30 21:00:00,0.0
2025-01-30 22:00:00,0.0
2025-01-30 23:00:00,0.0
2025-01-31 00:00:00,0.0
2025-01-31 01:00:00,0.0
2025-01-31 02:00:00,0.0
2025-01-31 03:00:00,0.0
2025-01-31 04:00:00,22309.40367
2025-01-31 05:00:00,0.0
2025-01-31 06:00:00,0.0
2025-01-31 07:00:00,0.0
2025-01-31 08:00:00,0.0
2025-01-31 09:00:00,0.0
2025-01-31 10:00:00,-219.12587614717995
2025-01-31 11:00:00,-2921.5668855524964
2025-01-31 12:00:00,-4979.9569429072435
2025-01-31 13:00:00,-3008.357439896161
2025-01-31 14:00:00,-1130.810294288407
2025-01-31 15:00:00,0.0
2025-01-31 16:00:00,0.0
2025-01-31 17:00:00,0.0
2025-01-31 18:00:00,0.0
2025-01-31 19:00:00,0.0
2025-01-31 20:00:00,0.0
2025-01-31 21:00:00,0.0
2025-01-31 22:00:00,0.0
2025-01-31 23:00:00,0.0
2025-02-01 00:00:00,0.0
2025-02-01 01:00:00,0.0
2025-02-01 02:00:00,0.0
2025-02-01 03:00:00,0.0
2025-02-01 04:00:00,0.0
2025-02-01 05:00:00,0.0
2025-02-01 06:00:00,0.0
2025-02-01 07:00:00,0.0
2025-02-01 08:00:00,0.0
2025-02-01 09:00:00,-6475.010769303404
2025-02-01 10:00:00,-5697.787917757185
2025-02-01 11:00:00,-4829.633508017818
2025-02-01 12:00:00,-4184.618457002205
2025-02-01 13:00:00,-3267.93810964582
2025-02-01 14:00:00,-1864.5175860800919
2025-02-01 15:00:00,0.0
2025-02-01 16:00:00,0.0
2025-02-01 17:00:00,0.0
2025-02-01 18:00:00,0.0
2025-02-01 19:00:00,0.0
2025-02-01 20:00:00,0.0
2025-02-01 21:00:00,0.0
2025-02-01 22:00:00,0.0
2025-02-01 23:00:00,0.0
2025-02-02 00:00:00,21467.05394
2025-02-02 01:00:00,0.0
2025-02-02 02:00:00,0.0
2025-02-02 03:00:00,0.0
2025-02-02 04:00:00,0.0
2025-02-02 05:00:00,0.0
2025-02-02 06:00:00,0.0
2025-02-02 07:00:00,0.0
2025-02-02 08:00:00,-3383.995562366359
2025-02-02 09:00:00,-7086.89544474268
2025-02-02 10:00:00,-5999.424603098607
2025-02-02 11:00:00,-4838.905817397259
2025-02-02 12:00:00,-4428.800015485373
2025-02-02 13:00:00,-4254.4623760125105
2025-02-02 14:00:00,-2533.354327424775
2025-02-02 15:00:00,-840.4565709147028
2025-02-02 16:00:00,0.0
2025-02-02 17:00:00,0.0
2025-02-02 18:00:00,0.0
2025-02-02 19:00:00,0.0
2025-02-02 20:00:00,0.0
2025-02-02 21:00:00,0.0
2025-02-02 22:00:00,22788.794348
2025-02-02 23:00:00,0.0
2025-02-03 00:00:00,20966.945907
2025-02-03 01:00:00,0.0
2025-02-03 02:00:00,0.0
2025-02-03 03:00:00,0.0
2025-02-03 04:00:00,0.0
2025-02-03 05:00:00,0.0
2025-02-03 06:00:00,0.0
2025-02-03 07:00:00,0.0
2025-02-03 08:00:00,5231.996523380414
2025-02-03 09:00:00,-131.27131465985076
2025-02-03 10:00:00,-2587.6959960409113
2025-02-03 11:00:00,-4118.472858083729
2025-02-03 12:00:00,-4810.670836016874
2025-02-03 13:00:00,-4451.6515527938645
2025-02-03 14:00:00,-132.78760230458647
2025-02-03 15:00:00,0.0
2025-02-03 16:00:00,0.0
2025-02-03 17:00:00,0.0
2025-02-03 18:00:00,0.0
2025-02-03 19:00:00,0.0
2025-02-03 20:00:00,0.0
2025-02-03 21:00:00,0.0
2025-02-03 22:00:00,0.0
2025-02-03 23:00:00,22821.881639725703
2025-02-04 00:00:00,0.0
2025-02-04 01:00:00,11631.664288491582
2025-02-04 02:00:00,0.0
2025-02-04 03:00:00,0.0
2025-02-04 04:00:00,0.0
2025-02-04 05:00:00,0.0
2025-02-04 06:00:00,0.0
2025-02-04 07:00:00,0.0
2025-02-04 08:00:00,0.0
2025-02-04 09:00:00,-7439.807063175696
2025-02-04 10:00:00,-6875.5418169074255
2025-02-04 11:00:00,-5717.444349819176
2025-02-04 12:00:00,-4949.247525293009
2025-02-04 13:00:00,-874.5952119775757
2025-02-04 14:00:00,0.0
2025-02-04 15:00:00,0.0
2025-02-04 16:00:00,0.0
2025-02-04 17:00:00,0.0
2025-02-04 18:00:00,0.0
2025-02-04 19:00:00,0.0
2025-02-04 20:00:00,0.0
2025-02-04 21:00:00,0.0
2025-02-04 22:00:00,24317.864496
2025-02-04 23:00:00,0.0
2025-02-05 00:00:00,0.0
2025-02-05 01:00:00,0.0
2025-02-05 02:00:00,0.0
2025-02-05 03:00:00,0.0
2025-02-05 04:00:00,0.0
2025-02-05 05:00:00,0.0
2025-02-05 06:00:00,0.0
2025-02-05 07:00:00,0.0
2025-02-05 08:00:00,4562.9824602445515
2025-02-05 09:00:00,-2641.9849294798587
2025-02-05 10:00:00,-6275.9871367215455
2025-02-05 11:00:00,-6378.763221173875
2025-02-05 12:00:00,-5837.418419739384
2025-02-05 13:00:00,-5252.2042262535215
2025-02-05 14:00:00,-3765.407083918464
2025-02-05 15:00:00,-2248.08864109336
2025-02-05 16:00:00,0.0
2025-02-05 17:00:00,0.0
2025-02-05 18:00:00,0.0
2025-02-05 19:00:00,0.0
2025-02-05 20:00:00,0.0
2025-02-05 21:00:00,0.0
2025-02-05 22:00:00,0.0
2025-02-05 23:00:00,0.0
2025-02-06 00:00:00,0.0
2025-02-06 01:00:00,0.0
2025-02-06 02:00:00,0.0
2025-02-06 03:00:00,0.0
2025-02-06 04:00:00,0.0
2025-02-06 05:00:00,0.0
2025-02-06 06:00:00,0.0
2025-02-06 07:00:00,0.0
2025-02-06 08:00:00,0.0
2025-02-06 09:00:00,0.0
2025-02-06 10:00:00,0.0
2025-02-06 11:00:00,0.0
2025-02-06 12:00:00,-378.2685202870234
2025-02-06 13:00:00,0.0
2025-02-06 14:00:00,0.0
2025-02-06 15:00:00,0.0
2025-02-06 16:00:00,0.0
2025-02-06 17:00:00,0.0
2025-02-06 18:00:00,0.0
2025-02-06 19:00:00,0.0
2025-02-06 20:00:00,0.0
2025-02-06 21:00:00,0.0
2025-02-06 22:00:00,0.0
2025-02-06 23:00:00,0.0
2025-02-07 00:00:00,22484.455179
2025-02-07 01:00:00,0.0
2025-02-07 02:00:00,0.0
2025-02-07 03:00:00,0.0
2025-02-07 04:00:00,0.0
2025-02-07 05:00:00,0.0
2025-02-07 06:00:00,0.0
2025-02-07 07:00:00,0.0
2025-02-07 08:00:00,0.0
2025-02-07 09:00:00,-5012.178618902413
2025-02-07 10:00:00,-7485.678574491394
2025-02-07 11:00:00,-7985.495173581014
2025-02-07 12:00:00,-6697.040569486271
2025-02-07 13:00:00,-4368.592425401181
2025-02-07 14:00:00,-2631.089484710501
2025-02-07 15:00:00,0.0
2025-02-07 16:00:00,0.0
2025-02-07 17:00:00,24618.367253065895
2025-02-07 18:00:00,0.0
2025-02-07 19:00:00,0.0
2025-02-07 20:00:00,0.0
2025-02-07 21:00:00,0.0
2025-02-07 22:00:00,0.0
2025-02-07 23:00:00,0.0
2025-02-08 00:00:00,22473.471803
2025-02-08 01:00:00,0.0
2025-02-08 02:00:00,0.0
2025-02-08 03:00:00,20615.086728
2025-02-08 04:00:00,0.0
2025-02-08 05:00:00,0.0
2025-02-08 06:00:00,0.0
2025-02-08 07:00:00,0.0
2025-02-08 08:00:00,-3511.4927830471534
2025-02-08 09:00:00,-8079.070661544647
2025-02-08 10:00:00,-8556.225366448074
2025-02-08 11:00:00,-7414.231566995735
2025-02-08 12:00:00,-8536.56439243341
2025-02-08 13:00:00,-7404.597806115569
2025-02-08 14:00:00,-5701.330511891239
2025-02-08 15:00:00,-3579.85405355498
2025-02-08 16:00:00,0.0
2025-02-08 17:00:00,0.0
2025-02-08 18:00:00,0.0
2025-02-08 19:00:00,24870.965727
2025-02-08 20:00:00,0.0
2025-02-08 21:00:00,0.0
2025-02-08 22:00:00,0.0
2025-02-08 23:00:00,0.0
2025-02-09 00:00:00,0.0
2025-02-09 01:00:00,0.0
2025-02-09 02:00:00,0.0
2025-02-09 03:00:00,0.0
2025-02-09 04:00:00,0.0
2025-02-09 05:00:00,0.0
2025-02-09 06:00:00,0.0
2025-02-09 07:00:00,0.0
2025-02-09 08:00:00,-2851.0284235131257
2025-02-09 09:00:00,-9076.582309021553
2025-02-09 10:00:00,-10489.07711616862
2025-02-09 11:00:00,-12085.978013487562
2025-02-09 12:00:00,-12782.655811864952
2025-02-09 13:00:00,-11483.193318325633
2025-02-09 14:00:00,-10029.006482693556
2025-02-09 15:00:00,-3680.1984749576513
2025-02-09 16:00:00,8407.014089998482
2025-02-09 17:00:00,0.0
2025-02-09 18:00:00,0.0
2025-02-09 19:00:00,0.0
2025-02-09 20:00:00,0.0
2025-02-09 21:00:00,0.0
2025-02-09 22:00:00,0.0
2025-02-09 23:00:00,0.0
2025-02-10 00:00:00,21828.444211
2025-02-10 01:00:00,0.0
2025-02-10 02:00:00,0.0
2025-02-10 03:00:00,21001.5806529999
2025-02-10 04:00:00,0.0
2025-02-10 05:00:00,0.0
2025-02-10 06:00:00,0.0
2025-02-10 07:00:00,0.0
2025-02-10 08:00:00,-1594.2806967552897
2025-02-10 09:00:00,-9349.218320369888
2025-02-10 10:00:00,-10366.16969424859
2025-02-10 11:00:00,-10306.597470362263
2025-02-10 12:00:00,-11692.28572741137
2025-02-10 13:00:00,-12203.80244116185
2025-02-10 14:00:00,-11515.338318216553
2025-02-10 15:00:00,-6270.004208244132
2025-02-10 16:00:00,0.0
2025-02-10 17:00:00,0.0
2025-02-10 18:00:00,0.0
2025-02-10 19:00:00,0.0
2025-02-10 20:00:00,0.0
2025-02-10 21:00:00,26113.931084
2025-02-10 22:00:00,0.0
2025-02-10 23:00:00,0.0
2025-02-11 00:00:00,0.0
2025-02-11 01:00:00,22046.135076
2025-02-11 02:00:00,0.0
2025-02-11 03:00:00,0.0
2025-02-11 04:00:00,0.0
2025-02-11 05:00:00,0.0
2025-02-11 06:00:00,0.0
2025-02-11 07:00:00,0.0
2025-02-11 08:00:00,0.0
2025-02-11 09:00:00,-7174.03863246784
2025-02-11 10:00:00,-8322.062691734332
2025-02-11 11:00:00,-9357.843551892223
2025-02-11 12:00:00,-9748.32816707918
2025-02-11 13:00:00,-11112.732724915204
2025-02-11 14:00:00,-7736.945739644423
2025-02-11 15:00:00,-2032.5274454615464
2025-02-11 16:00:00,0.0
2025-02-11 17:00:00,23610.41872793872
2025-02-11 18:00:00,28281.008778
2025-02-11 19:00:00,0.0
2025-02-11 20:00:00,0.0
2025-02-11 21:00:00,0.0
2025-02-11 22:00:00,0.0
2025-02-11 23:00:00,0.0
2025-02-12 00:00:00,0.0
2025-02-12 01:00:00,0.0
2025-02-12 02:00:00,0.0
2025-02-12 03:00:00,0.0
2025-02-12 04:00:00,0.0
2025-02-12 05:00:00,0.0
2025-02-12 06:00:00,0.0
2025-02-12 07:00:00,0.0
2025-02-12 08:00:00,0.0
2025-02-12 09:00:00,0.0
2025-02-12 10:00:00,0.0
2025-02-12 11:00:00,0.0
2025-02-12 12:00:00,0.0
2025-02-12 13:00:00,0.0
2025-02-12 14:00:00,0.0
2025-02-12 15:00:00,16600.63084956303
2025-02-12 16:00:00,0.0
2025-02-12 17:00:00,0.0
2025-02-12 18:00:00,0.0
2025-02-12 19:00:00,0.0
2025-02-12 20:00:00,0.0
2025-02-12 21:00:00,0.0
2025-02-12 22:00:00,0.0
2025-02-12 23:00:00,0.0
2025-02-13 00:00:00,0.0
2025-02-13 01:00:00,0.0
2025-02-13 02:00:00,0.0
2025-02-13 03:00:00,0.0
2025-02-13 04:00:00,0.0
2025-02-13 05:00:00,0.0
2025-02-13 06:00:00,24823.126377205925
2025-02-13 07:00:00,0.0
2025-02-13 08:00:00,0.0
2025-02-13 09:00:00,22803.650948675215
2025-02-13 10:00:00,0.0
2025-02-13 11:00:00,0.0
2025-02-13 12:00:00,0.0
2025-02-13 13:00:00,0.0
2025-02-13 14:00:00,0.0
2025-02-13 15:00:00,0.0
2025-02-13 16:00:00,0.0
2025-02-13 17:00:00,0.0
2025-02-13 18:00:00,0.0
2025-02-13 19:00:00,0.0
2025-02-13 20:00:00,0.0
2025-02-13 21:00:00,0.0
2025-02-13 22:00:00,0.0
2025-02-13 23:00:00,0.0
2025-02-14 00:00:00,0.0
2025-02-14 01:00:00,0.0
2025-02-14 02:00:00,0.0
2025-02-14 03:00:00,0.0
2025-02-14 04:00:00,0.0
2025-02-14 05:00:00,0.0
2025-02-14 06:00:00,0.0
2025-02-14 07:00:00,0.0
2025-02-14 08:00:00,0.0
2025-02-14 09:00:00,0.0
2025-02-14 10:00:00,0.0
2025-02-14 11:00:00,0.0
2025-02-14 12:00:00,0.0
2025-02-14 13:00:00,0.0
2025-02-14 14:00:00,0.0
2025-02-14 15:00:00,0.0
2025-02-14 16:00:00,0.0
2025-02-14 17:00:00,0.0
2025-02-14 18:00:00,0.0
2025-02-14 19:00:00,0.0
2025-02-14 20:00:00,0.0
2025-02-14 21:00:00,0.0
2025-02-14 22:00:00,0.0
2025-02-14 23:00:00,0.0
2025-02-15 00:00:00,0.0
2025-02-15 01:00:00,0.0
2025-02-15 02:00:00,0.0
2025-02-15 03:00:00,0.0
2025-02-15 04:00:00,0.0
2025-02-15 05:00:00,0.0
2025-02-15 06:00:00,0.0
2025-02-15 07:00:00,0.0
2025-02-15 08:00:00,-7231.078236480265
2025-02-15 09:00:00,-11669.733082277013
2025-02-15 10:00:00,-12955.474727576093
2025-02-15 11:00:00,-12259.578316556803
2025-02-15 12:00:00,-11710.392022449956
2025-02-15 13:00:00,-10580.146417531807
2025-02-15 14:00:00,-8604.841597132698
2025-02-15 15:00:00,-3747.9059377623707
2025-02-15 16:00:00,0.0
2025-02-15 17:00:00,0.0
2025-02-15 18:00:00,0.0
2025-02-15 19:00:00,0.0
2025-02-15 20:00:00,0.0
2025-02-15 21:00:00,23578.016805
2025-02-15 22:00:00,0.0
2025-02-15 23:00:00,0.0
2025-02-16 00:00:00,21385.382612
2025-02-16 01:00:00,0.0
2025-02-16 02:00:00,20640.240957
2025-02-16 03:00:00,0.0
2025-02-16 04:00:00,0.0
2025-02-16 05:00:00,0.0
2025-02-16 06:00:00,0.0
2025-02-16 07:00:00,0.0
2025-02-16 08:00:00,-5632.257859715923
2025-02-16 09:00:00,-11075.930051237105
2025-02-16 10:00:00,-13301.680966377528
2025-02-16 11:00:00,-13965.466298662086
2025-02-16 12:00:00,-14269.385191995563
2025-02-16 13:00:00,-12494.11738905682
2025-02-16 14:00:00,-9688.914112467155
2025-02-16 15:00:00,-5244.938099245686
2025-02-16 16:00:00,0.0
2025-02-16 17:00:00,0.0
2025-02-16 18:00:00,0.0
2025-02-16 19:00:00,0.0
2025-02-16 20:00:00,23342.786233
2025-02-16 21:00:00,0.0
2025-02-16 22:00:00,0.0
2025-02-16 23:00:00,0.0
2025-02-17 00:00:00,0.0
2025-02-17 01:00:00,0.0
2025-02-17 02:00:00,0.0
2025-02-17 03:00:00,19628.549456
2025-02-17 04:00:00,0.0
2025-02-17 05:00:00,0.0
2025-02-17 06:00:00,0.0
2025-02-17 07:00:00,0.0
2025-02-17 08:00:00,-4825.644314371406
2025-02-17 09:00:00,-10680.949972858802
2025-02-17 10:00:00,-10986.89429512004
2025-02-17 11:00:00,-9476.466804079384
2025-02-17 12:00:00,-9539.937029557605
2025-02-17 13:00:00,-9467.140401948916
2025-02-17 14:00:00,-7904.940438621423
2025-02-17 15:00:00,-4837.32554381798
2025-02-17 16:00:00,9605.087662455273
2025-02-17 17:00:00,23626.316294302578
2025-02-17 18:00:00,26163.364884725703
2025-02-17 19:00:00,0.0
2025-02-17 20:00:00,0.0
2025-02-17 21:00:00,0.0
2025-02-17 22:00:00,8432.661724232612
2025-02-17 23:00:00,0.0
2025-02-18 00:00:00,0.0
2025-02-18 01:00:00,0.0
2025-02-18 02:00:00,20845.5648999999
2025-02-18 03:00:00,0.0
2025-02-18 04:00:00,0.0
2025-02-18 05:00:00,0.0
2025-02-18 06:00:00,0.0
2025-02-18 07:00:00,11688.053667494261
2025-02-18 08:00:00,-6660.092862675556
2025-02-18 09:00:00,-12201.696468934457
2025-02-18 10:00:00,-12349.28407090743
2025-02-18 11:00:00,-11816.720555306852
2025-02-18 12:00:00,-11880.707430905426
2025-02-18 13:00:00,-10057.80743942146
2025-02-18 14:00:00,-8205.53765287753
2025-02-18 15:00:00,-4814.453915612015
2025-02-18 16:00:00,0.0
2025-02-18 17:00:00,0.0
2025-02-18 18:00:00,0.0
2025-02-18 19:00:00,0.0
2025-02-18 20:00:00,0.0
2025-02-18 21:00:00,0.0
2025-02-18 22:00:00,0.0
2025-02-18 23:00:00,0.0
2025-02-19 00:00:00,0.0
2025-02-19 01:00:00,0.0
2025-02-19 02:00:00,20368.169779
2025-02-19 03:00:00,4223.673832131072
2025-02-19 04:00:00,0.0
2025-02-19 05:00:00,22036.172925
2025-02-19 06:00:00,23559.65382084558
2025-02-19 07:00:00,0.0
2025-02-19 08:00:00,-2754.068003006163
2025-02-19 09:00:00,-10039.658108035772
2025-02-19 10:00:00,-11645.881855052237
2025-02-19 11:00:00,-11792.751662765688
2025-02-19 12:00:00,-12589.474250692569
2025-02-19 13:00:00,-12933.450584108432
2025-02-19 14:00:00,-9922.618289148795
2025-02-19 15:00:00,-7351.347995095712
2025-02-19 16:00:00,0.0
2025-02-19 17:00:00,0.0
2025-02-19 18:00:00,0.0
2025-02-19 19:00:00,25734.62362
2025-02-19 20:00:00,0.0
2025-02-19 21:00:00,0.0
2025-02-19 22:00:00,23354.002697
2025-02-19 23:00:00,0.0
2025-02-20 00:00:00,0.0
2025-02-20 01:00:00,0.0
2025-02-20 02:00:00,0.0
2025-02-20 03:00:00,0.0
2025-02-20 04:00:00,0.0
2025-02-20 05:00:00,21886.184823
2025-02-20 06:00:00,0.0
2025-02-20 07:00:00,0.0
2025-02-20 08:00:00,-5798.406942752485
2025-02-20 09:00:00,-11006.908492204377
2025-02-20 10:00:00,-12902.229196822234
2025-02-20 11:00:00,-13631.830846449706
2025-02-20 12:00:00,-14565.024941529002
2025-02-20 13:00:00,-13390.23109180895
2025-02-20 14:00:00,-10974.054161274384
2025-02-20 15:00:00,-9467.276660446169
2025-02-20 16:00:00,959.1171868930687
2025-02-20 17:00:00,0.0
2025-02-20 18:00:00,0.0
2025-02-20 19:00:00,0.0
2025-02-20 20:00:00,24870.595666
2025-02-20 21:00:00,0.0
2025-02-20 22:00:00,0.0
2025-02-20 23:00:00,22041.511328
2025-02-21 00:00:00,0.0
2025-02-21 01:00:00,0.0
2025-02-21 02:00:00,0.0
2025-02-21 03:00:00,13394.308235180331
2025-02-21 04:00:00,0.0
2025-02-21 05:00:00,21448.348217
2025-02-21 06:00:00,0.0
2025-02-21 07:00:00,0.0
2025-02-21 08:00:00,-7195.412915928882
2025-02-21 09:00:00,-13628.840099646051
2025-02-21 10:00:00,-15127.094558926648
2025-02-21 11:00:00,-15151.060358895757
2025-02-21 12:00:00,-17331.733362631956
2025-02-21 13:00:00,-16250.266933979958
2025-02-21 14:00:00,-12844.482861763641
2025-02-21 15:00:00,-10353.704170157864
2025-02-21 16:00:00,0.0
2025-02-21 17:00:00,0.0
2025-02-21 18:00:00,0.0
2025-02-21 19:00:00,24669.2434599999
2025-02-21 20:00:00,24084.4090159999
2025-02-21 21:00:00,0.0
2025-02-21 22:00:00,822.0318549651967
2025-02-21 23:00:00,0.0
2025-02-22 00:00:00,0.0
2025-02-22 01:00:00,0.0
2025-02-22 02:00:00,0.0
2025-02-22 03:00:00,0.0
2025-02-22 04:00:00,0.0
2025-02-22 05:00:00,0.0
2025-02-22 06:00:00,0.0
2025-02-22 07:00:00,0.0
2025-02-22 08:00:00,-7555.4251409974895
2025-02-22 09:00:00,-10560.420896168645
2025-02-22 10:00:00,-11630.678741062653
2025-02-22 11:00:00,-11641.00160473344
2025-02-22 12:00:00,-11062.847255178385
2025-02-22 13:00:00,-10279.156949622582
2025-02-22 14:00:00,-8278.269052045554
2025-02-22 15:00:00,-5214.627334202647
2025-02-22 16:00:00,3034.7442589499406
2025-02-22 17:00:00,0.0
2025-02-22 18:00:00,0.0
2025-02-22 19:00:00,23678.474742
2025-02-22 20:00:00,0.0
2025-02-22 21:00:00,0.0
2025-02-22 22:00:00,0.0
2025-02-22 23:00:00,0.0
2025-02-23 00:00:00,0.0
2025-02-23 01:00:00,263.77671390204324
2025-02-23 02:00:00,0.0
2025-02-23 03:00:00,18515.226773
2025-02-23 04:00:00,18593.148426
2025-02-23 05:00:00,0.0
2025-02-23 06:00:00,0.0
2025-02-23 07:00:00,4138.559061333235
2025-02-23 08:00:00,-5468.512734773711
2025-02-23 09:00:00,-7347.062818648159
2025-02-23 10:00:00,-8911.589434542955
2025-02-23 11:00:00,-8660.408361794573
2025-02-23 12:00:00,-8536.236902876572
2025-02-23 13:00:00,-7412.802546016068
2025-02-23 14:00:00,-5846.419966856469
2025-02-23 15:00:00,-4379.786058281836
2025-02-23 16:00:00,0.0
2025-02-23 17:00:00,20155.66578960918
2025-02-23 18:00:00,0.0
2025-02-23 19:00:00,0.0
2025-02-23 20:00:00,0.0
2025-02-23 21:00:00,0.0
2025-02-23 22:00:00,0.0
2025-02-23 23:00:00,20475.0015189999
2025-02-24 00:00:00,19844.2902919999
2025-02-24 01:00:00,0.0
2025-02-24 02:00:00,19066.824611
2025-02-24 03:00:00,0.0
2025-02-24 04:00:00,19259.660436
2025-02-24 05:00:00,0.0
2025-02-24 06:00:00,0.0
2025-02-24 07:00:00,0.0
2025-02-24 08:00:00,-5232.839438747778
2025-02-24 09:00:00,-7572.929390344245
2025-02-24 10:00:00,-8447.512032070048
2025-02-24 11:00:00,-8288.88972019562
2025-02-24 12:00:00,-7932.678247408032
2025-02-24 13:00:00,-6771.115855419972
2025-02-24 14:00:00,-5769.560265453329
2025-02-24 15:00:00,-3314.9414232439412
2025-02-24 16:00:00,0.0
2025-02-24 17:00:00,0.0
2025-02-24 18:00:00,0.0
2025-02-24 19:00:00,0.0
2025-02-24 20:00:00,0.0
2025-02-24 21:00:00,0.0
2025-02-24 22:00:00,5578.632995328212
2025-02-24 23:00:00,0.0
2025-02-25 00:00:00,0.0
2025-02-25 01:00:00,0.0
2025-02-25 02:00:00,19967.634618
2025-02-25 03:00:00,19799.1563919999
2025-02-25 04:00:00,0.0
2025-02-25 05:00:00,0.0
2025-02-25 06:00:00,0.0
2025-02-25 07:00:00,0.0
2025-02-25 08:00:00,-7680.058942002492
2025-02-25 09:00:00,-11480.545937962066
2025-02-25 10:00:00,-9255.307996743191
2025-02-25 11:00:00,-9860.135836926951
2025-02-25 12:00:00,-9551.060021607187
2025-02-25 13:00:00,-8070.09038344998
2025-02-25 14:00:00,-7121.6963961595575
2025-02-25 15:00:00,-5614.196170407973
2025-02-25 16:00:00,0.0
2025-02-25 17:00:00,0.0
2025-02-25 18:00:00,0.0
2025-02-25 19:00:00,0.0
2025-02-25 20:00:00,0.0
2025-02-25 21:00:00,24146.333591
2025-02-25 22:00:00,0.0
2025-02-25 23:00:00,0.0
2025-02-26 00:00:00,0.0
2025-02-26 01:00:00,20451.545228
2025-02-26 02:00:00,0.0
2025-02-26 03:00:00,19823.899428
2025-02-26 04:00:00,0.0
2025-02-26 05:00:00,0.0
2025-02-26 06:00:00,0.0
2025-02-26 07:00:00,0.0
2025-02-26 08:00:00,-10627.78901729898
2025-02-26 09:00:00,-13532.891018910872
2025-02-26 10:00:00,-14305.960643571849
2025-02-26 11:00:00,-14017.9832376524
2025-02-26 12:00:00,-14518.738886379433
2025-02-26 13:00:00,-14382.161089487952
2025-02-26 14:00:00,-13235.31854085864
2025-02-26 15:00:00,-12688.799917159682
2025-02-26 16:00:00,-1542.5639155382305
2025-02-26 17:00:00,21443.17371053218
2025-02-26 18:00:00,0.0
2025-02-26 19:00:00,0.0
2025-02-26 20:00:00,0.0
2025-02-26 21:00:00,24361.925452
2025-02-26 22:00:00,0.0
2025-02-26 23:00:00,0.0
2025-02-27 00:00:00,0.0
2025-02-27 01:00:00,1424.446238370187
2025-02-27 02:00:00,0.0
2025-02-27 03:00:00,0.0
2025-02-27 04:00:00,0.0
2025-02-27 05:00:00,0.0
2025-02-27 06:00:00,0.0
2025-02-27 07:00:00,0.0
2025-02-27 08:00:00,-6727.062861462804
2025-02-27 09:00:00,-11429.221399068945
2025-02-27 10:00:00,-12132.250600886968
2025-02-27 11:00:00,-12080.162103567003
2025-02-27 12:00:00,-11527.143073738018
2025-02-27 13:00:00,-8381.911966941756
2025-02-27 14:00:00,-7022.287950878534
2025-02-27 15:00:00,-3345.954979137121
2025-02-27 16:00:00,0.0
2025-02-27 17:00:00,22387.16856415321
2025-02-27 18:00:00,0.0
2025-02-27 19:00:00,0.0
2025-02-27 20:00:00,24842.320778
2025-02-27 21:00:00,24065.627031
2025-02-27 22:00:00,0.0
2025-02-27 23:00:00,0.0
2025-02-28 00:00:00,0.0
2025-02-28 01:00:00,20180.52651
2025-02-28 02:00:00,0.0
2025-02-28 03:00:00,0.0
2025-02-28 04:00:00,0.0
2025-02-28 05:00:00,0.0
2025-02-28 06:00:00,21435.912804008534
2025-02-28 07:00:00,0.0
2025-02-28 08:00:00,0.0
2025-02-28 09:00:00,-3887.157087570311
2025-02-28 10:00:00,-8726.858261977322
2025-02-28 11:00:00,-10782.369132845408
2025-02-28 12:00:00,-12866.342823918054
2025-02-28 13:00:00,-12507.644009028467
2025-02-28 14:00:00,-10244.495406165675
2025-02-28 15:00:00,-3953.492732900988
2025-02-28 16:00:00,0.0
2025-02-28 17:00:00,0.0
2025-02-28 18:00:00,24870.069105
2025-02-28 19:00:00,24470.055842
2025-02-28 20:00:00,0.0
2025-02-28 21:00:00,0.0
2025-02-28 22:00:00,0.0
2025-02-28 23:00:00,0.0
2025-03-01 00:00:00,0.0
2025-03-01 01:00:00,10538.678556186744
2025-03-01 02:00:00,0.0
2025-03-01 03:00:00,0.0
2025-03-01 04:00:00,0.0
2025-03-01 05:00:00,0.0
2025-03-01 06:00:00,0.0
2025-03-01 07:00:00,0.0
2025-03-01 08:00:00,-5529.523230842551
2025-03-01 09:00:00,-10391.038546640335
2025-03-01 10:00:00,-13948.951597336123
2025-03-01 11:00:00,-15153.24496722568
2025-03-01 12:00:00,-13900.537398707747
2025-03-01 13:00:00,-13930.741967558755
2025-03-01 14:00:00,-12901.275145805193
2025-03-01 15:00:00,-10866.57784917107
2025-03-01 16:00:00,0.0
2025-03-01 17:00:00,0.0
2025-03-01 18:00:00,0.0
2025-03-01 19:00:00,23447.089564
2025-03-01 20:00:00,0.0
2025-03-01 21:00:00,22388.477272
2025-03-01 22:00:00,0.0
2025-03-01 23:00:00,0.0
2025-03-02 00:00:00,0.0
2025-03-02 01:00:00,0.0
2025-03-02 02:00:00,19122.5951189999
2025-03-02 03:00:00,0.0
2025-03-02 04:00:00,0.0
2025-03-02 05:00:00,0.0
2025-03-02 06:00:00,0.0
2025-03-02 07:00:00,0.0
2025-03-02 08:00:00,-8636.974154706983
2025-03-02 09:00:00,-8644.992608883618
2025-03-02 10:00:00,-9164.16199202864
2025-03-02 11:00:00,-7813.104585509096
2025-03-02 12:00:00,-6961.821643499115
2025-03-02 13:00:00,-6358.102731304505
2025-03-02 14:00:00,-5622.980603954064
2025-03-02 15:00:00,-2448.8129022642133
2025-03-02 16:00:00,0.0
2025-03-02 17:00:00,0.0
2025-03-02 18:00:00,0.0
2025-03-02 19:00:00,0.0
2025-03-02 20:00:00,0.0
2025-03-02 21:00:00,23290.294536
2025-03-02 22:00:00,0.0
2025-03-02 23:00:00,0.0
2025-03-03 00:00:00,20572.475522
2025-03-03 01:00:00,0.0
2025-03-03 02:00:00,19562.492782
2025-03-03 03:00:00,0.0
2025-03-03 04:00:00,0.0
2025-03-03 05:00:00,0.0
2025-03-03 06:00:00,0.0
2025-03-03 07:00:00,7373.740629253738
2025-03-03 08:00:00,-8333.67779314153
2025-03-03 09:00:00,-11903.849595945725
2025-03-03 10:00:00,-12880.6907140197
2025-03-03 11:00:00,-14404.231572300305
2025-03-03 12:00:00,-14734.008398863982
2025-03-03 13:00:00,-15752.412914080607
2025-03-03 14:00:00,-12045.640208509922
2025-03-03 15:00:00,-10759.394531689522
2025-03-03 16:00:00,-2002.2004297506792
2025-03-03 17:00:00,0.0
2025-03-03 18:00:00,14593.072887344648
2025-03-03 19:00:00,0.0
2025-03-03 20:00:00,25701.614862
2025-03-03 21:00:00,0.0
2025-03-03 22:00:00,0.0
2025-03-03 23:00:00,0.0
2025-03-04 00:00:00,0.0
2025-03-04 01:00:00,0.0
2025-03-04 02:00:00,0.0
2025-03-04 03:00:00,0.0
2025-03-04 04:00:00,0.0
2025-03-04 05:00:00,22418.160489
2025-03-04 06:00:00,0.0
2025-03-04 07:00:00,0.0
2025-03-04 08:00:00,-11096.979270881606
2025-03-04 09:00:00,-12901.501922977983
2025-03-04 10:00:00,-14275.702708122
2025-03-04 11:00:00,-14002.3091546449
2025-03-04 12:00:00,-12863.85267391272
2025-03-04 13:00:00,-11376.477674742426
2025-03-04 14:00:00,-9750.245865700657
2025-03-04 15:00:00,-7133.4228805090315
2025-03-04 16:00:00,-1053.7257025259132
2025-03-04 17:00:00,0.0
2025-03-04 18:00:00,0.0
2025-03-04 19:00:00,0.0
2025-03-04 20:00:00,0.0
2025-03-04 21:00:00,0.0
2025-03-04 22:00:00,0.0
2025-03-04 23:00:00,21518.931179
2025-03-05 00:00:00,0.0
2025-03-05 01:00:00,0.0
2025-03-05 02:00:00,0.0
2025-03-05 03:00:00,0.0
2025-03-05 04:00:00,0.0
2025-03-05 05:00:00,0.0
2025-03-05 06:00:00,0.0
2025-03-05 07:00:00,0.0
2025-03-05 08:00:00,12672.463042540132
2025-03-05 09:00:00,10867.492828011998
2025-03-05 10:00:00,0.0
2025-03-05 11:00:00,7738.75119409346
2025-03-05 12:00:00,0.0
2025-03-05 13:00:00,0.0
2025-03-05 14:00:00,0.0
2025-03-05 15:00:00,0.0
2025-03-05 16:00:00,0.0
2025-03-05 17:00:00,25327.561038243202
2025-03-05 18:00:00,0.0
2025-03-05 19:00:00,0.0
2025-03-05 20:00:00,0.0
2025-03-05 21:00:00,25339.772716
2025-03-05 22:00:00,0.0
2025-03-05 23:00:00,0.0
2025-03-06 00:00:00,5632.2635497332885
2025-03-06 01:00:00,0.0
2025-03-06 02:00:00,0.0
2025-03-06 03:00:00,0.0
2025-03-06 04:00:00,0.0
2025-03-06 05:00:00,0.0
2025-03-06 06:00:00,0.0
2025-03-06 07:00:00,7021.600133760803
2025-03-06 08:00:00,-8105.122274252113
2025-03-06 09:00:00,-12017.159105601571
2025-03-06 10:00:00,-10171.203863535338
2025-03-06 11:00:00,-9374.148364964149
2025-03-06 12:00:00,-8272.149744987193
2025-03-06 13:00:00,-5838.002117602529
2025-03-06 14:00:00,-3260.204721774804
2025-03-06 15:00:00,0.0
2025-03-06 16:00:00,9288.748148642242
2025-03-06 17:00:00,0.0
2025-03-06 18:00:00,0.0
2025-03-06 19:00:00,0.0
2025-03-06 20:00:00,0.0
2025-03-06 21:00:00,0.0
2025-03-06 22:00:00,0.0
2025-03-06 23:00:00,0.0
2025-03-07 00:00:00,0.0
2025-03-07 01:00:00,0.0
2025-03-07 02:00:00,18678.93534521404
2025-03-07 03:00:00,0.0
2025-03-07 04:00:00,0.0
2025-03-07 05:00:00,0.0
2025-03-07 06:00:00,23366.507679589635
2025-03-07 07:00:00,0.0
2025-03-07 08:00:00,-5417.620007567755
2025-03-07 09:00:00,-12390.900954630237
2025-03-07 10:00:00,-13911.693004658198
2025-03-07 11:00:00,-14587.88789238441
2025-03-07 12:00:00,-13979.60979077981
2025-03-07 13:00:00,-16847.049674435824
2025-03-07 14:00:00,-16895.85949305851
2025-03-07 15:00:00,-15118.639421871558
2025-03-07 16:00:00,-4380.620249174441
2025-03-07 17:00:00,0.0
2025-03-07 18:00:00,25394.2501046947
2025-03-07 19:00:00,0.0
2025-03-07 20:00:00,0.0
2025-03-07 21:00:00,24559.538631
2025-03-07 22:00:00,0.0
2025-03-07 23:00:00,0.0
2025-03-08 00:00:00,22087.816716
2025-03-08 01:00:00,21454.47571
2025-03-08 02:00:00,0.0
2025-03-08 03:00:00,141.94057345366332
2025-03-08 04:00:00,0.0
2025-03-08 05:00:00,0.0
2025-03-08 06:00:00,0.0
2025-03-08 07:00:00,-3526.8541261303762
2025-03-08 08:00:00,-15683.1692617074
2025-03-08 09:00:00,-16514.03485983283
2025-03-08 10:00:00,-14936.528580596561
2025-03-08 11:00:00,-13868.148541545026
2025-03-08 12:00:00,-13013.412986746298
2025-03-08 13:00:00,-12063.467663561132
2025-03-08 14:00:00,-11629.05884098461
2025-03-08 15:00:00,-11666.800330571394
2025-03-08 16:00:00,-6631.819227020595
2025-03-08 17:00:00,0.0
2025-03-08 18:00:00,0.0
2025-03-08 19:00:00,23777.54344577362
2025-03-08 20:00:00,0.0
2025-03-08 21:00:00,23031.411057
2025-03-08 22:00:00,0.0
2025-03-08 23:00:00,0.0
2025-03-09 00:00:00,0.0
2025-03-09 03:00:00,0.0
2025-03-09 04:00:00,0.0
2025-03-09 05:00:00,20260.93286
2025-03-09 06:00:00,20338.849510227952
2025-03-09 07:00:00,0.0
2025-03-09 08:00:00,-4357.040589801916
2025-03-09 09:00:00,-13639.71403469782
2025-03-09 10:00:00,-13204.33838031135
2025-03-09 11:00:00,-12203.396726799092
2025-03-09 12:00:00,-11487.804817973309
2025-03-09 13:00:00,-11346.909077564378
2025-03-09 14:00:00,-9939.049055850366
2025-03-09 15:00:00,-8853.799339001178
2025-03-09 16:00:00,-7292.601671560013
2025-03-09 17:00:00,-4796.1650542201205
2025-03-09 18:00:00,2830.4765224522175
2025-03-09 19:00:00,23783.363919404856
2025-03-09 20:00:00,0.0
2025-03-09 21:00:00,0.0
2025-03-09 22:00:00,0.0
2025-03-09 23:00:00,0.0
2025-03-10 00:00:00,21114.09222
2025-03-10 01:00:00,20577.373434
2025-03-10 02:00:00,0.0
2025-03-10 03:00:00,0.0
2025-03-10 04:00:00,0.0
2025-03-10 05:00:00,0.0
2025-03-10 06:00:00,0.0
2025-03-10 07:00:00,0.0
2025-03-10 08:00:00,0.0
2025-03-10 09:00:00,-11681.021399527028
2025-03-10 10:00:00,-12851.777467263473
2025-03-10 11:00:00,-13081.817555531197
2025-03-10 12:00:00,-10574.449130815367
2025-03-10 13:00:00,-9382.102002350268
2025-03-10 14:00:00,-7443.899202779779
2025-03-10 15:00:00,-6738.351511962312
2025-03-10 16:00:00,-4141.366280722865
2025-03-10 17:00:00,2207.9534871717624
2025-03-10 18:00:00,0.0
2025-03-10 19:00:00,0.0
2025-03-10 20:00:00,0.0
2025-03-10 21:00:00,0.0
2025-03-10 22:00:00,0.0
2025-03-10 23:00:00,0.0
2025-03-11 00:00:00,0.0
2025-03-11 01:00:00,0.0
2025-03-11 02:00:00,0.0
2025-03-11 03:00:00,0.0
2025-03-11 04:00:00,0.0
2025-03-11 05:00:00,21275.078337
2025-03-11 06:00:00,0.0
2025-03-11 07:00:00,0.0
2025-03-11 08:00:00,0.0
2025-03-11 09:00:00,0.0
2025-03-11 10:00:00,0.0
2025-03-11 11:00:00,-2340.43617943193
2025-03-11 12:00:00,-2410.019170546242
2025-03-11 13:00:00,-4065.979977542691
2025-03-11 14:00:00,-3050.7340727703086
2025-03-11 15:00:00,-2000.5008798500385
2025-03-11 16:00:00,-1169.3163095069613
2025-03-11 17:00:00,0.0
2025-03-11 18:00:00,1357.9186572620906
2025-03-11 19:00:00,0.0
2025-03-11 20:00:00,0.0
2025-03-11 21:00:00,0.0
2025-03-11 22:00:00,0.0
2025-03-11 23:00:00,0.0
2025-03-12 00:00:00,0.0
2025-03-12 01:00:00,0.0
2025-03-12 02:00:00,0.0
2025-03-12 03:00:00,0.0
2025-03-12 04:00:00,0.0
2025-03-12 05:00:00,0.0
2025-03-12 06:00:00,0.0
2025-03-12 07:00:00,0.0
2025-03-12 08:00:00,0.0
2025-03-12 09:00:00,-2744.0092675962624
2025-03-12 10:00:00,-3780.2823283774123
2025-03-12 11:00:00,-3056.911353579788
2025-03-12 12:00:00,-2982.8665512804255
2025-03-12 13:00:00,0.0
2025-03-12 14:00:00,0.0
2025-03-12 15:00:00,3901.3739548294943
2025-03-12 16:00:00,0.0
2025-03-12 17:00:00,0.0
2025-03-12 18:00:00,0.0
2025-03-12 19:00:00,0.0
2025-03-12 20:00:00,0.0
2025-03-12 21:00:00,25075.0930229999
2025-03-12 22:00:00,0.0
2025-03-12 23:00:00,0.0
2025-03-13 00:00:00,0.0
2025-03-13 01:00:00,0.0
2025-03-13 02:00:00,0.0
2025-03-13 03:00:00,0.0
2025-03-13 04:00:00,0.0
2025-03-13 05:00:00,0.0
2025-03-13 06:00:00,0.0
2025-03-13 07:00:00,0.0
2025-03-13 08:00:00,0.0
2025-03-13 09:00:00,0.0
2025-03-13 10:00:00,0.0
2025-03-13 11:00:00,0.0
2025-03-13 12:00:00,-843.7919622573863
2025-03-13 13:00:00,-3421.7529068211843
2025-03-13 14:00:00,-3084.1393992651138
2025-03-13 15:00:00,-6674.715246875374
2025-03-13 16:00:00,-3859.0601401534223
2025-03-13 17:00:00,0.0
2025-03-13 18:00:00,0.0
2025-03-13 19:00:00,0.0
2025-03-13 20:00:00,26452.011276
2025-03-13 21:00:00,0.0
2025-03-13 22:00:00,0.0
2025-03-13 23:00:00,22924.176242
2025-03-14 00:00:00,0.0
2025-03-14 01:00:00,4343.380320903557
2025-03-14 02:00:00,0.0
2025-03-14 03:00:00,0.0
2025-03-14 04:00:00,0.0
2025-03-14 05:00:00,0.0
2025-03-14 06:00:00,24716.328026
2025-03-14 07:00:00,0.0
2025-03-14 08:00:00,0.0
2025-03-14 09:00:00,0.0
2025-03-14 10:00:00,0.0
2025-03-14 11:00:00,0.0
2025-03-14 12:00:00,0.0
2025-03-14 13:00:00,-1779.5351667298783
2025-03-14 14:00:00,0.0
2025-03-14 15:00:00,0.0
2025-03-14 16:00:00,0.0
2025-03-14 17:00:00,0.0
2025-03-14 18:00:00,0.0
2025-03-14 19:00:00,26403.16817854205
2025-03-14 20:00:00,0.0
2025-03-14 21:00:00,0.0
2025-03-14 22:00:00,0.0
2025-03-14 23:00:00,0.0
2025-03-15 00:00:00,0.0
2025-03-15 01:00:00,0.0
2025-03-15 02:00:00,0.0
2025-03-15 03:00:00,0.0
2025-03-15 04:00:00,0.0
2025-03-15 05:00:00,0.0
2025-03-15 06:00:00,0.0
2025-03-15 07:00:00,0.0
2025-03-15 08:00:00,-2103.0187249849587
2025-03-15 09:00:00,-7813.769712217152
2025-03-15 10:00:00,-8267.105017717146
2025-03-15 11:00:00,-7802.129174467151
2025-03-15 12:00:00,-7946.175396366023
2025-03-15 13:00:00,-7437.046597227909
2025-03-15 14:00:00,-5991.016579903306
2025-03-15 15:00:00,-2944.151119606013
2025-03-15 16:00:00,-16.919255505483306
2025-03-15 17:00:00,0.0
2025-03-15 18:00:00,0.0
2025-03-15 19:00:00,0.0
2025-03-15 20:00:00,0.0
2025-03-15 21:00:00,0.0
2025-03-15 22:00:00,0.0
2025-03-15 23:00:00,0.0
2025-03-16 00:00:00,0.0
2025-03-16 01:00:00,0.0
2025-03-16 02:00:00,0.0
2025-03-16 03:00:00,0.0
2025-03-16 04:00:00,0.0
2025-03-16 05:00:00,5559.697074144788
2025-03-16 06:00:00,0.0
2025-03-16 07:00:00,0.0
2025-03-16 08:00:00,-887.0864495491842
2025-03-16 09:00:00,-9128.872623325093
2025-03-16 10:00:00,-10508.713753904689
2025-03-16 11:00:00,-10234.769918032132
2025-03-16 12:00:00,-10096.815552206888
2025-03-16 13:00:00,-7434.730919357713
2025-03-16 14:00:00,-6073.335492849223
2025-03-16 15:00:00,-5363.511817458762
2025-03-16 16:00:00,-2666.812639592801
2025-03-16 17:00:00,0.0
2025-03-16 18:00:00,18013.685322265144
2025-03-16 19:00:00,0.0
2025-03-16 20:00:00,0.0
2025-03-16 21:00:00,0.0
2025-03-16 22:00:00,22105.1646579999
2025-03-16 23:00:00,0.0
2025-03-17 00:00:00,0.0
2025-03-17 01:00:00,0.0
2025-03-17 02:00:00,0.0
2025-03-17 03:00:00,0.0
2025-03-17 04:00:00,0.0
2025-03-17 05:00:00,0.0
2025-03-17 06:00:00,0.0
2025-03-17 07:00:00,0.0
2025-03-17 08:00:00,0.0
2025-03-17 09:00:00,0.0
2025-03-17 10:00:00,-1427.3657933686263
2025-03-17 11:00:00,-4159.2275030662495
2025-03-17 12:00:00,-2349.3901092886153
2025-03-17 13:00:00,-3401.7412423903806
2025-03-17 14:00:00,-4757.965445955
2025-03-17 15:00:00,-3121.520873925074
2025-03-17 16:00:00,0.0
2025-03-17 17:00:00,0.0
2025-03-17 18:00:00,0.0
2025-03-17 19:00:00,0.0
2025-03-17 20:00:00,0.0
2025-03-17 21:00:00,0.0
2025-03-17 22:00:00,0.0
2025-03-17 23:00:00,0.0
2025-03-18 00:00:00,0.0
2025-03-18 01:00:00,0.0
2025-03-18 02:00:00,0.0
2025-03-18 03:00:00,0.0
2025-03-18 04:00:00,0.0
2025-03-18 05:00:00,0.0
2025-03-18 06:00:00,0.0
2025-03-18 07:00:00,20110.346798848368
2025-03-18 08:00:00,0.0
2025-03-18 09:00:00,-4907.136207639738
2025-03-18 10:00:00,-5710.336852371242
2025-03-18 11:00:00,-6236.140255438804
2025-03-18 12:00:00,-6615.534663734281
2025-03-18 13:00:00,-6117.875452451295
2025-03-18 14:00:00,-4413.188873185529
2025-03-18 15:00:00,-3320.9308919944524
2025-03-18 16:00:00,-983.8720611753488
2025-03-18 17:00:00,-581.6193523109105
2025-03-18 18:00:00,15325.03052719047
2025-03-18 19:00:00,0.0
2025-03-18 20:00:00,24977.081808851377
2025-03-18 21:00:00,0.0
2025-03-18 22:00:00,0.0
2025-03-18 23:00:00,0.0
2025-03-19 00:00:00,0.0
2025-03-19 01:00:00,0.0
2025-03-19 02:00:00,0.0
2025-03-19 03:00:00,0.0
2025-03-19 04:00:00,0.0
2025-03-19 05:00:00,22748.286699
2025-03-19 06:00:00,24898.55080201037
2025-03-19 07:00:00,0.0
2025-03-19 08:00:00,0.0
2025-03-19 09:00:00,-7673.262271904379
2025-03-19 10:00:00,-8532.041611849058
2025-03-19 11:00:00,-9254.867149181438
2025-03-19 12:00:00,-8038.7120008212405
2025-03-19 13:00:00,-8699.732572319419
2025-03-19 14:00:00,-7744.346680199444
2025-03-19 15:00:00,-5075.881409084883
2025-03-19 16:00:00,-304.62949262162874
2025-03-19 17:00:00,0.0
2025-03-19 18:00:00,0.0
2025-03-19 19:00:00,0.0
2025-03-19 20:00:00,0.0
2025-03-19 21:00:00,5672.541366183342
2025-03-19 22:00:00,23280.669356
2025-03-19 23:00:00,0.0
2025-03-20 00:00:00,0.0
2025-03-20 01:00:00,0.0
2025-03-20 02:00:00,0.0
2025-03-20 03:00:00,20837.915147
2025-03-20 04:00:00,0.0
2025-03-20 05:00:00,0.0
2025-03-20 06:00:00,0.0
2025-03-20 07:00:00,0.0
2025-03-20 08:00:00,-139.70329717505228
2025-03-20 09:00:00,-9259.0899111638
2025-03-20 10:00:00,-10017.748203946383
2025-03-20 11:00:00,-7893.805159769294
2025-03-20 12:00:00,-7484.4130275914395
2025-03-20 13:00:00,-7438.87869355892
2025-03-20 14:00:00,-5626.084159388956
2025-03-20 15:00:00,-4746.2887481282705
2025-03-20 16:00:00,-2853.27012998188
2025-03-20 17:00:00,-529.3129717016054
2025-03-20 18:00:00,0.0
2025-03-20 19:00:00,0.0
2025-03-20 20:00:00,25089.93608230779
2025-03-20 21:00:00,0.0
2025-03-20 22:00:00,0.0
2025-03-20 23:00:00,0.0
2025-03-21 00:00:00,21437.64043331567
2025-03-21 01:00:00,0.0
2025-03-21 02:00:00,0.0
2025-03-21 03:00:00,0.0
2025-03-21 04:00:00,0.0
2025-03-21 05:00:00,0.0
2025-03-21 06:00:00,0.0
2025-03-21 07:00:00,0.0
2025-03-21 08:00:00,0.0
2025-03-21 09:00:00,-11211.47743902629
2025-03-21 10:00:00,-12375.597190456785
2025-03-21 11:00:00,-11998.998511170626
2025-03-21 12:00:00,-10885.835378459542
2025-03-21 13:00:00,-9716.734746091402
2025-03-21 14:00:00,-9610.341749747797
2025-03-21 15:00:00,-8893.673013292126
2025-03-21 16:00:00,-8101.7482363912895
2025-03-21 17:00:00,-4056.8534767003584
2025-03-21 18:00:00,0.0
2025-03-21 19:00:00,2637.9275779759882
2025-03-21 20:00:00,24183.440794
2025-03-21 21:00:00,0.0
2025-03-21 22:00:00,0.0
2025-03-21 23:00:00,0.0
2025-03-22 00:00:00,0.0
2025-03-22 01:00:00,20581.016761
2025-03-22 02:00:00,0.0
2025-03-22 03:00:00,0.0
2025-03-22 04:00:00,19610.580165
2025-03-22 05:00:00,0.0
2025-03-22 06:00:00,0.0
2025-03-22 07:00:00,0.0
2025-03-22 08:00:00,-5026.958029046149
2025-03-22 09:00:00,-10599.138174766598
2025-03-22 10:00:00,-9410.60028910335
2025-03-22 11:00:00,-8698.839875857262
2025-03-22 12:00:00,-8448.580459448447
2025-03-22 13:00:00,-8671.566517783533
2025-03-22 14:00:00,-7222.734709094315
2025-03-22 15:00:00,-6928.161668304099
2025-03-22 16:00:00,-6263.900716701486
2025-03-22 17:00:00,0.0
2025-03-22 18:00:00,0.0
2025-03-22 19:00:00,0.0
2025-03-22 20:00:00,0.0
2025-03-22 21:00:00,0.0
2025-03-22 22:00:00,22085.181807
2025-03-22 23:00:00,0.0
2025-03-23 00:00:00,0.0
2025-03-23 01:00:00,0.0
2025-03-23 02:00:00,19078.899488
2025-03-23 03:00:00,18614.860136
2025-03-23 04:00:00,0.0
2025-03-23 05:00:00,0.0
2025-03-23 06:00:00,19379.817790862904
2025-03-23 07:00:00,0.0
2025-03-23 08:00:00,-8939.36464498832
2025-03-23 09:00:00,-15112.565799300042
2025-03-23 10:00:00,-14328.396397336131
2025-03-23 11:00:00,-14476.451445203878
2025-03-23 12:00:00,-14448.294437336612
2025-03-23 13:00:00,-15056.62749338879
2025-03-23 14:00:00,-14067.550276004546
2025-03-23 15:00:00,-13551.677943807459
2025-03-23 16:00:00,-11471.145671389415
2025-03-23 17:00:00,-7003.847405531014
2025-03-23 18:00:00,0.0
2025-03-23 19:00:00,23342.208811490935
2025-03-23 20:00:00,23668.664447
2025-03-23 21:00:00,0.0
2025-03-23 22:00:00,0.0
2025-03-23 23:00:00,0.0
2025-03-24 00:00:00,9226.270788366652
2025-03-24 01:00:00,0.0
2025-03-24 02:00:00,19489.062196
2025-03-24 03:00:00,19211.815497
2025-03-24 04:00:00,0.0
2025-03-24 05:00:00,20672.307623
2025-03-24 06:00:00,0.0
2025-03-24 07:00:00,0.0
2025-03-24 08:00:00,-669.786497017303
2025-03-24 09:00:00,-14505.53156630752
2025-03-24 10:00:00,-14700.353433681816
2025-03-24 11:00:00,-15679.151303996827
2025-03-24 12:00:00,-15228.722773946673
2025-03-24 13:00:00,-16454.755936363945
2025-03-24 14:00:00,-16153.404006177974
2025-03-24 15:00:00,-16059.446899339171
2025-03-24 16:00:00,-13172.329745114544
2025-03-24 17:00:00,-6397.446372924092
2025-03-24 18:00:00,15969.457781912057
2025-03-24 19:00:00,26488.137052859423
2025-03-24 20:00:00,0.0
2025-03-24 21:00:00,24973.485371
2025-03-24 22:00:00,0.0
2025-03-24 23:00:00,0.0
2025-03-25 00:00:00,0.0
2025-03-25 01:00:00,0.0
2025-03-25 02:00:00,0.0
2025-03-25 03:00:00,0.0
2025-03-25 04:00:00,19515.536083
2025-03-25 05:00:00,0.0
2025-03-25 06:00:00,22621.19638499366
2025-03-25 07:00:00,6551.02300761775
2025-03-25 08:00:00,0.0
2025-03-25 09:00:00,0.0
2025-03-25 10:00:00,-8993.780594881073
2025-03-25 11:00:00,-19574.19221671377
2025-03-25 12:00:00,-20467.566110556643
2025-03-25 13:00:00,-20056.301461173247
2025-03-25 14:00:00,-19914.861219247214
2025-03-25 15:00:00,-19006.11305146324
2025-03-25 16:00:00,-15420.387326527227
2025-03-25 17:00:00,-5587.7265543074645
2025-03-25 18:00:00,0.0
2025-03-25 19:00:00,0.0
2025-03-25 20:00:00,0.0
2025-03-25 21:00:00,0.0
2025-03-25 22:00:00,0.0
2025-03-25 23:00:00,22800.540709
2025-03-26 00:00:00,0.0
2025-03-26 01:00:00,0.0
2025-03-26 02:00:00,20762.6568459999
2025-03-26 03:00:00,20480.387845
2025-03-26 04:00:00,0.0
2025-03-26 05:00:00,11788.538909373068
2025-03-26 06:00:00,22834.699706888827
2025-03-26 07:00:00,17452.01166512107
2025-03-26 08:00:00,0.0
2025-03-26 09:00:00,0.0
2025-03-26 10:00:00,-13935.362382393916
2025-03-26 11:00:00,-17430.54806040751
2025-03-26 12:00:00,-18008.283084102713
2025-03-26 13:00:00,-18538.086301124302
2025-03-26 14:00:00,-18695.842174383837
2025-03-26 15:00:00,-18550.365726670723
2025-03-26 16:00:00,-16036.47564044585
2025-03-26 17:00:00,-7825.9651653410365
2025-03-26 18:00:00,15823.186046131339
2025-03-26 19:00:00,25403.526138851925
2025-03-26 20:00:00,0.0
2025-03-26 21:00:00,0.0
2025-03-26 22:00:00,23386.526432
2025-03-26 23:00:00,0.0
2025-03-27 00:00:00,0.0
2025-03-27 01:00:00,0.0
2025-03-27 02:00:00,0.0
2025-03-27 03:00:00,0.0
2025-03-27 04:00:00,0.0
2025-03-27 05:00:00,20241.037106
2025-03-27 06:00:00,10490.265480302904
2025-03-27 07:00:00,0.0
2025-03-27 08:00:00,-3835.641825217368
2025-03-27 09:00:00,-11902.639320986003
2025-03-27 10:00:00,-13839.314875582066
2025-03-27 11:00:00,-13955.023832028284
2025-03-27 12:00:00,-12117.777372789016
2025-03-27 13:00:00,-11356.149259118676
2025-03-27 14:00:00,-10568.736798135193
2025-03-27 15:00:00,-8987.893113172919
2025-03-27 16:00:00,-7183.582153624877
2025-03-27 17:00:00,-2896.4426661070283
2025-03-27 18:00:00,0.0
2025-03-27 19:00:00,0.0
2025-03-27 20:00:00,0.0
2025-03-27 21:00:00,0.0
2025-03-27 22:00:00,0.0
2025-03-27 23:00:00,0.0
2025-03-28 00:00:00,0.0
2025-03-28 01:00:00,0.0
2025-03-28 02:00:00,20215.179071
2025-03-28 03:00:00,20240.068535
2025-03-28 04:00:00,0.0
2025-03-28 05:00:00,0.0
2025-03-28 06:00:00,0.0
2025-03-28 07:00:00,19620.970496285605
2025-03-28 08:00:00,0.0
2025-03-28 09:00:00,-3411.4315385909103
2025-03-28 10:00:00,-8384.965981877715
2025-03-28 11:00:00,-8799.535620130904
2025-03-28 12:00:00,-13148.845663823085
2025-03-28 13:00:00,-12998.40282899467
2025-03-28 14:00:00,-10096.760987712772
2025-03-28 15:00:00,-11388.972177648586
2025-03-28 16:00:00,-6853.078071779699
2025-03-28 17:00:00,-964.5384744266448
2025-03-28 18:00:00,0.0
2025-03-28 19:00:00,0.0
2025-03-28 20:00:00,19637.878470709315
2025-03-28 21:00:00,0.0
2025-03-28 22:00:00,0.0
2025-03-28 23:00:00,0.0
2025-03-29 00:00:00,21478.528511
2025-03-29 01:00:00,20850.53559
2025-03-29 02:00:00,0.0
2025-03-29 03:00:00,19721.715277
2025-03-29 04:00:00,0.0
2025-03-29 05:00:00,0.0
2025-03-29 06:00:00,20547.93268386952
2025-03-29 07:00:00,0.0
2025-03-29 08:00:00,-6654.644915039309
2025-03-29 09:00:00,-12076.9997973699
2025-03-29 10:00:00,-11100.277185538442
2025-03-29 11:00:00,-9948.900992814491
2025-03-29 12:00:00,-8292.900924388272
2025-03-29 13:00:00,-8828.776603973769
2025-03-29 14:00:00,-9265.294030223642
2025-03-29 15:00:00,-8609.902606607422
2025-03-29 16:00:00,-8828.150901647248
2025-03-29 17:00:00,-2110.0431371712148
2025-03-29 18:00:00,0.0
2025-03-29 19:00:00,0.0
2025-03-29 20:00:00,0.0
2025-03-29 21:00:00,22861.190848
2025-03-29 22:00:00,0.0
2025-03-29 23:00:00,21185.450853
2025-03-30 00:00:00,0.0
2025-03-30 01:00:00,0.0
2025-03-30 02:00:00,0.0
2025-03-30 03:00:00,0.0
2025-03-30 04:00:00,0.0
2025-03-30 05:00:00,0.0
2025-03-30 06:00:00,0.0
2025-03-30 07:00:00,0.0
2025-03-30 08:00:00,-946.6164663990785
2025-03-30 09:00:00,-9628.873695251896
2025-03-30 10:00:00,-11428.163279762703
2025-03-30 11:00:00,-11425.039478348677
2025-03-30 12:00:00,-8342.945859137431
2025-03-30 13:00:00,-7654.19927614864
2025-03-30 14:00:00,-7301.386498848904
2025-03-30 15:00:00,-7561.971282322098
2025-03-30 16:00:00,-7676.602218517106
2025-03-30 17:00:00,-4855.235554466206
2025-03-30 18:00:00,0.0
2025-03-30 19:00:00,0.0
2025-03-30 20:00:00,0.0
2025-03-30 21:00:00,11451.04120767712
2025-03-30 22:00:00,22294.254948
2025-03-30 23:00:00,21562.579793
2025-03-31 00:00:00,0.0
2025-03-31 01:00:00,20314.494495
2025-03-31 02:00:00,19728.329678
2025-03-31 03:00:00,0.0
2025-03-31 04:00:00,0.0
2025-03-31 05:00:00,0.0
2025-03-31 06:00:00,0.0
2025-03-31 07:00:00,0.0
2025-03-31 08:00:00,5082.377541969214
2025-03-31 09:00:00,-4475.865966197336
2025-03-31 10:00:00,-8040.2077439063
2025-03-31 11:00:00,-9558.997821947945
2025-03-31 12:00:00,-11390.591653893145
2025-03-31 13:00:00,-11669.653461306225
2025-03-31 14:00:00,-10330.682451137007
2025-03-31 15:00:00,-6951.210374688224
2025-03-31 16:00:00,-656.7782792637263
2025-03-31 17:00:00,0.0
2025-03-31 18:00:00,0.0
2025-03-31 19:00:00,0.0
2025-03-31 20:00:00,0.0
2025-03-31 21:00:00,0.0
2025-03-31 22:00:00,0.0
2025-03-31 23:00:00,0.0
2025-04-01 00:00:00,0.0
2025-04-01 01:00:00,21094.1798529999
2025-04-01 02:00:00,20642.556684
2025-04-01 03:00:00,0.0
2025-04-01 04:00:00,0.0
2025-04-01 05:00:00,0.0
2025-04-01 06:00:00,0.0
2025-04-01 07:00:00,0.0
2025-04-01 08:00:00,-2496.2652843628202
2025-04-01 09:00:00,-5126.157545384976
2025-04-01 10:00:00,-6727.362160100878
2025-04-01 11:00:00,-8364.173030740782
2025-04-01 12:00:00,-9486.553556226107
2025-04-01 13:00:00,-9215.775350451575
2025-04-01 14:00:00,-9975.265034301483
2025-04-01 15:00:00,-10360.367099536452
2025-04-01 16:00:00,-8566.901532595537
2025-04-01 17:00:00,476.8367801172426
2025-04-01 18:00:00,0.0
2025-04-01 19:00:00,25782.018232055867
2025-04-01 20:00:00,0.0
2025-04-01 21:00:00,25344.51944
2025-04-01 22:00:00,0.0
2025-04-01 23:00:00,0.0
2025-04-02 00:00:00,0.0
2025-04-02 01:00:00,21339.871458
2025-04-02 02:00:00,0.0
2025-04-02 03:00:00,0.0
2025-04-02 04:00:00,21059.303082
2025-04-02 05:00:00,0.0
2025-04-02 06:00:00,0.0
2025-04-02 07:00:00,0.0
2025-04-02 08:00:00,0.0
2025-04-02 09:00:00,-5815.875754251887
2025-04-02 10:00:00,-11373.699058001697
2025-04-02 11:00:00,-12945.364619458069
2025-04-02 12:00:00,-13149.788491842832
2025-04-02 13:00:00,-11885.444520369481
2025-04-02 14:00:00,-9288.84565449716
2025-04-02 15:00:00,-9523.129261561287
2025-04-02 16:00:00,-9571.577196606177
2025-04-02 17:00:00,-4590.428916164139
2025-04-02 18:00:00,14820.67516508127
2025-04-02 19:00:00,0.0
2025-04-02 20:00:00,25313.876316781396
2025-04-02 21:00:00,0.0
2025-04-02 22:00:00,0.0
2025-04-02 23:00:00,22352.023049
2025-04-03 00:00:00,0.0
2025-04-03 01:00:00,0.0
2025-04-03 02:00:00,16843.163594614776
2025-04-03 03:00:00,0.0
2025-04-03 04:00:00,0.0
2025-04-03 05:00:00,0.0
2025-04-03 06:00:00,0.0
2025-04-03 07:00:00,0.0
2025-04-03 08:00:00,-1729.583028020067
2025-04-03 09:00:00,-14831.278021409085
2025-04-03 10:00:00,-17091.07114557743
2025-04-03 11:00:00,-17352.33898042449
2025-04-03 12:00:00,-17272.04695637621
2025-04-03 13:00:00,-16141.511555120851
2025-04-03 14:00:00,-15680.69984213429
2025-04-03 15:00:00,-12380.874036788078
2025-04-03 16:00:00,-11457.320009640884
2025-04-03 17:00:00,-5084.204959378505
2025-04-03 18:00:00,0.0
2025-04-03 19:00:00,0.0
2025-04-03 20:00:00,0.0
2025-04-03 21:00:00,0.0
2025-04-03 22:00:00,0.0
2025-04-03 23:00:00,23134.738643
2025-04-04 00:00:00,22358.14788
2025-04-04 01:00:00,0.0
2025-04-04 02:00:00,14863.204424661604
2025-04-04 03:00:00,0.0
2025-04-04 04:00:00,21740.99033
2025-04-04 05:00:00,22655.656714
2025-04-04 06:00:00,0.0
2025-04-04 07:00:00,11366.09768972129
2025-04-04 08:00:00,0.0
2025-04-04 09:00:00,0.0
2025-04-04 10:00:00,-5600.836271151584
2025-04-04 11:00:00,-19974.531645225936
2025-04-04 12:00:00,-20946.476049268844
2025-04-04 13:00:00,-20405.73733927164
2025-04-04 14:00:00,-18886.96463395164
2025-04-04 15:00:00,-17652.872348552803
2025-04-04 16:00:00,-14911.720955915134
2025-04-04 17:00:00,-10641.7892915323
2025-04-04 18:00:00,2633.5378708685184
2025-04-04 19:00:00,23998.45290032587
2025-04-04 20:00:00,24515.88506032863
2025-04-04 21:00:00,24103.6630869999
2025-04-04 22:00:00,0.0
2025-04-04 23:00:00,0.0
2025-04-05 00:00:00,0.0
2025-04-05 01:00:00,0.0
2025-04-05 02:00:00,0.0
2025-04-05 03:00:00,19995.854471
2025-04-05 04:00:00,0.0
2025-04-05 05:00:00,0.0
2025-04-05 06:00:00,20871.442291859974
2025-04-05 07:00:00,0.0
2025-04-05 08:00:00,-11939.395309185697
2025-04-05 09:00:00,-12177.25537769654
2025-04-05 10:00:00,-11583.27018889147
2025-04-05 11:00:00,-11390.35320785013
2025-04-05 12:00:00,-11132.488773836652
2025-04-05 13:00:00,-10456.17962065071
2025-04-05 14:00:00,-9488.357926992634
2025-04-05 15:00:00,-9973.792395806926
2025-04-05 16:00:00,-9815.658855323854
2025-04-05 17:00:00,-7991.319703637015
2025-04-05 18:00:00,10534.800546137963
2025-04-05 19:00:00,0.0
2025-04-05 20:00:00,0.0
2025-04-05 21:00:00,17659.359482710497
2025-04-05 22:00:00,0.0
2025-04-05 23:00:00,0.0
2025-04-06 00:00:00,20550.484966
2025-04-06 01:00:00,19847.3545749999
2025-04-06 02:00:00,0.0
2025-04-06 03:00:00,0.0
2025-04-06 04:00:00,0.0
2025-04-06 05:00:00,19428.324538
2025-04-06 06:00:00,0.0
2025-04-06 07:00:00,5389.637948410849
2025-04-06 08:00:00,-12755.384468570915
2025-04-06 09:00:00,-15070.516982866713
2025-04-06 10:00:00,-14821.51628745029
2025-04-06 11:00:00,-14204.264548328381
2025-04-06 12:00:00,-13918.047665007387
2025-04-06 13:00:00,-13246.211309625276
2025-04-06 14:00:00,-12839.596574163501
2025-04-06 15:00:00,-11955.362172011333
2025-04-06 16:00:00,-10907.39246899875
2025-04-06 17:00:00,-7143.411427152634
2025-04-06 18:00:00,0.0
2025-04-06 19:00:00,23785.065619686316
2025-04-06 20:00:00,24154.371312
2025-04-06 21:00:00,0.0
2025-04-06 22:00:00,0.0
2025-04-06 23:00:00,0.0
2025-04-07 00:00:00,0.0
2025-04-07 01:00:00,19754.354262
2025-04-07 02:00:00,18987.876029
2025-04-07 03:00:00,0.0
2025-04-07 04:00:00,0.0
2025-04-07 05:00:00,0.0
2025-04-07 06:00:00,22096.0283608758
2025-04-07 07:00:00,7341.140097820772
2025-04-07 08:00:00,0.0
2025-04-07 09:00:00,0.0
2025-04-07 10:00:00,-15763.32391080512
2025-04-07 11:00:00,-19692.075430595556
2025-04-07 12:00:00,-20311.653229849075
2025-04-07 13:00:00,-20181.640238064418
2025-04-07 14:00:00,-19314.637061585934
2025-04-07 15:00:00,-16603.274139334262
2025-04-07 16:00:00,-12970.848309644076
2025-04-07 17:00:00,-4183.476214991424
2025-04-07 18:00:00,0.0
2025-04-07 19:00:00,0.0
2025-04-07 20:00:00,0.0
2025-04-07 21:00:00,0.0
2025-04-07 22:00:00,23696.014557
2025-04-07 23:00:00,0.0
2025-04-08 00:00:00,20126.347423966614
2025-04-08 01:00:00,0.0
2025-04-08 02:00:00,20517.744904
2025-04-08 03:00:00,0.0
2025-04-08 04:00:00,20154.007405
2025-04-08 05:00:00,21374.950554
2025-04-08 06:00:00,0.0
2025-04-08 07:00:00,10249.770837416265
2025-04-08 08:00:00,-7605.490870787242
2025-04-08 09:00:00,-12072.786021366806
2025-04-08 10:00:00,-13891.083527443265
2025-04-08 11:00:00,-15970.864623678375
2025-04-08 12:00:00,-16305.249235670908
2025-04-08 13:00:00,-15292.325699554924
2025-04-08 14:00:00,-14216.590280260414
2025-04-08 15:00:00,-14694.65892120059
2025-04-08 16:00:00,-11392.225872156534
2025-04-08 17:00:00,-6999.9430361056875
2025-04-08 18:00:00,0.0
2025-04-08 19:00:00,2891.871753117481
2025-04-08 20:00:00,26346.070964
2025-04-08 21:00:00,0.0
2025-04-08 22:00:00,0.0
2025-04-08 23:00:00,0.0
2025-04-09 00:00:00,21984.13169
2025-04-09 01:00:00,21377.728026
2025-04-09 02:00:00,20681.898469
2025-04-09 03:00:00,0.0
2025-04-09 04:00:00,0.0
2025-04-09 05:00:00,0.0
2025-04-09 06:00:00,22315.395377284774
2025-04-09 07:00:00,0.0
2025-04-09 08:00:00,0.0
2025-04-09 09:00:00,0.0
2025-04-09 10:00:00,-7339.782167197543
2025-04-09 11:00:00,-19177.56496595214
2025-04-09 12:00:00,-20274.03602476321
2025-04-09 13:00:00,-19883.005420121433
2025-04-09 14:00:00,-19301.498995563772
2025-04-09 15:00:00,-18449.00937013631
2025-04-09 16:00:00,-16150.20024759147
2025-04-09 17:00:00,-8445.831343544007
2025-04-09 18:00:00,13733.63094447673
2025-04-09 19:00:00,0.0
2025-04-09 20:00:00,13786.635630906154
2025-04-09 21:00:00,0.0
2025-04-09 22:00:00,24926.612825
2025-04-09 23:00:00,23278.008259
2025-04-10 00:00:00,0.0
2025-04-10 01:00:00,0.0
2025-04-10 02:00:00,0.0
2025-04-10 03:00:00,20270.016638
2025-04-10 04:00:00,20123.931384
2025-04-10 05:00:00,0.0
2025-04-10 06:00:00,0.0
2025-04-10 07:00:00,0.0
2025-04-10 08:00:00,-3329.5337751325405
2025-04-10 09:00:00,-17120.250375949425
2025-04-10 10:00:00,-19179.986655233846
2025-04-10 11:00:00,-17377.924767788216
2025-04-10 12:00:00,-18600.84643567366
2025-04-10 13:00:00,-17530.227578338898
2025-04-10 14:00:00,-14247.706479768553
2025-04-10 15:00:00,-11289.590253905142
2025-04-10 16:00:00,-8955.868452211696
2025-04-10 17:00:00,-1388.9937608679065
2025-04-10 18:00:00,0.0
2025-04-10 19:00:00,0.0
2025-04-10 20:00:00,0.0
2025-04-10 21:00:00,26749.980975
2025-04-10 22:00:00,24981.005975
2025-04-10 23:00:00,12920.458844906969
2025-04-11 00:00:00,0.0
2025-04-11 01:00:00,0.0
2025-04-11 02:00:00,21626.64331
2025-04-11 03:00:00,21245.808188
2025-04-11 04:00:00,0.0
2025-04-11 05:00:00,0.0
2025-04-11 06:00:00,0.0
2025-04-11 07:00:00,8594.938388475919
2025-04-11 08:00:00,0.0
2025-04-11 09:00:00,0.0
2025-04-11 10:00:00,-299.7679955128194
2025-04-11 11:00:00,-21598.26185969444
2025-04-11 12:00:00,-22234.605681573103
2025-04-11 13:00:00,-21001.6019517364
2025-04-11 14:00:00,-20720.67081788754
2025-04-11 15:00:00,-20429.25718861229
2025-04-11 16:00:00,-15752.495861529402
2025-04-11 17:00:00,-6984.267178323862
2025-04-11 18:00:00,0.0
2025-04-11 19:00:00,0.0
2025-04-11 20:00:00,0.0
2025-04-11 21:00:00,26536.048347
2025-04-11 22:00:00,22311.611682382892
2025-04-11 23:00:00,24041.420687
2025-04-12 00:00:00,23060.689755
2025-04-12 01:00:00,0.0
2025-04-12 02:00:00,0.0
2025-04-12 03:00:00,0.0
2025-04-12 04:00:00,20169.06521
2025-04-12 05:00:00,0.0
2025-04-12 06:00:00,0.0
2025-04-12 07:00:00,0.0
2025-04-12 08:00:00,-8382.993010589493
2025-04-12 09:00:00,-13719.241887266271
2025-04-12 10:00:00,-14318.789591232784
2025-04-12 11:00:00,-12646.815760358328
2025-04-12 12:00:00,-13486.073384937448
2025-04-12 13:00:00,-13902.141837125222
2025-04-12 14:00:00,-13150.085094857517
2025-04-12 15:00:00,-12070.768498289413
2025-04-12 16:00:00,-12185.163222082403
2025-04-12 17:00:00,-6788.63559994354
2025-04-12 18:00:00,11344.853145981499
2025-04-12 19:00:00,0.0
2025-04-12 20:00:00,25013.333977
2025-04-12 21:00:00,0.0
2025-04-12 22:00:00,23394.039571
2025-04-12 23:00:00,0.0
2025-04-13 00:00:00,10022.861080891344
2025-04-13 01:00:00,0.0
2025-04-13 02:00:00,19999.444015
2025-04-13 03:00:00,0.0
2025-04-13 04:00:00,0.0
2025-04-13 05:00:00,0.0
2025-04-13 06:00:00,18811.105308141334
2025-04-13 07:00:00,0.0
2025-04-13 08:00:00,0.0
2025-04-13 09:00:00,-2838.03772993687
2025-04-13 10:00:00,-20317.284593276276
2025-04-13 11:00:00,-18496.759634713508
2025-04-13 12:00:00,-16891.565724910295
2025-04-13 13:00:00,-15321.825257501936
2025-04-13 14:00:00,-15602.160169943556
2025-04-13 15:00:00,-16437.15633913085
2025-04-13 16:00:00,-14954.13909657915
2025-04-13 17:00:00,-8161.9999888774255
2025-04-13 18:00:00,0.0
2025-04-13 19:00:00,24013.997122329383
2025-04-13 20:00:00,0.0
2025-04-13 21:00:00,0.0
2025-04-13 22:00:00,0.0
2025-04-13 23:00:00,21687.751918
2025-04-14 00:00:00,0.0
2025-04-14 01:00:00,20451.094167
2025-04-14 02:00:00,0.0
2025-04-14 03:00:00,19794.097024
2025-04-14 04:00:00,0.0
2025-04-14 05:00:00,20977.791132
2025-04-14 06:00:00,0.0
2025-04-14 07:00:00,0.0
2025-04-14 08:00:00,-4462.59683291271
2025-04-14 09:00:00,-11300.262563033775
2025-04-14 10:00:00,-15970.387004797456
2025-04-14 11:00:00,-15163.380338990202
2025-04-14 12:00:00,-15175.433588787073
2025-04-14 13:00:00,-15902.897254688021
2025-04-14 14:00:00,-14804.702966208573
2025-04-14 15:00:00,-11383.006484610174
2025-04-14 16:00:00,-8720.461967940704
2025-04-14 17:00:00,-1876.44977591934
2025-04-14 18:00:00,14478.183048373077
2025-04-14 19:00:00,0.0
2025-04-14 20:00:00,0.0
2025-04-14 21:00:00,25481.395341
2025-04-14 22:00:00,24237.049727
2025-04-14 23:00:00,0.0
2025-04-15 00:00:00,0.0
2025-04-15 01:00:00,0.0
2025-04-15 02:00:00,5990.680959984002
2025-04-15 03:00:00,20511.616476
2025-04-15 04:00:00,0.0
2025-04-15 05:00:00,0.0
2025-04-15 06:00:00,21778.799665795654
2025-04-15 07:00:00,0.0
2025-04-15 08:00:00,0.0
2025-04-15 09:00:00,0.0
2025-04-15 10:00:00,-17465.445600725445
2025-04-15 11:00:00,-19859.838100961
2025-04-15 12:00:00,-20951.805498416077
2025-04-15 13:00:00,-20170.958051047026
2025-04-15 14:00:00,-19986.348953700795
2025-04-15 15:00:00,-16507.952110863516
2025-04-15 16:00:00,-11044.278224913221
2025-04-15 17:00:00,-3034.3019942428073
2025-04-15 18:00:00,15570.588531994721
2025-04-15 19:00:00,0.0
2025-04-15 20:00:00,0.0
2025-04-15 21:00:00,25822.705895
2025-04-15 22:00:00,0.0
2025-04-15 23:00:00,1979.1597738232106
2025-04-16 00:00:00,0.0
2025-04-16 01:00:00,0.0
2025-04-16 02:00:00,0.0
2025-04-16 03:00:00,0.0
2025-04-16 04:00:00,21172.583359
2025-04-16 05:00:00,21721.936604
2025-04-16 06:00:00,21682.085934401068
2025-04-16 07:00:00,8169.775583163875
2025-04-16 08:00:00,0.0
2025-04-16 09:00:00,-4019.37320862499
2025-04-16 10:00:00,-17208.5084017346
2025-04-16 11:00:00,-19256.44704784757
2025-04-16 12:00:00,-19925.501731608838
2025-04-16 13:00:00,-18738.83457843757
2025-04-16 14:00:00,-18042.472143324867
2025-04-16 15:00:00,-16328.516263208145
2025-04-16 16:00:00,-11871.306792951906
2025-04-16 17:00:00,-3629.968367131394
2025-04-16 18:00:00,0.0
2025-04-16 19:00:00,0.0
2025-04-16 20:00:00,0.0
2025-04-16 21:00:00,25576.152769402364
2025-04-16 22:00:00,24454.63561671544
2025-04-16 23:00:00,15671.640115903205
2025-04-17 00:00:00,22228.402994254895
2025-04-17 01:00:00,0.0
2025-04-17 02:00:00,0.0
2025-04-17 03:00:00,0.0
2025-04-17 04:00:00,0.0
2025-04-17 05:00:00,0.0
2025-04-17 06:00:00,21642.499758944556
2025-04-17 07:00:00,0.0
2025-04-17 08:00:00,-1254.3515708550804
2025-04-17 09:00:00,-6910.3974963943
2025-04-17 10:00:00,-11147.287279577518
2025-04-17 11:00:00,-14246.324357052374
2025-04-17 12:00:00,-13760.973949765423
2025-04-17 13:00:00,-13460.822724047492
2025-04-17 14:00:00,-11536.73703289447
2025-04-17 15:00:00,-10680.190758642584
2025-04-17 16:00:00,-9835.748783282339
2025-04-17 17:00:00,-1307.0106294246289
2025-04-17 18:00:00,14980.43950470129
2025-04-17 19:00:00,0.0
2025-04-17 20:00:00,0.0
2025-04-17 21:00:00,0.0
2025-04-17 22:00:00,24172.530849
2025-04-17 23:00:00,22829.714067
2025-04-18 00:00:00,0.0
2025-04-18 01:00:00,0.0
2025-04-18 02:00:00,0.0
2025-04-18 03:00:00,0.0
2025-04-18 04:00:00,0.0
2025-04-18 05:00:00,0.0
2025-04-18 06:00:00,21340.074626039295
2025-04-18 07:00:00,7948.605503164417
2025-04-18 08:00:00,-4543.376661277286
2025-04-18 09:00:00,-8453.3938807138
2025-04-18 10:00:00,-13811.874916159752
2025-04-18 11:00:00,-16821.667901511224
2025-04-18 12:00:00,-18871.02662769234
2025-04-18 13:00:00,-19043.47464506237
2025-04-18 14:00:00,-17812.47357433781
2025-04-18 15:00:00,-15115.780952535559
2025-04-18 16:00:00,-9622.94136793453
2025-04-18 17:00:00,-4924.918007645214
2025-04-18 18:00:00,0.0
2025-04-18 19:00:00,0.0
2025-04-18 20:00:00,25317.66200677362
2025-04-18 21:00:00,25091.260663323446
2025-04-18 22:00:00,0.0
2025-04-18 23:00:00,3625.6520962110426
2025-04-19 00:00:00,0.0
2025-04-19 01:00:00,0.0
2025-04-19 02:00:00,20692.396584252303
2025-04-19 03:00:00,20380.95113417339
2025-04-19 04:00:00,0.0
2025-04-19 05:00:00,20594.823339862905
2025-04-19 06:00:00,0.0
2025-04-19 07:00:00,416.0898567861841
2025-04-19 08:00:00,0.0
2025-04-19 09:00:00,-14659.275529363393
2025-04-19 10:00:00,-16857.95520191698
2025-04-19 11:00:00,-15805.62677628834
2025-04-19 12:00:00,-15095.814901321402
2025-04-19 13:00:00,-14375.135376877053
2025-04-19 14:00:00,-13108.184706132946
2025-04-19 15:00:00,-13811.038295767925
2025-04-19 16:00:00,-14769.418420745067
2025-04-19 17:00:00,-10538.479326456763
2025-04-19 18:00:00,5309.9850976057605
2025-04-19 19:00:00,0.0
2025-04-19 20:00:00,23852.114606697294
2025-04-19 21:00:00,0.0
2025-04-19 22:00:00,22395.31174809447
2025-04-19 23:00:00,0.0
2025-04-20 00:00:00,0.0
2025-04-20 01:00:00,20698.099874710253
2025-04-20 02:00:00,20001.81143309188
2025-04-20 03:00:00,6642.568009944141
2025-04-20 04:00:00,0.0
2025-04-20 05:00:00,0.0
2025-04-20 06:00:00,17218.944911239083
2025-04-20 07:00:00,0.0
2025-04-20 08:00:00,0.0
2025-04-20 09:00:00,-12918.492863629483
2025-04-20 10:00:00,-17079.470716554588
2025-04-20 11:00:00,-18259.632665433313
2025-04-20 12:00:00,-16044.143583724162
2025-04-20 13:00:00,-12026.422855686451
2025-04-20 14:00:00,-12549.73484733144
2025-04-20 15:00:00,-14108.197446988892
2025-04-20 16:00:00,-14236.432811339004
2025-04-20 17:00:00,-11798.400744182545
2025-04-20 18:00:00,0.0
2025-04-20 19:00:00,22231.734477294252
2025-04-20 20:00:00,23748.21472908151
2025-04-20 21:00:00,9453.96344216362
2025-04-20 22:00:00,0.0
2025-04-20 23:00:00,0.0
2025-04-21 00:00:00,20579.098054641705
2025-04-21 01:00:00,0.0
2025-04-21 02:00:00,20051.225382794357
2025-04-21 03:00:00,0.0
2025-04-21 04:00:00,20054.599595407446
2025-04-21 05:00:00,0.0
2025-04-21 06:00:00,0.0
2025-04-21 07:00:00,0.0
2025-04-21 08:00:00,0.0
2025-04-21 09:00:00,0.0
2025-04-21 10:00:00,0.0
2025-04-21 11:00:00,-16555.684967492594
2025-04-21 12:00:00,-23788.682110680795
2025-04-21 13:00:00,-21794.358763538934
2025-04-21 14:00:00,-20621.309339485026
2025-04-21 15:00:00,-19750.42403228405
2025-04-21 16:00:00,-15789.79085787529
2025-04-21 17:00:00,-10720.678463513188
2025-04-21 18:00:00,9347.495524900754
2025-04-21 19:00:00,25823.754460709577
2025-04-21 20:00:00,27041.530564
2025-04-21 21:00:00,26234.011814
2025-04-21 22:00:00,0.0
2025-04-21 23:00:00,0.0
2025-04-22 00:00:00,22229.202031
2025-04-22 01:00:00,0.0
2025-04-22 02:00:00,0.0
2025-04-22 03:00:00,0.0
2025-04-22 04:00:00,0.0
2025-04-22 05:00:00,0.0
2025-04-22 06:00:00,5442.841286772542
2025-04-22 07:00:00,0.0
2025-04-22 08:00:00,0.0
2025-04-22 09:00:00,0.0
2025-04-22 10:00:00,0.0
2025-04-22 11:00:00,-9169.673545219102
2025-04-22 12:00:00,-24113.904257561786
2025-04-22 13:00:00,-22894.924518306
2025-04-22 14:00:00,-22405.4275753601
2025-04-22 15:00:00,-20535.87246567017
2025-04-22 16:00:00,-18684.9001255367
2025-04-22 17:00:00,-11216.226047216012
2025-04-22 18:00:00,10325.582638448126
2025-04-22 19:00:00,0.0
2025-04-22 20:00:00,26974.422056
2025-04-22 21:00:00,26132.85481
2025-04-22 22:00:00,8194.484872047999
2025-04-22 23:00:00,0.0
2025-04-23 00:00:00,0.0
2025-04-23 01:00:00,21678.43276
2025-04-23 02:00:00,0.0
2025-04-23 03:00:00,0.0
2025-04-23 04:00:00,21073.113815
2025-04-23 05:00:00,0.0
2025-04-23 06:00:00,0.0
2025-04-23 07:00:00,1739.9447298867635
2025-04-23 08:00:00,0.0
2025-04-23 09:00:00,0.0
2025-04-23 10:00:00,-7116.218051745282
2025-04-23 11:00:00,-21077.777538108465
2025-04-23 12:00:00,-20565.841187747723
2025-04-23 13:00:00,-20906.64618579239
2025-04-23 14:00:00,-18777.98397654556
2025-04-23 15:00:00,-16353.778528371236
2025-04-23 16:00:00,-14564.37195094829
2025-04-23 17:00:00,-9658.311115610944
2025-04-23 18:00:00,0.0
2025-04-23 19:00:00,25359.595776300775
2025-04-23 20:00:00,1043.6643224864142
2025-04-23 21:00:00,25758.482993
2025-04-23 22:00:00,0.0
2025-04-23 23:00:00,0.0
2025-04-24 00:00:00,0.0
2025-04-24 01:00:00,0.0
2025-04-24 02:00:00,21271.8849429999
2025-04-24 03:00:00,20869.021855
2025-04-24 04:00:00,0.0
2025-04-24 05:00:00,0.0
2025-04-24 06:00:00,20551.69153843116
2025-04-24 07:00:00,1264.4942531646448
2025-04-24 08:00:00,0.0
2025-04-24 09:00:00,0.0
2025-04-24 10:00:00,0.0
2025-04-24 11:00:00,-17694.177128250332
2025-04-24 12:00:00,-23851.680626061403
2025-04-24 13:00:00,-22807.655668132957
2025-04-24 14:00:00,-21844.70317256513
2025-04-24 15:00:00,-19718.333637434996
2025-04-24 16:00:00,-15926.060878973036
2025-04-24 17:00:00,-7178.317423452023
2025-04-24 18:00:00,0.0
2025-04-24 19:00:00,24903.284015702313
2025-04-24 20:00:00,25894.343434
2025-04-24 21:00:00,25404.720722
2025-04-24 22:00:00,0.0
2025-04-24 23:00:00,0.0
2025-04-25 00:00:00,0.0
2025-04-25 01:00:00,0.0
2025-04-25 02:00:00,0.0
2025-04-25 03:00:00,0.0
2025-04-25 04:00:00,17927.869074680573
2025-04-25 05:00:00,21988.618435
2025-04-25 06:00:00,0.0
2025-04-25 07:00:00,0.0
2025-04-25 08:00:00,0.0
2025-04-25 09:00:00,-1321.5360298253308
2025-04-25 10:00:00,-12675.358182147855
2025-04-25 11:00:00,-18288.874226029515
2025-04-25 12:00:00,-19869.617458612527
2025-04-25 13:00:00,-19910.4075124255
2025-04-25 14:00:00,-19295.74628447563
2025-04-25 15:00:00,-17235.608425188762
2025-04-25 16:00:00,-14207.686311577705
2025-04-25 17:00:00,-6216.09410458706
2025-04-25 18:00:00,11491.11643946339
2025-04-25 19:00:00,23915.982200116843
2025-04-25 20:00:00,0.0
2025-04-25 21:00:00,25020.939339
2025-04-25 22:00:00,0.0
2025-04-25 23:00:00,0.0
2025-04-26 00:00:00,3138.220808012013
2025-04-26 01:00:00,0.0
2025-04-26 02:00:00,0.0
2025-04-26 03:00:00,0.0
2025-04-26 04:00:00,0.0
2025-04-26 05:00:00,20522.883528
2025-04-26 06:00:00,0.0
2025-04-26 07:00:00,0.0
2025-04-26 08:00:00,-5568.80361136073
2025-04-26 09:00:00,-6783.946077731951
2025-04-26 10:00:00,-9222.888078473505
2025-04-26 11:00:00,-11339.12675157806
2025-04-26 12:00:00,-13136.029617427586
2025-04-26 13:00:00,-13983.241387594451
2025-04-26 14:00:00,-12312.612811872197
2025-04-26 15:00:00,-10208.892489394515
2025-04-26 16:00:00,-8717.777199062955
2025-04-26 17:00:00,-2159.0623250509925
2025-04-26 18:00:00,12268.824125168994
2025-04-26 19:00:00,0.0
2025-04-26 20:00:00,23650.245881
2025-04-26 21:00:00,0.0
2025-04-26 22:00:00,0.0
2025-04-26 23:00:00,22239.8083019999
2025-04-27 00:00:00,0.0
2025-04-27 01:00:00,0.0
2025-04-27 02:00:00,20517.809778
2025-04-27 03:00:00,0.0
2025-04-27 04:00:00,20044.143674
2025-04-27 05:00:00,0.0
2025-04-27 06:00:00,0.0
2025-04-27 07:00:00,0.0
2025-04-27 08:00:00,-5097.777514058544
2025-04-27 09:00:00,-9108.124808940807
2025-04-27 10:00:00,-8988.614079863593
2025-04-27 11:00:00,-11176.110731581146
2025-04-27 12:00:00,-11641.474277631482
2025-04-27 13:00:00,-10611.073288248619
2025-04-27 14:00:00,-11536.58211876469
2025-04-27 15:00:00,-11310.2003642142
2025-04-27 16:00:00,-5410.368361388544
2025-04-27 17:00:00,-1155.7042300317225
2025-04-27 18:00:00,0.0
2025-04-27 19:00:00,0.0
2025-04-27 20:00:00,24130.2064469999
2025-04-27 21:00:00,0.0
2025-04-27 22:00:00,0.0
2025-04-27 23:00:00,21487.856851
2025-04-28 00:00:00,0.0
2025-04-28 01:00:00,20967.561029
2025-04-28 02:00:00,6582.8917084650975
2025-04-28 03:00:00,0.0
2025-04-28 04:00:00,0.0
2025-04-28 05:00:00,21661.914683
2025-04-28 06:00:00,0.0
2025-04-28 07:00:00,0.0
2025-04-28 08:00:00,0.0
2025-04-28 09:00:00,-6596.273980313088
2025-04-28 10:00:00,-16946.077091855583
2025-04-28 11:00:00,-18265.788520404436
2025-04-28 12:00:00,-19048.670576911525
2025-04-28 13:00:00,-17600.216293760364
2025-04-28 14:00:00,-16832.667669943916
2025-04-28 15:00:00,-14547.548085701099
2025-04-28 16:00:00,-10642.850040581307
2025-04-28 17:00:00,-8540.836275398582
2025-04-28 18:00:00,6695.460139520223
2025-04-28 19:00:00,23711.23420886267
2025-04-28 20:00:00,0.0
2025-04-28 21:00:00,0.0
2025-04-28 22:00:00,0.0
2025-04-28 23:00:00,22551.064848
2025-04-29 00:00:00,0.0
2025-04-29 01:00:00,0.0
2025-04-29 02:00:00,20546.747534
2025-04-29 03:00:00,20578.365635
2025-04-29 04:00:00,0.0
2025-04-29 05:00:00,22035.963316
2025-04-29 06:00:00,0.0
2025-04-29 07:00:00,0.0
2025-04-29 08:00:00,0.0
2025-04-29 09:00:00,-2096.470572039371
2025-04-29 10:00:00,-17213.585895523524
2025-04-29 11:00:00,-18726.235321302378
2025-04-29 12:00:00,-17928.692983450914
2025-04-29 13:00:00,-17492.05601040438
2025-04-29 14:00:00,-17385.52335267203
2025-04-29 15:00:00,-16204.363676553112
2025-04-29 16:00:00,-13818.12706795572
2025-04-29 17:00:00,-8155.873654968447
2025-04-29 18:00:00,6989.2093781304175
2025-04-29 19:00:00,0.0
2025-04-29 20:00:00,0.0
2025-04-29 21:00:00,0.0
2025-04-29 22:00:00,0.0
2025-04-29 23:00:00,0.0
2025-04-30 00:00:00,22562.215953
2025-04-30 01:00:00,21850.869268
2025-04-30 02:00:00,20334.982290870026
2025-04-30 03:00:00,0.0
2025-04-30 04:00:00,0.0
2025-04-30 05:00:00,21873.3384109999
2025-04-30 06:00:00,19649.2536413562
2025-04-30 07:00:00,2858.9667390263567
2025-04-30 08:00:00,0.0
2025-04-30 09:00:00,0.0
2025-04-30 10:00:00,-2392.550333302445
2025-04-30 11:00:00,-20409.2707064857
2025-04-30 12:00:00,-21415.345319488868
2025-04-30 13:00:00,-20206.76310255067
2025-04-30 14:00:00,-19817.027309549652
2025-04-30 15:00:00,-18306.400713953924
2025-04-30 16:00:00,-16842.18514012432
2025-04-30 17:00:00,-9631.385909414294
2025-04-30 18:00:00,0.0
2025-04-30 19:00:00,25272.808285414307
2025-04-30 20:00:00,0.0
2025-04-30 21:00:00,26253.341687093485
2025-04-30 22:00:00,20506.2559108752
2025-04-30 23:00:00,23358.4203749999
2025-05-01 00:00:00,0.0
2025-05-01 01:00:00,0.0
2025-05-01 02:00:00,0.0
2025-05-01 03:00:00,20728.009423
2025-05-01 04:00:00,0.0
2025-05-01 05:00:00,0.0
2025-05-01 06:00:00,0.0
2025-05-01 07:00:00,0.0
2025-05-01 08:00:00,0.0
2025-05-01 09:00:00,0.0
2025-05-01 10:00:00,-17395.516024182154
2025-05-01 11:00:00,-21382.11326609662
2025-05-01 12:00:00,-22239.57956072465
2025-05-01 13:00:00,-21822.7177087559
2025-05-01 14:00:00,-19710.30905415643
2025-05-01 15:00:00,-14842.600756923865
2025-05-01 16:00:00,-8885.383455240437
2025-05-01 17:00:00,-2742.708708789851
2025-05-01 18:00:00,6630.837336972597
2025-05-01 19:00:00,0.0
2025-05-01 20:00:00,0.0
2025-05-01 21:00:00,0.0
2025-05-01 22:00:00,0.0
2025-05-01 23:00:00,0.0
2025-05-02 00:00:00,22787.503061
2025-05-02 01:00:00,21867.2143159999
2025-05-02 02:00:00,21359.0653829999
2025-05-02 03:00:00,21111.137307
2025-05-02 04:00:00,0.0
2025-05-02 05:00:00,22207.0435349999
2025-05-02 06:00:00,0.0
2025-05-02 07:00:00,156.03474241057847
2025-05-02 08:00:00,0.0
2025-05-02 09:00:00,0.0
2025-05-02 10:00:00,0.0
2025-05-02 11:00:00,-2958.103272539475
2025-05-02 12:00:00,-24200.14979174416
2025-05-02 13:00:00,-23772.226047181575
2025-05-02 14:00:00,-24279.80197932004
2025-05-02 15:00:00,-23148.020219811762
2025-05-02 16:00:00,-18820.014846069473
2025-05-02 17:00:00,-11842.612378203386
2025-05-02 18:00:00,0.0
2025-05-02 19:00:00,0.0
2025-05-02 20:00:00,26913.308416
2025-05-02 21:00:00,0.0
2025-05-02 22:00:00,0.0
2025-05-02 23:00:00,0.0
2025-05-03 00:00:00,23079.237181620967
2025-05-03 01:00:00,0.0
2025-05-03 02:00:00,18356.078978988495
2025-05-03 03:00:00,0.0
2025-05-03 04:00:00,0.0
2025-05-03 05:00:00,20891.142403241935
2025-05-03 06:00:00,17177.763869985487
2025-05-03 07:00:00,0.0
2025-05-03 08:00:00,-5241.9802212174
2025-05-03 09:00:00,-10384.805941440714
2025-05-03 10:00:00,-14031.127340367148
2025-05-03 11:00:00,-16022.200948947826
2025-05-03 12:00:00,-15705.314057693868
2025-05-03 13:00:00,-15274.064411201602
2025-05-03 14:00:00,-16037.286376043568
2025-05-03 15:00:00,-13078.094924663324
2025-05-03 16:00:00,-9674.246229932418
2025-05-03 17:00:00,-2792.5804927553436
2025-05-03 18:00:00,0.0
2025-05-03 19:00:00,0.0
2025-05-03 20:00:00,0.0
2025-05-03 21:00:00,8043.907622298311
2025-05-03 22:00:00,22833.609223
2025-05-03 23:00:00,22033.911937
2025-05-04 00:00:00,0.0
2025-05-04 01:00:00,20963.274984
2025-05-04 02:00:00,0.0
2025-05-04 03:00:00,0.0
2025-05-04 04:00:00,0.0
2025-05-04 05:00:00,0.0
2025-05-04 06:00:00,17936.384342407626
2025-05-04 07:00:00,4597.875040973671
2025-05-04 08:00:00,-8079.221671195228
2025-05-04 09:00:00,-13119.066315503238
2025-05-04 10:00:00,-16037.861325090696
2025-05-04 11:00:00,-16366.808696660439
2025-05-04 12:00:00,-16428.13538821879
2025-05-04 13:00:00,-14740.896310747288
2025-05-04 14:00:00,-8542.245149410228
2025-05-04 15:00:00,-7884.000224008418
2025-05-04 16:00:00,-5922.83508547633
2025-05-04 17:00:00,0.0
2025-05-04 18:00:00,0.0
2025-05-04 19:00:00,22730.5004056177
2025-05-04 20:00:00,0.0
2025-05-04 21:00:00,24262.177173
2025-05-04 22:00:00,22971.949273
2025-05-04 23:00:00,0.0
2025-05-05 00:00:00,0.0
2025-05-05 01:00:00,4756.388432771352
2025-05-05 02:00:00,0.0
2025-05-05 03:00:00,0.0
2025-05-05 04:00:00,20651.240636
2025-05-05 05:00:00,0.0
2025-05-05 06:00:00,0.0
2025-05-05 07:00:00,0.0
2025-05-05 08:00:00,-1000.971892114725
2025-05-05 09:00:00,-9309.344326377919
2025-05-05 10:00:00,-13209.748328741509
2025-05-05 11:00:00,-13753.386556062
2025-05-05 12:00:00,-14247.185656989768
2025-05-05 13:00:00,-12960.26939947058
2025-05-05 14:00:00,-8051.680072385512
2025-05-05 15:00:00,-2965.785586487971
2025-05-05 16:00:00,-3602.888780004454
2025-05-05 17:00:00,0.0
2025-05-05 18:00:00,0.0
2025-05-05 19:00:00,25334.363437764823
2025-05-05 20:00:00,0.0
2025-05-05 21:00:00,0.0
2025-05-05 22:00:00,0.0
2025-05-05 23:00:00,23749.135462
2025-05-06 00:00:00,0.0
2025-05-06 01:00:00,22064.372637
2025-05-06 02:00:00,0.0
2025-05-06 03:00:00,0.0
2025-05-06 04:00:00,20789.842763
2025-05-06 05:00:00,0.0
2025-05-06 06:00:00,0.0
2025-05-06 07:00:00,0.0
2025-05-06 08:00:00,0.0
2025-05-06 09:00:00,0.0
2025-05-06 10:00:00,-20666.75425051338
2025-05-06 11:00:00,-21047.507128088884
2025-05-06 12:00:00,-20588.469208966402
2025-05-06 13:00:00,-20212.566162005343
2025-05-06 14:00:00,-16924.92677444748
2025-05-06 15:00:00,-13621.483205528657
2025-05-06 16:00:00,-11039.13304914275
2025-05-06 17:00:00,-4920.088756176981
2025-05-06 18:00:00,0.0
2025-05-06 19:00:00,0.0
2025-05-06 20:00:00,0.0
2025-05-06 21:00:00,26632.233887391994
2025-05-06 22:00:00,0.0
2025-05-06 23:00:00,23536.890302
2025-05-07 00:00:00,0.0
2025-05-07 01:00:00,0.0
2025-05-07 02:00:00,21270.917348
2025-05-07 03:00:00,20986.45689
2025-05-07 04:00:00,0.0
2025-05-07 05:00:00,22182.299531
2025-05-07 06:00:00,1510.0377229908786
2025-05-07 07:00:00,0.0
2025-05-07 08:00:00,0.0
2025-05-07 09:00:00,0.0
2025-05-07 10:00:00,0.0
2025-05-07 11:00:00,0.0
2025-05-07 12:00:00,-21835.586179790236
2025-05-07 13:00:00,-24331.824963386338
2025-05-07 14:00:00,-25032.011045423238
2025-05-07 15:00:00,-24266.987897394596
2025-05-07 16:00:00,-20523.654704388817
2025-05-07 17:00:00,-13030.863744486647
2025-05-07 18:00:00,4079.222117857058
2025-05-07 19:00:00,0.0
2025-05-07 20:00:00,27188.604193524185
2025-05-07 21:00:00,26749.753516
2025-05-07 22:00:00,0.0
2025-05-07 23:00:00,0.0
2025-05-08 00:00:00,23072.989689
2025-05-08 01:00:00,0.0
2025-05-08 02:00:00,0.0
2025-05-08 03:00:00,0.0
2025-05-08 04:00:00,21062.1413609999
2025-05-08 05:00:00,0.0
2025-05-08 06:00:00,13966.124804001736
2025-05-08 07:00:00,0.0
2025-05-08 08:00:00,0.0
2025-05-08 09:00:00,0.0
2025-05-08 10:00:00,0.0
2025-05-08 11:00:00,-2535.2982181959824
2025-05-08 12:00:00,-25061.8918015589
2025-05-08 13:00:00,-24642.404664261932
2025-05-08 14:00:00,-23865.89104169102
2025-05-08 15:00:00,-22051.875821545204
2025-05-08 16:00:00,-18576.16760919244
2025-05-08 17:00:00,-12287.399378424412
2025-05-08 18:00:00,0.0
2025-05-08 19:00:00,26404.081925172042
2025-05-08 20:00:00,0.0
2025-05-08 21:00:00,0.0
2025-05-08 22:00:00,26647.985241
2025-05-08 23:00:00,25030.322377
2025-05-09 00:00:00,16122.751378210844
2025-05-09 01:00:00,0.0
2025-05-09 02:00:00,21913.69476
2025-05-09 03:00:00,0.0
2025-05-09 04:00:00,0.0
2025-05-09 05:00:00,0.0
2025-05-09 06:00:00,0.0
2025-05-09 07:00:00,0.0
2025-05-09 08:00:00,0.0
2025-05-09 09:00:00,0.0
2025-05-09 10:00:00,-2619.7591315106793
2025-05-09 11:00:00,-21006.044478780652
2025-05-09 12:00:00,-21435.789509001912
2025-05-09 13:00:00,-21128.712232886977
2025-05-09 14:00:00,-21065.17379344916
2025-05-09 15:00:00,-18841.6516988537
2025-05-09 16:00:00,-15170.74911402832
2025-05-09 17:00:00,-7753.048576358491
2025-05-09 18:00:00,0.0
2025-05-09 19:00:00,0.0
2025-05-09 20:00:00,0.0
2025-05-09 21:00:00,0.0
2025-05-09 22:00:00,28594.280722
2025-05-09 23:00:00,0.0
2025-05-10 00:00:00,0.0
2025-05-10 01:00:00,20692.07481138299
2025-05-10 02:00:00,23064.7131529999
2025-05-10 03:00:00,22160.45364
2025-05-10 04:00:00,21607.313355
2025-05-10 05:00:00,0.0
2025-05-10 06:00:00,0.0
2025-05-10 07:00:00,0.0
2025-05-10 08:00:00,0.0
2025-05-10 09:00:00,0.0
2025-05-10 10:00:00,-1116.148431907263
2025-05-10 11:00:00,-22696.12477808738
2025-05-10 12:00:00,-22729.357351743758
2025-05-10 13:00:00,-21598.234247682085
2025-05-10 14:00:00,-20997.46918831006
2025-05-10 15:00:00,-18513.557779517672
2025-05-10 16:00:00,-14610.920930678447
2025-05-10 17:00:00,-6759.115826943227
2025-05-10 18:00:00,12424.556565433206
2025-05-10 19:00:00,0.0
2025-05-10 20:00:00,0.0
2025-05-10 21:00:00,5788.158095949676
2025-05-10 22:00:00,28202.631126
2025-05-10 23:00:00,0.0
2025-05-11 00:00:00,24631.426214
2025-05-11 01:00:00,23495.844207
2025-05-11 02:00:00,0.0
2025-05-11 03:00:00,21576.219473
2025-05-11 04:00:00,0.0
2025-05-11 05:00:00,0.0
2025-05-11 06:00:00,0.0
2025-05-11 07:00:00,0.0
2025-05-11 08:00:00,0.0
2025-05-11 09:00:00,0.0
2025-05-11 10:00:00,-3108.629799798275
2025-05-11 11:00:00,-23935.937438773843
2025-05-11 12:00:00,-23053.842853184728
2025-05-11 13:00:00,-21182.233118600536
2025-05-11 14:00:00,-19392.569094804163
2025-05-11 15:00:00,-17284.816671958288
2025-05-11 16:00:00,-15770.806958130008
2025-05-11 17:00:00,-5292.092599620042
2025-05-11 18:00:00,9570.61705046567
2025-05-11 19:00:00,0.0
2025-05-11 20:00:00,27672.899609
2025-05-11 21:00:00,0.0
2025-05-11 22:00:00,4208.152829870524
2025-05-11 23:00:00,23787.272902
2025-05-12 00:00:00,0.0
2025-05-12 01:00:00,0.0
2025-05-12 02:00:00,0.0
2025-05-12 03:00:00,0.0
2025-05-12 04:00:00,21173.724797
2025-05-12 05:00:00,21834.613334089285
2025-05-12 06:00:00,0.0
2025-05-12 07:00:00,-497.3883381177584
2025-05-12 08:00:00,-10424.597432898183
2025-05-12 09:00:00,-13214.892047591326
2025-05-12 10:00:00,-15745.961513549923
2025-05-12 11:00:00,-16172.675746600737
2025-05-12 12:00:00,-16292.513013471515
2025-05-12 13:00:00,-15530.934267043824
2025-05-12 14:00:00,-15103.255026993658
2025-05-12 15:00:00,-11058.634895560834
2025-05-12 16:00:00,-6227.5548120557505
2025-05-12 17:00:00,-6.349042144825944
2025-05-12 18:00:00,0.0
2025-05-12 19:00:00,0.0
2025-05-12 20:00:00,26811.90128
2025-05-12 21:00:00,0.0
2025-05-12 22:00:00,0.0
2025-05-12 23:00:00,24009.952
2025-05-13 00:00:00,22964.574063
2025-05-13 01:00:00,20958.634607382894
2025-05-13 02:00:00,21373.773731
2025-05-13 03:00:00,0.0
2025-05-13 04:00:00,0.0
2025-05-13 05:00:00,0.0
2025-05-13 06:00:00,0.0
2025-05-13 07:00:00,0.0
2025-05-13 08:00:00,0.0
2025-05-13 09:00:00,-9045.277395982084
2025-05-13 10:00:00,-14756.147778594408
2025-05-13 11:00:00,-15768.696517702265
2025-05-13 12:00:00,-16649.94488656828
2025-05-13 13:00:00,-16003.75105408251
2025-05-13 14:00:00,-16909.466089754496
2025-05-13 15:00:00,-15859.890556094793
2025-05-13 16:00:00,-13295.970435041596
2025-05-13 17:00:00,-10731.783821049445
2025-05-13 18:00:00,0.0
2025-05-13 19:00:00,22706.67283476756
2025-05-13 20:00:00,26569.58419841014
2025-05-13 21:00:00,26154.404831
2025-05-13 22:00:00,0.0
2025-05-13 23:00:00,0.0
2025-05-14 00:00:00,19587.202366205194
2025-05-14 01:00:00,0.0
2025-05-14 02:00:00,0.0
2025-05-14 03:00:00,21100.971451
2025-05-14 04:00:00,0.0
2025-05-14 05:00:00,0.0
2025-05-14 06:00:00,0.0
2025-05-14 07:00:00,0.0
2025-05-14 08:00:00,0.0
2025-05-14 09:00:00,-6928.97912122255
2025-05-14 10:00:00,-17643.572592495693
2025-05-14 11:00:00,-18555.178431080716
2025-05-14 12:00:00,-17513.811682237363
2025-05-14 13:00:00,-14198.021315776019
2025-05-14 14:00:00,-15240.468240424718
2025-05-14 15:00:00,-15041.481654995889
2025-05-14 16:00:00,-13377.666739359687
2025-05-14 17:00:00,-10521.748757277244
2025-05-14 18:00:00,5629.5489397629935
2025-05-14 19:00:00,0.0
2025-05-14 20:00:00,0.0
2025-05-14 21:00:00,26572.35492388497
2025-05-14 22:00:00,20.451245746993074
2025-05-14 23:00:00,24015.375418266693
2025-05-15 00:00:00,0.0
2025-05-15 01:00:00,0.0
2025-05-15 02:00:00,0.0
2025-05-15 03:00:00,21080.790729650813
2025-05-15 04:00:00,0.0
2025-05-15 05:00:00,22205.493484084378
2025-05-15 06:00:00,16594.82093998605
2025-05-15 07:00:00,0.0
2025-05-15 08:00:00,0.0
2025-05-15 09:00:00,-3680.348726180576
2025-05-15 10:00:00,-17622.992155759493
2025-05-15 11:00:00,-18109.648503561682
2025-05-15 12:00:00,-17710.787148206
2025-05-15 13:00:00,-16552.664178085244
2025-05-15 14:00:00,-16388.83881012902
2025-05-15 15:00:00,-15946.333184177398
2025-05-15 16:00:00,-13252.967581143417
2025-05-15 17:00:00,-9756.348247627033
2025-05-15 18:00:00,4308.51385977825
2025-05-15 19:00:00,23926.848345814935
2025-05-15 20:00:00,16947.027144114025
2025-05-15 21:00:00,27380.847431991064
2025-05-15 22:00:00,0.0
2025-05-15 23:00:00,0.0
2025-05-16 00:00:00,0.0
2025-05-16 01:00:00,0.0
2025-05-16 02:00:00,21931.698038764684
2025-05-16 03:00:00,21623.900860919923
2025-05-16 04:00:00,0.0
2025-05-16 05:00:00,0.0
2025-05-16 06:00:00,0.0
2025-05-16 07:00:00,0.0
2025-05-16 08:00:00,0.0
2025-05-16 09:00:00,0.0
2025-05-16 10:00:00,-4333.508970233171
2025-05-16 11:00:00,-22516.94902986182
2025-05-16 12:00:00,-22914.91938752371
2025-05-16 13:00:00,-20517.514381355246
2025-05-16 14:00:00,-21445.192686320403
2025-05-16 15:00:00,-19018.641845743114
2025-05-16 16:00:00,-12374.246098439995
2025-05-16 17:00:00,-5899.956135392433
2025-05-16 18:00:00,0.0
2025-05-16 19:00:00,0.0
2025-05-16 20:00:00,0.0
2025-05-16 21:00:00,5590.093540593726
2025-05-16 22:00:00,0.0
2025-05-16 23:00:00,0.0
2025-05-17 00:00:00,23737.972096
2025-05-17 01:00:00,22718.037153
2025-05-17 02:00:00,21694.381667
2025-05-17 03:00:00,21140.548637
2025-05-17 04:00:00,0.0
2025-05-17 05:00:00,21237.802587789167
2025-05-17 06:00:00,0.0
2025-05-17 07:00:00,0.0
2025-05-17 08:00:00,0.0
2025-05-17 09:00:00,0.0
2025-05-17 10:00:00,-12379.897534377213
2025-05-17 11:00:00,-19006.136925579533
2025-05-17 12:00:00,-17860.853059390192
2025-05-17 13:00:00,-17018.1989527755
2025-05-17 14:00:00,-18187.061223794695
2025-05-17 15:00:00,-17582.306604498983
2025-05-17 16:00:00,-16546.882850309372
2025-05-17 17:00:00,-10439.591384144405
2025-05-17 18:00:00,4723.077825580869
2025-05-17 19:00:00,0.0
2025-05-17 20:00:00,0.0
2025-05-17 21:00:00,0.0
2025-05-17 22:00:00,23569.9704799999
2025-05-17 23:00:00,0.0
2025-05-18 00:00:00,0.0
2025-05-18 01:00:00,21017.039223
2025-05-18 02:00:00,0.0
2025-05-18 03:00:00,19794.874505
2025-05-18 04:00:00,6929.75155204181
2025-05-18 05:00:00,20220.823605333815
2025-05-18 06:00:00,0.0
2025-05-18 07:00:00,-3894.6950999319597
2025-05-18 08:00:00,-9443.153557720441
2025-05-18 09:00:00,-10654.425316016674
2025-05-18 10:00:00,-11704.946288883548
2025-05-18 11:00:00,-11198.193833371668
2025-05-18 12:00:00,-9642.440982725013
2025-05-18 13:00:00,-9647.718084463231
2025-05-18 14:00:00,-11112.069347765035
2025-05-18 15:00:00,-10909.513064004652
2025-05-18 16:00:00,-9930.708271069725
2025-05-18 17:00:00,-8812.733032888515
2025-05-18 18:00:00,1671.1468496778762
2025-05-18 19:00:00,0.0
2025-05-18 20:00:00,25510.541258231566
2025-05-18 21:00:00,0.0
2025-05-18 22:00:00,0.0
2025-05-18 23:00:00,0.0
2025-05-19 00:00:00,21547.178555
2025-05-19 01:00:00,0.0
2025-05-19 02:00:00,0.0
2025-05-19 03:00:00,10276.672451840306
2025-05-19 04:00:00,20487.329278
2025-05-19 05:00:00,21612.792596417916
2025-05-19 06:00:00,15013.174692215229
2025-05-19 07:00:00,0.0
2025-05-19 08:00:00,0.0
2025-05-19 09:00:00,0.0
2025-05-19 10:00:00,-15575.372065614898
2025-05-19 11:00:00,-19997.005534503372
2025-05-19 12:00:00,-19427.79922506153
2025-05-19 13:00:00,-19111.46056945315
2025-05-19 14:00:00,-17365.773433866783
2025-05-19 15:00:00,-14937.523732016994
2025-05-19 16:00:00,-12827.890693212652
2025-05-19 17:00:00,-9778.103281140502
2025-05-19 18:00:00,4141.533531450892
2025-05-19 19:00:00,25154.8816971023
2025-05-19 20:00:00,29538.560603969174
2025-05-19 21:00:00,0.0
2025-05-19 22:00:00,0.0
2025-05-19 23:00:00,25239.142985650913
2025-05-20 00:00:00,0.0
2025-05-20 01:00:00,0.0
2025-05-20 02:00:00,0.0
2025-05-20 03:00:00,0.0
2025-05-20 04:00:00,0.0
2025-05-20 05:00:00,23108.09708049451
2025-05-20 06:00:00,8936.6197827151
2025-05-20 07:00:00,0.0
2025-05-20 08:00:00,0.0
2025-05-20 09:00:00,0.0
2025-05-20 10:00:00,0.0
2025-05-20 11:00:00,-16184.67458089655
2025-05-20 12:00:00,-20729.690196206622
2025-05-20 13:00:00,-21647.805325009012
2025-05-20 14:00:00,-21892.558092430125
2025-05-20 15:00:00,-20756.675088010437
2025-05-20 16:00:00,-16521.439485946263
2025-05-20 17:00:00,-11288.085766370874
2025-05-20 18:00:00,0.0
2025-05-20 19:00:00,27021.807112284445
2025-05-20 20:00:00,1172.8681245797761
2025-05-20 21:00:00,0.0
2025-05-20 22:00:00,0.0
2025-05-20 23:00:00,26219.233739355877
2025-05-21 00:00:00,0.0
2025-05-21 01:00:00,0.0
2025-05-21 02:00:00,0.0
2025-05-21 03:00:00,22469.981759
2025-05-21 04:00:00,0.0
2025-05-21 05:00:00,23283.5951942019
2025-05-21 06:00:00,15951.349751960883
2025-05-21 07:00:00,0.0
2025-05-21 08:00:00,0.0
2025-05-21 09:00:00,0.0
2025-05-21 10:00:00,0.0
2025-05-21 11:00:00,-19822.345817333608
2025-05-21 12:00:00,-22177.521831326074
2025-05-21 13:00:00,-21442.187516177622
2025-05-21 14:00:00,-20771.65440906306
2025-05-21 15:00:00,-19392.766436320915
2025-05-21 16:00:00,-15613.54926683284
2025-05-21 17:00:00,-9800.903257815771
2025-05-21 18:00:00,7664.994135086741
2025-05-21 19:00:00,0.0
2025-05-21 20:00:00,0.0
2025-05-21 21:00:00,0.0
2025-05-21 22:00:00,0.0
2025-05-21 23:00:00,26692.234911
2025-05-22 00:00:00,25435.873892
2025-05-22 01:00:00,23990.4456799999
2025-05-22 02:00:00,8941.521892068418
2025-05-22 03:00:00,0.0
2025-05-22 04:00:00,0.0
2025-05-22 05:00:00,23393.76517122782
2025-05-22 06:00:00,0.0
2025-05-22 07:00:00,0.0
2025-05-22 08:00:00,0.0
2025-05-22 09:00:00,0.0
2025-05-22 10:00:00,0.0
2025-05-22 11:00:00,-20375.17461297435
2025-05-22 12:00:00,-22264.65790561142
2025-05-22 13:00:00,-21985.3200423467
2025-05-22 14:00:00,-21658.49619589012
2025-05-22 15:00:00,-18574.535829621804
2025-05-22 16:00:00,-15649.861978902685
2025-05-22 17:00:00,-8512.881969522801
2025-05-22 18:00:00,0.0
2025-05-22 19:00:00,0.0
2025-05-22 20:00:00,0.0
2025-05-22 21:00:00,3046.222476442239
2025-05-22 22:00:00,0.0
2025-05-22 23:00:00,26375.647999
2025-05-23 00:00:00,24879.529948
2025-05-23 01:00:00,23554.313174
2025-05-23 02:00:00,0.0
2025-05-23 03:00:00,0.0
2025-05-23 04:00:00,0.0
2025-05-23 05:00:00,23093.13554383842
2025-05-23 06:00:00,15169.986540102213
2025-05-23 07:00:00,0.0
2025-05-23 08:00:00,0.0
2025-05-23 09:00:00,0.0
2025-05-23 10:00:00,0.0
2025-05-23 11:00:00,-17749.908795943862
2025-05-23 12:00:00,-21774.2596343266
2025-05-23 13:00:00,-21612.39741570297
2025-05-23 14:00:00,-20693.955163396993
2025-05-23 15:00:00,-19956.084994956847
2025-05-23 16:00:00,-16924.29708796211
2025-05-23 17:00:00,-10310.0254425805
2025-05-23 18:00:00,0.0
2025-05-23 19:00:00,24269.010806617163
2025-05-23 20:00:00,0.0
2025-05-23 21:00:00,26687.93408376572
2025-05-23 22:00:00,0.0
2025-05-23 23:00:00,0.0
2025-05-24 00:00:00,0.0
2025-05-24 01:00:00,0.0
2025-05-24 02:00:00,22173.01307
2025-05-24 03:00:00,21611.117146
2025-05-24 04:00:00,21377.760575
2025-05-24 05:00:00,0.0
2025-05-24 06:00:00,0.0
2025-05-24 07:00:00,0.0
2025-05-24 08:00:00,0.0
2025-05-24 09:00:00,0.0
2025-05-24 10:00:00,-10288.779273600967
2025-05-24 11:00:00,-18382.864106708454
2025-05-24 12:00:00,-17685.542113462358
2025-05-24 13:00:00,-17744.77857483164
2025-05-24 14:00:00,-17455.934669582402
2025-05-24 15:00:00,-17374.30717886499
2025-05-24 16:00:00,-16503.312071312856
2025-05-24 17:00:00,-13585.410546506224
2025-05-24 18:00:00,0.0
2025-05-24 19:00:00,0.0
2025-05-24 20:00:00,0.0
2025-05-24 21:00:00,0.0
2025-05-24 22:00:00,24803.389598
2025-05-24 23:00:00,0.0
2025-05-25 00:00:00,22851.375732
2025-05-25 01:00:00,0.0
2025-05-25 02:00:00,21109.8142339999
2025-05-25 03:00:00,20595.486133
2025-05-25 04:00:00,0.0
2025-05-25 05:00:00,20335.964668207085
2025-05-25 06:00:00,6422.805316175903
2025-05-25 07:00:00,0.0
2025-05-25 08:00:00,0.0
2025-05-25 09:00:00,0.0
2025-05-25 10:00:00,-2372.984213700541
2025-05-25 11:00:00,-20280.858701041376
2025-05-25 12:00:00,-20290.277092130935
2025-05-25 13:00:00,-18723.497763101404
2025-05-25 14:00:00,-17662.41234826374
2025-05-25 15:00:00,-18527.819485015592
2025-05-25 16:00:00,-17495.578211854358
2025-05-25 17:00:00,-13667.500719761938
2025-05-25 18:00:00,0.0
2025-05-25 19:00:00,20681.00424225621
2025-05-25 20:00:00,0.0
2025-05-25 21:00:00,25272.584611
2025-05-25 22:00:00,0.0
2025-05-25 23:00:00,0.0
2025-05-26 00:00:00,8954.04236094926
2025-05-26 01:00:00,21226.885292
2025-05-26 02:00:00,0.0
2025-05-26 03:00:00,20010.442022
2025-05-26 04:00:00,0.0
2025-05-26 05:00:00,19973.877153177407
2025-05-26 06:00:00,0.0
2025-05-26 07:00:00,0.0
2025-05-26 08:00:00,0.0
2025-05-26 09:00:00,0.0
2025-05-26 10:00:00,-10362.456538273698
2025-05-26 11:00:00,-19307.165268939476
2025-05-26 12:00:00,-18865.885451552356
2025-05-26 13:00:00,-18651.6270085998
2025-05-26 14:00:00,-17784.89038539409
2025-05-26 15:00:00,-17138.19586121204
2025-05-26 16:00:00,-15773.142591650685
2025-05-26 17:00:00,-11137.565429247723
2025-05-26 18:00:00,0.0
2025-05-26 19:00:00,22491.85834936309
2025-05-26 20:00:00,0.0
2025-05-26 21:00:00,0.0
2025-05-26 22:00:00,0.0
2025-05-26 23:00:00,23619.416132
2025-05-27 00:00:00,22839.774766
2025-05-27 01:00:00,21674.464964
2025-05-27 02:00:00,4534.943712019804
2025-05-27 03:00:00,0.0
2025-05-27 04:00:00,20958.377758
2025-05-27 05:00:00,0.0
2025-05-27 06:00:00,0.0
2025-05-27 07:00:00,0.0
2025-05-27 08:00:00,0.0
2025-05-27 09:00:00,0.0
2025-05-27 10:00:00,0.0
2025-05-27 11:00:00,-5106.993018545655
2025-05-27 12:00:00,-24270.096945801382
2025-05-27 13:00:00,-24128.663213450527
2025-05-27 14:00:00,-23112.67420352072
2025-05-27 15:00:00,-21722.37068587028
2025-05-27 16:00:00,-18868.968626270802
2025-05-27 17:00:00,-11811.161841410514
2025-05-27 18:00:00,4351.342825424919
2025-05-27 19:00:00,0.0
2025-05-27 20:00:00,29473.040110357415
2025-05-27 21:00:00,22156.240362536428
2025-05-27 22:00:00,0.0
2025-05-27 23:00:00,0.0
2025-05-28 00:00:00,0.0
2025-05-28 01:00:00,0.0
2025-05-28 02:00:00,22448.746816698727
2025-05-28 03:00:00,21988.791356469752
2025-05-28 04:00:00,0.0
2025-05-28 05:00:00,0.0
2025-05-28 06:00:00,15700.67420989565
2025-05-28 07:00:00,0.0
2025-05-28 08:00:00,0.0
2025-05-28 09:00:00,-3014.623998214538
2025-05-28 10:00:00,-19154.67792080208
2025-05-28 11:00:00,-21002.651875503805
2025-05-28 12:00:00,-18302.533701197117
2025-05-28 13:00:00,-16737.370423916607
2025-05-28 14:00:00,-17504.81701812049
2025-05-28 15:00:00,-16149.380701785998
2025-05-28 16:00:00,-12848.126503223943
2025-05-28 17:00:00,-4306.74639210532
2025-05-28 18:00:00,0.0
2025-05-28 19:00:00,0.0
2025-05-28 20:00:00,0.0
2025-05-28 21:00:00,0.0
2025-05-28 22:00:00,26811.948404
2025-05-28 23:00:00,25159.683686
2025-05-29 00:00:00,0.0
2025-05-29 01:00:00,23377.930202
2025-05-29 02:00:00,22429.297916
2025-05-29 03:00:00,0.0
2025-05-29 04:00:00,0.0
2025-05-29 05:00:00,0.0
2025-05-29 06:00:00,18339.97547338289
2025-05-29 07:00:00,0.0
2025-05-29 08:00:00,0.0
2025-05-29 09:00:00,0.0
2025-05-29 10:00:00,-17816.206011019713
2025-05-29 11:00:00,-20158.91561528192
2025-05-29 12:00:00,-19816.12112193249
2025-05-29 13:00:00,-19742.47251011215
2025-05-29 14:00:00,-17173.783990874213
2025-05-29 15:00:00,-17134.084926318046
2025-05-29 16:00:00,-12459.633648403149
2025-05-29 17:00:00,-4719.710710928182
2025-05-29 18:00:00,0.0
2025-05-29 19:00:00,0.0
2025-05-29 20:00:00,2293.700387557231
2025-05-29 21:00:00,0.0
2025-05-29 22:00:00,28393.883323
2025-05-29 23:00:00,0.0
2025-05-30 00:00:00,0.0
2025-05-30 01:00:00,0.0
2025-05-30 02:00:00,23042.538245
2025-05-30 03:00:00,22607.811197
2025-05-30 04:00:00,22928.317855
2025-05-30 05:00:00,0.0
2025-05-30 06:00:00,16852.584673825666
2025-05-30 07:00:00,0.0
2025-05-30 08:00:00,0.0
2025-05-30 09:00:00,-15611.591788298412
2025-05-30 10:00:00,-18809.326493907043
2025-05-30 11:00:00,-18875.00053071286
2025-05-30 12:00:00,-18940.768069930375
2025-05-30 13:00:00,-16998.835928330893
2025-05-30 14:00:00,-15789.01949647256
2025-05-30 15:00:00,-13702.157267734074
2025-05-30 16:00:00,-8504.92096775851
2025-05-30 17:00:00,-1789.307991725138
2025-05-30 18:00:00,0.0
2025-05-30 19:00:00,0.0
2025-05-30 20:00:00,34000.0
2025-05-30 21:00:00,33655.909833
2025-05-30 22:00:00,0.0
2025-05-30 23:00:00,0.0
2025-05-31 00:00:00,0.0
2025-05-31 01:00:00,0.0
2025-05-31 02:00:00,0.0
2025-05-31 03:00:00,0.0
2025-05-31 04:00:00,24007.4731149999
2025-05-31 05:00:00,23633.01547464948
2025-05-31 06:00:00,0.0
2025-05-31 07:00:00,0.0
2025-05-31 08:00:00,-8452.844442160756
2025-05-31 09:00:00,-10704.988558649522
2025-05-31 10:00:00,-13208.947823465249
2025-05-31 11:00:00,-12948.027027890901
2025-05-31 12:00:00,-14003.315383896432
2025-05-31 13:00:00,-13043.980824253234
2025-05-31 14:00:00,-10965.522272023365
2025-05-31 15:00:00,-5057.098286844775
2025-05-31 16:00:00,-818.4595129457921
2025-05-31 17:00:00,0.0
2025-05-31 18:00:00,0.0
2025-05-31 19:00:00,0.0
2025-05-31 20:00:00,0.0
2025-05-31 21:00:00,0.0
2025-05-31 22:00:00,0.0
2025-05-31 23:00:00,25084.429745076617
2025-06-01 00:00:00,0.0
2025-06-01 01:00:00,25565.4296899999
2025-06-01 02:00:00,0.0
2025-06-01 03:00:00,0.0
2025-06-01 04:00:00,22638.169377
2025-06-01 05:00:00,0.0
2025-06-01 06:00:00,0.0
2025-06-01 07:00:00,0.0
2025-06-01 08:00:00,0.0
2025-06-01 09:00:00,-2261.327347320668
2025-06-01 10:00:00,-5491.333525335387
2025-06-01 11:00:00,-8266.624586328322
2025-06-01 12:00:00,-8248.823938470527
2025-06-01 13:00:00,-7772.2567128497285
2025-06-01 14:00:00,-8246.437241898413
2025-06-01 15:00:00,-6915.906244387334
2025-06-01 16:00:00,-3147.7897716607295
2025-06-01 17:00:00,0.0
2025-06-01 18:00:00,0.0
2025-06-01 19:00:00,0.0
2025-06-01 20:00:00,0.0
2025-06-01 21:00:00,29090.237817
2025-06-01 22:00:00,0.0
2025-06-01 23:00:00,0.0
2025-06-02 00:00:00,24042.48578
2025-06-02 01:00:00,0.0
2025-06-02 02:00:00,0.0
2025-06-02 03:00:00,0.0
2025-06-02 04:00:00,0.0
2025-06-02 05:00:00,0.0
2025-06-02 06:00:00,0.0
2025-06-02 07:00:00,0.0
2025-06-02 08:00:00,0.0
2025-06-02 09:00:00,-13833.240033189899
2025-06-02 10:00:00,-17327.809668774174
2025-06-02 11:00:00,-16574.044350295928
2025-06-02 12:00:00,-17006.467073371798
2025-06-02 13:00:00,-17567.59152098375
2025-06-02 14:00:00,-15044.320864037632
2025-06-02 15:00:00,-14395.144020071832
2025-06-02 16:00:00,-11530.780130411968
2025-06-02 17:00:00,-5741.5308737329
2025-06-02 18:00:00,0.0
2025-06-02 19:00:00,0.0
2025-06-02 20:00:00,0.0
2025-06-02 21:00:00,0.0
2025-06-02 22:00:00,28313.55918
2025-06-02 23:00:00,0.0
2025-06-03 00:00:00,0.0
2025-06-03 01:00:00,0.0
2025-06-03 02:00:00,0.0
2025-06-03 03:00:00,23020.932907
2025-06-03 04:00:00,2718.346386613439
2025-06-03 05:00:00,0.0
2025-06-03 06:00:00,18379.570208771256
2025-06-03 07:00:00,5104.138270535321
2025-06-03 08:00:00,-5124.061982786985
2025-06-03 09:00:00,-9165.986681828464
2025-06-03 10:00:00,-10589.855527936543
2025-06-03 11:00:00,-14203.43830942276
2025-06-03 12:00:00,-14788.612627654853
2025-06-03 13:00:00,-13246.779363290676
2025-06-03 14:00:00,-7466.806004005386
2025-06-03 15:00:00,-5726.7492472882295
2025-06-03 16:00:00,-4188.503888829167
2025-06-03 17:00:00,-1650.9252035347708
2025-06-03 18:00:00,0.0
2025-06-03 19:00:00,24960.74316381872
2025-06-03 20:00:00,0.0
2025-06-03 21:00:00,29184.4264349999
2025-06-03 22:00:00,27514.244242
2025-06-03 23:00:00,9410.384513564268
2025-06-04 00:00:00,25049.037327
2025-06-04 01:00:00,0.0
2025-06-04 02:00:00,0.0
2025-06-04 03:00:00,0.0
2025-06-04 04:00:00,0.0
2025-06-04 05:00:00,0.0
2025-06-04 06:00:00,0.0
2025-06-04 07:00:00,0.0
2025-06-04 08:00:00,0.0
2025-06-04 09:00:00,0.0
2025-06-04 10:00:00,-13739.540358335387
2025-06-04 11:00:00,-18897.481936283963
2025-06-04 12:00:00,-19998.11887407647
2025-06-04 13:00:00,-19877.176720280997
2025-06-04 14:00:00,-19723.09102400288
2025-06-04 15:00:00,-16989.689399476385
2025-06-04 16:00:00,-13654.420817250455
2025-06-04 17:00:00,-6141.409405163351
2025-06-04 18:00:00,0.0
2025-06-04 19:00:00,0.0
2025-06-04 20:00:00,0.0
2025-06-04 21:00:00,22792.49565541378
2025-06-04 22:00:00,28089.975694
2025-06-04 23:00:00,0.0
2025-06-05 00:00:00,25432.713335
2025-06-05 01:00:00,0.0
2025-06-05 02:00:00,0.0
2025-06-05 03:00:00,22904.595827
2025-06-05 04:00:00,0.0
2025-06-05 05:00:00,0.0
2025-06-05 06:00:00,16899.055169969106
2025-06-05 07:00:00,0.0
2025-06-05 08:00:00,0.0
2025-06-05 09:00:00,0.0
2025-06-05 10:00:00,-10737.370563003333
2025-06-05 11:00:00,-19254.695239005545
2025-06-05 12:00:00,-18806.30841231284
2025-06-05 13:00:00,-19914.944489808695
2025-06-05 14:00:00,-18736.816424762797
2025-06-05 15:00:00,-17558.926762348565
2025-06-05 16:00:00,-14623.13399279544
2025-06-05 17:00:00,-9388.73265083267
2025-06-05 18:00:00,5625.717229946902
2025-06-05 19:00:00,24574.287228585705
2025-06-05 20:00:00,0.0
2025-06-05 21:00:00,8723.571722850376
2025-06-05 22:00:00,28124.4743739999
2025-06-05 23:00:00,26334.325675
2025-06-06 00:00:00,0.0
2025-06-06 01:00:00,0.0
2025-06-06 02:00:00,0.0
2025-06-06 03:00:00,0.0
2025-06-06 04:00:00,22736.459451
2025-06-06 05:00:00,0.0
2025-06-06 06:00:00,0.0
2025-06-06 07:00:00,0.0
2025-06-06 08:00:00,0.0
2025-06-06 09:00:00,0.0
2025-06-06 10:00:00,-8543.164835719448
2025-06-06 11:00:00,-19525.577979006444
2025-06-06 12:00:00,-19976.94224669566
2025-06-06 13:00:00,-19823.27930020218
2025-06-06 14:00:00,-19112.8238409578
2025-06-06 15:00:00,-17590.337460207444
2025-06-06 16:00:00,-15069.85248226086
2025-06-06 17:00:00,-9378.950389820053
2025-06-06 18:00:00,0.0
2025-06-06 19:00:00,0.0
2025-06-06 20:00:00,27688.360957483455
2025-06-06 21:00:00,0.0
2025-06-06 22:00:00,28136.210644044066
2025-06-06 23:00:00,0.0
2025-06-07 00:00:00,0.0
2025-06-07 01:00:00,24420.323817
2025-06-07 02:00:00,0.0
2025-06-07 03:00:00,0.0
2025-06-07 04:00:00,22253.778935
2025-06-07 05:00:00,0.0
2025-06-07 06:00:00,13620.161327855369
2025-06-07 07:00:00,0.0
2025-06-07 08:00:00,0.0
2025-06-07 09:00:00,0.0
2025-06-07 10:00:00,0.0
2025-06-07 11:00:00,-14330.205515924128
2025-06-07 12:00:00,-21586.148618292107
2025-06-07 13:00:00,-21148.52929687656
2025-06-07 14:00:00,-20587.554314391466
2025-06-07 15:00:00,-19691.440994179346
2025-06-07 16:00:00,-18636.817962887013
2025-06-07 17:00:00,-13040.23183231926
2025-06-07 18:00:00,0.0
2025-06-07 19:00:00,22832.981805724492
2025-06-07 20:00:00,0.0
2025-06-07 21:00:00,28314.701630194126
2025-06-07 22:00:00,0.0
2025-06-07 23:00:00,0.0
2025-06-08 00:00:00,0.0
2025-06-08 01:00:00,23423.03201743606
2025-06-08 02:00:00,0.0
2025-06-08 03:00:00,20227.352608973873
2025-06-08 04:00:00,21320.767619054335
2025-06-08 05:00:00,0.0
2025-06-08 06:00:00,0.0
2025-06-08 07:00:00,0.0
2025-06-08 08:00:00,0.0
2025-06-08 09:00:00,0.0
2025-06-08 10:00:00,0.0
2025-06-08 11:00:00,-11377.710942833035
2025-06-08 12:00:00,-22410.334804215898
2025-06-08 13:00:00,-23010.35618440892
2025-06-08 14:00:00,-22254.126779894432
2025-06-08 15:00:00,-20244.189745861226
2025-06-08 16:00:00,-17358.953470080796
2025-06-08 17:00:00,-12365.256607575582
2025-06-08 18:00:00,0.0
2025-06-08 19:00:00,23531.9730814796
2025-06-08 20:00:00,29079.08026937269
2025-06-08 21:00:00,0.0
2025-06-08 22:00:00,0.0
2025-06-08 23:00:00,0.0
2025-06-09 00:00:00,0.0
2025-06-09 01:00:00,0.0
2025-06-09 02:00:00,22180.630515
2025-06-09 03:00:00,3077.5917258538775
2025-06-09 04:00:00,0.0
2025-06-09 05:00:00,22592.491482682017
2025-06-09 06:00:00,15657.068606994686
2025-06-09 07:00:00,0.0
2025-06-09 08:00:00,0.0
2025-06-09 09:00:00,0.0
2025-06-09 10:00:00,-4634.758961277531
2025-06-09 11:00:00,-20411.40167417899
2025-06-09 12:00:00,-21201.429641115355
2025-06-09 13:00:00,-20886.277004774307
2025-06-09 14:00:00,-19643.69460956235
2025-06-09 15:00:00,-18080.38458554496
2025-06-09 16:00:00,-15270.84425913508
2025-06-09 17:00:00,-8892.1377992813
2025-06-09 18:00:00,0.0
2025-06-09 19:00:00,26143.964550281107
2025-06-09 20:00:00,0.0
2025-06-09 21:00:00,0.0
2025-06-09 22:00:00,14490.505232101876
2025-06-09 23:00:00,27015.1423699999
2025-06-10 00:00:00,25678.398974
2025-06-10 01:00:00,0.0
2025-06-10 02:00:00,0.0
2025-06-10 03:00:00,22790.824555
2025-06-10 04:00:00,0.0
2025-06-10 05:00:00,0.0
2025-06-10 06:00:00,0.0
2025-06-10 07:00:00,0.0
2025-06-10 08:00:00,0.0
2025-06-10 09:00:00,0.0
2025-06-10 10:00:00,-10809.690081441018
2025-06-10 11:00:00,-20302.84487292132
2025-06-10 12:00:00,-20958.16529849786
2025-06-10 13:00:00,-19578.86729430834
2025-06-10 14:00:00,-17966.590561889043
2025-06-10 15:00:00,-16783.341686634085
2025-06-10 16:00:00,-14456.00308853198
2025-06-10 17:00:00,-8165.425650646208
2025-06-10 18:00:00,0.0
2025-06-10 19:00:00,26507.632960605715
2025-06-10 20:00:00,0.0
2025-06-10 21:00:00,0.0
2025-06-10 22:00:00,0.0
2025-06-10 23:00:00,18284.578344777176
2025-06-11 00:00:00,0.0
2025-06-11 01:00:00,24708.689505
2025-06-11 02:00:00,23443.54759
2025-06-11 03:00:00,0.0
2025-06-11 04:00:00,23174.387281
2025-06-11 05:00:00,0.0
2025-06-11 06:00:00,0.0
2025-06-11 07:00:00,0.0
2025-06-11 08:00:00,0.0
2025-06-11 09:00:00,0.0
2025-06-11 10:00:00,0.0
2025-06-11 11:00:00,-20170.55809358069
2025-06-11 12:00:00,-20880.710272191936
2025-06-11 13:00:00,-20665.52729645918
2025-06-11 14:00:00,-20301.507444749142
2025-06-11 15:00:00,-19155.591468601437
2025-06-11 16:00:00,-16834.123942016533
2025-06-11 17:00:00,-11012.910017270959
2025-06-11 18:00:00,0.0
2025-06-11 19:00:00,0.0
2025-06-11 20:00:00,30767.43946995246
2025-06-11 21:00:00,0.0
2025-06-11 22:00:00,0.0
2025-06-11 23:00:00,13564.998234430419
2025-06-12 00:00:00,25522.293636
2025-06-12 01:00:00,0.0
2025-06-12 02:00:00,23284.471737
2025-06-12 03:00:00,22979.632604
2025-06-12 04:00:00,0.0
2025-06-12 05:00:00,0.0
2025-06-12 06:00:00,0.0
2025-06-12 07:00:00,0.0
2025-06-12 08:00:00,0.0
2025-06-12 09:00:00,0.0
2025-06-12 10:00:00,0.0
2025-06-12 11:00:00,-17829.87378164029
2025-06-12 12:00:00,-20707.406111870478
2025-06-12 13:00:00,-20740.790093473523
2025-06-12 14:00:00,-20127.817364135622
2025-06-12 15:00:00,-19574.693435229638
2025-06-12 16:00:00,-17434.335909996676
2025-06-12 17:00:00,-12606.011838523667
2025-06-12 18:00:00,0.0
2025-06-12 19:00:00,0.0
2025-06-12 20:00:00,0.0
2025-06-12 21:00:00,29644.768031735013
2025-06-12 22:00:00,2758.0551800237945
2025-06-12 23:00:00,0.0
2025-06-13 00:00:00,0.0
2025-06-13 01:00:00,24159.83875
2025-06-13 02:00:00,0.0
2025-06-13 03:00:00,22401.859667
2025-06-13 04:00:00,22430.418163
2025-06-13 05:00:00,0.0
2025-06-13 06:00:00,14723.895889624075
2025-06-13 07:00:00,0.0
2025-06-13 08:00:00,0.0
2025-06-13 09:00:00,0.0
2025-06-13 10:00:00,-2517.0735613169863
2025-06-13 11:00:00,-21261.3120778421
2025-06-13 12:00:00,-21595.479980348962
2025-06-13 13:00:00,-21115.63757649056
2025-06-13 14:00:00,-19225.160625280696
2025-06-13 15:00:00,-17560.79994260346
2025-06-13 16:00:00,-14420.364708279816
2025-06-13 17:00:00,-11325.10006270729
2025-06-13 18:00:00,0.0
2025-06-13 19:00:00,0.0
2025-06-13 20:00:00,0.0
2025-06-13 21:00:00,0.0
2025-06-13 22:00:00,28056.040929
2025-06-13 23:00:00,0.0
2025-06-14 00:00:00,25150.039419
2025-06-14 01:00:00,23863.612492
2025-06-14 02:00:00,22831.751502
2025-06-14 03:00:00,0.0
2025-06-14 04:00:00,3710.523659538499
2025-06-14 05:00:00,0.0
2025-06-14 06:00:00,12506.86767984439
2025-06-14 07:00:00,0.0
2025-06-14 08:00:00,0.0
2025-06-14 09:00:00,0.0
2025-06-14 10:00:00,0.0
2025-06-14 11:00:00,-22168.32634689061
2025-06-14 12:00:00,-23570.60282345762
2025-06-14 13:00:00,-22334.851557348084
2025-06-14 14:00:00,-21158.3633359402
2025-06-14 15:00:00,-18231.065807400613
2025-06-14 16:00:00,-13743.75426271015
2025-06-14 17:00:00,-7813.964401122619
2025-06-14 18:00:00,6893.908366284657
2025-06-14 19:00:00,0.0
2025-06-14 20:00:00,0.0
2025-06-14 21:00:00,28669.070492099865
2025-06-14 22:00:00,5207.244410111773
2025-06-14 23:00:00,0.0
2025-06-15 00:00:00,0.0
2025-06-15 01:00:00,0.0
2025-06-15 02:00:00,22226.216515
2025-06-15 03:00:00,0.0
2025-06-15 04:00:00,21026.142425
2025-06-15 05:00:00,20816.798439816524
2025-06-15 06:00:00,11279.455033070059
2025-06-15 07:00:00,0.0
2025-06-15 08:00:00,0.0
2025-06-15 09:00:00,0.0
2025-06-15 10:00:00,0.0
2025-06-15 11:00:00,-14892.69950822619
2025-06-15 12:00:00,-25136.97624729452
2025-06-15 13:00:00,-23623.55522732379
2025-06-15 14:00:00,-21859.57959862324
2025-06-15 15:00:00,-19020.688522791923
2025-06-15 16:00:00,-15507.892728803861
2025-06-15 17:00:00,-8979.536701806366
2025-06-15 18:00:00,0.0
2025-06-15 19:00:00,25621.077650941166
2025-06-15 20:00:00,0.0
2025-06-15 21:00:00,0.0
2025-06-15 22:00:00,28657.202533
2025-06-15 23:00:00,0.0
2025-06-16 00:00:00,24954.213859
2025-06-16 01:00:00,0.0
2025-06-16 02:00:00,0.0
2025-06-16 03:00:00,14177.839952133547
2025-06-16 04:00:00,0.0
2025-06-16 05:00:00,22708.50168630817
2025-06-16 06:00:00,0.0
2025-06-16 07:00:00,0.0
2025-06-16 08:00:00,0.0
2025-06-16 09:00:00,0.0
2025-06-16 10:00:00,-12947.267389666793
2025-06-16 11:00:00,-19927.12911282192
2025-06-16 12:00:00,-19995.681747708415
2025-06-16 13:00:00,-19852.733666134103
2025-06-16 14:00:00,-18397.91660207558
2025-06-16 15:00:00,-16471.01514683181
2025-06-16 16:00:00,-13207.283566106864
2025-06-16 17:00:00,-8221.901303524406
2025-06-16 18:00:00,0.0
2025-06-16 19:00:00,0.0
2025-06-16 20:00:00,0.0
2025-06-16 21:00:00,32864.535273
2025-06-16 22:00:00,0.0
2025-06-16 23:00:00,0.0
2025-06-17 00:00:00,0.0
2025-06-17 01:00:00,12860.242658955842
2025-06-17 02:00:00,0.0
2025-06-17 03:00:00,23310.049094
2025-06-17 04:00:00,23267.2822519999
2025-06-17 05:00:00,23816.726403427125
2025-06-17 06:00:00,0.0
2025-06-17 07:00:00,0.0
2025-06-17 08:00:00,0.0
2025-06-17 09:00:00,0.0
2025-06-17 10:00:00,-16945.21697880512
2025-06-17 11:00:00,-19641.625290547418
2025-06-17 12:00:00,-20106.770203167798
2025-06-17 13:00:00,-19566.572439507683
2025-06-17 14:00:00,-18028.66784682041
2025-06-17 15:00:00,-15901.684287937336
2025-06-17 16:00:00,-12164.119775530613
2025-06-17 17:00:00,-6666.271712553498
2025-06-17 18:00:00,0.0
2025-06-17 19:00:00,0.0
2025-06-17 20:00:00,0.0
2025-06-17 21:00:00,32868.9331439999
2025-06-17 22:00:00,4970.370533589892
2025-06-17 23:00:00,28540.6585119999
2025-06-18 00:00:00,0.0
2025-06-18 01:00:00,25525.707216
2025-06-18 02:00:00,0.0
2025-06-18 03:00:00,0.0
2025-06-18 04:00:00,0.0
2025-06-18 05:00:00,24213.166275793195
2025-06-18 06:00:00,0.0
2025-06-18 07:00:00,0.0
2025-06-18 08:00:00,0.0
2025-06-18 09:00:00,-8975.500123410446
2025-06-18 10:00:00,-18079.405251998447
2025-06-18 11:00:00,-19043.666582809496
2025-06-18 12:00:00,-18858.15381505116
2025-06-18 13:00:00,-18068.65126308308
2025-06-18 14:00:00,-16517.45317972554
2025-06-18 15:00:00,-14174.754578955708
2025-06-18 16:00:00,-10629.680199157621
2025-06-18 17:00:00,-4673.663540678375
2025-06-18 18:00:00,8978.594184533209
2025-06-18 19:00:00,28976.7250919356
2025-06-18 20:00:00,0.0
2025-06-18 21:00:00,33955.399742489055
2025-06-18 22:00:00,0.0
2025-06-18 23:00:00,0.0
2025-06-19 00:00:00,27290.476600125574
2025-06-19 01:00:00,0.0
2025-06-19 02:00:00,0.0
2025-06-19 03:00:00,0.0
2025-06-19 04:00:00,0.0
2025-06-19 05:00:00,16917.640062299448
2025-06-19 06:00:00,0.0
2025-06-19 07:00:00,0.0
2025-06-19 08:00:00,0.0
2025-06-19 09:00:00,0.0
2025-06-19 10:00:00,-6421.831597241405
2025-06-19 11:00:00,-20579.805608046252
2025-06-19 12:00:00,-21055.130575695457
2025-06-19 13:00:00,-20329.204039499564
2025-06-19 14:00:00,-19052.62521500206
2025-06-19 15:00:00,-17962.05378351552
2025-06-19 16:00:00,-15257.649675700515
2025-06-19 17:00:00,-8362.628040169133
2025-06-19 18:00:00,6443.412313649445
2025-06-19 19:00:00,0.0
2025-06-19 20:00:00,0.0
2025-06-19 21:00:00,0.0
2025-06-19 22:00:00,0.0
2025-06-19 23:00:00,27073.905983057026
2025-06-20 00:00:00,0.0
2025-06-20 01:00:00,0.0
2025-06-20 02:00:00,22312.179854411617
2025-06-20 03:00:00,22424.38610382805
2025-06-20 04:00:00,0.0
2025-06-20 05:00:00,23043.084149573428
2025-06-20 06:00:00,14821.86727686332
2025-06-20 07:00:00,0.0
2025-06-20 08:00:00,0.0
2025-06-20 09:00:00,0.0
2025-06-20 10:00:00,-8525.364684910332
2025-06-20 11:00:00,-16280.12223115663
2025-06-20 12:00:00,-17696.267336148525
2025-06-20 13:00:00,-18333.53360984294
2025-06-20 14:00:00,-18628.580036627205
2025-06-20 15:00:00,-17996.648690490107
2025-06-20 16:00:00,-17924.16382503024
2025-06-20 17:00:00,-13636.248120663899
2025-06-20 18:00:00,800.4003469979943
2025-06-20 19:00:00,21587.95578585761
2025-06-20 20:00:00,0.0
2025-06-20 21:00:00,0.0
2025-06-20 22:00:00,2936.580198527278
2025-06-20 23:00:00,0.0
2025-06-21 00:00:00,24682.819072
2025-06-21 01:00:00,0.0
2025-06-21 02:00:00,22406.836262
2025-06-21 03:00:00,21879.446195
2025-06-21 04:00:00,21824.797821
2025-06-21 05:00:00,0.0
2025-06-21 06:00:00,0.0
2025-06-21 07:00:00,0.0
2025-06-21 08:00:00,0.0
2025-06-21 09:00:00,0.0
2025-06-21 10:00:00,-8718.913251199632
2025-06-21 11:00:00,-16574.99311388095
2025-06-21 12:00:00,-16647.769911896812
2025-06-21 13:00:00,-16285.322231843853
2025-06-21 14:00:00,-17542.294206315106
2025-06-21 15:00:00,-18241.325599855332
2025-06-21 16:00:00,-18269.54826185942
2025-06-21 17:00:00,-15404.554571112381
2025-06-21 18:00:00,-1336.2073869063788
2025-06-21 19:00:00,0.0
2025-06-21 20:00:00,17245.058194975907
2025-06-21 21:00:00,0.0
2025-06-21 22:00:00,0.0
2025-06-21 23:00:00,24086.070146
2025-06-22 00:00:00,0.0
2025-06-22 01:00:00,22581.430537
2025-06-22 02:00:00,0.0
2025-06-22 03:00:00,0.0
2025-06-22 04:00:00,20524.528942
2025-06-22 05:00:00,20246.698182890257
2025-06-22 06:00:00,11435.049678516716
2025-06-22 07:00:00,0.0
2025-06-22 08:00:00,0.0
2025-06-22 09:00:00,0.0
2025-06-22 10:00:00,-6922.20966034627
2025-06-22 11:00:00,-18891.29442385537
2025-06-22 12:00:00,-19936.208447254932
2025-06-22 13:00:00,-18637.393104607574
2025-06-22 14:00:00,-17583.226100504922
2025-06-22 15:00:00,-16253.787941899991
2025-06-22 16:00:00,-16542.799843382898
2025-06-22 17:00:00,-13295.8400043925
2025-06-22 18:00:00,-958.1690086254202
2025-06-22 19:00:00,0.0
2025-06-22 20:00:00,0.0
2025-06-22 21:00:00,27712.338247046657
2025-06-22 22:00:00,0.0
2025-06-22 23:00:00,8261.96456095117
2025-06-23 00:00:00,0.0
2025-06-23 01:00:00,22360.000022751723
2025-06-23 02:00:00,0.0
2025-06-23 03:00:00,21056.377789901788
2025-06-23 04:00:00,21377.988126825458
2025-06-23 05:00:00,0.0
2025-06-23 06:00:00,15350.166933906079
2025-06-23 07:00:00,0.0
2025-06-23 08:00:00,0.0
2025-06-23 09:00:00,0.0
2025-06-23 10:00:00,0.0
2025-06-23 11:00:00,-17450.173411237243
2025-06-23 12:00:00,-22342.29764340694
2025-06-23 13:00:00,-22274.20645189598
2025-06-23 14:00:00,-21666.08273703213
2025-06-23 15:00:00,-19417.5178429614
2025-06-23 16:00:00,-16212.603142795804
2025-06-23 17:00:00,-9658.047305540393
2025-06-23 18:00:00,0.0
2025-06-23 19:00:00,24216.537800195852
2025-06-23 20:00:00,0.0
2025-06-23 21:00:00,4741.397754549779
2025-06-23 22:00:00,0.0
2025-06-23 23:00:00,0.0
2025-06-24 00:00:00,24718.6977679999
2025-06-24 01:00:00,23712.679565399772
2025-06-24 02:00:00,22761.2176909999
2025-06-24 03:00:00,0.0
2025-06-24 04:00:00,0.0
2025-06-24 05:00:00,0.0
2025-06-24 06:00:00,15968.305102237675
2025-06-24 07:00:00,0.0
2025-06-24 08:00:00,0.0
2025-06-24 09:00:00,0.0
2025-06-24 10:00:00,-4782.116556867012
2025-06-24 11:00:00,-19711.824090161936
2025-06-24 12:00:00,-20858.90342597961
2025-06-24 13:00:00,-20729.881735255796
2025-06-24 14:00:00,-20003.07700361754
2025-06-24 15:00:00,-18885.27373349951
2025-06-24 16:00:00,-15137.831664507568
2025-06-24 17:00:00,-8912.020324980891
2025-06-24 18:00:00,0.0
2025-06-24 19:00:00,23108.488136821663
2025-06-24 20:00:00,0.0
2025-06-24 21:00:00,27927.027183665497
2025-06-24 22:00:00,0.0
2025-06-24 23:00:00,26083.993863956213
2025-06-25 00:00:00,0.0
2025-06-25 01:00:00,0.0
2025-06-25 02:00:00,0.0
2025-06-25 03:00:00,0.0
2025-06-25 04:00:00,22399.92464796399
2025-06-25 05:00:00,0.0
2025-06-25 06:00:00,16599.401848975514
2025-06-25 07:00:00,0.0
2025-06-25 08:00:00,0.0
2025-06-25 09:00:00,0.0
2025-06-25 10:00:00,-7387.6405727990805
2025-06-25 11:00:00,-19275.68229518352
2025-06-25 12:00:00,-20122.398504102708
2025-06-25 13:00:00,-20659.859516322642
2025-06-25 14:00:00,-19879.277976667297
2025-06-25 15:00:00,-18080.927477558645
2025-06-25 16:00:00,-14913.515907620993
2025-06-25 17:00:00,-8701.626284615002
2025-06-25 18:00:00,0.0
2025-06-25 19:00:00,25248.5442462067
2025-06-25 20:00:00,0.0
2025-06-25 21:00:00,0.0
2025-06-25 22:00:00,29380.151458046657
2025-06-25 23:00:00,14387.141298930039
2025-06-26 00:00:00,0.0
2025-06-26 01:00:00,0.0
2025-06-26 02:00:00,23611.917731657155
2025-06-26 03:00:00,0.0
2025-06-26 04:00:00,0.0
2025-06-26 05:00:00,23491.080946542326
2025-06-26 06:00:00,0.0
2025-06-26 07:00:00,0.0
2025-06-26 08:00:00,0.0
2025-06-26 09:00:00,0.0
2025-06-26 10:00:00,-9175.227884510572
2025-06-26 11:00:00,-19367.638916314296
2025-06-26 12:00:00,-20449.041280948997
2025-06-26 13:00:00,-19708.89332314834
2025-06-26 14:00:00,-19117.64121935776
2025-06-26 15:00:00,-17717.128675258038
2025-06-26 16:00:00,-14639.044869444464
2025-06-26 17:00:00,-8846.312365887406
2025-06-26 18:00:00,0.0
2025-06-26 19:00:00,0.0
2025-06-26 20:00:00,0.0
2025-06-26 21:00:00,31588.55858455501
2025-06-26 22:00:00,29798.92331
2025-06-26 23:00:00,0.0
2025-06-27 00:00:00,6436.0585612004015
2025-06-27 01:00:00,24693.87708863652
2025-06-27 02:00:00,0.0
2025-06-27 03:00:00,0.0
2025-06-27 04:00:00,0.0
2025-06-27 05:00:00,23601.418136990964
2025-06-27 06:00:00,0.0
2025-06-27 07:00:00,0.0
2025-06-27 08:00:00,0.0
2025-06-27 09:00:00,-2552.666052353172
2025-06-27 10:00:00,-17886.839747619164
2025-06-27 11:00:00,-18966.322648083104
2025-06-27 12:00:00,-19591.827838155754
2025-06-27 13:00:00,-19267.697765623958
2025-06-27 14:00:00,-18069.604862137414
2025-06-27 15:00:00,-15793.548244007929
2025-06-27 16:00:00,-11800.176624655967
2025-06-27 17:00:00,-5092.244752233419
2025-06-27 18:00:00,0.0
2025-06-27 19:00:00,0.0
2025-06-27 20:00:00,33391.73471290205
2025-06-27 21:00:00,0.0
2025-06-27 22:00:00,0.0
2025-06-27 23:00:00,0.0
2025-06-28 00:00:00,0.0
2025-06-28 01:00:00,25113.806816
2025-06-28 02:00:00,23840.1966259999
2025-06-28 03:00:00,0.0
2025-06-28 04:00:00,18214.830260497263
2025-06-28 05:00:00,0.0
2025-06-28 06:00:00,15558.267265983664
2025-06-28 07:00:00,0.0
2025-06-28 08:00:00,0.0
2025-06-28 09:00:00,0.0
2025-06-28 10:00:00,-11823.433898337922
2025-06-28 11:00:00,-20668.995716149646
2025-06-28 12:00:00,-21461.35620695151
2025-06-28 13:00:00,-20622.846882605278
2025-06-28 14:00:00,-19287.237633700843
2025-06-28 15:00:00,-16566.5967827857
2025-06-28 16:00:00,-12683.144682450275
2025-06-28 17:00:00,-5907.316731888706
2025-06-28 18:00:00,7778.406561087824
2025-06-28 19:00:00,27795.935469564727
2025-06-28 20:00:00,0.0
2025-06-28 21:00:00,0.0
2025-06-28 22:00:00,0.0
2025-06-28 23:00:00,0.0
2025-06-29 00:00:00,10107.684530730532
2025-06-29 01:00:00,24775.4689259999
2025-06-29 02:00:00,23555.053299
2025-06-29 03:00:00,0.0
2025-06-29 04:00:00,22106.2868949999
2025-06-29 05:00:00,0.0
2025-06-29 06:00:00,0.0
2025-06-29 07:00:00,0.0
2025-06-29 08:00:00,0.0
2025-06-29 09:00:00,0.0
2025-06-29 10:00:00,-2852.0887962472502
2025-06-29 11:00:00,-21954.113081647924
2025-06-29 12:00:00,-22533.706342400248
2025-06-29 13:00:00,-21773.47934436853
2025-06-29 14:00:00,-19793.039710539542
2025-06-29 15:00:00,-17934.05009336111
2025-06-29 16:00:00,-14166.604887050424
2025-06-29 17:00:00,-8013.84627925486
2025-06-29 18:00:00,0.0
2025-06-29 19:00:00,0.0
2025-06-29 20:00:00,32975.30286194844
2025-06-29 21:00:00,10406.015710259864
2025-06-29 22:00:00,29972.221228
2025-06-29 23:00:00,0.0
2025-06-30 00:00:00,26135.17144
2025-06-30 01:00:00,0.0
2025-06-30 02:00:00,0.0
2025-06-30 03:00:00,0.0
2025-06-30 04:00:00,0.0
2025-06-30 05:00:00,0.0
2025-06-30 06:00:00,16630.12444117458
2025-06-30 07:00:00,0.0
2025-06-30 08:00:00,0.0
2025-06-30 09:00:00,-4227.0518217083645
2025-06-30 10:00:00,-17595.329652526296
2025-06-30 11:00:00,-18715.529553680728
2025-06-30 12:00:00,-18736.4955723741
2025-06-30 13:00:00,-18587.937673748995
2025-06-30 14:00:00,-17903.477167499837
2025-06-30 15:00:00,-15314.318287714395
2025-06-30 16:00:00,-11648.187950708743
2025-06-30 17:00:00,-6292.600854908429
2025-06-30 18:00:00,7639.053382265654
2025-06-30 19:00:00,28207.30427677719
2025-06-30 20:00:00,0.0
2025-06-30 21:00:00,0.0
2025-06-30 22:00:00,31276.110470170795
2025-06-30 23:00:00,0.0
2025-07-01 00:00:00,1195.407190991838
2025-07-01 01:00:00,0.0
2025-07-01 02:00:00,0.0
2025-07-01 03:00:00,23582.007433865496
2025-07-01 04:00:00,0.0
2025-07-01 05:00:00,24218.95292731192
2025-07-01 06:00:00,0.0
2025-07-01 07:00:00,0.0
2025-07-01 08:00:00,-8702.94189966191
2025-07-01 09:00:00,-12645.220159575234
2025-07-01 10:00:00,-14688.340202163257
2025-07-01 11:00:00,-15905.564763314898
2025-07-01 12:00:00,-15640.121566777085
2025-07-01 13:00:00,-14109.807621472544
2025-07-01 14:00:00,-12512.94428108618
2025-07-01 15:00:00,-10891.22169179187
2025-07-01 16:00:00,-8808.747058126493
2025-07-01 17:00:00,-2120.72294902648
2025-07-01 18:00:00,10585.925943487753
2025-07-01 19:00:00,0.0
2025-07-01 20:00:00,34000.0
2025-07-01 21:00:00,0.0
2025-07-01 22:00:00,29557.82943562868
2025-07-01 23:00:00,0.0
2025-07-02 00:00:00,0.0
2025-07-02 01:00:00,0.0
2025-07-02 02:00:00,25339.05182
2025-07-02 03:00:00,0.0
2025-07-02 04:00:00,0.0
2025-07-02 05:00:00,0.0
2025-07-02 06:00:00,0.0
2025-07-02 07:00:00,4940.261774579925
2025-07-02 08:00:00,-4760.756999277815
2025-07-02 09:00:00,-9787.473592299375
2025-07-02 10:00:00,-11073.141046084056
2025-07-02 11:00:00,-13114.219009167493
2025-07-02 12:00:00,-15790.9424671761
2025-07-02 13:00:00,-15894.820314608249
2025-07-02 14:00:00,-15638.714060611579
2025-07-02 15:00:00,-13199.598577248787
2025-07-02 16:00:00,-9355.60300394152
2025-07-02 17:00:00,-3542.680676812073
2025-07-02 18:00:00,0.0
2025-07-02 19:00:00,0.0
2025-07-02 20:00:00,0.0
2025-07-02 21:00:00,0.0
2025-07-02 22:00:00,0.0
2025-07-02 23:00:00,0.0
2025-07-03 00:00:00,26781.814397685583
2025-07-03 01:00:00,25619.643448
2025-07-03 02:00:00,0.0
2025-07-03 03:00:00,0.0
2025-07-03 04:00:00,23727.20094032604
2025-07-03 05:00:00,24421.683567181164
2025-07-03 06:00:00,0.0
2025-07-03 07:00:00,391.8124193115509
2025-07-03 08:00:00,-2065.5896069931623
2025-07-03 09:00:00,-13813.590167297898
2025-07-03 10:00:00,-16055.84702381352
2025-07-03 11:00:00,-17151.466366248835
2025-07-03 12:00:00,-17695.74667933437
2025-07-03 13:00:00,-17295.345505132955
2025-07-03 14:00:00,-16630.68402236671
2025-07-03 15:00:00,-13502.518785496108
2025-07-03 16:00:00,-10100.473970218234
2025-07-03 17:00:00,-4709.666407968089
2025-07-03 18:00:00,0.0
2025-07-03 19:00:00,0.0
2025-07-03 20:00:00,0.0
2025-07-03 21:00:00,0.0
2025-07-03 22:00:00,0.0
2025-07-03 23:00:00,0.0
2025-07-04 00:00:00,0.0
2025-07-04 01:00:00,24851.077763
2025-07-04 02:00:00,23361.999414356953
2025-07-04 03:00:00,22778.084492
2025-07-04 04:00:00,22604.518472
2025-07-04 05:00:00,22523.15554002592
2025-07-04 06:00:00,0.0
2025-07-04 07:00:00,0.0
2025-07-04 08:00:00,0.0
2025-07-04 09:00:00,0.0
2025-07-04 10:00:00,0.0
2025-07-04 11:00:00,-9267.379956078536
2025-07-04 12:00:00,-23487.408580830837
2025-07-04 13:00:00,-23460.037387399985
2025-07-04 14:00:00,-22666.422264178105
2025-07-04 15:00:00,-20676.93950567337
2025-07-04 16:00:00,-17501.837781995724
2025-07-04 17:00:00,-11960.90305871332
2025-07-04 18:00:00,1956.6217606110513
2025-07-04 19:00:00,0.0
2025-07-04 20:00:00,17085.289094771924
2025-07-04 21:00:00,0.0
2025-07-04 22:00:00,27393.1848939999
2025-07-04 23:00:00,0.0
2025-07-05 00:00:00,24944.14759
2025-07-05 01:00:00,0.0
2025-07-05 02:00:00,22712.941751
2025-07-05 03:00:00,22026.650591
2025-07-05 04:00:00,0.0
2025-07-05 05:00:00,0.0
2025-07-05 06:00:00,0.0
2025-07-05 07:00:00,0.0
2025-07-05 08:00:00,0.0
2025-07-05 09:00:00,0.0
2025-07-05 10:00:00,0.0
2025-07-05 11:00:00,-8669.51335504223
2025-07-05 12:00:00,-24050.044392665586
2025-07-05 13:00:00,-23863.200824422576
2025-07-05 14:00:00,-23413.190403898247
2025-07-05 15:00:00,-21569.402863054245
2025-07-05 16:00:00,-18374.441137967617
2025-07-05 17:00:00,-9081.135557819387
2025-07-05 18:00:00,0.0
2025-07-05 19:00:00,23688.453663576085
2025-07-05 20:00:00,0.0
2025-07-05 21:00:00,0.0
2025-07-05 22:00:00,10330.451207872098
2025-07-05 23:00:00,0.0
2025-07-06 00:00:00,24753.74146
2025-07-06 01:00:00,0.0
2025-07-06 02:00:00,22464.247696936636
2025-07-06 03:00:00,0.0
2025-07-06 04:00:00,0.0
2025-07-06 05:00:00,21199.21651810743
2025-07-06 06:00:00,13682.725134890628
2025-07-06 07:00:00,0.0
2025-07-06 08:00:00,0.0
2025-07-06 09:00:00,0.0
2025-07-06 10:00:00,0.0
2025-07-06 11:00:00,-9988.044817636866
2025-07-06 12:00:00,-24165.44772330926
2025-07-06 13:00:00,-24550.30828272888
2025-07-06 14:00:00,-22999.413944810596
2025-07-06 15:00:00,-20214.5057723289
2025-07-06 16:00:00,-16469.571086232816
2025-07-06 17:00:00,-10633.636907822562
2025-07-06 18:00:00,0.0
2025-07-06 19:00:00,0.0
2025-07-06 20:00:00,0.0
2025-07-06 21:00:00,30653.695075084102
2025-07-06 22:00:00,0.0
2025-07-06 23:00:00,0.0
2025-07-07 00:00:00,0.0
2025-07-07 01:00:00,24293.287785
2025-07-07 02:00:00,23783.385201
2025-07-07 03:00:00,23294.108462
2025-07-07 04:00:00,14094.359158298788
2025-07-07 05:00:00,0.0
2025-07-07 06:00:00,0.0
2025-07-07 07:00:00,0.0
2025-07-07 08:00:00,0.0
2025-07-07 09:00:00,0.0
2025-07-07 10:00:00,-14839.412226546327
2025-07-07 11:00:00,-19909.61786448435
2025-07-07 12:00:00,-20147.634754505183
2025-07-07 13:00:00,-19771.22249813526
2025-07-07 14:00:00,-18816.947648152465
2025-07-07 15:00:00,-16127.170403328579
2025-07-07 16:00:00,-12598.396220619044
2025-07-07 17:00:00,-6810.526919098673
2025-07-07 18:00:00,0.0
2025-07-07 19:00:00,27476.414467820778
2025-07-07 20:00:00,0.0
2025-07-07 21:00:00,0.0
2025-07-07 22:00:00,0.0
2025-07-07 23:00:00,28125.712545
2025-07-08 00:00:00,0.0
2025-07-08 01:00:00,0.0
2025-07-08 02:00:00,24294.0547299999
2025-07-08 03:00:00,0.0
2025-07-08 04:00:00,0.0
2025-07-08 05:00:00,24387.587688710253
2025-07-08 06:00:00,11835.06624985196
2025-07-08 07:00:00,0.0
2025-07-08 08:00:00,0.0
2025-07-08 09:00:00,-12002.5688751589
2025-07-08 10:00:00,-15973.332332343303
2025-07-08 11:00:00,-16863.63939013039
2025-07-08 12:00:00,-18580.200747456664
2025-07-08 13:00:00,-18062.921855468936
2025-07-08 14:00:00,-17397.83533130326
2025-07-08 15:00:00,-14385.858400637771
2025-07-08 16:00:00,-10517.423026478853
2025-07-08 17:00:00,-5237.148575891799
2025-07-08 18:00:00,7980.253221055496
2025-07-08 19:00:00,0.0
2025-07-08 20:00:00,0.0
2025-07-08 21:00:00,0.0
2025-07-08 22:00:00,0.0
2025-07-08 23:00:00,0.0
2025-07-09 00:00:00,27566.383772033696
2025-07-09 01:00:00,4762.4798352757025
2025-07-09 02:00:00,0.0
2025-07-09 03:00:00,24515.581966
2025-07-09 04:00:00,24423.12515
2025-07-09 05:00:00,24826.726359583525
2025-07-09 06:00:00,0.0
2025-07-09 07:00:00,2044.2853774344621
2025-07-09 08:00:00,0.0
2025-07-09 09:00:00,-14009.63742677263
2025-07-09 10:00:00,-17275.093800017603
2025-07-09 11:00:00,-18235.479708741783
2025-07-09 12:00:00,-17989.02215019579
2025-07-09 13:00:00,-18046.57793852176
2025-07-09 14:00:00,-16156.06917031248
2025-07-09 15:00:00,-13659.543195296246
2025-07-09 16:00:00,-9303.703562357914
2025-07-09 17:00:00,-4345.801582653679
2025-07-09 18:00:00,0.0
2025-07-09 19:00:00,0.0
2025-07-09 20:00:00,0.0
2025-07-09 21:00:00,34000.0
2025-07-09 22:00:00,0.0
2025-07-09 23:00:00,24299.95291459172
2025-07-10 00:00:00,28195.26947085503
2025-07-10 01:00:00,0.0
2025-07-10 02:00:00,25371.612241
2025-07-10 03:00:00,0.0
2025-07-10 04:00:00,0.0
2025-07-10 05:00:00,0.0
2025-07-10 06:00:00,0.0
2025-07-10 07:00:00,1915.500753528595
2025-07-10 08:00:00,-9232.47614605535
2025-07-10 09:00:00,-13361.109661299452
2025-07-10 10:00:00,-16483.362401297843
2025-07-10 11:00:00,-17604.837757944268
2025-07-10 12:00:00,-17710.39117082665
2025-07-10 13:00:00,-16801.33083576428
2025-07-10 14:00:00,-14619.890961407
2025-07-10 15:00:00,-11574.261913304901
2025-07-10 16:00:00,-7402.034111281297
2025-07-10 17:00:00,-1635.1221296804797
2025-07-10 18:00:00,0.0
2025-07-10 19:00:00,0.0
2025-07-10 20:00:00,34000.0
2025-07-10 21:00:00,3967.616392615092
2025-07-10 22:00:00,0.0
2025-07-10 23:00:00,31069.369278
2025-07-11 00:00:00,0.0
2025-07-11 01:00:00,27359.850047
2025-07-11 02:00:00,0.0
2025-07-11 03:00:00,0.0
2025-07-11 04:00:00,0.0
2025-07-11 05:00:00,0.0
2025-07-11 06:00:00,19721.999963767783
2025-07-11 07:00:00,0.0
2025-07-11 08:00:00,-8973.633537465186
2025-07-11 09:00:00,-12363.08666978732
2025-07-11 10:00:00,-15244.741035350358
2025-07-11 11:00:00,-16579.546384172456
2025-07-11 12:00:00,-16412.57701640741
2025-07-11 13:00:00,-15586.202937817216
2025-07-11 14:00:00,-13833.388645471743
2025-07-11 15:00:00,-11785.114324551207
2025-07-11 16:00:00,-8041.909479894297
2025-07-11 17:00:00,-2243.4496924929845
2025-07-11 18:00:00,821.4850295632665
2025-07-11 19:00:00,0.0
2025-07-11 20:00:00,34000.0
2025-07-11 21:00:00,0.0
2025-07-11 22:00:00,0.0
2025-07-11 23:00:00,30397.196726
2025-07-12 00:00:00,0.0
2025-07-12 01:00:00,0.0
2025-07-12 02:00:00,25561.045058
2025-07-12 03:00:00,0.0
2025-07-12 04:00:00,0.0
2025-07-12 05:00:00,0.0
2025-07-12 06:00:00,18177.557937505895
2025-07-12 07:00:00,0.0
2025-07-12 08:00:00,0.0
2025-07-12 09:00:00,0.0
2025-07-12 10:00:00,-15849.504426784473
2025-07-12 11:00:00,-19521.29912667506
2025-07-12 12:00:00,-20003.85626444172
2025-07-12 13:00:00,-19731.221468466414
2025-07-12 14:00:00,-18687.07437944794
2025-07-12 15:00:00,-16467.592116652402
2025-07-12 16:00:00,-12537.205878769273
2025-07-12 17:00:00,-6223.174873632604
2025-07-12 18:00:00,0.0
2025-07-12 19:00:00,0.0
2025-07-12 20:00:00,0.0
2025-07-12 21:00:00,0.0
2025-07-12 22:00:00,30656.891474
2025-07-12 23:00:00,0.0
2025-07-13 00:00:00,0.0
2025-07-13 01:00:00,20818.052110375014
2025-07-13 02:00:00,0.0
2025-07-13 03:00:00,23643.1619169999
2025-07-13 04:00:00,0.0
2025-07-13 05:00:00,23092.92485
2025-07-13 06:00:00,17892.96874356056
2025-07-13 07:00:00,14.83658644741081
2025-07-13 08:00:00,0.0
2025-07-13 09:00:00,0.0
2025-07-13 10:00:00,-11646.501491288085
2025-07-13 11:00:00,-20282.914851687885
2025-07-13 12:00:00,-21445.29630408114
2025-07-13 13:00:00,-21486.781885914825
2025-07-13 14:00:00,-20034.66992715294
2025-07-13 15:00:00,-17072.75286425362
2025-07-13 16:00:00,-12314.566299030386
2025-07-13 17:00:00,-4737.444911461
2025-07-13 18:00:00,10298.824841350208
2025-07-13 19:00:00,0.0
2025-07-13 20:00:00,0.0
2025-07-13 21:00:00,32428.849032
2025-07-13 22:00:00,0.0
2025-07-13 23:00:00,28715.463945
2025-07-14 00:00:00,0.0
2025-07-14 01:00:00,0.0
2025-07-14 02:00:00,0.0
2025-07-14 03:00:00,0.0
2025-07-14 04:00:00,0.0
2025-07-14 05:00:00,24583.473449618374
2025-07-14 06:00:00,6060.024668236564
2025-07-14 07:00:00,0.0
2025-07-14 08:00:00,-5702.662002209796
2025-07-14 09:00:00,-10538.360437098778
2025-07-14 10:00:00,-13551.447137912757
2025-07-14 11:00:00,-14662.70640881552
2025-07-14 12:00:00,-15344.19261155502
2025-07-14 13:00:00,-14531.499622350195
2025-07-14 14:00:00,-13166.805915026678
2025-07-14 15:00:00,-11174.422393361529
2025-07-14 16:00:00,-6934.650883281698
2025-07-14 17:00:00,0.0
2025-07-14 18:00:00,0.0
2025-07-14 19:00:00,30546.550600307644
2025-07-14 20:00:00,0.0
2025-07-14 21:00:00,0.0
2025-07-14 22:00:00,0.0
2025-07-14 23:00:00,0.0
2025-07-15 00:00:00,27996.053791
2025-07-15 01:00:00,0.0
2025-07-15 02:00:00,0.0
2025-07-15 03:00:00,0.0
2025-07-15 04:00:00,24826.267990320855
2025-07-15 05:00:00,25709.400034
2025-07-15 06:00:00,0.0
2025-07-15 07:00:00,0.0
2025-07-15 08:00:00,-3433.951068602123
2025-07-15 09:00:00,-12477.40255724161
2025-07-15 10:00:00,-14921.014943086513
2025-07-15 11:00:00,-16860.57043663292
2025-07-15 12:00:00,-17378.186482957244
2025-07-15 13:00:00,-17365.39513895751
2025-07-15 14:00:00,-16890.78797052463
2025-07-15 15:00:00,-14766.958953466601
2025-07-15 16:00:00,-11020.515203258266
2025-07-15 17:00:00,-3906.1457801424767
2025-07-15 18:00:00,10377.313341964342
2025-07-15 19:00:00,0.0
2025-07-15 20:00:00,33677.437524841014
2025-07-15 21:00:00,32836.460737
2025-07-15 22:00:00,0.0
2025-07-15 23:00:00,0.0
2025-07-16 00:00:00,0.0
2025-07-16 01:00:00,10803.149797561764
2025-07-16 02:00:00,0.0
2025-07-16 03:00:00,0.0
2025-07-16 04:00:00,0.0
2025-07-16 05:00:00,24785.577179962456
2025-07-16 06:00:00,0.0
2025-07-16 07:00:00,3638.897100053302
2025-07-16 08:00:00,0.0
2025-07-16 09:00:00,-12613.46640422705
2025-07-16 10:00:00,-16295.39719848696
2025-07-16 11:00:00,-16668.948212084655
2025-07-16 12:00:00,-16984.021894108882
2025-07-16 13:00:00,-16856.742853671214
2025-07-16 14:00:00,-16454.70239229184
2025-07-16 15:00:00,-15102.532213733182
2025-07-16 16:00:00,-11959.563085993894
2025-07-16 17:00:00,-6085.5542802721975
2025-07-16 18:00:00,0.0
2025-07-16 19:00:00,26968.335091292913
2025-07-16 20:00:00,0.0
2025-07-16 21:00:00,32112.5075
2025-07-16 22:00:00,30263.9049549999
2025-07-16 23:00:00,0.0
2025-07-17 00:00:00,0.0
2025-07-17 01:00:00,0.0
2025-07-17 02:00:00,24531.693942
2025-07-17 03:00:00,0.0
2025-07-17 04:00:00,0.0
2025-07-17 05:00:00,0.0
2025-07-17 06:00:00,2242.394193090058
2025-07-17 07:00:00,0.0
2025-07-17 08:00:00,-3328.3656471877184
2025-07-17 09:00:00,-8820.053924656851
2025-07-17 10:00:00,-12508.108621718595
2025-07-17 11:00:00,-13656.03770229734
2025-07-17 12:00:00,-13926.090299788735
2025-07-17 13:00:00,-12892.217920808042
2025-07-17 14:00:00,-11246.23723431255
2025-07-17 15:00:00,-7538.760370302993
2025-07-17 16:00:00,-3427.470339936728
2025-07-17 17:00:00,0.0
2025-07-17 18:00:00,13614.915455082413
2025-07-17 19:00:00,0.0
2025-07-17 20:00:00,0.0
2025-07-17 21:00:00,0.0
2025-07-17 22:00:00,0.0
2025-07-17 23:00:00,29279.00429
2025-07-18 00:00:00,0.0
2025-07-18 01:00:00,25781.286738
2025-07-18 02:00:00,0.0
2025-07-18 03:00:00,9933.801371826192
2025-07-18 04:00:00,0.0
2025-07-18 05:00:00,0.0
2025-07-18 06:00:00,0.0
2025-07-18 07:00:00,0.0
2025-07-18 08:00:00,-7941.516688279637
2025-07-18 09:00:00,-11947.003913072465
2025-07-18 10:00:00,-14258.360321967077
2025-07-18 11:00:00,-14099.823603227418
2025-07-18 12:00:00,-13717.925666070962
2025-07-18 13:00:00,-14360.988968403402
2025-07-18 14:00:00,-14433.058251989682
2025-07-18 15:00:00,-13401.47854966536
2025-07-18 16:00:00,-10809.056152207333
2025-07-18 17:00:00,-5786.936690886865
2025-07-18 18:00:00,8708.779791901125
2025-07-18 19:00:00,0.0
2025-07-18 20:00:00,32563.52320564948
2025-07-18 21:00:00,0.0
2025-07-18 22:00:00,0.0
2025-07-18 23:00:00,0.0
2025-07-19 00:00:00,27149.413391
2025-07-19 01:00:00,25749.997054
2025-07-19 02:00:00,0.0
2025-07-19 03:00:00,0.0
2025-07-19 04:00:00,0.0
2025-07-19 05:00:00,14508.820482642595
2025-07-19 06:00:00,0.0
2025-07-19 07:00:00,0.0
2025-07-19 08:00:00,0.0
2025-07-19 09:00:00,0.0
2025-07-19 10:00:00,-6526.555200582543
2025-07-19 11:00:00,-19221.412387414985
2025-07-19 12:00:00,-20800.090947874603
2025-07-19 13:00:00,-21336.11800471067
2025-07-19 14:00:00,-20308.986858754422
2025-07-19 15:00:00,-18243.07084443566
2025-07-19 16:00:00,-14651.166493822308
2025-07-19 17:00:00,-7933.527797274699
2025-07-19 18:00:00,0.0
2025-07-19 19:00:00,15889.490086983118
2025-07-19 20:00:00,0.0
2025-07-19 21:00:00,30586.89805108151
2025-07-19 22:00:00,0.0
2025-07-19 23:00:00,0.0
2025-07-20 00:00:00,0.0
2025-07-20 01:00:00,24729.68120131826
2025-07-20 02:00:00,0.0
2025-07-20 03:00:00,0.0
2025-07-20 04:00:00,22540.363269
2025-07-20 05:00:00,22372.403073
2025-07-20 06:00:00,0.0
2025-07-20 07:00:00,0.0
2025-07-20 08:00:00,0.0
2025-07-20 09:00:00,0.0
2025-07-20 10:00:00,-3391.1465120538724
2025-07-20 11:00:00,-20027.416748450723
2025-07-20 12:00:00,-21274.399903019104
2025-07-20 13:00:00,-22007.701231547308
2025-07-20 14:00:00,-20470.35554679287
2025-07-20 15:00:00,-18530.512035965505
2025-07-20 16:00:00,-15821.475636995587
2025-07-20 17:00:00,-7497.920920044915
2025-07-20 18:00:00,0.0
2025-07-20 19:00:00,16978.050406382896
2025-07-20 20:00:00,0.0
2025-07-20 21:00:00,0.0
2025-07-20 22:00:00,28101.412363
2025-07-20 23:00:00,0.0
2025-07-21 00:00:00,25329.431455
2025-07-21 01:00:00,0.0
2025-07-21 02:00:00,23040.944292
2025-07-21 03:00:00,22668.997165
2025-07-21 04:00:00,0.0
2025-07-21 05:00:00,0.0
2025-07-21 06:00:00,0.0
2025-07-21 07:00:00,0.0
2025-07-21 08:00:00,0.0
2025-07-21 09:00:00,0.0
2025-07-21 10:00:00,-11425.232771501676
2025-07-21 11:00:00,-18076.794168205863
2025-07-21 12:00:00,-18448.593011433295
2025-07-21 13:00:00,-18459.395767957783
2025-07-21 14:00:00,-19228.852271354015
2025-07-21 15:00:00,-18565.074525881337
2025-07-21 16:00:00,-15205.868522431509
2025-07-21 17:00:00,-9611.117496104398
2025-07-21 18:00:00,0.0
2025-07-21 19:00:00,25402.141141809047
2025-07-21 20:00:00,0.0
2025-07-21 21:00:00,30647.85888532604
2025-07-21 22:00:00,13713.149431911024
2025-07-21 23:00:00,0.0
2025-07-22 00:00:00,26166.047389
2025-07-22 01:00:00,0.0
2025-07-22 02:00:00,0.0
2025-07-22 03:00:00,0.0
2025-07-22 04:00:00,0.0
2025-07-22 05:00:00,0.0
2025-07-22 06:00:00,20189.638833336765
2025-07-22 07:00:00,0.0
2025-07-22 08:00:00,0.0
2025-07-22 09:00:00,0.0
2025-07-22 10:00:00,-9264.368135168768
2025-07-22 11:00:00,-18861.71843487276
2025-07-22 12:00:00,-19364.269009646363
2025-07-22 13:00:00,-19358.77223793909
2025-07-22 14:00:00,-18791.62161012742
2025-07-22 15:00:00,-16793.473925825063
2025-07-22 16:00:00,-15117.759469953984
2025-07-22 17:00:00,-11468.945711336437
2025-07-22 18:00:00,0.0
2025-07-22 19:00:00,24516.22112198584
2025-07-22 20:00:00,30572.426038626425
2025-07-22 21:00:00,30244.878295
2025-07-22 22:00:00,0.0
2025-07-22 23:00:00,0.0
2025-07-23 00:00:00,6629.772729770619
2025-07-23 01:00:00,0.0
2025-07-23 02:00:00,0.0
2025-07-23 03:00:00,0.0
2025-07-23 04:00:00,0.0
2025-07-23 05:00:00,24155.537496
2025-07-23 06:00:00,0.0
2025-07-23 07:00:00,0.0
2025-07-23 08:00:00,0.0
2025-07-23 09:00:00,0.0
2025-07-23 10:00:00,-6916.443760795562
2025-07-23 11:00:00,-19968.12961598008
2025-07-23 12:00:00,-20429.504007836364
2025-07-23 13:00:00,-19564.543044800565
2025-07-23 14:00:00,-18508.44528283986
2025-07-23 15:00:00,-17660.6961957825
2025-07-23 16:00:00,-15091.27020632298
2025-07-23 17:00:00,-10881.896420511977
2025-07-23 18:00:00,0.0
2025-07-23 19:00:00,25790.41829897636
2025-07-23 20:00:00,0.0
2025-07-23 21:00:00,31366.310886699885
2025-07-23 22:00:00,29512.67225548387
2025-07-23 23:00:00,5522.515612262797
2025-07-24 00:00:00,0.0
2025-07-24 01:00:00,0.0
2025-07-24 02:00:00,0.0
2025-07-24 03:00:00,0.0
2025-07-24 04:00:00,0.0
2025-07-24 05:00:00,23926.918627959967
2025-07-24 06:00:00,0.0
2025-07-24 07:00:00,0.0
2025-07-24 08:00:00,0.0
2025-07-24 09:00:00,0.0
2025-07-24 10:00:00,-13535.081249978073
2025-07-24 11:00:00,-19064.583364193484
2025-07-24 12:00:00,-19770.30553656964
2025-07-24 13:00:00,-20208.12130034322
2025-07-24 14:00:00,-19066.975809099724
2025-07-24 15:00:00,-17763.866471571666
2025-07-24 16:00:00,-12631.731756358815
2025-07-24 17:00:00,-6980.263046755252
2025-07-24 18:00:00,4505.385059485758
2025-07-24 19:00:00,0.0
2025-07-24 20:00:00,31673.341194486464
2025-07-24 21:00:00,31093.961235
2025-07-24 22:00:00,25040.65622341066
2025-07-24 23:00:00,0.0
2025-07-25 00:00:00,0.0
2025-07-25 01:00:00,0.0
2025-07-25 02:00:00,23805.491969
2025-07-25 03:00:00,0.0
2025-07-25 04:00:00,0.0
2025-07-25 05:00:00,0.0
2025-07-25 06:00:00,0.0
2025-07-25 07:00:00,0.0
2025-07-25 08:00:00,0.0
2025-07-25 09:00:00,0.0
2025-07-25 10:00:00,-7311.026779023348
2025-07-25 11:00:00,-17970.66320643737
2025-07-25 12:00:00,-19843.0224820281
2025-07-25 13:00:00,-20206.841541409663
2025-07-25 14:00:00,-18465.00878000032
2025-07-25 15:00:00,-17981.231253945447
2025-07-25 16:00:00,-15521.979395361457
2025-07-25 17:00:00,-11721.155096664177
2025-07-25 18:00:00,3266.613429670462
2025-07-25 19:00:00,24872.5468262246
2025-07-25 20:00:00,11868.13777816697
2025-07-25 21:00:00,29481.299887
2025-07-25 22:00:00,0.0
2025-07-25 23:00:00,0.0
2025-07-26 00:00:00,0.0
2025-07-26 01:00:00,24156.284456320856
2025-07-26 02:00:00,0.0
2025-07-26 03:00:00,0.0
2025-07-26 04:00:00,22473.953304
2025-07-26 05:00:00,0.0
2025-07-26 06:00:00,0.0
2025-07-26 07:00:00,0.0
2025-07-26 08:00:00,0.0
2025-07-26 09:00:00,0.0
2025-07-26 10:00:00,0.0
2025-07-26 11:00:00,-14564.295353343003
2025-07-26 12:00:00,-20827.550267479804
2025-07-26 13:00:00,-21867.25230536664
2025-07-26 14:00:00,-22327.945349301837
2025-07-26 15:00:00,-20975.68316132796
2025-07-26 16:00:00,-17423.819710328862
2025-07-26 17:00:00,-11034.382387721758
2025-07-26 18:00:00,4596.439622338923
2025-07-26 19:00:00,0.0
2025-07-26 20:00:00,0.0
2025-07-26 21:00:00,0.0
2025-07-26 22:00:00,26927.199065
2025-07-26 23:00:00,25375.304227
2025-07-27 00:00:00,24362.1328149999
2025-07-27 01:00:00,0.0
2025-07-27 02:00:00,22183.432126
2025-07-27 03:00:00,12674.327826044067
2025-07-27 04:00:00,0.0
2025-07-27 05:00:00,0.0
2025-07-27 06:00:00,0.0
2025-07-27 07:00:00,0.0
2025-07-27 08:00:00,0.0
2025-07-27 09:00:00,0.0
2025-07-27 10:00:00,0.0
2025-07-27 11:00:00,-2299.8197091082466
2025-07-27 12:00:00,-24245.618870528142
2025-07-27 13:00:00,-24787.139734295684
2025-07-27 14:00:00,-24191.35645457152
2025-07-27 15:00:00,-21831.03432443109
2025-07-27 16:00:00,-18781.191965685244
2025-07-27 17:00:00,-12884.767476249952
2025-07-27 18:00:00,2320.411307962724
2025-07-27 19:00:00,0.0
2025-07-27 20:00:00,0.0
2025-07-27 21:00:00,0.0
2025-07-27 22:00:00,27332.748635
2025-07-27 23:00:00,0.0
2025-07-28 00:00:00,0.0
2025-07-28 01:00:00,0.0
2025-07-28 02:00:00,20246.827472107263
2025-07-28 03:00:00,22988.841644
2025-07-28 04:00:00,0.0
2025-07-28 05:00:00,23291.350576
2025-07-28 06:00:00,19938.656046312895
2025-07-28 07:00:00,0.0
2025-07-28 08:00:00,0.0
2025-07-28 09:00:00,0.0
2025-07-28 10:00:00,-11945.945656348627
2025-07-28 11:00:00,-19299.92256002756
2025-07-28 12:00:00,-19476.909224177005
2025-07-28 13:00:00,-20301.23946938844
2025-07-28 14:00:00,-19662.42849603653
2025-07-28 15:00:00,-16445.929014425117
2025-07-28 16:00:00,-13427.321667766413
2025-07-28 17:00:00,-8461.232446700196
2025-07-28 18:00:00,0.0
2025-07-28 19:00:00,0.0
2025-07-28 20:00:00,32832.31157052511
2025-07-28 21:00:00,32064.555769
2025-07-28 22:00:00,0.0
2025-07-28 23:00:00,0.0
2025-07-29 00:00:00,26578.163861
2025-07-29 01:00:00,0.0
2025-07-29 02:00:00,3719.5283386851193
2025-07-29 03:00:00,0.0
2025-07-29 04:00:00,0.0
2025-07-29 05:00:00,0.0
2025-07-29 06:00:00,20924.276142172654
2025-07-29 07:00:00,0.0
2025-07-29 08:00:00,0.0
2025-07-29 09:00:00,-1510.7705187976624
2025-07-29 10:00:00,-16827.983481618245
2025-07-29 11:00:00,-18381.41187779544
2025-07-29 12:00:00,-19392.0151041944
2025-07-29 13:00:00,-19080.61792330274
2025-07-29 14:00:00,-18181.002175448004
2025-07-29 15:00:00,-15749.02828524608
2025-07-29 16:00:00,-12891.942827180435
2025-07-29 17:00:00,-7006.156341286856
2025-07-29 18:00:00,0.0
2025-07-29 19:00:00,0.0
2025-07-29 20:00:00,33215.79906642097
2025-07-29 21:00:00,32626.1601281
2025-07-29 22:00:00,0.0
2025-07-29 23:00:00,0.0
2025-07-30 00:00:00,0.0
2025-07-30 01:00:00,0.0
2025-07-30 02:00:00,24626.095404
2025-07-30 03:00:00,0.0
2025-07-30 04:00:00,4454.562848601676
2025-07-30 05:00:00,0.0
2025-07-30 06:00:00,21196.218234260235
2025-07-30 07:00:00,0.0
2025-07-30 08:00:00,0.0
2025-07-30 09:00:00,-352.421615552286
2025-07-30 10:00:00,-16967.538939074493
2025-07-30 11:00:00,-18260.81324059532
2025-07-30 12:00:00,-19071.8380860001
2025-07-30 13:00:00,-19700.403846038
2025-07-30 14:00:00,-18027.286676595024
2025-07-30 15:00:00,-16305.58585772444
2025-07-30 16:00:00,-12768.922731334242
2025-07-30 17:00:00,-7566.11754195598
2025-07-30 18:00:00,0.0
2025-07-30 19:00:00,29413.59277512284
2025-07-30 20:00:00,0.0
2025-07-30 21:00:00,12542.44578026004
2025-07-30 22:00:00,0.0
2025-07-30 23:00:00,0.0
2025-07-31 00:00:00,27099.053351
2025-07-31 01:00:00,0.0
2025-07-31 02:00:00,0.0
2025-07-31 03:00:00,0.0
2025-07-31 04:00:00,23298.110083
2025-07-31 05:00:00,23765.633692
2025-07-31 06:00:00,0.0
2025-07-31 07:00:00,0.0
2025-07-31 08:00:00,0.0
2025-07-31 09:00:00,-2901.9746007247372
2025-07-31 10:00:00,-17764.196347830417
2025-07-31 11:00:00,-18952.591711484893
2025-07-31 12:00:00,-18967.54284702609
2025-07-31 13:00:00,-18828.202878951244
2025-07-31 14:00:00,-17531.653734867956
2025-07-31 15:00:00,-15341.295605024181
2025-07-31 16:00:00,-11866.638758035479
2025-07-31 17:00:00,-6866.832050924873
2025-07-31 18:00:00,9665.124274436337
2025-07-31 19:00:00,30226.113482629997
2025-07-31 20:00:00,34000.0
2025-07-31 21:00:00,0.0
2025-07-31 22:00:00,0.0
2025-07-31 23:00:00,14857.708048316535
2025-08-01 00:00:00,27369.889876
2025-08-01 01:00:00,0.0
2025-08-01 02:00:00,0.0
2025-08-01 03:00:00,0.0
2025-08-01 04:00:00,0.0
2025-08-01 05:00:00,0.0
2025-08-01 06:00:00,0.0
2025-08-01 07:00:00,0.0
2025-08-01 08:00:00,0.0
2025-08-01 09:00:00,0.0
2025-08-01 10:00:00,-17916.40020134883
2025-08-01 11:00:00,-19258.19920014954
2025-08-01 12:00:00,-19620.120749036563
2025-08-01 13:00:00,-18827.65118013024
2025-08-01 14:00:00,-17872.9160765042
2025-08-01 15:00:00,-15950.852832669581
2025-08-01 16:00:00,-12400.31067252389
2025-08-01 17:00:00,-7174.477622507024
2025-08-01 18:00:00,0.0
2025-08-01 19:00:00,0.0
2025-08-01 20:00:00,33448.031795
2025-08-01 21:00:00,0.0
2025-08-01 22:00:00,0.0
2025-08-01 23:00:00,0.0
2025-08-02 00:00:00,26920.1471509999
2025-08-02 01:00:00,0.0
2025-08-02 02:00:00,24511.281747
2025-08-02 03:00:00,0.0
2025-08-02 04:00:00,0.0
2025-08-02 05:00:00,7943.378052872326
2025-08-02 06:00:00,20145.421498276737
2025-08-02 07:00:00,3150.5754372339143
2025-08-02 08:00:00,0.0
2025-08-02 09:00:00,0.0
2025-08-02 10:00:00,-1371.4496229736733
2025-08-02 11:00:00,-20552.41859167124
2025-08-02 12:00:00,-21496.836617531986
2025-08-02 13:00:00,-21682.313074371563
2025-08-02 14:00:00,-21102.165221737196
2025-08-02 15:00:00,-18779.00094353875
2025-08-02 16:00:00,-14997.874853213132
2025-08-02 17:00:00,-9038.869609832338
2025-08-02 18:00:00,8171.221911804005
2025-08-02 19:00:00,0.0
2025-08-02 20:00:00,32307.286553544644
2025-08-02 21:00:00,0.0
2025-08-02 22:00:00,29553.884853
2025-08-02 23:00:00,0.0
2025-08-03 00:00:00,0.0
2025-08-03 01:00:00,0.0
2025-08-03 02:00:00,0.0
2025-08-03 03:00:00,22450.781348918175
2025-08-03 04:00:00,22425.65311
2025-08-03 05:00:00,0.0
2025-08-03 06:00:00,0.0
2025-08-03 07:00:00,1210.0079041160498
2025-08-03 08:00:00,0.0
2025-08-03 09:00:00,0.0
2025-08-03 10:00:00,-1373.493849223747
2025-08-03 11:00:00,-21151.64849333648
2025-08-03 12:00:00,-21897.451318211184
2025-08-03 13:00:00,-21990.816390889107
2025-08-03 14:00:00,-20327.989966662593
2025-08-03 15:00:00,-19026.555544544422
2025-08-03 16:00:00,-15762.833891597831
2025-08-03 17:00:00,-7490.139080404526
2025-08-03 18:00:00,10178.66755610919
2025-08-03 19:00:00,0.0
2025-08-03 20:00:00,0.0
2025-08-03 21:00:00,0.0
2025-08-03 22:00:00,29318.25497600259
2025-08-03 23:00:00,27091.047837
2025-08-04 00:00:00,0.0
2025-08-04 01:00:00,0.0
2025-08-04 02:00:00,23750.136403
2025-08-04 03:00:00,0.0
2025-08-04 04:00:00,23079.553542
2025-08-04 05:00:00,0.0
2025-08-04 06:00:00,0.0
2025-08-04 07:00:00,2701.175367271107
2025-08-04 08:00:00,-8203.989880128553
2025-08-04 09:00:00,-13379.330052150966
2025-08-04 10:00:00,-15304.602974426478
2025-08-04 11:00:00,-17162.877706855703
2025-08-04 12:00:00,-17188.6434411847
2025-08-04 13:00:00,-16160.295169378616
2025-08-04 14:00:00,-13371.627349659535
2025-08-04 15:00:00,-10440.113849545836
2025-08-04 16:00:00,-5550.980235470313
2025-08-04 17:00:00,0.0
2025-08-04 18:00:00,0.0
2025-08-04 19:00:00,0.0
2025-08-04 20:00:00,33576.636927
2025-08-04 21:00:00,32634.1904809999
2025-08-04 22:00:00,0.0
2025-08-04 23:00:00,13683.12048692072
2025-08-05 00:00:00,0.0
2025-08-05 01:00:00,25192.266698
2025-08-05 02:00:00,0.0
2025-08-05 03:00:00,0.0
2025-08-05 04:00:00,0.0
2025-08-05 05:00:00,0.0
2025-08-05 06:00:00,0.0
2025-08-05 07:00:00,0.0
2025-08-05 08:00:00,-2078.6862069190456
2025-08-05 09:00:00,-11309.724190901463
2025-08-05 10:00:00,-14904.685670441278
2025-08-05 11:00:00,-16412.805500449198
2025-08-05 12:00:00,-17617.13459165
2025-08-05 13:00:00,-18355.41765998828
2025-08-05 14:00:00,-17358.8352373524
2025-08-05 15:00:00,-15407.605307983296
2025-08-05 16:00:00,-11509.99971250006
2025-08-05 17:00:00,-4066.034456684858
2025-08-05 18:00:00,0.0
2025-08-05 19:00:00,0.0
2025-08-05 20:00:00,0.0
2025-08-05 21:00:00,0.0
2025-08-05 22:00:00,31306.890208
2025-08-05 23:00:00,27419.534941111353
2025-08-06 00:00:00,0.0
2025-08-06 01:00:00,25843.579908
2025-08-06 02:00:00,0.0
2025-08-06 03:00:00,0.0
2025-08-06 04:00:00,0.0
2025-08-06 05:00:00,0.0
2025-08-06 06:00:00,0.0
2025-08-06 07:00:00,0.0
2025-08-06 08:00:00,-4852.659427409777
2025-08-06 09:00:00,-9545.970034661616
2025-08-06 10:00:00,-10825.605752483076
2025-08-06 11:00:00,-13892.244299971688
2025-08-06 12:00:00,-13688.305855488295
2025-08-06 13:00:00,-13877.11166598872
2025-08-06 14:00:00,-12632.069103297741
2025-08-06 15:00:00,-10074.522277305463
2025-08-06 16:00:00,-4578.183869072942
2025-08-06 17:00:00,0.0
2025-08-06 18:00:00,19670.423702300435
2025-08-06 19:00:00,34000.0
2025-08-06 20:00:00,34000.0
2025-08-06 21:00:00,0.0
2025-08-06 22:00:00,0.0
2025-08-06 23:00:00,0.0
2025-08-07 00:00:00,0.0
2025-08-07 01:00:00,0.0
2025-08-07 02:00:00,0.0
2025-08-07 03:00:00,0.0
2025-08-07 04:00:00,0.0
2025-08-07 05:00:00,0.0
2025-08-07 06:00:00,0.0
2025-08-07 07:00:00,0.0
2025-08-07 08:00:00,-4709.671812231063
2025-08-07 09:00:00,-9047.373826058807
2025-08-07 10:00:00,-11118.642699746822
2025-08-07 11:00:00,-11936.686929898722
2025-08-07 12:00:00,-12870.380444304552
2025-08-07 13:00:00,-11414.719080300049
2025-08-07 14:00:00,-9550.893873731482
2025-08-07 15:00:00,-6996.85379326078
2025-08-07 16:00:00,-1814.1694471786104
2025-08-07 17:00:00,0.0
2025-08-07 18:00:00,0.0
2025-08-07 19:00:00,0.0
2025-08-07 20:00:00,0.0
2025-08-07 21:00:00,0.0
2025-08-07 22:00:00,0.0
2025-08-07 23:00:00,0.0
2025-08-08 00:00:00,0.0
2025-08-08 01:00:00,27971.361035
2025-08-08 02:00:00,0.0
2025-08-08 03:00:00,0.0
2025-08-08 04:00:00,0.0
2025-08-08 05:00:00,26025.585865
2025-08-08 06:00:00,0.0
2025-08-08 07:00:00,10158.228582331853
2025-08-08 08:00:00,-4532.517097277378
2025-08-08 09:00:00,-9873.710355129413
2025-08-08 10:00:00,-11223.728545309059
2025-08-08 11:00:00,-12271.373866656875
2025-08-08 12:00:00,-12748.7633768417
2025-08-08 13:00:00,-11869.102284371773
2025-08-08 14:00:00,-10150.886171909573
2025-08-08 15:00:00,-7926.841090163347
2025-08-08 16:00:00,-3829.3784347655455
2025-08-08 17:00:00,3539.6879548253346
2025-08-08 18:00:00,0.0
2025-08-08 19:00:00,0.0
2025-08-08 20:00:00,0.0
2025-08-08 21:00:00,0.0
2025-08-08 22:00:00,0.0
2025-08-08 23:00:00,0.0
2025-08-09 00:00:00,29717.77479516561
2025-08-09 01:00:00,27934.930884
2025-08-09 02:00:00,0.0
2025-08-09 03:00:00,0.0
2025-08-09 04:00:00,0.0
2025-08-09 05:00:00,24576.666460241933
2025-08-09 06:00:00,22839.661401259786
2025-08-09 07:00:00,0.0
2025-08-09 08:00:00,-6958.2610191729655
2025-08-09 09:00:00,-12005.286671451566
2025-08-09 10:00:00,-13829.800012149492
2025-08-09 11:00:00,-15219.599484429451
2025-08-09 12:00:00,-15482.72447593815
2025-08-09 13:00:00,-14834.208146592362
2025-08-09 14:00:00,-13612.208280124243
2025-08-09 15:00:00,-10459.821377671753
2025-08-09 16:00:00,-5935.702783106848
2025-08-09 17:00:00,0.0
2025-08-09 18:00:00,0.0
2025-08-09 19:00:00,8903.068199440275
2025-08-09 20:00:00,0.0
2025-08-09 21:00:00,0.0
2025-08-09 22:00:00,31954.65129
2025-08-09 23:00:00,0.0
2025-08-10 00:00:00,0.0
2025-08-10 01:00:00,0.0
2025-08-10 02:00:00,0.0
2025-08-10 03:00:00,24397.690864
2025-08-10 04:00:00,0.0
2025-08-10 05:00:00,23428.31833
2025-08-10 06:00:00,0.0
2025-08-10 07:00:00,0.0
2025-08-10 08:00:00,-6388.203732474038
2025-08-10 09:00:00,-12879.659186400208
2025-08-10 10:00:00,-16067.041906004048
2025-08-10 11:00:00,-17267.188406549154
2025-08-10 12:00:00,-16878.11963210905
2025-08-10 13:00:00,-16059.944552790002
2025-08-10 14:00:00,-14195.593068848655
2025-08-10 15:00:00,-10804.294680896892
2025-08-10 16:00:00,-5145.593191450287
2025-08-10 17:00:00,4929.3136113486435
2025-08-10 18:00:00,0.0
2025-08-10 19:00:00,0.0
2025-08-10 20:00:00,34000.0
2025-08-10 21:00:00,0.0
2025-08-10 22:00:00,31644.838115
2025-08-10 23:00:00,0.0
2025-08-11 00:00:00,0.0
2025-08-11 01:00:00,0.0
2025-08-11 02:00:00,0.0
2025-08-11 03:00:00,0.0
2025-08-11 04:00:00,0.0
2025-08-11 05:00:00,25203.876827
2025-08-11 06:00:00,0.0
2025-08-11 07:00:00,0.0
2025-08-11 08:00:00,-3606.758232191103
2025-08-11 09:00:00,-8806.057116075368
2025-08-11 10:00:00,-11884.61496041833
2025-08-11 11:00:00,-12605.079964750847
2025-08-11 12:00:00,-13147.979613546086
2025-08-11 13:00:00,-12520.58679043805
2025-08-11 14:00:00,-11023.023907038587
2025-08-11 15:00:00,-8211.119980690695
2025-08-11 16:00:00,-4088.901325827537
2025-08-11 17:00:00,2699.5072286119757
2025-08-11 18:00:00,0.0
2025-08-11 19:00:00,0.0
2025-08-11 20:00:00,34000.0
2025-08-11 21:00:00,0.0
2025-08-11 22:00:00,0.0
2025-08-11 23:00:00,0.0
2025-08-12 00:00:00,0.0
2025-08-12 01:00:00,0.0
2025-08-12 02:00:00,25592.05561857239
2025-08-12 03:00:00,0.0
2025-08-12 04:00:00,25016.57628017366
2025-08-12 05:00:00,0.0
2025-08-12 06:00:00,0.0
2025-08-12 07:00:00,10337.377702555154
2025-08-12 08:00:00,-4528.934982877443
2025-08-12 09:00:00,-9533.24950927496
2025-08-12 10:00:00,-12341.766094123202
2025-08-12 11:00:00,-13693.49619754152
2025-08-12 12:00:00,-14666.119170629085
2025-08-12 13:00:00,-14012.29129772725
2025-08-12 14:00:00,-12888.645285842038
2025-08-12 15:00:00,-10443.17028144563
2025-08-12 16:00:00,-6068.606839107801
2025-08-12 17:00:00,0.0
2025-08-12 18:00:00,0.0
2025-08-12 19:00:00,34000.0
2025-08-12 20:00:00,0.0
2025-08-12 21:00:00,0.0
2025-08-12 22:00:00,0.0
2025-08-12 23:00:00,29845.448372
2025-08-13 00:00:00,0.0
2025-08-13 01:00:00,0.0
2025-08-13 02:00:00,0.0
2025-08-13 03:00:00,0.0
2025-08-13 04:00:00,0.0
2025-08-13 05:00:00,5973.593064199707
2025-08-13 06:00:00,0.0
2025-08-13 07:00:00,0.0
2025-08-13 08:00:00,-4737.074123984363
2025-08-13 09:00:00,-9694.187378879666
2025-08-13 10:00:00,-12819.815893575149
2025-08-13 11:00:00,-14299.866358444764
2025-08-13 12:00:00,-15293.610613014622
2025-08-13 13:00:00,-16420.061065468664
2025-08-13 14:00:00,-14694.965492980638
2025-08-13 15:00:00,-12133.365833466516
2025-08-13 16:00:00,-7669.650060329062
2025-08-13 17:00:00,-658.7647630460706
2025-08-13 18:00:00,0.0
2025-08-13 19:00:00,0.0
2025-08-13 20:00:00,34000.0
2025-08-13 21:00:00,29663.565849767194
2025-08-13 22:00:00,0.0
2025-08-13 23:00:00,0.0
2025-08-14 00:00:00,27757.438432
2025-08-14 01:00:00,0.0
2025-08-14 02:00:00,0.0
2025-08-14 03:00:00,24697.831399615683
2025-08-14 04:00:00,0.0
2025-08-14 05:00:00,0.0
2025-08-14 06:00:00,0.0
2025-08-14 07:00:00,0.0
2025-08-14 08:00:00,-6741.997941061261
2025-08-14 09:00:00,-11009.872209580135
2025-08-14 10:00:00,-13706.6892760751
2025-08-14 11:00:00,-15569.302898916285
2025-08-14 12:00:00,-16870.757032205893
2025-08-14 13:00:00,-17075.46122904476
2025-08-14 14:00:00,-16023.304926424706
2025-08-14 15:00:00,-13421.99953340982
2025-08-14 16:00:00,-9836.711866326339
2025-08-14 17:00:00,-3039.2425090032993
2025-08-14 18:00:00,0.0
2025-08-14 19:00:00,0.0
2025-08-14 20:00:00,0.0
2025-08-14 21:00:00,0.0
2025-08-14 22:00:00,30889.412374631334
2025-08-14 23:00:00,0.0
2025-08-15 00:00:00,0.0
2025-08-15 01:00:00,22822.219234738546
2025-08-15 02:00:00,25285.8917129999
2025-08-15 03:00:00,0.0
2025-08-15 04:00:00,0.0
2025-08-15 05:00:00,0.0
2025-08-15 06:00:00,24488.039631989166
2025-08-15 07:00:00,7480.242525483882
2025-08-15 08:00:00,-7056.669479243473
2025-08-15 09:00:00,-12843.95543275942
2025-08-15 10:00:00,-15321.887886292789
2025-08-15 11:00:00,-16818.298401442502
2025-08-15 12:00:00,-17122.97722918021
2025-08-15 13:00:00,-16961.98321478688
2025-08-15 14:00:00,-15989.15188040756
2025-08-15 15:00:00,-14083.577817646488
2025-08-15 16:00:00,-9833.368881074697
2025-08-15 17:00:00,-2989.058312035857
2025-08-15 18:00:00,15541.821356892993
2025-08-15 19:00:00,0.0
2025-08-15 20:00:00,33044.72241967684
2025-08-15 21:00:00,10560.28560172313
2025-08-15 22:00:00,0.0
2025-08-15 23:00:00,0.0
2025-08-16 00:00:00,27009.234017
2025-08-16 01:00:00,0.0
2025-08-16 02:00:00,24645.203662
2025-08-16 03:00:00,0.0
2025-08-16 04:00:00,0.0
2025-08-16 05:00:00,0.0
2025-08-16 06:00:00,0.0
2025-08-16 07:00:00,5317.568624089916
2025-08-16 08:00:00,0.0
2025-08-16 09:00:00,0.0
2025-08-16 10:00:00,-13199.051786281963
2025-08-16 11:00:00,-19223.487292531725
2025-08-16 12:00:00,-20158.09617665225
2025-08-16 13:00:00,-19593.7994024643
2025-08-16 14:00:00,-19053.26148241857
2025-08-16 15:00:00,-16924.85476311618
2025-08-16 16:00:00,-13766.72663898468
2025-08-16 17:00:00,-7101.650992420211
2025-08-16 18:00:00,12575.000663849201
2025-08-16 19:00:00,0.0
2025-08-16 20:00:00,0.0
2025-08-16 21:00:00,0.0
2025-08-16 22:00:00,28861.939903
2025-08-16 23:00:00,0.0
2025-08-17 00:00:00,25818.221616
2025-08-17 01:00:00,24586.921592
2025-08-17 02:00:00,0.0
2025-08-17 03:00:00,0.0
2025-08-17 04:00:00,0.0
2025-08-17 05:00:00,21033.365608075437
2025-08-17 06:00:00,0.0
2025-08-17 07:00:00,3243.386298458241
2025-08-17 08:00:00,0.0
2025-08-17 09:00:00,0.0
2025-08-17 10:00:00,-14037.65443830728
2025-08-17 11:00:00,-18252.88855587448
2025-08-17 12:00:00,-19151.03907583915
2025-08-17 13:00:00,-19466.06214395078
2025-08-17 14:00:00,-18808.10166356922
2025-08-17 15:00:00,-18162.590240564637
2025-08-17 16:00:00,-14154.827968651258
2025-08-17 17:00:00,-6987.764448113077
2025-08-17 18:00:00,0.0
2025-08-17 19:00:00,0.0
2025-08-17 20:00:00,31541.78058162097
2025-08-17 21:00:00,0.0
2025-08-17 22:00:00,0.0
2025-08-17 23:00:00,0.0
2025-08-18 00:00:00,14205.930057780257
2025-08-18 01:00:00,24442.300273
2025-08-18 02:00:00,0.0
2025-08-18 03:00:00,0.0
2025-08-18 04:00:00,0.0
2025-08-18 05:00:00,23324.012869771028
2025-08-18 06:00:00,22604.811899210636
2025-08-18 07:00:00,0.0
2025-08-18 08:00:00,-2537.1423212110576
2025-08-18 09:00:00,-14187.732595967325
2025-08-18 10:00:00,-16365.080006222419
2025-08-18 11:00:00,-16815.490139290643
2025-08-18 12:00:00,-17689.450598080424
2025-08-18 13:00:00,-17940.05841693208
2025-08-18 14:00:00,-16472.56180167419
2025-08-18 15:00:00,-14185.428430089982
2025-08-18 16:00:00,-9976.916830288486
2025-08-18 17:00:00,-2851.0673951132703
2025-08-18 18:00:00,0.0
2025-08-18 19:00:00,28074.63922607872
2025-08-18 20:00:00,0.0
2025-08-18 21:00:00,32528.872205
2025-08-18 22:00:00,0.0
2025-08-18 23:00:00,0.0
2025-08-19 00:00:00,0.0
2025-08-19 01:00:00,0.0
2025-08-19 02:00:00,0.0
2025-08-19 03:00:00,24439.9551569999
2025-08-19 04:00:00,0.0
2025-08-19 05:00:00,0.0
2025-08-19 06:00:00,0.0
2025-08-19 07:00:00,10290.3597636282
2025-08-19 08:00:00,-4992.968864625054
2025-08-19 09:00:00,-10189.022807509136
2025-08-19 10:00:00,-11964.384209652162
2025-08-19 11:00:00,-14335.09205716614
2025-08-19 12:00:00,-15574.92917801965
2025-08-19 13:00:00,-15089.538343839075
2025-08-19 14:00:00,-13145.12566030378
2025-08-19 15:00:00,-10398.678396957934
2025-08-19 16:00:00,-5894.015451924875
2025-08-19 17:00:00,1730.252401605845
2025-08-19 18:00:00,20216.93573956904
2025-08-19 19:00:00,0.0
2025-08-19 20:00:00,0.0
2025-08-19 21:00:00,0.0
2025-08-19 22:00:00,32020.373731
2025-08-19 23:00:00,0.0
2025-08-20 00:00:00,0.0
2025-08-20 01:00:00,0.0
2025-08-20 02:00:00,25853.62989146832
2025-08-20 03:00:00,0.0
2025-08-20 04:00:00,0.0
2025-08-20 05:00:00,0.0
2025-08-20 06:00:00,0.0
2025-08-20 07:00:00,0.0
2025-08-20 08:00:00,-4510.882928296927
2025-08-20 09:00:00,-10232.165354751589
2025-08-20 10:00:00,-13160.162147642179
2025-08-20 11:00:00,-14023.534018120059
2025-08-20 12:00:00,-14011.287537599972
2025-08-20 13:00:00,-13688.113897356001
2025-08-20 14:00:00,-11652.46785598842
2025-08-20 15:00:00,-8189.324919051382
2025-08-20 16:00:00,-3564.993166029046
2025-08-20 17:00:00,0.0
2025-08-20 18:00:00,0.0
2025-08-20 19:00:00,0.0
2025-08-20 20:00:00,34000.0
2025-08-20 21:00:00,34000.0
2025-08-20 22:00:00,0.0
2025-08-20 23:00:00,0.0
2025-08-21 00:00:00,0.0
2025-08-21 01:00:00,0.0
2025-08-21 02:00:00,0.0
2025-08-21 03:00:00,0.0
2025-08-21 04:00:00,0.0
2025-08-21 05:00:00,0.0
2025-08-21 06:00:00,0.0
2025-08-21 07:00:00,0.0
2025-08-21 08:00:00,-996.6440242624521
2025-08-21 09:00:00,-6397.201055316109
2025-08-21 10:00:00,-8703.270583862723
2025-08-21 11:00:00,-9347.749729663454
2025-08-21 12:00:00,-8829.298783543847
2025-08-21 13:00:00,-6460.645175069054
2025-08-21 14:00:00,-4644.063719163074
2025-08-21 15:00:00,0.0
2025-08-21 16:00:00,0.0
2025-08-21 17:00:00,0.0
2025-08-21 18:00:00,0.0
2025-08-21 19:00:00,0.0
2025-08-21 20:00:00,0.0
2025-08-21 21:00:00,0.0
2025-08-21 22:00:00,0.0
2025-08-21 23:00:00,0.0
2025-08-22 00:00:00,0.0
2025-08-22 01:00:00,0.0
2025-08-22 02:00:00,0.0
2025-08-22 03:00:00,0.0
2025-08-22 04:00:00,0.0
2025-08-22 05:00:00,24280.715377938715
2025-08-22 06:00:00,0.0
2025-08-22 07:00:00,0.0
2025-08-22 08:00:00,0.0
2025-08-22 09:00:00,-3752.9172925648454
2025-08-22 10:00:00,-6538.243309202895
2025-08-22 11:00:00,-7848.714244888171
2025-08-22 12:00:00,-6319.5571373766
2025-08-22 13:00:00,-3724.7691962125755
2025-08-22 14:00:00,-826.0163372717143
2025-08-22 15:00:00,0.0
2025-08-22 16:00:00,0.0
2025-08-22 17:00:00,0.0
2025-08-22 18:00:00,0.0
2025-08-22 19:00:00,0.0
2025-08-22 20:00:00,0.0
2025-08-22 21:00:00,0.0
2025-08-22 22:00:00,0.0
2025-08-22 23:00:00,0.0
2025-08-23 00:00:00,31165.376845
2025-08-23 01:00:00,0.0
2025-08-23 02:00:00,0.0
2025-08-23 03:00:00,0.0
2025-08-23 04:00:00,0.0
2025-08-23 05:00:00,0.0
2025-08-23 06:00:00,0.0
2025-08-23 07:00:00,0.0
2025-08-23 08:00:00,0.0
2025-08-23 09:00:00,0.0
2025-08-23 10:00:00,0.0
2025-08-23 11:00:00,-503.7562794609257
2025-08-23 12:00:00,0.0
2025-08-23 13:00:00,443.50227928604727
2025-08-23 14:00:00,5506.293383230717
2025-08-23 15:00:00,0.0
2025-08-23 16:00:00,0.0
2025-08-23 17:00:00,0.0
2025-08-23 18:00:00,0.0
2025-08-23 19:00:00,0.0
2025-08-23 20:00:00,0.0
2025-08-23 21:00:00,0.0
2025-08-23 22:00:00,0.0
2025-08-23 23:00:00,0.0
2025-08-24 00:00:00,0.0
2025-08-24 01:00:00,27727.806585
2025-08-24 02:00:00,26398.703392
2025-08-24 03:00:00,0.0
2025-08-24 04:00:00,0.0
2025-08-24 05:00:00,0.0
2025-08-24 06:00:00,0.0
2025-08-24 07:00:00,0.0
2025-08-24 08:00:00,0.0
2025-08-24 09:00:00,-5545.918637135917
2025-08-24 10:00:00,-8126.018139442411
2025-08-24 11:00:00,-8299.831219451768
2025-08-24 12:00:00,-12689.206871194758
2025-08-24 13:00:00,-11296.210937777538
2025-08-24 14:00:00,-7576.25166966323
2025-08-24 15:00:00,-3087.1252246339136
2025-08-24 16:00:00,0.0
2025-08-24 17:00:00,0.0
2025-08-24 18:00:00,0.0
2025-08-24 19:00:00,0.0
2025-08-24 20:00:00,0.0
2025-08-24 21:00:00,0.0
2025-08-24 22:00:00,0.0
2025-08-24 23:00:00,30369.487126
2025-08-25 00:00:00,0.0
2025-08-25 01:00:00,0.0
2025-08-25 02:00:00,0.0
2025-08-25 03:00:00,0.0
2025-08-25 04:00:00,0.0
2025-08-25 05:00:00,0.0
2025-08-25 06:00:00,0.0
2025-08-25 07:00:00,0.0
2025-08-25 08:00:00,0.0
2025-08-25 09:00:00,0.0
2025-08-25 10:00:00,0.0
2025-08-25 11:00:00,-1660.4769825984913
2025-08-25 12:00:00,-5415.44742448967
2025-08-25 13:00:00,-3630.3135665724767
2025-08-25 14:00:00,0.0
2025-08-25 15:00:00,0.0
2025-08-25 16:00:00,15878.391634420874
2025-08-25 17:00:00,0.0
2025-08-25 18:00:00,0.0
2025-08-25 19:00:00,0.0
2025-08-25 20:00:00,0.0
2025-08-25 21:00:00,0.0
2025-08-25 22:00:00,0.0
2025-08-25 23:00:00,0.0
2025-08-26 00:00:00,0.0
2025-08-26 01:00:00,0.0
2025-08-26 02:00:00,0.0
2025-08-26 03:00:00,0.0
2025-08-26 04:00:00,0.0
2025-08-26 05:00:00,0.0
2025-08-26 06:00:00,3825.5945894225083
2025-08-26 07:00:00,0.0
2025-08-26 08:00:00,0.0
2025-08-26 09:00:00,-2985.6989697357058
2025-08-26 10:00:00,-6992.569164697459
2025-08-26 11:00:00,-9220.383237421956
2025-08-26 12:00:00,-9155.168827119036
2025-08-26 13:00:00,-6487.617691157851
2025-08-26 14:00:00,-5809.599228615894
2025-08-26 15:00:00,-4307.579084934703
2025-08-26 16:00:00,-482.4676293820885
2025-08-26 17:00:00,0.0
2025-08-26 18:00:00,25672.2190945713
2025-08-26 19:00:00,0.0
2025-08-26 20:00:00,0.0
2025-08-26 21:00:00,0.0
2025-08-26 22:00:00,0.0
2025-08-26 23:00:00,0.0
2025-08-27 00:00:00,0.0
2025-08-27 01:00:00,0.0
2025-08-27 02:00:00,0.0
2025-08-27 03:00:00,0.0
2025-08-27 04:00:00,0.0
2025-08-27 05:00:00,25745.403611007678
2025-08-27 06:00:00,0.0
2025-08-27 07:00:00,0.0
2025-08-27 08:00:00,-3979.0571534820774
2025-08-27 09:00:00,-9457.792619990818
2025-08-27 10:00:00,-11392.061983540552
2025-08-27 11:00:00,-12333.73512725463
2025-08-27 12:00:00,-12663.466805877419
2025-08-27 13:00:00,-11120.301483368516
2025-08-27 14:00:00,-7302.069901100891
2025-08-27 15:00:00,-3074.6289858422315
2025-08-27 16:00:00,0.0
2025-08-27 17:00:00,0.0
2025-08-27 18:00:00,0.0
2025-08-27 19:00:00,0.0
2025-08-27 20:00:00,0.0
2025-08-27 21:00:00,0.0
2025-08-27 22:00:00,0.0
2025-08-27 23:00:00,0.0
2025-08-28 00:00:00,0.0
2025-08-28 01:00:00,27472.56794701027
2025-08-28 02:00:00,0.0
2025-08-28 03:00:00,0.0
2025-08-28 04:00:00,0.0
2025-08-28 05:00:00,0.0
2025-08-28 06:00:00,0.0
2025-08-28 07:00:00,0.0
2025-08-28 08:00:00,0.0
2025-08-28 09:00:00,5999.628774907887
2025-08-28 10:00:00,0.0
2025-08-28 11:00:00,0.0
2025-08-28 12:00:00,-117.44703353413934
2025-08-28 13:00:00,0.0
2025-08-28 14:00:00,0.0
2025-08-28 15:00:00,0.0
2025-08-28 16:00:00,0.0
2025-08-28 17:00:00,0.0
2025-08-28 18:00:00,0.0
2025-08-28 19:00:00,2887.489956673976
2025-08-28 20:00:00,0.0
2025-08-28 21:00:00,0.0
2025-08-28 22:00:00,0.0
2025-08-28 23:00:00,0.0
2025-08-29 00:00:00,27936.818306
2025-08-29 01:00:00,0.0
2025-08-29 02:00:00,0.0
2025-08-29 03:00:00,0.0
2025-08-29 04:00:00,0.0
2025-08-29 05:00:00,0.0
2025-08-29 06:00:00,0.0
2025-08-29 07:00:00,0.0
2025-08-29 08:00:00,-4550.42466735627
2025-08-29 09:00:00,-10084.626129071781
2025-08-29 10:00:00,-13159.052201822364
2025-08-29 11:00:00,-15044.202095504203
2025-08-29 12:00:00,-15565.942665328985
2025-08-29 13:00:00,-15675.163175343558
2025-08-29 14:00:00,-14580.619619445737
2025-08-29 15:00:00,-10673.340916814697
2025-08-29 16:00:00,-6737.858424972423
2025-08-29 17:00:00,3896.8251998978303
2025-08-29 18:00:00,0.0
2025-08-29 19:00:00,18178.83234495075
2025-08-29 20:00:00,0.0
2025-08-29 21:00:00,0.0
2025-08-29 22:00:00,32246.880014
2025-08-29 23:00:00,0.0
2025-08-30 00:00:00,0.0
2025-08-30 01:00:00,0.0
2025-08-30 02:00:00,0.0
2025-08-30 03:00:00,24678.799821
2025-08-30 04:00:00,0.0
2025-08-30 05:00:00,0.0
2025-08-30 06:00:00,0.0
2025-08-30 07:00:00,10010.705285715845
2025-08-30 08:00:00,-7501.19584286063
2025-08-30 09:00:00,-13719.725187961889
2025-08-30 10:00:00,-15867.726939331911
2025-08-30 11:00:00,-16926.42166516172
2025-08-30 12:00:00,-17478.134355999508
2025-08-30 13:00:00,-16945.499640510672
2025-08-30 14:00:00,-14917.99421404222
2025-08-30 15:00:00,-11838.426008733295
2025-08-30 16:00:00,-6656.844413012957
2025-08-30 17:00:00,0.0
2025-08-30 18:00:00,0.0
2025-08-30 19:00:00,0.0
2025-08-30 20:00:00,0.0
2025-08-30 21:00:00,34000.0
2025-08-30 22:00:00,0.0
2025-08-30 23:00:00,30339.57506
2025-08-31 00:00:00,0.0
2025-08-31 01:00:00,26903.670378
2025-08-31 02:00:00,3543.239210360189
2025-08-31 03:00:00,0.0
2025-08-31 04:00:00,0.0
2025-08-31 05:00:00,0.0
2025-08-31 06:00:00,0.0
2025-08-31 07:00:00,0.0
2025-08-31 08:00:00,-7604.042588207947
2025-08-31 09:00:00,-13286.97224702832
2025-08-31 10:00:00,-14394.801730893396
2025-08-31 11:00:00,-14861.630651634212
2025-08-31 12:00:00,-15197.283713645229
2025-08-31 13:00:00,-14308.6188850256
2025-08-31 14:00:00,-12260.915094155396
2025-08-31 15:00:00,-9200.9582980185
2025-08-31 16:00:00,-4203.093067347174
2025-08-31 17:00:00,0.0
2025-08-31 18:00:00,0.0
2025-08-31 19:00:00,0.0
2025-08-31 20:00:00,0.0
2025-08-31 21:00:00,30053.990592732982
2025-08-31 22:00:00,0.0
2025-08-31 23:00:00,0.0
2025-09-01 00:00:00,0.0
2025-09-01 01:00:00,26934.123459
2025-09-01 02:00:00,0.0
2025-09-01 03:00:00,0.0
2025-09-01 04:00:00,0.0
2025-09-01 05:00:00,24018.926757
2025-09-01 06:00:00,0.0
2025-09-01 07:00:00,0.0
2025-09-01 08:00:00,-6556.323163497356
2025-09-01 09:00:00,-12015.29010047673
2025-09-01 10:00:00,-14112.908258918498
2025-09-01 11:00:00,-13669.008951580996
2025-09-01 12:00:00,-13764.697219837843
2025-09-01 13:00:00,-12207.284452014399
2025-09-01 14:00:00,-10180.993466683365
2025-09-01 15:00:00,-6347.689719040602
2025-09-01 16:00:00,-1153.6277887646575
2025-09-01 17:00:00,0.0
2025-09-01 18:00:00,25083.424516197545
2025-09-01 19:00:00,0.0
2025-09-01 20:00:00,0.0
2025-09-01 21:00:00,34000.0
2025-09-01 22:00:00,0.0
2025-09-01 23:00:00,0.0
2025-09-02 00:00:00,0.0
2025-09-02 01:00:00,0.0
2025-09-02 02:00:00,0.0
2025-09-02 03:00:00,27985.729127
2025-09-02 04:00:00,0.0
2025-09-02 05:00:00,0.0
2025-09-02 06:00:00,0.0
2025-09-02 07:00:00,0.0
2025-09-02 08:00:00,0.0
2025-09-02 09:00:00,0.0
2025-09-02 10:00:00,0.0
2025-09-02 11:00:00,0.0
2025-09-02 12:00:00,0.0
2025-09-02 13:00:00,0.0
2025-09-02 14:00:00,0.0
2025-09-02 15:00:00,0.0
2025-09-02 16:00:00,0.0
2025-09-02 17:00:00,0.0
2025-09-02 18:00:00,0.0
2025-09-02 19:00:00,0.0
2025-09-02 20:00:00,0.0
2025-09-02 21:00:00,0.0
2025-09-02 22:00:00,0.0
2025-09-02 23:00:00,0.0
2025-09-03 00:00:00,0.0
2025-09-03 01:00:00,0.0
2025-09-03 02:00:00,0.0
2025-09-03 03:00:00,0.0
2025-09-03 04:00:00,0.0
2025-09-03 05:00:00,0.0
2025-09-03 06:00:00,0.0
2025-09-03 07:00:00,0.0
2025-09-03 08:00:00,0.0
2025-09-03 09:00:00,-5503.098112267107
2025-09-03 10:00:00,-7339.3540686007545
2025-09-03 11:00:00,-8483.932753681089
2025-09-03 12:00:00,-10109.582103741457
2025-09-03 13:00:00,-10091.668805259818
2025-09-03 14:00:00,-9145.599486369218
2025-09-03 15:00:00,-5324.136808313713
2025-09-03 16:00:00,0.0
2025-09-03 17:00:00,0.0
2025-09-03 18:00:00,0.0
2025-09-03 19:00:00,0.0
2025-09-03 20:00:00,0.0
2025-09-03 21:00:00,0.0
2025-09-03 22:00:00,34000.0
2025-09-03 23:00:00,0.0
2025-09-04 00:00:00,0.0
2025-09-04 01:00:00,0.0
2025-09-04 02:00:00,0.0
2025-09-04 03:00:00,0.0
2025-09-04 04:00:00,0.0
2025-09-04 05:00:00,0.0
2025-09-04 06:00:00,0.0
2025-09-04 07:00:00,0.0
2025-09-04 08:00:00,-773.0347466116873
2025-09-04 09:00:00,-6069.914288404514
2025-09-04 10:00:00,-8171.8004242827665
2025-09-04 11:00:00,-9729.781139289138
2025-09-04 12:00:00,-9226.475768980119
2025-09-04 13:00:00,-7232.729300252737
2025-09-04 14:00:00,-6235.180960020683
2025-09-04 15:00:00,-1471.7963025690697
2025-09-04 16:00:00,0.0
2025-09-04 17:00:00,0.0
2025-09-04 18:00:00,0.0
2025-09-04 19:00:00,34000.0
2025-09-04 20:00:00,0.0
2025-09-04 21:00:00,0.0
2025-09-04 22:00:00,0.0
2025-09-04 23:00:00,0.0
2025-09-05 00:00:00,28825.800531
2025-09-05 01:00:00,0.0
2025-09-05 02:00:00,0.0
2025-09-05 03:00:00,0.0
2025-09-05 04:00:00,0.0
2025-09-05 05:00:00,0.0
2025-09-05 06:00:00,26641.15806896481
2025-09-05 07:00:00,0.0
2025-09-05 08:00:00,-2738.8736073941727
2025-09-05 09:00:00,-10133.209561351185
2025-09-05 10:00:00,-11676.823819720354
2025-09-05 11:00:00,-12451.798001251402
2025-09-05 12:00:00,-11624.294612121404
2025-09-05 13:00:00,-11771.897062952165
2025-09-05 14:00:00,-11767.35996838833
2025-09-05 15:00:00,-9760.904053093887
2025-09-05 16:00:00,-6372.720221418902
2025-09-05 17:00:00,5320.512513485901
2025-09-05 18:00:00,27173.574187444625
2025-09-05 19:00:00,0.0
2025-09-05 20:00:00,34000.0
2025-09-05 21:00:00,0.0
2025-09-05 22:00:00,0.0
2025-09-05 23:00:00,0.0
2025-09-06 00:00:00,0.0
2025-09-06 01:00:00,12974.00611599208
2025-09-06 02:00:00,0.0
2025-09-06 03:00:00,0.0
2025-09-06 04:00:00,0.0
2025-09-06 05:00:00,0.0
2025-09-06 06:00:00,0.0
2025-09-06 07:00:00,0.0
2025-09-06 08:00:00,-8527.288239959486
2025-09-06 09:00:00,-14973.874100888024
2025-09-06 10:00:00,-16508.20469021344
2025-09-06 11:00:00,-16746.2019663137
2025-09-06 12:00:00,-16097.50722390442
2025-09-06 13:00:00,-16184.653237925082
2025-09-06 14:00:00,-15958.871622730258
2025-09-06 15:00:00,-13708.581812989378
2025-09-06 16:00:00,-10315.745639946086
2025-09-06 17:00:00,2277.836344655545
2025-09-06 18:00:00,0.0
2025-09-06 19:00:00,0.0
2025-09-06 20:00:00,0.0
2025-09-06 21:00:00,0.0
2025-09-06 22:00:00,0.0
2025-09-06 23:00:00,28128.153604
2025-09-07 00:00:00,14372.03336234054
2025-09-07 01:00:00,25573.19545
2025-09-07 02:00:00,0.0
2025-09-07 03:00:00,0.0
2025-09-07 04:00:00,23116.951025386807
2025-09-07 05:00:00,22650.665895
2025-09-07 06:00:00,0.0
2025-09-07 07:00:00,0.0
2025-09-07 08:00:00,-9068.918435081332
2025-09-07 09:00:00,-14544.810877280936
2025-09-07 10:00:00,-16878.354556742623
2025-09-07 11:00:00,-17782.95015817316
2025-09-07 12:00:00,-17229.47711391768
2025-09-07 13:00:00,-16447.800800339843
2025-09-07 14:00:00,-15554.967000741166
2025-09-07 15:00:00,-13450.300739194827
2025-09-07 16:00:00,-8063.348853398304
2025-09-07 17:00:00,0.0
2025-09-07 18:00:00,0.0
2025-09-07 19:00:00,0.0
2025-09-07 20:00:00,0.0
2025-09-07 21:00:00,32489.7795249999
2025-09-07 22:00:00,30380.169989
2025-09-07 23:00:00,0.0
2025-09-08 00:00:00,0.0
2025-09-08 01:00:00,0.0
2025-09-08 02:00:00,0.0
2025-09-08 03:00:00,0.0
2025-09-08 04:00:00,15121.642282226881
2025-09-08 05:00:00,0.0
2025-09-08 06:00:00,25614.623010634925
2025-09-08 07:00:00,12512.620874521175
2025-09-08 08:00:00,-5814.8978326019205
2025-09-08 09:00:00,-10242.305247991018
2025-09-08 10:00:00,-13064.162950971499
2025-09-08 11:00:00,-14166.4000504203
2025-09-08 12:00:00,-15074.464313956669
2025-09-08 13:00:00,-15402.471189069656
2025-09-08 14:00:00,-14337.210844825458
2025-09-08 15:00:00,-12791.74652974389
2025-09-08 16:00:00,-9505.971892650145
2025-09-08 17:00:00,0.0
2025-09-08 18:00:00,0.0
2025-09-08 19:00:00,0.0
2025-09-08 20:00:00,34000.0
2025-09-08 21:00:00,0.0
2025-09-08 22:00:00,31147.012826
2025-09-08 23:00:00,0.0
2025-09-09 00:00:00,0.0
2025-09-09 01:00:00,4877.321686572805
2025-09-09 02:00:00,0.0
2025-09-09 03:00:00,24681.561013
2025-09-09 04:00:00,0.0
2025-09-09 05:00:00,0.0
2025-09-09 06:00:00,0.0
2025-09-09 07:00:00,0.0
2025-09-09 08:00:00,-6583.229515796444
2025-09-09 09:00:00,-12987.97054853916
2025-09-09 10:00:00,-14585.721179826669
2025-09-09 11:00:00,-16017.742048264245
2025-09-09 12:00:00,-16376.724688083967
2025-09-09 13:00:00,-16895.805039156483
2025-09-09 14:00:00,-15967.618380732361
2025-09-09 15:00:00,-14022.865369099469
2025-09-09 16:00:00,-10412.39371933254
2025-09-09 17:00:00,777.2695513084327
2025-09-09 18:00:00,0.0
2025-09-09 19:00:00,32568.734290081786
2025-09-09 20:00:00,0.0
2025-09-09 21:00:00,0.0
2025-09-09 22:00:00,0.0
2025-09-09 23:00:00,0.0
2025-09-10 00:00:00,0.0
2025-09-10 01:00:00,0.0
2025-09-10 02:00:00,7139.2829545311215
2025-09-10 03:00:00,24461.437174
2025-09-10 04:00:00,0.0
2025-09-10 05:00:00,25040.5560029999
2025-09-10 06:00:00,26131.55570846164
2025-09-10 07:00:00,0.0
2025-09-10 08:00:00,-6726.406282517542
2025-09-10 09:00:00,-13886.83830096963
2025-09-10 10:00:00,-15124.181159673855
2025-09-10 11:00:00,-16381.229665822902
2025-09-10 12:00:00,-15786.427065065698
2025-09-10 13:00:00,-16840.399795349436
2025-09-10 14:00:00,-15900.180924929522
2025-09-10 15:00:00,-14717.020795778059
2025-09-10 16:00:00,-10952.163606880804
2025-09-10 17:00:00,1207.9151539445993
2025-09-10 18:00:00,24735.586894045387
2025-09-10 19:00:00,0.0
2025-09-10 20:00:00,0.0
2025-09-10 21:00:00,0.0
2025-09-10 22:00:00,26516.82320690126
2025-09-10 23:00:00,0.0
2025-09-11 00:00:00,0.0
2025-09-11 01:00:00,0.0
2025-09-11 02:00:00,24327.830353
2025-09-11 03:00:00,0.0
2025-09-11 04:00:00,0.0
2025-09-11 05:00:00,24270.991294
2025-09-11 06:00:00,0.0
2025-09-11 07:00:00,12624.215935397446
2025-09-11 08:00:00,0.0
2025-09-11 09:00:00,-13298.599321109687
2025-09-11 10:00:00,-17629.030270533858
2025-09-11 11:00:00,-18349.0678577229
2025-09-11 12:00:00,-17314.7173141657
2025-09-11 13:00:00,-18644.14812204944
2025-09-11 14:00:00,-17922.265480029422
2025-09-11 15:00:00,-15411.656820378059
2025-09-11 16:00:00,-10451.443348880806
2025-09-11 17:00:00,0.0
2025-09-11 18:00:00,0.0
2025-09-11 19:00:00,0.0
2025-09-11 20:00:00,31157.3804499999
2025-09-11 21:00:00,0.0
2025-09-11 22:00:00,0.0
2025-09-11 23:00:00,0.0
2025-09-12 00:00:00,26137.214229
2025-09-12 01:00:00,0.0
2025-09-12 02:00:00,0.0
2025-09-12 03:00:00,0.0
2025-09-12 04:00:00,0.0
2025-09-12 05:00:00,24057.971868
2025-09-12 06:00:00,25182.178690200126
2025-09-12 07:00:00,9584.090444182846
2025-09-12 08:00:00,-853.6601390403645
2025-09-12 09:00:00,-12720.103268377556
2025-09-12 10:00:00,-15553.664564174996
2025-09-12 11:00:00,-17073.27791631242
2025-09-12 12:00:00,-17705.600214715676
2025-09-12 13:00:00,-17834.355816100546
2025-09-12 14:00:00,-18138.84035774164
2025-09-12 15:00:00,-16440.639484402524
2025-09-12 16:00:00,-12700.786774004151
2025-09-12 17:00:00,737.2203723835228
2025-09-12 18:00:00,24415.603406621136
2025-09-12 19:00:00,0.0
2025-09-12 20:00:00,9981.403936285193
2025-09-12 21:00:00,0.0
2025-09-12 22:00:00,0.0
2025-09-12 23:00:00,0.0
2025-09-13 00:00:00,0.0
2025-09-13 01:00:00,24573.697367
2025-09-13 02:00:00,0.0
2025-09-13 03:00:00,23103.362337
2025-09-13 04:00:00,0.0
2025-09-13 05:00:00,0.0
2025-09-13 06:00:00,22776.60650409529
2025-09-13 07:00:00,10530.94175799774
2025-09-13 08:00:00,0.0
2025-09-13 09:00:00,0.0
2025-09-13 10:00:00,-14763.152970180357
2025-09-13 11:00:00,-19205.58049710863
2025-09-13 12:00:00,-19971.680949958103
2025-09-13 13:00:00,-20173.10014886291
2025-09-13 14:00:00,-20230.908281471504
2025-09-13 15:00:00,-18592.141706192502
2025-09-13 16:00:00,-14887.308713354985
2025-09-13 17:00:00,-1197.0552677408887
2025-09-13 18:00:00,22925.428021532738
2025-09-13 19:00:00,0.0
2025-09-13 20:00:00,29341.534125
2025-09-13 21:00:00,28515.69363684735
2025-09-13 22:00:00,0.0
2025-09-13 23:00:00,0.0
2025-09-14 00:00:00,24947.003139
2025-09-14 01:00:00,1145.4018313238598
2025-09-14 02:00:00,0.0
2025-09-14 03:00:00,0.0
2025-09-14 04:00:00,0.0
2025-09-14 05:00:00,0.0
2025-09-14 06:00:00,0.0
2025-09-14 07:00:00,9243.774927678935
2025-09-14 08:00:00,-3599.771126891602
2025-09-14 09:00:00,-13895.930805224918
2025-09-14 10:00:00,-17220.353859432937
2025-09-14 11:00:00,-18080.677473100444
2025-09-14 12:00:00,-18054.0874187101
2025-09-14 13:00:00,-16954.38745292516
2025-09-14 14:00:00,-14743.95315454347
2025-09-14 15:00:00,-14755.665731491099
2025-09-14 16:00:00,-11716.101512550158
2025-09-14 17:00:00,0.0
2025-09-14 18:00:00,0.0
2025-09-14 19:00:00,0.0
2025-09-14 20:00:00,30711.626326
2025-09-14 21:00:00,29589.58236
2025-09-14 22:00:00,0.0
2025-09-14 23:00:00,0.0
2025-09-15 00:00:00,0.0
2025-09-15 01:00:00,0.0
2025-09-15 02:00:00,0.0
2025-09-15 03:00:00,0.0
2025-09-15 04:00:00,22536.593992
2025-09-15 05:00:00,2250.2399668049134
2025-09-15 06:00:00,0.0
2025-09-15 07:00:00,0.0
2025-09-15 08:00:00,-5050.694929559431
2025-09-15 09:00:00,-11623.734860606593
2025-09-15 10:00:00,-13014.418440567584
2025-09-15 11:00:00,-13549.7253329829
2025-09-15 12:00:00,-14392.623164181103
2025-09-15 13:00:00,-12801.274542690979
2025-09-15 14:00:00,-11212.188496065264
2025-09-15 15:00:00,-8585.401528902774
2025-09-15 16:00:00,-4312.208309782174
2025-09-15 17:00:00,0.0
2025-09-15 18:00:00,0.0
2025-09-15 19:00:00,0.0
2025-09-15 20:00:00,0.0
2025-09-15 21:00:00,0.0
2025-09-15 22:00:00,0.0
2025-09-15 23:00:00,0.0
2025-09-16 00:00:00,27196.623211
2025-09-16 01:00:00,0.0
2025-09-16 02:00:00,0.0
2025-09-16 03:00:00,0.0
2025-09-16 04:00:00,0.0
2025-09-16 05:00:00,24835.321792
2025-09-16 06:00:00,15083.138576875193
2025-09-16 07:00:00,0.0
2025-09-16 08:00:00,-3535.138965045102
2025-09-16 09:00:00,-10362.396280363231
2025-09-16 10:00:00,-13202.035949937206
2025-09-16 11:00:00,-12240.13778273898
2025-09-16 12:00:00,-11516.956729309284
2025-09-16 13:00:00,-9783.982578877454
2025-09-16 14:00:00,-8228.1534133916
2025-09-16 15:00:00,-4864.129046884555
2025-09-16 16:00:00,-839.3843422028149
2025-09-16 17:00:00,12822.090281146426
2025-09-16 18:00:00,34000.0
2025-09-16 19:00:00,0.0
2025-09-16 20:00:00,0.0
2025-09-16 21:00:00,0.0
2025-09-16 22:00:00,0.0
2025-09-16 23:00:00,0.0
2025-09-17 00:00:00,28862.45045515524
2025-09-17 01:00:00,27377.8870609999
2025-09-17 02:00:00,0.0
2025-09-17 03:00:00,0.0
2025-09-17 04:00:00,0.0
2025-09-17 05:00:00,0.0
2025-09-17 06:00:00,0.0
2025-09-17 07:00:00,0.0
2025-09-17 08:00:00,0.0
2025-09-17 09:00:00,-6293.952619925694
2025-09-17 10:00:00,-7862.623384452723
2025-09-17 11:00:00,-7315.748176763482
2025-09-17 12:00:00,-4586.856443550481
2025-09-17 13:00:00,-120.31623768111604
2025-09-17 14:00:00,0.0
2025-09-17 15:00:00,0.0
2025-09-17 16:00:00,0.0
2025-09-17 17:00:00,0.0
2025-09-17 18:00:00,0.0
2025-09-17 19:00:00,34000.0
2025-09-17 20:00:00,0.0
2025-09-17 21:00:00,0.0
2025-09-17 22:00:00,0.0
2025-09-17 23:00:00,0.0
2025-09-18 00:00:00,0.0
2025-09-18 01:00:00,0.0
2025-09-18 02:00:00,0.0
2025-09-18 03:00:00,0.0
2025-09-18 04:00:00,0.0
2025-09-18 05:00:00,0.0
2025-09-18 06:00:00,0.0
2025-09-18 07:00:00,0.0
2025-09-18 08:00:00,0.0
2025-09-18 09:00:00,0.0
2025-09-18 10:00:00,0.0
2025-09-18 11:00:00,0.0
2025-09-18 12:00:00,0.0
2025-09-18 13:00:00,0.0
2025-09-18 14:00:00,0.0
2025-09-18 15:00:00,0.0
2025-09-18 16:00:00,0.0
2025-09-18 17:00:00,0.0
2025-09-18 18:00:00,0.0
2025-09-18 19:00:00,0.0
2025-09-18 20:00:00,0.0
2025-09-18 21:00:00,0.0
2025-09-18 22:00:00,0.0
2025-09-18 23:00:00,0.0
2025-09-19 00:00:00,0.0
2025-09-19 01:00:00,0.0
2025-09-19 02:00:00,0.0
2025-09-19 03:00:00,0.0
2025-09-19 04:00:00,0.0
2025-09-19 05:00:00,0.0
2025-09-19 06:00:00,0.0
2025-09-19 07:00:00,0.0
2025-09-19 08:00:00,0.0
2025-09-19 09:00:00,0.0
2025-09-19 10:00:00,-1951.4638076360388
2025-09-19 11:00:00,-5625.712454679677
2025-09-19 12:00:00,-6050.288544237064
2025-09-19 13:00:00,-5723.75437000666
2025-09-19 14:00:00,-3834.17361087224
2025-09-19 15:00:00,-2261.7109229381313
2025-09-19 16:00:00,0.0
2025-09-19 17:00:00,1181.978068689757
2025-09-19 18:00:00,0.0
2025-09-19 19:00:00,0.0
2025-09-19 20:00:00,0.0
2025-09-19 21:00:00,0.0
2025-09-19 22:00:00,0.0
2025-09-19 23:00:00,0.0
2025-09-20 00:00:00,0.0
2025-09-20 01:00:00,0.0
2025-09-20 02:00:00,0.0
2025-09-20 03:00:00,0.0
2025-09-20 04:00:00,0.0
2025-09-20 05:00:00,23455.445416
2025-09-20 06:00:00,0.0
2025-09-20 07:00:00,0.0
2025-09-20 08:00:00,-6370.411766277095
2025-09-20 09:00:00,-14272.549861234384
2025-09-20 10:00:00,-17141.148325514634
2025-09-20 11:00:00,-17549.35292556075
2025-09-20 12:00:00,-16810.86860614796
2025-09-20 13:00:00,-16228.154974481098
2025-09-20 14:00:00,-16254.875020764284
2025-09-20 15:00:00,-13703.760648411113
2025-09-20 16:00:00,-9708.778723300213
2025-09-20 17:00:00,0.0
2025-09-20 18:00:00,0.0
2025-09-20 19:00:00,0.0
2025-09-20 20:00:00,0.0
2025-09-20 21:00:00,0.0
2025-09-20 22:00:00,0.0
2025-09-20 23:00:00,0.0
2025-09-21 00:00:00,25914.63015
2025-09-21 01:00:00,24543.3816
2025-09-21 02:00:00,0.0
2025-09-21 03:00:00,0.0
2025-09-21 04:00:00,0.0
2025-09-21 05:00:00,0.0
2025-09-21 06:00:00,22223.03384020449
2025-09-21 07:00:00,0.0
2025-09-21 08:00:00,0.0
2025-09-21 09:00:00,-4103.637991094198
2025-09-21 10:00:00,-5394.766039359929
2025-09-21 11:00:00,-5956.95631176891
2025-09-21 12:00:00,-4974.608528587007
2025-09-21 13:00:00,-2818.7225906700187
2025-09-21 14:00:00,-3416.0618247257116
2025-09-21 15:00:00,-1389.809791270498
2025-09-21 16:00:00,0.0
2025-09-21 17:00:00,0.0
2025-09-21 18:00:00,0.0
2025-09-21 19:00:00,0.0
2025-09-21 20:00:00,30361.586972544643
2025-09-21 21:00:00,0.0
2025-09-21 22:00:00,0.0
2025-09-21 23:00:00,0.0
2025-09-22 00:00:00,0.0
2025-09-22 01:00:00,0.0
2025-09-22 02:00:00,0.0
2025-09-22 03:00:00,0.0
2025-09-22 04:00:00,0.0
2025-09-22 05:00:00,23783.441858
2025-09-22 06:00:00,0.0
2025-09-22 07:00:00,0.0
2025-09-22 08:00:00,0.0
2025-09-22 09:00:00,-2719.390082144124
2025-09-22 10:00:00,-6413.421772381607
2025-09-22 11:00:00,-8870.756305443527
2025-09-22 12:00:00,-10584.845889196935
2025-09-22 13:00:00,-8437.879238552174
2025-09-22 14:00:00,-9232.619080668068
2025-09-22 15:00:00,-6905.953647370465
2025-09-22 16:00:00,-1996.1471520380437
2025-09-22 17:00:00,0.0
2025-09-22 18:00:00,0.0
2025-09-22 19:00:00,0.0
2025-09-22 20:00:00,0.0
2025-09-22 21:00:00,0.0
2025-09-22 22:00:00,0.0
2025-09-22 23:00:00,0.0
2025-09-23 00:00:00,0.0
2025-09-23 01:00:00,0.0
2025-09-23 02:00:00,25075.2596229999
2025-09-23 03:00:00,0.0
2025-09-23 04:00:00,0.0
2025-09-23 05:00:00,24793.939135
2025-09-23 06:00:00,0.0
2025-09-23 07:00:00,0.0
2025-09-23 08:00:00,-291.37285785881613
2025-09-23 09:00:00,-6866.428676619165
2025-09-23 10:00:00,-9323.461482633611
2025-09-23 11:00:00,-8793.92901800514
2025-09-23 12:00:00,-8524.984775818892
2025-09-23 13:00:00,-8456.944797982156
2025-09-23 14:00:00,-5905.8643045557255
2025-09-23 15:00:00,-1588.5231780626564
2025-09-23 16:00:00,0.0
2025-09-23 17:00:00,0.0
2025-09-23 18:00:00,0.0
2025-09-23 19:00:00,0.0
2025-09-23 20:00:00,0.0
2025-09-23 21:00:00,0.0
2025-09-23 22:00:00,0.0
2025-09-23 23:00:00,0.0
2025-09-24 00:00:00,0.0
2025-09-24 01:00:00,0.0
2025-09-24 02:00:00,0.0
2025-09-24 03:00:00,0.0
2025-09-24 04:00:00,0.0
2025-09-24 05:00:00,0.0
2025-09-24 06:00:00,0.0
2025-09-24 07:00:00,19636.3341945669
2025-09-24 08:00:00,0.0
2025-09-24 09:00:00,0.0
2025-09-24 10:00:00,0.0
2025-09-24 11:00:00,-2870.11214172803
2025-09-24 12:00:00,-4202.314285421504
2025-09-24 13:00:00,-3176.8825340933545
2025-09-24 14:00:00,-3543.2548874215063
2025-09-24 15:00:00,-4247.6795751488025
2025-09-24 16:00:00,-623.3468572920174
2025-09-24 17:00:00,0.0
2025-09-24 18:00:00,31847.387457188343
2025-09-24 19:00:00,0.0
2025-09-24 20:00:00,0.0
2025-09-24 21:00:00,0.0
2025-09-24 22:00:00,0.0
2025-09-24 23:00:00,0.0
2025-09-25 00:00:00,0.0
2025-09-25 01:00:00,0.0
2025-09-25 02:00:00,24407.4489069999
2025-09-25 03:00:00,0.0
2025-09-25 04:00:00,0.0
2025-09-25 05:00:00,0.0
2025-09-25 06:00:00,0.0
2025-09-25 07:00:00,0.0
2025-09-25 08:00:00,-1637.6908019659022
2025-09-25 09:00:00,-9300.292467641226
2025-09-25 10:00:00,-11459.038977474556
2025-09-25 11:00:00,-12665.14280616536
2025-09-25 12:00:00,-13601.877657842331
2025-09-25 13:00:00,-13437.32064991723
2025-09-25 14:00:00,-12798.084862672931
2025-09-25 15:00:00,-11298.790565669944
2025-09-25 16:00:00,-7298.209970264128
2025-09-25 17:00:00,10772.032292881751
2025-09-25 18:00:00,0.0
2025-09-25 19:00:00,0.0
2025-09-25 20:00:00,0.0
2025-09-25 21:00:00,0.0
2025-09-25 22:00:00,0.0
2025-09-25 23:00:00,0.0
2025-09-26 00:00:00,0.0
2025-09-26 01:00:00,24523.878149
2025-09-26 02:00:00,0.0
2025-09-26 03:00:00,24028.003706
2025-09-26 04:00:00,0.0
2025-09-26 05:00:00,0.0
2025-09-26 06:00:00,0.0
2025-09-26 07:00:00,17051.549312983472
2025-09-26 08:00:00,-2647.15781685022
2025-09-26 09:00:00,-10222.536112029156
2025-09-26 10:00:00,-13040.033101485391
2025-09-26 11:00:00,-13443.004652571257
2025-09-26 12:00:00,-14008.07290323227
2025-09-26 13:00:00,-13810.543096246802
2025-09-26 14:00:00,-10274.069327374571
2025-09-26 15:00:00,-7504.53668764772
2025-09-26 16:00:00,-2684.0234894787573
2025-09-26 17:00:00,0.0
2025-09-26 18:00:00,0.0
2025-09-26 19:00:00,0.0
2025-09-26 20:00:00,0.0
2025-09-26 21:00:00,0.0
2025-09-26 22:00:00,0.0
2025-09-26 23:00:00,0.0
2025-09-27 00:00:00,0.0
2025-09-27 01:00:00,0.0
2025-09-27 02:00:00,0.0
2025-09-27 03:00:00,0.0
2025-09-27 04:00:00,0.0
2025-09-27 05:00:00,0.0
2025-09-27 06:00:00,23205.947053888827
2025-09-27 07:00:00,0.0
2025-09-27 08:00:00,1625.0208612184397
2025-09-27 09:00:00,-5881.377732313551
2025-09-27 10:00:00,-8211.648976895354
2025-09-27 11:00:00,-7313.188371691987
2025-09-27 12:00:00,-8188.816003527165
2025-09-27 13:00:00,-7621.520406296691
2025-09-27 14:00:00,-9750.537494478263
2025-09-27 15:00:00,-5653.491502147812
2025-09-27 16:00:00,-1793.168803780285
2025-09-27 17:00:00,0.0
2025-09-27 18:00:00,0.0
2025-09-27 19:00:00,0.0
2025-09-27 20:00:00,0.0
2025-09-27 21:00:00,27374.295394
2025-09-27 22:00:00,13464.459535922282
2025-09-27 23:00:00,25025.189593
2025-09-28 00:00:00,0.0
2025-09-28 01:00:00,23017.983889
2025-09-28 02:00:00,0.0
2025-09-28 03:00:00,21901.397926
2025-09-28 04:00:00,0.0
2025-09-28 05:00:00,0.0
2025-09-28 06:00:00,0.0
2025-09-28 07:00:00,0.0
2025-09-28 08:00:00,-4344.972344498343
2025-09-28 09:00:00,-12157.66965920637
2025-09-28 10:00:00,-13635.201401902694
2025-09-28 11:00:00,-15436.244028510355
2025-09-28 12:00:00,-16912.119882467796
2025-09-28 13:00:00,-16709.71034375415
2025-09-28 14:00:00,-16976.965556699168
2025-09-28 15:00:00,-13792.777936987972
2025-09-28 16:00:00,-6648.789640625404
2025-09-28 17:00:00,8036.451529017955
2025-09-28 18:00:00,0.0
2025-09-28 19:00:00,28607.540522
2025-09-28 20:00:00,0.0
2025-09-28 21:00:00,0.0
2025-09-28 22:00:00,0.0
2025-09-28 23:00:00,0.0
2025-09-29 00:00:00,0.0
2025-09-29 01:00:00,23131.906096
2025-09-29 02:00:00,0.0
2025-09-29 03:00:00,0.0
2025-09-29 04:00:00,0.0
2025-09-29 05:00:00,0.0
2025-09-29 06:00:00,0.0
2025-09-29 07:00:00,0.0
2025-09-29 08:00:00,1376.0655959701726
2025-09-29 09:00:00,-6695.970155361083
2025-09-29 10:00:00,-9847.045634802642
2025-09-29 11:00:00,-10935.403548528073
2025-09-29 12:00:00,-12243.79680955159
2025-09-29 13:00:00,-12851.829911601355
2025-09-29 14:00:00,-10101.080587274544
2025-09-29 15:00:00,-8382.448579623673
2025-09-29 16:00:00,-4719.268871402077
2025-09-29 17:00:00,0.0
2025-09-29 18:00:00,28960.29955729992
2025-09-29 19:00:00,30092.04737195185
2025-09-29 20:00:00,0.0
2025-09-29 21:00:00,0.0
2025-09-29 22:00:00,0.0
2025-09-29 23:00:00,0.0
2025-09-30 00:00:00,0.0
2025-09-30 01:00:00,23772.948718
2025-09-30 02:00:00,23380.010741
2025-09-30 03:00:00,0.0
2025-09-30 04:00:00,0.0
2025-09-30 05:00:00,0.0
2025-09-30 06:00:00,0.0
2025-09-30 07:00:00,0.0
2025-09-30 08:00:00,-1542.4621018455146
2025-09-30 09:00:00,-11271.300202182148
2025-09-30 10:00:00,-15709.63725724545
2025-09-30 11:00:00,-16890.61108410448
2025-09-30 12:00:00,-16274.076465889862
2025-09-30 13:00:00,-14951.717875500086
2025-09-30 14:00:00,-11915.420434850595
2025-09-30 15:00:00,-10756.567872854906
2025-09-30 16:00:00,-5786.569643204184
2025-09-30 17:00:00,0.0
2025-09-30 18:00:00,0.0
2025-09-30 19:00:00,0.0
2025-09-30 20:00:00,24992.869492187237
2025-09-30 21:00:00,28654.6772099999
2025-09-30 22:00:00,0.0
2025-09-30 23:00:00,0.0
2025-10-01 00:00:00,0.0
2025-10-01 01:00:00,0.0
2025-10-01 02:00:00,0.0
2025-10-01 03:00:00,23288.647711
2025-10-01 04:00:00,0.0
2025-10-01 05:00:00,23447.227503
2025-10-01 06:00:00,0.0
2025-10-01 07:00:00,0.0
2025-10-01 08:00:00,-3015.7290504576813
2025-10-01 09:00:00,-11074.45202479258
2025-10-01 10:00:00,-13433.435430263307
2025-10-01 11:00:00,-14813.665668157104
2025-10-01 12:00:00,-15858.220327434894
2025-10-01 13:00:00,-15649.679698907781
2025-10-01 14:00:00,-14737.897943883185
2025-10-01 15:00:00,-13023.49281575223
2025-10-01 16:00:00,-8804.005719171178
2025-10-01 17:00:00,0.0
2025-10-01 18:00:00,12890.872279343013
2025-10-01 19:00:00,0.0
2025-10-01 20:00:00,29596.939879
2025-10-01 21:00:00,0.0
2025-10-01 22:00:00,0.0
2025-10-01 23:00:00,25701.34305
2025-10-02 00:00:00,0.0
2025-10-02 01:00:00,0.0
2025-10-02 02:00:00,0.0
2025-10-02 03:00:00,0.0
2025-10-02 04:00:00,0.0
2025-10-02 05:00:00,0.0
2025-10-02 06:00:00,0.0
2025-10-02 07:00:00,0.0
2025-10-02 08:00:00,-3430.1114917554114
2025-10-02 09:00:00,-9989.809214458131
2025-10-02 10:00:00,-12483.632370154792
2025-10-02 11:00:00,-13638.85614249303
2025-10-02 12:00:00,-13570.103205231455
2025-10-02 13:00:00,-12552.487750702036
2025-10-02 14:00:00,-10318.434651296888
2025-10-02 15:00:00,-7081.347486902247
2025-10-02 16:00:00,-1348.6675708158436
2025-10-02 17:00:00,0.0
2025-10-02 18:00:00,28991.770879416894
2025-10-02 19:00:00,30281.173397078917
2025-10-02 20:00:00,0.0
2025-10-02 21:00:00,0.0
2025-10-02 22:00:00,0.0
2025-10-02 23:00:00,0.0
2025-10-03 00:00:00,0.0
2025-10-03 01:00:00,0.0
2025-10-03 02:00:00,0.0
2025-10-03 03:00:00,0.0
2025-10-03 04:00:00,22738.609811
2025-10-03 05:00:00,0.0
2025-10-03 06:00:00,25140.916410527938
2025-10-03 07:00:00,0.0
2025-10-03 08:00:00,-132.68555365713473
2025-10-03 09:00:00,-8567.249355837619
2025-10-03 10:00:00,-10234.790008071202
2025-10-03 11:00:00,-12542.895998696455
2025-10-03 12:00:00,-14336.0356999293
2025-10-03 13:00:00,-14568.116060590983
2025-10-03 14:00:00,-14833.070870313037
2025-10-03 15:00:00,-12450.294877263837
2025-10-03 16:00:00,-8747.866409166556
2025-10-03 17:00:00,0.0
2025-10-03 18:00:00,0.0
2025-10-03 19:00:00,27969.759547931455
2025-10-03 20:00:00,0.0
2025-10-03 21:00:00,22965.550636560332
2025-10-03 22:00:00,0.0
2025-10-03 23:00:00,0.0
2025-10-04 00:00:00,0.0
2025-10-04 01:00:00,0.0
2025-10-04 02:00:00,0.0
2025-10-04 03:00:00,0.0
2025-10-04 04:00:00,0.0
2025-10-04 05:00:00,0.0
2025-10-04 06:00:00,22178.945092809903
2025-10-04 07:00:00,13657.449072871808
2025-10-04 08:00:00,-7453.071039013139
2025-10-04 09:00:00,-13766.87389181785
2025-10-04 10:00:00,-16076.823842037014
2025-10-04 11:00:00,-16971.53087174269
2025-10-04 12:00:00,-16590.591232830477
2025-10-04 13:00:00,-15889.433699233046
2025-10-04 14:00:00,-13946.60787542327
2025-10-04 15:00:00,-12351.181728471947
2025-10-04 16:00:00,-7766.937164702689
2025-10-04 17:00:00,0.0
2025-10-04 18:00:00,25385.185299948305
2025-10-04 19:00:00,10376.248338796584
2025-10-04 20:00:00,26047.012219
2025-10-04 21:00:00,0.0
2025-10-04 22:00:00,24410.688121
2025-10-04 23:00:00,0.0
2025-10-05 00:00:00,22512.612232
2025-10-05 01:00:00,0.0
2025-10-05 02:00:00,0.0
2025-10-05 03:00:00,0.0
2025-10-05 04:00:00,0.0
2025-10-05 05:00:00,0.0
2025-10-05 06:00:00,0.0
2025-10-05 07:00:00,0.0
2025-10-05 08:00:00,0.0
2025-10-05 09:00:00,0.0
2025-10-05 10:00:00,-15008.592464315569
2025-10-05 11:00:00,-20741.995843059118
2025-10-05 12:00:00,-20298.13220520931
2025-10-05 13:00:00,-20215.050501585036
2025-10-05 14:00:00,-20085.86379468913
2025-10-05 15:00:00,-18840.203270286383
2025-10-05 16:00:00,-13831.090455725353
2025-10-05 17:00:00,7181.872167316091
2025-10-05 18:00:00,0.0
2025-10-05 19:00:00,0.0
2025-10-05 20:00:00,0.0
2025-10-05 21:00:00,0.0
2025-10-05 22:00:00,0.0
2025-10-05 23:00:00,0.0
2025-10-06 00:00:00,22502.622307
2025-10-06 01:00:00,21424.92576
2025-10-06 02:00:00,0.0
2025-10-06 03:00:00,0.0
2025-10-06 04:00:00,21288.547846
2025-10-06 05:00:00,20004.410244567378
2025-10-06 06:00:00,23716.457356499424
2025-10-06 07:00:00,0.0
2025-10-06 08:00:00,-1599.9517439276779
2025-10-06 09:00:00,-14928.417685345139
2025-10-06 10:00:00,-17211.43863338201
2025-10-06 11:00:00,-16764.698490751558
2025-10-06 12:00:00,-16772.87558286252
2025-10-06 13:00:00,-17457.13221390207
2025-10-06 14:00:00,-17374.62569970651
2025-10-06 15:00:00,-16355.820738583312
2025-10-06 16:00:00,-10555.967746409086
2025-10-06 17:00:00,0.0
2025-10-06 18:00:00,0.0
2025-10-06 19:00:00,9219.786729882275
2025-10-06 20:00:00,28835.872409894004
2025-10-06 21:00:00,0.0
2025-10-06 22:00:00,0.0
2025-10-06 23:00:00,24415.20358
2025-10-07 00:00:00,23565.799046
2025-10-07 01:00:00,0.0
2025-10-07 02:00:00,0.0
2025-10-07 03:00:00,0.0
2025-10-07 04:00:00,0.0
2025-10-07 05:00:00,0.0
2025-10-07 06:00:00,24221.196366247917
2025-10-07 07:00:00,0.0
2025-10-07 08:00:00,-4012.3545605976433
2025-10-07 09:00:00,-13248.552290263757
2025-10-07 10:00:00,-15398.002417848802
2025-10-07 11:00:00,-15680.260470297279
2025-10-07 12:00:00,-16228.481070244594
2025-10-07 13:00:00,-16614.17325483639
2025-10-07 14:00:00,-16397.80947638985
2025-10-07 15:00:00,-15533.467809627018
2025-10-07 16:00:00,-9395.629907699316
2025-10-07 17:00:00,12682.968348203845
2025-10-07 18:00:00,0.0
2025-10-07 19:00:00,28363.01425830533
2025-10-07 20:00:00,0.0
2025-10-07 21:00:00,0.0
2025-10-07 22:00:00,0.0
2025-10-07 23:00:00,0.0
2025-10-08 00:00:00,0.0
2025-10-08 01:00:00,0.0
2025-10-08 02:00:00,0.0
2025-10-08 03:00:00,0.0
2025-10-08 04:00:00,22382.390166
2025-10-08 05:00:00,22433.7058689999
2025-10-08 06:00:00,0.0
2025-10-08 07:00:00,18046.95950137252
2025-10-08 08:00:00,-2938.4955665828784
2025-10-08 09:00:00,-10838.922637252603
2025-10-08 10:00:00,-13641.25007458989
2025-10-08 11:00:00,-14508.90961150837
2025-10-08 12:00:00,-15490.937410899161
2025-10-08 13:00:00,-16350.773858349006
2025-10-08 14:00:00,-16374.184184581434
2025-10-08 15:00:00,-15774.40564291491
2025-10-08 16:00:00,-9536.607838745731
2025-10-08 17:00:00,0.0
2025-10-08 18:00:00,0.0
2025-10-08 19:00:00,0.0
2025-10-08 20:00:00,27946.079781
2025-10-08 21:00:00,0.0
2025-10-08 22:00:00,0.0
2025-10-08 23:00:00,0.0
2025-10-09 00:00:00,0.0
2025-10-09 01:00:00,22544.001293
2025-10-09 02:00:00,0.0
2025-10-09 03:00:00,0.0
2025-10-09 04:00:00,0.0
2025-10-09 05:00:00,1288.5693816752635
2025-10-09 06:00:00,0.0
2025-10-09 07:00:00,20160.724523978195
2025-10-09 08:00:00,0.0
2025-10-09 09:00:00,-5918.1822041730375
2025-10-09 10:00:00,-7245.099362691886
2025-10-09 11:00:00,-6597.0200352231695
2025-10-09 12:00:00,-7236.534958253935
2025-10-09 13:00:00,-7028.066086858838
2025-10-09 14:00:00,-4247.2303381384045
2025-10-09 15:00:00,-300.9274803096923
2025-10-09 16:00:00,0.0
2025-10-09 17:00:00,17632.35714551106
2025-10-09 18:00:00,0.0
2025-10-09 19:00:00,0.0
2025-10-09 20:00:00,0.0
2025-10-09 21:00:00,0.0
2025-10-09 22:00:00,0.0
2025-10-09 23:00:00,0.0
2025-10-10 00:00:00,23834.407198
2025-10-10 01:00:00,0.0
2025-10-10 02:00:00,0.0
2025-10-10 03:00:00,0.0
2025-10-10 04:00:00,0.0
2025-10-10 05:00:00,0.0
2025-10-10 06:00:00,0.0
2025-10-10 07:00:00,0.0
2025-10-10 08:00:00,0.0
2025-10-10 09:00:00,0.0
2025-10-10 10:00:00,-1756.8197700859237
2025-10-10 11:00:00,-2834.1227155200613
2025-10-10 12:00:00,-2365.792879241675
2025-10-10 13:00:00,-791.3350370384287
2025-10-10 14:00:00,0.0
2025-10-10 15:00:00,0.0
2025-10-10 16:00:00,0.0
2025-10-10 17:00:00,0.0
2025-10-10 18:00:00,0.0
2025-10-10 19:00:00,0.0
2025-10-10 20:00:00,0.0
2025-10-10 21:00:00,0.0
2025-10-10 22:00:00,0.0
2025-10-10 23:00:00,0.0
2025-10-11 00:00:00,0.0
2025-10-11 01:00:00,22862.5735729999
2025-10-11 02:00:00,0.0
2025-10-11 03:00:00,0.0
2025-10-11 04:00:00,21539.140566
2025-10-11 05:00:00,0.0
2025-10-11 06:00:00,0.0
2025-10-11 07:00:00,0.0
2025-10-11 08:00:00,0.0
2025-10-11 09:00:00,-10553.400160686997
2025-10-11 10:00:00,-14539.884092599346
2025-10-11 11:00:00,-15051.330794446138
2025-10-11 12:00:00,-15851.11652047939
2025-10-11 13:00:00,-16418.423463184525
2025-10-11 14:00:00,-17107.203249166145
2025-10-11 15:00:00,-14763.53145245932
2025-10-11 16:00:00,-8752.093693919436
2025-10-11 17:00:00,0.0
2025-10-11 18:00:00,25674.65394064154
2025-10-11 19:00:00,0.0
2025-10-11 20:00:00,25739.004747
2025-10-11 21:00:00,25100.3422399999
2025-10-11 22:00:00,0.0
2025-10-11 23:00:00,22939.83159
2025-10-12 00:00:00,2279.4525666056934
2025-10-12 01:00:00,0.0
2025-10-12 02:00:00,0.0
2025-10-12 03:00:00,0.0
2025-10-12 04:00:00,0.0
2025-10-12 05:00:00,0.0
2025-10-12 06:00:00,0.0
2025-10-12 07:00:00,0.0
2025-10-12 08:00:00,-1173.0231695120715
2025-10-12 09:00:00,-14858.05068754244
2025-10-12 10:00:00,-17932.516266515955
2025-10-12 11:00:00,-18534.56209405356
2025-10-12 12:00:00,-16601.916158888936
2025-10-12 13:00:00,-16489.19873707152
2025-10-12 14:00:00,-16770.883457439642
2025-10-12 15:00:00,-16243.237527441746
2025-10-12 16:00:00,-10417.540436404026
2025-10-12 17:00:00,0.0
2025-10-12 18:00:00,0.0
2025-10-12 19:00:00,16240.661495174441
2025-10-12 20:00:00,0.0
2025-10-12 21:00:00,24691.444735
2025-10-12 22:00:00,0.0
2025-10-12 23:00:00,0.0
2025-10-13 00:00:00,0.0
2025-10-13 01:00:00,0.0
2025-10-13 02:00:00,0.0
2025-10-13 03:00:00,0.0
2025-10-13 04:00:00,0.0
2025-10-13 05:00:00,0.0
2025-10-13 06:00:00,0.0
2025-10-13 07:00:00,0.0
2025-10-13 08:00:00,0.0
2025-10-13 09:00:00,-7760.870625124066
2025-10-13 10:00:00,-9749.9825644786
2025-10-13 11:00:00,-10484.122985216745
2025-10-13 12:00:00,-8162.602067197386
2025-10-13 13:00:00,-5077.841742841076
2025-10-13 14:00:00,-3295.2053920586004
2025-10-13 15:00:00,-949.4926566106878
2025-10-13 16:00:00,0.0
2025-10-13 17:00:00,0.0
2025-10-13 18:00:00,0.0
2025-10-13 19:00:00,0.0
2025-10-13 20:00:00,26032.497425
2025-10-13 21:00:00,0.0
2025-10-13 22:00:00,0.0
2025-10-13 23:00:00,0.0
2025-10-14 00:00:00,6787.036964644021
2025-10-14 01:00:00,0.0
2025-10-14 02:00:00,21088.036798
2025-10-14 03:00:00,0.0
2025-10-14 04:00:00,0.0
2025-10-14 05:00:00,0.0
2025-10-14 06:00:00,0.0
2025-10-14 07:00:00,0.0
2025-10-14 08:00:00,0.0
2025-10-14 09:00:00,0.0
2025-10-14 10:00:00,0.0
2025-10-14 11:00:00,0.0
2025-10-14 12:00:00,0.0
2025-10-14 13:00:00,-2396.841061334777
2025-10-14 14:00:00,-4962.774236164583
2025-10-14 15:00:00,-1591.1623505661264
2025-10-14 16:00:00,0.0
2025-10-14 17:00:00,0.0
2025-10-14 18:00:00,0.0
2025-10-14 19:00:00,0.0
2025-10-14 20:00:00,25366.379608
2025-10-14 21:00:00,0.0
2025-10-14 22:00:00,0.0
2025-10-14 23:00:00,22637.246759
2025-10-15 00:00:00,0.0
2025-10-15 01:00:00,0.0
2025-10-15 02:00:00,0.0
2025-10-15 03:00:00,0.0
2025-10-15 04:00:00,0.0
2025-10-15 05:00:00,0.0
2025-10-15 06:00:00,0.0
2025-10-15 07:00:00,0.0
2025-10-15 08:00:00,-2311.909042870022
2025-10-15 09:00:00,-10544.06663768788
2025-10-15 10:00:00,-13228.007445913168
2025-10-15 11:00:00,-14909.148135565367
2025-10-15 12:00:00,-15791.70432427082
2025-10-15 13:00:00,-15378.179930904334
2025-10-15 14:00:00,-14294.91344850076
2025-10-15 15:00:00,-11262.977362390924
2025-10-15 16:00:00,-6562.979973435744
2025-10-15 17:00:00,12472.079399583228
2025-10-15 18:00:00,0.0
2025-10-15 19:00:00,0.0
2025-10-15 20:00:00,18941.7447532765
2025-10-15 21:00:00,0.0
2025-10-15 22:00:00,0.0
2025-10-15 23:00:00,22519.894964
2025-10-16 00:00:00,0.0
2025-10-16 01:00:00,0.0
2025-10-16 02:00:00,20543.942315
2025-10-16 03:00:00,0.0
2025-10-16 04:00:00,0.0
2025-10-16 05:00:00,0.0
2025-10-16 06:00:00,23443.33577031308
2025-10-16 07:00:00,18197.838479210077
2025-10-16 08:00:00,-3345.2168120541755
2025-10-16 09:00:00,-13751.292368058155
2025-10-16 10:00:00,-17418.3093586082
2025-10-16 11:00:00,-17737.324320197014
2025-10-16 12:00:00,-16668.568216853582
2025-10-16 13:00:00,-16388.337624331976
2025-10-16 14:00:00,-16479.88785181334
2025-10-16 15:00:00,-14324.003709630877
2025-10-16 16:00:00,-9349.676327053847
2025-10-16 17:00:00,10011.125548829568
2025-10-16 18:00:00,0.0
2025-10-16 19:00:00,26624.614458
2025-10-16 20:00:00,0.0
2025-10-16 21:00:00,0.0
2025-10-16 22:00:00,0.0
2025-10-16 23:00:00,0.0
2025-10-17 00:00:00,0.0
2025-10-17 01:00:00,20977.955727
2025-10-17 02:00:00,0.0
2025-10-17 03:00:00,0.0
2025-10-17 04:00:00,20227.272362
2025-10-17 05:00:00,21264.163544
2025-10-17 06:00:00,0.0
2025-10-17 07:00:00,0.0
2025-10-17 08:00:00,-3736.647991889382
2025-10-17 09:00:00,-13476.847288616671
2025-10-17 10:00:00,-16506.62914419149
2025-10-17 11:00:00,-16676.147496255944
2025-10-17 12:00:00,-15725.74435194186
2025-10-17 13:00:00,-15439.84500189684
2025-10-17 14:00:00,-14191.74998969448
2025-10-17 15:00:00,-11778.702637899863
2025-10-17 16:00:00,-6142.810977026165
2025-10-17 17:00:00,0.0
2025-10-17 18:00:00,0.0
2025-10-17 19:00:00,26731.142003
2025-10-17 20:00:00,25737.612825
2025-10-17 21:00:00,0.0
2025-10-17 22:00:00,0.0
2025-10-17 23:00:00,0.0
2025-10-18 00:00:00,21782.06598038289
2025-10-18 01:00:00,21587.653467
2025-10-18 02:00:00,0.0
2025-10-18 03:00:00,20280.361406
2025-10-18 04:00:00,0.0
2025-10-18 05:00:00,0.0
2025-10-18 06:00:00,0.0
2025-10-18 07:00:00,0.0
2025-10-18 08:00:00,-4813.670538889382
2025-10-18 09:00:00,-14616.730570616572
2025-10-18 10:00:00,-18859.12782319149
2025-10-18 11:00:00,-18260.965779255945
2025-10-18 12:00:00,-16994.10805894186
2025-10-18 13:00:00,-16112.65561289684
2025-10-18 14:00:00,-15358.07076469448
2025-10-18 15:00:00,-12860.146517899862
2025-10-18 16:00:00,-6957.106679026165
2025-10-18 17:00:00,0.0
2025-10-18 18:00:00,0.0
2025-10-18 19:00:00,0.0
2025-10-18 20:00:00,0.0
2025-10-18 21:00:00,24359.320921
2025-10-18 22:00:00,0.0
2025-10-18 23:00:00,0.0
2025-10-19 00:00:00,0.0
2025-10-19 01:00:00,21095.403972
2025-10-19 02:00:00,0.0
2025-10-19 03:00:00,0.0
2025-10-19 04:00:00,0.0
2025-10-19 05:00:00,19808.643696
2025-10-19 06:00:00,20360.300965231567
2025-10-19 07:00:00,0.0
2025-10-19 08:00:00,-4287.9304501539045
2025-10-19 09:00:00,-11707.054756564892
2025-10-19 10:00:00,-12895.024801248743
2025-10-19 11:00:00,-12311.08211041302
2025-10-19 12:00:00,-12002.846070101823
2025-10-19 13:00:00,-11445.678272145073
2025-10-19 14:00:00,-9746.197774011871
2025-10-19 15:00:00,-10058.694577361843
2025-10-19 16:00:00,-5212.254458791438
2025-10-19 17:00:00,0.0
2025-10-19 18:00:00,0.0
2025-10-19 19:00:00,7359.651670728493
2025-10-19 20:00:00,0.0
2025-10-19 21:00:00,0.0
2025-10-19 22:00:00,23805.4546229999
2025-10-19 23:00:00,0.0
2025-10-20 00:00:00,0.0
2025-10-20 01:00:00,0.0
2025-10-20 02:00:00,0.0
2025-10-20 03:00:00,0.0
2025-10-20 04:00:00,20530.909719
2025-10-20 05:00:00,21697.328449
2025-10-20 06:00:00,0.0
2025-10-20 07:00:00,19461.62372355129
2025-10-20 08:00:00,-1825.7823638078116
2025-10-20 09:00:00,-12380.120722754014
2025-10-20 10:00:00,-14881.294846918652
2025-10-20 11:00:00,-14309.62835558362
2025-10-20 12:00:00,-13927.534599266113
2025-10-20 13:00:00,-14434.478812431935
2025-10-20 14:00:00,-12253.841945521228
2025-10-20 15:00:00,-11658.42864722398
2025-10-20 16:00:00,-4876.687046925759
2025-10-20 17:00:00,0.0
2025-10-20 18:00:00,0.0
2025-10-20 19:00:00,0.0
2025-10-20 20:00:00,0.0
2025-10-20 21:00:00,0.0
2025-10-20 22:00:00,0.0
2025-10-20 23:00:00,0.0
2025-10-21 00:00:00,0.0
2025-10-21 01:00:00,0.0
2025-10-21 02:00:00,21448.538459
2025-10-21 03:00:00,0.0
2025-10-21 04:00:00,0.0
2025-10-21 05:00:00,0.0
2025-10-21 06:00:00,0.0
2025-10-21 07:00:00,20275.243049941637
2025-10-21 08:00:00,0.0
2025-10-21 09:00:00,-9036.397992888738
2025-10-21 10:00:00,-10050.509296927677
2025-10-21 11:00:00,-9773.597797999704
2025-10-21 12:00:00,-8368.14649912038
2025-10-21 13:00:00,-8631.876904374116
2025-10-21 14:00:00,-7428.481354927015
2025-10-21 15:00:00,-5354.130452497106
2025-10-21 16:00:00,3737.3921811431974
2025-10-21 17:00:00,20689.445660450954
2025-10-21 18:00:00,0.0
2025-10-21 19:00:00,23662.754484094847
2025-10-21 20:00:00,27047.445695
2025-10-21 21:00:00,0.0
2025-10-21 22:00:00,0.0
2025-10-21 23:00:00,0.0
2025-10-22 00:00:00,0.0
2025-10-22 01:00:00,0.0
2025-10-22 02:00:00,0.0
2025-10-22 03:00:00,0.0
2025-10-22 04:00:00,0.0
2025-10-22 05:00:00,0.0
2025-10-22 06:00:00,0.0
2025-10-22 07:00:00,22535.167134335257
2025-10-22 08:00:00,9043.355904604872
2025-10-22 09:00:00,-2538.513642424885
2025-10-22 10:00:00,-5889.003266408057
2025-10-22 11:00:00,-6971.648678728114
2025-10-22 12:00:00,-9728.06406357307
2025-10-22 13:00:00,-10232.815524083722
2025-10-22 14:00:00,-9188.793759680688
2025-10-22 15:00:00,-9279.745345642019
2025-10-22 16:00:00,-3410.7268200403596
2025-10-22 17:00:00,17562.875033647742
2025-10-22 18:00:00,0.0
2025-10-22 19:00:00,0.0
2025-10-22 20:00:00,0.0
2025-10-22 21:00:00,0.0
2025-10-22 22:00:00,0.0
2025-10-22 23:00:00,0.0
2025-10-23 00:00:00,0.0
2025-10-23 01:00:00,0.0
2025-10-23 02:00:00,0.0
2025-10-23 03:00:00,0.0
2025-10-23 04:00:00,0.0
2025-10-23 05:00:00,21887.301109
2025-10-23 06:00:00,0.0
2025-10-23 07:00:00,20527.488957662765
2025-10-23 08:00:00,940.9895119660687
2025-10-23 09:00:00,-10658.24655695257
2025-10-23 10:00:00,-13679.77204360743
2025-10-23 11:00:00,-14081.599425494649
2025-10-23 12:00:00,-14257.96441837883
2025-10-23 13:00:00,-14467.401848396326
2025-10-23 14:00:00,-15128.49915372696
2025-10-23 15:00:00,-14889.778265911282
2025-10-23 16:00:00,-7019.825888780062
2025-10-23 17:00:00,0.0
2025-10-23 18:00:00,0.0
2025-10-23 19:00:00,0.0
2025-10-23 20:00:00,25742.391948546076
2025-10-23 21:00:00,0.0
2025-10-23 22:00:00,11160.388932524738
2025-10-23 23:00:00,0.0
2025-10-24 00:00:00,0.0
2025-10-24 01:00:00,0.0
2025-10-24 02:00:00,0.0
2025-10-24 03:00:00,20661.800225
2025-10-24 04:00:00,20604.213124
2025-10-24 05:00:00,0.0
2025-10-24 06:00:00,0.0
2025-10-24 07:00:00,0.0
2025-10-24 08:00:00,-894.549497231048
2025-10-24 09:00:00,-12665.904390789412
2025-10-24 10:00:00,-15286.076076760557
2025-10-24 11:00:00,-15301.655969561176
2025-10-24 12:00:00,-15367.617609396664
2025-10-24 13:00:00,-15680.295670261068
2025-10-24 14:00:00,-15709.585877318976
2025-10-24 15:00:00,-14527.110553583138
2025-10-24 16:00:00,-6259.261099909556
2025-10-24 17:00:00,0.0
2025-10-24 18:00:00,27318.08369871053
2025-10-24 19:00:00,27279.185254820004
2025-10-24 20:00:00,0.0
2025-10-24 21:00:00,0.0
2025-10-24 22:00:00,0.0
2025-10-24 23:00:00,0.0
2025-10-25 00:00:00,0.0
2025-10-25 01:00:00,0.0
2025-10-25 02:00:00,0.0
2025-10-25 03:00:00,0.0
2025-10-25 04:00:00,0.0
2025-10-25 05:00:00,0.0
2025-10-25 06:00:00,9971.48686854725
2025-10-25 07:00:00,17439.158780471607
2025-10-25 08:00:00,-1802.7429621350166
2025-10-25 09:00:00,-10865.522617369472
2025-10-25 10:00:00,-13935.971068455154
2025-10-25 11:00:00,-13663.449814198775
2025-10-25 12:00:00,-12831.707658173214
2025-10-25 13:00:00,-12268.685587873588
2025-10-25 14:00:00,-12728.534395066126
2025-10-25 15:00:00,-10270.456533676774
2025-10-25 16:00:00,-2752.834476995664
2025-10-25 17:00:00,0.0
2025-10-25 18:00:00,25049.07020671196
2025-10-25 19:00:00,0.0
2025-10-25 20:00:00,0.0
2025-10-25 21:00:00,0.0
2025-10-25 22:00:00,0.0
2025-10-25 23:00:00,0.0
2025-10-26 00:00:00,0.0
2025-10-26 01:00:00,0.0
2025-10-26 02:00:00,0.0
2025-10-26 03:00:00,12199.246601636965
2025-10-26 04:00:00,19274.878136
2025-10-26 05:00:00,0.0
2025-10-26 06:00:00,20056.238188
2025-10-26 07:00:00,0.0
2025-10-26 08:00:00,-845.9135023562885
2025-10-26 09:00:00,-11962.22563012939
2025-10-26 10:00:00,-12182.778008139077
2025-10-26 11:00:00,-11109.808552764196
2025-10-26 12:00:00,-11236.72737028377
2025-10-26 13:00:00,-11645.783488823552
2025-10-26 14:00:00,-11502.255341994278
2025-10-26 15:00:00,-9611.136813240504
2025-10-26 16:00:00,-4991.630328212195
2025-10-26 17:00:00,0.0
2025-10-26 18:00:00,0.0
2025-10-26 19:00:00,25242.611376
2025-10-26 20:00:00,24366.903679
2025-10-26 21:00:00,0.0
2025-10-26 22:00:00,23184.717616
2025-10-26 23:00:00,0.0
2025-10-27 00:00:00,0.0
2025-10-27 01:00:00,19923.311727450917
2025-10-27 02:00:00,0.0
2025-10-27 03:00:00,21061.182212
2025-10-27 04:00:00,0.0
2025-10-27 05:00:00,0.0
2025-10-27 06:00:00,0.0
2025-10-27 07:00:00,0.0
2025-10-27 08:00:00,2340.1090709319615
2025-10-27 09:00:00,-6735.395262726812
2025-10-27 10:00:00,-8261.953771263194
2025-10-27 11:00:00,-9396.201638946095
2025-10-27 12:00:00,-11787.734002252138
2025-10-27 13:00:00,-12940.994592790987
2025-10-27 14:00:00,-12505.90678887823
2025-10-27 15:00:00,-11344.817765283322
2025-10-27 16:00:00,-4766.218850640558
2025-10-27 17:00:00,0.0
2025-10-27 18:00:00,0.0
2025-10-27 19:00:00,27090.849035
2025-10-27 20:00:00,26040.50341
2025-10-27 21:00:00,0.0
2025-10-27 22:00:00,0.0
2025-10-27 23:00:00,0.0
2025-10-28 00:00:00,0.0
2025-10-28 01:00:00,0.0
2025-10-28 02:00:00,15662.13953403566
2025-10-28 03:00:00,0.0
2025-10-28 04:00:00,0.0
2025-10-28 05:00:00,0.0
2025-10-28 06:00:00,0.0
2025-10-28 07:00:00,0.0
2025-10-28 08:00:00,1171.808426467538
2025-10-28 09:00:00,-11877.30884678191
2025-10-28 10:00:00,-14616.812119172078
2025-10-28 11:00:00,-15307.254664589058
2025-10-28 12:00:00,-14857.097815303372
2025-10-28 13:00:00,-15410.442106042847
2025-10-28 14:00:00,-15207.824737438434
2025-10-28 15:00:00,-12194.737892384273
2025-10-28 16:00:00,-3875.3557181745164
2025-10-28 17:00:00,0.0
2025-10-28 18:00:00,0.0
2025-10-28 19:00:00,0.0
2025-10-28 20:00:00,0.0
2025-10-28 21:00:00,0.0
2025-10-28 22:00:00,0.0
2025-10-28 23:00:00,23136.859845
2025-10-29 00:00:00,0.0
2025-10-29 01:00:00,0.0
2025-10-29 02:00:00,21404.705864
2025-10-29 03:00:00,0.0
2025-10-29 04:00:00,0.0
2025-10-29 05:00:00,0.0
2025-10-29 06:00:00,0.0
2025-10-29 07:00:00,21766.660826468265
2025-10-29 08:00:00,2496.2819156473306
2025-10-29 09:00:00,-10597.468902443674
2025-10-29 10:00:00,-13793.853245335064
2025-10-29 11:00:00,-13625.70663257816
2025-10-29 12:00:00,-13656.046138950245
2025-10-29 13:00:00,-14403.243240107528
2025-10-29 14:00:00,-13853.05628417206
2025-10-29 15:00:00,-12362.717784804245
2025-10-29 16:00:00,-2275.2170863480787
2025-10-29 17:00:00,0.0
2025-10-29 18:00:00,0.0
2025-10-29 19:00:00,29038.94516
2025-10-29 20:00:00,0.0
2025-10-29 21:00:00,0.0
2025-10-29 22:00:00,0.0
2025-10-29 23:00:00,23625.0849729999
2025-10-30 00:00:00,0.0
2025-10-30 01:00:00,21500.106629
2025-10-30 02:00:00,0.0
2025-10-30 03:00:00,0.0
2025-10-30 04:00:00,0.0
2025-10-30 05:00:00,0.0
2025-10-30 06:00:00,13811.973379761808
2025-10-30 07:00:00,21342.11030028567
2025-10-30 08:00:00,0.0
2025-10-30 09:00:00,-9936.267685814586
2025-10-30 10:00:00,-12833.492257804552
2025-10-30 11:00:00,-12415.776466420812
2025-10-30 12:00:00,-12665.783619468119
2025-10-30 13:00:00,-12687.465985708892
2025-10-30 14:00:00,-12947.016743852291
2025-10-30 15:00:00,-11839.73010912554
2025-10-30 16:00:00,-3038.0611253770912
2025-10-30 17:00:00,0.0
2025-10-30 18:00:00,0.0
2025-10-30 19:00:00,0.0
2025-10-30 20:00:00,0.0
2025-10-30 21:00:00,0.0
2025-10-30 22:00:00,0.0
2025-10-30 23:00:00,0.0
2025-10-31 00:00:00,0.0
2025-10-31 01:00:00,0.0
2025-10-31 02:00:00,20936.9015
2025-10-31 03:00:00,0.0
2025-10-31 04:00:00,20674.902415
2025-10-31 05:00:00,0.0
2025-10-31 06:00:00,16350.900469195965
2025-10-31 07:00:00,21564.530210018707
2025-10-31 08:00:00,0.0
2025-10-31 09:00:00,-10587.982366444085
2025-10-31 10:00:00,-13955.406750334456
2025-10-31 11:00:00,-13984.140556932365
2025-10-31 12:00:00,-13256.465789851954
2025-10-31 13:00:00,-12750.834800444347
2025-10-31 14:00:00,-13225.45750789145
2025-10-31 15:00:00,-12337.574018206982
2025-10-31 16:00:00,-2937.837674665421
2025-10-31 17:00:00,19353.991510177028
2025-10-31 18:00:00,0.0
2025-10-31 19:00:00,0.0
2025-10-31 20:00:00,25061.596409
2025-10-31 21:00:00,0.0
2025-10-31 22:00:00,0.0
2025-10-31 23:00:00,0.0
2025-11-01 00:00:00,0.0
2025-11-01 01:00:00,0.0
2025-11-01 02:00:00,0.0
2025-11-01 03:00:00,0.0
2025-11-01 04:00:00,0.0
2025-11-01 05:00:00,0.0
2025-11-01 06:00:00,20857.173483
2025-11-01 07:00:00,18459.368116116926
2025-11-01 08:00:00,0.0
2025-11-01 09:00:00,-14776.98889123251
2025-11-01 10:00:00,-18159.988054190537
2025-11-01 11:00:00,-18839.03328010459
2025-11-01 12:00:00,-18525.552592212687
2025-11-01 13:00:00,-18433.335853476547
2025-11-01 14:00:00,-17705.55598573054
2025-11-01 15:00:00,-16262.654566291316
2025-11-01 16:00:00,-6317.819311631141
2025-11-01 17:00:00,0.0
2025-11-01 18:00:00,0.0
2025-11-01 19:00:00,0.0
2025-11-01 20:00:00,0.0
2025-11-01 21:00:00,0.0
2025-11-01 22:00:00,22957.283234
2025-11-01 23:00:00,0.0
2025-11-02 00:00:00,21286.208065
2025-11-02 01:00:00,1903.9103296103624
2025-11-02 02:00:00,19501.800664
2025-11-02 03:00:00,19008.37649
2025-11-02 04:00:00,0.0
2025-11-02 05:00:00,19137.3636679999
2025-11-02 06:00:00,0.0
2025-11-02 07:00:00,-1259.0813784820712
2025-11-02 08:00:00,-14438.793417790988
2025-11-02 09:00:00,-16221.25993947381
2025-11-02 10:00:00,-15844.218982371229
2025-11-02 11:00:00,-16094.120660236113
2025-11-02 12:00:00,-16616.365699885017
2025-11-02 13:00:00,-16886.1342706965
2025-11-02 14:00:00,-14750.683191456465
2025-11-02 15:00:00,-3217.0562936192255
2025-11-02 16:00:00,19816.438958516494
2025-11-02 17:00:00,0.0
2025-11-02 18:00:00,0.0
2025-11-02 19:00:00,0.0
2025-11-02 20:00:00,0.0
2025-11-02 21:00:00,0.0
2025-11-02 22:00:00,22313.159239
2025-11-02 23:00:00,21237.401093
2025-11-03 00:00:00,0.0
2025-11-03 01:00:00,0.0
2025-11-03 02:00:00,0.0
2025-11-03 03:00:00,0.0
2025-11-03 04:00:00,0.0
2025-11-03 05:00:00,0.0
2025-11-03 06:00:00,20876.20838605799
2025-11-03 07:00:00,0.0
2025-11-03 08:00:00,-9086.464987817293
2025-11-03 09:00:00,-12824.026625746985
2025-11-03 10:00:00,-13652.773895246057
2025-11-03 11:00:00,-13112.701623251593
2025-11-03 12:00:00,-12737.16104086076
2025-11-03 13:00:00,-13075.676504308678
2025-11-03 14:00:00,-11533.556247482553
2025-11-03 15:00:00,-570.2949718059099
2025-11-03 16:00:00,0.0
2025-11-03 17:00:00,0.0
2025-11-03 18:00:00,0.0
2025-11-03 19:00:00,0.0
2025-11-03 20:00:00,25433.954925
2025-11-03 21:00:00,0.0
2025-11-03 22:00:00,0.0
2025-11-03 23:00:00,0.0
2025-11-04 00:00:00,0.0
2025-11-04 01:00:00,2778.723692058002
2025-11-04 02:00:00,0.0
2025-11-04 03:00:00,20458.101535
2025-11-04 04:00:00,0.0
2025-11-04 05:00:00,21667.0868549999
2025-11-04 06:00:00,0.0
2025-11-04 07:00:00,2895.1966610125055
2025-11-04 08:00:00,-11312.651656641745
2025-11-04 09:00:00,-13469.032992532815
2025-11-04 10:00:00,-12947.675108534455
2025-11-04 11:00:00,-12451.986650380579
2025-11-04 12:00:00,-12551.018499688635
2025-11-04 13:00:00,-13166.344676880679
2025-11-04 14:00:00,-10939.67390154858
2025-11-04 15:00:00,-1542.5954446559117
2025-11-04 16:00:00,0.0
2025-11-04 17:00:00,28119.863330656095
2025-11-04 18:00:00,0.0
2025-11-04 19:00:00,0.0
2025-11-04 20:00:00,25429.66623259014
2025-11-04 21:00:00,0.0
2025-11-04 22:00:00,0.0
2025-11-04 23:00:00,0.0
2025-11-05 00:00:00,0.0
2025-11-05 01:00:00,0.0
2025-11-05 02:00:00,0.0
2025-11-05 03:00:00,0.0
2025-11-05 04:00:00,0.0
2025-11-05 05:00:00,0.0
2025-11-05 06:00:00,0.0
2025-11-05 07:00:00,0.0
2025-11-05 08:00:00,-3023.5474457274468
2025-11-05 09:00:00,-5209.166770670625
2025-11-05 10:00:00,-5622.293270490074
2025-11-05 11:00:00,-6261.784012070522
2025-11-05 12:00:00,-4825.944962210899
2025-11-05 13:00:00,-3265.185404462736
2025-11-05 14:00:00,0.0
2025-11-05 15:00:00,0.0
2025-11-05 16:00:00,0.0
2025-11-05 17:00:00,14452.604902205721
2025-11-05 18:00:00,0.0
2025-11-05 19:00:00,26383.194206
2025-11-05 20:00:00,0.0
2025-11-05 21:00:00,25217.584952
2025-11-05 22:00:00,0.0
2025-11-05 23:00:00,0.0
2025-11-06 00:00:00,0.0
2025-11-06 01:00:00,0.0
2025-11-06 02:00:00,0.0
2025-11-06 03:00:00,0.0
2025-11-06 04:00:00,0.0
2025-11-06 05:00:00,21903.051737
2025-11-06 06:00:00,0.0
2025-11-06 07:00:00,0.0
2025-11-06 08:00:00,-5220.994810601529
2025-11-06 09:00:00,-8247.364275943502
2025-11-06 10:00:00,-10856.766035706882
2025-11-06 11:00:00,-11198.571096043146
2025-11-06 12:00:00,-10834.061842468382
2025-11-06 13:00:00,-10330.377824166604
2025-11-06 14:00:00,-7805.894849558761
2025-11-06 15:00:00,0.0
2025-11-06 16:00:00,0.0
2025-11-06 17:00:00,0.0
2025-11-06 18:00:00,0.0
2025-11-06 19:00:00,0.0
2025-11-06 20:00:00,14431.758639993455
2025-11-06 21:00:00,0.0
2025-11-06 22:00:00,0.0
2025-11-06 23:00:00,0.0
2025-11-07 00:00:00,22213.219043
2025-11-07 01:00:00,0.0
2025-11-07 02:00:00,0.0
2025-11-07 03:00:00,0.0
2025-11-07 04:00:00,0.0
2025-11-07 05:00:00,0.0
2025-11-07 06:00:00,21399.649978046462
2025-11-07 07:00:00,0.0
2025-11-07 08:00:00,-10214.881263613173
2025-11-07 09:00:00,-12581.509801785654
2025-11-07 10:00:00,-13488.995028499667
2025-11-07 11:00:00,-12933.20330286683
2025-11-07 12:00:00,-11381.669282364754
2025-11-07 13:00:00,-10739.4979115762
2025-11-07 14:00:00,-8806.10923024969
2025-11-07 15:00:00,0.0
2025-11-07 16:00:00,22139.75211195449
2025-11-07 17:00:00,0.0
2025-11-07 18:00:00,0.0
2025-11-07 19:00:00,0.0
2025-11-07 20:00:00,0.0
2025-11-07 21:00:00,0.0
2025-11-07 22:00:00,0.0
2025-11-07 23:00:00,0.0
2025-11-08 00:00:00,0.0
2025-11-08 01:00:00,0.0
2025-11-08 02:00:00,0.0
2025-11-08 03:00:00,20451.160359
2025-11-08 04:00:00,0.0
2025-11-08 05:00:00,0.0
2025-11-08 06:00:00,19794.03896553265
2025-11-08 07:00:00,0.0
2025-11-08 08:00:00,-11386.18776559432
2025-11-08 09:00:00,-14212.23487186939
2025-11-08 10:00:00,-15122.175895007214
2025-11-08 11:00:00,-15141.034077880915
2025-11-08 12:00:00,-15275.456106530815
2025-11-08 13:00:00,-14760.915982263468
2025-11-08 14:00:00,-13542.835837474391
2025-11-08 15:00:00,-2433.1052750602503
2025-11-08 16:00:00,0.0
2025-11-08 17:00:00,0.0
2025-11-08 18:00:00,0.0
2025-11-08 19:00:00,0.0
2025-11-08 20:00:00,24204.22363
2025-11-08 21:00:00,0.0
2025-11-08 22:00:00,22837.28315
2025-11-08 23:00:00,0.0
2025-11-09 00:00:00,0.0
2025-11-09 01:00:00,0.0
2025-11-09 02:00:00,13782.58418663952
2025-11-09 03:00:00,19501.763004
2025-11-09 04:00:00,0.0
2025-11-09 05:00:00,0.0
2025-11-09 06:00:00,0.0
2025-11-09 07:00:00,908.5583530812473
2025-11-09 08:00:00,-13846.222039470631
2025-11-09 09:00:00,-15921.61054820094
2025-11-09 10:00:00,-16162.209879174152
2025-11-09 11:00:00,-15448.36976192796
2025-11-09 12:00:00,-15039.528983899487
2025-11-09 13:00:00,-15394.166812370004
2025-11-09 14:00:00,-13502.707900328282
2025-11-09 15:00:00,-1263.3718215371664
2025-11-09 16:00:00,0.0
2025-11-09 17:00:00,16502.373918897294
2025-11-09 18:00:00,0.0
2025-11-09 19:00:00,0.0
2025-11-09 20:00:00,0.0
2025-11-09 21:00:00,0.0
2025-11-09 22:00:00,0.0
2025-11-09 23:00:00,0.0
2025-11-10 00:00:00,21348.331405
2025-11-10 01:00:00,0.0
2025-11-10 02:00:00,0.0
2025-11-10 03:00:00,0.0
2025-11-10 04:00:00,0.0
2025-11-10 05:00:00,0.0
2025-11-10 06:00:00,21251.111672189254
2025-11-10 07:00:00,0.0
2025-11-10 08:00:00,-7937.423295474506
2025-11-10 09:00:00,-10322.67559093477
2025-11-10 10:00:00,-9462.628984530842
2025-11-10 11:00:00,-9615.98875271856
2025-11-10 12:00:00,-10099.979826578932
2025-11-10 13:00:00,-10971.800780604364
2025-11-10 14:00:00,-7258.188320365312
2025-11-10 15:00:00,0.0
2025-11-10 16:00:00,0.0
2025-11-10 17:00:00,0.0
2025-11-10 18:00:00,0.0
2025-11-10 19:00:00,0.0
2025-11-10 20:00:00,0.0
2025-11-10 21:00:00,0.0
2025-11-10 22:00:00,0.0
2025-11-10 23:00:00,0.0
2025-11-11 00:00:00,5536.8357236301335
2025-11-11 01:00:00,0.0
2025-11-11 02:00:00,0.0
2025-11-11 03:00:00,0.0
2025-11-11 04:00:00,0.0
2025-11-11 05:00:00,0.0
2025-11-11 06:00:00,0.0
2025-11-11 07:00:00,0.0
2025-11-11 08:00:00,0.0
2025-11-11 09:00:00,-1483.1766279966032
2025-11-11 10:00:00,-1187.052672691847
2025-11-11 11:00:00,-2953.574015272363
2025-11-11 12:00:00,-528.2363769615513
2025-11-11 13:00:00,0.0
2025-11-11 14:00:00,0.0
2025-11-11 15:00:00,0.0
2025-11-11 16:00:00,25852.96461718908
2025-11-11 17:00:00,0.0
2025-11-11 18:00:00,0.0
2025-11-11 19:00:00,0.0
2025-11-11 20:00:00,0.0
2025-11-11 21:00:00,0.0
2025-11-11 22:00:00,0.0
2025-11-11 23:00:00,0.0
2025-11-12 00:00:00,0.0
2025-11-12 01:00:00,0.0
2025-11-12 02:00:00,0.0
2025-11-12 03:00:00,0.0
2025-11-12 04:00:00,0.0
2025-11-12 05:00:00,0.0
2025-11-12 06:00:00,22837.98739715777
2025-11-12 07:00:00,0.0
2025-11-12 08:00:00,0.0
2025-11-12 09:00:00,0.0
2025-11-12 10:00:00,0.0
2025-11-12 11:00:00,0.0
2025-11-12 12:00:00,0.0
2025-11-12 13:00:00,0.0
2025-11-12 14:00:00,0.0
2025-11-12 15:00:00,0.0
2025-11-12 16:00:00,0.0
2025-11-12 17:00:00,0.0
2025-11-12 18:00:00,0.0
2025-11-12 19:00:00,0.0
2025-11-12 20:00:00,25867.7494859999
2025-11-12 21:00:00,25138.134058
2025-11-12 22:00:00,0.0
2025-11-12 23:00:00,0.0
2025-11-13 00:00:00,0.0
2025-11-13 01:00:00,0.0
2025-11-13 02:00:00,0.0
2025-11-13 03:00:00,0.0
2025-11-13 04:00:00,0.0
2025-11-13 05:00:00,0.0
2025-11-13 06:00:00,0.0
2025-11-13 07:00:00,0.0
2025-11-13 08:00:00,0.0
2025-11-13 09:00:00,-260.97538279818764
2025-11-13 10:00:00,-1237.9300065859861
2025-11-13 11:00:00,-1334.1941196634689
2025-11-13 12:00:00,-842.0046626089097
2025-11-13 13:00:00,-2829.480601001851
2025-11-13 14:00:00,0.0
2025-11-13 15:00:00,10044.250924240027
2025-11-13 16:00:00,0.0
2025-11-13 17:00:00,0.0
2025-11-13 18:00:00,0.0
2025-11-13 19:00:00,0.0
2025-11-13 20:00:00,0.0
2025-11-13 21:00:00,0.0
2025-11-13 22:00:00,0.0
2025-11-13 23:00:00,0.0
2025-11-14 00:00:00,0.0
2025-11-14 01:00:00,0.0
2025-11-14 02:00:00,0.0
2025-11-14 03:00:00,0.0
2025-11-14 04:00:00,0.0
2025-11-14 05:00:00,0.0
2025-11-14 06:00:00,0.0
2025-11-14 07:00:00,0.0
2025-11-14 08:00:00,0.0
2025-11-14 09:00:00,0.0
2025-11-14 10:00:00,0.0
2025-11-14 11:00:00,0.0
2025-11-14 12:00:00,0.0
2025-11-14 13:00:00,0.0
2025-11-14 14:00:00,0.0
2025-11-14 15:00:00,0.0
2025-11-14 16:00:00,0.0
2025-11-14 17:00:00,0.0
2025-11-14 18:00:00,0.0
2025-11-14 19:00:00,0.0
2025-11-14 20:00:00,0.0
2025-11-14 21:00:00,0.0
2025-11-14 22:00:00,0.0
2025-11-14 23:00:00,0.0
2025-11-15 00:00:00,0.0
2025-11-15 01:00:00,0.0
2025-11-15 02:00:00,0.0
2025-11-15 03:00:00,0.0
2025-11-15 04:00:00,0.0
2025-11-15 05:00:00,0.0
2025-11-15 06:00:00,0.0
2025-11-15 07:00:00,0.0
2025-11-15 08:00:00,0.0
2025-11-15 09:00:00,0.0
2025-11-15 10:00:00,0.0
2025-11-15 11:00:00,0.0
2025-11-15 12:00:00,0.0
2025-11-15 13:00:00,0.0
2025-11-15 14:00:00,0.0
2025-11-15 15:00:00,0.0
2025-11-15 16:00:00,0.0
2025-11-15 17:00:00,0.0
2025-11-15 18:00:00,0.0
2025-11-15 19:00:00,0.0
2025-11-15 20:00:00,0.0
2025-11-15 21:00:00,0.0
2025-11-15 22:00:00,0.0
2025-11-15 23:00:00,0.0
2025-11-16 00:00:00,0.0
2025-11-16 01:00:00,0.0
2025-11-16 02:00:00,0.0
2025-11-16 03:00:00,0.0
2025-11-16 04:00:00,0.0
2025-11-16 05:00:00,0.0
2025-11-16 06:00:00,0.0
2025-11-16 07:00:00,0.0
2025-11-16 08:00:00,0.0
2025-11-16 09:00:00,5129.143096636184
2025-11-16 10:00:00,0.0
2025-11-16 11:00:00,0.0
2025-11-16 12:00:00,0.0
2025-11-16 13:00:00,0.0
2025-11-16 14:00:00,0.0
2025-11-16 15:00:00,0.0
2025-11-16 16:00:00,0.0
2025-11-16 17:00:00,0.0
2025-11-16 18:00:00,0.0
2025-11-16 19:00:00,0.0
2025-11-16 20:00:00,0.0
2025-11-16 21:00:00,0.0
2025-11-16 22:00:00,0.0
2025-11-16 23:00:00,0.0
2025-11-17 00:00:00,0.0
2025-11-17 01:00:00,0.0
2025-11-17 02:00:00,0.0
2025-11-17 03:00:00,0.0
2025-11-17 04:00:00,0.0
2025-11-17 05:00:00,0.0
2025-11-17 06:00:00,0.0
2025-11-17 07:00:00,0.0
2025-11-17 08:00:00,0.0
2025-11-17 09:00:00,0.0
2025-11-17 10:00:00,0.0
2025-11-17 11:00:00,0.0
2025-11-17 12:00:00,0.0
2025-11-17 13:00:00,0.0
2025-11-17 14:00:00,0.0
2025-11-17 15:00:00,0.0
2025-11-17 16:00:00,0.0
2025-11-17 17:00:00,0.0
2025-11-17 18:00:00,0.0
2025-11-17 19:00:00,0.0
2025-11-17 20:00:00,0.0
2025-11-17 21:00:00,0.0
2025-11-17 22:00:00,0.0
2025-11-17 23:00:00,0.0
2025-11-18 00:00:00,0.0
2025-11-18 01:00:00,0.0
2025-11-18 02:00:00,0.0
2025-11-18 03:00:00,0.0
2025-11-18 04:00:00,0.0
2025-11-18 05:00:00,0.0
2025-11-18 06:00:00,0.0
2025-11-18 07:00:00,0.0
2025-11-18 08:00:00,0.0
2025-11-18 09:00:00,0.0
2025-11-18 10:00:00,0.0
2025-11-18 11:00:00,-701.4170714222382
2025-11-18 12:00:00,-2157.8972639997555
2025-11-18 13:00:00,-1911.5157568696486
2025-11-18 14:00:00,-2376.120307073379
2025-11-18 15:00:00,0.0
2025-11-18 16:00:00,0.0
2025-11-18 17:00:00,0.0
2025-11-18 18:00:00,0.0
2025-11-18 19:00:00,0.0
2025-11-18 20:00:00,0.0
2025-11-18 21:00:00,0.0
2025-11-18 22:00:00,0.0
2025-11-18 23:00:00,0.0
2025-11-19 00:00:00,0.0
2025-11-19 01:00:00,0.0
2025-11-19 02:00:00,0.0
2025-11-19 03:00:00,0.0
2025-11-19 04:00:00,0.0
2025-11-19 05:00:00,0.0
2025-11-19 06:00:00,0.0
2025-11-19 07:00:00,0.0
2025-11-19 08:00:00,-2150.553387481439
2025-11-19 09:00:00,-5898.078616276653
2025-11-19 10:00:00,-5680.9117367456565
2025-11-19 11:00:00,-5998.10393486666
2025-11-19 12:00:00,-5153.480072829963
2025-11-19 13:00:00,-836.2654370210366
2025-11-19 14:00:00,-704.0259791206663
2025-11-19 15:00:00,0.0
2025-11-19 16:00:00,0.0
2025-11-19 17:00:00,0.0
2025-11-19 18:00:00,0.0
2025-11-19 19:00:00,0.0
2025-11-19 20:00:00,25731.22563425749
2025-11-19 21:00:00,0.0
2025-11-19 22:00:00,0.0
2025-11-19 23:00:00,0.0
2025-11-20 00:00:00,0.0
2025-11-20 01:00:00,0.0
2025-11-20 02:00:00,0.0
2025-11-20 03:00:00,0.0
2025-11-20 04:00:00,0.0
2025-11-20 05:00:00,0.0
2025-11-20 06:00:00,0.0
2025-11-20 07:00:00,0.0
2025-11-20 08:00:00,0.0
2025-11-20 09:00:00,0.0
2025-11-20 10:00:00,0.0
2025-11-20 11:00:00,0.0
2025-11-20 12:00:00,0.0
2025-11-20 13:00:00,8036.0440298176945
2025-11-20 14:00:00,0.0
2025-11-20 15:00:00,0.0
2025-11-20 16:00:00,0.0
2025-11-20 17:00:00,0.0
2025-11-20 18:00:00,0.0
2025-11-20 19:00:00,0.0
2025-11-20 20:00:00,0.0
2025-11-20 21:00:00,0.0
2025-11-20 22:00:00,0.0
2025-11-20 23:00:00,0.0
2025-11-21 00:00:00,0.0
2025-11-21 01:00:00,0.0
2025-11-21 02:00:00,0.0
2025-11-21 03:00:00,0.0
2025-11-21 04:00:00,0.0
2025-11-21 05:00:00,0.0
2025-11-21 06:00:00,0.0
2025-11-21 07:00:00,0.0
2025-11-21 08:00:00,0.0
2025-11-21 09:00:00,0.0
2025-11-21 10:00:00,0.0
2025-11-21 11:00:00,0.0
2025-11-21 12:00:00,0.0
2025-11-21 13:00:00,0.0
2025-11-21 14:00:00,0.0
2025-11-21 15:00:00,0.0
2025-11-21 16:00:00,0.0
2025-11-21 17:00:00,0.0
2025-11-21 18:00:00,0.0
2025-11-21 19:00:00,0.0
2025-11-21 20:00:00,0.0
2025-11-21 21:00:00,0.0
2025-11-21 22:00:00,0.0
2025-11-21 23:00:00,0.0
2025-11-22 00:00:00,0.0
2025-11-22 01:00:00,0.0
2025-11-22 02:00:00,0.0
2025-11-22 03:00:00,0.0
2025-11-22 04:00:00,0.0
2025-11-22 05:00:00,0.0
2025-11-22 06:00:00,0.0
2025-11-22 07:00:00,0.0
2025-11-22 08:00:00,0.0
2025-11-22 09:00:00,0.0
2025-11-22 10:00:00,0.0
2025-11-22 11:00:00,0.0
2025-11-22 12:00:00,0.0
2025-11-22 13:00:00,3546.995340813666
2025-11-22 14:00:00,0.0
2025-11-22 15:00:00,0.0
2025-11-22 16:00:00,0.0
2025-11-22 17:00:00,0.0
2025-11-22 18:00:00,0.0
2025-11-22 19:00:00,0.0
2025-11-22 20:00:00,0.0
2025-11-22 21:00:00,0.0
2025-11-22 22:00:00,0.0
2025-11-22 23:00:00,0.0
2025-11-23 00:00:00,0.0
2025-11-23 01:00:00,0.0
2025-11-23 02:00:00,0.0
2025-11-23 03:00:00,0.0
2025-11-23 04:00:00,0.0
2025-11-23 05:00:00,0.0
2025-11-23 06:00:00,0.0
2025-11-23 07:00:00,0.0
2025-11-23 08:00:00,-7081.185640484313
2025-11-23 09:00:00,-10907.387168075737
2025-11-23 10:00:00,-10870.661955176245
2025-11-23 11:00:00,-11084.805046518188
2025-11-23 12:00:00,-12231.898213847206
2025-11-23 13:00:00,-12740.633333788028
2025-11-23 14:00:00,-11090.82027289888
2025-11-23 15:00:00,778.6723804829999
2025-11-23 16:00:00,0.0
2025-11-23 17:00:00,0.0
2025-11-23 18:00:00,0.0
2025-11-23 19:00:00,0.0
2025-11-23 20:00:00,0.0
2025-11-23 21:00:00,0.0
2025-11-23 22:00:00,0.0
2025-11-23 23:00:00,0.0
2025-11-24 00:00:00,0.0
2025-11-24 01:00:00,20599.819811
2025-11-24 02:00:00,0.0
2025-11-24 03:00:00,6210.740859492794
2025-11-24 04:00:00,0.0
2025-11-24 05:00:00,0.0
2025-11-24 06:00:00,0.0
2025-11-24 07:00:00,0.0
2025-11-24 08:00:00,0.0
2025-11-24 09:00:00,-3626.6273701832215
2025-11-24 10:00:00,-4288.650724425221
2025-11-24 11:00:00,-4589.2615043719525
2025-11-24 12:00:00,-4338.153098963521
2025-11-24 13:00:00,-3051.0323630700623
2025-11-24 14:00:00,-1863.5913687637476
2025-11-24 15:00:00,0.0
2025-11-24 16:00:00,0.0
2025-11-24 17:00:00,0.0
2025-11-24 18:00:00,0.0
2025-11-24 19:00:00,0.0
2025-11-24 20:00:00,0.0
2025-11-24 21:00:00,0.0
2025-11-24 22:00:00,0.0
2025-11-24 23:00:00,0.0
2025-11-25 00:00:00,0.0
2025-11-25 01:00:00,0.0
2025-11-25 02:00:00,0.0
2025-11-25 03:00:00,0.0
2025-11-25 04:00:00,0.0
2025-11-25 05:00:00,0.0
2025-11-25 06:00:00,0.0
2025-11-25 07:00:00,0.0
2025-11-25 08:00:00,0.0
2025-11-25 09:00:00,-3029.4623036717276
2025-11-25 10:00:00,-3453.553239127523
2025-11-25 11:00:00,-3538.1401598365155
2025-11-25 12:00:00,-3953.019745918911
2025-11-25 13:00:00,-3527.5681670491176
2025-11-25 14:00:00,-2221.6105668191303
2025-11-25 15:00:00,0.0
2025-11-25 16:00:00,0.0
2025-11-25 17:00:00,27190.02439
2025-11-25 18:00:00,0.0
2025-11-25 19:00:00,0.0
2025-11-25 20:00:00,0.0
2025-11-25 21:00:00,0.0
2025-11-25 22:00:00,0.0
2025-11-25 23:00:00,0.0
2025-11-26 00:00:00,0.0
2025-11-26 01:00:00,0.0
2025-11-26 02:00:00,0.0
2025-11-26 03:00:00,0.0
2025-11-26 04:00:00,0.0
2025-11-26 05:00:00,0.0
2025-11-26 06:00:00,0.0
2025-11-26 07:00:00,0.0
2025-11-26 08:00:00,0.0
2025-11-26 09:00:00,-3121.2137039699264
2025-11-26 10:00:00,-3911.0862859645385
2025-11-26 11:00:00,-4741.206697962014
2025-11-26 12:00:00,-5950.106560189684
2025-11-26 13:00:00,-7606.2372670695295
2025-11-26 14:00:00,-7224.772421566126
2025-11-26 15:00:00,0.0
2025-11-26 16:00:00,0.0
2025-11-26 17:00:00,0.0
2025-11-26 18:00:00,0.0
2025-11-26 19:00:00,0.0
2025-11-26 20:00:00,0.0
2025-11-26 21:00:00,0.0
2025-11-26 22:00:00,0.0
2025-11-26 23:00:00,23002.032093
2025-11-27 00:00:00,0.0
2025-11-27 01:00:00,0.0
2025-11-27 02:00:00,0.0
2025-11-27 03:00:00,0.0
2025-11-27 04:00:00,0.0
2025-11-27 05:00:00,0.0
2025-11-27 06:00:00,0.0
2025-11-27 07:00:00,0.0
2025-11-27 08:00:00,0.0
2025-11-27 09:00:00,0.0
2025-11-27 10:00:00,-710.443654254439
2025-11-27 11:00:00,-2473.2387646238494
2025-11-27 12:00:00,-4524.116320861274
2025-11-27 13:00:00,-2611.25323374035
2025-11-27 14:00:00,0.0
2025-11-27 15:00:00,0.0
2025-11-27 16:00:00,0.0
2025-11-27 17:00:00,0.0
2025-11-27 18:00:00,0.0
2025-11-27 19:00:00,0.0
2025-11-27 20:00:00,0.0
2025-11-27 21:00:00,0.0
2025-11-27 22:00:00,0.0
2025-11-27 23:00:00,0.0
2025-11-28 00:00:00,0.0
2025-11-28 01:00:00,0.0
2025-11-28 02:00:00,0.0
2025-11-28 03:00:00,0.0
2025-11-28 04:00:00,0.0
2025-11-28 05:00:00,0.0
2025-11-28 06:00:00,0.0
2025-11-28 07:00:00,0.0
2025-11-28 08:00:00,-2024.473933002344
2025-11-28 09:00:00,-4762.285884974779
2025-11-28 10:00:00,-4202.749077493496
2025-11-28 11:00:00,-4103.782326649387
2025-11-28 12:00:00,-4340.08067773025
2025-11-28 13:00:00,-3678.322002266501
2025-11-28 14:00:00,-464.33320865660426
2025-11-28 15:00:00,0.0
2025-11-28 16:00:00,0.0
2025-11-28 17:00:00,0.0
2025-11-28 18:00:00,0.0
2025-11-28 19:00:00,0.0
2025-11-28 20:00:00,0.0
2025-11-28 21:00:00,0.0
2025-11-28 22:00:00,0.0
2025-11-28 23:00:00,0.0
2025-11-29 00:00:00,0.0
2025-11-29 01:00:00,0.0
2025-11-29 02:00:00,0.0
2025-11-29 03:00:00,0.0
2025-11-29 04:00:00,0.0
2025-11-29 05:00:00,0.0
2025-11-29 06:00:00,0.0
2025-11-29 07:00:00,0.0
2025-11-29 08:00:00,0.0
2025-11-29 09:00:00,-2653.1280296366785
2025-11-29 10:00:00,-3156.034688913969
2025-11-29 11:00:00,-4523.029651847704
2025-11-29 12:00:00,-4168.637195602667
2025-11-29 13:00:00,-2834.1258089498187
2025-11-29 14:00:00,-2270.894327058002
2025-11-29 15:00:00,0.0
2025-11-29 16:00:00,0.0
2025-11-29 17:00:00,0.0
2025-11-29 18:00:00,0.0
2025-11-29 19:00:00,0.0
2025-11-29 20:00:00,0.0
2025-11-29 21:00:00,0.0
2025-11-29 22:00:00,0.0
2025-11-29 23:00:00,0.0
2025-11-30 00:00:00,0.0
2025-11-30 01:00:00,0.0
2025-11-30 02:00:00,0.0
2025-11-30 03:00:00,0.0
2025-11-30 04:00:00,0.0
2025-11-30 05:00:00,0.0
2025-11-30 06:00:00,0.0
2025-11-30 07:00:00,0.0
2025-11-30 08:00:00,0.0
2025-11-30 09:00:00,-1369.1565991004318
2025-11-30 10:00:00,-1945.787145566359
2025-11-30 11:00:00,-2112.921538082992
2025-11-30 12:00:00,-71.00514483435109
2025-11-30 13:00:00,0.0
2025-11-30 14:00:00,0.0
2025-11-30 15:00:00,0.0
2025-11-30 16:00:00,0.0
2025-11-30 17:00:00,0.0
2025-11-30 18:00:00,0.0
2025-11-30 19:00:00,0.0
2025-11-30 20:00:00,0.0
2025-11-30 21:00:00,0.0
2025-11-30 22:00:00,0.0
2025-11-30 23:00:00,0.0
2025-12-01 00:00:00,0.0
2025-12-01 01:00:00,0.0
2025-12-01 02:00:00,0.0
2025-12-01 03:00:00,0.0
2025-12-01 04:00:00,0.0
2025-12-01 05:00:00,22575.806545
2025-12-01 06:00:00,0.0
2025-12-01 07:00:00,0.0
2025-12-01 08:00:00,0.0
2025-12-01 09:00:00,-2152.885347776628
2025-12-01 10:00:00,-2297.576352684031
2025-12-01 11:00:00,-3386.1486776520105
2025-12-01 12:00:00,-4752.351855730172
2025-12-01 13:00:00,-5728.724619589997
2025-12-01 14:00:00,-6157.660257165677
2025-12-01 15:00:00,0.0
2025-12-01 16:00:00,0.0
2025-12-01 17:00:00,0.0
2025-12-01 18:00:00,0.0
2025-12-01 19:00:00,0.0
2025-12-01 20:00:00,0.0
2025-12-01 21:00:00,0.0
2025-12-01 22:00:00,0.0
2025-12-01 23:00:00,0.0
2025-12-02 00:00:00,0.0
2025-12-02 01:00:00,0.0
2025-12-02 02:00:00,0.0
2025-12-02 03:00:00,0.0
2025-12-02 04:00:00,0.0
2025-12-02 05:00:00,0.0
2025-12-02 06:00:00,0.0
2025-12-02 07:00:00,0.0
2025-12-02 08:00:00,0.0
2025-12-02 09:00:00,-976.8140082151476
2025-12-02 10:00:00,-1181.0244695511428
2025-12-02 11:00:00,-742.684698448662
2025-12-02 12:00:00,-88.38635247298589
2025-12-02 13:00:00,0.0
2025-12-02 14:00:00,-467.60224668387673
2025-12-02 15:00:00,0.0
2025-12-02 16:00:00,0.0
2025-12-02 17:00:00,0.0
2025-12-02 18:00:00,0.0
2025-12-02 19:00:00,0.0
2025-12-02 20:00:00,0.0
2025-12-02 21:00:00,0.0
2025-12-02 22:00:00,0.0
2025-12-02 23:00:00,0.0
2025-12-03 00:00:00,0.0
2025-12-03 01:00:00,0.0
2025-12-03 02:00:00,0.0
2025-12-03 03:00:00,0.0
2025-12-03 04:00:00,21910.987974
2025-12-03 05:00:00,0.0
2025-12-03 06:00:00,0.0
2025-12-03 07:00:00,0.0
2025-12-03 08:00:00,0.0
2025-12-03 09:00:00,-410.6606110906687
2025-12-03 10:00:00,-559.5959616769469
2025-12-03 11:00:00,-1804.3788617751306
2025-12-03 12:00:00,-3126.9520256069954
2025-12-03 13:00:00,-3401.024477728981
2025-12-03 14:00:00,-1605.6907074098162
2025-12-03 15:00:00,0.0
2025-12-03 16:00:00,0.0
2025-12-03 17:00:00,0.0
2025-12-03 18:00:00,0.0
2025-12-03 19:00:00,0.0
2025-12-03 20:00:00,0.0
2025-12-03 21:00:00,0.0
2025-12-03 22:00:00,0.0
2025-12-03 23:00:00,0.0
2025-12-04 00:00:00,0.0
2025-12-04 01:00:00,0.0
2025-12-04 02:00:00,0.0
2025-12-04 03:00:00,0.0
2025-12-04 04:00:00,0.0
2025-12-04 05:00:00,0.0
2025-12-04 06:00:00,0.0
2025-12-04 07:00:00,0.0
2025-12-04 08:00:00,0.0
2025-12-04 09:00:00,0.0
2025-12-04 10:00:00,-1340.8775082192333
2025-12-04 11:00:00,-1866.716332649008
2025-12-04 12:00:00,-2614.9021213636297
2025-12-04 13:00:00,-1894.27130485596
2025-12-04 14:00:00,162.93623996177485
2025-12-04 15:00:00,0.0
2025-12-04 16:00:00,0.0
2025-12-04 17:00:00,0.0
2025-12-04 18:00:00,0.0
2025-12-04 19:00:00,0.0
2025-12-04 20:00:00,0.0
2025-12-04 21:00:00,0.0
2025-12-04 22:00:00,0.0
2025-12-04 23:00:00,0.0
2025-12-05 00:00:00,0.0
2025-12-05 01:00:00,0.0
2025-12-05 02:00:00,0.0
2025-12-05 03:00:00,0.0
2025-12-05 04:00:00,0.0
2025-12-05 05:00:00,0.0
2025-12-05 06:00:00,0.0
2025-12-05 07:00:00,0.0
2025-12-05 08:00:00,0.0
2025-12-05 09:00:00,-701.1712274038073
2025-12-05 10:00:00,-1003.5781333937157
2025-12-05 11:00:00,-672.4386037761578
2025-12-05 12:00:00,-2018.3060563754589
2025-12-05 13:00:00,-2805.7472888639313
2025-12-05 14:00:00,-2254.741025305586
2025-12-05 15:00:00,0.0
2025-12-05 16:00:00,0.0
2025-12-05 17:00:00,0.0
2025-12-05 18:00:00,0.0
2025-12-05 19:00:00,0.0
2025-12-05 20:00:00,0.0
2025-12-05 21:00:00,0.0
2025-12-05 22:00:00,0.0
2025-12-05 23:00:00,0.0
2025-12-06 00:00:00,0.0
2025-12-06 01:00:00,0.0
2025-12-06 02:00:00,0.0
2025-12-06 03:00:00,0.0
2025-12-06 04:00:00,21373.442728115206
2025-12-06 05:00:00,0.0
2025-12-06 06:00:00,0.0
2025-12-06 07:00:00,0.0
2025-12-06 08:00:00,0.0
2025-12-06 09:00:00,-1978.714781126615
2025-12-06 10:00:00,-2052.7944975097416
2025-12-06 11:00:00,-2720.6905514795217
2025-12-06 12:00:00,-3234.839597362952
2025-12-06 13:00:00,-2741.5746382336292
2025-12-06 14:00:00,-1008.9850600482496
2025-12-06 15:00:00,0.0
2025-12-06 16:00:00,0.0
2025-12-06 17:00:00,0.0
2025-12-06 18:00:00,0.0
2025-12-06 19:00:00,0.0
2025-12-06 20:00:00,0.0
2025-12-06 21:00:00,0.0
2025-12-06 22:00:00,0.0
2025-12-06 23:00:00,0.0
2025-12-07 00:00:00,0.0
2025-12-07 01:00:00,21757.214922
2025-12-07 02:00:00,0.0
2025-12-07 03:00:00,20608.81592
2025-12-07 04:00:00,0.0
2025-12-07 05:00:00,0.0
2025-12-07 06:00:00,0.0
2025-12-07 07:00:00,0.0
2025-12-07 08:00:00,0.0
2025-12-07 09:00:00,-2898.2262363374466
2025-12-07 10:00:00,-3432.613699752321
2025-12-07 11:00:00,-3256.767694548278
2025-12-07 12:00:00,-3002.7571160051302
2025-12-07 13:00:00,-3171.0894155541355
2025-12-07 14:00:00,-1737.9552139387742
2025-12-07 15:00:00,0.0
2025-12-07 16:00:00,0.0
2025-12-07 17:00:00,0.0
2025-12-07 18:00:00,0.0
2025-12-07 19:00:00,0.0
2025-12-07 20:00:00,0.0
2025-12-07 21:00:00,0.0
2025-12-07 22:00:00,0.0
2025-12-07 23:00:00,0.0
2025-12-08 00:00:00,0.0
2025-12-08 01:00:00,0.0
2025-12-08 02:00:00,0.0
2025-12-08 03:00:00,0.0
2025-12-08 04:00:00,0.0
2025-12-08 05:00:00,0.0
2025-12-08 06:00:00,0.0
2025-12-08 07:00:00,0.0
2025-12-08 08:00:00,0.0
2025-12-08 09:00:00,0.0
2025-12-08 10:00:00,0.0
2025-12-08 11:00:00,0.0
2025-12-08 12:00:00,0.0
2025-12-08 13:00:00,0.0
2025-12-08 14:00:00,0.0
2025-12-08 15:00:00,0.0
2025-12-08 16:00:00,0.0
2025-12-08 17:00:00,0.0
2025-12-08 18:00:00,0.0
2025-12-08 19:00:00,0.0
2025-12-08 20:00:00,0.0
2025-12-08 21:00:00,0.0
2025-12-08 22:00:00,0.0
2025-12-08 23:00:00,0.0
2025-12-09 00:00:00,0.0
2025-12-09 01:00:00,0.0
2025-12-09 02:00:00,0.0
2025-12-09 03:00:00,0.0
2025-12-09 04:00:00,0.0
2025-12-09 05:00:00,0.0
2025-12-09 06:00:00,0.0
2025-12-09 07:00:00,0.0
2025-12-09 08:00:00,0.0
2025-12-09 09:00:00,0.0
2025-12-09 10:00:00,0.0
2025-12-09 11:00:00,0.0
2025-12-09 12:00:00,-238.45688800069547
2025-12-09 13:00:00,104.42398661965854
2025-12-09 14:00:00,0.0
2025-12-09 15:00:00,10673.23169629043
2025-12-09 16:00:00,0.0
2025-12-09 17:00:00,0.0
2025-12-09 18:00:00,0.0
2025-12-09 19:00:00,0.0
2025-12-09 20:00:00,6984.423576625196
2025-12-09 21:00:00,0.0
2025-12-09 22:00:00,0.0
2025-12-09 23:00:00,0.0
2025-12-10 00:00:00,0.0
2025-12-10 01:00:00,0.0
2025-12-10 02:00:00,0.0
2025-12-10 03:00:00,0.0
2025-12-10 04:00:00,0.0
2025-12-10 05:00:00,0.0
2025-12-10 06:00:00,0.0
2025-12-10 07:00:00,0.0
2025-12-10 08:00:00,0.0
2025-12-10 09:00:00,0.0
2025-12-10 10:00:00,0.0
2025-12-10 11:00:00,0.0
2025-12-10 12:00:00,0.0
2025-12-10 13:00:00,0.0
2025-12-10 14:00:00,0.0
2025-12-10 15:00:00,0.0
2025-12-10 16:00:00,0.0
2025-12-10 17:00:00,0.0
2025-12-10 18:00:00,0.0
2025-12-10 19:00:00,0.0
2025-12-10 20:00:00,0.0
2025-12-10 21:00:00,0.0
2025-12-10 22:00:00,0.0
2025-12-10 23:00:00,0.0
2025-12-11 00:00:00,0.0
2025-12-11 01:00:00,0.0
2025-12-11 02:00:00,0.0
2025-12-11 03:00:00,0.0
2025-12-11 04:00:00,0.0
2025-12-11 05:00:00,0.0
2025-12-11 06:00:00,0.0
2025-12-11 07:00:00,0.0
2025-12-11 08:00:00,0.0
2025-12-11 09:00:00,0.0
2025-12-11 10:00:00,0.0
2025-12-11 11:00:00,-348.0304885216683
2025-12-11 12:00:00,-1111.0398456311414
2025-12-11 13:00:00,-1167.7532410776657
2025-12-11 14:00:00,0.0
2025-12-11 15:00:00,0.0
2025-12-11 16:00:00,0.0
2025-12-11 17:00:00,0.0
2025-12-11 18:00:00,0.0
2025-12-11 19:00:00,0.0
2025-12-11 20:00:00,0.0
2025-12-11 21:00:00,0.0
2025-12-11 22:00:00,0.0
2025-12-11 23:00:00,0.0
2025-12-12 00:00:00,0.0
2025-12-12 01:00:00,0.0
2025-12-12 02:00:00,0.0
2025-12-12 03:00:00,0.0
2025-12-12 04:00:00,0.0
2025-12-12 05:00:00,0.0
2025-12-12 06:00:00,0.0
2025-12-12 07:00:00,0.0
2025-12-12 08:00:00,0.0
2025-12-12 09:00:00,0.0
2025-12-12 10:00:00,-750.5810296104428
2025-12-12 11:00:00,-840.1400488704203
2025-12-12 12:00:00,-1027.1994650778397
2025-12-12 13:00:00,-675.2902998777463
2025-12-12 14:00:00,0.0
2025-12-12 15:00:00,0.0
2025-12-12 16:00:00,0.0
2025-12-12 17:00:00,0.0
2025-12-12 18:00:00,0.0
2025-12-12 19:00:00,0.0
2025-12-12 20:00:00,0.0
2025-12-12 21:00:00,0.0
2025-12-12 22:00:00,0.0
2025-12-12 23:00:00,0.0
2025-12-13 00:00:00,0.0
2025-12-13 01:00:00,0.0
2025-12-13 02:00:00,0.0
2025-12-13 03:00:00,0.0
2025-12-13 04:00:00,0.0
2025-12-13 05:00:00,0.0
2025-12-13 06:00:00,0.0
2025-12-13 07:00:00,0.0
2025-12-13 08:00:00,0.0
2025-12-13 09:00:00,-786.916312749694
2025-12-13 10:00:00,-2034.0139629018595
2025-12-13 11:00:00,-2726.5795043546277
2025-12-13 12:00:00,-2448.13506917606
2025-12-13 13:00:00,-2363.842435756371
2025-12-13 14:00:00,-1112.4757495815684
2025-12-13 15:00:00,0.0
2025-12-13 16:00:00,0.0
2025-12-13 17:00:00,0.0
2025-12-13 18:00:00,0.0
2025-12-13 19:00:00,0.0
2025-12-13 20:00:00,0.0
2025-12-13 21:00:00,0.0
2025-12-13 22:00:00,0.0
2025-12-13 23:00:00,0.0
2025-12-14 00:00:00,22624.3127479999
2025-12-14 01:00:00,0.0
2025-12-14 02:00:00,0.0
2025-12-14 03:00:00,0.0
2025-12-14 04:00:00,20432.667466
2025-12-14 05:00:00,0.0
2025-12-14 06:00:00,0.0
2025-12-14 07:00:00,0.0
2025-12-14 08:00:00,0.0
2025-12-14 09:00:00,0.0
2025-12-14 10:00:00,0.0
2025-12-14 11:00:00,0.0
2025-12-14 12:00:00,0.0
2025-12-14 13:00:00,0.0
2025-12-14 14:00:00,0.0
2025-12-14 15:00:00,0.0
2025-12-14 16:00:00,0.0
2025-12-14 17:00:00,0.0
2025-12-14 18:00:00,0.0
2025-12-14 19:00:00,0.0
2025-12-14 20:00:00,0.0
2025-12-14 21:00:00,0.0
2025-12-14 22:00:00,0.0
2025-12-14 23:00:00,0.0
2025-12-15 00:00:00,0.0
2025-12-15 01:00:00,0.0
2025-12-15 02:00:00,0.0
2025-12-15 03:00:00,0.0
2025-12-15 04:00:00,0.0
2025-12-15 05:00:00,0.0
2025-12-15 06:00:00,0.0
2025-12-15 07:00:00,0.0
2025-12-15 08:00:00,0.0
2025-12-15 09:00:00,0.0
2025-12-15 10:00:00,0.0
2025-12-15 11:00:00,0.0
2025-12-15 12:00:00,0.0
2025-12-15 13:00:00,-235.17913767895152
2025-12-15 14:00:00,0.0
2025-12-15 15:00:00,0.0
2025-12-15 16:00:00,0.0
2025-12-15 17:00:00,0.0
2025-12-15 18:00:00,0.0
2025-12-15 19:00:00,0.0
2025-12-15 20:00:00,0.0
2025-12-15 21:00:00,0.0
2025-12-15 22:00:00,0.0
2025-12-15 23:00:00,0.0
2025-12-16 00:00:00,0.0
2025-12-16 01:00:00,0.0
2025-12-16 02:00:00,0.0
2025-12-16 03:00:00,0.0
2025-12-16 04:00:00,0.0
2025-12-16 05:00:00,0.0
2025-12-16 06:00:00,0.0
2025-12-16 07:00:00,0.0
2025-12-16 08:00:00,0.0
2025-12-16 09:00:00,0.0
2025-12-16 10:00:00,0.0
2025-12-16 11:00:00,0.0
2025-12-16 12:00:00,0.0
2025-12-16 13:00:00,0.0
2025-12-16 14:00:00,0.0
2025-12-16 15:00:00,0.0
2025-12-16 16:00:00,0.0
2025-12-16 17:00:00,0.0
2025-12-16 18:00:00,0.0
2025-12-16 19:00:00,0.0
2025-12-16 20:00:00,0.0
2025-12-16 21:00:00,0.0
2025-12-16 22:00:00,0.0
2025-12-16 23:00:00,0.0
2025-12-17 00:00:00,0.0
2025-12-17 01:00:00,0.0
2025-12-17 02:00:00,0.0
2025-12-17 03:00:00,0.0
2025-12-17 04:00:00,0.0
2025-12-17 05:00:00,0.0
2025-12-17 06:00:00,0.0
2025-12-17 07:00:00,0.0
2025-12-17 08:00:00,0.0
2025-12-17 09:00:00,0.0
2025-12-17 10:00:00,0.0
2025-12-17 11:00:00,0.0
2025-12-17 12:00:00,0.0
2025-12-17 13:00:00,-1190.752967580469
2025-12-17 14:00:00,-775.4818587113623
2025-12-17 15:00:00,0.0
2025-12-17 16:00:00,0.0
2025-12-17 17:00:00,0.0
2025-12-17 18:00:00,0.0
2025-12-17 19:00:00,0.0
2025-12-17 20:00:00,0.0
2025-12-17 21:00:00,0.0
2025-12-17 22:00:00,0.0
2025-12-17 23:00:00,0.0
2025-12-18 00:00:00,0.0
2025-12-18 01:00:00,0.0
2025-12-18 02:00:00,0.0
2025-12-18 03:00:00,0.0
2025-12-18 04:00:00,0.0
2025-12-18 05:00:00,0.0
2025-12-18 06:00:00,0.0
2025-12-18 07:00:00,0.0
2025-12-18 08:00:00,0.0
2025-12-18 09:00:00,0.0
2025-12-18 10:00:00,0.0
2025-12-18 11:00:00,0.0
2025-12-18 12:00:00,0.0
2025-12-18 13:00:00,0.0
2025-12-18 14:00:00,0.0
2025-12-18 15:00:00,0.0
2025-12-18 16:00:00,0.0
2025-12-18 17:00:00,0.0
2025-12-18 18:00:00,0.0
2025-12-18 19:00:00,0.0
2025-12-18 20:00:00,0.0
2025-12-18 21:00:00,0.0
2025-12-18 22:00:00,0.0
2025-12-18 23:00:00,0.0
2025-12-19 00:00:00,0.0
2025-12-19 01:00:00,0.0
2025-12-19 02:00:00,0.0
2025-12-19 03:00:00,0.0
2025-12-19 04:00:00,0.0
2025-12-19 05:00:00,0.0
2025-12-19 06:00:00,0.0
2025-12-19 07:00:00,0.0
2025-12-19 08:00:00,0.0
2025-12-19 09:00:00,0.0
2025-12-19 10:00:00,-1263.7439589858368
2025-12-19 11:00:00,-1294.4247720544445
2025-12-19 12:00:00,-1758.0437700443108
2025-12-19 13:00:00,-2470.26501207858
2025-12-19 14:00:00,-1499.583045134652
2025-12-19 15:00:00,0.0
2025-12-19 16:00:00,0.0
2025-12-19 17:00:00,0.0
2025-12-19 18:00:00,0.0
2025-12-19 19:00:00,0.0
2025-12-19 20:00:00,0.0
2025-12-19 21:00:00,0.0
2025-12-19 22:00:00,0.0
2025-12-19 23:00:00,0.0
2025-12-20 00:00:00,0.0
2025-12-20 01:00:00,21335.347533
2025-12-20 02:00:00,0.0
2025-12-20 03:00:00,0.0
2025-12-20 04:00:00,0.0
2025-12-20 05:00:00,0.0
2025-12-20 06:00:00,0.0
2025-12-20 07:00:00,0.0
2025-12-20 08:00:00,0.0
2025-12-20 09:00:00,-1606.7830862410628
2025-12-20 10:00:00,-2551.8981325095992
2025-12-20 11:00:00,-1932.9995960616761
2025-12-20 12:00:00,-4197.241914050439
2025-12-20 13:00:00,-5753.2002976500335
2025-12-20 14:00:00,-4041.178049230424
2025-12-20 15:00:00,0.0
2025-12-20 16:00:00,22219.163994719263
2025-12-20 17:00:00,0.0
2025-12-20 18:00:00,0.0
2025-12-20 19:00:00,0.0
2025-12-20 20:00:00,0.0
2025-12-20 21:00:00,0.0
2025-12-20 22:00:00,0.0
2025-12-20 23:00:00,0.0
2025-12-21 00:00:00,0.0
2025-12-21 01:00:00,0.0
2025-12-21 02:00:00,0.0
2025-12-21 03:00:00,0.0
2025-12-21 04:00:00,0.0
2025-12-21 05:00:00,19500.205707
2025-12-21 06:00:00,0.0
2025-12-21 07:00:00,0.0
2025-12-21 08:00:00,0.0
2025-12-21 09:00:00,-3812.8903286207133
2025-12-21 10:00:00,-4051.416523687276
2025-12-21 11:00:00,-4025.4793945999736
2025-12-21 12:00:00,-4588.4289433788435
2025-12-21 13:00:00,-6064.790864751325
2025-12-21 14:00:00,-4808.999832488731
2025-12-21 15:00:00,0.0
2025-12-21 16:00:00,0.0
2025-12-21 17:00:00,0.0
2025-12-21 18:00:00,0.0
2025-12-21 19:00:00,0.0
2025-12-21 20:00:00,0.0
2025-12-21 21:00:00,0.0
2025-12-21 22:00:00,0.0
2025-12-21 23:00:00,0.0
2025-12-22 00:00:00,0.0
2025-12-22 01:00:00,0.0
2025-12-22 02:00:00,0.0
2025-12-22 03:00:00,0.0
2025-12-22 04:00:00,0.0
2025-12-22 05:00:00,0.0
2025-12-22 06:00:00,0.0
2025-12-22 07:00:00,0.0
2025-12-22 08:00:00,0.0
2025-12-22 09:00:00,0.0
2025-12-22 10:00:00,-1590.425167962021
2025-12-22 11:00:00,-2711.974272066309
2025-12-22 12:00:00,-2368.4921071060126
2025-12-22 13:00:00,0.0
2025-12-22 14:00:00,0.0
2025-12-22 15:00:00,0.0
2025-12-22 16:00:00,0.0
2025-12-22 17:00:00,0.0
2025-12-22 18:00:00,0.0
2025-12-22 19:00:00,0.0
2025-12-22 20:00:00,0.0
2025-12-22 21:00:00,0.0
2025-12-22 22:00:00,0.0
2025-12-22 23:00:00,0.0
2025-12-23 00:00:00,0.0
2025-12-23 01:00:00,0.0
2025-12-23 02:00:00,0.0
2025-12-23 03:00:00,0.0
2025-12-23 04:00:00,0.0
2025-12-23 05:00:00,0.0
2025-12-23 06:00:00,0.0
2025-12-23 07:00:00,0.0
2025-12-23 08:00:00,0.0
2025-12-23 09:00:00,0.0
2025-12-23 10:00:00,0.0
2025-12-23 11:00:00,0.0
2025-12-23 12:00:00,11714.132550152579
2025-12-23 13:00:00,0.0
2025-12-23 14:00:00,0.0
2025-12-23 15:00:00,0.0
2025-12-23 16:00:00,0.0
2025-12-23 17:00:00,0.0
2025-12-23 18:00:00,0.0
2025-12-23 19:00:00,0.0
2025-12-23 20:00:00,0.0
2025-12-23 21:00:00,0.0
2025-12-23 22:00:00,0.0
2025-12-23 23:00:00,0.0
2025-12-24 00:00:00,0.0
2025-12-24 01:00:00,0.0
2025-12-24 02:00:00,0.0
2025-12-24 03:00:00,0.0
2025-12-24 04:00:00,0.0
2025-12-24 05:00:00,0.0
2025-12-24 06:00:00,0.0
2025-12-24 07:00:00,0.0
2025-12-24 08:00:00,0.0
2025-12-24 09:00:00,0.0
2025-12-24 10:00:00,0.0
2025-12-24 11:00:00,0.0
2025-12-24 12:00:00,0.0
2025-12-24 13:00:00,0.0
2025-12-24 14:00:00,0.0
2025-12-24 15:00:00,0.0
2025-12-24 16:00:00,0.0
2025-12-24 17:00:00,0.0
2025-12-24 18:00:00,0.0
2025-12-24 19:00:00,0.0
2025-12-24 20:00:00,0.0
2025-12-24 21:00:00,0.0
2025-12-24 22:00:00,0.0
2025-12-24 23:00:00,0.0
2025-12-25 00:00:00,0.0
2025-12-25 01:00:00,0.0
2025-12-25 02:00:00,0.0
2025-12-25 03:00:00,0.0
2025-12-25 04:00:00,0.0
2025-12-25 05:00:00,0.0
2025-12-25 06:00:00,0.0
2025-12-25 07:00:00,0.0
2025-12-25 08:00:00,0.0
2025-12-25 09:00:00,0.0
2025-12-25 10:00:00,0.0
2025-12-25 11:00:00,0.0
2025-12-25 12:00:00,0.0
2025-12-25 13:00:00,0.0
2025-12-25 14:00:00,0.0
2025-12-25 15:00:00,0.0
2025-12-25 16:00:00,0.0
2025-12-25 17:00:00,0.0
2025-12-25 18:00:00,0.0
2025-12-25 19:00:00,0.0
2025-12-25 20:00:00,18906.4751410425
2025-12-25 21:00:00,0.0
2025-12-25 22:00:00,0.0
2025-12-25 23:00:00,0.0
2025-12-26 00:00:00,0.0
2025-12-26 01:00:00,0.0
2025-12-26 02:00:00,0.0
2025-12-26 03:00:00,0.0
2025-12-26 04:00:00,0.0
2025-12-26 05:00:00,0.0
2025-12-26 06:00:00,0.0
2025-12-26 07:00:00,0.0
2025-12-26 08:00:00,0.0
2025-12-26 09:00:00,0.0
2025-12-26 10:00:00,0.0
2025-12-26 11:00:00,0.0
2025-12-26 12:00:00,0.0
2025-12-26 13:00:00,0.0
2025-12-26 14:00:00,0.0
2025-12-26 15:00:00,0.0
2025-12-26 16:00:00,0.0
2025-12-26 17:00:00,0.0
2025-12-26 18:00:00,0.0
2025-12-26 19:00:00,0.0
2025-12-26 20:00:00,0.0
2025-12-26 21:00:00,0.0
2025-12-26 22:00:00,0.0
2025-12-26 23:00:00,0.0
2025-12-27 00:00:00,0.0
2025-12-27 01:00:00,0.0
2025-12-27 02:00:00,0.0
2025-12-27 03:00:00,0.0
2025-12-27 04:00:00,0.0
2025-12-27 05:00:00,0.0
2025-12-27 06:00:00,0.0
2025-12-27 07:00:00,0.0
2025-12-27 08:00:00,0.0
2025-12-27 09:00:00,-6863.920250336985
2025-12-27 10:00:00,-7649.615658425148
2025-12-27 11:00:00,-6699.052041914409
2025-12-27 12:00:00,-6754.265740461022
2025-12-27 13:00:00,-6505.215060456219
2025-12-27 14:00:00,-4254.215139580265
2025-12-27 15:00:00,0.0
2025-12-27 16:00:00,0.0
2025-12-27 17:00:00,0.0
2025-12-27 18:00:00,0.0
2025-12-27 19:00:00,0.0
2025-12-27 20:00:00,0.0
2025-12-27 21:00:00,0.0
2025-12-27 22:00:00,0.0
2025-12-27 23:00:00,0.0
2025-12-28 00:00:00,0.0
2025-12-28 01:00:00,0.0
2025-12-28 02:00:00,0.0
2025-12-28 03:00:00,0.0
2025-12-28 04:00:00,0.0
2025-12-28 05:00:00,0.0
2025-12-28 06:00:00,0.0
2025-12-28 07:00:00,0.0
2025-12-28 08:00:00,0.0
2025-12-28 09:00:00,-3049.817223439386
2025-12-28 10:00:00,-5454.474143311385
2025-12-28 11:00:00,-5437.115965006702
2025-12-28 12:00:00,-4820.806220067232
2025-12-28 13:00:00,-4055.295800964919
2025-12-28 14:00:00,-3980.846474850441
2025-12-28 15:00:00,0.0
2025-12-28 16:00:00,0.0
2025-12-28 17:00:00,0.0
2025-12-28 18:00:00,0.0
2025-12-28 19:00:00,0.0
2025-12-28 20:00:00,0.0
2025-12-28 21:00:00,24607.12285
2025-12-28 22:00:00,0.0
2025-12-28 23:00:00,0.0
2025-12-29 00:00:00,0.0
2025-12-29 01:00:00,0.0
2025-12-29 02:00:00,0.0
2025-12-29 03:00:00,0.0
2025-12-29 04:00:00,0.0
2025-12-29 05:00:00,0.0
2025-12-29 06:00:00,0.0
2025-12-29 07:00:00,0.0
2025-12-29 08:00:00,0.0
2025-12-29 09:00:00,-6206.723749712575
2025-12-29 10:00:00,-6898.833108675535
2025-12-29 11:00:00,-6869.1338244166145
2025-12-29 12:00:00,-7751.401038826545
2025-12-29 13:00:00,-8971.86625660977
2025-12-29 14:00:00,-8177.92229899672
2025-12-29 15:00:00,0.0
2025-12-29 16:00:00,0.0
2025-12-29 17:00:00,0.0
2025-12-29 18:00:00,0.0
2025-12-29 19:00:00,0.0
2025-12-29 20:00:00,0.0
2025-12-29 21:00:00,0.0
2025-12-29 22:00:00,13019.241084039306
2025-12-29 23:00:00,22776.908985
2025-12-30 00:00:00,0.0
2025-12-30 01:00:00,0.0
2025-12-30 02:00:00,0.0
2025-12-30 03:00:00,0.0
2025-12-30 04:00:00,0.0
2025-12-30 05:00:00,0.0
2025-12-30 06:00:00,0.0
2025-12-30 07:00:00,0.0
2025-12-30 08:00:00,0.0
2025-12-30 09:00:00,0.0
2025-12-30 10:00:00,0.0
2025-12-30 11:00:00,0.0
2025-12-30 12:00:00,0.0
2025-12-30 13:00:00,0.0
2025-12-30 14:00:00,0.0
2025-12-30 15:00:00,0.0
2025-12-30 16:00:00,0.0
2025-12-30 17:00:00,0.0
2025-12-30 18:00:00,0.0
2025-12-30 19:00:00,0.0
2025-12-30 20:00:00,0.0
2025-12-30 21:00:00,0.0
2025-12-30 22:00:00,0.0
2025-12-30 23:00:00,0.0
2025-12-31 00:00:00,0.0
2025-12-31 01:00:00,0.0
2025-12-31 02:00:00,0.0
2025-12-31 03:00:00,0.0
2025-12-31 04:00:00,0.0
2025-12-31 05:00:00,0.0
2025-12-31 06:00:00,0.0
2025-12-31 07:00:00,0.0
2025-12-31 08:00:00,0.0
2025-12-31 09:00:00,0.0
2025-12-31 10:00:00,0.0
2025-12-31 11:00:00,0.0
2025-12-31 12:00:00,18153.720379941646
2025-12-31 13:00:00,0.0
2025-12-31 14:00:00,0.0
2025-12-31 15:00:00,0.0
2025-12-31 16:00:00,0.0
2025-12-31 17:00:00,0.0
2025-12-31 18:00:00,0.0
2025-12-31 19:00:00,0.0
2025-12-31 20:00:00,0.0
2025-12-31 21:00:00,0.0
2025-12-31 22:00:00,0.0
2025-12-31 23:00:00,0.0
