snapshot,battery
2025-01-01 00:00:00,21928.787763224667
2025-01-01 01:00:00,21928.787763224667
2025-01-01 02:00:00,21928.787763224667
2025-01-01 03:00:00,21928.787763224667
2025-01-01 04:00:00,21928.787763224667
2025-01-01 05:00:00,21928.787763224667
2025-01-01 06:00:00,-0.0
2025-01-01 07:00:00,-0.0
2025-01-01 08:00:00,-0.0
2025-01-01 09:00:00,5457.081309197564
2025-01-01 10:00:00,12835.012016210436
2025-01-01 11:00:00,19726.0382213482
2025-01-01 12:00:00,26622.536105901032
2025-01-01 13:00:00,34263.111364629796
2025-01-01 14:00:00,38623.01040262462
2025-01-01 15:00:00,38623.01040262462
2025-01-01 16:00:00,38623.01040262462
2025-01-01 17:00:00,38623.01040262462
2025-01-01 18:00:00,38623.01040262462
2025-01-01 19:00:00,38623.01040262462
2025-01-01 20:00:00,38623.01040262462
2025-01-01 21:00:00,38623.01040262462
2025-01-01 22:00:00,38623.01040262462
2025-01-01 23:00:00,38623.01040262462
2025-01-02 00:00:00,38623.01040262462
2025-01-02 01:00:00,38623.01040262462
2025-01-02 02:00:00,38623.01040262462
2025-01-02 03:00:00,38623.01040262462
2025-01-02 04:00:00,38623.01040262462
2025-01-02 05:00:00,38623.01040262462
2025-01-02 06:00:00,38623.01040262462
2025-01-02 07:00:00,38623.01040262462
2025-01-02 08:00:00,38623.01040262462
2025-01-02 09:00:00,43547.335834183665
2025-01-02 10:00:00,49987.362592092315
2025-01-02 11:00:00,55340.50714183987
2025-01-02 12:00:00,61400.050507189655
2025-01-02 13:00:00,68777.8351177792
2025-01-02 14:00:00,76091.41620494408
2025-01-02 15:00:00,76091.41620494408
2025-01-02 16:00:00,76091.41620494408
2025-01-02 17:00:00,72273.98274249701
2025-01-02 18:00:00,72273.98274249701
2025-01-02 19:00:00,72273.98274249701
2025-01-02 20:00:00,72273.98274249701
2025-01-02 21:00:00,72273.98274249701
2025-01-02 22:00:00,72273.98274249701
2025-01-02 23:00:00,72273.98274249701
2025-01-03 00:00:00,72273.98274249701
2025-01-03 01:00:00,72273.98274249701
2025-01-03 02:00:00,72273.98274249701
2025-01-03 03:00:00,49814.01476605493
2025-01-03 04:00:00,49814.01476605493
2025-01-03 05:00:00,49814.01476605493
2025-01-03 06:00:00,49814.01476605493
2025-01-03 07:00:00,26657.659711063367
2025-01-03 08:00:00,26657.659711063367
2025-01-03 09:00:00,26657.659711063367
2025-01-03 10:00:00,26657.659711063367
2025-01-03 11:00:00,26657.659711063367
2025-01-03 12:00:00,26657.659711063367
2025-01-03 13:00:00,26657.659711063367
2025-01-03 14:00:00,26657.659711063367
2025-01-03 15:00:00,26657.659711063367
2025-01-03 16:00:00,26657.659711063367
2025-01-03 17:00:00,26657.659711063367
2025-01-03 18:00:00,26657.659711063367
2025-01-03 19:00:00,26657.659711063367
2025-01-03 20:00:00,26657.659711063367
2025-01-03 21:00:00,-0.0
2025-01-03 22:00:00,-0.0
2025-01-03 23:00:00,-0.0
2025-01-04 00:00:00,-0.0
2025-01-04 01:00:00,-0.0
2025-01-04 02:00:00,-0.0
2025-01-04 03:00:00,-0.0
2025-01-04 04:00:00,-0.0
2025-01-04 05:00:00,-0.0
2025-01-04 06:00:00,-0.0
2025-01-04 07:00:00,-0.0
2025-01-04 08:00:00,-0.0
2025-01-04 09:00:00,4355.668391798432
2025-01-04 10:00:00,10722.410912814314
2025-01-04 11:00:00,17475.10002585366
2025-01-04 12:00:00,23318.347728446115
2025-01-04 13:00:00,27384.30472135695
2025-01-04 14:00:00,29952.282215447216
2025-01-04 15:00:00,29952.282215447216
2025-01-04 16:00:00,29952.282215447216
2025-01-04 17:00:00,27111.310301185997
2025-01-04 18:00:00,-0.0
2025-01-04 19:00:00,-0.0
2025-01-04 20:00:00,-0.0
2025-01-04 21:00:00,-0.0
2025-01-04 22:00:00,-0.0
2025-01-04 23:00:00,-0.0
2025-01-05 00:00:00,-0.0
2025-01-05 01:00:00,-0.0
2025-01-05 02:00:00,-0.0
2025-01-05 03:00:00,-0.0
2025-01-05 04:00:00,-0.0
2025-01-05 05:00:00,-0.0
2025-01-05 06:00:00,-0.0
2025-01-05 07:00:00,-0.0
2025-01-05 08:00:00,-0.0
2025-01-05 09:00:00,5809.598143522701
2025-01-05 10:00:00,13780.610713084243
2025-01-05 11:00:00,22711.78491106735
2025-01-05 12:00:00,31415.700844783612
2025-01-05 13:00:00,41082.473305016574
2025-01-05 14:00:00,50600.21318486122
2025-01-05 15:00:00,52079.229047528104
2025-01-05 16:00:00,52079.229047528104
2025-01-05 17:00:00,52079.229047528104
2025-01-05 18:00:00,52079.229047528104
2025-01-05 19:00:00,52079.229047528104
2025-01-05 20:00:00,52079.229047528104
2025-01-05 21:00:00,52079.229047528104
2025-01-05 22:00:00,52079.229047528104
2025-01-05 23:00:00,52079.229047528104
2025-01-06 00:00:00,52079.229047528104
2025-01-06 01:00:00,52079.229047528104
2025-01-06 02:00:00,30629.344642673233
2025-01-06 03:00:00,30629.344642673233
2025-01-06 04:00:00,30629.344642673233
2025-01-06 05:00:00,30629.344642673233
2025-01-06 06:00:00,30629.344642673233
2025-01-06 07:00:00,30629.344642673233
2025-01-06 08:00:00,30629.344642673233
2025-01-06 09:00:00,36824.17634648518
2025-01-06 10:00:00,44432.55999313743
2025-01-06 11:00:00,50989.97149462363
2025-01-06 12:00:00,57303.551548478965
2025-01-06 13:00:00,63937.18791825888
2025-01-06 14:00:00,68350.35035695377
2025-01-06 15:00:00,68350.35035695377
2025-01-06 16:00:00,46887.28331596876
2025-01-06 17:00:00,46887.28331596876
2025-01-06 18:00:00,46887.28331596876
2025-01-06 19:00:00,46887.28331596876
2025-01-06 20:00:00,46887.28331596876
2025-01-06 21:00:00,46887.28331596876
2025-01-06 22:00:00,46887.28331596876
2025-01-06 23:00:00,46887.28331596876
2025-01-07 00:00:00,46887.28331596876
2025-01-07 01:00:00,46887.28331596876
2025-01-07 02:00:00,46887.28331596876
2025-01-07 03:00:00,46887.28331596876
2025-01-07 04:00:00,46887.28331596876
2025-01-07 05:00:00,46887.28331596876
2025-01-07 06:00:00,46887.28331596876
2025-01-07 07:00:00,46887.28331596876
2025-01-07 08:00:00,46887.28331596876
2025-01-07 09:00:00,46887.28331596876
2025-01-07 10:00:00,48783.968073671065
2025-01-07 11:00:00,50835.99247664604
2025-01-07 12:00:00,54610.9483717168
2025-01-07 13:00:00,58663.01318899862
2025-01-07 14:00:00,60094.317704451765
2025-01-07 15:00:00,60094.317704451765
2025-01-07 16:00:00,60094.317704451765
2025-01-07 17:00:00,60094.317704451765
2025-01-07 18:00:00,60094.317704451765
2025-01-07 19:00:00,60094.317704451765
2025-01-07 20:00:00,60094.317704451765
2025-01-07 21:00:00,60094.317704451765
2025-01-07 22:00:00,60094.317704451765
2025-01-07 23:00:00,60094.317704451765
2025-01-08 00:00:00,60094.317704451765
2025-01-08 01:00:00,37693.59514332953
2025-01-08 02:00:00,37693.59514332953
2025-01-08 03:00:00,37693.59514332953
2025-01-08 04:00:00,37693.59514332953
2025-01-08 05:00:00,37693.59514332953
2025-01-08 06:00:00,37693.59514332953
2025-01-08 07:00:00,37693.59514332953
2025-01-08 08:00:00,37693.59514332953
2025-01-08 09:00:00,37693.59514332953
2025-01-08 10:00:00,39441.368747610686
2025-01-08 11:00:00,43791.01263360557
2025-01-08 12:00:00,50046.30713580872
2025-01-08 13:00:00,58202.73574178449
2025-01-08 14:00:00,66282.20705084017
2025-01-08 15:00:00,67919.42344474161
2025-01-08 16:00:00,67919.42344474161
2025-01-08 17:00:00,67919.42344474161
2025-01-08 18:00:00,67919.42344474161
2025-01-08 19:00:00,67919.42344474161
2025-01-08 20:00:00,67919.42344474161
2025-01-08 21:00:00,41799.216811062084
2025-01-08 22:00:00,41799.216811062084
2025-01-08 23:00:00,41799.216811062084
2025-01-09 00:00:00,41799.216811062084
2025-01-09 01:00:00,41799.216811062084
2025-01-09 02:00:00,19865.114007987304
2025-01-09 03:00:00,19865.114007987304
2025-01-09 04:00:00,19865.114007987304
2025-01-09 05:00:00,-0.0
2025-01-09 06:00:00,-0.0
2025-01-09 07:00:00,-0.0
2025-01-09 08:00:00,-0.0
2025-01-09 09:00:00,8220.345326670547
2025-01-09 10:00:00,18263.226602608407
2025-01-09 11:00:00,28001.491916899402
2025-01-09 12:00:00,37373.273355395795
2025-01-09 13:00:00,46832.17218800857
2025-01-09 14:00:00,55102.60160488374
2025-01-09 15:00:00,57414.19523638273
2025-01-09 16:00:00,38665.746076786854
2025-01-09 17:00:00,38665.746076786854
2025-01-09 18:00:00,23135.772272056303
2025-01-09 19:00:00,23135.772272056303
2025-01-09 20:00:00,23135.772272056303
2025-01-09 21:00:00,23135.772272056303
2025-01-09 22:00:00,23135.772272056303
2025-01-09 23:00:00,23135.772272056303
2025-01-10 00:00:00,23135.772272056303
2025-01-10 01:00:00,23135.772272056303
2025-01-10 02:00:00,23135.772272056303
2025-01-10 03:00:00,23135.772272056303
2025-01-10 04:00:00,23135.772272056303
2025-01-10 05:00:00,-0.0
2025-01-10 06:00:00,-0.0
2025-01-10 07:00:00,-0.0
2025-01-10 08:00:00,-0.0
2025-01-10 09:00:00,7967.731330076406
2025-01-10 10:00:00,16841.152376885457
2025-01-10 11:00:00,25598.650675219556
2025-01-10 12:00:00,34269.425498870274
2025-01-10 13:00:00,42804.601869018414
2025-01-10 14:00:00,49943.7727315872
2025-01-10 15:00:00,51381.5704766648
2025-01-10 16:00:00,51381.5704766648
2025-01-10 17:00:00,51381.5704766648
2025-01-10 18:00:00,51381.5704766648
2025-01-10 19:00:00,51381.5704766648
2025-01-10 20:00:00,51381.5704766648
2025-01-10 21:00:00,51381.5704766648
2025-01-10 22:00:00,51381.5704766648
2025-01-10 23:00:00,51381.5704766648
2025-01-11 00:00:00,51381.5704766648
2025-01-11 01:00:00,51381.5704766648
2025-01-11 02:00:00,51381.5704766648
2025-01-11 03:00:00,51381.5704766648
2025-01-11 04:00:00,51381.5704766648
2025-01-11 05:00:00,51381.5704766648
2025-01-11 06:00:00,51381.5704766648
2025-01-11 07:00:00,33072.04017620672
2025-01-11 08:00:00,34050.898765161946
2025-01-11 09:00:00,42565.433475015896
2025-01-11 10:00:00,52440.620996635735
2025-01-11 11:00:00,61384.357712724166
2025-01-11 12:00:00,69224.11730567779
2025-01-11 13:00:00,75899.23135655769
2025-01-11 14:00:00,82250.56433026619
2025-01-11 15:00:00,85175.89905846743
2025-01-11 16:00:00,85175.89905846743
2025-01-11 17:00:00,85175.89905846743
2025-01-11 18:00:00,85175.89905846743
2025-01-11 19:00:00,85175.89905846743
2025-01-11 20:00:00,85175.89905846743
2025-01-11 21:00:00,85175.89905846743
2025-01-11 22:00:00,61151.37966845027
2025-01-11 23:00:00,61151.37966845027
2025-01-12 00:00:00,61151.37966845027
2025-01-12 01:00:00,61151.37966845027
2025-01-12 02:00:00,61151.37966845027
2025-01-12 03:00:00,39910.47528507085
2025-01-12 04:00:00,18977.242230574106
2025-01-12 05:00:00,18977.242230574106
2025-01-12 06:00:00,18977.242230574106
2025-01-12 07:00:00,18977.242230574106
2025-01-12 08:00:00,22511.886249818075
2025-01-12 09:00:00,34331.61723776363
2025-01-12 10:00:00,47119.0470981384
2025-01-12 11:00:00,59708.42593988958
2025-01-12 12:00:00,72401.92915231167
2025-01-12 13:00:00,85303.86185543975
2025-01-12 14:00:00,97906.95703853441
2025-01-12 15:00:00,103426.30419468402
2025-01-12 16:00:00,103426.30419468402
2025-01-12 17:00:00,77700.11224981412
2025-01-12 18:00:00,77700.11224981412
2025-01-12 19:00:00,77700.11224981412
2025-01-12 20:00:00,77700.11224981412
2025-01-12 21:00:00,77700.11224981412
2025-01-12 22:00:00,77700.11224981412
2025-01-12 23:00:00,77700.11224981412
2025-01-13 00:00:00,77700.11224981412
2025-01-13 01:00:00,77700.11224981412
2025-01-13 02:00:00,77700.11224981412
2025-01-13 03:00:00,77700.11224981412
2025-01-13 04:00:00,77700.11224981412
2025-01-13 05:00:00,77700.11224981412
2025-01-13 06:00:00,51311.4473921557
2025-01-13 07:00:00,51311.4473921557
2025-01-13 08:00:00,49779.24548331066
2025-01-13 09:00:00,57785.54682897925
2025-01-13 10:00:00,67686.84651912982
2025-01-13 11:00:00,77685.69262458425
2025-01-13 12:00:00,88302.53397233151
2025-01-13 13:00:00,98508.74047925217
2025-01-13 14:00:00,108028.46543460185
2025-01-13 15:00:00,111565.80838161807
2025-01-13 16:00:00,111565.80838161807
2025-01-13 17:00:00,111565.80838161807
2025-01-13 18:00:00,111565.80838161807
2025-01-13 19:00:00,111565.80838161807
2025-01-13 20:00:00,111565.80838161807
2025-01-13 21:00:00,111565.80838161807
2025-01-13 22:00:00,85916.81525925336
2025-01-13 23:00:00,85916.81525925336
2025-01-14 00:00:00,61884.02289550922
2025-01-14 01:00:00,61884.02289550922
2025-01-14 02:00:00,61884.02289550922
2025-01-14 03:00:00,61884.02289550922
2025-01-14 04:00:00,61884.02289550922
2025-01-14 05:00:00,61884.02289550922
2025-01-14 06:00:00,61884.02289550922
2025-01-14 07:00:00,61884.02289550922
2025-01-14 08:00:00,61884.02289550922
2025-01-14 09:00:00,69419.06931811014
2025-01-14 10:00:00,78519.02839759825
2025-01-14 11:00:00,88229.11887006053
2025-01-14 12:00:00,98303.82377007886
2025-01-14 13:00:00,107850.4427720802
2025-01-14 14:00:00,114832.06483242121
2025-01-14 15:00:00,116985.01011092291
2025-01-14 16:00:00,116985.01011092291
2025-01-14 17:00:00,88786.60373143599
2025-01-14 18:00:00,88786.60373143599
2025-01-14 19:00:00,88786.60373143599
2025-01-14 20:00:00,88786.60373143599
2025-01-14 21:00:00,88786.60373143599
2025-01-14 22:00:00,63249.04658798767
2025-01-14 23:00:00,39382.272166504816
2025-01-15 00:00:00,39382.272166504816
2025-01-15 01:00:00,39382.272166504816
2025-01-15 02:00:00,39382.272166504816
2025-01-15 03:00:00,39382.272166504816
2025-01-15 04:00:00,39382.272166504816
2025-01-15 05:00:00,39382.272166504816
2025-01-15 06:00:00,39382.272166504816
2025-01-15 07:00:00,39382.272166504816
2025-01-15 08:00:00,39382.272166504816
2025-01-15 09:00:00,47272.783307284546
2025-01-15 10:00:00,56347.7372196227
2025-01-15 11:00:00,65861.78856484346
2025-01-15 12:00:00,76143.85702013632
2025-01-15 13:00:00,85816.13712870546
2025-01-15 14:00:00,91480.02082124453
2025-01-15 15:00:00,93089.50727693812
2025-01-15 16:00:00,93089.50727693812
2025-01-15 17:00:00,93089.50727693812
2025-01-15 18:00:00,93089.50727693812
2025-01-15 19:00:00,93089.50727693812
2025-01-15 20:00:00,93089.50727693812
2025-01-15 21:00:00,93089.50727693812
2025-01-15 22:00:00,93089.50727693812
2025-01-15 23:00:00,69134.86253859472
2025-01-16 00:00:00,69134.86253859472
2025-01-16 01:00:00,69134.86253859472
2025-01-16 02:00:00,69134.86253859472
2025-01-16 03:00:00,69134.86253859472
2025-01-16 04:00:00,69134.86253859472
2025-01-16 05:00:00,69134.86253859472
2025-01-16 06:00:00,69134.86253859472
2025-01-16 07:00:00,51550.220728380446
2025-01-16 08:00:00,51550.220728380446
2025-01-16 09:00:00,59727.51263969908
2025-01-16 10:00:00,69253.28146636608
2025-01-16 11:00:00,77454.27891217858
2025-01-16 12:00:00,83998.4412261228
2025-01-16 13:00:00,90436.33631427967
2025-01-16 14:00:00,94223.70317622056
2025-01-16 15:00:00,94223.70317622056
2025-01-16 16:00:00,94223.70317622056
2025-01-16 17:00:00,94223.70317622056
2025-01-16 18:00:00,94223.70317622056
2025-01-16 19:00:00,94223.70317622056
2025-01-16 20:00:00,94223.70317622056
2025-01-16 21:00:00,94223.70317622056
2025-01-16 22:00:00,94223.70317622056
2025-01-16 23:00:00,94223.70317622056
2025-01-17 00:00:00,70399.45811841777
2025-01-17 01:00:00,70399.45811841777
2025-01-17 02:00:00,70399.45811841777
2025-01-17 03:00:00,70399.45811841777
2025-01-17 04:00:00,70399.45811841777
2025-01-17 05:00:00,70399.45811841777
2025-01-17 06:00:00,70399.45811841777
2025-01-17 07:00:00,46846.84002117332
2025-01-17 08:00:00,41965.08417369068
2025-01-17 09:00:00,44892.75688205002
2025-01-17 10:00:00,49153.300735916215
2025-01-17 11:00:00,54086.981518653054
2025-01-17 12:00:00,58105.33521673528
2025-01-17 13:00:00,62668.18429794625
2025-01-17 14:00:00,66864.99373674678
2025-01-17 15:00:00,68280.76874218546
2025-01-17 16:00:00,50943.096991707105
2025-01-17 17:00:00,50943.096991707105
2025-01-17 18:00:00,50943.096991707105
2025-01-17 19:00:00,50943.096991707105
2025-01-17 20:00:00,23351.16699484715
2025-01-17 21:00:00,23351.16699484715
2025-01-17 22:00:00,23351.16699484715
2025-01-17 23:00:00,23351.16699484715
2025-01-18 00:00:00,23351.16699484715
2025-01-18 01:00:00,-0.0
2025-01-18 02:00:00,-0.0
2025-01-18 03:00:00,-0.0
2025-01-18 04:00:00,-0.0
2025-01-18 05:00:00,-0.0
2025-01-18 06:00:00,-0.0
2025-01-18 07:00:00,-0.0
2025-01-18 08:00:00,997.0057867234154
2025-01-18 09:00:00,11807.809133083014
2025-01-18 10:00:00,24784.799279472
2025-01-18 11:00:00,37571.26754891107
2025-01-18 12:00:00,50151.86452716758
2025-01-18 13:00:00,62764.72218536407
2025-01-18 14:00:00,75027.57595550784
2025-01-18 15:00:00,81328.11627099817
2025-01-18 16:00:00,81328.11627099817
2025-01-18 17:00:00,81328.11627099817
2025-01-18 18:00:00,55040.57168130506
2025-01-18 19:00:00,55040.57168130506
2025-01-18 20:00:00,55040.57168130506
2025-01-18 21:00:00,55040.57168130506
2025-01-18 22:00:00,55040.57168130506
2025-01-18 23:00:00,31824.99107473335
2025-01-19 00:00:00,31824.99107473335
2025-01-19 01:00:00,31824.99107473335
2025-01-19 02:00:00,31824.99107473335
2025-01-19 03:00:00,10199.67120649253
2025-01-19 04:00:00,10199.67120649253
2025-01-19 05:00:00,10199.67120649253
2025-01-19 06:00:00,10199.67120649253
2025-01-19 07:00:00,10199.67120649253
2025-01-19 08:00:00,13369.413097081562
2025-01-19 09:00:00,25721.032276778613
2025-01-19 10:00:00,39740.15573986458
2025-01-19 11:00:00,52946.28430172601
2025-01-19 12:00:00,65970.45916856217
2025-01-19 13:00:00,78329.84412634159
2025-01-19 14:00:00,90628.43574106625
2025-01-19 15:00:00,97457.63169492183
2025-01-19 16:00:00,82661.35734067863
2025-01-19 17:00:00,82661.35734067863
2025-01-19 18:00:00,74774.82189487404
2025-01-19 19:00:00,48194.68478292359
2025-01-19 20:00:00,48194.68478292359
2025-01-19 21:00:00,48194.68478292359
2025-01-19 22:00:00,48194.68478292359
2025-01-19 23:00:00,48194.68478292359
2025-01-20 00:00:00,48194.68478292359
2025-01-20 01:00:00,48194.68478292359
2025-01-20 02:00:00,48194.68478292359
2025-01-20 03:00:00,48194.68478292359
2025-01-20 04:00:00,48194.68478292359
2025-01-20 05:00:00,48194.68478292359
2025-01-20 06:00:00,48194.68478292359
2025-01-20 07:00:00,48194.68478292359
2025-01-20 08:00:00,49080.35914474407
2025-01-20 09:00:00,59343.907269404044
2025-01-20 10:00:00,71724.10089824075
2025-01-20 11:00:00,84105.90894332356
2025-01-20 12:00:00,96165.6454149566
2025-01-20 13:00:00,108090.6371353774
2025-01-20 14:00:00,117848.69862980995
2025-01-20 15:00:00,122400.0
2025-01-20 16:00:00,122400.0
2025-01-20 17:00:00,94849.19642719561
2025-01-20 18:00:00,94849.19642719561
2025-01-20 19:00:00,94849.19642719561
2025-01-20 20:00:00,67155.67439706804
2025-01-20 21:00:00,67155.67439706804
2025-01-20 22:00:00,67155.67439706804
2025-01-20 23:00:00,67155.67439706804
2025-01-21 00:00:00,67155.67439706804
2025-01-21 01:00:00,67155.67439706804
2025-01-21 02:00:00,43900.4915311573
2025-01-21 03:00:00,20942.76776522217
2025-01-21 04:00:00,20942.76776522217
2025-01-21 05:00:00,20942.76776522217
2025-01-21 06:00:00,20942.76776522217
2025-01-21 07:00:00,20942.76776522217
2025-01-21 08:00:00,20942.76776522217
2025-01-21 09:00:00,30117.767176737056
2025-01-21 10:00:00,40843.068041277416
2025-01-21 11:00:00,51999.67500130425
2025-01-21 12:00:00,62536.020136435545
2025-01-21 13:00:00,72010.67355665471
2025-01-21 14:00:00,80397.48815412444
2025-01-21 15:00:00,84370.6100583221
2025-01-21 16:00:00,84370.6100583221
2025-01-21 17:00:00,84370.6100583221
2025-01-21 18:00:00,84370.6100583221
2025-01-21 19:00:00,84370.6100583221
2025-01-21 20:00:00,56381.38648227243
2025-01-21 21:00:00,56381.38648227243
2025-01-21 22:00:00,56381.38648227243
2025-01-21 23:00:00,56381.38648227243
2025-01-22 00:00:00,56381.38648227243
2025-01-22 01:00:00,56381.38648227243
2025-01-22 02:00:00,56381.38648227243
2025-01-22 03:00:00,56381.38648227243
2025-01-22 04:00:00,56381.38648227243
2025-01-22 05:00:00,56381.38648227243
2025-01-22 06:00:00,56381.38648227243
2025-01-22 07:00:00,56381.38648227243
2025-01-22 08:00:00,56381.38648227243
2025-01-22 09:00:00,61166.750075293
2025-01-22 10:00:00,69900.25575837429
2025-01-22 11:00:00,79553.38652020406
2025-01-22 12:00:00,89088.29466842646
2025-01-22 13:00:00,98618.05461014665
2025-01-22 14:00:00,106124.00912144364
2025-01-22 15:00:00,108274.95045823394
2025-01-22 16:00:00,108274.95045823394
2025-01-22 17:00:00,108274.95045823394
2025-01-22 18:00:00,108274.95045823394
2025-01-22 19:00:00,108274.95045823394
2025-01-22 20:00:00,108274.95045823394
2025-01-22 21:00:00,108274.95045823394
2025-01-22 22:00:00,108274.95045823394
2025-01-22 23:00:00,108274.95045823394
2025-01-23 00:00:00,84791.5536641926
2025-01-23 01:00:00,84791.5536641926
2025-01-23 02:00:00,84791.5536641926
2025-01-23 03:00:00,84791.5536641926
2025-01-23 04:00:00,84791.5536641926
2025-01-23 05:00:00,60528.39719321784
2025-01-23 06:00:00,33721.98499831991
2025-01-23 07:00:00,33721.98499831991
2025-01-23 08:00:00,33721.98499831991
2025-01-23 09:00:00,40839.19074142593
2025-01-23 10:00:00,50794.745268453364
2025-01-23 11:00:00,62198.593883832385
2025-01-23 12:00:00,73135.60215497878
2025-01-23 13:00:00,83432.2899028362
2025-01-23 14:00:00,93262.91782557164
2025-01-23 15:00:00,97873.12297759546
2025-01-23 16:00:00,97873.12297759546
2025-01-23 17:00:00,97873.12297759546
2025-01-23 18:00:00,97873.12297759546
2025-01-23 19:00:00,97873.12297759546
2025-01-23 20:00:00,70808.33120276139
2025-01-23 21:00:00,70808.33120276139
2025-01-23 22:00:00,70808.33120276139
2025-01-23 23:00:00,70808.33120276139
2025-01-24 00:00:00,70808.33120276139
2025-01-24 01:00:00,70808.33120276139
2025-01-24 02:00:00,48307.38803356543
2025-01-24 03:00:00,44472.76409184592
2025-01-24 04:00:00,21722.584848307895
2025-01-24 05:00:00,21722.584848307895
2025-01-24 06:00:00,21722.584848307895
2025-01-24 07:00:00,-0.0
2025-01-24 08:00:00,-0.0
2025-01-24 09:00:00,8730.292248504507
2025-01-24 10:00:00,19634.615674481232
2025-01-24 11:00:00,31749.067267485676
2025-01-24 12:00:00,42866.05535865271
2025-01-24 13:00:00,53143.995694168196
2025-01-24 14:00:00,62293.20125023106
2025-01-24 15:00:00,65149.038928408685
2025-01-24 16:00:00,65149.038928408685
2025-01-24 17:00:00,65149.038928408685
2025-01-24 18:00:00,65149.038928408685
2025-01-24 19:00:00,65149.038928408685
2025-01-24 20:00:00,65149.038928408685
2025-01-24 21:00:00,65149.038928408685
2025-01-24 22:00:00,65149.038928408685
2025-01-24 23:00:00,65149.038928408685
2025-01-25 00:00:00,65149.038928408685
2025-01-25 01:00:00,65149.038928408685
2025-01-25 02:00:00,65149.038928408685
2025-01-25 03:00:00,43733.49616429625
2025-01-25 04:00:00,43733.49616429625
2025-01-25 05:00:00,43733.49616429625
2025-01-25 06:00:00,20365.667322410594
2025-01-25 07:00:00,20365.667322410594
2025-01-25 08:00:00,20365.667322410594
2025-01-25 09:00:00,20365.667322410594
2025-01-25 10:00:00,20365.667322410594
2025-01-25 11:00:00,19047.663094548454
2025-01-25 12:00:00,19047.663094548454
2025-01-25 13:00:00,19047.663094548454
2025-01-25 14:00:00,19047.663094548454
2025-01-25 15:00:00,19047.663094548454
2025-01-25 16:00:00,19047.663094548454
2025-01-25 17:00:00,19047.663094548454
2025-01-25 18:00:00,19047.663094548454
2025-01-25 19:00:00,19047.663094548454
2025-01-25 20:00:00,19047.663094548454
2025-01-25 21:00:00,19047.663094548454
2025-01-25 22:00:00,19047.663094548454
2025-01-25 23:00:00,19047.663094548454
2025-01-26 00:00:00,19047.663094548454
2025-01-26 01:00:00,19047.663094548454
2025-01-26 02:00:00,19047.663094548454
2025-01-26 03:00:00,19047.663094548454
2025-01-26 04:00:00,19047.663094548454
2025-01-26 05:00:00,-0.0
2025-01-26 06:00:00,-0.0
2025-01-26 07:00:00,-0.0
2025-01-26 08:00:00,-0.0
2025-01-26 09:00:00,-0.0
2025-01-26 10:00:00,-0.0
2025-01-26 11:00:00,-0.0
2025-01-26 12:00:00,-0.0
2025-01-26 13:00:00,-0.0
2025-01-26 14:00:00,-0.0
2025-01-26 15:00:00,-0.0
2025-01-26 16:00:00,-0.0
2025-01-26 17:00:00,-0.0
2025-01-26 18:00:00,-0.0
2025-01-26 19:00:00,-0.0
2025-01-26 20:00:00,-0.0
2025-01-26 21:00:00,-0.0
2025-01-26 22:00:00,-0.0
2025-01-26 23:00:00,-0.0
2025-01-27 00:00:00,-0.0
2025-01-27 01:00:00,-0.0
2025-01-27 02:00:00,-0.0
2025-01-27 03:00:00,-0.0
2025-01-27 04:00:00,-0.0
2025-01-27 05:00:00,-0.0
2025-01-27 06:00:00,-0.0
2025-01-27 07:00:00,-0.0
2025-01-27 08:00:00,-0.0
2025-01-27 09:00:00,-0.0
2025-01-27 10:00:00,3500.0526496345888
2025-01-27 11:00:00,8175.373388578486
2025-01-27 12:00:00,12747.63286690315
2025-01-27 13:00:00,16107.86661792946
2025-01-27 14:00:00,19172.678189500653
2025-01-27 15:00:00,19461.885693605687
2025-01-27 16:00:00,19461.885693605687
2025-01-27 17:00:00,19461.885693605687
2025-01-27 18:00:00,19461.885693605687
2025-01-27 19:00:00,19461.885693605687
2025-01-27 20:00:00,-0.0
2025-01-27 21:00:00,-0.0
2025-01-27 22:00:00,-0.0
2025-01-27 23:00:00,-0.0
2025-01-28 00:00:00,-0.0
2025-01-28 01:00:00,-0.0
2025-01-28 02:00:00,-0.0
2025-01-28 03:00:00,-0.0
2025-01-28 04:00:00,-0.0
2025-01-28 05:00:00,-0.0
2025-01-28 06:00:00,-0.0
2025-01-28 07:00:00,-0.0
2025-01-28 08:00:00,-0.0
2025-01-28 09:00:00,7704.246438948175
2025-01-28 10:00:00,16475.499090770634
2025-01-28 11:00:00,26669.47894164188
2025-01-28 12:00:00,36380.34367420808
2025-01-28 13:00:00,45336.78504297811
2025-01-28 14:00:00,52746.626803463354
2025-01-28 15:00:00,55346.23349833958
2025-01-28 16:00:00,55346.23349833958
2025-01-28 17:00:00,55346.23349833958
2025-01-28 18:00:00,55346.23349833958
2025-01-28 19:00:00,55346.23349833958
2025-01-28 20:00:00,55346.23349833958
2025-01-28 21:00:00,55346.23349833958
2025-01-28 22:00:00,55346.23349833958
2025-01-28 23:00:00,55346.23349833958
2025-01-29 00:00:00,55346.23349833958
2025-01-29 01:00:00,55346.23349833958
2025-01-29 02:00:00,55346.23349833958
2025-01-29 03:00:00,55346.23349833958
2025-01-29 04:00:00,55346.23349833958
2025-01-29 05:00:00,55346.23349833958
2025-01-29 06:00:00,55346.23349833958
2025-01-29 07:00:00,55346.23349833958
2025-01-29 08:00:00,55346.23349833958
2025-01-29 09:00:00,62916.7883801888
2025-01-29 10:00:00,71646.98806876726
2025-01-29 11:00:00,80694.31227059018
2025-01-29 12:00:00,89046.63463509132
2025-01-29 13:00:00,97343.43525950031
2025-01-29 14:00:00,104521.98408727953
2025-01-29 15:00:00,107279.96293390567
2025-01-29 16:00:00,107279.96293390567
2025-01-29 17:00:00,107279.96293390567
2025-01-29 18:00:00,78297.30736674293
2025-01-29 19:00:00,49596.911297842984
2025-01-29 20:00:00,49596.911297842984
2025-01-29 21:00:00,49596.911297842984
2025-01-29 22:00:00,49596.911297842984
2025-01-29 23:00:00,46775.97868120794
2025-01-30 00:00:00,46775.97868120794
2025-01-30 01:00:00,46775.97868120794
2025-01-30 02:00:00,46775.97868120794
2025-01-30 03:00:00,46775.97868120794
2025-01-30 04:00:00,46775.97868120794
2025-01-30 05:00:00,46775.97868120794
2025-01-30 06:00:00,46775.97868120794
2025-01-30 07:00:00,46775.97868120794
2025-01-30 08:00:00,47726.61886320933
2025-01-30 09:00:00,56664.60632802881
2025-01-30 10:00:00,66275.6792998648
2025-01-30 11:00:00,75936.72574731759
2025-01-30 12:00:00,85367.84494315479
2025-01-30 13:00:00,92811.22420873471
2025-01-30 14:00:00,98765.21579035823
2025-01-30 15:00:00,100290.83133777337
2025-01-30 16:00:00,100290.83133777337
2025-01-30 17:00:00,100290.83133777337
2025-01-30 18:00:00,100290.83133777337
2025-01-30 19:00:00,100290.83133777337
2025-01-30 20:00:00,100290.83133777337
2025-01-30 21:00:00,100290.83133777337
2025-01-30 22:00:00,100290.83133777337
2025-01-30 23:00:00,100290.83133777337
2025-01-31 00:00:00,100290.83133777337
2025-01-31 01:00:00,100290.83133777337
2025-01-31 02:00:00,100290.83133777337
2025-01-31 03:00:00,100290.83133777337
2025-01-31 04:00:00,76774.65505866689
2025-01-31 05:00:00,76774.65505866689
2025-01-31 06:00:00,76774.65505866689
2025-01-31 07:00:00,76774.65505866689
2025-01-31 08:00:00,76774.65505866689
2025-01-31 09:00:00,76774.65505866689
2025-01-31 10:00:00,76982.5361175384
2025-01-31 11:00:00,79754.17782599952
2025-01-31 12:00:00,84478.57980274632
2025-01-31 13:00:00,87332.5582605418
2025-01-31 14:00:00,88405.3390999968
2025-01-31 15:00:00,88405.3390999968
2025-01-31 16:00:00,88405.3390999968
2025-01-31 17:00:00,88405.3390999968
2025-01-31 18:00:00,88405.3390999968
2025-01-31 19:00:00,88405.3390999968
2025-01-31 20:00:00,88405.3390999968
2025-01-31 21:00:00,88405.3390999968
2025-01-31 22:00:00,88405.3390999968
2025-01-31 23:00:00,88405.3390999968
2025-02-01 00:00:00,88405.3390999968
2025-02-01 01:00:00,88405.3390999968
2025-02-01 02:00:00,88405.3390999968
2025-02-01 03:00:00,88405.3390999968
2025-02-01 04:00:00,88405.3390999968
2025-02-01 05:00:00,88405.3390999968
2025-02-01 06:00:00,88405.3390999968
2025-02-01 07:00:00,88405.3390999968
2025-02-01 08:00:00,88405.3390999968
2025-02-01 09:00:00,94548.07367153214
2025-02-01 10:00:00,99953.4699049424
2025-02-01 11:00:00,104535.26254970401
2025-02-01 12:00:00,108505.14018857591
2025-02-01 13:00:00,111605.37849225967
2025-02-01 14:00:00,113374.21518509531
2025-02-01 15:00:00,113374.21518509531
2025-02-01 16:00:00,113374.21518509531
2025-02-01 17:00:00,113374.21518509531
2025-02-01 18:00:00,113374.21518509531
2025-02-01 19:00:00,113374.21518509531
2025-02-01 20:00:00,113374.21518509531
2025-02-01 21:00:00,113374.21518509531
2025-02-01 22:00:00,113374.21518509531
2025-02-01 23:00:00,113374.21518509531
2025-02-02 00:00:00,90745.95348373144
2025-02-02 01:00:00,90745.95348373144
2025-02-02 02:00:00,90745.95348373144
2025-02-02 03:00:00,90745.95348373144
2025-02-02 04:00:00,90745.95348373144
2025-02-02 05:00:00,90745.95348373144
2025-02-02 06:00:00,90745.95348373144
2025-02-02 07:00:00,90745.95348373144
2025-02-02 08:00:00,93956.29355442546
2025-02-02 09:00:00,100679.5128978831
2025-02-02 10:00:00,106371.06681675608
2025-02-02 11:00:00,110961.65594656033
2025-02-02 12:00:00,115163.18455165716
2025-02-02 13:00:00,119199.32194996453
2025-02-02 14:00:00,121602.67288843641
2025-02-02 15:00:00,122400.0
2025-02-02 16:00:00,122400.0
2025-02-02 17:00:00,122400.0
2025-02-02 18:00:00,122400.0
2025-02-02 19:00:00,122400.0
2025-02-02 20:00:00,122400.0
2025-02-02 21:00:00,122400.0
2025-02-02 22:00:00,98378.50157704939
2025-02-02 23:00:00,98378.50157704939
2025-02-03 00:00:00,76277.40002916107
2025-02-03 01:00:00,76277.40002916107
2025-02-03 02:00:00,76277.40002916107
2025-02-03 03:00:00,76277.40002916107
2025-02-03 04:00:00,76277.40002916107
2025-02-03 05:00:00,76277.40002916107
2025-02-03 06:00:00,76277.40002916107
2025-02-03 07:00:00,76277.40002916107
2025-02-03 08:00:00,70762.39145450623
2025-02-03 09:00:00,70886.92635823716
2025-02-03 10:00:00,73341.83033011337
2025-02-03 11:00:00,77248.95674405177
2025-02-03 12:00:00,81812.75981859968
2025-02-03 13:00:00,86035.96729547586
2025-02-03 14:00:00,86161.94067597039
2025-02-03 15:00:00,86161.94067597039
2025-02-03 16:00:00,86161.94067597039
2025-02-03 17:00:00,86161.94067597039
2025-02-03 18:00:00,86161.94067597039
2025-02-03 19:00:00,86161.94067597039
2025-02-03 20:00:00,86161.94067597039
2025-02-03 21:00:00,86161.94067597039
2025-02-03 22:00:00,86161.94067597039
2025-02-03 23:00:00,62105.565185199885
2025-02-04 00:00:00,62105.565185199885
2025-02-04 01:00:00,49844.7144751748
2025-02-04 02:00:00,49844.7144751748
2025-02-04 03:00:00,49844.7144751748
2025-02-04 04:00:00,49844.7144751748
2025-02-04 05:00:00,49844.7144751748
2025-02-04 06:00:00,49844.7144751748
2025-02-04 07:00:00,49844.7144751748
2025-02-04 08:00:00,49844.7144751748
2025-02-04 09:00:00,56902.73517672782
2025-02-04 10:00:00,63425.44686347578
2025-02-04 11:00:00,68849.49082568251
2025-02-04 12:00:00,73544.75929084583
2025-02-04 13:00:00,74374.4731610039
2025-02-04 14:00:00,74374.4731610039
2025-02-04 15:00:00,74374.4731610039
2025-02-04 16:00:00,74374.4731610039
2025-02-04 17:00:00,74374.4731610039
2025-02-04 18:00:00,74374.4731610039
2025-02-04 19:00:00,74374.4731610039
2025-02-04 20:00:00,74374.4731610039
2025-02-04 21:00:00,74374.4731610039
2025-02-04 22:00:00,48741.19328143637
2025-02-04 23:00:00,48741.19328143637
2025-02-05 00:00:00,48741.19328143637
2025-02-05 01:00:00,48741.19328143637
2025-02-05 02:00:00,48741.19328143637
2025-02-05 03:00:00,48741.19328143637
2025-02-05 04:00:00,48741.19328143637
2025-02-05 05:00:00,48741.19328143637
2025-02-05 06:00:00,48741.19328143637
2025-02-05 07:00:00,48741.19328143637
2025-02-05 08:00:00,43931.38744884587
2025-02-05 09:00:00,46437.79442514457
2025-02-05 10:00:00,52391.71860053217
2025-02-05 11:00:00,58443.14473067872
2025-02-05 12:00:00,63981.0060892179
2025-02-05 13:00:00,68963.68451661494
2025-02-05 14:00:00,72535.86332748948
2025-02-05 15:00:00,74668.58747383182
2025-02-05 16:00:00,74668.58747383182
2025-02-05 17:00:00,74668.58747383182
2025-02-05 18:00:00,74668.58747383182
2025-02-05 19:00:00,74668.58747383182
2025-02-05 20:00:00,74668.58747383182
2025-02-05 21:00:00,74668.58747383182
2025-02-05 22:00:00,74668.58747383182
2025-02-05 23:00:00,74668.58747383182
2025-02-06 00:00:00,74668.58747383182
2025-02-06 01:00:00,74668.58747383182
2025-02-06 02:00:00,74668.58747383182
2025-02-06 03:00:00,74668.58747383182
2025-02-06 04:00:00,74668.58747383182
2025-02-06 05:00:00,74668.58747383182
2025-02-06 06:00:00,74668.58747383182
2025-02-06 07:00:00,74668.58747383182
2025-02-06 08:00:00,74668.58747383182
2025-02-06 09:00:00,74668.58747383182
2025-02-06 10:00:00,74668.58747383182
2025-02-06 11:00:00,74668.58747383182
2025-02-06 12:00:00,75027.44450120641
2025-02-06 13:00:00,75027.44450120641
2025-02-06 14:00:00,75027.44450120641
2025-02-06 15:00:00,75027.44450120641
2025-02-06 16:00:00,75027.44450120641
2025-02-06 17:00:00,75027.44450120641
2025-02-06 18:00:00,75027.44450120641
2025-02-06 19:00:00,75027.44450120641
2025-02-06 20:00:00,75027.44450120641
2025-02-06 21:00:00,75027.44450120641
2025-02-06 22:00:00,75027.44450120641
2025-02-06 23:00:00,75027.44450120641
2025-02-07 00:00:00,51326.74773000343
2025-02-07 01:00:00,51326.74773000343
2025-02-07 02:00:00,51326.74773000343
2025-02-07 03:00:00,51326.74773000343
2025-02-07 04:00:00,51326.74773000343
2025-02-07 05:00:00,51326.74773000343
2025-02-07 06:00:00,51326.74773000343
2025-02-07 07:00:00,51326.74773000343
2025-02-07 08:00:00,51326.74773000343
2025-02-07 09:00:00,56081.71787260204
2025-02-07 10:00:00,63183.25611079661
2025-02-07 11:00:00,70758.9620086359
2025-02-07 12:00:00,77112.33254327423
2025-02-07 13:00:00,81256.74321324231
2025-02-07 14:00:00,83752.8138630635
2025-02-07 15:00:00,83752.8138630635
2025-02-07 16:00:00,83752.8138630635
2025-02-07 17:00:00,57802.7762649998
2025-02-07 18:00:00,57802.7762649998
2025-02-07 19:00:00,57802.7762649998
2025-02-07 20:00:00,57802.7762649998
2025-02-07 21:00:00,57802.7762649998
2025-02-07 22:00:00,57802.7762649998
2025-02-07 23:00:00,57802.7762649998
2025-02-08 00:00:00,34113.6569886495
2025-02-08 01:00:00,34113.6569886495
2025-02-08 02:00:00,34113.6569886495
2025-02-08 03:00:00,12383.447581186816
2025-02-08 04:00:00,12383.447581186816
2025-02-08 05:00:00,12383.447581186816
2025-02-08 06:00:00,12383.447581186816
2025-02-08 07:00:00,12383.447581186816
2025-02-08 08:00:00,15714.742135688566
2025-02-08 09:00:00,23379.22153606589
2025-02-08 10:00:00,31496.369635571315
2025-02-08 11:00:00,38530.127291059056
2025-02-08 12:00:00,46628.623352893366
2025-02-08 13:00:00,53653.24162033668
2025-02-08 14:00:00,59061.99865363369
2025-02-08 15:00:00,62458.14640369973
2025-02-08 16:00:00,62458.14640369973
2025-02-08 17:00:00,62458.14640369973
2025-02-08 18:00:00,62458.14640369973
2025-02-08 19:00:00,36241.846635264556
2025-02-08 20:00:00,36241.846635264556
2025-02-08 21:00:00,36241.846635264556
2025-02-08 22:00:00,36241.846635264556
2025-02-08 23:00:00,36241.846635264556
2025-02-09 00:00:00,36241.846635264556
2025-02-09 01:00:00,36241.846635264556
2025-02-09 02:00:00,36241.846635264556
2025-02-09 03:00:00,36241.846635264556
2025-02-09 04:00:00,36241.846635264556
2025-02-09 05:00:00,36241.846635264556
2025-02-09 06:00:00,36241.846635264556
2025-02-09 07:00:00,36241.846635264556
2025-02-09 08:00:00,38946.56968291874
2025-02-09 09:00:00,47557.37172286826
2025-02-09 10:00:00,57508.183994941275
2025-02-09 11:00:00,68973.94947694265
2025-02-09 12:00:00,81100.64155038727
2025-02-09 13:00:00,91994.55525976805
2025-02-09 14:00:00,101508.90620593975
2025-02-09 15:00:00,105000.24903264306
2025-02-09 16:00:00,96138.4780841354
2025-02-09 17:00:00,96138.4780841354
2025-02-09 18:00:00,96138.4780841354
2025-02-09 19:00:00,96138.4780841354
2025-02-09 20:00:00,96138.4780841354
2025-02-09 21:00:00,96138.4780841354
2025-02-09 22:00:00,96138.4780841354
2025-02-09 23:00:00,96138.4780841354
2025-02-10 00:00:00,73129.27758924302
2025-02-10 01:00:00,73129.27758924302
2025-02-10 02:00:00,73129.27758924302
2025-02-10 03:00:00,50991.66781350767
2025-02-10 04:00:00,50991.66781350767
2025-02-10 05:00:00,50991.66781350767
2025-02-10 06:00:00,50991.66781350767
2025-02-10 07:00:00,50991.66781350767
2025-02-10 08:00:00,52504.13528292375
2025-02-10 09:00:00,61373.58255328654
2025-02-10 10:00:00,71207.79460697758
2025-02-10 11:00:00,80985.49148683994
2025-02-10 12:00:00,92077.7676724695
2025-02-10 13:00:00,103655.31122110784
2025-02-10 14:00:00,114579.72035500097
2025-02-10 15:00:00,120527.96862606861
2025-02-10 16:00:00,120527.96862606861
2025-02-10 17:00:00,120527.96862606861
2025-02-10 18:00:00,120527.96862606861
2025-02-10 19:00:00,120527.96862606861
2025-02-10 20:00:00,120527.96862606861
2025-02-10 21:00:00,93001.46833069867
2025-02-10 22:00:00,93001.46833069867
2025-02-10 23:00:00,93001.46833069867
2025-02-11 00:00:00,93001.46833069867
2025-02-11 01:00:00,69762.8015160689
2025-02-11 02:00:00,69762.8015160689
2025-02-11 03:00:00,69762.8015160689
2025-02-11 04:00:00,69762.8015160689
2025-02-11 05:00:00,69762.8015160689
2025-02-11 06:00:00,69762.8015160689
2025-02-11 07:00:00,69762.8015160689
2025-02-11 08:00:00,69762.8015160689
2025-02-11 09:00:00,76568.69214626028
2025-02-11 10:00:00,84463.69402723794
2025-02-11 11:00:00,93341.32391068779
2025-02-11 12:00:00,102589.40002671118
2025-02-11 13:00:00,113131.86395853761
2025-02-11 14:00:00,120471.77515966135
2025-02-11 15:00:00,122400.0
2025-02-11 16:00:00,122400.0
2025-02-11 17:00:00,97512.43343647275
2025-02-11 18:00:00,67701.63268124101
2025-02-11 19:00:00,67701.63268124101
2025-02-11 20:00:00,67701.63268124101
2025-02-11 21:00:00,67701.63268124101
2025-02-11 22:00:00,67701.63268124101
2025-02-11 23:00:00,67701.63268124101
2025-02-12 00:00:00,67701.63268124101
2025-02-12 01:00:00,67701.63268124101
2025-02-12 02:00:00,67701.63268124101
2025-02-12 03:00:00,67701.63268124101
2025-02-12 04:00:00,67701.63268124101
2025-02-12 05:00:00,67701.63268124101
2025-02-12 06:00:00,67701.63268124101
2025-02-12 07:00:00,67701.63268124101
2025-02-12 08:00:00,67701.63268124101
2025-02-12 09:00:00,67701.63268124101
2025-02-12 10:00:00,67701.63268124101
2025-02-12 11:00:00,67701.63268124101
2025-02-12 12:00:00,67701.63268124101
2025-02-12 13:00:00,67701.63268124101
2025-02-12 14:00:00,67701.63268124101
2025-02-12 15:00:00,50203.031321149276
2025-02-12 16:00:00,50203.031321149276
2025-02-12 17:00:00,50203.031321149276
2025-02-12 18:00:00,50203.031321149276
2025-02-12 19:00:00,50203.031321149276
2025-02-12 20:00:00,50203.031321149276
2025-02-12 21:00:00,50203.031321149276
2025-02-12 22:00:00,50203.031321149276
2025-02-12 23:00:00,50203.031321149276
2025-02-13 00:00:00,50203.031321149276
2025-02-13 01:00:00,50203.031321149276
2025-02-13 02:00:00,50203.031321149276
2025-02-13 03:00:00,50203.031321149276
2025-02-13 04:00:00,50203.031321149276
2025-02-13 05:00:00,50203.031321149276
2025-02-13 06:00:00,24037.158655091036
2025-02-13 07:00:00,24037.158655091036
2025-02-13 08:00:00,24037.158655091036
2025-02-13 09:00:00,-0.0
2025-02-13 10:00:00,-0.0
2025-02-13 11:00:00,-0.0
2025-02-13 12:00:00,-0.0
2025-02-13 13:00:00,-0.0
2025-02-13 14:00:00,-0.0
2025-02-13 15:00:00,-0.0
2025-02-13 16:00:00,-0.0
2025-02-13 17:00:00,-0.0
2025-02-13 18:00:00,-0.0
2025-02-13 19:00:00,-0.0
2025-02-13 20:00:00,-0.0
2025-02-13 21:00:00,-0.0
2025-02-13 22:00:00,-0.0
2025-02-13 23:00:00,-0.0
2025-02-14 00:00:00,-0.0
2025-02-14 01:00:00,-0.0
2025-02-14 02:00:00,-0.0
2025-02-14 03:00:00,-0.0
2025-02-14 04:00:00,-0.0
2025-02-14 05:00:00,-0.0
2025-02-14 06:00:00,-0.0
2025-02-14 07:00:00,-0.0
2025-02-14 08:00:00,-0.0
2025-02-14 09:00:00,-0.0
2025-02-14 10:00:00,-0.0
2025-02-14 11:00:00,-0.0
2025-02-14 12:00:00,-0.0
2025-02-14 13:00:00,-0.0
2025-02-14 14:00:00,-0.0
2025-02-14 15:00:00,-0.0
2025-02-14 16:00:00,-0.0
2025-02-14 17:00:00,-0.0
2025-02-14 18:00:00,-0.0
2025-02-14 19:00:00,-0.0
2025-02-14 20:00:00,-0.0
2025-02-14 21:00:00,-0.0
2025-02-14 22:00:00,-0.0
2025-02-14 23:00:00,-0.0
2025-02-15 00:00:00,-0.0
2025-02-15 01:00:00,-0.0
2025-02-15 02:00:00,-0.0
2025-02-15 03:00:00,-0.0
2025-02-15 04:00:00,-0.0
2025-02-15 05:00:00,-0.0
2025-02-15 06:00:00,-0.0
2025-02-15 07:00:00,-0.0
2025-02-15 08:00:00,6860.003149845391
2025-02-15 09:00:00,17930.884017709133
2025-02-15 10:00:00,30221.526510076103
2025-02-15 11:00:00,41851.983700135774
2025-02-15 12:00:00,52961.43702545803
2025-02-15 13:00:00,62998.64522269943
2025-02-15 14:00:00,71161.91472826953
2025-02-15 15:00:00,74717.49049408904
2025-02-15 16:00:00,74717.49049408904
2025-02-15 17:00:00,74717.49049408904
2025-02-15 18:00:00,74717.49049408904
2025-02-15 19:00:00,74717.49049408904
2025-02-15 20:00:00,74717.49049408904
2025-02-15 21:00:00,49864.078556247
2025-02-15 22:00:00,49864.078556247
2025-02-15 23:00:00,49864.078556247
2025-02-16 00:00:00,27321.90599355336
2025-02-16 01:00:00,27321.90599355336
2025-02-16 02:00:00,5565.181700615518
2025-02-16 03:00:00,5565.181700615518
2025-02-16 04:00:00,5565.181700615518
2025-02-16 05:00:00,5565.181700615518
2025-02-16 06:00:00,5565.181700615518
2025-02-16 07:00:00,5565.181700615518
2025-02-16 08:00:00,10908.410662441747
2025-02-16 09:00:00,21415.960512426158
2025-02-16 10:00:00,34035.04308122494
2025-02-16 11:00:00,47283.847708252986
2025-02-16 12:00:00,60820.9751133485
2025-02-16 13:00:00,72673.93560422919
2025-02-16 14:00:00,81865.6465989727
2025-02-16 15:00:00,86841.43177303589
2025-02-16 16:00:00,86841.43177303589
2025-02-16 17:00:00,86841.43177303589
2025-02-16 18:00:00,86841.43177303589
2025-02-16 19:00:00,86841.43177303589
2025-02-16 20:00:00,62235.97462946859
2025-02-16 21:00:00,62235.97462946859
2025-02-16 22:00:00,62235.97462946859
2025-02-16 23:00:00,62235.97462946859
2025-02-17 00:00:00,62235.97462946859
2025-02-17 01:00:00,62235.97462946859
2025-02-17 02:00:00,62235.97462946859
2025-02-17 03:00:00,41545.66681406226
2025-02-17 04:00:00,41545.66681406226
2025-02-17 05:00:00,41545.66681406226
2025-02-17 06:00:00,41545.66681406226
2025-02-17 07:00:00,41545.66681406226
2025-02-17 08:00:00,46123.67497743883
2025-02-17 09:00:00,56256.513824003065
2025-02-17 10:00:00,66679.59693922992
2025-02-17 11:00:00,75669.76272079015
2025-02-17 12:00:00,84720.14164518508
2025-02-17 13:00:00,93701.45962481324
2025-02-17 14:00:00,101200.74459101749
2025-02-17 15:00:00,105789.83454167072
2025-02-17 16:00:00,95665.18316202363
2025-02-17 17:00:00,70760.85909217523
2025-02-17 18:00:00,43182.250995574585
2025-02-17 19:00:00,43182.250995574585
2025-02-17 20:00:00,43182.250995574585
2025-02-17 21:00:00,43182.250995574585
2025-02-17 22:00:00,34293.445066808665
2025-02-17 23:00:00,34293.445066808665
2025-02-18 00:00:00,34293.445066808665
2025-02-18 01:00:00,34293.445066808665
2025-02-18 02:00:00,12320.290334522067
2025-02-18 03:00:00,12320.290334522067
2025-02-18 04:00:00,12320.290334522067
2025-02-18 05:00:00,12320.290334522067
2025-02-18 06:00:00,12320.290334522067
2025-02-18 07:00:00,-0.0
2025-02-18 08:00:00,6318.318862285734
2025-02-18 09:00:00,17893.86451024578
2025-02-18 10:00:00,29609.42405119692
2025-02-18 11:00:00,40819.74947974672
2025-02-18 12:00:00,52090.778188471326
2025-02-18 13:00:00,61632.45212125867
2025-02-18 14:00:00,69416.9086440682
2025-02-18 15:00:00,73984.30066304322
2025-02-18 16:00:00,73984.30066304322
2025-02-18 17:00:00,73984.30066304322
2025-02-18 18:00:00,73984.30066304322
2025-02-18 19:00:00,73984.30066304322
2025-02-18 20:00:00,73984.30066304322
2025-02-18 21:00:00,73984.30066304322
2025-02-18 22:00:00,73984.30066304322
2025-02-18 23:00:00,73984.30066304322
2025-02-19 00:00:00,73984.30066304322
2025-02-19 01:00:00,73984.30066304322
2025-02-19 02:00:00,52514.36457282708
2025-02-19 03:00:00,48062.22143843179
2025-02-19 04:00:00,48062.22143843179
2025-02-19 05:00:00,24834.05565298686
2025-02-19 06:00:00,-0.0
2025-02-19 07:00:00,-0.0
2025-02-19 08:00:00,2612.738316147279
2025-02-19 09:00:00,12137.194281378237
2025-02-19 10:00:00,23185.44788833583
2025-02-19 11:00:00,34373.034428859064
2025-02-19 12:00:00,46316.45838172811
2025-02-19 13:00:00,58586.206937033436
2025-02-19 14:00:00,67999.62918087946
2025-02-19 15:00:00,74973.7302419839
2025-02-19 16:00:00,74973.7302419839
2025-02-19 17:00:00,74973.7302419839
2025-02-19 18:00:00,74973.7302419839
2025-02-19 19:00:00,47847.05511986139
2025-02-19 20:00:00,47847.05511986139
2025-02-19 21:00:00,47847.05511986139
2025-02-19 22:00:00,23229.77478511633
2025-02-19 23:00:00,23229.77478511633
2025-02-20 00:00:00,23229.77478511633
2025-02-20 01:00:00,23229.77478511633
2025-02-20 02:00:00,23229.77478511633
2025-02-20 03:00:00,23229.77478511633
2025-02-20 04:00:00,23229.77478511633
2025-02-20 05:00:00,159.71034108661843
2025-02-20 06:00:00,159.71034108661843
2025-02-20 07:00:00,159.71034108661843
2025-02-20 08:00:00,5660.562162976042
2025-02-20 09:00:00,16102.6324127007
2025-02-20 10:00:00,28342.761759345645
2025-02-20 11:00:00,41275.05200522228
2025-02-20 12:00:00,55092.64790294001
2025-02-20 13:00:00,67795.73649677585
2025-02-20 14:00:00,78206.6383914786
2025-02-20 15:00:00,87188.08563726733
2025-02-20 16:00:00,86177.0873527355
2025-02-20 17:00:00,86177.0873527355
2025-02-20 18:00:00,86177.0873527355
2025-02-20 19:00:00,86177.0873527355
2025-02-20 20:00:00,59961.177662844726
2025-02-20 21:00:00,59961.177662844726
2025-02-20 22:00:00,59961.177662844726
2025-02-20 23:00:00,36727.3847065505
2025-02-21 00:00:00,36727.3847065505
2025-02-21 01:00:00,36727.3847065505
2025-02-21 02:00:00,36727.3847065505
2025-02-21 03:00:00,22608.5441380438
2025-02-21 04:00:00,22608.5441380438
2025-02-21 05:00:00,-0.0
2025-02-21 06:00:00,-0.0
2025-02-21 07:00:00,-0.0
2025-02-21 08:00:00,6826.168055918676
2025-02-21 09:00:00,19755.621030253984
2025-02-21 10:00:00,34106.4429863385
2025-02-21 11:00:00,48480.00089657813
2025-02-21 12:00:00,64922.32686397193
2025-02-21 13:00:00,80338.68369310125
2025-02-21 14:00:00,92524.03005615248
2025-02-21 15:00:00,102346.4162753372
2025-02-21 16:00:00,102346.4162753372
2025-02-21 17:00:00,102346.4162753372
2025-02-21 18:00:00,102346.4162753372
2025-02-21 19:00:00,76342.75044639966
2025-02-21 20:00:00,50955.554249848195
2025-02-21 21:00:00,50955.554249848195
2025-02-21 22:00:00,50089.05659288046
2025-02-21 23:00:00,50089.05659288046
2025-02-22 00:00:00,50089.05659288046
2025-02-22 01:00:00,50089.05659288046
2025-02-22 02:00:00,50089.05659288046
2025-02-22 03:00:00,50089.05659288046
2025-02-22 04:00:00,50089.05659288046
2025-02-22 05:00:00,50089.05659288046
2025-02-22 06:00:00,50089.05659288046
2025-02-22 07:00:00,50089.05659288046
2025-02-22 08:00:00,57256.76223381572
2025-02-22 09:00:00,67275.25715839455
2025-02-22 10:00:00,78309.08782503186
2025-02-22 11:00:00,89352.7116200217
2025-02-22 12:00:00,99847.8500398934
2025-02-22 13:00:00,109599.5145560402
2025-02-22 14:00:00,117452.97014248428
2025-02-22 15:00:00,122400.0
2025-02-22 16:00:00,119201.09867519945
2025-02-22 17:00:00,119201.09867519945
2025-02-22 18:00:00,119201.09867519945
2025-02-22 19:00:00,94241.79477403684
2025-02-22 20:00:00,94241.79477403684
2025-02-22 21:00:00,94241.79477403684
2025-02-22 22:00:00,94241.79477403684
2025-02-22 23:00:00,94241.79477403684
2025-02-23 00:00:00,94241.79477403684
2025-02-23 01:00:00,93963.74970415515
2025-02-23 02:00:00,93963.74970415515
2025-02-23 03:00:00,74446.9870384187
2025-02-23 04:00:00,54848.087738507136
2025-02-23 05:00:00,54848.087738507136
2025-02-23 06:00:00,54848.087738507136
2025-02-23 07:00:00,50485.6634501933
2025-02-23 08:00:00,55673.55014684966
2025-02-23 09:00:00,62643.585932629096
2025-02-23 10:00:00,71097.86198826342
2025-02-23 11:00:00,79313.84675539494
2025-02-23 12:00:00,87412.03213335639
2025-02-23 13:00:00,94444.43410050817
2025-02-23 14:00:00,99990.83507645394
2025-02-23 15:00:00,104145.86495898041
2025-02-23 16:00:00,104145.86495898041
2025-02-23 17:00:00,82899.9277415467
2025-02-23 18:00:00,82899.9277415467
2025-02-23 19:00:00,82899.9277415467
2025-02-23 20:00:00,82899.9277415467
2025-02-23 21:00:00,82899.9277415467
2025-02-23 22:00:00,82899.9277415467
2025-02-23 23:00:00,61317.381109731024
2025-02-24 00:00:00,40399.662485635185
2025-02-24 01:00:00,40399.662485635185
2025-02-24 02:00:00,20301.464646397195
2025-02-24 03:00:00,20301.464646397195
2025-02-24 04:00:00,-0.0
2025-02-24 05:00:00,-0.0
2025-02-24 06:00:00,-0.0
2025-02-24 07:00:00,-0.0
2025-02-24 08:00:00,4964.307376920042
2025-02-24 09:00:00,12148.619006855486
2025-02-24 10:00:00,20162.632581761096
2025-02-24 11:00:00,28026.163818693276
2025-02-24 12:00:00,35551.7631808179
2025-02-24 13:00:00,41975.407702019846
2025-02-24 14:00:00,47448.89316295131
2025-02-24 15:00:00,50593.72272519863
2025-02-24 16:00:00,50593.72272519863
2025-02-24 17:00:00,50593.72272519863
2025-02-24 18:00:00,50593.72272519863
2025-02-24 19:00:00,50593.72272519863
2025-02-24 20:00:00,50593.72272519863
2025-02-24 21:00:00,50593.72272519863
2025-02-24 22:00:00,44713.32722673043
2025-02-24 23:00:00,44713.32722673043
2025-02-25 00:00:00,44713.32722673043
2025-02-25 01:00:00,44713.32722673043
2025-02-25 02:00:00,23665.592267095035
2025-02-25 03:00:00,2795.448950894618
2025-02-25 04:00:00,2795.448950894618
2025-02-25 05:00:00,2795.448950894618
2025-02-25 06:00:00,2795.448950894618
2025-02-25 07:00:00,2795.448950894618
2025-02-25 08:00:00,10081.392597215881
2025-02-25 09:00:00,20972.794781062163
2025-02-25 10:00:00,29753.150895885785
2025-02-25 11:00:00,39107.29708088771
2025-02-25 12:00:00,48168.22820206443
2025-02-25 13:00:00,55824.18816260149
2025-02-25 14:00:00,62580.4225874246
2025-02-25 15:00:00,67906.5167262698
2025-02-25 16:00:00,67906.5167262698
2025-02-25 17:00:00,67906.5167262698
2025-02-25 18:00:00,67906.5167262698
2025-02-25 19:00:00,67906.5167262698
2025-02-25 20:00:00,67906.5167262698
2025-02-25 21:00:00,42454.046296338915
2025-02-25 22:00:00,42454.046296338915
2025-02-25 23:00:00,42454.046296338915
2025-02-26 00:00:00,42454.046296338915
2025-02-26 01:00:00,20896.224766196374
2025-02-26 02:00:00,20896.224766196374
2025-02-26 03:00:00,-0.0
2025-02-26 04:00:00,-0.0
2025-02-26 05:00:00,-0.0
2025-02-26 06:00:00,-0.0
2025-02-26 07:00:00,-0.0
2025-02-26 08:00:00,10082.405935916224
2025-02-26 09:00:00,22920.833619894765
2025-02-26 10:00:00,36492.659545019356
2025-02-26 11:00:00,49791.286114932256
2025-02-26 12:00:00,63564.97120519694
2025-02-26 13:00:00,77209.08722066614
2025-02-26 14:00:00,89765.21286475704
2025-02-26 15:00:00,101802.86541847116
2025-02-26 16:00:00,103266.27004131768
2025-02-26 17:00:00,80663.18031200908
2025-02-26 18:00:00,80663.18031200908
2025-02-26 19:00:00,80663.18031200908
2025-02-26 20:00:00,80663.18031200908
2025-02-26 21:00:00,54983.45610682673
2025-02-26 22:00:00,54983.45610682673
2025-02-26 23:00:00,54983.45610682673
2025-02-27 00:00:00,54983.45610682673
2025-02-27 01:00:00,53481.95793425709
2025-02-27 02:00:00,53481.95793425709
2025-02-27 03:00:00,53481.95793425709
2025-02-27 04:00:00,53481.95793425709
2025-02-27 05:00:00,53481.95793425709
2025-02-27 06:00:00,53481.95793425709
2025-02-27 07:00:00,53481.95793425709
2025-02-27 08:00:00,59863.81011586275
2025-02-27 09:00:00,70706.52156688098
2025-02-27 10:00:00,82216.18507970576
2025-02-27 11:00:00,93676.43310510254
2025-02-27 12:00:00,104612.04121339646
2025-02-27 13:00:00,112563.82110216383
2025-02-27 14:00:00,119225.74839526365
2025-02-27 15:00:00,122400.0
2025-02-27 16:00:00,122400.0
2025-02-27 17:00:00,98801.8523250515
2025-02-27 18:00:00,98801.8523250515
2025-02-27 19:00:00,98801.8523250515
2025-02-27 20:00:00,72615.74698404945
2025-02-27 21:00:00,47248.34873802425
2025-02-27 22:00:00,47248.34873802425
2025-02-27 23:00:00,47248.34873802425
2025-02-28 00:00:00,47248.34873802425
2025-02-28 01:00:00,25976.206020354668
2025-02-28 02:00:00,25976.206020354668
2025-02-28 03:00:00,25976.206020354668
2025-02-28 04:00:00,25976.206020354668
2025-02-28 05:00:00,25976.206020354668
2025-02-28 06:00:00,3380.7699585434966
2025-02-28 07:00:00,3380.7699585434966
2025-02-28 08:00:00,3380.7699585434966
2025-02-28 09:00:00,7068.450964420129
2025-02-28 10:00:00,15347.475642012148
2025-02-28 11:00:00,25576.52915175799
2025-02-28 12:00:00,37782.613695801134
2025-02-28 13:00:00,49648.40666512801
2025-02-28 14:00:00,59367.1883539126
2025-02-28 15:00:00,63117.800878579845
2025-02-28 16:00:00,63117.800878579845
2025-02-28 17:00:00,63117.800878579845
2025-02-28 18:00:00,36902.44623271808
2025-02-28 19:00:00,11108.742588641631
2025-02-28 20:00:00,11108.742588641631
2025-02-28 21:00:00,11108.742588641631
2025-02-28 22:00:00,11108.742588641631
2025-02-28 23:00:00,11108.742588641631
2025-03-01 00:00:00,11108.742588641631
2025-03-01 01:00:00,-0.0
2025-03-01 02:00:00,-0.0
2025-03-01 03:00:00,-0.0
2025-03-01 04:00:00,-0.0
2025-03-01 05:00:00,-0.0
2025-03-01 06:00:00,-0.0
2025-03-01 07:00:00,-0.0
2025-03-01 08:00:00,5245.766335282644
2025-03-01 09:00:00,15103.571053879414
2025-03-01 10:00:00,28336.70845958723
2025-03-01 11:00:00,42712.33887126224
2025-03-01 12:00:00,55899.546535342815
2025-03-01 13:00:00,69115.40876941716
2025-03-01 14:00:00,81354.63302379675
2025-03-01 15:00:00,91663.57393627102
2025-03-01 16:00:00,91663.57393627102
2025-03-01 17:00:00,91663.57393627102
2025-03-01 18:00:00,91663.57393627102
2025-03-01 19:00:00,66948.1714282029
2025-03-01 20:00:00,66948.1714282029
2025-03-01 21:00:00,43348.64425405853
2025-03-01 22:00:00,43348.64425405853
2025-03-01 23:00:00,43348.64425405853
2025-03-02 00:00:00,43348.64425405853
2025-03-02 01:00:00,43348.64425405853
2025-03-02 02:00:00,23191.6591376391
2025-03-02 03:00:00,23191.6591376391
2025-03-02 04:00:00,23191.6591376391
2025-03-02 05:00:00,23191.6591376391
2025-03-02 06:00:00,23191.6591376391
2025-03-02 07:00:00,23191.6591376391
2025-03-02 08:00:00,31385.41226390357
2025-03-02 09:00:00,39586.7723637216
2025-03-02 10:00:00,48280.659786188495
2025-03-02 11:00:00,55692.82161238285
2025-03-02 12:00:00,62297.38552957704
2025-03-02 13:00:00,68329.21139805498
2025-03-02 14:00:00,73663.63918228819
2025-03-02 15:00:00,75986.78708271685
2025-03-02 16:00:00,75986.78708271685
2025-03-02 17:00:00,75986.78708271685
2025-03-02 18:00:00,75986.78708271685
2025-03-02 19:00:00,75986.78708271685
2025-03-02 20:00:00,75986.78708271685
2025-03-02 21:00:00,51436.661046072026
2025-03-02 22:00:00,51436.661046072026
2025-03-02 23:00:00,51436.661046072026
2025-03-03 00:00:00,29751.367793544883
2025-03-03 01:00:00,29751.367793544883
2025-03-03 02:00:00,9130.689826303624
2025-03-03 03:00:00,9130.689826303624
2025-03-03 04:00:00,9130.689826303624
2025-03-03 05:00:00,9130.689826303624
2025-03-03 06:00:00,9130.689826303624
2025-03-03 07:00:00,1358.0847383819482
2025-03-03 08:00:00,9264.105672069783
2025-03-03 09:00:00,20557.088966248848
2025-03-03 10:00:00,32776.78511399368
2025-03-03 11:00:00,46441.839027886876
2025-03-03 12:00:00,60419.74670922513
2025-03-03 13:00:00,75363.79774480863
2025-03-03 14:00:00,86791.2954249477
2025-03-03 15:00:00,96998.55331429758
2025-03-03 16:00:00,98898.0074213516
2025-03-03 17:00:00,98898.0074213516
2025-03-03 18:00:00,83515.55795973199
2025-03-03 19:00:00,83515.55795973199
2025-03-03 20:00:00,56423.67712361392
2025-03-03 21:00:00,56423.67712361392
2025-03-03 22:00:00,56423.67712361392
2025-03-03 23:00:00,56423.67712361392
2025-03-04 00:00:00,56423.67712361392
2025-03-04 01:00:00,56423.67712361392
2025-03-04 02:00:00,56423.67712361392
2025-03-04 03:00:00,56423.67712361392
2025-03-04 04:00:00,56423.67712361392
2025-03-04 05:00:00,32792.8610914692
2025-03-04 06:00:00,32792.8610914692
2025-03-04 07:00:00,32792.8610914692
2025-03-04 08:00:00,43320.37998456735
2025-03-04 09:00:00,55559.819378663145
2025-03-04 10:00:00,69102.94010579298
2025-03-04 11:00:00,82386.69693494441
2025-03-04 12:00:00,94590.41911526785
2025-03-04 13:00:00,105383.09347594054
2025-03-04 14:00:00,114632.98888061682
2025-03-04 15:00:00,121400.34802528712
2025-03-04 16:00:00,122400.0
2025-03-04 17:00:00,122400.0
2025-03-04 18:00:00,122400.0
2025-03-04 19:00:00,122400.0
2025-03-04 20:00:00,122400.0
2025-03-04 21:00:00,122400.0
2025-03-04 22:00:00,122400.0
2025-03-04 23:00:00,99717.05488731583
2025-03-05 00:00:00,99717.05488731583
2025-03-05 01:00:00,99717.05488731583
2025-03-05 02:00:00,99717.05488731583
2025-03-05 03:00:00,99717.05488731583
2025-03-05 04:00:00,99717.05488731583
2025-03-05 05:00:00,99717.05488731583
2025-03-05 06:00:00,99717.05488731583
2025-03-05 07:00:00,99717.05488731583
2025-03-05 08:00:00,86359.10596107114
2025-03-05 09:00:00,74903.76269705033
2025-03-05 10:00:00,74903.76269705033
2025-03-05 11:00:00,66746.40269082262
2025-03-05 12:00:00,66746.40269082262
2025-03-05 13:00:00,66746.40269082262
2025-03-05 14:00:00,66746.40269082262
2025-03-05 15:00:00,66746.40269082262
2025-03-05 16:00:00,66746.40269082262
2025-03-05 17:00:00,40048.80920489345
2025-03-05 18:00:00,40048.80920489345
2025-03-05 19:00:00,40048.80920489345
2025-03-05 20:00:00,40048.80920489345
2025-03-05 21:00:00,13338.343480376443
2025-03-05 22:00:00,13338.343480376443
2025-03-05 23:00:00,13338.343480376443
2025-03-06 00:00:00,7401.416413875698
2025-03-06 01:00:00,7401.416413875698
2025-03-06 02:00:00,7401.416413875698
2025-03-06 03:00:00,7401.416413875698
2025-03-06 04:00:00,7401.416413875698
2025-03-06 05:00:00,7401.416413875698
2025-03-06 06:00:00,7401.416413875698
2025-03-06 07:00:00,-0.0
2025-03-06 08:00:00,7689.194130240176
2025-03-06 09:00:00,19089.672263740038
2025-03-06 10:00:00,28738.92349014287
2025-03-06 11:00:00,37632.02147743189
2025-03-06 12:00:00,45479.671779474054
2025-03-06 13:00:00,51018.0868824271
2025-03-06 14:00:00,54110.98865020028
2025-03-06 15:00:00,54110.98865020028
2025-03-06 16:00:00,44319.78839640636
2025-03-06 17:00:00,44319.78839640636
2025-03-06 18:00:00,44319.78839640636
2025-03-06 19:00:00,44319.78839640636
2025-03-06 20:00:00,44319.78839640636
2025-03-06 21:00:00,44319.78839640636
2025-03-06 22:00:00,44319.78839640636
2025-03-06 23:00:00,44319.78839640636
2025-03-07 00:00:00,44319.78839640636
2025-03-07 01:00:00,44319.78839640636
2025-03-07 02:00:00,24630.46174377306
2025-03-07 03:00:00,24630.46174377306
2025-03-07 04:00:00,24630.46174377306
2025-03-07 05:00:00,24630.46174377306
2025-03-07 06:00:00,-0.0
2025-03-07 07:00:00,-0.0
2025-03-07 08:00:00,5139.605616363828
2025-03-07 09:00:00,16894.6463998197
2025-03-07 10:00:00,30092.4372009451
2025-03-07 11:00:00,43931.7227982835
2025-03-07 12:00:00,57193.94512005975
2025-03-07 13:00:00,73176.45976762436
2025-03-07 14:00:00,89205.2794748972
2025-03-07 15:00:00,103548.08018367481
2025-03-07 16:00:00,107703.90144916848
2025-03-07 17:00:00,107703.90144916848
2025-03-07 18:00:00,80936.01151490028
2025-03-07 19:00:00,80936.01151490028
2025-03-07 20:00:00,80936.01151490028
2025-03-07 21:00:00,55047.98472928241
2025-03-07 22:00:00,55047.98472928241
2025-03-07 23:00:00,55047.98472928241
2025-03-08 00:00:00,31765.381608315576
2025-03-08 01:00:00,9150.378525529533
2025-03-08 02:00:00,9150.378525529533
2025-03-08 03:00:00,9000.760024028197
2025-03-08 04:00:00,9000.760024028197
2025-03-08 05:00:00,9000.760024028197
2025-03-08 06:00:00,9000.760024028197
2025-03-08 07:00:00,12346.627628148624
2025-03-08 08:00:00,27224.988367229642
2025-03-08 09:00:00,42891.577422177004
2025-03-08 10:00:00,57061.61261744311
2025-03-08 11:00:00,70218.09351369047
2025-03-08 12:00:00,82563.70106485033
2025-03-08 13:00:00,94008.11135384324
2025-03-08 14:00:00,105040.40524833201
2025-03-08 15:00:00,116108.5038636353
2025-03-08 16:00:00,122400.0
2025-03-08 17:00:00,122400.0
2025-03-08 18:00:00,122400.0
2025-03-08 19:00:00,97336.26851591567
2025-03-08 20:00:00,97336.26851591567
2025-03-08 21:00:00,73059.0296266803
2025-03-08 22:00:00,73059.0296266803
2025-03-08 23:00:00,73059.0296266803
2025-03-09 00:00:00,73059.0296266803
2025-03-09 03:00:00,73059.0296266803
2025-03-09 04:00:00,73059.0296266803
2025-03-09 05:00:00,51702.13117423049
2025-03-09 06:00:00,30263.101360990342
2025-03-09 07:00:00,30263.101360990342
2025-03-09 08:00:00,34396.55299746358
2025-03-09 09:00:00,47336.321892366585
2025-03-09 10:00:00,59863.05717557533
2025-03-09 11:00:00,71440.21582977394
2025-03-09 12:00:00,82338.50439184943
2025-03-09 13:00:00,93103.12751823252
2025-03-09 14:00:00,102532.13735602249
2025-03-09 15:00:00,110931.58891322359
2025-03-09 16:00:00,117849.95831836783
2025-03-09 17:00:00,122400.0
2025-03-09 18:00:00,119416.41577513942
2025-03-09 19:00:00,94346.5489731432
2025-03-09 20:00:00,94346.5489731432
2025-03-09 21:00:00,94346.5489731432
2025-03-09 22:00:00,94346.5489731432
2025-03-09 23:00:00,94346.5489731432
2025-03-10 00:00:00,72090.34159246288
2025-03-10 01:00:00,50399.885487369385
2025-03-10 02:00:00,50399.885487369385
2025-03-10 03:00:00,50399.885487369385
2025-03-10 04:00:00,50399.885487369385
2025-03-10 05:00:00,50399.885487369385
2025-03-10 06:00:00,50399.885487369385
2025-03-10 07:00:00,50399.885487369385
2025-03-10 08:00:00,50399.885487369385
2025-03-10 09:00:00,61481.475393271314
2025-03-10 10:00:00,73673.7420267261
2025-03-10 11:00:00,86084.24384980256
2025-03-10 12:00:00,96116.04712629187
2025-03-10 13:00:00,105016.69059652786
2025-03-10 14:00:00,112078.59344257657
2025-03-10 15:00:00,118471.15497836865
2025-03-10 16:00:00,122400.0
2025-03-10 17:00:00,120072.61267094196
2025-03-10 18:00:00,120072.61267094196
2025-03-10 19:00:00,120072.61267094196
2025-03-10 20:00:00,120072.61267094196
2025-03-10 21:00:00,120072.61267094196
2025-03-10 22:00:00,120072.61267094196
2025-03-10 23:00:00,120072.61267094196
2025-03-11 00:00:00,120072.61267094196
2025-03-11 01:00:00,120072.61267094196
2025-03-11 02:00:00,120072.61267094196
2025-03-11 03:00:00,120072.61267094196
2025-03-11 04:00:00,120072.61267094196
2025-03-11 05:00:00,97646.71102313286
2025-03-11 06:00:00,97646.71102313286
2025-03-11 07:00:00,97646.71102313286
2025-03-11 08:00:00,97646.71102313286
2025-03-11 09:00:00,97646.71102313286
2025-03-11 10:00:00,97646.71102313286
2025-03-11 11:00:00,99867.04373671308
2025-03-11 12:00:00,102153.38867179185
2025-03-11 13:00:00,106010.7159666944
2025-03-11 14:00:00,108904.89642832521
2025-03-11 15:00:00,110802.7382007743
2025-03-11 16:00:00,111912.04905374162
2025-03-11 17:00:00,111912.04905374162
2025-03-11 18:00:00,110480.67710901304
2025-03-11 19:00:00,110480.67710901304
2025-03-11 20:00:00,110480.67710901304
2025-03-11 21:00:00,110480.67710901304
2025-03-11 22:00:00,110480.67710901304
2025-03-11 23:00:00,110480.67710901304
2025-03-12 00:00:00,110480.67710901304
2025-03-12 01:00:00,110480.67710901304
2025-03-12 02:00:00,110480.67710901304
2025-03-12 03:00:00,110480.67710901304
2025-03-12 04:00:00,110480.67710901304
2025-03-12 05:00:00,110480.67710901304
2025-03-12 06:00:00,110480.67710901304
2025-03-12 07:00:00,110480.67710901304
2025-03-12 08:00:00,110480.67710901304
2025-03-12 09:00:00,113083.87287087743
2025-03-12 10:00:00,116670.16357772458
2025-03-12 11:00:00,119570.20432248672
2025-03-12 12:00:00,122400.0
2025-03-12 13:00:00,122400.0
2025-03-12 14:00:00,122400.0
2025-03-12 15:00:00,118287.59076622664
2025-03-12 16:00:00,118287.59076622664
2025-03-12 17:00:00,118287.59076622664
2025-03-12 18:00:00,118287.59076622664
2025-03-12 19:00:00,118287.59076622664
2025-03-12 20:00:00,118287.59076622664
2025-03-12 21:00:00,91856.12193513445
2025-03-12 22:00:00,91856.12193513445
2025-03-12 23:00:00,91856.12193513445
2025-03-13 00:00:00,91856.12193513445
2025-03-13 01:00:00,91856.12193513445
2025-03-13 02:00:00,91856.12193513445
2025-03-13 03:00:00,91856.12193513445
2025-03-13 04:00:00,91856.12193513445
2025-03-13 05:00:00,91856.12193513445
2025-03-13 06:00:00,91856.12193513445
2025-03-13 07:00:00,91856.12193513445
2025-03-13 08:00:00,91856.12193513445
2025-03-13 09:00:00,91856.12193513445
2025-03-13 10:00:00,91856.12193513445
2025-03-13 11:00:00,91856.12193513445
2025-03-13 12:00:00,92656.6132767573
2025-03-13 13:00:00,95902.77310951435
2025-03-13 14:00:00,98828.64464645671
2025-03-13 15:00:00,105160.83552041049
2025-03-13 16:00:00,108821.86142154652
2025-03-13 17:00:00,108821.86142154652
2025-03-13 18:00:00,108821.86142154652
2025-03-13 19:00:00,108821.86142154652
2025-03-13 20:00:00,80938.99331334089
2025-03-13 21:00:00,80938.99331334089
2025-03-13 22:00:00,80938.99331334089
2025-03-13 23:00:00,56774.78984406112
2025-03-14 00:00:00,56774.78984406112
2025-03-14 01:00:00,52196.464991258355
2025-03-14 02:00:00,52196.464991258355
2025-03-14 03:00:00,52196.464991258355
2025-03-14 04:00:00,52196.464991258355
2025-03-14 05:00:00,52196.464991258355
2025-03-14 06:00:00,26143.167671920553
2025-03-14 07:00:00,26143.167671920553
2025-03-14 08:00:00,26143.167671920553
2025-03-14 09:00:00,26143.167671920553
2025-03-14 10:00:00,26143.167671920553
2025-03-14 11:00:00,26143.167671920553
2025-03-14 12:00:00,26143.167671920553
2025-03-14 13:00:00,27831.382962890726
2025-03-14 14:00:00,27831.382962890726
2025-03-14 15:00:00,27831.382962890726
2025-03-14 16:00:00,27831.382962890726
2025-03-14 17:00:00,27831.382962890726
2025-03-14 18:00:00,27831.382962890726
2025-03-14 19:00:00,-0.0
2025-03-14 20:00:00,-0.0
2025-03-14 21:00:00,-0.0
2025-03-14 22:00:00,-0.0
2025-03-14 23:00:00,-0.0
2025-03-15 00:00:00,-0.0
2025-03-15 01:00:00,-0.0
2025-03-15 02:00:00,-0.0
2025-03-15 03:00:00,-0.0
2025-03-15 04:00:00,-0.0
2025-03-15 05:00:00,-0.0
2025-03-15 06:00:00,-0.0
2025-03-15 07:00:00,-0.0
2025-03-15 08:00:00,1995.098739880717
2025-03-15 09:00:00,9407.8915606741
2025-03-15 10:00:00,17250.75601421195
2025-03-15 11:00:00,24652.50565126158
2025-03-15 12:00:00,32190.909533173948
2025-03-15 13:00:00,39246.31142678747
2025-03-15 14:00:00,44929.88879448545
2025-03-15 15:00:00,47722.95578859239
2025-03-15 16:00:00,47739.006803705895
2025-03-15 17:00:00,47739.006803705895
2025-03-15 18:00:00,47739.006803705895
2025-03-15 19:00:00,47739.006803705895
2025-03-15 20:00:00,47739.006803705895
2025-03-15 21:00:00,47739.006803705895
2025-03-15 22:00:00,47739.006803705895
2025-03-15 23:00:00,47739.006803705895
2025-03-16 00:00:00,47739.006803705895
2025-03-16 01:00:00,47739.006803705895
2025-03-16 02:00:00,47739.006803705895
2025-03-16 03:00:00,47739.006803705895
2025-03-16 04:00:00,47739.006803705895
2025-03-16 05:00:00,41878.57151874871
2025-03-16 06:00:00,41878.57151874871
2025-03-16 07:00:00,41878.57151874871
2025-03-16 08:00:00,42720.13561736295
2025-03-16 09:00:00,51380.54460514204
2025-03-16 10:00:00,61349.985827465134
2025-03-16 11:00:00,71059.54110809205
2025-03-16 12:00:00,80638.2213859674
2025-03-16 13:00:00,87691.4264346618
2025-03-16 14:00:00,93453.09838018524
2025-03-16 15:00:00,98541.37246030492
2025-03-16 16:00:00,101071.33307051662
2025-03-16 17:00:00,101071.33307051662
2025-03-16 18:00:00,82083.24151321591
2025-03-16 19:00:00,82083.24151321591
2025-03-16 20:00:00,82083.24151321591
2025-03-16 21:00:00,82083.24151321591
2025-03-16 22:00:00,58782.352055770345
2025-03-16 23:00:00,58782.352055770345
2025-03-17 00:00:00,58782.352055770345
2025-03-17 01:00:00,58782.352055770345
2025-03-17 02:00:00,58782.352055770345
2025-03-17 03:00:00,58782.352055770345
2025-03-17 04:00:00,58782.352055770345
2025-03-17 05:00:00,58782.352055770345
2025-03-17 06:00:00,58782.352055770345
2025-03-17 07:00:00,58782.352055770345
2025-03-17 08:00:00,58782.352055770345
2025-03-17 09:00:00,58782.352055770345
2025-03-17 10:00:00,60136.47014414778
2025-03-17 11:00:00,64082.25980909907
2025-03-17 12:00:00,66311.08696638625
2025-03-17 13:00:00,69538.26206733161
2025-03-17 14:00:00,74052.0644186106
2025-03-17 15:00:00,77013.39913621935
2025-03-17 16:00:00,77013.39913621935
2025-03-17 17:00:00,77013.39913621935
2025-03-17 18:00:00,77013.39913621935
2025-03-17 19:00:00,77013.39913621935
2025-03-17 20:00:00,77013.39913621935
2025-03-17 21:00:00,77013.39913621935
2025-03-17 22:00:00,77013.39913621935
2025-03-17 23:00:00,77013.39913621935
2025-03-18 00:00:00,77013.39913621935
2025-03-18 01:00:00,77013.39913621935
2025-03-18 02:00:00,77013.39913621935
2025-03-18 03:00:00,77013.39913621935
2025-03-18 04:00:00,77013.39913621935
2025-03-18 05:00:00,77013.39913621935
2025-03-18 06:00:00,77013.39913621935
2025-03-18 07:00:00,55815.23232947373
2025-03-18 08:00:00,55815.23232947373
2025-03-18 09:00:00,60470.55049092048
2025-03-18 10:00:00,65887.85168900742
2025-03-18 11:00:00,71803.97379364268
2025-03-18 12:00:00,78080.02103680161
2025-03-18 13:00:00,83883.94729809539
2025-03-18 14:00:00,88070.66587322886
2025-03-18 15:00:00,91221.177544444
2025-03-18 16:00:00,92154.56053629958
2025-03-18 17:00:00,92706.3331016599
2025-03-18 18:00:00,76552.33254248227
2025-03-18 19:00:00,76552.33254248227
2025-03-18 20:00:00,50224.176602372696
2025-03-18 21:00:00,50224.176602372696
2025-03-18 22:00:00,50224.176602372696
2025-03-18 23:00:00,50224.176602372696
2025-03-19 00:00:00,50224.176602372696
2025-03-19 01:00:00,50224.176602372696
2025-03-19 02:00:00,50224.176602372696
2025-03-19 03:00:00,50224.176602372696
2025-03-19 04:00:00,50224.176602372696
2025-03-19 05:00:00,26245.376990588295
2025-03-19 06:00:00,-0.0
2025-03-19 07:00:00,-0.0
2025-03-19 08:00:00,-0.0
2025-03-19 09:00:00,7279.495758916824
2025-03-19 10:00:00,15373.701134350009
2025-03-19 11:00:00,24153.639024454813
2025-03-19 12:00:00,31779.830837472153
2025-03-19 13:00:00,40033.12182633762
2025-03-19 14:00:00,47380.054176155776
2025-03-19 15:00:00,52195.45809183971
2025-03-19 16:00:00,52484.455003583455
2025-03-19 17:00:00,52484.455003583455
2025-03-19 18:00:00,52484.455003583455
2025-03-19 19:00:00,52484.455003583455
2025-03-19 20:00:00,52484.455003583455
2025-03-19 21:00:00,46505.07139069592
2025-03-19 22:00:00,21965.09118461413
2025-03-19 23:00:00,21965.09118461413
2025-03-20 00:00:00,21965.09118461413
2025-03-20 01:00:00,21965.09118461413
2025-03-20 02:00:00,21965.09118461413
2025-03-20 03:00:00,-0.0
2025-03-20 04:00:00,-0.0
2025-03-20 05:00:00,-0.0
2025-03-20 06:00:00,-0.0
2025-03-20 07:00:00,-0.0
2025-03-20 08:00:00,132.53418471255964
2025-03-20 09:00:00,8916.478138581671
2025-03-20 10:00:00,18420.14854374114
2025-03-20 11:00:00,25908.869656879237
2025-03-20 12:00:00,33009.207291866915
2025-03-20 13:00:00,40066.34726467009
2025-03-20 14:00:00,45403.71934010896
2025-03-20 15:00:00,49906.44420318333
2025-03-20 16:00:00,52613.29392032356
2025-03-20 17:00:00,53115.44429601836
2025-03-20 18:00:00,53115.44429601836
2025-03-20 19:00:00,53115.44429601836
2025-03-20 20:00:00,26668.3295066402
2025-03-20 21:00:00,26668.3295066402
2025-03-20 22:00:00,26668.3295066402
2025-03-20 23:00:00,26668.3295066402
2025-03-21 00:00:00,4071.072363641357
2025-03-21 01:00:00,4071.072363641357
2025-03-21 02:00:00,4071.072363641357
2025-03-21 03:00:00,4071.072363641357
2025-03-21 04:00:00,4071.072363641357
2025-03-21 05:00:00,4071.072363641357
2025-03-21 06:00:00,4071.072363641357
2025-03-21 07:00:00,4071.072363641357
2025-03-21 08:00:00,4071.072363641357
2025-03-21 09:00:00,14707.213756515746
2025-03-21 10:00:00,26447.73611450296
2025-03-21 11:00:00,37830.985595383514
2025-03-21 12:00:00,48158.195804255476
2025-03-21 13:00:00,57376.29976945949
2025-03-21 14:00:00,66493.47047600278
2025-03-21 15:00:00,74930.7495220356
2025-03-21 16:00:00,82616.74275891023
2025-03-21 17:00:00,86465.41189489402
2025-03-21 18:00:00,86465.41189489402
2025-03-21 19:00:00,83684.79207856883
2025-03-21 20:00:00,58193.20722227855
2025-03-21 21:00:00,58193.20722227855
2025-03-21 22:00:00,58193.20722227855
2025-03-21 23:00:00,58193.20722227855
2025-03-22 00:00:00,58193.20722227855
2025-03-22 01:00:00,36498.91071332479
2025-03-22 02:00:00,36498.91071332479
2025-03-22 03:00:00,36498.91071332479
2025-03-22 04:00:00,15827.54419375124
2025-03-22 05:00:00,15827.54419375124
2025-03-22 06:00:00,15827.54419375124
2025-03-22 07:00:00,15827.54419375124
2025-03-22 08:00:00,20596.53531590825
2025-03-22 09:00:00,30651.76067603893
2025-03-22 10:00:00,39579.439994940614
2025-03-22 11:00:00,47831.8840975822
2025-03-22 12:00:00,55846.91127169688
2025-03-22 13:00:00,64073.48159505217
2025-03-22 14:00:00,70925.56937981969
2025-03-22 15:00:00,77498.20064073357
2025-03-22 16:00:00,83440.65863131492
2025-03-22 17:00:00,83440.65863131492
2025-03-22 18:00:00,83440.65863131492
2025-03-22 19:00:00,83440.65863131492
2025-03-22 20:00:00,83440.65863131492
2025-03-22 21:00:00,83440.65863131492
2025-03-22 22:00:00,60160.83294830384
2025-03-22 23:00:00,60160.83294830384
2025-03-23 00:00:00,60160.83294830384
2025-03-23 01:00:00,60160.83294830384
2025-03-23 02:00:00,40049.907071137066
2025-03-23 03:00:00,20428.121619393158
2025-03-23 04:00:00,20428.121619393158
2025-03-23 05:00:00,20428.121619393158
2025-03-23 06:00:00,-0.0
2025-03-23 07:00:00,-0.0
2025-03-23 08:00:00,8480.625933883679
2025-03-23 09:00:00,22817.664698369044
2025-03-23 10:00:00,36410.77504836899
2025-03-23 11:00:00,50144.34274947313
2025-03-23 12:00:00,63851.19836749052
2025-03-23 13:00:00,78135.16939543663
2025-03-23 14:00:00,91480.81938676804
2025-03-23 15:00:00,104337.0699126177
2025-03-23 16:00:00,115219.55422056929
2025-03-23 17:00:00,121863.987276291
2025-03-23 18:00:00,121863.987276291
2025-03-23 19:00:00,97259.13878843657
2025-03-23 20:00:00,72310.17584618
2025-03-23 21:00:00,72310.17584618
2025-03-23 22:00:00,72310.17584618
2025-03-23 23:00:00,72310.17584618
2025-03-24 00:00:00,62584.832512608016
2025-03-24 01:00:00,62584.832512608016
2025-03-24 02:00:00,42041.55717926039
2025-03-24 03:00:00,21790.525526780464
2025-03-24 04:00:00,21790.525526780464
2025-03-24 05:00:00,-0.0
2025-03-24 06:00:00,-0.0
2025-03-24 07:00:00,-0.0
2025-03-24 08:00:00,635.4152629800756
2025-03-24 09:00:00,14396.570789280528
2025-03-24 10:00:00,28342.550567253988
2025-03-24 11:00:00,43217.09953696271
2025-03-24 12:00:00,57664.33448324741
2025-03-24 13:00:00,73274.68661357343
2025-03-24 14:00:00,88599.15120089674
2025-03-24 15:00:00,103834.48025022892
2025-03-24 16:00:00,116330.84947583308
2025-03-24 17:00:00,122400.0
2025-03-24 18:00:00,105566.71347041914
2025-03-24 19:00:00,77645.76544984059
2025-03-24 20:00:00,77645.76544984059
2025-03-24 21:00:00,51321.40048808888
2025-03-24 22:00:00,51321.40048808888
2025-03-24 23:00:00,51321.40048808888
2025-03-25 00:00:00,51321.40048808888
2025-03-25 01:00:00,51321.40048808888
2025-03-25 02:00:00,51321.40048808888
2025-03-25 03:00:00,51321.40048808888
2025-03-25 04:00:00,30750.219227595277
2025-03-25 05:00:00,30750.219227595277
2025-03-25 06:00:00,6905.384569412893
2025-03-25 07:00:00,-0.0
2025-03-25 08:00:00,-0.0
2025-03-25 09:00:00,-0.0
2025-03-25 10:00:00,8532.249436694488
2025-03-25 11:00:00,27101.958665521204
2025-03-25 12:00:00,46519.19678635101
2025-03-25 13:00:00,65546.27500323218
2025-03-25 14:00:00,84439.1712249259
2025-03-25 15:00:00,102469.95323770896
2025-03-25 16:00:00,117099.01714385516
2025-03-25 17:00:00,122400.0
2025-03-25 18:00:00,122400.0
2025-03-25 19:00:00,122400.0
2025-03-25 20:00:00,122400.0
2025-03-25 21:00:00,122400.0
2025-03-25 22:00:00,122400.0
2025-03-25 23:00:00,98366.11982538986
2025-03-26 00:00:00,98366.11982538986
2025-03-26 01:00:00,98366.11982538986
2025-03-26 02:00:00,76480.35785544067
2025-03-26 03:00:00,54892.13353749816
2025-03-26 04:00:00,54892.13353749816
2025-03-26 05:00:00,42465.9224577861
2025-03-26 06:00:00,18396.035537870106
2025-03-26 07:00:00,-0.0
2025-03-26 08:00:00,-0.0
2025-03-26 09:00:00,-0.0
2025-03-26 10:00:00,13220.245544458525
2025-03-26 11:00:00,29756.315365233906
2025-03-26 12:00:00,46840.47275368775
2025-03-26 13:00:00,64427.245605383396
2025-03-26 14:00:00,82163.67881920974
2025-03-26 15:00:00,99762.10095683094
2025-03-26 16:00:00,114975.63755651584
2025-03-26 17:00:00,122400.0
2025-03-26 18:00:00,105720.89741787694
2025-03-26 19:00:00,78943.22968507864
2025-03-26 20:00:00,78943.22968507864
2025-03-26 21:00:00,78943.22968507864
2025-03-26 22:00:00,54291.666323461664
2025-03-26 23:00:00,54291.666323461664
2025-03-27 00:00:00,54291.666323461664
2025-03-27 01:00:00,54291.666323461664
2025-03-27 02:00:00,54291.666323461664
2025-03-27 03:00:00,54291.666323461664
2025-03-27 04:00:00,54291.666323461664
2025-03-27 05:00:00,32955.739837147325
2025-03-27 06:00:00,21898.02911128153
2025-03-27 07:00:00,21898.02911128153
2025-03-27 08:00:00,25536.838448169234
2025-03-27 09:00:00,36828.673574707966
2025-03-27 10:00:00,49957.80045363469
2025-03-27 11:00:00,63196.698486976806
2025-03-27 12:00:00,74692.63149003618
2025-03-27 13:00:00,85466.02062233078
2025-03-27 14:00:00,95492.40470421349
2025-03-27 15:00:00,104019.06878534387
2025-03-27 16:00:00,110834.01319466153
2025-03-27 17:00:00,113581.81997575818
2025-03-27 18:00:00,113581.81997575818
2025-03-27 19:00:00,113581.81997575818
2025-03-27 20:00:00,113581.81997575818
2025-03-27 21:00:00,113581.81997575818
2025-03-27 22:00:00,113581.81997575818
2025-03-27 23:00:00,113581.81997575818
2025-03-28 00:00:00,113581.81997575818
2025-03-28 01:00:00,113581.81997575818
2025-03-28 02:00:00,92273.15025158261
2025-03-28 03:00:00,70938.24472874681
2025-03-28 04:00:00,70938.24472874681
2025-03-28 05:00:00,70938.24472874681
2025-03-28 06:00:00,70938.24472874681
2025-03-28 07:00:00,50255.92583833786
2025-03-28 08:00:00,50255.92583833786
2025-03-28 09:00:00,53492.29396144183
2025-03-28 10:00:00,61446.971143170944
2025-03-28 11:00:00,69794.9436165897
2025-03-28 12:00:00,82269.03388650258
2025-03-28 13:00:00,94600.40155170238
2025-03-28 14:00:00,104179.03006515349
2025-03-28 15:00:00,114983.55775205069
2025-03-28 16:00:00,121484.95845898431
2025-03-28 17:00:00,122400.0
2025-03-28 18:00:00,122400.0
2025-03-28 19:00:00,122400.0
2025-03-28 20:00:00,101699.85853965812
2025-03-28 21:00:00,101699.85853965812
2025-03-28 22:00:00,101699.85853965812
2025-03-28 23:00:00,101699.85853965812
2025-03-29 00:00:00,79059.50157844981
2025-03-29 01:00:00,57081.107278848904
2025-03-29 02:00:00,57081.107278848904
2025-03-29 03:00:00,36292.594065296056
2025-03-29 04:00:00,36292.594065296056
2025-03-29 05:00:00,36292.594065296056
2025-03-29 06:00:00,14633.1712356813
2025-03-29 07:00:00,14633.1712356813
2025-03-29 08:00:00,20946.321721035874
2025-03-29 09:00:00,32403.569719360137
2025-03-29 10:00:00,42934.21728901162
2025-03-29 11:00:00,52372.573494852906
2025-03-29 12:00:00,60239.91009420773
2025-03-29 13:00:00,68615.62300061678
2025-03-29 14:00:00,77405.45269861708
2025-03-29 15:00:00,85573.52349934712
2025-03-29 16:00:00,93948.64281240945
2025-03-29 17:00:00,95950.4054948099
2025-03-29 18:00:00,95950.4054948099
2025-03-29 19:00:00,95950.4054948099
2025-03-29 20:00:00,95950.4054948099
2025-03-29 21:00:00,71852.59446031782
2025-03-29 22:00:00,71852.59446031782
2025-03-29 23:00:00,49521.16847597215
2025-03-30 00:00:00,49521.16847597215
2025-03-30 01:00:00,49521.16847597215
2025-03-30 02:00:00,49521.16847597215
2025-03-30 03:00:00,49521.16847597215
2025-03-30 04:00:00,49521.16847597215
2025-03-30 05:00:00,49521.16847597215
2025-03-30 06:00:00,49521.16847597215
2025-03-30 07:00:00,49521.16847597215
2025-03-30 08:00:00,50419.20770730455
2025-03-30 09:00:00,59553.959361027955
2025-03-30 10:00:00,70395.66699193302
2025-03-30 11:00:00,81234.41112461017
2025-03-30 12:00:00,89149.22451771355
2025-03-30 13:00:00,96410.63553094609
2025-03-30 14:00:00,103337.33895501557
2025-03-30 15:00:00,110511.25481089218
2025-03-30 16:00:00,117793.91912137688
2025-03-30 17:00:00,122400.0
2025-03-30 18:00:00,122400.0
2025-03-30 19:00:00,122400.0
2025-03-30 20:00:00,122400.0
2025-03-30 21:00:00,110329.5427344317
2025-03-30 22:00:00,86829.33461037878
2025-03-30 23:00:00,64100.379818711444
2025-03-31 00:00:00,64100.379818711444
2025-03-31 01:00:00,42687.02244566077
2025-03-31 02:00:00,21891.53704126869
2025-03-31 03:00:00,21891.53704126869
2025-03-31 04:00:00,21891.53704126869
2025-03-31 05:00:00,21891.53704126869
2025-03-31 06:00:00,21891.53704126869
2025-03-31 07:00:00,21891.53704126869
2025-03-31 08:00:00,16534.240720765116
2025-03-31 09:00:00,20780.420007209254
2025-03-31 10:00:00,28408.03080670956
2025-03-31 11:00:00,37476.49238649281
2025-03-31 12:00:00,48282.55644345482
2025-03-31 13:00:00,59353.3617762334
2025-03-31 14:00:00,69153.90767509062
2025-03-31 15:00:00,75748.4048587928
2025-03-31 16:00:00,76371.47944285265
2025-03-31 17:00:00,76371.47944285265
2025-03-31 18:00:00,76371.47944285265
2025-03-31 19:00:00,76371.47944285265
2025-03-31 20:00:00,76371.47944285265
2025-03-31 21:00:00,76371.47944285265
2025-03-31 22:00:00,76371.47944285265
2025-03-31 23:00:00,76371.47944285265
2025-04-01 00:00:00,76371.47944285265
2025-04-01 01:00:00,54136.26153994749
2025-04-01 02:00:00,32377.096256423272
2025-04-01 03:00:00,32377.096256423272
2025-04-01 04:00:00,32377.096256423272
2025-04-01 05:00:00,32377.096256423272
2025-04-01 06:00:00,32377.096256423272
2025-04-01 07:00:00,32377.096256423272
2025-04-01 08:00:00,34745.2614392016
2025-04-01 09:00:00,39608.36148568394
2025-04-01 10:00:00,45990.49760690867
2025-04-01 11:00:00,53925.44886317699
2025-04-01 12:00:00,62925.183778030405
2025-04-01 13:00:00,71668.03593158943
2025-04-01 14:00:00,81131.40326325853
2025-04-01 15:00:00,90960.1104922608
2025-04-01 16:00:00,99087.38689227754
2025-04-01 17:00:00,98584.75679317376
2025-04-01 18:00:00,98584.75679317376
2025-04-01 19:00:00,71408.12336341238
2025-04-01 20:00:00,71408.12336341238
2025-04-01 21:00:00,44692.65415247397
2025-04-01 22:00:00,44692.65415247397
2025-04-01 23:00:00,44692.65415247397
2025-04-02 00:00:00,44692.65415247397
2025-04-02 01:00:00,22198.454558307898
2025-04-02 02:00:00,22198.454558307898
2025-04-02 03:00:00,22198.454558307898
2025-04-02 04:00:00,-0.0
2025-04-02 05:00:00,-0.0
2025-04-02 06:00:00,-0.0
2025-04-02 07:00:00,-0.0
2025-04-02 08:00:00,-0.0
2025-04-02 09:00:00,5517.424191595699
2025-04-02 10:00:00,16307.462524974771
2025-04-02 11:00:00,28588.513726628684
2025-04-02 12:00:00,41063.49844173683
2025-04-02 13:00:00,52339.02114811736
2025-04-02 14:00:00,61151.19387870791
2025-04-02 15:00:00,70185.62755432722
2025-04-02 16:00:00,79266.02297674866
2025-04-02 17:00:00,83620.8862204017
2025-04-02 18:00:00,67998.52289268543
2025-04-02 19:00:00,67998.52289268543
2025-04-02 20:00:00,41315.35436974435
2025-04-02 21:00:00,41315.35436974435
2025-04-02 22:00:00,41315.35436974435
2025-04-02 23:00:00,17754.253320603882
2025-04-03 00:00:00,17754.253320603882
2025-04-03 01:00:00,17754.253320603882
2025-04-03 02:00:00,-0.0
2025-04-03 03:00:00,-0.0
2025-04-03 04:00:00,-0.0
2025-04-03 05:00:00,-0.0
2025-04-03 06:00:00,-0.0
2025-04-03 07:00:00,-0.0
2025-04-03 08:00:00,1640.8265312742715
2025-04-03 09:00:00,15711.012278928742
2025-04-03 10:00:00,31925.02602053111
2025-04-03 11:00:00,48386.900193370704
2025-04-03 12:00:00,64772.60266402903
2025-04-03 13:00:00,80085.78508166155
2025-04-03 14:00:00,94961.80312363768
2025-04-03 15:00:00,106707.33153760577
2025-04-03 16:00:00,117576.69967117203
2025-04-03 17:00:00,122400.0
2025-04-03 18:00:00,122400.0
2025-04-03 19:00:00,122400.0
2025-04-03 20:00:00,122400.0
2025-04-03 21:00:00,122400.0
2025-04-03 22:00:00,122400.0
2025-04-03 23:00:00,98013.84427180233
2025-04-04 00:00:00,74446.287083914
2025-04-04 01:00:00,74446.287083914
2025-04-04 02:00:00,58779.09398037293
2025-04-04 03:00:00,58779.09398037293
2025-04-04 04:00:00,35862.077970207676
2025-04-04 05:00:00,11980.918935832355
2025-04-04 06:00:00,11980.918935832355
2025-04-04 07:00:00,-0.0
2025-04-04 08:00:00,-0.0
2025-04-04 09:00:00,-0.0
2025-04-04 10:00:00,5313.419825557026
2025-04-04 11:00:00,24262.924383764323
2025-04-04 12:00:00,44134.496364720784
2025-04-04 13:00:00,63493.07856289352
2025-04-04 14:00:00,81410.82646199418
2025-04-04 15:00:00,98157.81162168397
2025-04-04 16:00:00,112304.3122377505
2025-04-04 17:00:00,122400.0
2025-04-04 18:00:00,119624.00734124836
2025-04-04 19:00:00,94327.41684614719
2025-04-04 20:00:00,68485.40496430287
2025-04-04 21:00:00,43077.91319488788
2025-04-04 22:00:00,43077.91319488788
2025-04-04 23:00:00,43077.91319488788
2025-04-05 00:00:00,43077.91319488788
2025-04-05 01:00:00,43077.91319488788
2025-04-05 02:00:00,43077.91319488788
2025-04-05 03:00:00,22000.43189834744
2025-04-05 04:00:00,22000.43189834744
2025-04-05 05:00:00,22000.43189834744
2025-04-05 06:00:00,-0.0
2025-04-05 07:00:00,-0.0
2025-04-05 08:00:00,11326.70491864712
2025-04-05 09:00:00,22879.063711563627
2025-04-05 10:00:00,33867.91867657138
2025-04-05 11:00:00,44673.75652375489
2025-04-05 12:00:00,55234.96268922857
2025-04-05 13:00:00,65154.56565675605
2025-04-05 14:00:00,74156.01234801915
2025-04-05 15:00:00,83617.9826121444
2025-04-05 16:00:00,92929.93422755177
2025-04-05 17:00:00,100511.16575977419
2025-04-05 18:00:00,89406.51095264695
2025-04-05 19:00:00,89406.51095264695
2025-04-05 20:00:00,89406.51095264695
2025-04-05 21:00:00,70791.91162429427
2025-04-05 22:00:00,70791.91162429427
2025-04-05 23:00:00,70791.91162429427
2025-04-06 00:00:00,49129.798453091615
2025-04-06 01:00:00,28208.84979110399
2025-04-06 02:00:00,28208.84979110399
2025-04-06 03:00:00,28208.84979110399
2025-04-06 04:00:00,28208.84979110399
2025-04-06 05:00:00,7729.597570764467
2025-04-06 06:00:00,7729.597570764467
2025-04-06 07:00:00,2048.4203438793447
2025-04-06 08:00:00,14149.2405494255
2025-04-06 09:00:00,28446.38830405777
2025-04-06 10:00:00,42507.31325774552
2025-04-06 11:00:00,55982.66179583568
2025-04-06 12:00:00,69186.48115709914
2025-04-06 13:00:00,81752.94058898847
2025-04-06 14:00:00,93933.65141260397
2025-04-06 15:00:00,105275.50382733604
2025-04-06 16:00:00,115623.16488795711
2025-04-06 17:00:00,122400.0
2025-04-06 18:00:00,122400.0
2025-04-06 19:00:00,97328.339448409
2025-04-06 20:00:00,71867.3965166258
2025-04-06 21:00:00,71867.3965166258
2025-04-06 22:00:00,71867.3965166258
2025-04-06 23:00:00,71867.3965166258
2025-04-07 00:00:00,71867.3965166258
2025-04-07 01:00:00,51044.478792034264
2025-04-07 02:00:00,31029.50006518314
2025-04-07 03:00:00,31029.50006518314
2025-04-07 04:00:00,31029.50006518314
2025-04-07 05:00:00,31029.50006518314
2025-04-07 06:00:00,7738.241110501646
2025-04-07 07:00:00,-0.0
2025-04-07 08:00:00,-0.0
2025-04-07 09:00:00,-0.0
2025-04-07 10:00:00,14954.402115941124
2025-04-07 11:00:00,33635.94518089801
2025-04-07 12:00:00,52905.2713558496
2025-04-07 13:00:00,72051.25637696551
2025-04-07 14:00:00,90374.72996519954
2025-04-07 15:00:00,106125.97883413997
2025-04-07 16:00:00,118431.20598704605
2025-04-07 17:00:00,122400.0
2025-04-07 18:00:00,122400.0
2025-04-07 19:00:00,122400.0
2025-04-07 20:00:00,122400.0
2025-04-07 21:00:00,122400.0
2025-04-07 22:00:00,97422.20751045806
2025-04-07 23:00:00,97422.20751045806
2025-04-08 00:00:00,76207.17456392571
2025-04-08 01:00:00,76207.17456392571
2025-04-08 02:00:00,54579.572448274776
2025-04-08 03:00:00,54579.572448274776
2025-04-08 04:00:00,33335.38332170824
2025-04-08 05:00:00,10804.207113668932
2025-04-08 06:00:00,10804.207113668932
2025-04-08 07:00:00,-0.0
2025-04-08 08:00:00,7215.202162591514
2025-04-08 09:00:00,18668.452621999917
2025-04-08 10:00:00,31846.691556309957
2025-04-08 11:00:00,46997.98408021944
2025-04-08 12:00:00,62466.50170065134
2025-04-08 13:00:00,76974.07568016773
2025-04-08 14:00:00,90461.11743427806
2025-04-08 15:00:00,104401.69492337004
2025-04-08 16:00:00,115209.30933590389
2025-04-08 17:00:00,121850.03838156236
2025-04-08 18:00:00,121850.03838156236
2025-04-08 19:00:00,118801.7379012439
2025-04-08 20:00:00,91030.54068702123
2025-04-08 21:00:00,91030.54068702123
2025-04-08 22:00:00,91030.54068702123
2025-04-08 23:00:00,91030.54068702123
2025-04-09 00:00:00,67857.231179859
2025-04-09 01:00:00,45323.12725926723
2025-04-09 02:00:00,23522.492093137458
2025-04-09 03:00:00,23522.492093137458
2025-04-09 04:00:00,23522.492093137458
2025-04-09 05:00:00,23522.492093137458
2025-04-09 06:00:00,-0.0
2025-04-09 07:00:00,-0.0
2025-04-09 08:00:00,-0.0
2025-04-09 09:00:00,-0.0
2025-04-09 10:00:00,6963.128753349312
2025-04-09 11:00:00,25156.564333826776
2025-04-09 12:00:00,44390.20369459406
2025-04-09 13:00:00,63252.87885171111
2025-04-09 14:00:00,81563.88857614122
2025-04-09 15:00:00,99066.15563116697
2025-04-09 16:00:00,114387.58086622827
2025-04-09 17:00:00,122400.0
2025-04-09 18:00:00,107923.48189042803
2025-04-09 19:00:00,107923.48189042803
2025-04-09 20:00:00,93391.09193559605
2025-04-09 21:00:00,93391.09193559605
2025-04-09 22:00:00,67116.13497554134
2025-04-09 23:00:00,42578.959811991095
2025-04-10 00:00:00,42578.959811991095
2025-04-10 01:00:00,42578.959811991095
2025-04-10 02:00:00,42578.959811991095
2025-04-10 03:00:00,21212.486216794845
2025-04-10 04:00:00,-0.0
2025-04-10 05:00:00,-0.0
2025-04-10 06:00:00,-0.0
2025-04-10 07:00:00,-0.0
2025-04-10 08:00:00,3158.6730827633164
2025-04-10 09:00:00,19400.368672869565
2025-04-10 10:00:00,37596.10166952165
2025-04-10 11:00:00,54082.24865150069
2025-04-10 12:00:00,71728.56099462672
2025-04-10 13:00:00,88359.19510922134
2025-04-10 14:00:00,101875.75628210384
2025-04-10 15:00:00,112586.00199781751
2025-04-10 16:00:00,121082.28481796825
2025-04-10 17:00:00,122400.0
2025-04-10 18:00:00,122400.0
2025-04-10 19:00:00,122400.0
2025-04-10 20:00:00,122400.0
2025-04-10 21:00:00,94203.04425094278
2025-04-10 22:00:00,67870.75187651768
2025-04-10 23:00:00,54251.39242172626
2025-04-11 00:00:00,54251.39242172626
2025-04-11 01:00:00,54251.39242172626
2025-04-11 02:00:00,31454.90875384528
2025-04-11 03:00:00,9059.86055213367
2025-04-11 04:00:00,9059.86055213367
2025-04-11 05:00:00,9059.86055213367
2025-04-11 06:00:00,9059.86055213367
2025-04-11 07:00:00,-0.0
2025-04-11 08:00:00,-0.0
2025-04-11 09:00:00,-0.0
2025-04-11 10:00:00,284.38489063309316
2025-04-11 11:00:00,20774.29518384664
2025-04-11 12:00:00,41867.8942326941
2025-04-11 13:00:00,61791.7632366115
2025-04-11 14:00:00,81449.11756594409
2025-04-11 15:00:00,100830.01265235897
2025-04-11 16:00:00,115774.14237880176
2025-04-11 17:00:00,122400.0
2025-04-11 18:00:00,122400.0
2025-04-11 19:00:00,122400.0
2025-04-11 20:00:00,122400.0
2025-04-11 21:00:00,94428.54904104462
2025-04-11 22:00:00,70910.04531252754
2025-04-11 23:00:00,45568.16279345752
2025-04-12 00:00:00,21260.06144668742
2025-04-12 01:00:00,21260.06144668742
2025-04-12 02:00:00,21260.06144668742
2025-04-12 03:00:00,21260.06144668742
2025-04-12 04:00:00,-0.0
2025-04-12 05:00:00,-0.0
2025-04-12 06:00:00,-0.0
2025-04-12 07:00:00,-0.0
2025-04-12 08:00:00,7952.805456820445
2025-04-12 09:00:00,20968.021097184966
2025-04-12 10:00:00,34552.017630687056
2025-04-12 11:00:00,46549.84051606101
2025-04-12 12:00:00,59343.85309263473
2025-04-12 13:00:00,72532.58286064472
2025-04-12 14:00:00,85007.84895807905
2025-04-12 15:00:00,96459.1854270405
2025-04-12 16:00:00,108019.04625984946
2025-04-12 17:00:00,114459.31147006703
2025-04-12 18:00:00,102500.78624959094
2025-04-12 19:00:00,102500.78624959094
2025-04-12 20:00:00,76134.41716899167
2025-04-12 21:00:00,76134.41716899167
2025-04-12 22:00:00,51474.93426350222
2025-04-12 23:00:00,51474.93426350222
2025-04-13 00:00:00,40909.91103447762
2025-04-13 01:00:00,40909.91103447762
2025-04-13 02:00:00,19828.64602633672
2025-04-13 03:00:00,19828.64602633672
2025-04-13 04:00:00,19828.64602633672
2025-04-13 05:00:00,19828.64602633672
2025-04-13 06:00:00,-0.0
2025-04-13 07:00:00,-0.0
2025-04-13 08:00:00,-0.0
2025-04-13 09:00:00,2692.3989936283033
2025-04-13 10:00:00,21967.06754900853
2025-04-13 11:00:00,39514.63448251616
2025-04-13 12:00:00,55539.38076366107
2025-04-13 13:00:00,70074.94048110167
2025-04-13 14:00:00,84876.44924783609
2025-04-13 15:00:00,100470.10493421466
2025-04-13 16:00:00,114656.8469318635
2025-04-13 17:00:00,122400.0
2025-04-13 18:00:00,122400.0
2025-04-13 19:00:00,97087.02445623669
2025-04-13 20:00:00,97087.02445623669
2025-04-13 21:00:00,97087.02445623669
2025-04-13 22:00:00,97087.02445623669
2025-04-13 23:00:00,74226.12665971491
2025-04-14 00:00:00,74226.12665971491
2025-04-14 01:00:00,52668.78058961359
2025-04-14 02:00:00,52668.78058961359
2025-04-14 03:00:00,31803.970315546725
2025-04-14 04:00:00,31803.970315546725
2025-04-14 05:00:00,9691.43689674608
2025-04-14 06:00:00,9691.43689674608
2025-04-14 07:00:00,9691.43689674608
2025-04-14 08:00:00,13925.027978063486
2025-04-14 09:00:00,24645.39833519912
2025-04-14 10:00:00,39796.237750053435
2025-04-14 11:00:00,54181.48341964098
2025-04-14 12:00:00,68578.16380599805
2025-04-14 13:00:00,83664.97682213393
2025-04-14 14:00:00,97709.9512587749
2025-04-14 15:00:00,108508.81939232527
2025-04-14 16:00:00,116781.77601259534
2025-04-14 17:00:00,118561.93257464064
2025-04-14 18:00:00,103300.58763674107
2025-04-14 19:00:00,103300.58763674107
2025-04-14 20:00:00,103300.58763674107
2025-04-14 21:00:00,76440.8385578201
2025-04-14 22:00:00,50892.74492445936
2025-04-14 23:00:00,50892.74492445936
2025-04-15 00:00:00,50892.74492445936
2025-04-15 01:00:00,50892.74492445936
2025-04-15 02:00:00,44578.0127348082
2025-04-15 03:00:00,22956.870549476054
2025-04-15 04:00:00,22956.870549476054
2025-04-15 05:00:00,22956.870549476054
2025-04-15 06:00:00,-0.0
2025-04-15 07:00:00,-0.0
2025-04-15 08:00:00,-0.0
2025-04-15 09:00:00,-0.0
2025-04-15 10:00:00,16569.176534418053
2025-04-15 11:00:00,35409.87324278698
2025-04-15 12:00:00,55286.50118313724
2025-04-15 13:00:00,74422.35219184309
2025-04-15 14:00:00,93383.06763322839
2025-04-15 15:00:00,109043.88608582233
2025-04-15 16:00:00,119521.40837682049
2025-04-15 17:00:00,122400.0
2025-04-15 18:00:00,105987.15857653304
2025-04-15 19:00:00,105987.15857653304
2025-04-15 20:00:00,105987.15857653304
2025-04-15 21:00:00,78767.63658424743
2025-04-15 22:00:00,78767.63658424743
2025-04-15 23:00:00,76681.41900469242
2025-04-16 00:00:00,76681.41900469242
2025-04-16 01:00:00,76681.41900469242
2025-04-16 02:00:00,76681.41900469242
2025-04-16 03:00:00,76681.41900469242
2025-04-16 04:00:00,54363.55654995292
2025-04-16 05:00:00,31466.624930478585
2025-04-16 06:00:00,8611.699605076072
2025-04-16 07:00:00,-0.0
2025-04-16 08:00:00,-0.0
2025-04-16 09:00:00,3813.1122316542314
2025-04-16 10:00:00,20138.53673674179
2025-04-16 11:00:00,38406.8064308289
2025-04-16 12:00:00,57309.7971288828
2025-04-16 13:00:00,75087.01651837796
2025-04-16 14:00:00,92203.60849629191
2025-04-16 15:00:00,107694.19915714367
2025-04-16 16:00:00,118956.30963765075
2025-04-16 17:00:00,122400.0
2025-04-16 18:00:00,122400.0
2025-04-16 19:00:00,122400.0
2025-04-16 20:00:00,122400.0
2025-04-16 21:00:00,95440.36782142175
2025-04-16 22:00:00,69662.91852198934
2025-04-16 23:00:00,53143.55937641624
2025-04-17 00:00:00,29712.765306432182
2025-04-17 01:00:00,29712.765306432182
2025-04-17 02:00:00,29712.765306432182
2025-04-17 03:00:00,29712.765306432182
2025-04-17 04:00:00,29712.765306432182
2025-04-17 05:00:00,29712.765306432182
2025-04-17 06:00:00,6899.567473795545
2025-04-17 07:00:00,6899.567473795545
2025-04-17 08:00:00,8089.549858949185
2025-04-17 09:00:00,14645.328546668543
2025-04-17 10:00:00,25220.573807374683
2025-04-17 11:00:00,38735.82378352049
2025-04-17 12:00:00,51790.62993457116
2025-04-17 13:00:00,64560.68763089384
2025-04-17 14:00:00,75505.39736800166
2025-04-17 15:00:00,85637.51596071933
2025-04-17 16:00:00,94968.52655523995
2025-04-17 17:00:00,96208.46570974958
2025-04-17 18:00:00,80417.69598134267
2025-04-17 19:00:00,80417.69598134267
2025-04-17 20:00:00,80417.69598134267
2025-04-17 21:00:00,80417.69598134267
2025-04-17 22:00:00,54937.611216834775
2025-04-17 23:00:00,30872.979622799474
2025-04-18 00:00:00,30872.979622799474
2025-04-18 01:00:00,30872.979622799474
2025-04-18 02:00:00,30872.979622799474
2025-04-18 03:00:00,30872.979622799474
2025-04-18 04:00:00,30872.979622799474
2025-04-18 05:00:00,30872.979622799474
2025-04-18 06:00:00,8378.565870716093
2025-04-18 07:00:00,-0.0
2025-04-18 08:00:00,4310.225555306268
2025-04-18 09:00:00,12329.819141781867
2025-04-18 10:00:00,25432.914189505464
2025-04-18 11:00:00,41391.349573021595
2025-04-18 12:00:00,59293.97735177983
2025-04-18 13:00:00,77360.20368439893
2025-04-18 14:00:00,94258.59986133935
2025-04-18 15:00:00,108598.68878799991
2025-04-18 16:00:00,117727.81254187877
2025-04-18 17:00:00,122400.0
2025-04-18 18:00:00,122400.0
2025-04-18 19:00:00,122400.0
2025-04-18 20:00:00,95712.84100942868
2025-04-18 21:00:00,69264.32998906556
2025-04-18 22:00:00,69264.32998906556
2025-04-18 23:00:00,65442.55711326862
2025-04-19 00:00:00,65442.55711326862
2025-04-19 01:00:00,65442.55711326862
2025-04-19 02:00:00,43630.85596202677
2025-04-19 03:00:00,22147.447140500135
2025-04-19 04:00:00,22147.447140500135
2025-04-19 05:00:00,438.59721957920345
2025-04-19 06:00:00,438.59721957920345
2025-04-19 07:00:00,-0.0
2025-04-19 08:00:00,-0.0
2025-04-19 09:00:00,13907.009856227654
2025-04-19 10:00:00,29899.87039557007
2025-04-19 11:00:00,44894.4045334548
2025-04-19 12:00:00,59215.55200080048
2025-04-19 13:00:00,72853.00284005882
2025-04-19 14:00:00,85288.51873852834
2025-04-19 15:00:00,98390.8200984594
2025-04-19 16:00:00,112402.32067613985
2025-04-19 17:00:00,122400.0
2025-04-19 18:00:00,116802.78425000477
2025-04-19 19:00:00,116802.78425000477
2025-04-19 20:00:00,91660.44786049318
2025-04-19 21:00:00,91660.44786049318
2025-04-19 22:00:00,68053.71651599131
2025-04-19 23:00:00,68053.71651599131
2025-04-20 00:00:00,68053.71651599131
2025-04-20 01:00:00,46236.003568747925
2025-04-20 02:00:00,25152.243082825615
2025-04-20 03:00:00,18150.361608160452
2025-04-20 04:00:00,18150.361608160452
2025-04-20 05:00:00,18150.361608160452
2025-04-20 06:00:00,-0.0
2025-04-20 07:00:00,-0.0
2025-04-20 08:00:00,-0.0
2025-04-20 09:00:00,12255.558415710044
2025-04-20 10:00:00,28458.56702404822
2025-04-20 11:00:00,45781.17556228239
2025-04-20 12:00:00,61001.98661168582
2025-04-20 13:00:00,72411.25311016852
2025-04-20 14:00:00,84316.97695479437
2025-04-20 15:00:00,97701.18823835163
2025-04-20 16:00:00,111207.05427028726
2025-04-20 17:00:00,122400.0
2025-04-20 18:00:00,122400.0
2025-04-20 19:00:00,98965.69423855242
2025-04-20 20:00:00,73932.87793633371
2025-04-20 21:00:00,63967.52547193285
2025-04-20 22:00:00,63967.52547193285
2025-04-20 23:00:00,63967.52547193285
2025-04-21 00:00:00,42275.25145706351
2025-04-21 01:00:00,42275.25145706351
2025-04-21 02:00:00,21139.404094726262
2025-04-21 03:00:00,21139.404094726262
2025-04-21 04:00:00,-0.0
2025-04-21 05:00:00,-0.0
2025-04-21 06:00:00,-0.0
2025-04-21 07:00:00,-0.0
2025-04-21 08:00:00,-0.0
2025-04-21 09:00:00,-0.0
2025-04-21 10:00:00,-0.0
2025-04-21 11:00:00,15706.101816446186
2025-04-21 12:00:00,38274.0272174821
2025-04-21 13:00:00,58949.97136817234
2025-04-21 14:00:00,78513.06312247485
2025-04-21 15:00:00,97249.96053131821
2025-04-21 16:00:00,112229.47139789519
2025-04-21 17:00:00,122400.0
2025-04-21 18:00:00,112546.87457436082
2025-04-21 19:00:00,85326.247296769
2025-04-21 20:00:00,56821.97129700312
2025-04-21 21:00:00,29168.8947983346
2025-04-21 22:00:00,29168.8947983346
2025-04-21 23:00:00,29168.8947983346
2025-04-22 00:00:00,5737.258469667642
2025-04-22 01:00:00,5737.258469667642
2025-04-22 02:00:00,5737.258469667642
2025-04-22 03:00:00,5737.258469667642
2025-04-22 04:00:00,5737.258469667642
2025-04-22 05:00:00,5737.258469667642
2025-04-22 06:00:00,-0.0
2025-04-22 07:00:00,-0.0
2025-04-22 08:00:00,-0.0
2025-04-22 09:00:00,-0.0
2025-04-22 10:00:00,-0.0
2025-04-22 11:00:00,8699.116140925005
2025-04-22 12:00:00,31575.574360863047
2025-04-22 13:00:00,53295.606861507156
2025-04-22 14:00:00,74551.2617879317
2025-04-22 15:00:00,94033.30100700841
2025-04-22 16:00:00,111759.35368184703
2025-04-22 17:00:00,122400.0
2025-04-22 18:00:00,111515.88023140434
2025-04-22 19:00:00,111515.88023140434
2025-04-22 20:00:00,83082.34281019034
2025-04-22 21:00:00,55535.895156161416
2025-04-22 22:00:00,46898.14967367304
2025-04-22 23:00:00,46898.14967367304
2025-04-23 00:00:00,46898.14967367304
2025-04-23 01:00:00,24047.075132202925
2025-04-23 02:00:00,24047.075132202925
2025-04-23 03:00:00,24047.075132202925
2025-04-23 04:00:00,1834.0627830828726
2025-04-23 05:00:00,1834.0627830828726
2025-04-23 06:00:00,1834.0627830828726
2025-04-23 07:00:00,-0.0
2025-04-23 08:00:00,-0.0
2025-04-23 09:00:00,-0.0
2025-04-23 10:00:00,6751.037210976316
2025-04-23 11:00:00,26747.17272140409
2025-04-23 12:00:00,46257.642766579695
2025-04-23 13:00:00,66091.42882129241
2025-04-23 14:00:00,83905.78859090136
2025-04-23 15:00:00,99420.34514078425
2025-04-23 16:00:00,113237.32155724427
2025-04-23 17:00:00,122400.0
2025-04-23 18:00:00,122400.0
2025-04-23 19:00:00,95668.63893523456
2025-04-23 20:00:00,94568.52014466337
2025-04-23 21:00:00,67416.69503513303
2025-04-23 22:00:00,67416.69503513303
2025-04-23 23:00:00,67416.69503513303
2025-04-24 00:00:00,67416.69503513303
2025-04-24 01:00:00,67416.69503513303
2025-04-24 02:00:00,44994.15952015946
2025-04-24 03:00:00,22996.278986282075
2025-04-24 04:00:00,22996.278986282075
2025-04-24 05:00:00,22996.278986282075
2025-04-24 06:00:00,1332.8939760646185
2025-04-24 07:00:00,-0.0
2025-04-24 08:00:00,-0.0
2025-04-24 09:00:00,-0.0
2025-04-24 10:00:00,-0.0
2025-04-24 11:00:00,16786.170314318493
2025-04-24 12:00:00,39413.86135469797
2025-04-24 13:00:00,61051.10335474284
2025-04-24 14:00:00,81774.80840542645
2025-04-24 15:00:00,100481.26219264866
2025-04-24 16:00:00,115590.05015226606
2025-04-24 17:00:00,122400.0
2025-04-24 18:00:00,122400.0
2025-04-24 19:00:00,96149.63376410543
2025-04-24 20:00:00,68854.59917541678
2025-04-24 21:00:00,42075.67224141768
2025-04-24 22:00:00,42075.67224141768
2025-04-24 23:00:00,42075.67224141768
2025-04-25 00:00:00,42075.67224141768
2025-04-25 01:00:00,42075.67224141768
2025-04-25 02:00:00,42075.67224141768
2025-04-25 03:00:00,42075.67224141768
2025-04-25 04:00:00,23178.038951655697
2025-04-25 05:00:00,-0.0
2025-04-25 06:00:00,-0.0
2025-04-25 07:00:00,-0.0
2025-04-25 08:00:00,-0.0
2025-04-25 09:00:00,1253.719159267277
2025-04-25 10:00:00,13278.61976347887
2025-04-25 11:00:00,30628.969281859587
2025-04-25 12:00:00,49478.94350349819
2025-04-25 13:00:00,68367.61456791573
2025-04-25 14:00:00,86673.16679141801
2025-04-25 15:00:00,103024.30063613331
2025-04-25 16:00:00,116502.89534386799
2025-04-25 17:00:00,122400.0
2025-04-25 18:00:00,110287.29973103043
2025-04-25 19:00:00,85077.6409868924
2025-04-25 20:00:00,85077.6409868924
2025-04-25 21:00:00,58703.255150843106
2025-04-25 22:00:00,58703.255150843106
2025-04-25 23:00:00,58703.255150843106
2025-04-26 00:00:00,55395.27996622579
2025-04-26 01:00:00,55395.27996622579
2025-04-26 02:00:00,55395.27996622579
2025-04-26 03:00:00,55395.27996622579
2025-04-26 04:00:00,55395.27996622579
2025-04-26 05:00:00,33762.261265281784
2025-04-26 06:00:00,33762.261265281784
2025-04-26 07:00:00,33762.261265281784
2025-04-26 08:00:00,39045.29224150309
2025-04-26 09:00:00,45481.10858032269
2025-04-26 10:00:00,54230.708460159694
2025-04-26 11:00:00,64987.94862385958
2025-04-26 12:00:00,77449.88052461001
2025-04-26 13:00:00,90715.54808162956
2025-04-26 14:00:00,102396.3182116155
2025-04-26 15:00:00,112081.3240078974
2025-04-26 16:00:00,120351.73363277402
2025-04-26 17:00:00,122400.0
2025-04-26 18:00:00,109467.52385081441
2025-04-26 19:00:00,109467.52385081441
2025-04-26 20:00:00,84537.97578182256
2025-04-26 21:00:00,84537.97578182256
2025-04-26 22:00:00,84537.97578182256
2025-04-26 23:00:00,61095.15946187538
2025-04-27 00:00:00,61095.15946187538
2025-04-27 01:00:00,61095.15946187538
2025-04-27 02:00:00,39467.48896302414
2025-04-27 03:00:00,39467.48896302414
2025-04-27 04:00:00,18339.10637719229
2025-04-27 05:00:00,18339.10637719229
2025-04-27 06:00:00,18339.10637719229
2025-04-27 07:00:00,18339.10637719229
2025-04-27 08:00:00,23175.282761957096
2025-04-27 09:00:00,31816.008644758767
2025-04-27 10:00:00,40343.35669494705
2025-04-27 11:00:00,50945.94628316119
2025-04-27 12:00:00,61990.01849503485
2025-04-27 13:00:00,72056.56649798626
2025-04-27 14:00:00,83001.12927064653
2025-04-27 15:00:00,93730.92745378138
2025-04-27 16:00:00,98863.65355453161
2025-04-27 17:00:00,99960.05085504903
2025-04-27 18:00:00,99960.05085504903
2025-04-27 19:00:00,99960.05085504903
2025-04-27 20:00:00,74524.57992751611
2025-04-27 21:00:00,74524.57992751611
2025-04-27 22:00:00,74524.57992751611
2025-04-27 23:00:00,51874.39003257832
2025-04-28 00:00:00,51874.39003257832
2025-04-28 01:00:00,29772.640089170378
2025-04-28 02:00:00,22833.6629595081
2025-04-28 03:00:00,22833.6629595081
2025-04-28 04:00:00,22833.6629595081
2025-04-28 05:00:00,-0.0
2025-04-28 06:00:00,-0.0
2025-04-28 07:00:00,-0.0
2025-04-28 08:00:00,-0.0
2025-04-28 09:00:00,6257.77495448821
2025-04-28 10:00:00,22334.235259008023
2025-04-28 11:00:00,39662.68375403852
2025-04-28 12:00:00,57733.83938042072
2025-04-28 13:00:00,74430.8706203877
2025-04-28 14:00:00,90399.74130049834
2025-04-28 15:00:00,104200.7571969897
2025-04-28 16:00:00,114297.45127414541
2025-04-28 17:00:00,122400.0
2025-04-28 18:00:00,115342.36532541578
2025-04-28 19:00:00,90348.52991418022
2025-04-28 20:00:00,90348.52991418022
2025-04-28 21:00:00,90348.52991418022
2025-04-28 22:00:00,90348.52991418022
2025-04-28 23:00:00,66577.62038690061
2025-04-29 00:00:00,66577.62038690061
2025-04-29 01:00:00,66577.62038690061
2025-04-29 02:00:00,44919.44681493797
2025-04-29 03:00:00,23227.94483815891
2025-04-29 04:00:00,23227.94483815891
2025-04-29 05:00:00,-0.0
2025-04-29 06:00:00,-0.0
2025-04-29 07:00:00,-0.0
2025-04-29 08:00:00,-0.0
2025-04-29 09:00:00,1988.8866165481577
2025-04-29 10:00:00,18319.12805518922
2025-04-29 11:00:00,36084.39473987238
2025-04-29 12:00:00,53093.046329147706
2025-04-29 13:00:00,69687.46771478244
2025-04-29 14:00:00,86180.82334732957
2025-04-29 15:00:00,101553.63252281192
2025-04-29 16:00:00,114662.65888252124
2025-04-29 17:00:00,122400.0
2025-04-29 18:00:00,115032.72644043295
2025-04-29 19:00:00,115032.72644043295
2025-04-29 20:00:00,115032.72644043295
2025-04-29 21:00:00,115032.72644043295
2025-04-29 22:00:00,115032.72644043295
2025-04-29 23:00:00,115032.72644043295
2025-04-30 00:00:00,91250.06261641078
2025-04-30 01:00:00,68217.22403592539
2025-04-30 02:00:00,46782.27062981276
2025-04-30 03:00:00,46782.27062981276
2025-04-30 04:00:00,46782.27062981276
2025-04-30 05:00:00,23725.74749301013
2025-04-30 06:00:00,3013.61554999583
2025-04-30 07:00:00,-0.0
2025-04-30 08:00:00,-0.0
2025-04-30 09:00:00,-0.0
2025-04-30 10:00:00,2269.7725409492195
2025-04-30 11:00:00,21631.70678558381
2025-04-30 12:00:00,41948.08721216714
2025-04-30 13:00:00,61117.90587522035
2025-04-30 14:00:00,79917.98870080101
2025-04-30 15:00:00,97284.9653055491
2025-04-30 16:00:00,113262.8650506596
2025-04-30 17:00:00,122400.0
2025-04-30 18:00:00,122400.0
2025-04-30 19:00:00,95760.12098310534
2025-04-30 20:00:00,95760.12098310534
2025-04-30 21:00:00,68086.66900915102
2025-04-30 22:00:00,46471.177355598884
2025-04-30 23:00:00,21849.240379370854
2025-05-01 00:00:00,21849.240379370854
2025-05-01 01:00:00,21849.240379370854
2025-05-01 02:00:00,21849.240379370854
2025-05-01 03:00:00,-0.0
2025-05-01 04:00:00,-0.0
2025-05-01 05:00:00,-0.0
2025-05-01 06:00:00,-0.0
2025-05-01 07:00:00,-0.0
2025-05-01 08:00:00,-0.0
2025-05-01 09:00:00,-0.0
2025-05-01 10:00:00,16502.835513111688
2025-05-01 11:00:00,36787.689245681875
2025-05-01 12:00:00,57886.006930606934
2025-05-01 13:00:00,78588.85473897483
2025-05-01 14:00:00,97287.69573806685
2025-05-01 15:00:00,111368.62317579243
2025-05-01 16:00:00,119798.03805655339
2025-05-01 17:00:00,122400.0
2025-05-01 18:00:00,115410.48374036039
2025-05-01 19:00:00,115410.48374036039
2025-05-01 20:00:00,115410.48374036039
2025-05-01 21:00:00,115410.48374036039
2025-05-01 22:00:00,115410.48374036039
2025-05-01 23:00:00,115410.48374036039
2025-05-02 00:00:00,91390.34645342076
2025-05-02 01:00:00,68340.27867955387
2025-05-02 02:00:00,45825.84691197508
2025-05-02 03:00:00,23572.75428308397
2025-05-02 04:00:00,23572.75428308397
2025-05-02 05:00:00,164.4750600450333
2025-05-02 06:00:00,164.4750600450333
2025-05-02 07:00:00,-0.0
2025-05-02 08:00:00,-0.0
2025-05-02 09:00:00,-0.0
2025-05-02 10:00:00,-0.0
2025-05-02 11:00:00,2806.3031685667665
2025-05-02 12:00:00,25764.58108631507
2025-05-02 13:00:00,48316.894894757614
2025-05-02 14:00:00,71350.73751251234
2025-05-02 15:00:00,93310.87767798334
2025-05-02 16:00:00,111165.11143151217
2025-05-02 17:00:00,122400.0
2025-05-02 18:00:00,122400.0
2025-05-02 19:00:00,122400.0
2025-05-02 20:00:00,94030.88201162052
2025-05-02 21:00:00,94030.88201162052
2025-05-02 22:00:00,94030.88201162052
2025-05-02 23:00:00,94030.88201162052
2025-05-03 00:00:00,69703.22996056471
2025-05-03 01:00:00,69703.22996056471
2025-05-03 02:00:00,50354.22379938414
2025-05-03 03:00:00,50354.22379938414
2025-05-03 04:00:00,50354.22379938414
2025-05-03 05:00:00,28333.026160328034
2025-05-03 06:00:00,10226.073181093823
2025-05-03 07:00:00,10226.073181093823
2025-05-03 08:00:00,15199.052265673909
2025-05-03 09:00:00,25050.944215814456
2025-05-03 10:00:00,38362.040376440695
2025-05-03 11:00:00,53562.034814716586
2025-05-03 12:00:00,68461.4039518887
2025-05-03 13:00:00,82951.65375214341
2025-05-03 14:00:00,98165.959483149
2025-05-03 15:00:00,110572.92970849629
2025-05-03 16:00:00,119750.72552806133
2025-05-03 17:00:00,122400.0
2025-05-03 18:00:00,122400.0
2025-05-03 19:00:00,122400.0
2025-05-03 20:00:00,122400.0
2025-05-03 21:00:00,113920.97687518263
2025-05-03 22:00:00,89852.23942621345
2025-05-03 23:00:00,66626.45693138262
2025-05-04 00:00:00,66626.45693138262
2025-05-04 01:00:00,44529.224876092674
2025-05-04 02:00:00,44529.224876092674
2025-05-04 03:00:00,44529.224876092674
2025-05-04 04:00:00,44529.224876092674
2025-05-04 05:00:00,44529.224876092674
2025-05-04 06:00:00,25622.615706029494
2025-05-04 07:00:00,20776.02986392389
2025-05-04 08:00:00,28440.652524634563
2025-05-04 09:00:00,40886.491624169576
2025-05-04 10:00:00,56101.3427997334
2025-05-04 11:00:00,71628.26085264306
2025-05-04 12:00:00,87213.35851355882
2025-05-04 13:00:00,101197.80064185921
2025-05-04 14:00:00,109301.68594295772
2025-05-04 15:00:00,116781.10527730102
2025-05-04 16:00:00,122400.0
2025-05-04 17:00:00,122400.0
2025-05-04 18:00:00,122400.0
2025-05-04 19:00:00,98439.94878762228
2025-05-04 20:00:00,98439.94878762228
2025-05-04 21:00:00,72865.36850054725
2025-05-04 22:00:00,48650.807835037536
2025-05-04 23:00:00,48650.807835037536
2025-05-05 00:00:00,48650.807835037536
2025-05-05 01:00:00,43637.13420702549
2025-05-05 02:00:00,43637.13420702549
2025-05-05 03:00:00,43637.13420702549
2025-05-05 04:00:00,21868.815234364076
2025-05-05 05:00:00,21868.815234364076
2025-05-05 06:00:00,21868.815234364076
2025-05-05 07:00:00,21868.815234364076
2025-05-05 08:00:00,22818.420550231338
2025-05-05 09:00:00,31650.04002846738
2025-05-05 10:00:00,44181.90763939514
2025-05-05 11:00:00,57229.515756763634
2025-05-05 12:00:00,70745.58283377466
2025-05-05 13:00:00,83040.77395128757
2025-05-05 14:00:00,90679.26835720586
2025-05-05 15:00:00,93492.85960870594
2025-05-05 16:00:00,96910.86001902976
2025-05-05 17:00:00,96910.86001902976
2025-05-05 18:00:00,96910.86001902976
2025-05-05 19:00:00,70206.09617441967
2025-05-05 20:00:00,70206.09617441967
2025-05-05 21:00:00,70206.09617441967
2025-05-05 22:00:00,70206.09617441967
2025-05-05 23:00:00,45172.309334487916
2025-05-06 00:00:00,45172.309334487916
2025-05-06 01:00:00,21914.418442616054
2025-05-06 02:00:00,21914.418442616054
2025-05-06 03:00:00,21914.418442616054
2025-05-06 04:00:00,-0.0
2025-05-06 05:00:00,-0.0
2025-05-06 06:00:00,-0.0
2025-05-06 07:00:00,-0.0
2025-05-06 08:00:00,-0.0
2025-05-06 09:00:00,-0.0
2025-05-06 10:00:00,19606.204582376507
2025-05-06 11:00:00,39573.62306039357
2025-05-06 12:00:00,59105.559931367265
2025-05-06 13:00:00,78280.88386000271
2025-05-06 14:00:00,94337.27921164899
2025-05-06 15:00:00,107259.7528234096
2025-05-06 16:00:00,117732.39397208877
2025-05-06 17:00:00,122400.0
2025-05-06 18:00:00,122400.0
2025-05-06 19:00:00,122400.0
2025-05-06 20:00:00,122400.0
2025-05-06 21:00:00,94327.16057917367
2025-05-06 22:00:00,94327.16057917367
2025-05-06 23:00:00,69517.09978189087
2025-05-07 00:00:00,69517.09978189087
2025-05-07 01:00:00,69517.09978189087
2025-05-07 02:00:00,47095.58420160139
2025-05-07 03:00:00,24973.91627182347
2025-05-07 04:00:00,24973.91627182347
2025-05-07 05:00:00,1591.7195191418612
2025-05-07 06:00:00,-0.0
2025-05-07 07:00:00,-0.0
2025-05-07 08:00:00,-0.0
2025-05-07 09:00:00,-0.0
2025-05-07 10:00:00,-0.0
2025-05-07 11:00:00,-0.0
2025-05-07 12:00:00,20715.05591190962
2025-05-07 13:00:00,43798.251865762795
2025-05-07 14:00:00,67545.7026611718
2025-05-07 15:00:00,90567.38877342401
2025-05-07 16:00:00,110037.83720643354
2025-05-07 17:00:00,122400.0
2025-05-07 18:00:00,118100.12234194529
2025-05-07 19:00:00,118100.12234194529
2025-05-07 20:00:00,89440.817124498
2025-05-07 21:00:00,61244.101138278886
2025-05-07 22:00:00,61244.101138278886
2025-05-07 23:00:00,61244.101138278886
2025-05-08 00:00:00,36923.0345226722
2025-05-08 01:00:00,36923.0345226722
2025-05-08 02:00:00,36923.0345226722
2025-05-08 03:00:00,36923.0345226722
2025-05-08 04:00:00,14721.58815560606
2025-05-08 05:00:00,14721.58815560606
2025-05-08 06:00:00,-0.0
2025-05-08 07:00:00,-0.0
2025-05-08 08:00:00,-0.0
2025-05-08 09:00:00,-0.0
2025-05-08 10:00:00,-0.0
2025-05-08 11:00:00,2405.195075179756
2025-05-08 12:00:00,26180.993244867786
2025-05-08 13:00:00,49558.83097365516
2025-05-08 14:00:00,72200.0031980008
2025-05-08 15:00:00,93120.2494805847
2025-05-08 16:00:00,110743.1494332125
2025-05-08 17:00:00,122400.0
2025-05-08 18:00:00,122400.0
2025-05-08 19:00:00,94567.65386359092
2025-05-08 20:00:00,94567.65386359092
2025-05-08 21:00:00,94567.65386359092
2025-05-08 22:00:00,66478.2110582206
2025-05-08 23:00:00,40093.93463168733
2025-05-09 00:00:00,23099.062463765626
2025-05-09 01:00:00,23099.062463765626
2025-05-09 02:00:00,-0.0
2025-05-09 03:00:00,-0.0
2025-05-09 04:00:00,-0.0
2025-05-09 05:00:00,-0.0
2025-05-09 06:00:00,-0.0
2025-05-09 07:00:00,-0.0
2025-05-09 08:00:00,-0.0
2025-05-09 09:00:00,-0.0
2025-05-09 10:00:00,2485.3217329795007
2025-05-09 11:00:00,22413.405288104914
2025-05-09 12:00:00,42749.18077582145
2025-05-09 13:00:00,62793.6371804769
2025-05-09 14:00:00,82777.8157288535
2025-05-09 15:00:00,100652.57600324109
2025-05-09 16:00:00,115044.81230663438
2025-05-09 17:00:00,122400.0
2025-05-09 18:00:00,122400.0
2025-05-09 19:00:00,122400.0
2025-05-09 20:00:00,122400.0
2025-05-09 21:00:00,122400.0
2025-05-09 22:00:00,92258.98162141201
2025-05-09 23:00:00,92258.98162141201
2025-05-10 00:00:00,92258.98162141201
2025-05-10 01:00:00,70447.61964855558
2025-05-10 02:00:00,46135.27726791447
2025-05-10 03:00:00,22776.108106258125
2025-05-10 04:00:00,-0.0
2025-05-10 05:00:00,-0.0
2025-05-10 06:00:00,-0.0
2025-05-10 07:00:00,-0.0
2025-05-10 08:00:00,-0.0
2025-05-10 09:00:00,-0.0
2025-05-10 10:00:00,1058.8713754956916
2025-05-10 11:00:00,22590.30588293761
2025-05-10 12:00:00,44153.26757795857
2025-05-10 13:00:00,64643.151676117166
2025-05-10 14:00:00,84563.0999963972
2025-05-10 15:00:00,102126.60304931877
2025-05-10 16:00:00,115987.73970539008
2025-05-10 17:00:00,122400.0
2025-05-10 18:00:00,109303.36744521074
2025-05-10 19:00:00,109303.36744521074
2025-05-10 20:00:00,109303.36744521074
2025-05-10 21:00:00,103202.11309842927
2025-05-10 22:00:00,73473.92964252287
2025-05-10 23:00:00,73473.92964252287
2025-05-11 00:00:00,47510.12669098353
2025-05-11 01:00:00,22743.332276785957
2025-05-11 02:00:00,22743.332276785957
2025-05-11 03:00:00,-0.0
2025-05-11 04:00:00,-0.0
2025-05-11 05:00:00,-0.0
2025-05-11 06:00:00,-0.0
2025-05-11 07:00:00,-0.0
2025-05-11 08:00:00,-0.0
2025-05-11 09:00:00,-0.0
2025-05-11 10:00:00,2949.105170890736
2025-05-11 11:00:00,25656.729242237474
2025-05-11 12:00:00,47527.52491293503
2025-05-11 13:00:00,67622.7556879638
2025-05-11 14:00:00,86020.16209449508
2025-05-11 15:00:00,102417.97898104698
2025-05-11 16:00:00,117379.48013900375
2025-05-11 17:00:00,122400.0
2025-05-11 18:00:00,112311.68383576194
2025-05-11 19:00:00,112311.68383576194
2025-05-11 20:00:00,83141.88642722095
2025-05-11 21:00:00,83141.88642722095
2025-05-11 22:00:00,78706.10386572964
2025-05-11 23:00:00,53632.116634288555
2025-05-12 00:00:00,53632.116634288555
2025-05-12 01:00:00,53632.116634288555
2025-05-12 02:00:00,53632.116634288555
2025-05-12 03:00:00,53632.116634288555
2025-05-12 04:00:00,31313.050998253104
2025-05-12 05:00:00,8297.347676651381
2025-05-12 06:00:00,8297.347676651381
2025-05-12 07:00:00,8769.2116856688
2025-05-12 08:00:00,18658.853159159567
2025-05-12 09:00:00,31195.600530250013
2025-05-12 10:00:00,46133.53122990101
2025-05-12 11:00:00,61476.278595487755
2025-05-12 12:00:00,76932.71357463882
2025-05-12 13:00:00,91666.6515169037
2025-05-12 14:00:00,105994.85730721004
2025-05-12 15:00:00,116485.99953186719
2025-05-12 16:00:00,122393.97676975858
2025-05-12 17:00:00,122400.0
2025-05-12 18:00:00,122400.0
2025-05-12 19:00:00,122400.0
2025-05-12 20:00:00,94137.77451853867
2025-05-12 21:00:00,94137.77451853867
2025-05-12 22:00:00,94137.77451853867
2025-05-12 23:00:00,68829.06290810031
2025-05-13 00:00:00,44622.276396531284
2025-05-13 01:00:00,22529.935727678352
2025-05-13 02:00:00,-0.0
2025-05-13 03:00:00,-0.0
2025-05-13 04:00:00,-0.0
2025-05-13 05:00:00,-0.0
2025-05-13 06:00:00,-0.0
2025-05-13 07:00:00,-0.0
2025-05-13 08:00:00,-0.0
2025-05-13 09:00:00,8581.103591802046
2025-05-13 10:00:00,22580.01453291975
2025-05-13 11:00:00,37539.51355129119
2025-05-13 12:00:00,53335.03817864007
2025-05-13 13:00:00,68517.52950980645
2025-05-13 14:00:00,84559.25756810808
2025-05-13 15:00:00,99605.27084758428
2025-05-13 16:00:00,112218.93593068166
2025-05-13 17:00:00,122400.0
2025-05-13 18:00:00,122400.0
2025-05-13 19:00:00,98465.06525262079
2025-05-13 20:00:00,70458.2644024224
2025-05-13 21:00:00,42889.10103173199
2025-05-13 22:00:00,42889.10103173199
2025-05-13 23:00:00,42889.10103173199
2025-05-14 00:00:00,22242.376875782687
2025-05-14 01:00:00,22242.376875782687
2025-05-14 02:00:00,22242.376875782687
2025-05-14 03:00:00,-0.0
2025-05-14 04:00:00,-0.0
2025-05-14 05:00:00,-0.0
2025-05-14 06:00:00,-0.0
2025-05-14 07:00:00,-0.0
2025-05-14 08:00:00,-0.0
2025-05-14 09:00:00,6573.40676484456
2025-05-14 10:00:00,23311.569401287026
2025-05-14 11:00:00,40914.557271200436
2025-05-14 12:00:00,57529.61789934099
2025-05-14 13:00:00,70999.04358698288
2025-05-14 14:00:00,85457.42126114311
2025-05-14 15:00:00,99727.02368517092
2025-05-14 16:00:00,112418.19268768733
2025-05-14 17:00:00,122400.0
2025-05-14 18:00:00,116465.9343836543
2025-05-14 19:00:00,116465.9343836543
2025-05-14 20:00:00,116465.9343836543
2025-05-14 21:00:00,88456.21293236541
2025-05-14 22:00:00,88434.65542651596
2025-05-14 23:00:00,63120.22703126876
2025-05-15 00:00:00,63120.22703126876
2025-05-15 01:00:00,63120.22703126876
2025-05-15 02:00:00,63120.22703126876
2025-05-15 03:00:00,40899.122503582286
2025-05-15 04:00:00,40899.122503582286
2025-05-15 05:00:00,17492.47717767077
2025-05-15 06:00:00,-0.0
2025-05-15 07:00:00,-0.0
2025-05-15 08:00:00,-0.0
2025-05-15 09:00:00,3491.485367528996
2025-05-15 10:00:00,20210.123687373245
2025-05-15 11:00:00,37390.444756267694
2025-05-15 12:00:00,54192.37271909842
2025-05-15 13:00:00,69895.60876308693
2025-05-15 14:00:00,85443.42641669839
2025-05-15 15:00:00,100571.44637367615
2025-05-15 16:00:00,113144.31536751184
2025-05-15 17:00:00,122400.0
2025-05-15 18:00:00,117858.42762423247
2025-05-15 19:00:00,92637.31495683003
2025-05-15 20:00:00,74773.57984213039
2025-05-15 21:00:00,45911.632458575696
2025-05-15 22:00:00,45911.632458575696
2025-05-15 23:00:00,45911.632458575696
2025-05-16 00:00:00,45911.632458575696
2025-05-16 01:00:00,45911.632458575696
2025-05-16 02:00:00,22793.59287272762
2025-05-16 03:00:00,-0.0
2025-05-16 04:00:00,-0.0
2025-05-16 05:00:00,-0.0
2025-05-16 06:00:00,-0.0
2025-05-16 07:00:00,-0.0
2025-05-16 08:00:00,-0.0
2025-05-16 09:00:00,-0.0
2025-05-16 10:00:00,4111.12758201229
2025-05-16 11:00:00,25472.581049696917
2025-05-16 12:00:00,47211.58234881457
2025-05-16 13:00:00,66676.20555991751
2025-05-16 14:00:00,87020.9016849047
2025-05-16 15:00:00,105063.56955556579
2025-05-16 16:00:00,116802.81015512254
2025-05-16 17:00:00,122400.0
2025-05-16 18:00:00,122400.0
2025-05-16 19:00:00,122400.0
2025-05-16 20:00:00,122400.0
2025-05-16 21:00:00,116507.52402610963
2025-05-16 22:00:00,116507.52402610963
2025-05-16 23:00:00,116507.52402610963
2025-05-17 00:00:00,91485.50440714924
2025-05-17 01:00:00,67538.59061654686
2025-05-17 02:00:00,44670.70445097335
2025-05-17 03:00:00,22386.609558143962
2025-05-17 04:00:00,22386.609558143962
2025-05-17 05:00:00,-0.0
2025-05-17 06:00:00,-0.0
2025-05-17 07:00:00,-0.0
2025-05-17 08:00:00,-0.0
2025-05-17 09:00:00,-0.0
2025-05-17 10:00:00,11744.602022440398
2025-05-17 11:00:00,29775.406684198842
2025-05-17 12:00:00,46719.69967057674
2025-05-17 13:00:00,62864.5807799756
2025-05-17 14:00:00,80118.34200361176
2025-05-17 15:00:00,96798.38262050318
2025-05-17 16:00:00,112496.13401539015
2025-05-17 17:00:00,122400.0
2025-05-17 18:00:00,117421.43883497632
2025-05-17 19:00:00,117421.43883497632
2025-05-17 20:00:00,117421.43883497632
2025-05-17 21:00:00,117421.43883497632
2025-05-17 22:00:00,92576.50846839903
2025-05-17 23:00:00,92576.50846839903
2025-05-18 00:00:00,92576.50846839903
2025-05-18 01:00:00,70422.60392914053
2025-05-18 02:00:00,70422.60392914053
2025-05-18 03:00:00,49556.97411814116
2025-05-18 04:00:00,42252.374610294835
2025-05-18 05:00:00,20937.75502451065
2025-05-18 06:00:00,20937.75502451065
2025-05-18 07:00:00,24632.58721681528
2025-05-18 08:00:00,33591.14927795095
2025-05-18 09:00:00,43698.824625582536
2025-05-18 10:00:00,54803.111674424705
2025-05-18 11:00:00,65426.65113247666
2025-05-18 12:00:00,74574.27384522566
2025-05-18 13:00:00,83726.90285625582
2025-05-18 14:00:00,94268.73745325959
2025-05-18 15:00:00,104618.41028694468
2025-05-18 16:00:00,114039.50736152062
2025-05-18 17:00:00,122400.0
2025-05-18 18:00:00,120638.4565501343
2025-05-18 19:00:00,120638.4565501343
2025-05-18 20:00:00,93747.98497689783
2025-05-18 21:00:00,93747.98497689783
2025-05-18 22:00:00,93747.98497689783
2025-05-18 23:00:00,93747.98497689783
2025-05-19 00:00:00,71035.26451551927
2025-05-19 01:00:00,71035.26451551927
2025-05-19 02:00:00,71035.26451551927
2025-05-19 03:00:00,60202.700610411805
2025-05-19 04:00:00,38607.15937963414
2025-05-19 05:00:00,15825.275645799169
2025-05-19 06:00:00,-0.0
2025-05-19 07:00:00,-0.0
2025-05-19 08:00:00,-0.0
2025-05-19 09:00:00,-0.0
2025-05-19 10:00:00,14776.095339571384
2025-05-19 11:00:00,33746.92050117842
2025-05-19 12:00:00,52177.74914387301
2025-05-19 13:00:00,70308.47258746417
2025-05-19 14:00:00,86783.0918019029
2025-05-19 15:00:00,100954.07108070061
2025-05-19 16:00:00,113123.67673056907
2025-05-19 17:00:00,122400.0
2025-05-19 18:00:00,118034.44034488486
2025-05-19 19:00:00,91518.86686657651
2025-05-19 20:00:00,60382.49009608934
2025-05-19 21:00:00,60382.49009608934
2025-05-19 22:00:00,60382.49009608934
2025-05-19 23:00:00,33778.0974209829
2025-05-20 00:00:00,33778.0974209829
2025-05-20 01:00:00,33778.0974209829
2025-05-20 02:00:00,33778.0974209829
2025-05-20 03:00:00,33778.0974209829
2025-05-20 04:00:00,33778.0974209829
2025-05-20 05:00:00,9420.02436543292
2025-05-20 06:00:00,-0.0
2025-05-20 07:00:00,-0.0
2025-05-20 08:00:00,-0.0
2025-05-20 09:00:00,-0.0
2025-05-20 10:00:00,-0.0
2025-05-20 11:00:00,15354.130459279255
2025-05-20 12:00:00,35020.041322181954
2025-05-20 13:00:00,55556.95267346698
2025-05-20 14:00:00,76326.05688735606
2025-05-20 15:00:00,96017.56786641273
2025-05-20 16:00:00,111691.18156648222
2025-05-20 17:00:00,122400.0
2025-05-20 18:00:00,122400.0
2025-05-20 19:00:00,93916.51434381462
2025-05-20 20:00:00,92680.20278758722
2025-05-20 21:00:00,92680.20278758722
2025-05-20 22:00:00,92680.20278758722
2025-05-20 23:00:00,65042.703747354506
2025-05-21 00:00:00,65042.703747354506
2025-05-21 01:00:00,65042.703747354506
2025-05-21 02:00:00,65042.703747354506
2025-05-21 03:00:00,41357.26330039561
2025-05-21 04:00:00,41357.26330039561
2025-05-21 05:00:00,16814.198990052773
2025-05-21 06:00:00,-0.0
2025-05-21 07:00:00,-0.0
2025-05-21 08:00:00,-0.0
2025-05-21 09:00:00,-0.0
2025-05-21 10:00:00,-0.0
2025-05-21 11:00:00,18805.128405085852
2025-05-21 12:00:00,39844.57295861554
2025-05-21 13:00:00,60186.41812888048
2025-05-21 14:00:00,79892.13973963592
2025-05-21 15:00:00,98289.73336076815
2025-05-21 16:00:00,113102.04677350131
2025-05-21 17:00:00,122400.0
2025-05-21 18:00:00,114320.38676043118
2025-05-21 19:00:00,114320.38676043118
2025-05-21 20:00:00,114320.38676043118
2025-05-21 21:00:00,114320.38676043118
2025-05-21 22:00:00,114320.38676043118
2025-05-21 23:00:00,86184.30070742391
2025-05-22 00:00:00,59372.53544891333
2025-05-22 01:00:00,34084.3853051311
2025-05-22 02:00:00,24659.19366273295
2025-05-22 03:00:00,24659.19366273295
2025-05-22 04:00:00,24659.19366273295
2025-05-22 05:00:00,-0.0
2025-05-22 06:00:00,-0.0
2025-05-22 07:00:00,-0.0
2025-05-22 08:00:00,-0.0
2025-05-22 09:00:00,-0.0
2025-05-22 10:00:00,-0.0
2025-05-22 11:00:00,19329.58785019161
2025-05-22 12:00:00,40451.696942053495
2025-05-22 13:00:00,61308.802868523024
2025-05-22 14:00:00,81855.85647045457
2025-05-22 15:00:00,99477.20838105762
2025-05-22 16:00:00,114323.97105723835
2025-05-22 17:00:00,122400.0
2025-05-22 18:00:00,122400.0
2025-05-22 19:00:00,122400.0
2025-05-22 20:00:00,122400.0
2025-05-22 21:00:00,119188.99957161464
2025-05-22 22:00:00,119188.99957161464
2025-05-22 23:00:00,91386.62542504712
2025-05-23 00:00:00,65161.29817503027
2025-05-23 01:00:00,40332.872058113615
2025-05-23 02:00:00,40332.872058113615
2025-05-23 03:00:00,40332.872058113615
2025-05-23 04:00:00,40332.872058113615
2025-05-23 05:00:00,15990.56984694008
2025-05-23 06:00:00,-0.0
2025-05-23 07:00:00,-0.0
2025-05-23 08:00:00,-0.0
2025-05-23 09:00:00,-0.0
2025-05-23 10:00:00,-0.0
2025-05-23 11:00:00,16839.042016631847
2025-05-23 12:00:00,37495.91845913298
2025-05-23 13:00:00,57999.23891824047
2025-05-23 14:00:00,77631.24855236139
2025-05-23 15:00:00,96563.25308155341
2025-05-23 16:00:00,112619.05106014802
2025-05-23 17:00:00,122400.0
2025-05-23 18:00:00,122400.0
2025-05-23 19:00:00,96818.21643061652
2025-05-23 20:00:00,96818.21643061652
2025-05-23 21:00:00,68686.66384757032
2025-05-23 22:00:00,68686.66384757032
2025-05-23 23:00:00,68686.66384757032
2025-05-24 00:00:00,68686.66384757032
2025-05-24 01:00:00,68686.66384757032
2025-05-24 02:00:00,45314.25588427615
2025-05-24 03:00:00,22534.13823025028
2025-05-24 04:00:00,-0.0
2025-05-24 05:00:00,-0.0
2025-05-24 06:00:00,-0.0
2025-05-24 07:00:00,-0.0
2025-05-24 08:00:00,-0.0
2025-05-24 09:00:00,-0.0
2025-05-24 10:00:00,9760.793054193535
2025-05-24 11:00:00,27200.30920256012
2025-05-24 12:00:00,43978.287622570846
2025-05-24 13:00:00,60812.46268411822
2025-05-24 14:00:00,77372.61635701195
2025-05-24 15:00:00,93855.3313928003
2025-05-24 16:00:00,109511.74791737024
2025-05-24 17:00:00,122400.0
2025-05-24 18:00:00,122400.0
2025-05-24 19:00:00,122400.0
2025-05-24 20:00:00,122400.0
2025-05-24 21:00:00,122400.0
2025-05-24 22:00:00,96254.93172593061
2025-05-24 23:00:00,96254.93172593061
2025-05-25 00:00:00,72167.4667321248
2025-05-25 01:00:00,72167.4667321248
2025-05-25 02:00:00,49915.76874463068
2025-05-25 03:00:00,28206.2201783995
2025-05-25 04:00:00,28206.2201783995
2025-05-25 05:00:00,6770.231255651254
2025-05-25 06:00:00,-0.0
2025-05-25 07:00:00,-0.0
2025-05-25 08:00:00,-0.0
2025-05-25 09:00:00,-0.0
2025-05-25 10:00:00,2251.2104900752347
2025-05-25 11:00:00,21491.322409875625
2025-05-25 12:00:00,40740.36939999719
2025-05-25 13:00:00,58503.039008937645
2025-05-25 14:00:00,75259.0746070166
2025-05-25 15:00:00,92836.10750174576
2025-05-25 16:00:00,109433.87034106847
2025-05-25 17:00:00,122400.0
2025-05-25 18:00:00,122400.0
2025-05-25 19:00:00,100600.3074316219
2025-05-25 20:00:00,100600.3074316219
2025-05-25 21:00:00,73960.66418826174
2025-05-25 22:00:00,73960.66418826174
2025-05-25 23:00:00,73960.66418826174
2025-05-26 00:00:00,64522.27481285135
2025-05-26 01:00:00,42147.1730949019
2025-05-26 02:00:00,42147.1730949019
2025-05-26 03:00:00,21054.315169480167
2025-05-26 04:00:00,21054.315169480167
2025-05-26 05:00:00,-0.0
2025-05-26 06:00:00,-0.0
2025-05-26 07:00:00,-0.0
2025-05-26 08:00:00,-0.0
2025-05-26 09:00:00,-0.0
2025-05-26 10:00:00,9830.689444634601
2025-05-26 11:00:00,28147.07466797844
2025-05-26 12:00:00,46044.825098800335
2025-05-26 13:00:00,63739.31212332683
2025-05-26 14:00:00,80611.54058960937
2025-05-26 15:00:00,96870.26076185968
2025-05-26 16:00:00,111833.97769632789
2025-05-26 17:00:00,122400.0
2025-05-26 18:00:00,122400.0
2025-05-26 19:00:00,98691.49960204582
2025-05-26 20:00:00,98691.49960204582
2025-05-26 21:00:00,98691.49960204582
2025-05-26 22:00:00,98691.49960204582
2025-05-26 23:00:00,73794.44894189775
2025-05-27 00:00:00,49719.21243996466
2025-05-27 01:00:00,26872.320322711512
2025-05-27 02:00:00,22092.06992583108
2025-05-27 03:00:00,22092.06992583108
2025-05-27 04:00:00,-0.0
2025-05-27 05:00:00,-0.0
2025-05-27 06:00:00,-0.0
2025-05-27 07:00:00,-0.0
2025-05-27 08:00:00,-0.0
2025-05-27 09:00:00,-0.0
2025-05-27 10:00:00,-0.0
2025-05-27 11:00:00,4844.91897995484
2025-05-27 12:00:00,27869.554594503395
2025-05-27 13:00:00,50760.01438938975
2025-05-27 14:00:00,72686.62237955282
2025-05-27 15:00:00,93294.27264330004
2025-05-27 16:00:00,111194.9480304823
2025-05-27 17:00:00,122400.0
2025-05-27 18:00:00,117813.28193047494
2025-05-27 19:00:00,117813.28193047494
2025-05-27 20:00:00,86745.96982439833
2025-05-27 21:00:00,63391.2418471417
2025-05-27 22:00:00,63391.2418471417
2025-05-27 23:00:00,63391.2418471417
2025-05-28 00:00:00,63391.2418471417
2025-05-28 01:00:00,63391.2418471417
2025-05-28 02:00:00,39728.18499473423
2025-05-28 03:00:00,16549.963767844944
2025-05-28 04:00:00,16549.963767844944
2025-05-28 05:00:00,16549.963767844944
2025-05-28 06:00:00,-0.0
2025-05-28 07:00:00,-0.0
2025-05-28 08:00:00,-0.0
2025-05-28 09:00:00,2859.923437008394
2025-05-28 10:00:00,21031.64646001027
2025-05-28 11:00:00,40956.51150907003
2025-05-28 12:00:00,58319.81954340238
2025-05-28 13:00:00,74198.28331785671
2025-05-28 14:00:00,90804.81085837801
2025-05-28 15:00:00,106125.45860402167
2025-05-28 16:00:00,118314.26162887037
2025-05-28 17:00:00,122400.0
2025-05-28 18:00:00,122400.0
2025-05-28 19:00:00,122400.0
2025-05-28 20:00:00,122400.0
2025-05-28 21:00:00,122400.0
2025-05-28 22:00:00,94137.72484548119
2025-05-28 23:00:00,67617.08962643432
2025-05-29 00:00:00,67617.08962643432
2025-05-29 01:00:00,42974.587486847566
2025-05-29 02:00:00,19332.031575838235
2025-05-29 03:00:00,19332.031575838235
2025-05-29 04:00:00,19332.031575838235
2025-05-29 05:00:00,19332.031575838235
2025-05-29 06:00:00,-0.0
2025-05-29 07:00:00,-0.0
2025-05-29 08:00:00,-0.0
2025-05-29 09:00:00,-0.0
2025-05-29 10:00:00,16901.937077281567
2025-05-29 11:00:00,36026.36362830922
2025-05-29 12:00:00,54825.58676883258
2025-05-29 13:00:00,73554.94070139738
2025-05-29 14:00:00,89847.42273786705
2025-05-29 15:00:00,106102.24293484405
2025-05-29 16:00:00,117922.48927691231
2025-05-29 17:00:00,122400.0
2025-05-29 18:00:00,122400.0
2025-05-29 19:00:00,122400.0
2025-05-29 20:00:00,119982.2275017694
2025-05-29 21:00:00,119982.2275017694
2025-05-29 22:00:00,90052.44652918594
2025-05-29 23:00:00,90052.44652918594
2025-05-30 00:00:00,90052.44652918594
2025-05-30 01:00:00,90052.44652918594
2025-05-30 02:00:00,65763.47855393961
2025-05-30 03:00:00,41932.75312274707
2025-05-30 04:00:00,17764.184010044974
2025-05-30 05:00:00,17764.184010044974
2025-05-30 06:00:00,-0.0
2025-05-30 07:00:00,-0.0
2025-05-30 08:00:00,-0.0
2025-05-30 09:00:00,14810.456385541256
2025-05-30 10:00:00,32654.550277889895
2025-05-30 11:00:00,50560.94803207177
2025-05-30 12:00:00,68529.73835226319
2025-05-30 13:00:00,84656.25008377171
2025-05-30 14:00:00,99635.02917266916
2025-05-30 15:00:00,112634.03691982994
2025-05-30 16:00:00,120702.51339318206
2025-05-30 17:00:00,122400.0
2025-05-30 18:00:00,122400.0
2025-05-30 19:00:00,122400.0
2025-05-30 20:00:00,86560.85318475837
2025-05-30 21:00:00,51084.40925224597
2025-05-30 22:00:00,51084.40925224597
2025-05-30 23:00:00,51084.40925224597
2025-05-31 00:00:00,51084.40925224597
2025-05-31 01:00:00,51084.40925224597
2025-05-31 02:00:00,51084.40925224597
2025-05-31 03:00:00,51084.40925224597
2025-05-31 04:00:00,25778.310616026916
2025-05-31 05:00:00,866.9249900610266
2025-05-31 06:00:00,866.9249900610266
2025-05-31 07:00:00,866.9249900610266
2025-05-31 08:00:00,8885.99733335805
2025-05-31 09:00:00,19041.64118477069
2025-05-31 10:00:00,31572.74936971286
2025-05-31 11:00:00,43856.32635377959
2025-05-31 12:00:00,57141.03777581595
2025-05-31 13:00:00,69515.64452387617
2025-05-31 14:00:00,79918.45235774566
2025-05-31 15:00:00,84716.03703907516
2025-05-31 16:00:00,85492.49590913739
2025-05-31 17:00:00,85492.49590913739
2025-05-31 18:00:00,85492.49590913739
2025-05-31 19:00:00,85492.49590913739
2025-05-31 20:00:00,85492.49590913739
2025-05-31 21:00:00,85492.49590913739
2025-05-31 22:00:00,85492.49590913739
2025-05-31 23:00:00,59051.18530883106
2025-06-01 00:00:00,59051.18530883106
2025-06-01 01:00:00,32102.856248400363
2025-06-01 02:00:00,32102.856248400363
2025-06-01 03:00:00,32102.856248400363
2025-06-01 04:00:00,8240.130485735359
2025-06-01 05:00:00,8240.130485735359
2025-06-01 06:00:00,8240.130485735359
2025-06-01 07:00:00,8240.130485735359
2025-06-01 08:00:00,8240.130485735359
2025-06-01 09:00:00,10385.41397156335
2025-06-01 10:00:00,15594.950371073879
2025-06-01 11:00:00,23437.359047377297
2025-06-01 12:00:00,31262.880546363544
2025-06-01 13:00:00,38636.29067800507
2025-06-01 14:00:00,46459.54795781584
2025-06-01 15:00:00,53020.55270274936
2025-06-01 16:00:00,56006.808284898136
2025-06-01 17:00:00,56006.808284898136
2025-06-01 18:00:00,56006.808284898136
2025-06-01 19:00:00,56006.808284898136
2025-06-01 20:00:00,56006.808284898136
2025-06-01 21:00:00,25343.00522566998
2025-06-01 22:00:00,25343.00522566998
2025-06-01 23:00:00,25343.00522566998
2025-06-02 00:00:00,-0.0
2025-06-02 01:00:00,-0.0
2025-06-02 02:00:00,-0.0
2025-06-02 03:00:00,-0.0
2025-06-02 04:00:00,-0.0
2025-06-02 05:00:00,-0.0
2025-06-02 06:00:00,-0.0
2025-06-02 07:00:00,-0.0
2025-06-02 08:00:00,-0.0
2025-06-02 09:00:00,13123.363777410992
2025-06-02 10:00:00,29561.967401975257
2025-06-02 11:00:00,45285.486458249485
2025-06-02 12:00:00,61419.23772960331
2025-06-02 13:00:00,78085.31839253442
2025-06-02 14:00:00,92357.6143267598
2025-06-02 15:00:00,106014.04703163367
2025-06-02 16:00:00,116953.10555484823
2025-06-02 17:00:00,122400.0
2025-06-02 18:00:00,122400.0
2025-06-02 19:00:00,122400.0
2025-06-02 20:00:00,122400.0
2025-06-02 21:00:00,122400.0
2025-06-02 22:00:00,92554.88810841022
2025-06-02 23:00:00,92554.88810841022
2025-06-03 00:00:00,92554.88810841022
2025-06-03 01:00:00,92554.88810841022
2025-06-03 02:00:00,92554.88810841022
2025-06-03 03:00:00,68288.69415906315
2025-06-03 04:00:00,65423.305475400775
2025-06-03 05:00:00,65423.305475400775
2025-06-03 06:00:00,46049.537383836236
2025-06-03 07:00:00,40669.303241394795
2025-06-03 08:00:00,45530.41526264041
2025-06-03 09:00:00,54226.033737844526
2025-06-03 10:00:00,64272.452805965826
2025-06-03 11:00:00,77747.01750500602
2025-06-03 12:00:00,91776.7273062011
2025-06-03 13:00:00,104343.72564111518
2025-06-03 14:00:00,111427.35978689838
2025-06-03 15:00:00,116860.23114992407
2025-06-03 16:00:00,120833.79483307592
2025-06-03 17:00:00,122400.0
2025-06-03 18:00:00,122400.0
2025-06-03 19:00:00,96089.06650395182
2025-06-03 20:00:00,96089.06650395182
2025-06-03 21:00:00,65325.97992387593
2025-06-03 22:00:00,36323.41995624491
2025-06-03 23:00:00,26404.00371596532
2025-06-04 00:00:00,-0.0
2025-06-04 01:00:00,-0.0
2025-06-04 02:00:00,-0.0
2025-06-04 03:00:00,-0.0
2025-06-04 04:00:00,-0.0
2025-06-04 05:00:00,-0.0
2025-06-04 06:00:00,-0.0
2025-06-04 07:00:00,-0.0
2025-06-04 08:00:00,-0.0
2025-06-04 09:00:00,-0.0
2025-06-04 10:00:00,13034.472460843754
2025-06-04 11:00:00,30962.197949007634
2025-06-04 12:00:00,49934.07931727273
2025-06-04 13:00:00,68791.2248842018
2025-06-04 14:00:00,87502.19192460334
2025-06-04 15:00:00,103620.02649695244
2025-06-04 16:00:00,116573.7474708312
2025-06-04 17:00:00,122400.0
2025-06-04 18:00:00,122400.0
2025-06-04 19:00:00,122400.0
2025-06-04 20:00:00,122400.0
2025-06-04 21:00:00,98374.60005646672
2025-06-04 22:00:00,68765.1658525304
2025-06-04 23:00:00,68765.1658525304
2025-06-05 00:00:00,41956.73211361808
2025-06-05 01:00:00,41956.73211361808
2025-06-05 02:00:00,41956.73211361808
2025-06-05 03:00:00,17813.168213982088
2025-06-05 04:00:00,17813.168213982088
2025-06-05 05:00:00,17813.168213982088
2025-06-05 06:00:00,-0.0
2025-06-05 07:00:00,-0.0
2025-06-05 08:00:00,-0.0
2025-06-05 09:00:00,-0.0
2025-06-05 10:00:00,10186.364118100504
2025-06-05 11:00:00,28452.97190039781
2025-06-05 12:00:00,46294.202589145876
2025-06-05 13:00:00,65187.177808230495
2025-06-05 14:00:00,82962.4826090415
2025-06-05 15:00:00,99620.34316017377
2025-06-05 16:00:00,113493.06614429352
2025-06-05 17:00:00,122400.0
2025-06-05 18:00:00,116469.97336043819
2025-06-05 19:00:00,90566.40018793229
2025-06-05 20:00:00,90566.40018793229
2025-06-05 21:00:00,81370.94819591685
2025-06-05 22:00:00,51725.14919029086
2025-06-05 23:00:00,23966.332597740504
2025-06-06 00:00:00,23966.332597740504
2025-06-06 01:00:00,23966.332597740504
2025-06-06 02:00:00,23966.332597740504
2025-06-06 03:00:00,23966.332597740504
2025-06-06 04:00:00,-0.0
2025-06-06 05:00:00,-0.0
2025-06-06 06:00:00,-0.0
2025-06-06 07:00:00,-0.0
2025-06-06 08:00:00,-0.0
2025-06-06 09:00:00,-0.0
2025-06-06 10:00:00,8104.757792139502
2025-06-06 11:00:00,26628.34750560582
2025-06-06 12:00:00,45580.1389611657
2025-06-06 13:00:00,64386.15294585798
2025-06-06 14:00:00,82518.16970235632
2025-06-06 15:00:00,99205.82905792742
2025-06-06 16:00:00,113502.34641193337
2025-06-06 17:00:00,122400.0
2025-06-06 18:00:00,122400.0
2025-06-06 19:00:00,122400.0
2025-06-06 20:00:00,93213.90489915723
2025-06-06 21:00:00,93213.90489915723
2025-06-06 22:00:00,63555.73477867313
2025-06-06 23:00:00,63555.73477867313
2025-06-07 00:00:00,63555.73477867313
2025-06-07 01:00:00,37814.45329181416
2025-06-07 02:00:00,37814.45329181416
2025-06-07 03:00:00,37814.45329181416
2025-06-07 04:00:00,14356.91063165544
2025-06-07 05:00:00,14356.91063165544
2025-06-07 06:00:00,-0.0
2025-06-07 07:00:00,-0.0
2025-06-07 08:00:00,-0.0
2025-06-07 09:00:00,-0.0
2025-06-07 10:00:00,-0.0
2025-06-07 11:00:00,13594.826630588566
2025-06-07 12:00:00,34073.245293998465
2025-06-07 13:00:00,54136.50181627723
2025-06-07 14:00:00,73667.5707420482
2025-06-07 15:00:00,92348.51192777336
2025-06-07 16:00:00,110028.94985797207
2025-06-07 17:00:00,122400.0
2025-06-07 18:00:00,122400.0
2025-06-07 19:00:00,98331.92390690879
2025-06-07 20:00:00,98331.92390690879
2025-06-07 21:00:00,68485.60776707677
2025-06-07 22:00:00,68485.60776707677
2025-06-07 23:00:00,68485.60776707677
2025-06-08 00:00:00,68485.60776707677
2025-06-08 01:00:00,43795.56413969452
2025-06-08 02:00:00,43795.56413969452
2025-06-08 03:00:00,22474.0623797923
2025-06-08 04:00:00,-0.0
2025-06-08 05:00:00,-0.0
2025-06-08 06:00:00,-0.0
2025-06-08 07:00:00,-0.0
2025-06-08 08:00:00,-0.0
2025-06-08 09:00:00,-0.0
2025-06-08 10:00:00,-0.0
2025-06-08 11:00:00,10793.844341512264
2025-06-08 12:00:00,32054.154673992016
2025-06-08 13:00:00,53883.69526833411
2025-06-08 14:00:00,74995.81365711862
2025-06-08 15:00:00,94201.13835158263
2025-06-08 16:00:00,110669.28758028429
2025-06-08 17:00:00,122400.0
2025-06-08 18:00:00,122400.0
2025-06-08 19:00:00,97595.12240825113
2025-06-08 20:00:00,66943.080436891
2025-06-08 21:00:00,66943.080436891
2025-06-08 22:00:00,66943.080436891
2025-06-08 23:00:00,66943.080436891
2025-06-09 00:00:00,66943.080436891
2025-06-09 01:00:00,66943.080436891
2025-06-09 02:00:00,43562.64298154648
2025-06-09 03:00:00,40318.57646095089
2025-06-09 04:00:00,40318.57646095089
2025-06-09 05:00:00,16503.99942654098
2025-06-09 06:00:00,-0.0
2025-06-09 07:00:00,-0.0
2025-06-09 08:00:00,-0.0
2025-06-09 09:00:00,-0.0
2025-06-09 10:00:00,4396.918417053941
2025-06-09 11:00:00,23760.874275147842
2025-06-09 12:00:00,43874.31647046708
2025-06-09 13:00:00,63688.77862335298
2025-06-09 14:00:00,82324.42361144969
2025-06-09 15:00:00,99476.98249008616
2025-06-09 16:00:00,113964.17738585817
2025-06-09 17:00:00,122400.0
2025-06-09 18:00:00,122400.0
2025-06-09 19:00:00,94841.84165147066
2025-06-09 20:00:00,94841.84165147066
2025-06-09 21:00:00,94841.84165147066
2025-06-09 22:00:00,79567.50799146107
2025-06-09 23:00:00,51091.047590488095
2025-06-10 00:00:00,24023.63844903115
2025-06-10 01:00:00,24023.63844903115
2025-06-10 02:00:00,24023.63844903115
2025-06-10 03:00:00,-0.0
2025-06-10 04:00:00,-0.0
2025-06-10 05:00:00,-0.0
2025-06-10 06:00:00,-0.0
2025-06-10 07:00:00,-0.0
2025-06-10 08:00:00,-0.0
2025-06-10 09:00:00,-0.0
2025-06-10 10:00:00,10254.972437365392
2025-06-10 11:00:00,29515.942271216354
2025-06-10 12:00:00,49398.603647683136
2025-06-10 13:00:00,67972.74804454092
2025-06-10 14:00:00,85017.35243351705
2025-06-10 15:00:00,100939.42837710175
2025-06-10 16:00:00,114653.59706375869
2025-06-10 17:00:00,122400.0
2025-06-10 18:00:00,122400.0
2025-06-10 19:00:00,94458.50148824451
2025-06-10 20:00:00,94458.50148824451
2025-06-10 21:00:00,94458.50148824451
2025-06-10 22:00:00,94458.50148824451
2025-06-10 23:00:00,75184.86361314871
2025-06-11 00:00:00,75184.86361314871
2025-06-11 01:00:00,49139.61800191592
2025-06-11 02:00:00,24427.94906226551
2025-06-11 03:00:00,24427.94906226551
2025-06-11 04:00:00,-0.0
2025-06-11 05:00:00,-0.0
2025-06-11 06:00:00,-0.0
2025-06-11 07:00:00,-0.0
2025-06-11 08:00:00,-0.0
2025-06-11 09:00:00,-0.0
2025-06-11 10:00:00,-0.0
2025-06-11 11:00:00,19135.471575737614
2025-06-11 12:00:00,38944.6526623979
2025-06-11 13:00:00,58549.69325395572
2025-06-11 14:00:00,77809.3942920374
2025-06-11 15:00:00,95981.98398257849
2025-06-11 16:00:00,111952.23620368185
2025-06-11 17:00:00,122400.0
2025-06-11 18:00:00,122400.0
2025-06-11 19:00:00,122400.0
2025-06-11 20:00:00,89968.27116786216
2025-06-11 21:00:00,89968.27116786216
2025-06-11 22:00:00,89968.27116786216
2025-06-11 23:00:00,75669.50754220788
2025-06-12 00:00:00,48766.64787508108
2025-06-12 01:00:00,48766.64787508108
2025-06-12 02:00:00,24222.65960750204
2025-06-12 03:00:00,-0.0
2025-06-12 04:00:00,-0.0
2025-06-12 05:00:00,-0.0
2025-06-12 06:00:00,-0.0
2025-06-12 07:00:00,-0.0
2025-06-12 08:00:00,-0.0
2025-06-12 09:00:00,-0.0
2025-06-12 10:00:00,-0.0
2025-06-12 11:00:00,16914.903462990897
2025-06-12 12:00:00,36559.673787271546
2025-06-12 13:00:00,56236.11493732143
2025-06-12 14:00:00,75331.03909688801
2025-06-12 15:00:00,93901.2238233494
2025-06-12 16:00:00,110440.88711376555
2025-06-12 17:00:00,122400.0
2025-06-12 18:00:00,122400.0
2025-06-12 19:00:00,122400.0
2025-06-12 20:00:00,122400.0
2025-06-12 21:00:00,91151.67077079021
2025-06-12 22:00:00,88244.4253436899
2025-06-12 23:00:00,88244.4253436899
2025-06-13 00:00:00,88244.4253436899
2025-06-13 01:00:00,62777.719226224785
2025-06-13 02:00:00,62777.719226224785
2025-06-13 03:00:00,39164.0857691644
2025-06-13 04:00:00,15520.349014134414
2025-06-13 05:00:00,15520.349014134414
2025-06-13 06:00:00,-0.0
2025-06-13 07:00:00,-0.0
2025-06-13 08:00:00,-0.0
2025-06-13 09:00:00,-0.0
2025-06-13 10:00:00,2387.9056475859506
2025-06-13 11:00:00,22558.157310474417
2025-06-13 12:00:00,43045.42848121571
2025-06-13 13:00:00,63077.48117772013
2025-06-13 14:00:00,81316.0699652623
2025-06-13 15:00:00,97975.70757121663
2025-06-13 16:00:00,111656.06672175876
2025-06-13 17:00:00,122400.0
2025-06-13 18:00:00,122400.0
2025-06-13 19:00:00,122400.0
2025-06-13 20:00:00,122400.0
2025-06-13 21:00:00,122400.0
2025-06-13 22:00:00,92826.3361791512
2025-06-13 23:00:00,92826.3361791512
2025-06-14 00:00:00,66315.86691013192
2025-06-14 01:00:00,41161.410685343035
2025-06-14 02:00:00,17094.63144624622
2025-06-14 03:00:00,17094.63144624622
2025-06-14 04:00:00,13183.396087551282
2025-06-14 05:00:00,13183.396087551282
2025-06-14 06:00:00,-0.0
2025-06-14 07:00:00,-0.0
2025-06-14 08:00:00,-0.0
2025-06-14 09:00:00,-0.0
2025-06-14 10:00:00,-0.0
2025-06-14 11:00:00,21030.720951028285
2025-06-14 12:00:00,43391.75817462481
2025-06-14 13:00:00,64580.458811518445
2025-06-14 14:00:00,84653.04472240926
2025-06-14 15:00:00,101948.55235955003
2025-06-14 16:00:00,114987.02248109369
2025-06-14 17:00:00,122400.0
2025-06-14 18:00:00,115133.18252735004
2025-06-14 19:00:00,115133.18252735004
2025-06-14 20:00:00,115133.18252735004
2025-06-14 21:00:00,84913.32880903008
2025-06-14 22:00:00,79424.41125265237
2025-06-14 23:00:00,79424.41125265237
2025-06-15 00:00:00,79424.41125265237
2025-06-15 01:00:00,79424.41125265237
2025-06-15 02:00:00,55995.92193416903
2025-06-15 03:00:00,55995.92193416903
2025-06-15 04:00:00,33832.421777470336
2025-06-15 05:00:00,11889.589556650411
2025-06-15 06:00:00,-0.0
2025-06-15 07:00:00,-0.0
2025-06-15 08:00:00,-0.0
2025-06-15 09:00:00,-0.0
2025-06-15 10:00:00,-0.0
2025-06-15 11:00:00,14128.455286339286
2025-06-15 12:00:00,37975.48481564008
2025-06-15 13:00:00,60386.75710037607
2025-06-15 14:00:00,81124.57516799569
2025-06-15 15:00:00,99169.18468698948
2025-06-15 16:00:00,113881.2635067647
2025-06-15 17:00:00,122400.0
2025-06-15 18:00:00,122400.0
2025-06-15 19:00:00,95393.0128383298
2025-06-15 20:00:00,95393.0128383298
2025-06-15 21:00:00,95393.0128383298
2025-06-15 22:00:00,65185.66904732093
2025-06-15 23:00:00,65185.66904732093
2025-06-16 00:00:00,38881.61804286098
2025-06-16 01:00:00,38881.61804286098
2025-06-16 02:00:00,38881.61804286098
2025-06-16 03:00:00,23936.862526169432
2025-06-16 04:00:00,23936.862526169432
2025-06-16 05:00:00,-0.0
2025-06-16 06:00:00,-0.0
2025-06-16 07:00:00,-0.0
2025-06-16 08:00:00,-0.0
2025-06-16 09:00:00,-0.0
2025-06-16 10:00:00,12282.85632797096
2025-06-16 11:00:00,31187.390895401266
2025-06-16 12:00:00,50156.960202585746
2025-06-16 13:00:00,68990.91705229231
2025-06-16 14:00:00,86444.71325160767
2025-06-16 15:00:00,102070.49022334404
2025-06-16 16:00:00,114600.01955512665
2025-06-16 17:00:00,122400.0
2025-06-16 18:00:00,122400.0
2025-06-16 19:00:00,122400.0
2025-06-16 20:00:00,122400.0
2025-06-16 21:00:00,87757.73809812545
2025-06-16 22:00:00,87757.73809812545
2025-06-16 23:00:00,87757.73809812545
2025-06-17 00:00:00,87757.73809812545
2025-06-17 01:00:00,74201.85207653863
2025-06-17 02:00:00,74201.85207653863
2025-06-17 03:00:00,49630.902907410506
2025-06-17 04:00:00,25105.033947966665
2025-06-17 05:00:00,-0.0
2025-06-17 06:00:00,-0.0
2025-06-17 07:00:00,-0.0
2025-06-17 08:00:00,-0.0
2025-06-17 09:00:00,-0.0
2025-06-17 10:00:00,16075.644329634404
2025-06-17 11:00:00,34709.32618934331
2025-06-17 12:00:00,53784.283258828335
2025-06-17 13:00:00,72346.76373228477
2025-06-17 14:00:00,89450.25980466361
2025-06-17 15:00:00,104535.92209950204
2025-06-17 16:00:00,116075.8193660339
2025-06-17 17:00:00,122400.0
2025-06-17 18:00:00,122400.0
2025-06-17 19:00:00,122400.0
2025-06-17 20:00:00,122400.0
2025-06-17 21:00:00,87753.1023350537
2025-06-17 22:00:00,82513.8717680102
2025-06-17 23:00:00,52429.37616167961
2025-06-18 00:00:00,52429.37616167961
2025-06-18 01:00:00,25522.918265294407
2025-06-18 02:00:00,25522.918265294407
2025-06-18 03:00:00,25522.918265294407
2025-06-18 04:00:00,25522.918265294407
2025-06-18 05:00:00,-0.0
2025-06-18 06:00:00,-0.0
2025-06-18 07:00:00,-0.0
2025-06-18 08:00:00,-0.0
2025-06-18 09:00:00,8514.907058729816
2025-06-18 10:00:00,25666.536859987482
2025-06-18 11:00:00,43732.94528074155
2025-06-18 12:00:00,61623.36083714817
2025-06-18 13:00:00,78764.7885087344
2025-06-18 14:00:00,94434.62046667137
2025-06-18 15:00:00,107881.9733896917
2025-06-18 16:00:00,117966.17345825079
2025-06-18 17:00:00,122400.0
2025-06-18 18:00:00,112935.73073017763
2025-06-18 19:00:00,82391.58058915481
2025-06-18 20:00:00,82391.58058915481
2025-06-18 21:00:00,46599.446573234716
2025-06-18 22:00:00,46599.446573234716
2025-06-18 23:00:00,46599.446573234716
2025-06-19 00:00:00,17832.758410593044
2025-06-19 01:00:00,17832.758410593044
2025-06-19 02:00:00,17832.758410593044
2025-06-19 03:00:00,17832.758410593044
2025-06-19 04:00:00,17832.758410593044
2025-06-19 05:00:00,-0.0
2025-06-19 06:00:00,-0.0
2025-06-19 07:00:00,-0.0
2025-06-19 08:00:00,-0.0
2025-06-19 09:00:00,-0.0
2025-06-19 10:00:00,6092.284379195975
2025-06-19 11:00:00,25616.00223667575
2025-06-19 12:00:00,45590.65295211073
2025-06-19 13:00:00,64876.629287045
2025-06-19 14:00:00,82951.53661253353
2025-06-19 15:00:00,99991.83703563974
2025-06-19 16:00:00,114466.51445048265
2025-06-19 17:00:00,122400.0
2025-06-19 18:00:00,115608.04706176417
2025-06-19 19:00:00,115608.04706176417
2025-06-19 20:00:00,115608.04706176417
2025-06-19 21:00:00,115608.04706176417
2025-06-19 22:00:00,115608.04706176417
2025-06-19 23:00:00,87069.64437385742
2025-06-20 00:00:00,87069.64437385742
2025-06-20 01:00:00,87069.64437385742
2025-06-20 02:00:00,63550.54173943581
2025-06-20 03:00:00,39913.163333060584
2025-06-20 04:00:00,39913.163333060584
2025-06-20 05:00:00,15623.619923868537
2025-06-20 06:00:00,-0.0
2025-06-20 07:00:00,-0.0
2025-06-20 08:00:00,-0.0
2025-06-20 09:00:00,-0.0
2025-06-20 10:00:00,8087.871086364112
2025-06-20 11:00:00,23532.551137283273
2025-06-20 12:00:00,40320.70439692424
2025-06-20 13:00:00,57713.421526829974
2025-06-20 14:00:00,75386.04427397544
2025-06-20 15:00:00,92459.16430752605
2025-06-20 16:00:00,109463.51915985346
2025-06-20 17:00:00,122400.0
2025-06-20 18:00:00,121556.30395449908
2025-06-20 19:00:00,98800.60051772566
2025-06-20 20:00:00,98800.60051772566
2025-06-20 21:00:00,98800.60051772566
2025-06-20 22:00:00,95705.17319802711
2025-06-20 23:00:00,95705.17319802711
2025-06-21 00:00:00,69687.19741757258
2025-06-21 01:00:00,69687.19741757258
2025-06-21 02:00:00,46068.318168781465
2025-06-21 03:00:00,23005.35686234661
2025-06-21 04:00:00,-0.0
2025-06-21 05:00:00,-0.0
2025-06-21 06:00:00,-0.0
2025-06-21 07:00:00,-0.0
2025-06-21 08:00:00,-0.0
2025-06-21 09:00:00,-0.0
2025-06-21 10:00:00,8271.487378564394
2025-06-21 11:00:00,23995.90651100553
2025-06-21 12:00:00,39789.36777620991
2025-06-21 13:00:00,55238.980980930886
2025-06-21 14:00:00,71881.06250395032
2025-06-21 15:00:00,89186.30343483435
2025-06-21 16:00:00,106518.31873378818
2025-06-21 17:00:00,121132.3623693102
2025-06-21 18:00:00,122400.0
2025-06-21 19:00:00,122400.0
2025-06-21 20:00:00,104222.11257390802
2025-06-21 21:00:00,104222.11257390802
2025-06-21 22:00:00,104222.11257390802
2025-06-21 23:00:00,78833.16539259323
2025-06-22 00:00:00,78833.16539259323
2025-06-22 01:00:00,55030.247618660185
2025-06-22 02:00:00,55030.247618660185
2025-06-22 03:00:00,55030.247618660185
2025-06-22 04:00:00,33395.49449907153
2025-06-22 05:00:00,12053.600713763008
2025-06-22 06:00:00,-0.0
2025-06-22 07:00:00,-0.0
2025-06-22 08:00:00,-0.0
2025-06-22 09:00:00,-0.0
2025-06-22 10:00:00,6566.984690374426
2025-06-22 11:00:00,24488.840188840815
2025-06-22 12:00:00,43401.988169205135
2025-06-22 13:00:00,61082.971726748154
2025-06-22 14:00:00,77763.88465414304
2025-06-22 15:00:00,93183.5818046784
2025-06-22 16:00:00,108877.45971908841
2025-06-22 17:00:00,121491.00106480744
2025-06-22 18:00:00,122400.0
2025-06-22 19:00:00,122400.0
2025-06-22 20:00:00,122400.0
2025-06-22 21:00:00,93188.6306167782
2025-06-22 22:00:00,93188.6306167782
2025-06-22 23:00:00,84479.75529671196
2025-06-23 00:00:00,84479.75529671196
2025-06-23 01:00:00,60910.24577894121
2025-06-23 02:00:00,60910.24577894121
2025-06-23 03:00:00,38714.87474925052
2025-06-23 04:00:00,16180.496658315515
2025-06-23 05:00:00,16180.496658315515
2025-06-23 06:00:00,-0.0
2025-06-23 07:00:00,-0.0
2025-06-23 08:00:00,-0.0
2025-06-23 09:00:00,-0.0
2025-06-23 10:00:00,-0.0
2025-06-23 11:00:00,16554.68806332593
2025-06-23 12:00:00,37750.452677699446
2025-06-23 13:00:00,58881.62031594216
2025-06-23 14:00:00,79435.8711427451
2025-06-23 15:00:00,97856.94600996042
2025-06-23 16:00:00,113237.57182945206
2025-06-23 17:00:00,122400.0
2025-06-23 18:00:00,122400.0
2025-06-23 19:00:00,96873.52783593918
2025-06-23 20:00:00,96873.52783593918
2025-06-23 21:00:00,91875.65577021075
2025-06-23 22:00:00,91875.65577021075
2025-06-23 23:00:00,91875.65577021075
2025-06-24 00:00:00,65819.8605234774
2025-06-24 01:00:00,40824.50157267908
2025-06-24 02:00:00,16832.07149851965
2025-06-24 03:00:00,16832.07149851965
2025-06-24 04:00:00,16832.07149851965
2025-06-24 05:00:00,16832.07149851965
2025-06-24 06:00:00,-0.0
2025-06-24 07:00:00,-0.0
2025-06-24 08:00:00,-0.0
2025-06-24 09:00:00,-0.0
2025-06-24 10:00:00,4536.714106830565
2025-06-24 11:00:00,23236.992395276957
2025-06-24 12:00:00,43025.485691152455
2025-06-24 13:00:00,62691.57826395203
2025-06-24 14:00:00,81668.16332690232
2025-06-24 15:00:00,99584.30709698537
2025-06-24 16:00:00,113945.31516580391
2025-06-24 17:00:00,122400.0
2025-06-24 18:00:00,122400.0
2025-06-24 19:00:00,98041.5147348876
2025-06-24 20:00:00,98041.5147348876
2025-06-24 21:00:00,68603.84334228079
2025-06-24 22:00:00,68603.84334228079
2025-06-24 23:00:00,41108.89964762818
2025-06-25 00:00:00,41108.89964762818
2025-06-25 01:00:00,41108.89964762818
2025-06-25 02:00:00,41108.89964762818
2025-06-25 03:00:00,41108.89964762818
2025-06-25 04:00:00,17497.30587972432
2025-06-25 05:00:00,17497.30587972432
2025-06-25 06:00:00,-0.0
2025-06-25 07:00:00,-0.0
2025-06-25 08:00:00,-0.0
2025-06-25 09:00:00,-0.0
2025-06-25 10:00:00,7008.531223414819
2025-06-25 11:00:00,25295.049075383416
2025-06-25 12:00:00,44384.8324529423
2025-06-25 13:00:00,63984.49611614755
2025-06-25 14:00:00,82843.63510991522
2025-06-25 15:00:00,99996.7090211377
2025-06-25 16:00:00,114144.9124779084
2025-06-25 17:00:00,122400.0
2025-06-25 18:00:00,122400.0
2025-06-25 19:00:00,95785.69752614922
2025-06-25 20:00:00,95785.69752614922
2025-06-25 21:00:00,95785.69752614922
2025-06-25 22:00:00,64816.29865676776
2025-06-25 23:00:00,49650.92014900364
2025-06-26 00:00:00,49650.92014900364
2025-06-26 01:00:00,49650.92014900364
2025-06-26 02:00:00,24761.77349681929
2025-06-26 03:00:00,24761.77349681929
2025-06-26 04:00:00,24761.77349681929
2025-06-26 05:00:00,-0.0
2025-06-26 06:00:00,-0.0
2025-06-26 07:00:00,-0.0
2025-06-26 08:00:00,-0.0
2025-06-26 09:00:00,-0.0
2025-06-26 10:00:00,8704.385449842528
2025-06-26 11:00:00,27078.141012423053
2025-06-26 12:00:00,46477.80493680485
2025-06-26 13:00:00,65175.302855534974
2025-06-26 14:00:00,83311.88977846174
2025-06-26 15:00:00,100119.83384209087
2025-06-26 16:00:00,114007.6512091449
2025-06-26 17:00:00,122400.0
2025-06-26 18:00:00,122400.0
2025-06-26 19:00:00,122400.0
2025-06-26 20:00:00,122400.0
2025-06-26 21:00:00,89102.73562371387
2025-06-26 22:00:00,57691.91246361929
2025-06-26 23:00:00,57691.91246361929
2025-06-27 00:00:00,50907.71106107946
2025-06-27 01:00:00,24878.07910763311
2025-06-27 02:00:00,24878.07910763311
2025-06-27 03:00:00,24878.07910763311
2025-06-27 04:00:00,24878.07910763311
2025-06-27 05:00:00,-0.0
2025-06-27 06:00:00,-0.0
2025-06-27 07:00:00,-0.0
2025-06-27 08:00:00,-0.0
2025-06-27 09:00:00,2421.6716493679924
2025-06-27 10:00:00,19390.61777284036
2025-06-27 11:00:00,37383.65129451399
2025-06-27 12:00:00,55970.09114285346
2025-06-27 13:00:00,74249.0342049861
2025-06-27 14:00:00,91391.36654006822
2025-06-27 15:00:00,106374.44197611357
2025-06-27 16:00:00,117569.07245397077
2025-06-27 17:00:00,122400.0
2025-06-27 18:00:00,122400.0
2025-06-27 19:00:00,122400.0
2025-06-27 20:00:00,87202.02109437362
2025-06-27 21:00:00,87202.02109437362
2025-06-27 22:00:00,87202.02109437362
2025-06-27 23:00:00,87202.02109437362
2025-06-28 00:00:00,87202.02109437362
2025-06-28 01:00:00,60729.74434236655
2025-06-28 02:00:00,35599.97060755953
2025-06-28 03:00:00,35599.97060755953
2025-06-28 04:00:00,16399.853668716372
2025-06-28 05:00:00,16399.853668716372
2025-06-28 06:00:00,-0.0
2025-06-28 07:00:00,-0.0
2025-06-28 08:00:00,-0.0
2025-06-28 09:00:00,-0.0
2025-06-28 10:00:00,11216.694264957463
2025-06-28 11:00:00,30825.02528834625
2025-06-28 12:00:00,51185.05547539387
2025-06-28 13:00:00,70749.6058711746
2025-06-28 14:00:00,89047.08607979791
2025-06-28 15:00:00,104763.53975316408
2025-06-28 16:00:00,116795.82728016283
2025-06-28 17:00:00,122400.0
2025-06-28 18:00:00,114200.83956672161
2025-06-28 19:00:00,84901.35097375947
2025-06-28 20:00:00,84901.35097375947
2025-06-28 21:00:00,84901.35097375947
2025-06-28 22:00:00,84901.35097375947
2025-06-28 23:00:00,84901.35097375947
2025-06-29 00:00:00,74246.91597790658
2025-06-29 01:00:00,48131.27867627813
2025-06-29 02:00:00,23302.0723991104
2025-06-29 03:00:00,23302.0723991104
2025-06-29 04:00:00,-0.0
2025-06-29 05:00:00,-0.0
2025-06-29 06:00:00,-0.0
2025-06-29 07:00:00,-0.0
2025-06-29 08:00:00,-0.0
2025-06-29 09:00:00,-0.0
2025-06-29 10:00:00,2705.729005556761
2025-06-29 11:00:00,23533.229409628442
2025-06-29 12:00:00,44910.58025983849
2025-06-29 13:00:00,65566.71645428876
2025-06-29 14:00:00,84344.0426453282
2025-06-29 15:00:00,101357.77643530114
2025-06-29 16:00:00,114797.39788172666
2025-06-29 17:00:00,122400.0
2025-06-29 18:00:00,122400.0
2025-06-29 19:00:00,122400.0
2025-06-29 20:00:00,87640.97880745801
2025-06-29 21:00:00,76672.07513681936
2025-06-29 22:00:00,45078.579931843065
2025-06-29 23:00:00,45078.579931843065
2025-06-30 00:00:00,17529.690335382176
2025-06-30 01:00:00,17529.690335382176
2025-06-30 02:00:00,17529.690335382176
2025-06-30 03:00:00,17529.690335382176
2025-06-30 04:00:00,17529.690335382176
2025-06-30 05:00:00,17529.690335382176
2025-06-30 06:00:00,-0.0
2025-06-30 07:00:00,-0.0
2025-06-30 08:00:00,-0.0
2025-06-30 09:00:00,4010.1334632487233
2025-06-30 10:00:00,20702.52882829337
2025-06-30 11:00:00,38457.63913004106
2025-06-30 12:00:00,56232.63954354977
2025-06-30 13:00:00,73866.70555983936
2025-06-30 14:00:00,90851.43532567518
2025-06-30 15:00:00,105379.87330625937
2025-06-30 16:00:00,116430.31466764999
2025-06-30 17:00:00,122400.0
2025-06-30 18:00:00,114347.73071480921
2025-06-30 19:00:00,84614.62132546771
2025-06-30 20:00:00,84614.62132546771
2025-06-30 21:00:00,84614.62132546771
2025-06-30 22:00:00,51646.70617987456
2025-06-30 23:00:00,51646.70617987456
2025-07-01 00:00:00,50386.636361581855
2025-07-01 01:00:00,50386.636361581855
2025-07-01 02:00:00,50386.636361581855
2025-07-01 03:00:00,25529.017931569353
2025-07-01 04:00:00,25529.017931569353
2025-07-01 05:00:00,-0.0
2025-07-01 06:00:00,-0.0
2025-07-01 07:00:00,-0.0
2025-07-01 08:00:00,8256.335624113264
2025-07-01 09:00:00,20252.64478967394
2025-07-01 10:00:00,34187.227815550126
2025-07-01 11:00:00,49276.57145256775
2025-07-01 12:00:00,64114.093562448805
2025-07-01 13:00:00,77499.83239164566
2025-07-01 14:00:00,89370.65364054882
2025-07-01 15:00:00,99702.97375491723
2025-07-01 16:00:00,108059.68496571343
2025-07-01 17:00:00,110071.57940724728
2025-07-01 18:00:00,98913.03369948454
2025-07-01 19:00:00,98913.03369948454
2025-07-01 20:00:00,63073.88688424291
2025-07-01 21:00:00,63073.88688424291
2025-07-01 22:00:00,31917.198981790938
2025-07-01 23:00:00,31917.198981790938
2025-07-02 00:00:00,31917.198981790938
2025-07-02 01:00:00,31917.198981790938
2025-07-02 02:00:00,5207.493148379297
2025-07-02 03:00:00,5207.493148379297
2025-07-02 04:00:00,5207.493148379297
2025-07-02 05:00:00,5207.493148379297
2025-07-02 06:00:00,5207.493148379297
2025-07-02 07:00:00,-0.0
2025-07-02 08:00:00,4516.450651291945
2025-07-02 09:00:00,13801.663378416826
2025-07-02 10:00:00,24306.567345794363
2025-07-02 11:00:00,36747.80788676812
2025-07-02 12:00:00,51728.41126585466
2025-07-02 13:00:00,66807.56182383752
2025-07-02 14:00:00,81643.74865612746
2025-07-02 15:00:00,94165.9873673347
2025-07-02 16:00:00,103041.49168036523
2025-07-02 17:00:00,106402.37366878314
2025-07-02 18:00:00,106402.37366878314
2025-07-02 19:00:00,106402.37366878314
2025-07-02 20:00:00,106402.37366878314
2025-07-02 21:00:00,106402.37366878314
2025-07-02 22:00:00,106402.37366878314
2025-07-02 23:00:00,106402.37366878314
2025-07-03 00:00:00,78171.86254592414
2025-07-03 01:00:00,51166.38716689429
2025-07-03 02:00:00,51166.38716689429
2025-07-03 03:00:00,51166.38716689429
2025-07-03 04:00:00,26155.721342921217
2025-07-03 05:00:00,413.0065535218144
2025-07-03 06:00:00,413.0065535218144
2025-07-03 07:00:00,-0.0
2025-07-03 08:00:00,1959.5903607811379
2025-07-03 09:00:00,15064.312638611456
2025-07-03 10:00:00,30296.22654615739
2025-07-03 11:00:00,46567.5362248928
2025-07-03 12:00:00,63355.19554611016
2025-07-03 13:00:00,79763.00096084282
2025-07-03 14:00:00,95540.25312801766
2025-07-03 15:00:00,108349.86718143112
2025-07-03 16:00:00,117932.01813937112
2025-07-03 17:00:00,122400.0
2025-07-03 18:00:00,122400.0
2025-07-03 19:00:00,122400.0
2025-07-03 20:00:00,122400.0
2025-07-03 21:00:00,122400.0
2025-07-03 22:00:00,122400.0
2025-07-03 23:00:00,122400.0
2025-07-04 00:00:00,122400.0
2025-07-04 01:00:00,96204.6639863193
2025-07-04 02:00:00,71578.95437135671
2025-07-04 03:00:00,47568.74512786357
2025-07-04 04:00:00,23741.49053357388
2025-07-04 05:00:00,-0.0
2025-07-04 06:00:00,-0.0
2025-07-04 07:00:00,-0.0
2025-07-04 08:00:00,-0.0
2025-07-04 09:00:00,-0.0
2025-07-04 10:00:00,-0.0
2025-07-04 11:00:00,8791.80858101981
2025-07-04 12:00:00,31073.920816142345
2025-07-04 13:00:00,53330.06645720932
2025-07-04 14:00:00,74833.3226857954
2025-07-04 15:00:00,94449.18984962857
2025-07-04 16:00:00,111052.89103859737
2025-07-04 17:00:00,122400.0
2025-07-04 18:00:00,120337.53957234012
2025-07-04 19:00:00,120337.53957234012
2025-07-04 20:00:00,102328.06356503488
2025-07-04 21:00:00,102328.06356503488
2025-07-04 22:00:00,73453.11135464895
2025-07-04 23:00:00,73453.11135464895
2025-07-05 00:00:00,47159.6711293823
2025-07-05 01:00:00,47159.6711293823
2025-07-05 02:00:00,23218.128364084645
2025-07-05 03:00:00,-0.0
2025-07-05 04:00:00,-0.0
2025-07-05 05:00:00,-0.0
2025-07-05 06:00:00,-0.0
2025-07-05 07:00:00,-0.0
2025-07-05 08:00:00,-0.0
2025-07-05 09:00:00,-0.0
2025-07-05 10:00:00,-0.0
2025-07-05 11:00:00,8224.622522154437
2025-07-05 12:00:00,31040.497954849692
2025-07-05 13:00:00,53679.11801500464
2025-07-05 14:00:00,75890.82070525947
2025-07-05 15:00:00,96353.35295036196
2025-07-05 16:00:00,113784.87836896411
2025-07-05 17:00:00,122400.0
2025-07-05 18:00:00,122400.0
2025-07-05 19:00:00,97430.17739191318
2025-07-05 20:00:00,97430.17739191318
2025-07-05 21:00:00,97430.17739191318
2025-07-05 22:00:00,86540.92570054205
2025-07-05 23:00:00,86540.92570054205
2025-07-06 00:00:00,60448.19115902811
2025-07-06 01:00:00,60448.19115902811
2025-07-06 02:00:00,36768.79494419088
2025-07-06 03:00:00,36768.79494419088
2025-07-06 04:00:00,36768.79494419088
2025-07-06 05:00:00,14422.858674763003
2025-07-06 06:00:00,-0.0
2025-07-06 07:00:00,-0.0
2025-07-06 08:00:00,-0.0
2025-07-06 09:00:00,-0.0
2025-07-06 10:00:00,-0.0
2025-07-06 11:00:00,9475.491298672085
2025-07-06 12:00:00,32400.84794368839
2025-07-06 13:00:00,55691.31537350447
2025-07-06 14:00:00,77510.47524789636
2025-07-06 15:00:00,96687.63925245049
2025-07-06 16:00:00,112312.04626801523
2025-07-06 17:00:00,122400.0
2025-07-06 18:00:00,122400.0
2025-07-06 19:00:00,122400.0
2025-07-06 20:00:00,122400.0
2025-07-06 21:00:00,90088.1682874827
2025-07-06 22:00:00,90088.1682874827
2025-07-06 23:00:00,90088.1682874827
2025-07-07 00:00:00,90088.1682874827
2025-07-07 01:00:00,64480.79453596707
2025-07-07 02:00:00,39410.90530119989
2025-07-07 03:00:00,14856.759033559289
2025-07-07 04:00:00,-0.0
2025-07-07 05:00:00,-0.0
2025-07-07 06:00:00,-0.0
2025-07-07 07:00:00,-0.0
2025-07-07 08:00:00,-0.0
2025-07-07 09:00:00,-0.0
2025-07-07 10:00:00,14077.902532211087
2025-07-07 11:00:00,32965.824470815525
2025-07-07 12:00:00,52079.54905763666
2025-07-07 13:00:00,70836.17762365814
2025-07-07 14:00:00,88687.50157775127
2025-07-07 15:00:00,103987.07878420367
2025-07-07 16:00:00,115938.96686092767
2025-07-07 17:00:00,122400.0
2025-07-07 18:00:00,122400.0
2025-07-07 19:00:00,93437.3161156277
2025-07-07 20:00:00,93437.3161156277
2025-07-07 21:00:00,93437.3161156277
2025-07-07 22:00:00,93437.3161156277
2025-07-07 23:00:00,63790.211963170696
2025-07-08 00:00:00,63790.211963170696
2025-07-08 01:00:00,63790.211963170696
2025-07-08 02:00:00,38182.02978064182
2025-07-08 03:00:00,38182.02978064182
2025-07-08 04:00:00,38182.02978064182
2025-07-08 05:00:00,12475.255202839871
2025-07-08 06:00:00,-0.0
2025-07-08 07:00:00,-0.0
2025-07-08 08:00:00,-0.0
2025-07-08 09:00:00,11386.636625564191
2025-07-08 10:00:00,26540.270223468542
2025-07-08 11:00:00,42538.523257231995
2025-07-08 12:00:00,60165.249380769805
2025-07-08 13:00:00,77301.24165904478
2025-07-08 14:00:00,93806.27746008532
2025-07-08 15:00:00,107453.90105289004
2025-07-08 16:00:00,117431.60461664242
2025-07-08 17:00:00,122400.0
2025-07-08 18:00:00,113988.07450552315
2025-07-08 19:00:00,113988.07450552315
2025-07-08 20:00:00,113988.07450552315
2025-07-08 21:00:00,113988.07450552315
2025-07-08 22:00:00,113988.07450552315
2025-07-08 23:00:00,113988.07450552315
2025-07-09 00:00:00,84930.55464754638
2025-07-09 01:00:00,79910.4601175148
2025-07-09 02:00:00,79910.4601175148
2025-07-09 03:00:00,54068.76772514527
2025-07-09 04:00:00,28324.533374031435
2025-07-09 05:00:00,2154.8659933566278
2025-07-09 06:00:00,2154.8659933566278
2025-07-09 07:00:00,-0.0
2025-07-09 08:00:00,-0.0
2025-07-09 09:00:00,13290.709038522571
2025-07-09 10:00:00,29679.30199885525
2025-07-09 11:00:00,46978.99703047763
2025-07-09 12:00:00,64044.88189262911
2025-07-09 13:00:00,81165.36896987158
2025-07-09 14:00:00,96492.36195389584
2025-07-09 15:00:00,109450.94244227294
2025-07-09 16:00:00,118277.21062189496
2025-07-09 17:00:00,122400.0
2025-07-09 18:00:00,122400.0
2025-07-09 19:00:00,122400.0
2025-07-09 20:00:00,122400.0
2025-07-09 21:00:00,86560.85318475837
2025-07-09 22:00:00,86560.85318475837
2025-07-09 23:00:00,60946.453769772736
2025-07-10 00:00:00,31226.030179735273
2025-07-10 01:00:00,31226.030179735273
2025-07-10 02:00:00,4482.002649012308
2025-07-10 03:00:00,4482.002649012308
2025-07-10 04:00:00,4482.002649012308
2025-07-10 05:00:00,4482.002649012308
2025-07-10 06:00:00,4482.002649012308
2025-07-10 07:00:00,2462.887568705917
2025-07-10 08:00:00,11221.583488118402
2025-07-10 09:00:00,23897.04506721455
2025-07-10 10:00:00,39534.53567303962
2025-07-10 11:00:00,56235.951218890405
2025-07-10 12:00:00,73037.50352459493
2025-07-10 13:00:00,88976.64547350557
2025-07-10 14:00:00,102846.29184791207
2025-07-10 15:00:00,113826.60081232661
2025-07-10 16:00:00,120848.78694529935
2025-07-10 17:00:00,122400.0
2025-07-10 18:00:00,122400.0
2025-07-10 19:00:00,122400.0
2025-07-10 20:00:00,86560.85318475837
2025-07-10 21:00:00,82378.61829059685
2025-07-10 22:00:00,82378.61829059685
2025-07-10 23:00:00,49628.627496149784
2025-07-11 00:00:00,49628.627496149784
2025-07-11 01:00:00,20788.813299754816
2025-07-11 02:00:00,20788.813299754816
2025-07-11 03:00:00,20788.813299754816
2025-07-11 04:00:00,20788.813299754816
2025-07-11 05:00:00,20788.813299754816
2025-07-11 06:00:00,-0.0
2025-07-11 07:00:00,-0.0
2025-07-11 08:00:00,8513.136259819172
2025-07-11 09:00:00,20241.79009579735
2025-07-11 10:00:00,34704.221299139535
2025-07-11 11:00:00,50432.960043057734
2025-07-11 12:00:00,66003.29773649118
2025-07-11 13:00:00,80789.66814362422
2025-07-11 14:00:00,93913.17290702488
2025-07-11 15:00:00,105093.51403234247
2025-07-11 16:00:00,112722.73924035228
2025-07-11 17:00:00,114851.06249363694
2025-07-11 18:00:00,113985.14124125338
2025-07-11 19:00:00,113985.14124125338
2025-07-11 20:00:00,78145.99442601175
2025-07-11 21:00:00,78145.99442601175
2025-07-11 22:00:00,78145.99442601175
2025-07-11 23:00:00,46104.535713220685
2025-07-12 00:00:00,46104.535713220685
2025-07-12 01:00:00,46104.535713220685
2025-07-12 02:00:00,19160.828460730434
2025-07-12 03:00:00,19160.828460730434
2025-07-12 04:00:00,19160.828460730434
2025-07-12 05:00:00,19160.828460730434
2025-07-12 06:00:00,-0.0
2025-07-12 07:00:00,-0.0
2025-07-12 08:00:00,-0.0
2025-07-12 09:00:00,-0.0
2025-07-12 10:00:00,15036.160132068111
2025-07-12 11:00:00,33555.69056979282
2025-07-12 12:00:00,52533.01490447183
2025-07-12 13:00:00,71251.69516174165
2025-07-12 14:00:00,88979.81051495158
2025-07-12 15:00:00,104602.34011512801
2025-07-12 16:00:00,116496.17793653713
2025-07-12 17:00:00,122400.0
2025-07-12 18:00:00,122400.0
2025-07-12 19:00:00,122400.0
2025-07-12 20:00:00,122400.0
2025-07-12 21:00:00,122400.0
2025-07-12 22:00:00,90084.79898718778
2025-07-12 23:00:00,90084.79898718778
2025-07-13 00:00:00,90084.79898718778
2025-07-13 01:00:00,68140.64528156775
2025-07-13 02:00:00,68140.64528156775
2025-07-13 03:00:00,43218.564366276885
2025-07-13 04:00:00,43218.564366276885
2025-07-13 05:00:00,18876.48424590948
2025-07-13 06:00:00,15.639135291934714
2025-07-13 07:00:00,-0.0
2025-07-13 08:00:00,-0.0
2025-07-13 09:00:00,-0.0
2025-07-13 10:00:00,11048.841445505408
2025-07-13 11:00:00,30290.904001082417
2025-07-13 12:00:00,50635.69842650861
2025-07-13 13:00:00,71019.84953053032
2025-07-13 14:00:00,90026.40627237521
2025-07-13 15:00:00,106223.0417664367
2025-07-13 16:00:00,117905.66513706255
2025-07-13 17:00:00,122400.0
2025-07-13 18:00:00,111544.08542607036
2025-07-13 19:00:00,111544.08542607036
2025-07-13 20:00:00,111544.08542607036
2025-07-13 21:00:00,77361.07714644817
2025-07-13 22:00:00,77361.07714644817
2025-07-13 23:00:00,47092.320434900146
2025-07-14 00:00:00,47092.320434900146
2025-07-14 01:00:00,47092.320434900146
2025-07-14 02:00:00,47092.320434900146
2025-07-14 03:00:00,47092.320434900146
2025-07-14 04:00:00,47092.320434900146
2025-07-14 05:00:00,21179.064135209923
2025-07-14 06:00:00,14791.237259065329
2025-07-14 07:00:00,14791.237259065329
2025-07-14 08:00:00,20201.257454989063
2025-07-14 09:00:00,30198.823990500983
2025-07-14 10:00:00,43054.85555465325
2025-07-14 11:00:00,56965.12022891476
2025-07-14 12:00:00,71521.8994815671
2025-07-14 13:00:00,85307.69046891808
2025-07-14 14:00:00,97798.81932917661
2025-07-14 15:00:00,108399.80721912034
2025-07-14 16:00:00,114978.59468990093
2025-07-14 17:00:00,114978.59468990093
2025-07-14 18:00:00,114978.59468990093
2025-07-14 19:00:00,82779.7031703823
2025-07-14 20:00:00,82779.7031703823
2025-07-14 21:00:00,82779.7031703823
2025-07-14 22:00:00,82779.7031703823
2025-07-14 23:00:00,82779.7031703823
2025-07-15 00:00:00,53269.271344998444
2025-07-15 01:00:00,53269.271344998444
2025-07-15 02:00:00,53269.271344998444
2025-07-15 03:00:00,53269.271344998444
2025-07-15 04:00:00,27100.087127950123
2025-07-15 05:00:00,-0.0
2025-07-15 06:00:00,-0.0
2025-07-15 07:00:00,-0.0
2025-07-15 08:00:00,3257.732025105548
2025-07-15 09:00:00,15094.835434213433
2025-07-15 10:00:00,29250.153100681746
2025-07-15 11:00:00,45245.494669519656
2025-07-15 12:00:00,61731.88993630839
2025-07-15 13:00:00,78206.15026868496
2025-07-15 14:00:00,94230.15870723421
2025-07-15 15:00:00,108239.32602938547
2025-07-15 16:00:00,118694.30473862834
2025-07-15 17:00:00,122400.0
2025-07-15 18:00:00,111461.3512820463
2025-07-15 19:00:00,111461.3512820463
2025-07-15 20:00:00,75962.21516987262
2025-07-15 21:00:00,41349.54642733555
2025-07-15 22:00:00,41349.54642733555
2025-07-15 23:00:00,41349.54642733555
2025-07-16 00:00:00,41349.54642733555
2025-07-16 01:00:00,29962.02667257484
2025-07-16 02:00:00,29962.02667257484
2025-07-16 03:00:00,29962.02667257484
2025-07-16 04:00:00,29962.02667257484
2025-07-16 05:00:00,3835.734335716686
2025-07-16 06:00:00,3835.734335716686
2025-07-16 07:00:00,-0.0
2025-07-16 08:00:00,-0.0
2025-07-16 09:00:00,11966.184908211473
2025-07-16 10:00:00,27425.356065515185
2025-07-16 11:00:00,43238.90883038887
2025-07-16 12:00:00,59351.366735054224
2025-07-16 13:00:00,75343.07713986446
2025-07-16 14:00:00,90953.37847382356
2025-07-16 15:00:00,105280.89854326208
2025-07-16 16:00:00,116626.73629492596
2025-07-16 17:00:00,122400.0
2025-07-16 18:00:00,122400.0
2025-07-16 19:00:00,93972.87880295647
2025-07-16 20:00:00,93972.87880295647
2025-07-16 21:00:00,60123.32377654329
2025-07-16 22:00:00,28222.366926991523
2025-07-16 23:00:00,28222.366926991523
2025-07-17 00:00:00,28222.366926991523
2025-07-17 01:00:00,28222.366926991523
2025-07-17 02:00:00,2363.6910206999964
2025-07-17 03:00:00,2363.6910206999964
2025-07-17 04:00:00,2363.6910206999964
2025-07-17 05:00:00,2363.6910206999964
2025-07-17 06:00:00,-0.0
2025-07-17 07:00:00,-0.0
2025-07-17 08:00:00,3157.5648992920774
2025-07-17 09:00:00,11525.002745518917
2025-07-17 10:00:00,23391.236485144982
2025-07-17 11:00:00,36346.49137086258
2025-07-17 12:00:00,49557.94064541543
2025-07-17 13:00:00,61788.57246171354
2025-07-17 14:00:00,72457.68989181967
2025-07-17 15:00:00,79609.58594313123
2025-07-17 16:00:00,82861.16980919272
2025-07-17 17:00:00,82861.16980919272
2025-07-17 18:00:00,68509.78881296328
2025-07-17 19:00:00,68509.78881296328
2025-07-17 20:00:00,68509.78881296328
2025-07-17 21:00:00,68509.78881296328
2025-07-17 22:00:00,68509.78881296328
2025-07-17 23:00:00,37647.008420216225
2025-07-18 00:00:00,37647.008420216225
2025-07-18 01:00:00,10471.146052891989
2025-07-18 02:00:00,10471.146052891989
2025-07-18 03:00:00,-0.0
2025-07-18 04:00:00,-0.0
2025-07-18 05:00:00,-0.0
2025-07-18 06:00:00,-0.0
2025-07-18 07:00:00,-0.0
2025-07-18 08:00:00,7533.98424336032
2025-07-18 09:00:00,18867.9073174363
2025-07-18 10:00:00,32394.57561247261
2025-07-18 11:00:00,45770.84277031288
2025-07-18 12:00:00,58784.80973361287
2025-07-18 13:00:00,72408.84011142486
2025-07-18 14:00:00,86101.24141487762
2025-07-18 15:00:00,98815.00028412737
2025-07-18 16:00:00,109069.37132341662
2025-07-18 17:00:00,114559.3415089367
2025-07-18 18:00:00,105379.48158118511
2025-07-18 19:00:00,105379.48158118511
2025-07-18 20:00:00,71054.51425798514
2025-07-18 21:00:00,71054.51425798514
2025-07-18 22:00:00,71054.51425798514
2025-07-18 23:00:00,71054.51425798514
2025-07-19 00:00:00,42436.51977363996
2025-07-19 01:00:00,15293.639629218029
2025-07-19 02:00:00,15293.639629218029
2025-07-19 03:00:00,15293.639629218029
2025-07-19 04:00:00,15293.639629218029
2025-07-19 05:00:00,-0.0
2025-07-19 06:00:00,-0.0
2025-07-19 07:00:00,-0.0
2025-07-19 08:00:00,-0.0
2025-07-19 09:00:00,-0.0
2025-07-19 10:00:00,6191.633912597379
2025-07-19 11:00:00,24426.666809479226
2025-07-19 12:00:00,44159.36568965954
2025-07-19 13:00:00,64400.58448596341
2025-07-19 14:00:00,83667.3811191911
2025-07-19 15:00:00,100974.27773445948
2025-07-19 16:00:00,114873.594684106
2025-07-19 17:00:00,122400.0
2025-07-19 18:00:00,122400.0
2025-07-19 19:00:00,105651.00682215545
2025-07-19 20:00:00,105651.00682215545
2025-07-19 21:00:00,73409.58535522786
2025-07-19 22:00:00,73409.58535522786
2025-07-19 23:00:00,73409.58535522786
2025-07-20 00:00:00,73409.58535522786
2025-07-20 01:00:00,47342.21255322297
2025-07-20 02:00:00,47342.21255322297
2025-07-20 03:00:00,47342.21255322297
2025-07-20 04:00:00,23582.58348067677
2025-07-20 05:00:00,-0.0
2025-07-20 06:00:00,-0.0
2025-07-20 07:00:00,-0.0
2025-07-20 08:00:00,-0.0
2025-07-20 09:00:00,-0.0
2025-07-20 10:00:00,3217.124057227764
2025-07-20 11:00:00,22216.799829580094
2025-07-20 12:00:00,42399.46769362179
2025-07-20 13:00:00,63277.80628047644
2025-07-20 14:00:00,82697.69069287453
2025-07-20 15:00:00,100277.27796571903
2025-07-20 16:00:00,115286.84765304984
2025-07-20 17:00:00,122400.0
2025-07-20 18:00:00,122400.0
2025-07-20 19:00:00,104503.5634955609
2025-07-20 20:00:00,104503.5634955609
2025-07-20 21:00:00,104503.5634955609
2025-07-20 22:00:00,74882.0739839961
2025-07-20 23:00:00,74882.0739839961
2025-07-21 00:00:00,48182.50890569185
2025-07-21 01:00:00,48182.50890569185
2025-07-21 02:00:00,23895.221104433276
2025-07-21 03:00:00,-0.0
2025-07-21 04:00:00,-0.0
2025-07-21 05:00:00,-0.0
2025-07-21 06:00:00,-0.0
2025-07-21 07:00:00,-0.0
2025-07-21 08:00:00,-0.0
2025-07-21 09:00:00,-0.0
2025-07-21 10:00:00,10838.927506663022
2025-07-21 11:00:00,27988.080216336853
2025-07-21 12:00:00,45489.95227881505
2025-07-21 13:00:00,63002.07273598093
2025-07-21 14:00:00,81244.16372649517
2025-07-21 15:00:00,98856.53985626186
2025-07-21 16:00:00,113282.09335584468
2025-07-21 17:00:00,122400.0
2025-07-21 18:00:00,122400.0
2025-07-21 19:00:00,95623.79218227105
2025-07-21 20:00:00,95623.79218227105
2025-07-21 21:00:00,63318.11235391788
2025-07-21 22:00:00,48863.18365422357
2025-07-21 23:00:00,48863.18365422357
2025-07-22 00:00:00,21281.747949842946
2025-07-22 01:00:00,21281.747949842946
2025-07-22 02:00:00,21281.747949842946
2025-07-22 03:00:00,21281.747949842946
2025-07-22 04:00:00,21281.747949842946
2025-07-22 05:00:00,21281.747949842946
2025-07-22 06:00:00,-0.0
2025-07-22 07:00:00,-0.0
2025-07-22 08:00:00,-0.0
2025-07-22 09:00:00,-0.0
2025-07-22 10:00:00,8788.951316825995
2025-07-22 11:00:00,26682.74856852126
2025-07-22 12:00:00,45053.30715692993
2025-07-22 13:00:00,63418.65104982671
2025-07-22 14:00:00,81245.9486146397
2025-07-22 15:00:00,97177.63684431673
2025-07-22 16:00:00,111519.60275740706
2025-07-22 17:00:00,122400.0
2025-07-22 18:00:00,122400.0
2025-07-22 19:00:00,96557.63387806533
2025-07-22 20:00:00,64331.4672516992
2025-07-22 21:00:00,32450.5662627692
2025-07-22 22:00:00,32450.5662627692
2025-07-22 23:00:00,32450.5662627692
2025-07-23 00:00:00,25462.17219765348
2025-07-23 01:00:00,25462.17219765348
2025-07-23 02:00:00,25462.17219765348
2025-07-23 03:00:00,25462.17219765348
2025-07-23 04:00:00,25462.17219765348
2025-07-23 05:00:00,-0.0
2025-07-23 06:00:00,-0.0
2025-07-23 07:00:00,-0.0
2025-07-23 08:00:00,-0.0
2025-07-23 09:00:00,-0.0
2025-07-23 10:00:00,6561.514677772433
2025-07-23 11:00:00,25504.945737760554
2025-07-23 12:00:00,44886.074977450946
2025-07-23 13:00:00,63446.63019804359
2025-07-23 14:00:00,81005.28311075558
2025-07-23 15:00:00,97759.69062363869
2025-07-23 16:00:00,112076.52661474462
2025-07-23 17:00:00,122400.0
2025-07-23 18:00:00,122400.0
2025-07-23 19:00:00,95214.51212224975
2025-07-23 20:00:00,95214.51212224975
2025-07-23 21:00:00,62151.51738928066
2025-07-23 22:00:00,31042.429334151402
2025-07-23 23:00:00,25221.186751288154
2025-07-24 00:00:00,25221.186751288154
2025-07-24 01:00:00,25221.186751288154
2025-07-24 02:00:00,25221.186751288154
2025-07-24 03:00:00,25221.186751288154
2025-07-24 04:00:00,25221.186751288154
2025-07-24 05:00:00,-0.0
2025-07-24 06:00:00,-0.0
2025-07-24 07:00:00,-0.0
2025-07-24 08:00:00,-0.0
2025-07-24 09:00:00,-0.0
2025-07-24 10:00:00,12840.50551961087
2025-07-24 11:00:00,30926.757341512905
2025-07-24 12:00:00,49682.51600141212
2025-07-24 13:00:00,68853.62316402656
2025-07-24 14:00:00,86942.14465845266
2025-07-24 15:00:00,103794.42808883221
2025-07-24 16:00:00,115777.9410315441
2025-07-24 17:00:00,122400.0
2025-07-24 18:00:00,117650.90715864394
2025-07-24 19:00:00,117650.90715864394
2025-07-24 20:00:00,84264.27406457214
2025-07-24 21:00:00,51488.3610713781
2025-07-24 22:00:00,25093.19181429549
2025-07-24 23:00:00,25093.19181429549
2025-07-25 00:00:00,25093.19181429549
2025-07-25 01:00:00,25093.19181429549
2025-07-25 02:00:00,-0.0
2025-07-25 03:00:00,-0.0
2025-07-25 04:00:00,-0.0
2025-07-25 05:00:00,-0.0
2025-07-25 06:00:00,-0.0
2025-07-25 07:00:00,-0.0
2025-07-25 08:00:00,-0.0
2025-07-25 09:00:00,-0.0
2025-07-25 10:00:00,6935.848996859495
2025-07-25 11:00:00,23984.31703569752
2025-07-25 12:00:00,42809.06104723843
2025-07-25 13:00:00,61978.95412392708
2025-07-25 14:00:00,79496.39955186947
2025-07-25 15:00:00,96554.89332087142
2025-07-25 16:00:00,111280.33592593504
2025-07-25 17:00:00,122400.0
2025-07-25 18:00:00,118956.68710898237
2025-07-25 19:00:00,92738.72071562837
2025-07-25 20:00:00,80228.60506106244
2025-07-25 21:00:00,49152.58638593422
2025-07-25 22:00:00,49152.58638593422
2025-07-25 23:00:00,49152.58638593422
2025-07-26 00:00:00,49152.58638593422
2025-07-26 01:00:00,23689.626822968847
2025-07-26 02:00:00,23689.626822968847
2025-07-26 03:00:00,23689.626822968847
2025-07-26 04:00:00,-0.0
2025-07-26 05:00:00,-0.0
2025-07-26 06:00:00,-0.0
2025-07-26 07:00:00,-0.0
2025-07-26 08:00:00,-0.0
2025-07-26 09:00:00,-0.0
2025-07-26 10:00:00,-0.0
2025-07-26 11:00:00,13816.903749591213
2025-07-26 12:00:00,33575.65282765681
2025-07-26 13:00:00,54320.74986401474
2025-07-26 14:00:00,75502.89869668204
2025-07-26 15:00:00,95402.17897703328
2025-07-26 16:00:00,111931.86572446562
2025-07-26 17:00:00,122400.0
2025-07-26 18:00:00,117554.92722198828
2025-07-26 19:00:00,117554.92722198828
2025-07-26 20:00:00,117554.92722198828
2025-07-26 21:00:00,117554.92722198828
2025-07-26 22:00:00,89171.16720393616
2025-07-26 23:00:00,62423.247978263375
2025-07-27 00:00:00,36743.305193286986
2025-07-27 01:00:00,36743.305193286986
2025-07-27 02:00:00,13359.914580649873
2025-07-27 03:00:00,-0.0
2025-07-27 04:00:00,-0.0
2025-07-27 05:00:00,-0.0
2025-07-27 06:00:00,-0.0
2025-07-27 07:00:00,-0.0
2025-07-27 08:00:00,-0.0
2025-07-27 09:00:00,-0.0
2025-07-27 10:00:00,-0.0
2025-07-27 11:00:00,2181.8005465583847
2025-07-27 12:00:00,25183.214219926795
2025-07-27 13:00:00,48698.35969229736
2025-07-27 14:00:00,71648.29551793585
2025-07-27 15:00:00,92359.0331606911
2025-07-27 16:00:00,110176.4362960172
2025-07-27 17:00:00,122400.0
2025-07-27 18:00:00,119954.07171947579
2025-07-27 19:00:00,119954.07171947579
2025-07-27 20:00:00,119954.07171947579
2025-07-27 21:00:00,119954.07171947579
2025-07-27 22:00:00,91142.82491965637
2025-07-27 23:00:00,91142.82491965637
2025-07-28 00:00:00,91142.82491965637
2025-07-28 01:00:00,91142.82491965637
2025-07-28 02:00:00,69800.79485154696
2025-07-28 03:00:00,45568.42806355706
2025-07-28 04:00:00,45568.42806355706
2025-07-28 05:00:00,21017.18886301215
2025-07-28 06:00:00,-0.0
2025-07-28 07:00:00,-0.0
2025-07-28 08:00:00,-0.0
2025-07-28 09:00:00,-0.0
2025-07-28 10:00:00,11332.919123597025
2025-07-28 11:00:00,29642.433309963486
2025-07-28 12:00:00,48119.8517885862
2025-07-28 13:00:00,67379.29860291889
2025-07-28 14:00:00,86032.71611622123
2025-07-28 15:00:00,101634.69429313068
2025-07-28 16:00:00,114372.97009689244
2025-07-28 17:00:00,122400.0
2025-07-28 18:00:00,122400.0
2025-07-28 19:00:00,122400.0
2025-07-28 20:00:00,87791.70486294688
2025-07-28 21:00:00,53992.69539910294
2025-07-28 22:00:00,53992.69539910294
2025-07-28 23:00:00,53992.69539910294
2025-07-29 00:00:00,25976.850790457982
2025-07-29 01:00:00,25976.850790457982
2025-07-29 02:00:00,22056.12366652893
2025-07-29 03:00:00,22056.12366652893
2025-07-29 04:00:00,22056.12366652893
2025-07-29 05:00:00,22056.12366652893
2025-07-29 06:00:00,-0.0
2025-07-29 07:00:00,-0.0
2025-07-29 08:00:00,-0.0
2025-07-29 09:00:00,1433.242758370452
2025-07-29 10:00:00,17397.669627251616
2025-07-29 11:00:00,34835.80807030348
2025-07-29 12:00:00,53232.688915196006
2025-07-29 13:00:00,71334.1524555166
2025-07-29 14:00:00,88582.16556118417
2025-07-29 15:00:00,103523.00565592226
2025-07-29 16:00:00,115753.37649549046
2025-07-29 17:00:00,122400.0
2025-07-29 18:00:00,122400.0
2025-07-29 19:00:00,122400.0
2025-07-29 20:00:00,87387.47354920508
2025-07-29 21:00:00,52996.48111248277
2025-07-29 22:00:00,52996.48111248277
2025-07-29 23:00:00,52996.48111248277
2025-07-30 00:00:00,52996.48111248277
2025-07-30 01:00:00,52996.48111248277
2025-07-30 02:00:00,27038.297328067965
2025-07-30 03:00:00,27038.297328067965
2025-07-30 04:00:00,22342.7758007516
2025-07-30 05:00:00,22342.7758007516
2025-07-30 06:00:00,-0.0
2025-07-30 07:00:00,-0.0
2025-07-30 08:00:00,-0.0
2025-07-30 09:00:00,334.33650054643294
2025-07-30 10:00:00,16431.15730106814
2025-07-30 11:00:00,33754.885831240594
2025-07-30 12:00:00,51848.02008655257
2025-07-30 13:00:00,70537.46418013892
2025-07-30 14:00:00,87639.64995939318
2025-07-30 15:00:00,103108.48692754502
2025-07-30 16:00:00,115222.15065685936
2025-07-30 17:00:00,122400.0
2025-07-30 18:00:00,122400.0
2025-07-30 19:00:00,91395.35088731299
2025-07-30 20:00:00,91395.35088731299
2025-07-30 21:00:00,78174.45218904983
2025-07-30 22:00:00,78174.45218904983
2025-07-30 23:00:00,78174.45218904983
2025-07-31 00:00:00,49609.54184785705
2025-07-31 01:00:00,49609.54184785705
2025-07-31 02:00:00,49609.54184785705
2025-07-31 03:00:00,49609.54184785705
2025-07-31 04:00:00,25051.177501318856
2025-07-31 05:00:00,-0.0
2025-07-31 06:00:00,-0.0
2025-07-31 07:00:00,-0.0
2025-07-31 08:00:00,-0.0
2025-07-31 09:00:00,2753.0548350743666
2025-07-31 10:00:00,19605.651213551017
2025-07-31 11:00:00,37585.658425007336
2025-07-31 12:00:00,55579.84952903848
2025-07-31 13:00:00,73441.85113260613
2025-07-31 14:00:00,90073.83821808027
2025-07-31 15:00:00,104627.86912902247
2025-07-31 16:00:00,115885.55112276961
2025-07-31 17:00:00,122400.0
2025-07-31 18:00:00,112212.06447473295
2025-07-31 19:00:00,80350.94333478791
2025-07-31 20:00:00,44511.796519546275
2025-07-31 21:00:00,44511.796519546275
2025-07-31 22:00:00,44511.796519546275
2025-07-31 23:00:00,28850.39710538117
2025-08-01 00:00:00,-0.0
2025-08-01 01:00:00,-0.0
2025-08-01 02:00:00,-0.0
2025-08-01 03:00:00,-0.0
2025-08-01 04:00:00,-0.0
2025-08-01 05:00:00,-0.0
2025-08-01 06:00:00,-0.0
2025-08-01 07:00:00,-0.0
2025-08-01 08:00:00,-0.0
2025-08-01 09:00:00,-0.0
2025-08-01 10:00:00,16996.989632208497
2025-08-01 11:00:00,35266.92156392013
2025-08-01 12:00:00,53880.20242426545
2025-08-01 13:00:00,71741.68064037606
2025-08-01 14:00:00,88697.41760961412
2025-08-01 15:00:00,103829.72528162948
2025-08-01 16:00:00,115593.69290729043
2025-08-01 17:00:00,122400.0
2025-08-01 18:00:00,122400.0
2025-08-01 19:00:00,122400.0
2025-08-01 20:00:00,87142.67875935661
2025-08-01 21:00:00,87142.67875935661
2025-08-01 22:00:00,87142.67875935661
2025-08-01 23:00:00,87142.67875935661
2025-08-02 00:00:00,58766.35211133913
2025-08-02 01:00:00,58766.35211133913
2025-08-02 02:00:00,32929.19254779544
2025-08-02 03:00:00,32929.19254779544
2025-08-02 04:00:00,32929.19254779544
2025-08-02 05:00:00,24556.136893505456
2025-08-02 06:00:00,3320.9981072800106
2025-08-02 07:00:00,-0.0
2025-08-02 08:00:00,-0.0
2025-08-02 09:00:00,-0.0
2025-08-02 10:00:00,1301.071351432798
2025-08-02 11:00:00,20798.807603894165
2025-08-02 12:00:00,41192.49746386746
2025-08-02 13:00:00,61762.145740626045
2025-08-02 14:00:00,81781.41743919054
2025-08-02 15:00:00,99596.7419884006
2025-08-02 16:00:00,113824.97536789569
2025-08-02 17:00:00,122400.0
2025-08-02 18:00:00,113786.77583067461
2025-08-02 19:00:00,113786.77583067461
2025-08-02 20:00:00,79731.90565436377
2025-08-02 21:00:00,79731.90565436377
2025-08-02 22:00:00,48579.37570708692
2025-08-02 23:00:00,48579.37570708692
2025-08-03 00:00:00,48579.37570708692
2025-08-03 01:00:00,48579.37570708692
2025-08-03 02:00:00,48579.37570708692
2025-08-03 03:00:00,24914.174269417297
2025-08-03 04:00:00,1275.4603212711156
2025-08-03 05:00:00,1275.4603212711156
2025-08-03 06:00:00,1275.4603212711156
2025-08-03 07:00:00,-0.0
2025-08-03 08:00:00,-0.0
2025-08-03 09:00:00,-0.0
2025-08-03 10:00:00,1303.0106747336795
2025-08-03 11:00:00,21369.226326597312
2025-08-03 12:00:00,42142.97266205847
2025-08-03 13:00:00,63005.292882590446
2025-08-03 14:00:00,82290.11744690167
2025-08-03 15:00:00,100340.29291144136
2025-08-03 16:00:00,115294.2301543448
2025-08-03 17:00:00,122400.0
2025-08-03 18:00:00,111670.74232567841
2025-08-03 19:00:00,111670.74232567841
2025-08-03 20:00:00,111670.74232567841
2025-08-03 21:00:00,111670.74232567841
2025-08-03 22:00:00,80766.5880771006
2025-08-03 23:00:00,52210.116288601275
2025-08-04 00:00:00,52210.116288601275
2025-08-04 01:00:00,52210.116288601275
2025-08-04 02:00:00,27175.274364215045
2025-08-04 03:00:00,27175.274364215045
2025-08-04 04:00:00,2847.288840039513
2025-08-04 05:00:00,2847.288840039513
2025-08-04 06:00:00,2847.288840039513
2025-08-04 07:00:00,-0.0
2025-08-04 08:00:00,7782.9881766533945
2025-08-04 09:00:00,20475.735136234325
2025-08-04 10:00:00,34994.95636136694
2025-08-04 11:00:00,51277.09178834445
2025-08-04 12:00:00,67583.67073714189
2025-08-04 13:00:00,82914.67285589778
2025-08-04 14:00:00,95600.11239027523
2025-08-04 15:00:00,105504.47402908522
2025-08-04 16:00:00,110770.59626628441
2025-08-04 17:00:00,110770.59626628441
2025-08-04 18:00:00,110770.59626628441
2025-08-04 19:00:00,110770.59626628441
2025-08-04 20:00:00,75377.71331367215
2025-08-04 21:00:00,40978.25614175697
2025-08-04 22:00:00,40978.25614175697
2025-08-04 23:00:00,26554.980729363077
2025-08-05 00:00:00,26554.980729363077
2025-08-05 01:00:00,-0.0
2025-08-05 02:00:00,-0.0
2025-08-05 03:00:00,-0.0
2025-08-05 04:00:00,-0.0
2025-08-05 05:00:00,-0.0
2025-08-05 06:00:00,-0.0
2025-08-05 07:00:00,-0.0
2025-08-05 08:00:00,1972.014886392073
2025-08-05 09:00:00,12701.361331858152
2025-08-05 10:00:00,26841.187690098617
2025-08-05 11:00:00,42411.742142526375
2025-08-05 12:00:00,59124.82348913269
2025-08-05 13:00:00,76538.30165190501
2025-08-05 14:00:00,93006.33871519196
2025-08-05 15:00:00,107623.27653383015
2025-08-05 16:00:00,118542.62102164517
2025-08-05 17:00:00,122400.0
2025-08-05 18:00:00,122400.0
2025-08-05 19:00:00,122400.0
2025-08-05 20:00:00,122400.0
2025-08-05 21:00:00,122400.0
2025-08-05 22:00:00,89399.6401619658
2025-08-05 23:00:00,60496.91256313822
2025-08-06 00:00:00,60496.91256313822
2025-08-06 01:00:00,33255.387429189956
2025-08-06 02:00:00,33255.387429189956
2025-08-06 03:00:00,33255.387429189956
2025-08-06 04:00:00,33255.387429189956
2025-08-06 05:00:00,33255.387429189956
2025-08-06 06:00:00,33255.387429189956
2025-08-06 07:00:00,33255.387429189956
2025-08-06 08:00:00,37859.02437910098
2025-08-06 09:00:00,46915.126714675134
2025-08-06 10:00:00,57185.19808333539
2025-08-06 11:00:00,70364.53822315598
2025-08-06 12:00:00,83350.40536686477
2025-08-06 13:00:00,96515.3894295702
2025-08-06 14:00:00,108499.2224076887
2025-08-06 15:00:00,118056.75342800622
2025-08-06 16:00:00,122400.0
2025-08-06 17:00:00,122400.0
2025-08-06 18:00:00,101665.55285338958
2025-08-06 19:00:00,65826.40603814795
2025-08-06 20:00:00,29987.259222906316
2025-08-06 21:00:00,29987.259222906316
2025-08-06 22:00:00,29987.259222906316
2025-08-06 23:00:00,29987.259222906316
2025-08-07 00:00:00,29987.259222906316
2025-08-07 01:00:00,29987.259222906316
2025-08-07 02:00:00,29987.259222906316
2025-08-07 03:00:00,29987.259222906316
2025-08-07 04:00:00,29987.259222906316
2025-08-07 05:00:00,29987.259222906316
2025-08-07 06:00:00,29987.259222906316
2025-08-07 07:00:00,29987.259222906316
2025-08-07 08:00:00,34455.246210469224
2025-08-07 09:00:00,43038.338650470585
2025-08-07 10:00:00,53586.40927671167
2025-08-07 11:00:00,64910.54480116445
2025-08-07 12:00:00,77120.45976823213
2025-08-07 13:00:00,87949.41311165132
2025-08-07 14:00:00,97010.18661111334
2025-08-07 15:00:00,103647.98494368122
2025-08-07 16:00:00,105369.05719805311
2025-08-07 17:00:00,105369.05719805311
2025-08-07 18:00:00,105369.05719805311
2025-08-07 19:00:00,105369.05719805311
2025-08-07 20:00:00,105369.05719805311
2025-08-07 21:00:00,105369.05719805311
2025-08-07 22:00:00,105369.05719805311
2025-08-07 23:00:00,105369.05719805311
2025-08-08 00:00:00,105369.05719805311
2025-08-08 01:00:00,75884.65382289152
2025-08-08 02:00:00,75884.65382289152
2025-08-08 03:00:00,75884.65382289152
2025-08-08 04:00:00,75884.65382289152
2025-08-08 05:00:00,48451.27756499703
2025-08-08 06:00:00,48451.27756499703
2025-08-08 07:00:00,37743.564460733054
2025-08-08 08:00:00,42043.4877290485
2025-08-08 09:00:00,51410.51183274818
2025-08-08 10:00:00,62058.27564553567
2025-08-08 11:00:00,73699.9230769666
2025-08-08 12:00:00,85794.46196337439
2025-08-08 13:00:00,97054.48106341109
2025-08-08 14:00:00,106684.45723511362
2025-08-08 15:00:00,114204.51898365212
2025-08-08 16:00:00,117837.386346629
2025-08-08 17:00:00,114106.22763212526
2025-08-08 18:00:00,114106.22763212526
2025-08-08 19:00:00,114106.22763212526
2025-08-08 20:00:00,114106.22763212526
2025-08-08 21:00:00,114106.22763212526
2025-08-08 22:00:00,114106.22763212526
2025-08-08 23:00:00,114106.22763212526
2025-08-09 00:00:00,82780.94251723621
2025-08-09 01:00:00,53334.93989296257
2025-08-09 02:00:00,53334.93989296257
2025-08-09 03:00:00,53334.93989296257
2025-08-09 04:00:00,53334.93989296257
2025-08-09 05:00:00,27428.85879008505
2025-08-09 06:00:00,3353.741785080434
2025-08-09 07:00:00,3353.741785080434
2025-08-09 08:00:00,9954.927797445773
2025-08-09 09:00:00,21344.142750960316
2025-08-09 10:00:00,34464.24303786533
2025-08-09 11:00:00,48902.82287176176
2025-08-09 12:00:00,63591.02499040218
2025-08-09 13:00:00,77663.99049887923
2025-08-09 14:00:00,90577.66514381801
2025-08-09 15:00:00,100500.72298540692
2025-08-09 16:00:00,106131.82507793233
2025-08-09 17:00:00,106131.82507793233
2025-08-09 18:00:00,106131.82507793233
2025-08-09 19:00:00,96747.16718658383
2025-08-09 20:00:00,96747.16718658383
2025-08-09 21:00:00,96747.16718658383
2025-08-09 22:00:00,63064.007215637925
2025-08-09 23:00:00,63064.007215637925
2025-08-10 00:00:00,63064.007215637925
2025-08-10 01:00:00,63064.007215637925
2025-08-10 02:00:00,63064.007215637925
2025-08-10 03:00:00,37346.582955997466
2025-08-10 04:00:00,37346.582955997466
2025-08-10 05:00:00,12650.967065906687
2025-08-10 06:00:00,12650.967065906687
2025-08-10 07:00:00,12650.967065906687
2025-08-10 08:00:00,18711.34925144876
2025-08-10 09:00:00,30930.066806169507
2025-08-10 10:00:00,46172.60111147324
2025-08-10 11:00:00,62553.69435705789
2025-08-10 12:00:00,78565.68455453822
2025-08-10 13:00:00,93801.48571938743
2025-08-10 14:00:00,107268.60776972579
2025-08-10 15:00:00,117518.46168070867
2025-08-10 16:00:00,122400.0
2025-08-10 17:00:00,117204.04722895609
2025-08-10 18:00:00,117204.04722895609
2025-08-10 19:00:00,117204.04722895609
2025-08-10 20:00:00,81364.90041371445
2025-08-10 21:00:00,81364.90041371445
2025-08-10 22:00:00,48008.312203478
2025-08-10 23:00:00,48008.312203478
2025-08-11 00:00:00,48008.312203478
2025-08-11 01:00:00,48008.312203478
2025-08-11 02:00:00,48008.312203478
2025-08-11 03:00:00,48008.312203478
2025-08-11 04:00:00,48008.312203478
2025-08-11 05:00:00,21441.093323592137
2025-08-11 06:00:00,21441.093323592137
2025-08-11 07:00:00,21441.093323592137
2025-08-11 08:00:00,24862.764618578032
2025-08-11 09:00:00,33216.92392627761
2025-08-11 10:00:00,44491.659642987746
2025-08-11 11:00:00,56449.88847613803
2025-08-11 12:00:00,68923.15713861785
2025-08-11 13:00:00,80801.22870849833
2025-08-11 14:00:00,91258.58738311735
2025-08-11 15:00:00,99048.33976708747
2025-08-11 16:00:00,102927.41216227665
2025-08-11 17:00:00,100081.88169477576
2025-08-11 18:00:00,100081.88169477576
2025-08-11 19:00:00,100081.88169477576
2025-08-11 20:00:00,64242.734879534124
2025-08-11 21:00:00,64242.734879534124
2025-08-11 22:00:00,64242.734879534124
2025-08-11 23:00:00,64242.734879534124
2025-08-12 00:00:00,64242.734879534124
2025-08-12 01:00:00,64242.734879534124
2025-08-12 02:00:00,37266.33962606808
2025-08-12 03:00:00,37266.33962606808
2025-08-12 04:00:00,10896.55285783763
2025-08-12 05:00:00,10896.55285783763
2025-08-12 06:00:00,10896.55285783763
2025-08-12 07:00:00,-0.0
2025-08-12 08:00:00,4296.5249762125195
2025-08-12 09:00:00,13340.559561809929
2025-08-12 10:00:00,25048.986923750737
2025-08-12 11:00:00,38039.7780582766
2025-08-12 12:00:00,51953.28036267086
2025-08-12 13:00:00,65246.50708424326
2025-08-12 14:00:00,77473.7496014191
2025-08-12 15:00:00,87381.01082612405
2025-08-12 16:00:00,93138.19677682074
2025-08-12 17:00:00,93138.19677682074
2025-08-12 18:00:00,93138.19677682074
2025-08-12 19:00:00,57299.049961579105
2025-08-12 20:00:00,57299.049961579105
2025-08-12 21:00:00,57299.049961579105
2025-08-12 22:00:00,57299.049961579105
2025-08-12 23:00:00,25839.185080084328
2025-08-13 00:00:00,25839.185080084328
2025-08-13 01:00:00,25839.185080084328
2025-08-13 02:00:00,25839.185080084328
2025-08-13 03:00:00,25839.185080084328
2025-08-13 04:00:00,25839.185080084328
2025-08-13 05:00:00,19542.46511413249
2025-08-13 06:00:00,19542.46511413249
2025-08-13 07:00:00,19542.46511413249
2025-08-13 08:00:00,24036.448217183723
2025-08-13 09:00:00,33233.16187169895
2025-08-13 10:00:00,45395.10709401622
2025-08-13 11:00:00,58961.151472627185
2025-08-13 12:00:00,73469.94442808224
2025-08-13 13:00:00,89047.38211386188
2025-08-13 14:00:00,102988.25044248125
2025-08-13 15:00:00,114498.97195782769
2025-08-13 16:00:00,121775.04087195398
2025-08-13 17:00:00,122400.0
2025-08-13 18:00:00,122400.0
2025-08-13 19:00:00,122400.0
2025-08-13 20:00:00,86560.85318475837
2025-08-13 21:00:00,55292.70931554088
2025-08-13 22:00:00,55292.70931554088
2025-08-13 23:00:00,55292.70931554088
2025-08-14 00:00:00,26033.800163203272
2025-08-14 01:00:00,26033.800163203272
2025-08-14 02:00:00,26033.800163203272
2025-08-14 03:00:00,-0.0
2025-08-14 04:00:00,-0.0
2025-08-14 05:00:00,-0.0
2025-08-14 06:00:00,-0.0
2025-08-14 07:00:00,-0.0
2025-08-14 08:00:00,6396.020842175771
2025-08-14 09:00:00,16840.90272107495
2025-08-14 10:00:00,29844.209908855482
2025-08-14 11:00:00,44614.547531346805
2025-08-14 12:00:00,60619.55295326879
2025-08-14 13:00:00,76818.75782777264
2025-08-14 14:00:00,92019.79959104228
2025-08-14 15:00:00,104753.02637482996
2025-08-14 16:00:00,114084.95063014906
2025-08-14 17:00:00,116968.22923716564
2025-08-14 18:00:00,116968.22923716564
2025-08-14 19:00:00,116968.22923716564
2025-08-14 20:00:00,116968.22923716564
2025-08-14 21:00:00,116968.22923716564
2025-08-14 22:00:00,84407.92967449052
2025-08-14 23:00:00,84407.92967449052
2025-08-15 00:00:00,84407.92967449052
2025-08-15 01:00:00,60351.198327330916
2025-08-15 02:00:00,33697.52816684547
2025-08-15 03:00:00,33697.52816684547
2025-08-15 04:00:00,33697.52816684547
2025-08-15 05:00:00,33697.52816684547
2025-08-15 06:00:00,7884.867943659727
2025-08-15 07:00:00,-0.0
2025-08-15 08:00:00,6694.544474821099
2025-08-15 09:00:00,18879.39047478512
2025-08-15 10:00:00,33415.00960711358
2025-08-15 11:00:00,49370.24840219173
2025-08-15 12:00:00,65614.53091241427
2025-08-15 13:00:00,81706.08109009574
2025-08-15 14:00:00,96874.72242903136
2025-08-15 15:00:00,110235.57748142729
2025-08-15 16:00:00,119564.33030247252
2025-08-15 17:00:00,122400.0
2025-08-15 18:00:00,106017.48184158982
2025-08-15 19:00:00,106017.48184158982
2025-08-15 20:00:00,71185.28601018673
2025-08-15 21:00:00,60053.767595744444
2025-08-15 22:00:00,60053.767595744444
2025-08-15 23:00:00,60053.767595744444
2025-08-16 00:00:00,31583.535145671463
2025-08-16 01:00:00,31583.535145671463
2025-08-16 02:00:00,5605.209488790616
2025-08-16 03:00:00,5605.209488790616
2025-08-16 04:00:00,5605.209488790616
2025-08-16 05:00:00,5605.209488790616
2025-08-16 06:00:00,5605.209488790616
2025-08-16 07:00:00,-0.0
2025-08-16 08:00:00,-0.0
2025-08-16 09:00:00,-0.0
2025-08-16 10:00:00,12521.719979749498
2025-08-16 11:00:00,30758.721304460636
2025-08-16 12:00:00,49882.37046774654
2025-08-16 13:00:00,68470.68070621656
2025-08-16 14:00:00,86546.19164797623
2025-08-16 15:00:00,102602.51868367524
2025-08-16 16:00:00,115662.78231490709
2025-08-16 17:00:00,122400.0
2025-08-16 18:00:00,109144.78544136904
2025-08-16 19:00:00,109144.78544136904
2025-08-16 20:00:00,109144.78544136904
2025-08-16 21:00:00,109144.78544136904
2025-08-16 22:00:00,78721.62951324263
2025-08-16 23:00:00,78721.62951324263
2025-08-17 00:00:00,51506.83436605825
2025-08-17 01:00:00,25589.943405160524
2025-08-17 02:00:00,25589.943405160524
2025-08-17 03:00:00,25589.943405160524
2025-08-17 04:00:00,25589.943405160524
2025-08-17 05:00:00,3418.829344970236
2025-08-17 06:00:00,3418.829344970236
2025-08-17 07:00:00,-0.0
2025-08-17 08:00:00,-0.0
2025-08-17 09:00:00,-0.0
2025-08-17 10:00:00,13317.288309426782
2025-08-17 11:00:00,30633.498823562262
2025-08-17 12:00:00,48801.76973512361
2025-08-17 13:00:00,67268.8977699031
2025-08-17 14:00:00,85111.8296861673
2025-08-17 15:00:00,102342.37569672623
2025-08-17 16:00:00,115770.82457736396
2025-08-17 17:00:00,122400.0
2025-08-17 18:00:00,122400.0
2025-08-17 19:00:00,122400.0
2025-08-17 20:00:00,89152.04396826908
2025-08-17 21:00:00,89152.04396826908
2025-08-17 22:00:00,89152.04396826908
2025-08-17 23:00:00,89152.04396826908
2025-08-18 00:00:00,74177.67888039141
2025-08-18 01:00:00,48413.23217491295
2025-08-18 02:00:00,48413.23217491295
2025-08-18 03:00:00,48413.23217491295
2025-08-18 04:00:00,48413.23217491295
2025-08-18 05:00:00,23827.563893727383
2025-08-18 06:00:00,-0.0
2025-08-18 07:00:00,-0.0
2025-08-18 08:00:00,2406.944544910042
2025-08-18 09:00:00,15866.609495911101
2025-08-18 10:00:00,31391.887569074708
2025-08-18 11:00:00,47344.46221275285
2025-08-18 12:00:00,64126.14854684142
2025-08-18 13:00:00,81145.58233303542
2025-08-18 14:00:00,96772.8265903886
2025-08-18 15:00:00,110230.30561770589
2025-08-18 16:00:00,119695.23998063966
2025-08-18 17:00:00,122400.0
2025-08-18 18:00:00,122400.0
2025-08-18 19:00:00,92806.7318526948
2025-08-18 20:00:00,92806.7318526948
2025-08-18 21:00:00,58518.28989124691
2025-08-18 22:00:00,58518.28989124691
2025-08-18 23:00:00,58518.28989124691
2025-08-19 00:00:00,58518.28989124691
2025-08-19 01:00:00,58518.28989124691
2025-08-19 02:00:00,58518.28989124691
2025-08-19 03:00:00,32756.315155080985
2025-08-19 04:00:00,32756.315155080985
2025-08-19 05:00:00,32756.315155080985
2025-08-19 06:00:00,32756.315155080985
2025-08-19 07:00:00,21909.323556541978
2025-08-19 08:00:00,26646.069726098005
2025-08-19 09:00:00,36312.22548703768
2025-08-19 10:00:00,47662.63695819398
2025-08-19 11:00:00,61262.09936884408
2025-08-19 12:00:00,76037.77454835094
2025-08-19 13:00:00,90352.96755044388
2025-08-19 14:00:00,102823.52871514931
2025-08-19 15:00:00,112688.581232142
2025-08-19 16:00:00,118280.13524983477
2025-08-19 17:00:00,116456.28907781783
2025-08-19 18:00:00,95145.76766238487
2025-08-19 19:00:00,95145.76766238487
2025-08-19 20:00:00,95145.76766238487
2025-08-19 21:00:00,95145.76766238487
2025-08-19 22:00:00,61393.33015579029
2025-08-19 23:00:00,61393.33015579029
2025-08-20 00:00:00,61393.33015579029
2025-08-20 01:00:00,61393.33015579029
2025-08-20 02:00:00,34141.21140910638
2025-08-20 03:00:00,34141.21140910638
2025-08-20 04:00:00,34141.21140910638
2025-08-20 05:00:00,34141.21140910638
2025-08-20 06:00:00,34141.21140910638
2025-08-20 07:00:00,34141.21140910638
2025-08-20 08:00:00,38420.610702642865
2025-08-20 09:00:00,48127.69507758681
2025-08-20 10:00:00,60612.52110669152
2025-08-20 11:00:00,73916.41360932523
2025-08-20 12:00:00,87208.68808042964
2025-08-20 13:00:00,100194.3731166644
2025-08-20 14:00:00,111248.8747527111
2025-08-20 15:00:00,119017.95052572402
2025-08-20 16:00:00,122400.0
2025-08-20 17:00:00,122400.0
2025-08-20 18:00:00,122400.0
2025-08-20 19:00:00,122400.0
2025-08-20 20:00:00,86560.85318475837
2025-08-20 21:00:00,50721.70636951673
2025-08-20 22:00:00,50721.70636951673
2025-08-20 23:00:00,50721.70636951673
2025-08-21 00:00:00,50721.70636951673
2025-08-21 01:00:00,50721.70636951673
2025-08-21 02:00:00,50721.70636951673
2025-08-21 03:00:00,50721.70636951673
2025-08-21 04:00:00,50721.70636951673
2025-08-21 05:00:00,50721.70636951673
2025-08-21 06:00:00,50721.70636951673
2025-08-21 07:00:00,50721.70636951673
2025-08-21 08:00:00,51667.20590943637
2025-08-21 09:00:00,57736.12370488589
2025-08-21 10:00:00,65992.7711462108
2025-08-21 11:00:00,74860.82518909872
2025-08-21 12:00:00,83237.03347854449
2025-08-21 13:00:00,89366.13965076313
2025-08-21 14:00:00,93771.88533621549
2025-08-21 15:00:00,93771.88533621549
2025-08-21 16:00:00,93771.88533621549
2025-08-21 17:00:00,93771.88533621549
2025-08-21 18:00:00,93771.88533621549
2025-08-21 19:00:00,93771.88533621549
2025-08-21 20:00:00,93771.88533621549
2025-08-21 21:00:00,93771.88533621549
2025-08-21 22:00:00,93771.88533621549
2025-08-21 23:00:00,93771.88533621549
2025-08-22 00:00:00,93771.88533621549
2025-08-22 01:00:00,93771.88533621549
2025-08-22 02:00:00,93771.88533621549
2025-08-22 03:00:00,93771.88533621549
2025-08-22 04:00:00,93771.88533621549
2025-08-22 05:00:00,68177.76406536135
2025-08-22 06:00:00,68177.76406536135
2025-08-22 07:00:00,68177.76406536135
2025-08-22 08:00:00,68177.76406536135
2025-08-22 09:00:00,71738.09401978257
2025-08-22 10:00:00,77940.81624581388
2025-08-22 11:00:00,85386.76036111044
2025-08-22 12:00:00,91382.01866841553
2025-08-22 13:00:00,94915.64499395544
2025-08-22 14:00:00,95699.27289704198
2025-08-22 15:00:00,95699.27289704198
2025-08-22 16:00:00,95699.27289704198
2025-08-22 17:00:00,95699.27289704198
2025-08-22 18:00:00,95699.27289704198
2025-08-22 19:00:00,95699.27289704198
2025-08-22 20:00:00,95699.27289704198
2025-08-22 21:00:00,95699.27289704198
2025-08-22 22:00:00,95699.27289704198
2025-08-22 23:00:00,95699.27289704198
2025-08-23 00:00:00,62848.08124115119
2025-08-23 01:00:00,62848.08124115119
2025-08-23 02:00:00,62848.08124115119
2025-08-23 03:00:00,62848.08124115119
2025-08-23 04:00:00,62848.08124115119
2025-08-23 05:00:00,62848.08124115119
2025-08-23 06:00:00,62848.08124115119
2025-08-23 07:00:00,62848.08124115119
2025-08-23 08:00:00,62848.08124115119
2025-08-23 09:00:00,62848.08124115119
2025-08-23 10:00:00,62848.08124115119
2025-08-23 11:00:00,63325.986409763835
2025-08-23 12:00:00,63325.986409763835
2025-08-23 13:00:00,62858.49395975716
2025-08-23 14:00:00,57054.351107716
2025-08-23 15:00:00,57054.351107716
2025-08-23 16:00:00,57054.351107716
2025-08-23 17:00:00,57054.351107716
2025-08-23 18:00:00,57054.351107716
2025-08-23 19:00:00,57054.351107716
2025-08-23 20:00:00,57054.351107716
2025-08-23 21:00:00,57054.351107716
2025-08-23 22:00:00,57054.351107716
2025-08-23 23:00:00,57054.351107716
2025-08-24 00:00:00,57054.351107716
2025-08-24 01:00:00,27826.676664644274
2025-08-24 02:00:00,-0.0
2025-08-24 03:00:00,-0.0
2025-08-24 04:00:00,-0.0
2025-08-24 05:00:00,-0.0
2025-08-24 06:00:00,-0.0
2025-08-24 07:00:00,-0.0
2025-08-24 08:00:00,-0.0
2025-08-24 09:00:00,5261.320383397912
2025-08-24 10:00:00,12970.338071942439
2025-08-24 11:00:00,20844.249326474557
2025-08-24 12:00:00,32882.28795068484
2025-08-24 13:00:00,43598.814598609926
2025-08-24 14:00:00,50786.27801944675
2025-08-24 15:00:00,53714.98215904738
2025-08-24 16:00:00,53714.98215904738
2025-08-24 17:00:00,53714.98215904738
2025-08-24 18:00:00,53714.98215904738
2025-08-24 19:00:00,53714.98215904738
2025-08-24 20:00:00,53714.98215904738
2025-08-24 21:00:00,53714.98215904738
2025-08-24 22:00:00,53714.98215904738
2025-08-24 23:00:00,21702.731929273712
2025-08-25 00:00:00,21702.731929273712
2025-08-25 01:00:00,21702.731929273712
2025-08-25 02:00:00,21702.731929273712
2025-08-25 03:00:00,21702.731929273712
2025-08-25 04:00:00,21702.731929273712
2025-08-25 05:00:00,21702.731929273712
2025-08-25 06:00:00,21702.731929273712
2025-08-25 07:00:00,21702.731929273712
2025-08-25 08:00:00,21702.731929273712
2025-08-25 09:00:00,21702.731929273712
2025-08-25 10:00:00,21702.731929273712
2025-08-25 11:00:00,23277.998709462216
2025-08-25 12:00:00,28415.543232546235
2025-08-25 13:00:00,31859.561079839736
2025-08-25 14:00:00,31859.561079839736
2025-08-25 15:00:00,31859.561079839736
2025-08-25 16:00:00,15122.266698195199
2025-08-25 17:00:00,15122.266698195199
2025-08-25 18:00:00,15122.266698195199
2025-08-25 19:00:00,15122.266698195199
2025-08-25 20:00:00,15122.266698195199
2025-08-25 21:00:00,15122.266698195199
2025-08-25 22:00:00,15122.266698195199
2025-08-25 23:00:00,15122.266698195199
2025-08-26 00:00:00,15122.266698195199
2025-08-26 01:00:00,15122.266698195199
2025-08-26 02:00:00,15122.266698195199
2025-08-26 03:00:00,15122.266698195199
2025-08-26 04:00:00,15122.266698195199
2025-08-26 05:00:00,15122.266698195199
2025-08-26 06:00:00,11089.735929197925
2025-08-26 07:00:00,11089.735929197925
2025-08-26 08:00:00,11089.735929197925
2025-08-26 09:00:00,13922.218674792815
2025-08-26 10:00:00,20555.952251804327
2025-08-26 11:00:00,29303.175830771463
2025-08-26 12:00:00,37988.531587892
2025-08-26 13:00:00,44143.22613563049
2025-08-26 14:00:00,49654.69589218553
2025-08-26 15:00:00,53741.224225094804
2025-08-26 16:00:00,54198.93320693962
2025-08-26 17:00:00,54198.93320693962
2025-08-26 18:00:00,27138.038230369304
2025-08-26 19:00:00,27138.038230369304
2025-08-26 20:00:00,27138.038230369304
2025-08-26 21:00:00,27138.038230369304
2025-08-26 22:00:00,27138.038230369304
2025-08-26 23:00:00,27138.038230369304
2025-08-27 00:00:00,27138.038230369304
2025-08-27 01:00:00,27138.038230369304
2025-08-27 02:00:00,27138.038230369304
2025-08-27 03:00:00,27138.038230369304
2025-08-27 04:00:00,27138.038230369304
2025-08-27 05:00:00,-0.0
2025-08-27 06:00:00,-0.0
2025-08-27 07:00:00,-0.0
2025-08-27 08:00:00,3774.8650634968667
2025-08-27 09:00:00,12747.314958507566
2025-08-27 10:00:00,23554.773892648693
2025-08-27 11:00:00,35255.58241045409
2025-08-27 12:00:00,47269.20186460708
2025-08-27 13:00:00,57818.84615116514
2025-08-27 14:00:00,64746.19790753692
2025-08-27 15:00:00,67663.04707410744
2025-08-27 16:00:00,67663.04707410744
2025-08-27 17:00:00,67663.04707410744
2025-08-27 18:00:00,67663.04707410744
2025-08-27 19:00:00,67663.04707410744
2025-08-27 20:00:00,67663.04707410744
2025-08-27 21:00:00,67663.04707410744
2025-08-27 22:00:00,67663.04707410744
2025-08-27 23:00:00,67663.04707410744
2025-08-28 00:00:00,67663.04707410744
2025-08-28 01:00:00,38704.417778677955
2025-08-28 02:00:00,38704.417778677955
2025-08-28 03:00:00,38704.417778677955
2025-08-28 04:00:00,38704.417778677955
2025-08-28 05:00:00,38704.417778677955
2025-08-28 06:00:00,38704.417778677955
2025-08-28 07:00:00,38704.417778677955
2025-08-28 08:00:00,38704.417778677955
2025-08-28 09:00:00,32380.25376394642
2025-08-28 10:00:00,32380.25376394642
2025-08-28 11:00:00,32380.25376394642
2025-08-28 12:00:00,32491.673803065838
2025-08-28 13:00:00,32491.673803065838
2025-08-28 14:00:00,32491.673803065838
2025-08-28 15:00:00,32491.673803065838
2025-08-28 16:00:00,32491.673803065838
2025-08-28 17:00:00,32491.673803065838
2025-08-28 18:00:00,32491.673803065838
2025-08-28 19:00:00,29447.992141748946
2025-08-28 20:00:00,29447.992141748946
2025-08-28 21:00:00,29447.992141748946
2025-08-28 22:00:00,29447.992141748946
2025-08-28 23:00:00,29447.992141748946
2025-08-29 00:00:00,-0.0
2025-08-29 01:00:00,-0.0
2025-08-29 02:00:00,-0.0
2025-08-29 03:00:00,-0.0
2025-08-29 04:00:00,-0.0
2025-08-29 05:00:00,-0.0
2025-08-29 06:00:00,-0.0
2025-08-29 07:00:00,-0.0
2025-08-29 08:00:00,4316.911880957959
2025-08-29 09:00:00,13884.028256692163
2025-08-29 10:00:00,26367.801298735878
2025-08-29 11:00:00,40639.98455923726
2025-08-29 12:00:00,55407.13438424676
2025-08-29 13:00:00,70277.89988291165
2025-08-29 14:00:00,84110.29019110746
2025-08-29 15:00:00,94235.91045328871
2025-08-29 16:00:00,100628.004205689
2025-08-29 17:00:00,96520.3897806163
2025-08-29 18:00:00,96520.3897806163
2025-08-29 19:00:00,77358.21797648826
2025-08-29 20:00:00,77358.21797648826
2025-08-29 21:00:00,77358.21797648826
2025-08-29 22:00:00,43367.021883687456
2025-08-29 23:00:00,43367.021883687456
2025-08-30 00:00:00,43367.021883687456
2025-08-30 01:00:00,43367.021883687456
2025-08-30 02:00:00,43367.021883687456
2025-08-30 03:00:00,17353.282765782224
2025-08-30 04:00:00,17353.282765782224
2025-08-30 05:00:00,17353.282765782224
2025-08-30 06:00:00,17353.282765782224
2025-08-30 07:00:00,6801.0728699326455
2025-08-30 08:00:00,13917.332081460472
2025-08-30 09:00:00,26933.00622112286
2025-08-30 10:00:00,41986.453746493244
2025-08-30 11:00:00,58044.26727599253
2025-08-30 12:00:00,74625.48142061214
2025-08-30 13:00:00,90701.3939066856
2025-08-30 14:00:00,104853.84585796166
2025-08-30 15:00:00,116084.76288765373
2025-08-30 16:00:00,122400.0
2025-08-30 17:00:00,122400.0
2025-08-30 18:00:00,122400.0
2025-08-30 19:00:00,122400.0
2025-08-30 20:00:00,122400.0
2025-08-30 21:00:00,86560.85318475837
2025-08-30 22:00:00,86560.85318475837
2025-08-30 23:00:00,54580.133041011795
2025-08-31 00:00:00,54580.133041011795
2025-08-31 01:00:00,26221.174436717403
2025-08-31 02:00:00,22486.272370199178
2025-08-31 03:00:00,22486.272370199178
2025-08-31 04:00:00,22486.272370199178
2025-08-31 05:00:00,22486.272370199178
2025-08-31 06:00:00,22486.272370199178
2025-08-31 07:00:00,22486.272370199178
2025-08-31 08:00:00,29700.100571296858
2025-08-31 09:00:00,42305.22922371333
2025-08-31 10:00:00,55961.33720456052
2025-08-31 11:00:00,70060.31798556147
2025-08-31 12:00:00,84477.72722043179
2025-08-31 13:00:00,98052.07497482574
2025-08-31 14:00:00,109683.8003434664
2025-08-31 15:00:00,118412.59580685584
2025-08-31 16:00:00,122400.0
2025-08-31 17:00:00,122400.0
2025-08-31 18:00:00,122400.0
2025-08-31 19:00:00,122400.0
2025-08-31 20:00:00,122400.0
2025-08-31 21:00:00,90720.31231656329
2025-08-31 22:00:00,90720.31231656329
2025-08-31 23:00:00,90720.31231656329
2025-09-01 00:00:00,90720.31231656329
2025-09-01 01:00:00,62329.25334635902
2025-09-01 02:00:00,62329.25334635902
2025-09-01 03:00:00,62329.25334635902
2025-09-01 04:00:00,62329.25334635902
2025-09-01 05:00:00,37011.08151139847
2025-09-01 06:00:00,37011.08151139847
2025-09-01 07:00:00,37011.08151139847
2025-09-01 08:00:00,43230.955793230125
2025-09-01 09:00:00,54629.66083278408
2025-09-01 10:00:00,68018.34118493921
2025-09-01 11:00:00,80985.90167820707
2025-09-01 12:00:00,94044.24003338956
2025-09-01 13:00:00,105625.08690756734
2025-09-01 14:00:00,115283.62536697125
2025-09-01 15:00:00,121305.57258463203
2025-09-01 16:00:00,122400.0
2025-09-01 17:00:00,122400.0
2025-09-01 18:00:00,95959.74900396955
2025-09-01 19:00:00,95959.74900396955
2025-09-01 20:00:00,95959.74900396955
2025-09-01 21:00:00,60120.60218872792
2025-09-01 22:00:00,60120.60218872792
2025-09-01 23:00:00,60120.60218872792
2025-09-02 00:00:00,60120.60218872792
2025-09-02 01:00:00,60120.60218872792
2025-09-02 02:00:00,60120.60218872792
2025-09-02 03:00:00,30621.05351478271
2025-09-02 04:00:00,30621.05351478271
2025-09-02 05:00:00,30621.05351478271
2025-09-02 06:00:00,30621.05351478271
2025-09-02 07:00:00,30621.05351478271
2025-09-02 08:00:00,30621.05351478271
2025-09-02 09:00:00,30621.05351478271
2025-09-02 10:00:00,30621.05351478271
2025-09-02 11:00:00,30621.05351478271
2025-09-02 12:00:00,30621.05351478271
2025-09-02 13:00:00,30621.05351478271
2025-09-02 14:00:00,30621.05351478271
2025-09-02 15:00:00,30621.05351478271
2025-09-02 16:00:00,30621.05351478271
2025-09-02 17:00:00,30621.05351478271
2025-09-02 18:00:00,30621.05351478271
2025-09-02 19:00:00,30621.05351478271
2025-09-02 20:00:00,30621.05351478271
2025-09-02 21:00:00,30621.05351478271
2025-09-02 22:00:00,30621.05351478271
2025-09-02 23:00:00,30621.05351478271
2025-09-03 00:00:00,30621.05351478271
2025-09-03 01:00:00,30621.05351478271
2025-09-03 02:00:00,30621.05351478271
2025-09-03 03:00:00,30621.05351478271
2025-09-03 04:00:00,30621.05351478271
2025-09-03 05:00:00,30621.05351478271
2025-09-03 06:00:00,30621.05351478271
2025-09-03 07:00:00,30621.05351478271
2025-09-03 08:00:00,30621.05351478271
2025-09-03 09:00:00,35841.75078142383
2025-09-03 10:00:00,42804.47340478445
2025-09-03 11:00:00,50853.0387099854
2025-09-03 12:00:00,60443.8304020753
2025-09-03 13:00:00,70017.62804708268
2025-09-03 14:00:00,78693.90553046051
2025-09-03 15:00:00,83744.8251970437
2025-09-03 16:00:00,83744.8251970437
2025-09-03 17:00:00,83744.8251970437
2025-09-03 18:00:00,83744.8251970437
2025-09-03 19:00:00,83744.8251970437
2025-09-03 20:00:00,83744.8251970437
2025-09-03 21:00:00,83744.8251970437
2025-09-03 22:00:00,47905.67838180206
2025-09-03 23:00:00,47905.67838180206
2025-09-04 00:00:00,47905.67838180206
2025-09-04 01:00:00,47905.67838180206
2025-09-04 02:00:00,47905.67838180206
2025-09-04 03:00:00,47905.67838180206
2025-09-04 04:00:00,47905.67838180206
2025-09-04 05:00:00,47905.67838180206
2025-09-04 06:00:00,47905.67838180206
2025-09-04 07:00:00,47905.67838180206
2025-09-04 08:00:00,48639.04353472528
2025-09-04 09:00:00,54397.46984073281
2025-09-04 10:00:00,62149.920418251975
2025-09-04 11:00:00,71380.40127878248
2025-09-04 12:00:00,80133.40474068168
2025-09-04 13:00:00,86994.97422715204
2025-09-04 14:00:00,92910.18626424622
2025-09-04 15:00:00,94306.454834626
2025-09-04 16:00:00,94306.454834626
2025-09-04 17:00:00,94306.454834626
2025-09-04 18:00:00,94306.454834626
2025-09-04 19:00:00,58467.30801938436
2025-09-04 20:00:00,58467.30801938436
2025-09-04 21:00:00,58467.30801938436
2025-09-04 22:00:00,58467.30801938436
2025-09-04 23:00:00,58467.30801938436
2025-09-05 00:00:00,28082.24633416733
2025-09-05 01:00:00,28082.24633416733
2025-09-05 02:00:00,28082.24633416733
2025-09-05 03:00:00,28082.24633416733
2025-09-05 04:00:00,28082.24633416733
2025-09-05 05:00:00,28082.24633416733
2025-09-05 06:00:00,-0.0
2025-09-05 07:00:00,-0.0
2025-09-05 08:00:00,2598.323646806212
2025-09-05 09:00:00,12211.530313305853
2025-09-05 10:00:00,23289.138045352956
2025-09-05 11:00:00,35101.95083983893
2025-09-05 12:00:00,46129.72498997708
2025-09-05 13:00:00,57297.5271199697
2025-09-05 14:00:00,68461.02498412793
2025-09-05 15:00:00,77721.03163317166
2025-09-05 16:00:00,83766.72487038054
2025-09-05 17:00:00,78158.41224969961
2025-09-05 18:00:00,49514.950049738196
2025-09-05 19:00:00,49514.950049738196
2025-09-05 20:00:00,13675.803234496561
2025-09-05 21:00:00,13675.803234496561
2025-09-05 22:00:00,13675.803234496561
2025-09-05 23:00:00,13675.803234496561
2025-09-06 00:00:00,13675.803234496561
2025-09-06 01:00:00,-0.0
2025-09-06 02:00:00,-0.0
2025-09-06 03:00:00,-0.0
2025-09-06 04:00:00,-0.0
2025-09-06 05:00:00,-0.0
2025-09-06 06:00:00,-0.0
2025-09-06 07:00:00,-0.0
2025-09-06 08:00:00,8089.695930912125
2025-09-06 09:00:00,22295.160197535748
2025-09-06 10:00:00,37956.21826794039
2025-09-06 11:00:00,53843.060379162875
2025-09-06 12:00:00,69114.49662272849
2025-09-06 13:00:00,84468.60683428719
2025-09-06 14:00:00,99608.52179850369
2025-09-06 15:00:00,112613.62440444574
2025-09-06 16:00:00,122400.0
2025-09-06 17:00:00,119998.94967125873
2025-09-06 18:00:00,119998.94967125873
2025-09-06 19:00:00,119998.94967125873
2025-09-06 20:00:00,119998.94967125873
2025-09-06 21:00:00,119998.94967125873
2025-09-06 22:00:00,119998.94967125873
2025-09-06 23:00:00,90349.27241668742
2025-09-07 00:00:00,75199.81907237938
2025-09-07 01:00:00,48243.30418216117
2025-09-07 02:00:00,48243.30418216117
2025-09-07 03:00:00,48243.30418216117
2025-09-07 04:00:00,23875.8982492321
2025-09-07 05:00:00,-0.0
2025-09-07 06:00:00,-0.0
2025-09-07 07:00:00,-0.0
2025-09-07 08:00:00,8603.531450744062
2025-09-07 09:00:00,22401.950603323927
2025-09-07 10:00:00,38414.163669880436
2025-09-07 11:00:00,55284.55147500406
2025-09-07 12:00:00,71629.86864712133
2025-09-07 13:00:00,87233.62255606562
2025-09-07 14:00:00,101990.35995139566
2025-09-07 15:00:00,114750.43561642627
2025-09-07 16:00:00,122400.0
2025-09-07 17:00:00,122400.0
2025-09-07 18:00:00,122400.0
2025-09-07 19:00:00,122400.0
2025-09-07 20:00:00,122400.0
2025-09-07 21:00:00,88152.76534143227
2025-09-07 22:00:00,56129.254385321416
2025-09-07 23:00:00,56129.254385321416
2025-09-08 00:00:00,56129.254385321416
2025-09-08 01:00:00,56129.254385321416
2025-09-08 02:00:00,56129.254385321416
2025-09-08 03:00:00,56129.254385321416
2025-09-08 04:00:00,40189.64386060686
2025-09-08 05:00:00,40189.64386060686
2025-09-08 06:00:00,13189.46048721828
2025-09-08 07:00:00,-0.0
2025-09-08 08:00:00,5516.496453659574
2025-09-08 09:00:00,15233.20037596378
2025-09-08 10:00:00,27626.953570560752
2025-09-08 11:00:00,41066.38069189645
2025-09-08 12:00:00,55367.27321360564
2025-09-08 13:00:00,69979.34037938026
2025-09-08 14:00:00,83580.81284849487
2025-09-08 15:00:00,95716.12913415852
2025-09-08 16:00:00,104734.28590045334
2025-09-08 17:00:00,104734.28590045334
2025-09-08 18:00:00,104734.28590045334
2025-09-08 19:00:00,104734.28590045334
2025-09-08 20:00:00,68895.1390852117
2025-09-08 21:00:00,68895.1390852117
2025-09-08 22:00:00,36063.30480499911
2025-09-08 23:00:00,36063.30480499911
2025-09-09 00:00:00,36063.30480499911
2025-09-09 01:00:00,30922.156334697796
2025-09-09 02:00:00,30922.156334697796
2025-09-09 03:00:00,4905.5066648668835
2025-09-09 04:00:00,4905.5066648668835
2025-09-09 05:00:00,4905.5066648668835
2025-09-09 06:00:00,4905.5066648668835
2025-09-09 07:00:00,4905.5066648668835
2025-09-09 08:00:00,11150.90655373614
2025-09-09 09:00:00,23472.377288707212
2025-09-09 10:00:00,37309.60736203041
2025-09-09 11:00:00,52505.37171570012
2025-09-09 12:00:00,68041.6969040569
2025-09-09 13:00:00,84070.46495182236
2025-09-09 14:00:00,99218.67781926754
2025-09-09 15:00:00,112521.93598574316
2025-09-09 16:00:00,122400.0
2025-09-09 17:00:00,121580.68595398942
2025-09-09 18:00:00,121580.68595398942
2025-09-09 19:00:00,87250.22566549425
2025-09-09 20:00:00,87250.22566549425
2025-09-09 21:00:00,87250.22566549425
2025-09-09 22:00:00,87250.22566549425
2025-09-09 23:00:00,87250.22566549425
2025-09-10 00:00:00,87250.22566549425
2025-09-10 01:00:00,87250.22566549425
2025-09-10 02:00:00,79724.76066658269
2025-09-10 03:00:00,53940.14189626518
2025-09-10 04:00:00,53940.14189626518
2025-09-10 05:00:00,27545.078280771246
2025-09-10 06:00:00,-0.0
2025-09-10 07:00:00,-0.0
2025-09-10 08:00:00,6381.229296126438
2025-09-10 09:00:00,19555.4408549845
2025-09-10 10:00:00,33903.49891785734
2025-09-10 11:00:00,49444.097903353126
2025-09-10 12:00:00,64420.41759587354
2025-09-10 13:00:00,80396.62361421484
2025-09-10 14:00:00,95480.85969367684
2025-09-10 15:00:00,109442.65151969357
2025-09-10 16:00:00,119832.78621105806
2025-09-10 17:00:00,118559.53184215877
2025-09-10 18:00:00,92485.93389342762
2025-09-10 19:00:00,92485.93389342762
2025-09-10 20:00:00,92485.93389342762
2025-09-10 21:00:00,92485.93389342762
2025-09-10 22:00:00,64534.748011488184
2025-09-10 23:00:00,64534.748011488184
2025-09-11 00:00:00,64534.748011488184
2025-09-11 01:00:00,64534.748011488184
2025-09-11 02:00:00,38890.96319626881
2025-09-11 03:00:00,38890.96319626881
2025-09-11 04:00:00,38890.96319626881
2025-09-11 05:00:00,13307.092009883001
2025-09-11 06:00:00,13307.092009883001
2025-09-11 07:00:00,-0.0
2025-09-11 08:00:00,-0.0
2025-09-11 09:00:00,12616.159063402662
2025-09-11 10:00:00,29340.525641885062
2025-09-11 11:00:00,46747.9798533023
2025-09-11 12:00:00,63174.16297971735
2025-09-11 13:00:00,80861.55490948551
2025-09-11 14:00:00,97864.1088336167
2025-09-11 15:00:00,112484.89025439565
2025-09-11 16:00:00,122400.0
2025-09-11 17:00:00,122400.0
2025-09-11 18:00:00,122400.0
2025-09-11 19:00:00,122400.0
2025-09-11 20:00:00,89557.23728453276
2025-09-11 21:00:00,89557.23728453276
2025-09-11 22:00:00,89557.23728453276
2025-09-11 23:00:00,89557.23728453276
2025-09-12 00:00:00,62006.194399398824
2025-09-12 01:00:00,62006.194399398824
2025-09-12 02:00:00,62006.194399398824
2025-09-12 03:00:00,62006.194399398824
2025-09-12 04:00:00,62006.194399398824
2025-09-12 05:00:00,36646.86540368691
2025-09-12 06:00:00,10102.518368224219
2025-09-12 07:00:00,-0.0
2025-09-12 08:00:00,809.8531161190731
2025-09-12 09:00:00,12877.202636306612
2025-09-12 10:00:00,27632.704431819555
2025-09-12 11:00:00,43829.838033999826
2025-09-12 12:00:00,60626.84523966018
2025-09-12 13:00:00,77546.00073388481
2025-09-12 14:00:00,94754.0156272789
2025-09-12 15:00:00,110350.9757154014
2025-09-12 16:00:00,122400.0
2025-09-12 17:00:00,121622.90149526352
2025-09-12 18:00:00,95886.59575783386
2025-09-12 19:00:00,95886.59575783386
2025-09-12 20:00:00,85365.27219622339
2025-09-12 21:00:00,85365.27219622339
2025-09-12 22:00:00,85365.27219622339
2025-09-12 23:00:00,85365.27219622339
2025-09-13 00:00:00,85365.27219622339
2025-09-13 01:00:00,59462.32079242251
2025-09-13 02:00:00,59462.32079242251
2025-09-13 03:00:00,35109.238594732306
2025-09-13 04:00:00,35109.238594732306
2025-09-13 05:00:00,35109.238594732306
2025-09-13 06:00:00,11100.587287283524
2025-09-13 07:00:00,-0.0
2025-09-13 08:00:00,-0.0
2025-09-13 09:00:00,-0.0
2025-09-13 10:00:00,14005.55664937494
2025-09-13 11:00:00,32225.57009634658
2025-09-13 12:00:00,51172.37024756545
2025-09-13 13:00:00,70310.25342869203
2025-09-13 14:00:00,89502.97821971586
2025-09-13 15:00:00,107141.03253136907
2025-09-13 16:00:00,121264.37366065083
2025-09-13 17:00:00,122400.0
2025-09-13 18:00:00,98234.47703923628
2025-09-13 19:00:00,98234.47703923628
2025-09-13 20:00:00,67305.78441305106
2025-09-13 21:00:00,37247.60409571507
2025-09-13 22:00:00,37247.60409571507
2025-09-13 23:00:00,37247.60409571507
2025-09-14 00:00:00,10951.153857511688
2025-09-14 01:00:00,9743.794316474557
2025-09-14 02:00:00,9743.794316474557
2025-09-14 03:00:00,9743.794316474557
2025-09-14 04:00:00,9743.794316474557
2025-09-14 05:00:00,9743.794316474557
2025-09-14 06:00:00,9743.794316474557
2025-09-14 07:00:00,-0.0
2025-09-14 08:00:00,3415.0427448865394
2025-09-14 09:00:00,16597.880210669045
2025-09-14 10:00:00,32934.54230363278
2025-09-14 11:00:00,50087.37903980134
2025-09-14 12:00:00,67214.99023547552
2025-09-14 13:00:00,83299.33444074281
2025-09-14 14:00:00,97286.67654569738
2025-09-14 15:00:00,111285.1301767793
2025-09-14 16:00:00,122400.0
2025-09-14 17:00:00,122400.0
2025-09-14 18:00:00,122400.0
2025-09-14 19:00:00,122400.0
2025-09-14 20:00:00,90027.1033872837
2025-09-14 21:00:00,58836.94496370358
2025-09-14 22:00:00,58836.94496370358
2025-09-14 23:00:00,58836.94496370358
2025-09-15 00:00:00,58836.94496370358
2025-09-15 01:00:00,58836.94496370358
2025-09-15 02:00:00,58836.94496370358
2025-09-15 03:00:00,58836.94496370358
2025-09-15 04:00:00,35081.28905797474
2025-09-15 05:00:00,32709.327865626336
2025-09-15 06:00:00,32709.327865626336
2025-09-15 07:00:00,32709.327865626336
2025-09-15 08:00:00,37500.837788847784
2025-09-15 09:00:00,48528.08091207278
2025-09-15 10:00:00,60874.642320479856
2025-09-15 11:00:00,73729.04043705267
2025-09-15 12:00:00,87383.08164804622
2025-09-15 13:00:00,99527.43700045638
2025-09-15 14:00:00,110164.25296126762
2025-09-15 15:00:00,118309.07999879502
2025-09-15 16:00:00,122400.0
2025-09-15 17:00:00,122400.0
2025-09-15 18:00:00,122400.0
2025-09-15 19:00:00,122400.0
2025-09-15 20:00:00,122400.0
2025-09-15 21:00:00,122400.0
2025-09-15 22:00:00,122400.0
2025-09-15 23:00:00,122400.0
2025-09-16 00:00:00,93732.24199594597
2025-09-16 01:00:00,93732.24199594597
2025-09-16 02:00:00,93732.24199594597
2025-09-16 03:00:00,93732.24199594597
2025-09-16 04:00:00,93732.24199594597
2025-09-16 05:00:00,67553.5142339678
2025-09-16 06:00:00,51654.49017834236
2025-09-16 07:00:00,51654.49017834236
2025-09-16 08:00:00,55008.21747076823
2025-09-16 09:00:00,64838.84974972959
2025-09-16 10:00:00,77363.40075569747
2025-09-16 11:00:00,88975.41503601898
2025-09-16 12:00:00,99901.35952948517
2025-09-16 13:00:00,109183.2603904834
2025-09-16 14:00:00,116989.17210756533
2025-09-16 15:00:00,121603.69009390708
2025-09-16 16:00:00,122400.0
2025-09-16 17:00:00,108884.33011575618
2025-09-16 18:00:00,73045.18330051455
2025-09-16 19:00:00,73045.18330051455
2025-09-16 20:00:00,73045.18330051455
2025-09-16 21:00:00,73045.18330051455
2025-09-16 22:00:00,73045.18330051455
2025-09-16 23:00:00,73045.18330051455
2025-09-17 00:00:00,42621.489203163175
2025-09-17 01:00:00,13762.662324625537
2025-09-17 02:00:00,13762.662324625537
2025-09-17 03:00:00,13762.662324625537
2025-09-17 04:00:00,13762.662324625537
2025-09-17 05:00:00,13762.662324625537
2025-09-17 06:00:00,13762.662324625537
2025-09-17 07:00:00,13762.662324625537
2025-09-17 08:00:00,13762.662324625537
2025-09-17 09:00:00,19733.630053870314
2025-09-17 10:00:00,27192.769537562017
2025-09-17 11:00:00,34133.09764560103
2025-09-17 12:00:00,38484.57174415275
2025-09-17 13:00:00,38598.7137493251
2025-09-17 14:00:00,38598.7137493251
2025-09-17 15:00:00,38598.7137493251
2025-09-17 16:00:00,38598.7137493251
2025-09-17 17:00:00,38598.7137493251
2025-09-17 18:00:00,38598.7137493251
2025-09-17 19:00:00,2759.5669340834647
2025-09-17 20:00:00,2759.5669340834647
2025-09-17 21:00:00,2759.5669340834647
2025-09-17 22:00:00,2759.5669340834647
2025-09-17 23:00:00,2759.5669340834647
2025-09-18 00:00:00,2759.5669340834647
2025-09-18 01:00:00,2759.5669340834647
2025-09-18 02:00:00,2759.5669340834647
2025-09-18 03:00:00,2759.5669340834647
2025-09-18 04:00:00,2759.5669340834647
2025-09-18 05:00:00,2759.5669340834647
2025-09-18 06:00:00,2759.5669340834647
2025-09-18 07:00:00,2759.5669340834647
2025-09-18 08:00:00,2759.5669340834647
2025-09-18 09:00:00,2759.5669340834647
2025-09-18 10:00:00,2759.5669340834647
2025-09-18 11:00:00,2759.5669340834647
2025-09-18 12:00:00,2759.5669340834647
2025-09-18 13:00:00,2759.5669340834647
2025-09-18 14:00:00,2759.5669340834647
2025-09-18 15:00:00,2759.5669340834647
2025-09-18 16:00:00,2759.5669340834647
2025-09-18 17:00:00,2759.5669340834647
2025-09-18 18:00:00,2759.5669340834647
2025-09-18 19:00:00,2759.5669340834647
2025-09-18 20:00:00,2759.5669340834647
2025-09-18 21:00:00,2759.5669340834647
2025-09-18 22:00:00,2759.5669340834647
2025-09-18 23:00:00,2759.5669340834647
2025-09-19 00:00:00,2759.5669340834647
2025-09-19 01:00:00,2759.5669340834647
2025-09-19 02:00:00,2759.5669340834647
2025-09-19 03:00:00,2759.5669340834647
2025-09-19 04:00:00,2759.5669340834647
2025-09-19 05:00:00,2759.5669340834647
2025-09-19 06:00:00,2759.5669340834647
2025-09-19 07:00:00,2759.5669340834647
2025-09-19 08:00:00,2759.5669340834647
2025-09-19 09:00:00,2759.5669340834647
2025-09-19 10:00:00,4610.888055137835
2025-09-19 11:00:00,9947.907500527203
2025-09-19 12:00:00,15687.715190831263
2025-09-19 13:00:00,21117.745363800223
2025-09-19 14:00:00,24755.161830260746
2025-09-19 15:00:00,26900.809207870563
2025-09-19 16:00:00,26900.809207870563
2025-09-19 17:00:00,25654.894927395035
2025-09-19 18:00:00,25654.894927395035
2025-09-19 19:00:00,25654.894927395035
2025-09-19 20:00:00,25654.894927395035
2025-09-19 21:00:00,25654.894927395035
2025-09-19 22:00:00,25654.894927395035
2025-09-19 23:00:00,25654.894927395035
2025-09-20 00:00:00,25654.894927395035
2025-09-20 01:00:00,25654.894927395035
2025-09-20 02:00:00,25654.894927395035
2025-09-20 03:00:00,25654.894927395035
2025-09-20 04:00:00,25654.894927395035
2025-09-20 05:00:00,930.6845779564937
2025-09-20 06:00:00,930.6845779564937
2025-09-20 07:00:00,930.6845779564937
2025-09-20 08:00:00,6974.187822328047
2025-09-20 09:00:00,20514.317496274285
2025-09-20 10:00:00,36775.83862209655
2025-09-20 11:00:00,53424.61663416995
2025-09-20 12:00:00,69372.80690654424
2025-09-20 13:00:00,84768.18648900982
2025-09-20 14:00:00,100188.9149331074
2025-09-20 15:00:00,113189.4437807369
2025-09-20 16:00:00,122400.0
2025-09-20 17:00:00,122400.0
2025-09-20 18:00:00,122400.0
2025-09-20 19:00:00,122400.0
2025-09-20 20:00:00,122400.0
2025-09-20 21:00:00,122400.0
2025-09-20 22:00:00,122400.0
2025-09-20 23:00:00,122400.0
2025-09-21 00:00:00,95083.58133504303
2025-09-21 01:00:00,69212.58555548714
2025-09-21 02:00:00,69212.58555548714
2025-09-21 03:00:00,69212.58555548714
2025-09-21 04:00:00,69212.58555548714
2025-09-21 05:00:00,69212.58555548714
2025-09-21 06:00:00,45787.45107080561
2025-09-21 07:00:00,45787.45107080561
2025-09-21 08:00:00,45787.45107080561
2025-09-21 09:00:00,49680.50389420224
2025-09-21 10:00:00,54798.42833263312
2025-09-21 11:00:00,60449.69329282487
2025-09-21 12:00:00,65169.021318235005
2025-09-21 13:00:00,67843.09636184132
2025-09-21 14:00:00,71083.85716006656
2025-09-21 15:00:00,72402.34649651195
2025-09-21 16:00:00,72402.34649651195
2025-09-21 17:00:00,72402.34649651195
2025-09-21 18:00:00,72402.34649651195
2025-09-21 19:00:00,72402.34649651195
2025-09-21 20:00:00,40398.423759666206
2025-09-21 21:00:00,40398.423759666206
2025-09-21 22:00:00,40398.423759666206
2025-09-21 23:00:00,40398.423759666206
2025-09-22 00:00:00,40398.423759666206
2025-09-22 01:00:00,40398.423759666206
2025-09-22 02:00:00,40398.423759666206
2025-09-22 03:00:00,40398.423759666206
2025-09-22 04:00:00,40398.423759666206
2025-09-22 05:00:00,15328.474803177229
2025-09-22 06:00:00,15328.474803177229
2025-09-22 07:00:00,15328.474803177229
2025-09-22 08:00:00,15328.474803177229
2025-09-22 09:00:00,17908.314754991574
2025-09-22 10:00:00,23992.620873803528
2025-09-22 11:00:00,32408.159221854083
2025-09-22 12:00:00,42449.82572937386
2025-09-22 13:00:00,50454.70083395549
2025-09-22 14:00:00,59213.532353047776
2025-09-22 15:00:00,65765.09523541917
2025-09-22 16:00:00,67658.80669900875
2025-09-22 17:00:00,67658.80669900875
2025-09-22 18:00:00,67658.80669900875
2025-09-22 19:00:00,67658.80669900875
2025-09-22 20:00:00,67658.80669900875
2025-09-22 21:00:00,67658.80669900875
2025-09-22 22:00:00,67658.80669900875
2025-09-22 23:00:00,67658.80669900875
2025-09-23 00:00:00,67658.80669900875
2025-09-23 01:00:00,67658.80669900875
2025-09-23 02:00:00,41227.16225609717
2025-09-23 03:00:00,41227.16225609717
2025-09-23 04:00:00,41227.16225609717
2025-09-23 05:00:00,15092.055644702159
2025-09-23 06:00:00,15092.055644702159
2025-09-23 07:00:00,15092.055644702159
2025-09-23 08:00:00,15368.476208458063
2025-09-23 09:00:00,21882.54241122176
2025-09-23 10:00:00,30727.554599813546
2025-09-23 11:00:00,39070.20818343678
2025-09-23 12:00:00,47157.71885639106
2025-09-23 13:00:00,55180.681138771906
2025-09-23 14:00:00,60783.475965056634
2025-09-23 15:00:00,62290.4813726508
2025-09-23 16:00:00,62290.4813726508
2025-09-23 17:00:00,62290.4813726508
2025-09-23 18:00:00,62290.4813726508
2025-09-23 19:00:00,62290.4813726508
2025-09-23 20:00:00,62290.4813726508
2025-09-23 21:00:00,62290.4813726508
2025-09-23 22:00:00,62290.4813726508
2025-09-23 23:00:00,62290.4813726508
2025-09-24 00:00:00,62290.4813726508
2025-09-24 01:00:00,62290.4813726508
2025-09-24 02:00:00,62290.4813726508
2025-09-24 03:00:00,62290.4813726508
2025-09-24 04:00:00,62290.4813726508
2025-09-24 05:00:00,62290.4813726508
2025-09-24 06:00:00,62290.4813726508
2025-09-24 07:00:00,41591.96772229101
2025-09-24 08:00:00,41591.96772229101
2025-09-24 09:00:00,41591.96772229101
2025-09-24 10:00:00,41591.96772229101
2025-09-24 11:00:00,44314.79517468038
2025-09-24 12:00:00,48301.460550418844
2025-09-24 13:00:00,51315.3159503816
2025-09-24 14:00:00,54676.742682814234
2025-09-24 15:00:00,58706.445351228205
2025-09-24 16:00:00,59297.80410363342
2025-09-24 17:00:00,59297.80410363342
2025-09-24 18:00:00,25727.710140102306
2025-09-24 19:00:00,25727.710140102306
2025-09-24 20:00:00,25727.710140102306
2025-09-24 21:00:00,25727.710140102306
2025-09-24 22:00:00,25727.710140102306
2025-09-24 23:00:00,25727.710140102306
2025-09-25 00:00:00,25727.710140102306
2025-09-25 01:00:00,25727.710140102306
2025-09-25 02:00:00,-0.0
2025-09-25 03:00:00,-0.0
2025-09-25 04:00:00,-0.0
2025-09-25 05:00:00,-0.0
2025-09-25 06:00:00,-0.0
2025-09-25 07:00:00,-0.0
2025-09-25 08:00:00,1553.649911196003
2025-09-25 09:00:00,10376.68204223223
2025-09-25 10:00:00,21247.68093187218
2025-09-25 11:00:00,33262.89037950587
2025-09-25 12:00:00,46166.764535627335
2025-09-25 13:00:00,58914.526206753086
2025-09-25 14:00:00,71055.855563004
2025-09-25 15:00:00,81774.8294608258
2025-09-25 16:00:00,88698.51936528111
2025-09-25 17:00:00,77343.80034048368
2025-09-25 18:00:00,77343.80034048368
2025-09-25 19:00:00,77343.80034048368
2025-09-25 20:00:00,77343.80034048368
2025-09-25 21:00:00,77343.80034048368
2025-09-25 22:00:00,77343.80034048368
2025-09-25 23:00:00,77343.80034048368
2025-09-26 00:00:00,77343.80034048368
2025-09-26 01:00:00,51493.36300339229
2025-09-26 02:00:00,51493.36300339229
2025-09-26 03:00:00,26165.623224083345
2025-09-26 04:00:00,26165.623224083345
2025-09-26 05:00:00,26165.623224083345
2025-09-26 06:00:00,26165.623224083345
2025-09-26 07:00:00,8191.712069514306
2025-09-26 08:00:00,10703.02647766397
2025-09-26 09:00:00,20400.975750864265
2025-09-26 10:00:00,32771.837360269295
2025-09-26 11:00:00,45524.991349779
2025-09-26 12:00:00,58814.21615094942
2025-09-26 13:00:00,71916.04772336558
2025-09-26 14:00:00,81662.88569725891
2025-09-26 15:00:00,88782.31431243764
2025-09-26 16:00:00,91328.6025684814
2025-09-26 17:00:00,91328.6025684814
2025-09-26 18:00:00,91328.6025684814
2025-09-26 19:00:00,91328.6025684814
2025-09-26 20:00:00,91328.6025684814
2025-09-26 21:00:00,91328.6025684814
2025-09-26 22:00:00,91328.6025684814
2025-09-26 23:00:00,91328.6025684814
2025-09-27 00:00:00,91328.6025684814
2025-09-27 01:00:00,91328.6025684814
2025-09-27 02:00:00,91328.6025684814
2025-09-27 03:00:00,91328.6025684814
2025-09-27 04:00:00,91328.6025684814
2025-09-27 05:00:00,91328.6025684814
2025-09-27 06:00:00,66867.38658462711
2025-09-27 07:00:00,66867.38658462711
2025-09-27 08:00:00,65154.46419571422
2025-09-27 09:00:00,70734.0290198863
2025-09-27 10:00:00,78524.28325372051
2025-09-27 11:00:00,85462.18291744193
2025-09-27 12:00:00,93230.77589079691
2025-09-27 13:00:00,100461.18500600175
2025-09-27 14:00:00,109711.35707402858
2025-09-27 15:00:00,115074.73003778672
2025-09-27 16:00:00,116775.87933251829
2025-09-27 17:00:00,116775.87933251829
2025-09-27 18:00:00,116775.87933251829
2025-09-27 19:00:00,116775.87933251829
2025-09-27 20:00:00,116775.87933251829
2025-09-27 21:00:00,87920.8384034195
2025-09-27 22:00:00,73728.05187119012
2025-09-27 23:00:00,47349.18587404942
2025-09-28 00:00:00,47349.18587404942
2025-09-28 01:00:00,23086.100462615963
2025-09-28 02:00:00,23086.100462615963
2025-09-28 03:00:00,-0.0
2025-09-28 04:00:00,-0.0
2025-09-28 05:00:00,-0.0
2025-09-28 06:00:00,-0.0
2025-09-28 07:00:00,-0.0
2025-09-28 08:00:00,4122.002693716961
2025-09-28 09:00:00,15655.780842621527
2025-09-28 10:00:00,28591.268678161563
2025-09-28 11:00:00,43235.375572641315
2025-09-28 12:00:00,59279.62123976653
2025-09-28 13:00:00,75131.844358148
2025-09-28 14:00:00,91237.60803336735
2025-09-28 15:00:00,104322.58609590746
2025-09-28 16:00:00,110630.18178022007
2025-09-28 17:00:00,102159.0180678069
2025-09-28 18:00:00,102159.0180678069
2025-09-28 19:00:00,72004.02263277948
2025-09-28 20:00:00,72004.02263277948
2025-09-28 21:00:00,72004.02263277948
2025-09-28 22:00:00,72004.02263277948
2025-09-28 23:00:00,72004.02263277948
2025-09-29 00:00:00,72004.02263277948
2025-09-29 01:00:00,47620.85267128163
2025-09-29 02:00:00,47620.85267128163
2025-09-29 03:00:00,47620.85267128163
2025-09-29 04:00:00,47620.85267128163
2025-09-29 05:00:00,47620.85267128163
2025-09-29 06:00:00,47620.85267128163
2025-09-29 07:00:00,47620.85267128163
2025-09-29 08:00:00,46170.352173594045
2025-09-29 09:00:00,52522.70722422981
2025-09-29 10:00:00,61864.43495310829
2025-09-29 11:00:00,72238.6696570392
2025-09-29 12:00:00,83854.15519498495
2025-09-29 13:00:00,96046.47158150717
2025-09-29 14:00:00,105629.1980269168
2025-09-29 15:00:00,113581.48699117303
2025-09-29 16:00:00,118058.57854848188
2025-09-29 17:00:00,118058.57854848188
2025-09-29 18:00:00,87531.74244120397
2025-09-29 19:00:00,55811.93939018666
2025-09-29 20:00:00,55811.93939018666
2025-09-29 21:00:00,55811.93939018666
2025-09-29 22:00:00,55811.93939018666
2025-09-29 23:00:00,55811.93939018666
2025-09-30 00:00:00,55811.93939018666
2025-09-30 01:00:00,30753.051174433353
2025-09-30 02:00:00,6108.355954179668
2025-09-30 03:00:00,6108.355954179668
2025-09-30 04:00:00,6108.355954179668
2025-09-30 05:00:00,6108.355954179668
2025-09-30 06:00:00,6108.355954179668
2025-09-30 07:00:00,6108.355954179668
2025-09-30 08:00:00,7571.663988076398
2025-09-30 09:00:00,18264.55823719998
2025-09-30 10:00:00,33168.02872158082
2025-09-30 11:00:00,49191.86935093762
2025-09-30 12:00:00,64630.81388532426
2025-09-30 13:00:00,78815.2589109745
2025-09-30 14:00:00,90119.21926676705
2025-09-30 15:00:00,100323.79555209124
2025-09-30 16:00:00,105813.41752560517
2025-09-30 17:00:00,105813.41752560517
2025-09-30 18:00:00,105813.41752560517
2025-09-30 19:00:00,105813.41752560517
2025-09-30 20:00:00,79468.61990605599
2025-09-30 21:00:00,49263.93803921643
2025-09-30 22:00:00,49263.93803921643
2025-09-30 23:00:00,49263.93803921643
2025-10-01 00:00:00,49263.93803921643
2025-10-01 01:00:00,49263.93803921643
2025-10-01 02:00:00,49263.93803921643
2025-10-01 03:00:00,24715.547908540837
2025-10-01 04:00:00,24715.547908540837
2025-10-01 05:00:00,-0.0
2025-10-01 06:00:00,-0.0
2025-10-01 07:00:00,-0.0
2025-10-01 08:00:00,2860.9717816149373
2025-10-01 09:00:00,13367.119452597351
2025-10-01 10:00:00,26111.19528072817
2025-10-01 11:00:00,40164.67248301312
2025-10-01 12:00:00,55209.10124445576
2025-10-01 13:00:00,70055.69099464976
2025-10-01 14:00:00,84037.28862238475
2025-10-01 15:00:00,96392.45873896974
2025-10-01 16:00:00,104744.67192068863
2025-10-01 17:00:00,104744.67192068863
2025-10-01 18:00:00,91156.49944433855
2025-10-01 19:00:00,91156.49944433855
2025-10-01 20:00:00,59958.5855147691
2025-10-01 21:00:00,59958.5855147691
2025-10-01 22:00:00,59958.5855147691
2025-10-01 23:00:00,32866.991193656155
2025-10-02 00:00:00,32866.991193656155
2025-10-02 01:00:00,32866.991193656155
2025-10-02 02:00:00,32866.991193656155
2025-10-02 03:00:00,32866.991193656155
2025-10-02 04:00:00,32866.991193656155
2025-10-02 05:00:00,32866.991193656155
2025-10-02 06:00:00,32866.991193656155
2025-10-02 07:00:00,32866.991193656155
2025-10-02 08:00:00,36121.080676335645
2025-10-02 09:00:00,45598.2458288032
2025-10-02 10:00:00,57441.2593573718
2025-10-02 11:00:00,70380.21438426859
2025-10-02 12:00:00,83253.94464789341
2025-10-02 13:00:00,95162.2801259681
2025-10-02 14:00:00,104951.20674167914
2025-10-02 15:00:00,111669.16283019527
2025-10-02 16:00:00,112948.62122925062
2025-10-02 17:00:00,112948.62122925062
2025-10-02 18:00:00,82388.61143568388
2025-10-02 19:00:00,50469.452049927975
2025-10-02 20:00:00,50469.452049927975
2025-10-02 21:00:00,50469.452049927975
2025-10-02 22:00:00,50469.452049927975
2025-10-02 23:00:00,50469.452049927975
2025-10-03 00:00:00,50469.452049927975
2025-10-03 01:00:00,50469.452049927975
2025-10-03 02:00:00,50469.452049927975
2025-10-03 03:00:00,50469.452049927975
2025-10-03 04:00:00,26500.852773724368
2025-10-03 05:00:00,26500.852773724368
2025-10-03 06:00:00,-0.0
2025-10-03 07:00:00,-0.0
2025-10-03 08:00:00,125.87656864710898
2025-10-03 09:00:00,8253.482942764282
2025-10-03 10:00:00,17963.057282475715
2025-10-03 11:00:00,29862.29322562366
2025-10-03 12:00:00,43462.6508544025
2025-10-03 13:00:00,57283.17924514661
2025-10-03 14:00:00,71355.06583861218
2025-10-03 15:00:00,83166.45264447626
2025-10-03 16:00:00,91465.40740042969
2025-10-03 17:00:00,91465.40740042969
2025-10-03 18:00:00,91465.40740042969
2025-10-03 19:00:00,61982.69214086139
2025-10-03 20:00:00,61982.69214086139
2025-10-03 21:00:00,37774.876230374575
2025-10-03 22:00:00,37774.876230374575
2025-10-03 23:00:00,37774.876230374575
2025-10-04 00:00:00,37774.876230374575
2025-10-04 01:00:00,37774.876230374575
2025-10-04 02:00:00,37774.876230374575
2025-10-04 03:00:00,37774.876230374575
2025-10-04 04:00:00,37774.876230374575
2025-10-04 05:00:00,37774.876230374575
2025-10-04 06:00:00,14396.215366009956
2025-10-04 07:00:00,-0.0
2025-10-04 08:00:00,7070.604013895754
2025-10-04 09:00:00,20131.007341431025
2025-10-04 10:00:00,35382.82160607183
2025-10-04 11:00:00,51483.429486442794
2025-10-04 12:00:00,67222.64629381234
2025-10-04 13:00:00,82296.68665975572
2025-10-04 14:00:00,95527.60061562953
2025-10-04 15:00:00,107244.96043261755
2025-10-04 16:00:00,114613.3239977788
2025-10-04 17:00:00,114613.3239977788
2025-10-04 18:00:00,87854.98920669171
2025-10-04 19:00:00,76917.46310064648
2025-10-04 20:00:00,49461.50148255431
2025-10-04 21:00:00,49461.50148255431
2025-10-04 22:00:00,23730.376911095667
2025-10-04 23:00:00,23730.376911095667
2025-10-05 00:00:00,-0.0
2025-10-05 01:00:00,-0.0
2025-10-05 02:00:00,-0.0
2025-10-05 03:00:00,-0.0
2025-10-05 04:00:00,-0.0
2025-10-05 05:00:00,-0.0
2025-10-05 06:00:00,-0.0
2025-10-05 07:00:00,-0.0
2025-10-05 08:00:00,-0.0
2025-10-05 09:00:00,-0.0
2025-10-05 10:00:00,14238.40099814298
2025-10-05 11:00:00,33915.98602268635
2025-10-05 12:00:00,53172.485027389666
2025-10-05 13:00:00,72350.16580749105
2025-10-05 14:00:00,91405.28931643013
2025-10-05 15:00:00,109278.67549082749
2025-10-05 16:00:00,122400.0
2025-10-05 17:00:00,114829.64202903709
2025-10-05 18:00:00,114829.64202903709
2025-10-05 19:00:00,114829.64202903709
2025-10-05 20:00:00,114829.64202903709
2025-10-05 21:00:00,114829.64202903709
2025-10-05 22:00:00,114829.64202903709
2025-10-05 23:00:00,114829.64202903709
2025-10-06 00:00:00,91109.79542349285
2025-10-06 01:00:00,68525.94072295484
2025-10-06 02:00:00,68525.94072295484
2025-10-06 03:00:00,68525.94072295484
2025-10-06 04:00:00,46085.84096601101
2025-10-06 05:00:00,24999.341092264716
2025-10-06 06:00:00,-0.0
2025-10-06 07:00:00,-0.0
2025-10-06 08:00:00,1517.8474971509804
2025-10-06 09:00:00,15680.188021559823
2025-10-06 10:00:00,32008.392388470696
2025-10-06 11:00:00,47912.78184349935
2025-10-06 12:00:00,63824.9287692403
2025-10-06 13:00:00,80386.21853242879
2025-10-06 14:00:00,96869.23574361957
2025-10-06 15:00:00,112385.72970422178
2025-10-06 16:00:00,122400.0
2025-10-06 17:00:00,122400.0
2025-10-06 18:00:00,122400.0
2025-10-06 19:00:00,112681.49146419214
2025-10-06 20:00:00,82285.8130864343
2025-10-06 21:00:00,82285.8130864343
2025-10-06 22:00:00,82285.8130864343
2025-10-06 23:00:00,56549.92880326861
2025-10-07 00:00:00,31709.395514207572
2025-10-07 01:00:00,31709.395514207572
2025-10-07 02:00:00,31709.395514207572
2025-10-07 03:00:00,31709.395514207572
2025-10-07 04:00:00,31709.395514207572
2025-10-07 05:00:00,31709.395514207572
2025-10-07 06:00:00,6178.012790361798
2025-10-07 07:00:00,6178.012790361798
2025-10-07 08:00:00,9984.46654785759
2025-10-07 09:00:00,22553.146828979698
2025-10-07 10:00:00,37160.97454613428
2025-10-07 11:00:00,52036.57576338701
2025-10-07 12:00:00,67432.26470745698
2025-10-07 13:00:00,83193.85338523782
2025-10-07 14:00:00,98750.1813601033
2025-10-07 15:00:00,113486.52283190176
2025-10-07 16:00:00,122400.0
2025-10-07 17:00:00,109030.97750928412
2025-10-07 18:00:00,109030.97750928412
2025-10-07 19:00:00,79133.7353879254
2025-10-07 20:00:00,79133.7353879254
2025-10-07 21:00:00,79133.7353879254
2025-10-07 22:00:00,79133.7353879254
2025-10-07 23:00:00,79133.7353879254
2025-10-08 00:00:00,79133.7353879254
2025-10-08 01:00:00,79133.7353879254
2025-10-08 02:00:00,79133.7353879254
2025-10-08 03:00:00,79133.7353879254
2025-10-08 04:00:00,55540.624586887316
2025-10-08 05:00:00,31893.4222854451
2025-10-08 06:00:00,31893.4222854451
2025-10-08 07:00:00,12870.256663727168
2025-10-08 08:00:00,15657.958329139827
2025-10-08 09:00:00,25940.663203963
2025-10-08 10:00:00,38881.889314256754
2025-10-08 11:00:00,52646.24953561932
2025-10-08 12:00:00,67342.24312848522
2025-10-08 13:00:00,82853.94919810188
2025-10-08 14:00:00,98387.86425321717
2025-10-08 15:00:00,113352.77942332432
2025-10-08 16:00:00,122400.0
2025-10-08 17:00:00,122400.0
2025-10-08 18:00:00,122400.0
2025-10-08 19:00:00,122400.0
2025-10-08 20:00:00,92942.24540642016
2025-10-08 21:00:00,92942.24540642016
2025-10-08 22:00:00,92942.24540642016
2025-10-08 23:00:00,92942.24540642016
2025-10-09 00:00:00,92942.24540642016
2025-10-09 01:00:00,69178.7815198665
2025-10-09 02:00:00,69178.7815198665
2025-10-09 03:00:00,69178.7815198665
2025-10-09 04:00:00,69178.7815198665
2025-10-09 05:00:00,67820.51013011695
2025-10-09 06:00:00,67820.51013011695
2025-10-09 07:00:00,46569.24053845527
2025-10-09 08:00:00,46569.24053845527
2025-10-09 09:00:00,52183.721150374
2025-10-09 10:00:00,59057.025908476215
2025-10-09 11:00:00,65315.50863279705
2025-10-09 12:00:00,72180.68848345123
2025-10-09 13:00:00,78848.09739764944
2025-10-09 14:00:00,82877.37388241479
2025-10-09 15:00:00,83162.85875690902
2025-10-09 16:00:00,83162.85875690902
2025-10-09 17:00:00,64576.72239112237
2025-10-09 18:00:00,64576.72239112237
2025-10-09 19:00:00,64576.72239112237
2025-10-09 20:00:00,64576.72239112237
2025-10-09 21:00:00,64576.72239112237
2025-10-09 22:00:00,64576.72239112237
2025-10-09 23:00:00,64576.72239112237
2025-10-10 00:00:00,39453.051249258424
2025-10-10 01:00:00,39453.051249258424
2025-10-10 02:00:00,39453.051249258424
2025-10-10 03:00:00,39453.051249258424
2025-10-10 04:00:00,39453.051249258424
2025-10-10 05:00:00,39453.051249258424
2025-10-10 06:00:00,39453.051249258424
2025-10-10 07:00:00,39453.051249258424
2025-10-10 08:00:00,39453.051249258424
2025-10-10 09:00:00,39453.051249258424
2025-10-10 10:00:00,41119.71682282388
2025-10-10 11:00:00,43808.40170766333
2025-10-10 12:00:00,46052.78989884674
2025-10-10 13:00:00,46803.516231647285
2025-10-10 14:00:00,46803.516231647285
2025-10-10 15:00:00,46803.516231647285
2025-10-10 16:00:00,46803.516231647285
2025-10-10 17:00:00,46803.516231647285
2025-10-10 18:00:00,46803.516231647285
2025-10-10 19:00:00,46803.516231647285
2025-10-10 20:00:00,46803.516231647285
2025-10-10 21:00:00,46803.516231647285
2025-10-10 22:00:00,46803.516231647285
2025-10-10 23:00:00,46803.516231647285
2025-10-11 00:00:00,46803.516231647285
2025-10-11 01:00:00,22704.247677029434
2025-10-11 02:00:00,22704.247677029434
2025-10-11 03:00:00,22704.247677029434
2025-10-11 04:00:00,-0.0
2025-10-11 05:00:00,-0.0
2025-10-11 06:00:00,-0.0
2025-10-11 07:00:00,-0.0
2025-10-11 08:00:00,-0.0
2025-10-11 09:00:00,10011.834470087362
2025-10-11 10:00:00,23805.57966432671
2025-10-11 11:00:00,38084.52580245113
2025-10-11 12:00:00,53122.2153008825
2025-10-11 13:00:00,68698.09942072633
2025-10-11 14:00:00,84927.41741956573
2025-10-11 15:00:00,98933.33312875732
2025-10-11 16:00:00,107236.29823915192
2025-10-11 17:00:00,107236.29823915192
2025-10-11 18:00:00,80172.83670947031
2025-10-11 19:00:00,80172.83670947031
2025-10-11 20:00:00,53041.54347400166
2025-10-11 21:00:00,26583.459631290847
2025-10-11 22:00:00,26583.459631290847
2025-10-11 23:00:00,2402.753976263553
2025-10-12 00:00:00,-0.0
2025-10-12 01:00:00,-0.0
2025-10-12 02:00:00,-0.0
2025-10-12 03:00:00,-0.0
2025-10-12 04:00:00,-0.0
2025-10-12 05:00:00,-0.0
2025-10-12 06:00:00,-0.0
2025-10-12 07:00:00,-0.0
2025-10-12 08:00:00,1112.827489142379
2025-10-12 09:00:00,15208.412018001844
2025-10-12 10:00:00,32220.690692064687
2025-10-12 11:00:00,49804.12018737345
2025-10-12 12:00:00,65554.08076294632
2025-10-12 13:00:00,81197.1082030417
2025-10-12 14:00:00,97107.36523266634
2025-10-12 15:00:00,112517.05338121764
2025-10-12 16:00:00,122400.0
2025-10-12 17:00:00,122400.0
2025-10-12 18:00:00,122400.0
2025-10-12 19:00:00,105280.83965581769
2025-10-12 20:00:00,105280.83965581769
2025-10-12 21:00:00,79253.77162822681
2025-10-12 22:00:00,79253.77162822681
2025-10-12 23:00:00,79253.77162822681
2025-10-13 00:00:00,79253.77162822681
2025-10-13 01:00:00,79253.77162822681
2025-10-13 02:00:00,79253.77162822681
2025-10-13 03:00:00,79253.77162822681
2025-10-13 04:00:00,79253.77162822681
2025-10-13 05:00:00,79253.77162822681
2025-10-13 06:00:00,79253.77162822681
2025-10-13 07:00:00,79253.77162822681
2025-10-13 08:00:00,79253.77162822681
2025-10-13 09:00:00,86616.37996861286
2025-10-13 10:00:00,95866.02558381742
2025-10-13 11:00:00,105812.13795460004
2025-10-13 12:00:00,113555.86220438279
2025-10-13 13:00:00,118373.12585595984
2025-10-13 14:00:00,121499.23217505183
2025-10-13 15:00:00,122400.0
2025-10-13 16:00:00,122400.0
2025-10-13 17:00:00,122400.0
2025-10-13 18:00:00,122400.0
2025-10-13 19:00:00,122400.0
2025-10-13 20:00:00,94959.33831817721
2025-10-13 21:00:00,94959.33831817721
2025-10-13 22:00:00,94959.33831817721
2025-10-13 23:00:00,94959.33831817721
2025-10-14 00:00:00,87805.17319416694
2025-10-14 01:00:00,87805.17319416694
2025-10-14 02:00:00,65576.43063979223
2025-10-14 03:00:00,65576.43063979223
2025-10-14 04:00:00,65576.43063979223
2025-10-14 05:00:00,65576.43063979223
2025-10-14 06:00:00,65576.43063979223
2025-10-14 07:00:00,65576.43063979223
2025-10-14 08:00:00,65576.43063979223
2025-10-14 09:00:00,65576.43063979223
2025-10-14 10:00:00,65576.43063979223
2025-10-14 11:00:00,65576.43063979223
2025-10-14 12:00:00,65576.43063979223
2025-10-14 13:00:00,67850.2737227622
2025-10-14 14:00:00,72558.37475260693
2025-10-14 15:00:00,74067.88389907581
2025-10-14 16:00:00,74067.88389907581
2025-10-14 17:00:00,74067.88389907581
2025-10-14 18:00:00,74067.88389907581
2025-10-14 19:00:00,74067.88389907581
2025-10-14 20:00:00,47329.37204783276
2025-10-14 21:00:00,47329.37204783276
2025-10-14 22:00:00,47329.37204783276
2025-10-14 23:00:00,23467.618809931177
2025-10-15 00:00:00,23467.618809931177
2025-10-15 01:00:00,23467.618809931177
2025-10-15 02:00:00,23467.618809931177
2025-10-15 03:00:00,23467.618809931177
2025-10-15 04:00:00,23467.618809931177
2025-10-15 05:00:00,23467.618809931177
2025-10-15 06:00:00,23467.618809931177
2025-10-15 07:00:00,23467.618809931177
2025-10-15 08:00:00,25660.888305513916
2025-10-15 09:00:00,35663.86821822004
2025-10-15 10:00:00,48213.0579486457
2025-10-15 11:00:00,62357.11777301752
2025-10-15 12:00:00,77338.44391320532
2025-10-15 13:00:00,91927.46636806987
2025-10-15 14:00:00,105488.81200374021
2025-10-15 15:00:00,116173.8105137615
2025-10-15 16:00:00,122400.0
2025-10-15 17:00:00,109253.27397961724
2025-10-15 18:00:00,109253.27397961724
2025-10-15 19:00:00,109253.27397961724
2025-10-15 20:00:00,89286.92188698461
2025-10-15 21:00:00,89286.92188698461
2025-10-15 22:00:00,89286.92188698461
2025-10-15 23:00:00,65548.8683023194
2025-10-16 00:00:00,65548.8683023194
2025-10-16 01:00:00,65548.8683023194
2025-10-16 02:00:00,43893.651690815284
2025-10-16 03:00:00,43893.651690815284
2025-10-16 04:00:00,43893.651690815284
2025-10-16 05:00:00,43893.651690815284
2025-10-16 06:00:00,19182.206028719516
2025-10-16 07:00:00,-0.0
2025-10-16 08:00:00,3173.551317953581
2025-10-16 09:00:00,16219.172714139851
2025-10-16 10:00:00,32743.631882928406
2025-10-16 11:00:00,49570.735217604495
2025-10-16 12:00:00,65383.92748734912
2025-10-16 13:00:00,80931.2696743657
2025-10-16 14:00:00,96565.46403312657
2025-10-16 15:00:00,110154.40711366698
2025-10-16 16:00:00,119024.28888732124
2025-10-16 17:00:00,108471.63599525302
2025-10-16 18:00:00,108471.63599525302
2025-10-16 19:00:00,80406.82815820987
2025-10-16 20:00:00,80406.82815820987
2025-10-16 21:00:00,80406.82815820987
2025-10-16 22:00:00,80406.82815820987
2025-10-16 23:00:00,80406.82815820987
2025-10-17 00:00:00,80406.82815820987
2025-10-17 01:00:00,58294.1212410454
2025-10-17 02:00:00,58294.1212410454
2025-10-17 03:00:00,58294.1212410454
2025-10-17 04:00:00,36972.704068880776
2025-10-17 05:00:00,14558.307623094755
2025-10-17 06:00:00,14558.307623094755
2025-10-17 07:00:00,14558.307623094755
2025-10-17 08:00:00,18103.203163694205
2025-10-17 09:00:00,30888.46309678219
2025-10-17 10:00:00,46548.0264729905
2025-10-17 11:00:00,62368.40907851541
2025-10-17 12:00:00,77287.16009461485
2025-10-17 13:00:00,91934.68317240309
2025-10-17 14:00:00,105398.1593577348
2025-10-17 15:00:00,116572.41782301392
2025-10-17 16:00:00,122400.0
2025-10-17 17:00:00,122400.0
2025-10-17 18:00:00,122400.0
2025-10-17 19:00:00,94222.90227104149
2025-10-17 20:00:00,67093.07625018794
2025-10-17 21:00:00,67093.07625018794
2025-10-17 22:00:00,67093.07625018794
2025-10-17 23:00:00,67093.07625018794
2025-10-18 00:00:00,44132.76270282845
2025-10-18 01:00:00,21377.377938111596
2025-10-18 02:00:00,21377.377938111596
2025-10-18 03:00:00,-0.0
2025-10-18 04:00:00,-0.0
2025-10-18 05:00:00,-0.0
2025-10-18 06:00:00,-0.0
2025-10-18 07:00:00,-0.0
2025-10-18 08:00:00,4566.648842562173
2025-10-18 09:00:00,18433.29700701047
2025-10-18 10:00:00,36324.63658867199
2025-10-18 11:00:00,53648.50982972409
2025-10-18 12:00:00,69770.53631050787
2025-10-18 13:00:00,85056.34357770297
2025-10-18 14:00:00,99626.2888024465
2025-10-18 15:00:00,111826.49501446058
2025-10-18 16:00:00,118426.58592360838
2025-10-18 17:00:00,118426.58592360838
2025-10-18 18:00:00,118426.58592360838
2025-10-18 19:00:00,118426.58592360838
2025-10-18 20:00:00,118426.58592360838
2025-10-18 21:00:00,92749.6071351582
2025-10-18 22:00:00,92749.6071351582
2025-10-18 23:00:00,92749.6071351582
2025-10-19 00:00:00,92749.6071351582
2025-10-19 01:00:00,70513.09889753058
2025-10-19 02:00:00,70513.09889753058
2025-10-19 03:00:00,70513.09889753058
2025-10-19 04:00:00,70513.09889753058
2025-10-19 05:00:00,49632.95508483192
2025-10-19 06:00:00,28171.313452613093
2025-10-19 07:00:00,28171.313452613093
2025-10-19 08:00:00,32239.20145387632
2025-10-19 09:00:00,43345.48877079226
2025-10-19 10:00:00,55578.78342768409
2025-10-19 11:00:00,67258.10140676139
2025-10-19 12:00:00,78645.00100253824
2025-10-19 13:00:00,89503.32481418193
2025-10-19 14:00:00,98749.3798618841
2025-10-19 15:00:00,108291.89540761855
2025-10-19 16:00:00,113236.67415786331
2025-10-19 17:00:00,113236.67415786331
2025-10-19 18:00:00,113236.67415786331
2025-10-19 19:00:00,105478.92013620811
2025-10-19 20:00:00,105478.92013620811
2025-10-19 21:00:00,105478.92013620811
2025-10-19 22:00:00,80385.76768805322
2025-10-19 23:00:00,80385.76768805322
2025-10-20 00:00:00,80385.76768805322
2025-10-20 01:00:00,80385.76768805322
2025-10-20 02:00:00,80385.76768805322
2025-10-20 03:00:00,80385.76768805322
2025-10-20 04:00:00,58744.28863894404
2025-10-20 05:00:00,35873.29629240786
2025-10-20 06:00:00,35873.29629240786
2025-10-20 07:00:00,15358.943648544791
2025-10-20 08:00:00,17091.03288296445
2025-10-20 09:00:00,28835.846640490236
2025-10-20 10:00:00,42953.482515127136
2025-10-20 11:00:00,56528.787937379355
2025-10-20 12:00:00,69741.60739472377
2025-10-20 13:00:00,83435.35636014197
2025-10-20 14:00:00,95060.37155080878
2025-10-20 15:00:00,106120.52808994381
2025-10-20 16:00:00,110746.95964118156
2025-10-20 17:00:00,110746.95964118156
2025-10-20 18:00:00,110746.95964118156
2025-10-20 19:00:00,110746.95964118156
2025-10-20 20:00:00,110746.95964118156
2025-10-20 21:00:00,110746.95964118156
2025-10-20 22:00:00,110746.95964118156
2025-10-20 23:00:00,110746.95964118156
2025-10-21 00:00:00,110746.95964118156
2025-10-21 01:00:00,110746.95964118156
2025-10-21 02:00:00,88138.21497046221
2025-10-21 03:00:00,88138.21497046221
2025-10-21 04:00:00,88138.21497046221
2025-10-21 05:00:00,88138.21497046221
2025-10-21 06:00:00,88138.21497046221
2025-10-21 07:00:00,66766.23225335733
2025-10-21 08:00:00,66766.23225335733
2025-10-21 09:00:00,75338.91210374807
2025-10-21 10:00:00,84873.66241064477
2025-10-21 11:00:00,94145.71140347037
2025-10-21 12:00:00,102084.43222282575
2025-10-21 13:00:00,110273.34967283344
2025-10-21 14:00:00,117320.62586413235
2025-10-21 15:00:00,122400.0
2025-10-21 16:00:00,118460.44273276096
2025-10-21 17:00:00,96651.85212832374
2025-10-21 18:00:00,96651.85212832374
2025-10-21 19:00:00,71709.11883395631
2025-10-21 20:00:00,43198.607738651015
2025-10-21 21:00:00,43198.607738651015
2025-10-21 22:00:00,43198.607738651015
2025-10-21 23:00:00,43198.607738651015
2025-10-22 00:00:00,43198.607738651015
2025-10-22 01:00:00,43198.607738651015
2025-10-22 02:00:00,43198.607738651015
2025-10-22 03:00:00,43198.607738651015
2025-10-22 04:00:00,43198.607738651015
2025-10-22 05:00:00,43198.607738651015
2025-10-22 06:00:00,43198.607738651015
2025-10-22 07:00:00,19444.455872961327
2025-10-22 08:00:00,9911.92175626673
2025-10-22 09:00:00,12320.167250708593
2025-10-22 10:00:00,17906.966291714838
2025-10-22 11:00:00,24520.85295310013
2025-10-22 12:00:00,33749.70485257731
2025-10-22 13:00:00,43457.406032307554
2025-10-22 14:00:00,52174.66120134741
2025-10-22 15:00:00,60978.20062091998
2025-10-22 16:00:00,64213.90018930521
2025-10-22 17:00:00,45701.004400227466
2025-10-22 18:00:00,45701.004400227466
2025-10-22 19:00:00,45701.004400227466
2025-10-22 20:00:00,45701.004400227466
2025-10-22 21:00:00,45701.004400227466
2025-10-22 22:00:00,45701.004400227466
2025-10-22 23:00:00,45701.004400227466
2025-10-23 00:00:00,45701.004400227466
2025-10-23 01:00:00,45701.004400227466
2025-10-23 02:00:00,45701.004400227466
2025-10-23 03:00:00,45701.004400227466
2025-10-23 04:00:00,45701.004400227466
2025-10-23 05:00:00,22629.763287437698
2025-10-23 06:00:00,22629.763287437698
2025-10-23 07:00:00,991.890037381015
2025-10-23 08:00:00,-0.0
2025-10-23 09:00:00,10111.300495085297
2025-10-23 10:00:00,23089.07175399401
2025-10-23 11:00:00,36448.04993879849
2025-10-23 12:00:00,49974.34264671299
2025-10-23 13:00:00,63699.32514647172
2025-10-23 14:00:00,78051.47961818382
2025-10-23 15:00:00,92177.16357072939
2025-10-23 16:00:00,98836.75514663763
2025-10-23 17:00:00,98836.75514663763
2025-10-23 18:00:00,98836.75514663763
2025-10-23 19:00:00,98836.75514663763
2025-10-23 20:00:00,71701.89148724242
2025-10-23 21:00:00,71701.89148724242
2025-10-23 22:00:00,59937.80862053795
2025-10-23 23:00:00,59937.80862053795
2025-10-24 00:00:00,59937.80862053795
2025-10-24 01:00:00,59937.80862053795
2025-10-24 02:00:00,59937.80862053795
2025-10-24 03:00:00,38158.35886374479
2025-10-24 04:00:00,16439.61124128701
2025-10-24 05:00:00,16439.61124128701
2025-10-24 06:00:00,16439.61124128701
2025-10-24 07:00:00,16439.61124128701
2025-10-24 08:00:00,17288.25540858959
2025-10-24 09:00:00,29304.18735883617
2025-10-24 10:00:00,43805.832425588436
2025-10-24 11:00:00,58322.25787642607
2025-10-24 12:00:00,72901.26003328765
2025-10-24 13:00:00,87776.8946441581
2025-10-24 14:00:00,102680.31638526084
2025-10-24 15:00:00,116461.94353637852
2025-10-24 16:00:00,122400.0
2025-10-24 17:00:00,122400.0
2025-10-24 18:00:00,93604.21140031924
2025-10-24 19:00:00,64849.42536068192
2025-10-24 20:00:00,64849.42536068192
2025-10-24 21:00:00,64849.42536068192
2025-10-24 22:00:00,64849.42536068192
2025-10-24 23:00:00,64849.42536068192
2025-10-25 00:00:00,64849.42536068192
2025-10-25 01:00:00,64849.42536068192
2025-10-25 02:00:00,64849.42536068192
2025-10-25 03:00:00,64849.42536068192
2025-10-25 04:00:00,64849.42536068192
2025-10-25 05:00:00,64849.42536068192
2025-10-25 06:00:00,54338.55530632548
2025-10-25 07:00:00,35956.06789845394
2025-10-25 08:00:00,37666.30003730954
2025-10-25 09:00:00,47974.23986899806
2025-10-25 10:00:00,61195.06286375664
2025-10-25 11:00:00,74157.34949623841
2025-10-25 12:00:00,86330.57623701422
2025-10-25 13:00:00,97969.67334326294
2025-10-25 14:00:00,110045.02133252367
2025-10-25 15:00:00,119788.4319093766
2025-10-25 16:00:00,122400.0
2025-10-25 17:00:00,122400.0
2025-10-25 18:00:00,95995.96162577515
2025-10-25 19:00:00,95995.96162577515
2025-10-25 20:00:00,95995.96162577515
2025-10-25 21:00:00,95995.96162577515
2025-10-25 22:00:00,95995.96162577515
2025-10-25 23:00:00,95995.96162577515
2025-10-26 00:00:00,95995.96162577515
2025-10-26 01:00:00,95995.96162577515
2025-10-26 02:00:00,95995.96162577515
2025-10-26 03:00:00,83136.82662602795
2025-10-26 04:00:00,62819.32111538104
2025-10-26 05:00:00,62819.32111538104
2025-10-26 06:00:00,41678.189792404926
2025-10-26 07:00:00,41678.189792404926
2025-10-26 08:00:00,42480.693803685754
2025-10-26 09:00:00,53829.05746650129
2025-10-26 10:00:00,65386.65548667994
2025-10-26 11:00:00,75926.34530522609
2025-10-26 12:00:00,86586.44088616138
2025-10-26 13:00:00,97634.60117472072
2025-10-26 14:00:00,108546.59870758299
2025-10-26 15:00:00,117664.52367758269
2025-10-26 16:00:00,122400.0
2025-10-26 17:00:00,122400.0
2025-10-26 18:00:00,122400.0
2025-10-26 19:00:00,95791.95132045433
2025-10-26 20:00:00,70106.9796032622
2025-10-26 21:00:00,70106.9796032622
2025-10-26 22:00:00,45668.141411799166
2025-10-26 23:00:00,45668.141411799166
2025-10-27 00:00:00,45668.141411799166
2025-10-27 01:00:00,24667.12688103626
2025-10-27 02:00:00,24667.12688103626
2025-10-27 03:00:00,2466.691545788508
2025-10-27 04:00:00,2466.691545788508
2025-10-27 05:00:00,2466.691545788508
2025-10-27 06:00:00,2466.691545788508
2025-10-27 07:00:00,2466.691545788508
2025-10-27 08:00:00,-0.0
2025-10-27 09:00:00,6389.756991517478
2025-10-27 10:00:00,14227.734543580325
2025-10-27 11:00:00,23141.754103563348
2025-10-27 12:00:00,34324.58047336209
2025-10-27 13:00:00,46601.48590370491
2025-10-27 14:00:00,58465.630801290215
2025-10-27 15:00:00,69228.26993464126
2025-10-27 16:00:00,73749.90215309747
2025-10-27 17:00:00,73749.90215309747
2025-10-27 18:00:00,73749.90215309747
2025-10-27 19:00:00,45193.63992030594
2025-10-27 20:00:00,17744.539189312105
2025-10-27 21:00:00,17744.539189312105
2025-10-27 22:00:00,17744.539189312105
2025-10-27 23:00:00,17744.539189312105
2025-10-28 00:00:00,17744.539189312105
2025-10-28 01:00:00,17744.539189312105
2025-10-28 02:00:00,1235.1945363384523
2025-10-28 03:00:00,1235.1945363384523
2025-10-28 04:00:00,1235.1945363384523
2025-10-28 05:00:00,1235.1945363384523
2025-10-28 06:00:00,1235.1945363384523
2025-10-28 07:00:00,1235.1945363384523
2025-10-28 08:00:00,-0.0
2025-10-28 09:00:00,11267.804528729608
2025-10-28 10:00:00,25134.530056930496
2025-10-28 11:00:00,39656.26689623196
2025-10-28 12:00:00,53750.94745111305
2025-10-28 13:00:00,68370.57649269028
2025-10-28 14:00:00,82797.98582077755
2025-10-28 15:00:00,94366.92998338625
2025-10-28 16:00:00,98043.41522722297
2025-10-28 17:00:00,98043.41522722297
2025-10-28 18:00:00,98043.41522722297
2025-10-28 19:00:00,98043.41522722297
2025-10-28 20:00:00,98043.41522722297
2025-10-28 21:00:00,98043.41522722297
2025-10-28 22:00:00,98043.41522722297
2025-10-28 23:00:00,73655.02355579285
2025-10-29 00:00:00,73655.02355579285
2025-10-29 01:00:00,73655.02355579285
2025-10-29 02:00:00,51092.48249705875
2025-10-29 03:00:00,51092.48249705875
2025-10-29 04:00:00,51092.48249705875
2025-10-29 05:00:00,51092.48249705875
2025-10-29 06:00:00,51092.48249705875
2025-10-29 07:00:00,28148.407407724488
2025-10-29 08:00:00,25517.09522927986
2025-10-29 09:00:00,35570.736978637884
2025-10-29 10:00:00,48656.735168247134
2025-10-29 11:00:00,61583.215474710145
2025-10-29 12:00:00,74538.47836413945
2025-10-29 13:00:00,88202.59466378842
2025-10-29 14:00:00,101344.75778753616
2025-10-29 15:00:00,113073.061668492
2025-10-29 16:00:00,115231.52211774957
2025-10-29 17:00:00,115231.52211774957
2025-10-29 18:00:00,115231.52211774957
2025-10-29 19:00:00,84621.78626630867
2025-10-29 20:00:00,84621.78626630867
2025-10-29 21:00:00,84621.78626630867
2025-10-29 22:00:00,84621.78626630867
2025-10-29 23:00:00,59718.76012307625
2025-10-30 00:00:00,59718.76012307625
2025-10-30 01:00:00,37055.657828367985
2025-10-30 02:00:00,37055.657828367985
2025-10-30 03:00:00,37055.657828367985
2025-10-30 04:00:00,37055.657828367985
2025-10-30 05:00:00,37055.657828367985
2025-10-30 06:00:00,22496.559541147613
2025-10-30 07:00:00,-0.0
2025-10-30 08:00:00,-0.0
2025-10-30 09:00:00,9426.371198491328
2025-10-30 10:00:00,21601.29095913108
2025-10-30 11:00:00,33379.93072515313
2025-10-30 12:00:00,45395.748101664314
2025-10-30 13:00:00,57432.13517689034
2025-10-30 14:00:00,69714.75372136336
2025-10-30 15:00:00,80946.90792931654
2025-10-30 16:00:00,83829.06577741833
2025-10-30 17:00:00,83829.06577741833
2025-10-30 18:00:00,83829.06577741833
2025-10-30 19:00:00,83829.06577741833
2025-10-30 20:00:00,83829.06577741833
2025-10-30 21:00:00,83829.06577741833
2025-10-30 22:00:00,83829.06577741833
2025-10-30 23:00:00,83829.06577741833
2025-10-31 00:00:00,83829.06577741833
2025-10-31 01:00:00,83829.06577741833
2025-10-31 02:00:00,61759.63381521972
2025-10-31 03:00:00,61759.63381521972
2025-10-31 04:00:00,39966.373137514456
2025-10-31 05:00:00,39966.373137514456
2025-10-31 06:00:00,22731.010711722764
2025-10-31 07:00:00,-0.0
2025-10-31 08:00:00,-0.0
2025-10-31 09:00:00,10044.642031098858
2025-10-31 10:00:00,23283.903332642552
2025-10-31 11:00:00,36550.4239165951
2025-10-31 12:00:00,49126.61160260566
2025-10-31 13:00:00,61223.11561398847
2025-10-31 14:00:00,73769.88626080185
2025-10-31 15:00:00,85474.33667033678
2025-10-31 16:00:00,88261.41420467543
2025-10-31 17:00:00,67860.515875435
2025-10-31 18:00:00,67860.515875435
2025-10-31 19:00:00,67860.515875435
2025-10-31 20:00:00,41443.27372465607
2025-10-31 21:00:00,41443.27372465607
2025-10-31 22:00:00,41443.27372465607
2025-10-31 23:00:00,41443.27372465607
2025-11-01 00:00:00,41443.27372465607
2025-11-01 01:00:00,41443.27372465607
2025-11-01 02:00:00,41443.27372465607
2025-11-01 03:00:00,41443.27372465607
2025-11-01 04:00:00,41443.27372465607
2025-11-01 05:00:00,41443.27372465607
2025-11-01 06:00:00,19457.882471473673
2025-11-01 07:00:00,-0.0
2025-11-01 08:00:00,-0.0
2025-11-01 09:00:00,14018.682556590262
2025-11-01 10:00:00,31246.759916397674
2025-11-01 11:00:00,49119.036140650685
2025-11-01 12:00:00,66693.91847203927
2025-11-01 13:00:00,84181.31632358818
2025-11-01 14:00:00,100978.28156994905
2025-11-01 15:00:00,116406.39033895454
2025-11-01 16:00:00,122400.0
2025-11-01 17:00:00,122400.0
2025-11-01 18:00:00,122400.0
2025-11-01 19:00:00,122400.0
2025-11-01 20:00:00,122400.0
2025-11-01 21:00:00,122400.0
2025-11-01 22:00:00,98200.8986969879
2025-11-01 23:00:00,98200.8986969879
2025-11-02 00:00:00,75763.26528577274
2025-11-02 01:00:00,73756.36758500918
2025-11-02 02:00:00,53199.66472740116
2025-11-02 03:00:00,33163.07661726889
2025-11-02 04:00:00,33163.07661726889
2025-11-02 05:00:00,12990.524083324197
2025-11-02 06:00:00,12990.524083324197
2025-11-02 07:00:00,14184.993557976555
2025-11-02 08:00:00,27882.83571743656
2025-11-02 09:00:00,43271.67409535125
2025-11-02 10:00:00,58302.82001458174
2025-11-02 11:00:00,73571.04348175744
2025-11-02 12:00:00,89334.71209553779
2025-11-02 13:00:00,105354.30564678596
2025-11-02 14:00:00,119348.03242535515
2025-11-02 15:00:00,122400.0
2025-11-02 16:00:00,101511.63925913099
2025-11-02 17:00:00,101511.63925913099
2025-11-02 18:00:00,101511.63925913099
2025-11-02 19:00:00,101511.63925913099
2025-11-02 20:00:00,101511.63925913099
2025-11-02 21:00:00,101511.63925913099
2025-11-02 22:00:00,77991.50426270787
2025-11-02 23:00:00,55605.31791723139
2025-11-03 00:00:00,55605.31791723139
2025-11-03 01:00:00,55605.31791723139
2025-11-03 02:00:00,55605.31791723139
2025-11-03 03:00:00,55605.31791723139
2025-11-03 04:00:00,55605.31791723139
2025-11-03 05:00:00,55605.31791723139
2025-11-03 06:00:00,33599.86211448107
2025-11-03 07:00:00,33599.86211448107
2025-11-03 08:00:00,42220.0396867441
2025-11-03 09:00:00,54385.97956034535
2025-11-03 10:00:00,67338.13812682535
2025-11-03 11:00:00,79777.939149124
2025-11-03 12:00:00,91861.4710931683
2025-11-03 13:00:00,104266.14700351746
2025-11-03 14:00:00,115207.83918263031
2025-11-03 15:00:00,115748.86849734477
2025-11-03 16:00:00,115748.86849734477
2025-11-03 17:00:00,115748.86849734477
2025-11-03 18:00:00,115748.86849734477
2025-11-03 19:00:00,115748.86849734477
2025-11-03 20:00:00,88939.1260076591
2025-11-03 21:00:00,88939.1260076591
2025-11-03 22:00:00,88939.1260076591
2025-11-03 23:00:00,88939.1260076591
2025-11-04 00:00:00,88939.1260076591
2025-11-04 01:00:00,86010.09405593389
2025-11-04 02:00:00,86010.09405593389
2025-11-04 03:00:00,64445.36157140491
2025-11-04 04:00:00,64445.36157140491
2025-11-04 05:00:00,41606.246663906866
2025-11-04 06:00:00,41606.246663906866
2025-11-04 07:00:00,38554.44142293555
2025-11-04 08:00:00,49286.56510625505
2025-11-04 09:00:00,62064.41174716227
2025-11-04 10:00:00,74347.65487121328
2025-11-04 11:00:00,86160.64663397729
2025-11-04 12:00:00,98067.58825815491
2025-11-04 13:00:00,110558.2795494879
2025-11-04 14:00:00,120936.56546600613
2025-11-04 15:00:00,122400.0
2025-11-04 16:00:00,122400.0
2025-11-04 17:00:00,92759.06146082608
2025-11-04 18:00:00,92759.06146082608
2025-11-04 19:00:00,92759.06146082608
2025-11-04 20:00:00,65953.83964987341
2025-11-04 21:00:00,65953.83964987341
2025-11-04 22:00:00,65953.83964987341
2025-11-04 23:00:00,65953.83964987341
2025-11-05 00:00:00,65953.83964987341
2025-11-05 01:00:00,65953.83964987341
2025-11-05 02:00:00,65953.83964987341
2025-11-05 03:00:00,65953.83964987341
2025-11-05 04:00:00,65953.83964987341
2025-11-05 05:00:00,65953.83964987341
2025-11-05 06:00:00,65953.83964987341
2025-11-05 07:00:00,65953.83964987341
2025-11-05 08:00:00,68822.22861249832
2025-11-05 09:00:00,73764.07812459327
2025-11-05 10:00:00,79097.853847049
2025-11-05 11:00:00,85038.30375530005
2025-11-05 12:00:00,89616.59713826055
2025-11-05 13:00:00,92714.22399651266
2025-11-05 14:00:00,92714.22399651266
2025-11-05 15:00:00,92714.22399651266
2025-11-05 16:00:00,92714.22399651266
2025-11-05 17:00:00,77479.84079201761
2025-11-05 18:00:00,77479.84079201761
2025-11-05 19:00:00,49669.51224484507
2025-11-05 20:00:00,49669.51224484507
2025-11-05 21:00:00,23087.843732475776
2025-11-05 22:00:00,23087.843732475776
2025-11-05 23:00:00,23087.843732475776
2025-11-06 00:00:00,23087.843732475776
2025-11-06 01:00:00,23087.843732475776
2025-11-06 02:00:00,23087.843732475776
2025-11-06 03:00:00,23087.843732475776
2025-11-06 04:00:00,23087.843732475776
2025-11-06 05:00:00,-0.0
2025-11-06 06:00:00,-0.0
2025-11-06 07:00:00,-0.0
2025-11-06 08:00:00,4953.070576026076
2025-11-06 09:00:00,12777.207317552145
2025-11-06 10:00:00,23076.83992646935
2025-11-06 11:00:00,33700.73728731672
2025-11-06 12:00:00,43978.83080731285
2025-11-06 13:00:00,53779.08771165111
2025-11-06 14:00:00,61184.40978176604
2025-11-06 15:00:00,61184.40978176604
2025-11-06 16:00:00,61184.40978176604
2025-11-06 17:00:00,61184.40978176604
2025-11-06 18:00:00,61184.40978176604
2025-11-06 19:00:00,61184.40978176604
2025-11-06 20:00:00,45972.00046703494
2025-11-06 21:00:00,45972.00046703494
2025-11-06 22:00:00,45972.00046703494
2025-11-06 23:00:00,45972.00046703494
2025-11-07 00:00:00,22557.211686999693
2025-11-07 01:00:00,22557.211686999693
2025-11-07 02:00:00,22557.211686999693
2025-11-07 03:00:00,22557.211686999693
2025-11-07 04:00:00,22557.211686999693
2025-11-07 05:00:00,22557.211686999693
2025-11-07 06:00:00,-0.0
2025-11-07 07:00:00,-0.0
2025-11-07 08:00:00,9690.687246358944
2025-11-07 09:00:00,21626.555459571824
2025-11-07 10:00:00,34423.33975059587
2025-11-07 11:00:00,46692.853714317374
2025-11-07 12:00:00,57490.453266431396
2025-11-07 13:00:00,67678.83556459211
2025-11-07 14:00:00,76033.04431213846
2025-11-07 15:00:00,76033.04431213846
2025-11-07 16:00:00,52695.69647703866
2025-11-07 17:00:00,52695.69647703866
2025-11-07 18:00:00,52695.69647703866
2025-11-07 19:00:00,52695.69647703866
2025-11-07 20:00:00,52695.69647703866
2025-11-07 21:00:00,52695.69647703866
2025-11-07 22:00:00,52695.69647703866
2025-11-07 23:00:00,52695.69647703866
2025-11-08 00:00:00,52695.69647703866
2025-11-08 01:00:00,52695.69647703866
2025-11-08 02:00:00,52695.69647703866
2025-11-08 03:00:00,31138.28063444305
2025-11-08 04:00:00,31138.28063444305
2025-11-08 05:00:00,31138.28063444305
2025-11-08 06:00:00,10273.531559374274
2025-11-08 07:00:00,10273.531559374274
2025-11-08 08:00:00,21075.417721060705
2025-11-08 09:00:00,34558.32757197428
2025-11-08 10:00:00,48904.483273749705
2025-11-08 11:00:00,63268.52941864899
2025-11-08 12:00:00,77760.0994970185
2025-11-08 13:00:00,91763.53395331875
2025-11-08 14:00:00,104611.39612057064
2025-11-08 15:00:00,106919.6424574189
2025-11-08 16:00:00,106919.6424574189
2025-11-08 17:00:00,106919.6424574189
2025-11-08 18:00:00,106919.6424574189
2025-11-08 19:00:00,106919.6424574189
2025-11-08 20:00:00,81406.1505684627
2025-11-08 21:00:00,81406.1505684627
2025-11-08 22:00:00,57333.54046040112
2025-11-08 23:00:00,57333.54046040112
2025-11-09 00:00:00,57333.54046040112
2025-11-09 01:00:00,57333.54046040112
2025-11-09 02:00:00,42805.421102801076
2025-11-09 03:00:00,22248.757942318618
2025-11-09 04:00:00,22248.757942318618
2025-11-09 05:00:00,22248.757942318618
2025-11-09 06:00:00,22248.757942318618
2025-11-09 07:00:00,21291.053348015885
2025-11-09 08:00:00,34426.732937960594
2025-11-09 09:00:00,49531.29894310371
2025-11-09 10:00:00,64864.11751506324
2025-11-09 11:00:00,79519.72789031289
2025-11-09 12:00:00,93787.47784788495
2025-11-09 13:00:00,108391.66679018388
2025-11-09 14:00:00,121201.46025368004
2025-11-09 15:00:00,122400.0
2025-11-09 16:00:00,122400.0
2025-11-09 17:00:00,105004.97053884192
2025-11-09 18:00:00,105004.97053884192
2025-11-09 19:00:00,105004.97053884192
2025-11-09 20:00:00,105004.97053884192
2025-11-09 21:00:00,105004.97053884192
2025-11-09 22:00:00,105004.97053884192
2025-11-09 23:00:00,105004.97053884192
2025-11-10 00:00:00,82501.85337754108
2025-11-10 01:00:00,82501.85337754108
2025-11-10 02:00:00,82501.85337754108
2025-11-10 03:00:00,82501.85337754108
2025-11-10 04:00:00,82501.85337754108
2025-11-10 05:00:00,82501.85337754108
2025-11-10 06:00:00,60101.21481263855
2025-11-10 07:00:00,60101.21481263855
2025-11-10 08:00:00,67631.31572261229
2025-11-10 09:00:00,77424.26564692582
2025-11-10 10:00:00,86401.30372019892
2025-11-10 11:00:00,95523.83164414461
2025-11-10 12:00:00,105105.51381626716
2025-11-10 13:00:00,115514.27796636411
2025-11-10 14:00:00,122400.0
2025-11-10 15:00:00,122400.0
2025-11-10 16:00:00,122400.0
2025-11-10 17:00:00,122400.0
2025-11-10 18:00:00,122400.0
2025-11-10 19:00:00,122400.0
2025-11-10 20:00:00,122400.0
2025-11-10 21:00:00,122400.0
2025-11-10 22:00:00,122400.0
2025-11-10 23:00:00,122400.0
2025-11-11 00:00:00,116563.66269438074
2025-11-11 01:00:00,116563.66269438074
2025-11-11 02:00:00,116563.66269438074
2025-11-11 03:00:00,116563.66269438074
2025-11-11 04:00:00,116563.66269438074
2025-11-11 05:00:00,116563.66269438074
2025-11-11 06:00:00,116563.66269438074
2025-11-11 07:00:00,116563.66269438074
2025-11-11 08:00:00,116563.66269438074
2025-11-11 09:00:00,117970.72758942
2025-11-11 10:00:00,119096.86463390898
2025-11-11 11:00:00,121898.87097175386
2025-11-11 12:00:00,122400.0
2025-11-11 13:00:00,122400.0
2025-11-11 14:00:00,122400.0
2025-11-11 15:00:00,122400.0
2025-11-11 16:00:00,95148.5825139798
2025-11-11 17:00:00,95148.5825139798
2025-11-11 18:00:00,95148.5825139798
2025-11-11 19:00:00,95148.5825139798
2025-11-11 20:00:00,95148.5825139798
2025-11-11 21:00:00,95148.5825139798
2025-11-11 22:00:00,95148.5825139798
2025-11-11 23:00:00,95148.5825139798
2025-11-12 00:00:00,95148.5825139798
2025-11-12 01:00:00,95148.5825139798
2025-11-12 02:00:00,95148.5825139798
2025-11-12 03:00:00,95148.5825139798
2025-11-12 04:00:00,95148.5825139798
2025-11-12 05:00:00,95148.5825139798
2025-11-12 06:00:00,71075.23006423346
2025-11-12 07:00:00,71075.23006423346
2025-11-12 08:00:00,71075.23006423346
2025-11-12 09:00:00,71075.23006423346
2025-11-12 10:00:00,71075.23006423346
2025-11-12 11:00:00,71075.23006423346
2025-11-12 12:00:00,71075.23006423346
2025-11-12 13:00:00,71075.23006423346
2025-11-12 14:00:00,71075.23006423346
2025-11-12 15:00:00,71075.23006423346
2025-11-12 16:00:00,71075.23006423346
2025-11-12 17:00:00,71075.23006423346
2025-11-12 18:00:00,71075.23006423346
2025-11-12 19:00:00,71075.23006423346
2025-11-12 20:00:00,43808.22795809693
2025-11-12 21:00:00,17310.30804145317
2025-11-12 22:00:00,17310.30804145317
2025-11-12 23:00:00,17310.30804145317
2025-11-13 00:00:00,17310.30804145317
2025-11-13 01:00:00,17310.30804145317
2025-11-13 02:00:00,17310.30804145317
2025-11-13 03:00:00,17310.30804145317
2025-11-13 04:00:00,17310.30804145317
2025-11-13 05:00:00,17310.30804145317
2025-11-13 06:00:00,17310.30804145317
2025-11-13 07:00:00,17310.30804145317
2025-11-13 08:00:00,17310.30804145317
2025-11-13 09:00:00,17557.89102831615
2025-11-13 10:00:00,18732.294549719838
2025-11-13 11:00:00,19998.02222740178
2025-11-13 12:00:00,20796.81798769951
2025-11-13 13:00:00,23481.098976027894
2025-11-13 14:00:00,23481.098976027894
2025-11-13 15:00:00,12893.528872411282
2025-11-13 16:00:00,12893.528872411282
2025-11-13 17:00:00,12893.528872411282
2025-11-13 18:00:00,12893.528872411282
2025-11-13 19:00:00,12893.528872411282
2025-11-13 20:00:00,12893.528872411282
2025-11-13 21:00:00,12893.528872411282
2025-11-13 22:00:00,12893.528872411282
2025-11-13 23:00:00,12893.528872411282
2025-11-14 00:00:00,12893.528872411282
2025-11-14 01:00:00,12893.528872411282
2025-11-14 02:00:00,12893.528872411282
2025-11-14 03:00:00,12893.528872411282
2025-11-14 04:00:00,12893.528872411282
2025-11-14 05:00:00,12893.528872411282
2025-11-14 06:00:00,12893.528872411282
2025-11-14 07:00:00,12893.528872411282
2025-11-14 08:00:00,12893.528872411282
2025-11-14 09:00:00,12893.528872411282
2025-11-14 10:00:00,12893.528872411282
2025-11-14 11:00:00,12893.528872411282
2025-11-14 12:00:00,12893.528872411282
2025-11-14 13:00:00,12893.528872411282
2025-11-14 14:00:00,12893.528872411282
2025-11-14 15:00:00,12893.528872411282
2025-11-14 16:00:00,12893.528872411282
2025-11-14 17:00:00,12893.528872411282
2025-11-14 18:00:00,12893.528872411282
2025-11-14 19:00:00,12893.528872411282
2025-11-14 20:00:00,12893.528872411282
2025-11-14 21:00:00,12893.528872411282
2025-11-14 22:00:00,12893.528872411282
2025-11-14 23:00:00,12893.528872411282
2025-11-15 00:00:00,12893.528872411282
2025-11-15 01:00:00,12893.528872411282
2025-11-15 02:00:00,12893.528872411282
2025-11-15 03:00:00,12893.528872411282
2025-11-15 04:00:00,12893.528872411282
2025-11-15 05:00:00,12893.528872411282
2025-11-15 06:00:00,12893.528872411282
2025-11-15 07:00:00,12893.528872411282
2025-11-15 08:00:00,12893.528872411282
2025-11-15 09:00:00,12893.528872411282
2025-11-15 10:00:00,12893.528872411282
2025-11-15 11:00:00,12893.528872411282
2025-11-15 12:00:00,12893.528872411282
2025-11-15 13:00:00,12893.528872411282
2025-11-15 14:00:00,12893.528872411282
2025-11-15 15:00:00,12893.528872411282
2025-11-15 16:00:00,12893.528872411282
2025-11-15 17:00:00,12893.528872411282
2025-11-15 18:00:00,12893.528872411282
2025-11-15 19:00:00,12893.528872411282
2025-11-15 20:00:00,12893.528872411282
2025-11-15 21:00:00,12893.528872411282
2025-11-15 22:00:00,12893.528872411282
2025-11-15 23:00:00,12893.528872411282
2025-11-16 00:00:00,12893.528872411282
2025-11-16 01:00:00,12893.528872411282
2025-11-16 02:00:00,12893.528872411282
2025-11-16 03:00:00,12893.528872411282
2025-11-16 04:00:00,12893.528872411282
2025-11-16 05:00:00,12893.528872411282
2025-11-16 06:00:00,12893.528872411282
2025-11-16 07:00:00,12893.528872411282
2025-11-16 08:00:00,12893.528872411282
2025-11-16 09:00:00,7486.937328978125
2025-11-16 10:00:00,7486.937328978125
2025-11-16 11:00:00,7486.937328978125
2025-11-16 12:00:00,7486.937328978125
2025-11-16 13:00:00,7486.937328978125
2025-11-16 14:00:00,7486.937328978125
2025-11-16 15:00:00,7486.937328978125
2025-11-16 16:00:00,7486.937328978125
2025-11-16 17:00:00,7486.937328978125
2025-11-16 18:00:00,7486.937328978125
2025-11-16 19:00:00,7486.937328978125
2025-11-16 20:00:00,7486.937328978125
2025-11-16 21:00:00,7486.937328978125
2025-11-16 22:00:00,7486.937328978125
2025-11-16 23:00:00,7486.937328978125
2025-11-17 00:00:00,7486.937328978125
2025-11-17 01:00:00,7486.937328978125
2025-11-17 02:00:00,7486.937328978125
2025-11-17 03:00:00,7486.937328978125
2025-11-17 04:00:00,7486.937328978125
2025-11-17 05:00:00,7486.937328978125
2025-11-17 06:00:00,7486.937328978125
2025-11-17 07:00:00,7486.937328978125
2025-11-17 08:00:00,7486.937328978125
2025-11-17 09:00:00,7486.937328978125
2025-11-17 10:00:00,7486.937328978125
2025-11-17 11:00:00,7486.937328978125
2025-11-17 12:00:00,7486.937328978125
2025-11-17 13:00:00,7486.937328978125
2025-11-17 14:00:00,7486.937328978125
2025-11-17 15:00:00,7486.937328978125
2025-11-17 16:00:00,7486.937328978125
2025-11-17 17:00:00,7486.937328978125
2025-11-17 18:00:00,7486.937328978125
2025-11-17 19:00:00,7486.937328978125
2025-11-17 20:00:00,7486.937328978125
2025-11-17 21:00:00,7486.937328978125
2025-11-17 22:00:00,7486.937328978125
2025-11-17 23:00:00,7486.937328978125
2025-11-18 00:00:00,7486.937328978125
2025-11-18 01:00:00,7486.937328978125
2025-11-18 02:00:00,7486.937328978125
2025-11-18 03:00:00,7486.937328978125
2025-11-18 04:00:00,7486.937328978125
2025-11-18 05:00:00,7486.937328978125
2025-11-18 06:00:00,7486.937328978125
2025-11-18 07:00:00,7486.937328978125
2025-11-18 08:00:00,7486.937328978125
2025-11-18 09:00:00,7486.937328978125
2025-11-18 10:00:00,7486.937328978125
2025-11-18 11:00:00,8152.359989603907
2025-11-18 12:00:00,10199.521082869374
2025-11-18 13:00:00,12012.944155371997
2025-11-18 14:00:00,14267.12980485117
2025-11-18 15:00:00,14267.12980485117
2025-11-18 16:00:00,14267.12980485117
2025-11-18 17:00:00,14267.12980485117
2025-11-18 18:00:00,14267.12980485117
2025-11-18 19:00:00,14267.12980485117
2025-11-18 20:00:00,14267.12980485117
2025-11-18 21:00:00,14267.12980485117
2025-11-18 22:00:00,14267.12980485117
2025-11-18 23:00:00,14267.12980485117
2025-11-19 00:00:00,14267.12980485117
2025-11-19 01:00:00,14267.12980485117
2025-11-19 02:00:00,14267.12980485117
2025-11-19 03:00:00,14267.12980485117
2025-11-19 04:00:00,14267.12980485117
2025-11-19 05:00:00,14267.12980485117
2025-11-19 06:00:00,14267.12980485117
2025-11-19 07:00:00,14267.12980485117
2025-11-19 08:00:00,16307.323885120766
2025-11-19 09:00:00,21902.73255897131
2025-11-19 10:00:00,27292.118641321053
2025-11-19 11:00:00,32982.41966430012
2025-11-19 12:00:00,37871.44013623005
2025-11-19 13:00:00,38664.79118906882
2025-11-19 14:00:00,39332.688876854256
2025-11-19 15:00:00,39332.688876854256
2025-11-19 16:00:00,39332.688876854256
2025-11-19 17:00:00,39332.688876854256
2025-11-19 18:00:00,39332.688876854256
2025-11-19 19:00:00,39332.688876854256
2025-11-19 20:00:00,12209.595546199453
2025-11-19 21:00:00,12209.595546199453
2025-11-19 22:00:00,12209.595546199453
2025-11-19 23:00:00,12209.595546199453
2025-11-20 00:00:00,12209.595546199453
2025-11-20 01:00:00,12209.595546199453
2025-11-20 02:00:00,12209.595546199453
2025-11-20 03:00:00,12209.595546199453
2025-11-20 04:00:00,12209.595546199453
2025-11-20 05:00:00,12209.595546199453
2025-11-20 06:00:00,12209.595546199453
2025-11-20 07:00:00,12209.595546199453
2025-11-20 08:00:00,12209.595546199453
2025-11-20 09:00:00,12209.595546199453
2025-11-20 10:00:00,12209.595546199453
2025-11-20 11:00:00,12209.595546199453
2025-11-20 12:00:00,12209.595546199453
2025-11-20 13:00:00,3738.8613756587947
2025-11-20 14:00:00,3738.8613756587947
2025-11-20 15:00:00,3738.8613756587947
2025-11-20 16:00:00,3738.8613756587947
2025-11-20 17:00:00,3738.8613756587947
2025-11-20 18:00:00,3738.8613756587947
2025-11-20 19:00:00,3738.8613756587947
2025-11-20 20:00:00,3738.8613756587947
2025-11-20 21:00:00,3738.8613756587947
2025-11-20 22:00:00,3738.8613756587947
2025-11-20 23:00:00,3738.8613756587947
2025-11-21 00:00:00,3738.8613756587947
2025-11-21 01:00:00,3738.8613756587947
2025-11-21 02:00:00,3738.8613756587947
2025-11-21 03:00:00,3738.8613756587947
2025-11-21 04:00:00,3738.8613756587947
2025-11-21 05:00:00,3738.8613756587947
2025-11-21 06:00:00,3738.8613756587947
2025-11-21 07:00:00,3738.8613756587947
2025-11-21 08:00:00,3738.8613756587947
2025-11-21 09:00:00,3738.8613756587947
2025-11-21 10:00:00,3738.8613756587947
2025-11-21 11:00:00,3738.8613756587947
2025-11-21 12:00:00,3738.8613756587947
2025-11-21 13:00:00,3738.8613756587947
2025-11-21 14:00:00,3738.8613756587947
2025-11-21 15:00:00,3738.8613756587947
2025-11-21 16:00:00,3738.8613756587947
2025-11-21 17:00:00,3738.8613756587947
2025-11-21 18:00:00,3738.8613756587947
2025-11-21 19:00:00,3738.8613756587947
2025-11-21 20:00:00,3738.8613756587947
2025-11-21 21:00:00,3738.8613756587947
2025-11-21 22:00:00,3738.8613756587947
2025-11-21 23:00:00,3738.8613756587947
2025-11-22 00:00:00,3738.8613756587947
2025-11-22 01:00:00,3738.8613756587947
2025-11-22 02:00:00,3738.8613756587947
2025-11-22 03:00:00,3738.8613756587947
2025-11-22 04:00:00,3738.8613756587947
2025-11-22 05:00:00,3738.8613756587947
2025-11-22 06:00:00,3738.8613756587947
2025-11-22 07:00:00,3738.8613756587947
2025-11-22 08:00:00,3738.8613756587947
2025-11-22 09:00:00,3738.8613756587947
2025-11-22 10:00:00,3738.8613756587947
2025-11-22 11:00:00,3738.8613756587947
2025-11-22 12:00:00,3738.8613756587947
2025-11-22 13:00:00,-0.0
2025-11-22 14:00:00,-0.0
2025-11-22 15:00:00,-0.0
2025-11-22 16:00:00,-0.0
2025-11-22 17:00:00,-0.0
2025-11-22 18:00:00,-0.0
2025-11-22 19:00:00,-0.0
2025-11-22 20:00:00,-0.0
2025-11-22 21:00:00,-0.0
2025-11-22 22:00:00,-0.0
2025-11-22 23:00:00,-0.0
2025-11-23 00:00:00,-0.0
2025-11-23 01:00:00,-0.0
2025-11-23 02:00:00,-0.0
2025-11-23 03:00:00,-0.0
2025-11-23 04:00:00,-0.0
2025-11-23 05:00:00,-0.0
2025-11-23 06:00:00,-0.0
2025-11-23 07:00:00,-0.0
2025-11-23 08:00:00,6717.802547522598
2025-11-23 09:00:00,17065.45857924654
2025-11-23 10:00:00,27378.274014875387
2025-11-23 11:00:00,37894.24342465324
2025-11-23 12:00:00,49498.440963584
2025-11-23 13:00:00,61585.26701393434
2025-11-23 14:00:00,72106.94296851355
2025-11-23 15:00:00,71286.15021071638
2025-11-23 16:00:00,71286.15021071638
2025-11-23 17:00:00,71286.15021071638
2025-11-23 18:00:00,71286.15021071638
2025-11-23 19:00:00,71286.15021071638
2025-11-23 20:00:00,71286.15021071638
2025-11-23 21:00:00,71286.15021071638
2025-11-23 22:00:00,71286.15021071638
2025-11-23 23:00:00,71286.15021071638
2025-11-24 00:00:00,71286.15021071638
2025-11-24 01:00:00,49572.03354677661
2025-11-24 02:00:00,49572.03354677661
2025-11-24 03:00:00,43025.337855753605
2025-11-24 04:00:00,43025.337855753605
2025-11-24 05:00:00,43025.337855753605
2025-11-24 06:00:00,43025.337855753605
2025-11-24 07:00:00,43025.337855753605
2025-11-24 08:00:00,43025.337855753605
2025-11-24 09:00:00,46465.85867009929
2025-11-24 10:00:00,50534.42998353373
2025-11-24 11:00:00,54888.185723117575
2025-11-24 12:00:00,59003.71911249035
2025-11-24 13:00:00,61898.18255714651
2025-11-24 14:00:00,63666.14056308377
2025-11-24 15:00:00,63666.14056308377
2025-11-24 16:00:00,63666.14056308377
2025-11-24 17:00:00,63666.14056308377
2025-11-24 18:00:00,63666.14056308377
2025-11-24 19:00:00,63666.14056308377
2025-11-24 20:00:00,63666.14056308377
2025-11-24 21:00:00,63666.14056308377
2025-11-24 22:00:00,63666.14056308377
2025-11-24 23:00:00,63666.14056308377
2025-11-25 00:00:00,63666.14056308377
2025-11-25 01:00:00,63666.14056308377
2025-11-25 02:00:00,63666.14056308377
2025-11-25 03:00:00,63666.14056308377
2025-11-25 04:00:00,63666.14056308377
2025-11-25 05:00:00,63666.14056308377
2025-11-25 06:00:00,63666.14056308377
2025-11-25 07:00:00,63666.14056308377
2025-11-25 08:00:00,63666.14056308377
2025-11-25 09:00:00,66540.14085265077
2025-11-25 10:00:00,69816.4691295393
2025-11-25 11:00:00,73173.04360533798
2025-11-25 12:00:00,76923.20741515514
2025-11-25 13:00:00,80269.7524179693
2025-11-25 14:00:00,82377.35725748315
2025-11-25 15:00:00,82377.35725748315
2025-11-25 16:00:00,82377.35725748315
2025-11-25 17:00:00,53716.555021506356
2025-11-25 18:00:00,53716.555021506356
2025-11-25 19:00:00,53716.555021506356
2025-11-25 20:00:00,53716.555021506356
2025-11-25 21:00:00,53716.555021506356
2025-11-25 22:00:00,53716.555021506356
2025-11-25 23:00:00,53716.555021506356
2025-11-26 00:00:00,53716.555021506356
2025-11-26 01:00:00,53716.555021506356
2025-11-26 02:00:00,53716.555021506356
2025-11-26 03:00:00,53716.555021506356
2025-11-26 04:00:00,53716.555021506356
2025-11-26 05:00:00,53716.555021506356
2025-11-26 06:00:00,53716.555021506356
2025-11-26 07:00:00,53716.555021506356
2025-11-26 08:00:00,53716.555021506356
2025-11-26 09:00:00,56677.598332109
2025-11-26 10:00:00,60387.98056883798
2025-11-26 11:00:00,64885.884175799765
2025-11-26 12:00:00,70530.65089107251
2025-11-26 13:00:00,77746.56114735076
2025-11-26 14:00:00,84600.58207590651
2025-11-26 15:00:00,84600.58207590651
2025-11-26 16:00:00,84600.58207590651
2025-11-26 17:00:00,84600.58207590651
2025-11-26 18:00:00,84600.58207590651
2025-11-26 19:00:00,84600.58207590651
2025-11-26 20:00:00,84600.58207590651
2025-11-26 21:00:00,84600.58207590651
2025-11-26 22:00:00,84600.58207590651
2025-11-26 23:00:00,60354.31133384984
2025-11-27 00:00:00,60354.31133384984
2025-11-27 01:00:00,60354.31133384984
2025-11-27 02:00:00,60354.31133384984
2025-11-27 03:00:00,60354.31133384984
2025-11-27 04:00:00,60354.31133384984
2025-11-27 05:00:00,60354.31133384984
2025-11-27 06:00:00,60354.31133384984
2025-11-27 07:00:00,60354.31133384984
2025-11-27 08:00:00,60354.31133384984
2025-11-27 09:00:00,60354.31133384984
2025-11-27 10:00:00,61028.297362847
2025-11-27 11:00:00,63374.61767093673
2025-11-27 12:00:00,67666.57126297556
2025-11-27 13:00:00,70143.82359280542
2025-11-27 14:00:00,70143.82359280542
2025-11-27 15:00:00,70143.82359280542
2025-11-27 16:00:00,70143.82359280542
2025-11-27 17:00:00,70143.82359280542
2025-11-27 18:00:00,70143.82359280542
2025-11-27 19:00:00,70143.82359280542
2025-11-27 20:00:00,70143.82359280542
2025-11-27 21:00:00,70143.82359280542
2025-11-27 22:00:00,70143.82359280542
2025-11-27 23:00:00,70143.82359280542
2025-11-28 00:00:00,70143.82359280542
2025-11-28 01:00:00,70143.82359280542
2025-11-28 02:00:00,70143.82359280542
2025-11-28 03:00:00,70143.82359280542
2025-11-28 04:00:00,70143.82359280542
2025-11-28 05:00:00,70143.82359280542
2025-11-28 06:00:00,70143.82359280542
2025-11-28 07:00:00,70143.82359280542
2025-11-28 08:00:00,72064.40820038338
2025-11-28 09:00:00,76582.30928000066
2025-11-28 10:00:00,80569.38713571594
2025-11-28 11:00:00,84462.57688784308
2025-11-28 12:00:00,88579.93893899753
2025-11-28 13:00:00,92069.50158739949
2025-11-28 14:00:00,92510.00674718221
2025-11-28 15:00:00,92510.00674718221
2025-11-28 16:00:00,92510.00674718221
2025-11-28 17:00:00,92510.00674718221
2025-11-28 18:00:00,92510.00674718221
2025-11-28 19:00:00,92510.00674718221
2025-11-28 20:00:00,92510.00674718221
2025-11-28 21:00:00,92510.00674718221
2025-11-28 22:00:00,92510.00674718221
2025-11-28 23:00:00,92510.00674718221
2025-11-29 00:00:00,92510.00674718221
2025-11-29 01:00:00,92510.00674718221
2025-11-29 02:00:00,92510.00674718221
2025-11-29 03:00:00,92510.00674718221
2025-11-29 04:00:00,92510.00674718221
2025-11-29 05:00:00,92510.00674718221
2025-11-29 06:00:00,92510.00674718221
2025-11-29 07:00:00,92510.00674718221
2025-11-29 08:00:00,92510.00674718221
2025-11-29 09:00:00,95026.9849964882
2025-11-29 10:00:00,98021.06239392894
2025-11-29 11:00:00,102311.98508122409
2025-11-29 12:00:00,106266.70156432447
2025-11-29 13:00:00,108955.38938384906
2025-11-29 14:00:00,111109.74890356665
2025-11-29 15:00:00,111109.74890356665
2025-11-29 16:00:00,111109.74890356665
2025-11-29 17:00:00,111109.74890356665
2025-11-29 18:00:00,111109.74890356665
2025-11-29 19:00:00,111109.74890356665
2025-11-29 20:00:00,111109.74890356665
2025-11-29 21:00:00,111109.74890356665
2025-11-29 22:00:00,111109.74890356665
2025-11-29 23:00:00,111109.74890356665
2025-11-30 00:00:00,111109.74890356665
2025-11-30 01:00:00,111109.74890356665
2025-11-30 02:00:00,111109.74890356665
2025-11-30 03:00:00,111109.74890356665
2025-11-30 04:00:00,111109.74890356665
2025-11-30 05:00:00,111109.74890356665
2025-11-30 06:00:00,111109.74890356665
2025-11-30 07:00:00,111109.74890356665
2025-11-30 08:00:00,111109.74890356665
2025-11-30 09:00:00,112408.64490154888
2025-11-30 10:00:00,114254.58066810906
2025-11-30 11:00:00,116259.0740413796
2025-11-30 12:00:00,116326.4354363596
2025-11-30 13:00:00,116326.4354363596
2025-11-30 14:00:00,116326.4354363596
2025-11-30 15:00:00,116326.4354363596
2025-11-30 16:00:00,116326.4354363596
2025-11-30 17:00:00,116326.4354363596
2025-11-30 18:00:00,116326.4354363596
2025-11-30 19:00:00,116326.4354363596
2025-11-30 20:00:00,116326.4354363596
2025-11-30 21:00:00,116326.4354363596
2025-11-30 22:00:00,116326.4354363596
2025-11-30 23:00:00,116326.4354363596
2025-12-01 00:00:00,116326.4354363596
2025-12-01 01:00:00,116326.4354363596
2025-12-01 02:00:00,116326.4354363596
2025-12-01 03:00:00,116326.4354363596
2025-12-01 04:00:00,116326.4354363596
2025-12-01 05:00:00,92529.44587051409
2025-12-01 06:00:00,92529.44587051409
2025-12-01 07:00:00,92529.44587051409
2025-12-01 08:00:00,92529.44587051409
2025-12-01 09:00:00,94571.85224256745
2025-12-01 10:00:00,96751.5245543546
2025-12-01 11:00:00,99963.9072495589
2025-12-01 12:00:00,104472.38408154949
2025-12-01 13:00:00,109907.1294472853
2025-12-01 14:00:00,115748.79888832782
2025-12-01 15:00:00,115748.79888832782
2025-12-01 16:00:00,115748.79888832782
2025-12-01 17:00:00,115748.79888832782
2025-12-01 18:00:00,115748.79888832782
2025-12-01 19:00:00,115748.79888832782
2025-12-01 20:00:00,115748.79888832782
2025-12-01 21:00:00,115748.79888832782
2025-12-01 22:00:00,115748.79888832782
2025-12-01 23:00:00,115748.79888832782
2025-12-02 00:00:00,115748.79888832782
2025-12-02 01:00:00,115748.79888832782
2025-12-02 02:00:00,115748.79888832782
2025-12-02 03:00:00,115748.79888832782
2025-12-02 04:00:00,115748.79888832782
2025-12-02 05:00:00,115748.79888832782
2025-12-02 06:00:00,115748.79888832782
2025-12-02 07:00:00,115748.79888832782
2025-12-02 08:00:00,115748.79888832782
2025-12-02 09:00:00,116675.4860232233
2025-12-02 10:00:00,117795.90421207545
2025-12-02 11:00:00,118500.47678121137
2025-12-02 12:00:00,118584.3274375781
2025-12-02 13:00:00,118584.3274375781
2025-12-02 14:00:00,119027.933879138
2025-12-02 15:00:00,119027.933879138
2025-12-02 16:00:00,119027.933879138
2025-12-02 17:00:00,119027.933879138
2025-12-02 18:00:00,119027.933879138
2025-12-02 19:00:00,119027.933879138
2025-12-02 20:00:00,119027.933879138
2025-12-02 21:00:00,119027.933879138
2025-12-02 22:00:00,119027.933879138
2025-12-02 23:00:00,119027.933879138
2025-12-03 00:00:00,119027.933879138
2025-12-03 01:00:00,119027.933879138
2025-12-03 02:00:00,119027.933879138
2025-12-03 03:00:00,119027.933879138
2025-12-03 04:00:00,95931.7246183386
2025-12-03 05:00:00,95931.7246183386
2025-12-03 06:00:00,95931.7246183386
2025-12-03 07:00:00,95931.7246183386
2025-12-03 08:00:00,95931.7246183386
2025-12-03 09:00:00,96321.31148124754
2025-12-03 10:00:00,96852.19082374698
2025-12-03 11:00:00,98563.97491326844
2025-12-03 12:00:00,101530.46207376702
2025-12-03 13:00:00,104756.95719204948
2025-12-03 14:00:00,106280.24914800409
2025-12-03 15:00:00,106280.24914800409
2025-12-03 16:00:00,106280.24914800409
2025-12-03 17:00:00,106280.24914800409
2025-12-03 18:00:00,106280.24914800409
2025-12-03 19:00:00,106280.24914800409
2025-12-03 20:00:00,106280.24914800409
2025-12-03 21:00:00,106280.24914800409
2025-12-03 22:00:00,106280.24914800409
2025-12-03 23:00:00,106280.24914800409
2025-12-04 00:00:00,106280.24914800409
2025-12-04 01:00:00,106280.24914800409
2025-12-04 02:00:00,106280.24914800409
2025-12-04 03:00:00,106280.24914800409
2025-12-04 04:00:00,106280.24914800409
2025-12-04 05:00:00,106280.24914800409
2025-12-04 06:00:00,106280.24914800409
2025-12-04 07:00:00,106280.24914800409
2025-12-04 08:00:00,106280.24914800409
2025-12-04 09:00:00,106280.24914800409
2025-12-04 10:00:00,107552.31724478326
2025-12-04 11:00:00,109323.23985176548
2025-12-04 12:00:00,111803.95382034002
2025-12-04 13:00:00,113601.01736923322
2025-12-04 14:00:00,113429.26749201224
2025-12-04 15:00:00,113429.26749201224
2025-12-04 16:00:00,113429.26749201224
2025-12-04 17:00:00,113429.26749201224
2025-12-04 18:00:00,113429.26749201224
2025-12-04 19:00:00,113429.26749201224
2025-12-04 20:00:00,113429.26749201224
2025-12-04 21:00:00,113429.26749201224
2025-12-04 22:00:00,113429.26749201224
2025-12-04 23:00:00,113429.26749201224
2025-12-05 00:00:00,113429.26749201224
2025-12-05 01:00:00,113429.26749201224
2025-12-05 02:00:00,113429.26749201224
2025-12-05 03:00:00,113429.26749201224
2025-12-05 04:00:00,113429.26749201224
2025-12-05 05:00:00,113429.26749201224
2025-12-05 06:00:00,113429.26749201224
2025-12-05 07:00:00,113429.26749201224
2025-12-05 08:00:00,113429.26749201224
2025-12-05 09:00:00,114094.45692452381
2025-12-05 10:00:00,115046.53473796314
2025-12-05 11:00:00,115684.46601032998
2025-12-05 12:00:00,117599.19925636757
2025-12-05 13:00:00,120260.9648478633
2025-12-05 14:00:00,122400.0
2025-12-05 15:00:00,122400.0
2025-12-05 16:00:00,122400.0
2025-12-05 17:00:00,122400.0
2025-12-05 18:00:00,122400.0
2025-12-05 19:00:00,122400.0
2025-12-05 20:00:00,122400.0
2025-12-05 21:00:00,122400.0
2025-12-05 22:00:00,122400.0
2025-12-05 23:00:00,122400.0
2025-12-06 00:00:00,122400.0
2025-12-06 01:00:00,122400.0
2025-12-06 02:00:00,122400.0
2025-12-06 03:00:00,122400.0
2025-12-06 04:00:00,99870.41317999766
2025-12-06 05:00:00,99870.41317999766
2025-12-06 06:00:00,99870.41317999766
2025-12-06 07:00:00,99870.41317999766
2025-12-06 08:00:00,99870.41317999766
2025-12-06 09:00:00,101747.58684445816
2025-12-06 10:00:00,103695.03869857565
2025-12-06 11:00:00,106276.1123839281
2025-12-06 12:00:00,109344.9506818188
2025-12-06 13:00:00,111945.83675146992
2025-12-06 14:00:00,112903.04402592019
2025-12-06 15:00:00,112903.04402592019
2025-12-06 16:00:00,112903.04402592019
2025-12-06 17:00:00,112903.04402592019
2025-12-06 18:00:00,112903.04402592019
2025-12-06 19:00:00,112903.04402592019
2025-12-06 20:00:00,112903.04402592019
2025-12-06 21:00:00,112903.04402592019
2025-12-06 22:00:00,112903.04402592019
2025-12-06 23:00:00,112903.04402592019
2025-12-07 00:00:00,112903.04402592019
2025-12-07 01:00:00,89968.92579414595
2025-12-07 02:00:00,89968.92579414595
2025-12-07 03:00:00,68245.3263986998
2025-12-07 04:00:00,68245.3263986998
2025-12-07 05:00:00,68245.3263986998
2025-12-07 06:00:00,68245.3263986998
2025-12-07 07:00:00,68245.3263986998
2025-12-07 08:00:00,68245.3263986998
2025-12-07 09:00:00,70994.82522308495
2025-12-07 10:00:00,74251.28850869935
2025-12-07 11:00:00,77340.92962614777
2025-12-07 12:00:00,80189.59515020417
2025-12-07 13:00:00,83197.95471536515
2025-12-07 14:00:00,84846.72379958867
2025-12-07 15:00:00,84846.72379958867
2025-12-07 16:00:00,84846.72379958867
2025-12-07 17:00:00,84846.72379958867
2025-12-07 18:00:00,84846.72379958867
2025-12-07 19:00:00,84846.72379958867
2025-12-07 20:00:00,84846.72379958867
2025-12-07 21:00:00,84846.72379958867
2025-12-07 22:00:00,84846.72379958867
2025-12-07 23:00:00,84846.72379958867
2025-12-08 00:00:00,84846.72379958867
2025-12-08 01:00:00,84846.72379958867
2025-12-08 02:00:00,84846.72379958867
2025-12-08 03:00:00,84846.72379958867
2025-12-08 04:00:00,84846.72379958867
2025-12-08 05:00:00,84846.72379958867
2025-12-08 06:00:00,84846.72379958867
2025-12-08 07:00:00,84846.72379958867
2025-12-08 08:00:00,84846.72379958867
2025-12-08 09:00:00,84846.72379958867
2025-12-08 10:00:00,84846.72379958867
2025-12-08 11:00:00,84846.72379958867
2025-12-08 12:00:00,84846.72379958867
2025-12-08 13:00:00,84846.72379958867
2025-12-08 14:00:00,84846.72379958867
2025-12-08 15:00:00,84846.72379958867
2025-12-08 16:00:00,84846.72379958867
2025-12-08 17:00:00,84846.72379958867
2025-12-08 18:00:00,84846.72379958867
2025-12-08 19:00:00,84846.72379958867
2025-12-08 20:00:00,84846.72379958867
2025-12-08 21:00:00,84846.72379958867
2025-12-08 22:00:00,84846.72379958867
2025-12-08 23:00:00,84846.72379958867
2025-12-09 00:00:00,84846.72379958867
2025-12-09 01:00:00,84846.72379958867
2025-12-09 02:00:00,84846.72379958867
2025-12-09 03:00:00,84846.72379958867
2025-12-09 04:00:00,84846.72379958867
2025-12-09 05:00:00,84846.72379958867
2025-12-09 06:00:00,84846.72379958867
2025-12-09 07:00:00,84846.72379958867
2025-12-09 08:00:00,84846.72379958867
2025-12-09 09:00:00,84846.72379958867
2025-12-09 10:00:00,84846.72379958867
2025-12-09 11:00:00,84846.72379958867
2025-12-09 12:00:00,85072.94386654002
2025-12-09 13:00:00,84962.871319849
2025-12-09 14:00:00,84962.871319849
2025-12-09 15:00:00,73712.29726818891
2025-12-09 16:00:00,73712.29726818891
2025-12-09 17:00:00,73712.29726818891
2025-12-09 18:00:00,73712.29726818891
2025-12-09 19:00:00,73712.29726818891
2025-12-09 20:00:00,66350.06838635051
2025-12-09 21:00:00,66350.06838635051
2025-12-09 22:00:00,66350.06838635051
2025-12-09 23:00:00,66350.06838635051
2025-12-10 00:00:00,66350.06838635051
2025-12-10 01:00:00,66350.06838635051
2025-12-10 02:00:00,66350.06838635051
2025-12-10 03:00:00,66350.06838635051
2025-12-10 04:00:00,66350.06838635051
2025-12-10 05:00:00,66350.06838635051
2025-12-10 06:00:00,66350.06838635051
2025-12-10 07:00:00,66350.06838635051
2025-12-10 08:00:00,66350.06838635051
2025-12-10 09:00:00,66350.06838635051
2025-12-10 10:00:00,66350.06838635051
2025-12-10 11:00:00,66350.06838635051
2025-12-10 12:00:00,66350.06838635051
2025-12-10 13:00:00,66350.06838635051
2025-12-10 14:00:00,66350.06838635051
2025-12-10 15:00:00,66350.06838635051
2025-12-10 16:00:00,66350.06838635051
2025-12-10 17:00:00,66350.06838635051
2025-12-10 18:00:00,66350.06838635051
2025-12-10 19:00:00,66350.06838635051
2025-12-10 20:00:00,66350.06838635051
2025-12-10 21:00:00,66350.06838635051
2025-12-10 22:00:00,66350.06838635051
2025-12-10 23:00:00,66350.06838635051
2025-12-11 00:00:00,66350.06838635051
2025-12-11 01:00:00,66350.06838635051
2025-12-11 02:00:00,66350.06838635051
2025-12-11 03:00:00,66350.06838635051
2025-12-11 04:00:00,66350.06838635051
2025-12-11 05:00:00,66350.06838635051
2025-12-11 06:00:00,66350.06838635051
2025-12-11 07:00:00,66350.06838635051
2025-12-11 08:00:00,66350.06838635051
2025-12-11 09:00:00,66350.06838635051
2025-12-11 10:00:00,66350.06838635051
2025-12-11 11:00:00,66680.23909802338
2025-12-11 12:00:00,67734.26404304226
2025-12-11 13:00:00,68842.092039097
2025-12-11 14:00:00,68842.092039097
2025-12-11 15:00:00,68842.092039097
2025-12-11 16:00:00,68842.092039097
2025-12-11 17:00:00,68842.092039097
2025-12-11 18:00:00,68842.092039097
2025-12-11 19:00:00,68842.092039097
2025-12-11 20:00:00,68842.092039097
2025-12-11 21:00:00,68842.092039097
2025-12-11 22:00:00,68842.092039097
2025-12-11 23:00:00,68842.092039097
2025-12-12 00:00:00,68842.092039097
2025-12-12 01:00:00,68842.092039097
2025-12-12 02:00:00,68842.092039097
2025-12-12 03:00:00,68842.092039097
2025-12-12 04:00:00,68842.092039097
2025-12-12 05:00:00,68842.092039097
2025-12-12 06:00:00,68842.092039097
2025-12-12 07:00:00,68842.092039097
2025-12-12 08:00:00,68842.092039097
2025-12-12 09:00:00,68842.092039097
2025-12-12 10:00:00,69554.15572572198
2025-12-12 11:00:00,70351.18255810869
2025-12-12 12:00:00,71325.66953439446
2025-12-12 13:00:00,71966.306163224
2025-12-12 14:00:00,71966.306163224
2025-12-12 15:00:00,71966.306163224
2025-12-12 16:00:00,71966.306163224
2025-12-12 17:00:00,71966.306163224
2025-12-12 18:00:00,71966.306163224
2025-12-12 19:00:00,71966.306163224
2025-12-12 20:00:00,71966.306163224
2025-12-12 21:00:00,71966.306163224
2025-12-12 22:00:00,71966.306163224
2025-12-12 23:00:00,71966.306163224
2025-12-13 00:00:00,71966.306163224
2025-12-13 01:00:00,71966.306163224
2025-12-13 02:00:00,71966.306163224
2025-12-13 03:00:00,71966.306163224
2025-12-13 04:00:00,71966.306163224
2025-12-13 05:00:00,71966.306163224
2025-12-13 06:00:00,71966.306163224
2025-12-13 07:00:00,71966.306163224
2025-12-13 08:00:00,71966.306163224
2025-12-13 09:00:00,72712.84052609313
2025-12-13 10:00:00,74642.47560069966
2025-12-13 11:00:00,77229.13603728774
2025-12-13 12:00:00,79551.6408887868
2025-12-13 13:00:00,81794.17872681192
2025-12-13 14:00:00,82849.56588992618
2025-12-13 15:00:00,82849.56588992618
2025-12-13 16:00:00,82849.56588992618
2025-12-13 17:00:00,82849.56588992618
2025-12-13 18:00:00,82849.56588992618
2025-12-13 19:00:00,82849.56588992618
2025-12-13 20:00:00,82849.56588992618
2025-12-13 21:00:00,82849.56588992618
2025-12-13 22:00:00,82849.56588992618
2025-12-13 23:00:00,82849.56588992618
2025-12-14 00:00:00,59001.44629670525
2025-12-14 01:00:00,59001.44629670525
2025-12-14 02:00:00,59001.44629670525
2025-12-14 03:00:00,59001.44629670525
2025-12-14 04:00:00,37463.52367491157
2025-12-14 05:00:00,37463.52367491157
2025-12-14 06:00:00,37463.52367491157
2025-12-14 07:00:00,37463.52367491157
2025-12-14 08:00:00,37463.52367491157
2025-12-14 09:00:00,37463.52367491157
2025-12-14 10:00:00,37463.52367491157
2025-12-14 11:00:00,37463.52367491157
2025-12-14 12:00:00,37463.52367491157
2025-12-14 13:00:00,37463.52367491157
2025-12-14 14:00:00,37463.52367491157
2025-12-14 15:00:00,37463.52367491157
2025-12-14 16:00:00,37463.52367491157
2025-12-14 17:00:00,37463.52367491157
2025-12-14 18:00:00,37463.52367491157
2025-12-14 19:00:00,37463.52367491157
2025-12-14 20:00:00,37463.52367491157
2025-12-14 21:00:00,37463.52367491157
2025-12-14 22:00:00,37463.52367491157
2025-12-14 23:00:00,37463.52367491157
2025-12-15 00:00:00,37463.52367491157
2025-12-15 01:00:00,37463.52367491157
2025-12-15 02:00:00,37463.52367491157
2025-12-15 03:00:00,37463.52367491157
2025-12-15 04:00:00,37463.52367491157
2025-12-15 05:00:00,37463.52367491157
2025-12-15 06:00:00,37463.52367491157
2025-12-15 07:00:00,37463.52367491157
2025-12-15 08:00:00,37463.52367491157
2025-12-15 09:00:00,37463.52367491157
2025-12-15 10:00:00,37463.52367491157
2025-12-15 11:00:00,37463.52367491157
2025-12-15 12:00:00,37463.52367491157
2025-12-15 13:00:00,37686.634194877515
2025-12-15 14:00:00,37686.634194877515
2025-12-15 15:00:00,37686.634194877515
2025-12-15 16:00:00,37686.634194877515
2025-12-15 17:00:00,37686.634194877515
2025-12-15 18:00:00,37686.634194877515
2025-12-15 19:00:00,37686.634194877515
2025-12-15 20:00:00,37686.634194877515
2025-12-15 21:00:00,37686.634194877515
2025-12-15 22:00:00,37686.634194877515
2025-12-15 23:00:00,37686.634194877515
2025-12-16 00:00:00,37686.634194877515
2025-12-16 01:00:00,37686.634194877515
2025-12-16 02:00:00,37686.634194877515
2025-12-16 03:00:00,37686.634194877515
2025-12-16 04:00:00,37686.634194877515
2025-12-16 05:00:00,37686.634194877515
2025-12-16 06:00:00,37686.634194877515
2025-12-16 07:00:00,37686.634194877515
2025-12-16 08:00:00,37686.634194877515
2025-12-16 09:00:00,37686.634194877515
2025-12-16 10:00:00,37686.634194877515
2025-12-16 11:00:00,37686.634194877515
2025-12-16 12:00:00,37686.634194877515
2025-12-16 13:00:00,37686.634194877515
2025-12-16 14:00:00,37686.634194877515
2025-12-16 15:00:00,37686.634194877515
2025-12-16 16:00:00,37686.634194877515
2025-12-16 17:00:00,37686.634194877515
2025-12-16 18:00:00,37686.634194877515
2025-12-16 19:00:00,37686.634194877515
2025-12-16 20:00:00,37686.634194877515
2025-12-16 21:00:00,37686.634194877515
2025-12-16 22:00:00,37686.634194877515
2025-12-16 23:00:00,37686.634194877515
2025-12-17 00:00:00,37686.634194877515
2025-12-17 01:00:00,37686.634194877515
2025-12-17 02:00:00,37686.634194877515
2025-12-17 03:00:00,37686.634194877515
2025-12-17 04:00:00,37686.634194877515
2025-12-17 05:00:00,37686.634194877515
2025-12-17 06:00:00,37686.634194877515
2025-12-17 07:00:00,37686.634194877515
2025-12-17 08:00:00,37686.634194877515
2025-12-17 09:00:00,37686.634194877515
2025-12-17 10:00:00,37686.634194877515
2025-12-17 11:00:00,37686.634194877515
2025-12-17 12:00:00,37686.634194877515
2025-12-17 13:00:00,38816.28164732519
2025-12-17 14:00:00,39551.968334625824
2025-12-17 15:00:00,39551.968334625824
2025-12-17 16:00:00,39551.968334625824
2025-12-17 17:00:00,39551.968334625824
2025-12-17 18:00:00,39551.968334625824
2025-12-17 19:00:00,39551.968334625824
2025-12-17 20:00:00,39551.968334625824
2025-12-17 21:00:00,39551.968334625824
2025-12-17 22:00:00,39551.968334625824
2025-12-17 23:00:00,39551.968334625824
2025-12-18 00:00:00,39551.968334625824
2025-12-18 01:00:00,39551.968334625824
2025-12-18 02:00:00,39551.968334625824
2025-12-18 03:00:00,39551.968334625824
2025-12-18 04:00:00,39551.968334625824
2025-12-18 05:00:00,39551.968334625824
2025-12-18 06:00:00,39551.968334625824
2025-12-18 07:00:00,39551.968334625824
2025-12-18 08:00:00,39551.968334625824
2025-12-18 09:00:00,39551.968334625824
2025-12-18 10:00:00,39551.968334625824
2025-12-18 11:00:00,39551.968334625824
2025-12-18 12:00:00,39551.968334625824
2025-12-18 13:00:00,39551.968334625824
2025-12-18 14:00:00,39551.968334625824
2025-12-18 15:00:00,39551.968334625824
2025-12-18 16:00:00,39551.968334625824
2025-12-18 17:00:00,39551.968334625824
2025-12-18 18:00:00,39551.968334625824
2025-12-18 19:00:00,39551.968334625824
2025-12-18 20:00:00,39551.968334625824
2025-12-18 21:00:00,39551.968334625824
2025-12-18 22:00:00,39551.968334625824
2025-12-18 23:00:00,39551.968334625824
2025-12-19 00:00:00,39551.968334625824
2025-12-19 01:00:00,39551.968334625824
2025-12-19 02:00:00,39551.968334625824
2025-12-19 03:00:00,39551.968334625824
2025-12-19 04:00:00,39551.968334625824
2025-12-19 05:00:00,39551.968334625824
2025-12-19 06:00:00,39551.968334625824
2025-12-19 07:00:00,39551.968334625824
2025-12-19 08:00:00,39551.968334625824
2025-12-19 09:00:00,39551.968334625824
2025-12-19 10:00:00,40750.86112152792
2025-12-19 11:00:00,41978.860283358816
2025-12-19 12:00:00,43646.68704524161
2025-12-19 13:00:00,45990.186203959114
2025-12-19 14:00:00,47412.81559291809
2025-12-19 15:00:00,47412.81559291809
2025-12-19 16:00:00,47412.81559291809
2025-12-19 17:00:00,47412.81559291809
2025-12-19 18:00:00,47412.81559291809
2025-12-19 19:00:00,47412.81559291809
2025-12-19 20:00:00,47412.81559291809
2025-12-19 21:00:00,47412.81559291809
2025-12-19 22:00:00,47412.81559291809
2025-12-19 23:00:00,47412.81559291809
2025-12-20 00:00:00,47412.81559291809
2025-12-20 01:00:00,24923.384634406604
2025-12-20 02:00:00,24923.384634406604
2025-12-20 03:00:00,24923.384634406604
2025-12-20 04:00:00,24923.384634406604
2025-12-20 05:00:00,24923.384634406604
2025-12-20 06:00:00,24923.384634406604
2025-12-20 07:00:00,24923.384634406604
2025-12-20 08:00:00,24923.384634406604
2025-12-20 09:00:00,26447.71291191356
2025-12-20 10:00:00,28868.656048551715
2025-12-20 11:00:00,30702.460480473816
2025-12-20 12:00:00,34684.31378221104
2025-12-20 13:00:00,40142.27881493087
2025-12-20 14:00:00,43976.076934684126
2025-12-20 15:00:00,43976.076934684126
2025-12-20 16:00:00,20555.021625311347
2025-12-20 17:00:00,20555.021625311347
2025-12-20 18:00:00,20555.021625311347
2025-12-20 19:00:00,20555.021625311347
2025-12-20 20:00:00,20555.021625311347
2025-12-20 21:00:00,20555.021625311347
2025-12-20 22:00:00,20555.021625311347
2025-12-20 23:00:00,20555.021625311347
2025-12-21 00:00:00,20555.021625311347
2025-12-21 01:00:00,20555.021625311347
2025-12-21 02:00:00,20555.021625311347
2025-12-21 03:00:00,20555.021625311347
2025-12-21 04:00:00,20555.021625311347
2025-12-21 05:00:00,-0.0
2025-12-21 06:00:00,-0.0
2025-12-21 07:00:00,-0.0
2025-12-21 08:00:00,-0.0
2025-12-21 09:00:00,3617.2253720608055
2025-12-21 10:00:00,7460.736561528798
2025-12-21 11:00:00,11279.641629832287
2025-12-21 12:00:00,15632.607532707363
2025-12-21 13:00:00,21386.173332266277
2025-12-21 14:00:00,25948.391153676053
2025-12-21 15:00:00,25948.391153676053
2025-12-21 16:00:00,25948.391153676053
2025-12-21 17:00:00,25948.391153676053
2025-12-21 18:00:00,25948.391153676053
2025-12-21 19:00:00,25948.391153676053
2025-12-21 20:00:00,25948.391153676053
2025-12-21 21:00:00,25948.391153676053
2025-12-21 22:00:00,25948.391153676053
2025-12-21 23:00:00,25948.391153676053
2025-12-22 00:00:00,25948.391153676053
2025-12-22 01:00:00,25948.391153676053
2025-12-22 02:00:00,25948.391153676053
2025-12-22 03:00:00,25948.391153676053
2025-12-22 04:00:00,25948.391153676053
2025-12-22 05:00:00,25948.391153676053
2025-12-22 06:00:00,25948.391153676053
2025-12-22 07:00:00,25948.391153676053
2025-12-22 08:00:00,25948.391153676053
2025-12-22 09:00:00,25948.391153676053
2025-12-22 10:00:00,27457.200947320805
2025-12-22 11:00:00,30030.005643972814
2025-12-22 12:00:00,32276.954547548758
2025-12-22 13:00:00,32276.954547548758
2025-12-22 14:00:00,32276.954547548758
2025-12-22 15:00:00,32276.954547548758
2025-12-22 16:00:00,32276.954547548758
2025-12-22 17:00:00,32276.954547548758
2025-12-22 18:00:00,32276.954547548758
2025-12-22 19:00:00,32276.954547548758
2025-12-22 20:00:00,32276.954547548758
2025-12-22 21:00:00,32276.954547548758
2025-12-22 22:00:00,32276.954547548758
2025-12-22 23:00:00,32276.954547548758
2025-12-23 00:00:00,32276.954547548758
2025-12-23 01:00:00,32276.954547548758
2025-12-23 02:00:00,32276.954547548758
2025-12-23 03:00:00,32276.954547548758
2025-12-23 04:00:00,32276.954547548758
2025-12-23 05:00:00,32276.954547548758
2025-12-23 06:00:00,32276.954547548758
2025-12-23 07:00:00,32276.954547548758
2025-12-23 08:00:00,32276.954547548758
2025-12-23 09:00:00,32276.954547548758
2025-12-23 10:00:00,32276.954547548758
2025-12-23 11:00:00,32276.954547548758
2025-12-23 12:00:00,19929.17465701584
2025-12-23 13:00:00,19929.17465701584
2025-12-23 14:00:00,19929.17465701584
2025-12-23 15:00:00,19929.17465701584
2025-12-23 16:00:00,19929.17465701584
2025-12-23 17:00:00,19929.17465701584
2025-12-23 18:00:00,19929.17465701584
2025-12-23 19:00:00,19929.17465701584
2025-12-23 20:00:00,19929.17465701584
2025-12-23 21:00:00,19929.17465701584
2025-12-23 22:00:00,19929.17465701584
2025-12-23 23:00:00,19929.17465701584
2025-12-24 00:00:00,19929.17465701584
2025-12-24 01:00:00,19929.17465701584
2025-12-24 02:00:00,19929.17465701584
2025-12-24 03:00:00,19929.17465701584
2025-12-24 04:00:00,19929.17465701584
2025-12-24 05:00:00,19929.17465701584
2025-12-24 06:00:00,19929.17465701584
2025-12-24 07:00:00,19929.17465701584
2025-12-24 08:00:00,19929.17465701584
2025-12-24 09:00:00,19929.17465701584
2025-12-24 10:00:00,19929.17465701584
2025-12-24 11:00:00,19929.17465701584
2025-12-24 12:00:00,19929.17465701584
2025-12-24 13:00:00,19929.17465701584
2025-12-24 14:00:00,19929.17465701584
2025-12-24 15:00:00,19929.17465701584
2025-12-24 16:00:00,19929.17465701584
2025-12-24 17:00:00,19929.17465701584
2025-12-24 18:00:00,19929.17465701584
2025-12-24 19:00:00,19929.17465701584
2025-12-24 20:00:00,19929.17465701584
2025-12-24 21:00:00,19929.17465701584
2025-12-24 22:00:00,19929.17465701584
2025-12-24 23:00:00,19929.17465701584
2025-12-25 00:00:00,19929.17465701584
2025-12-25 01:00:00,19929.17465701584
2025-12-25 02:00:00,19929.17465701584
2025-12-25 03:00:00,19929.17465701584
2025-12-25 04:00:00,19929.17465701584
2025-12-25 05:00:00,19929.17465701584
2025-12-25 06:00:00,19929.17465701584
2025-12-25 07:00:00,19929.17465701584
2025-12-25 08:00:00,19929.17465701584
2025-12-25 09:00:00,19929.17465701584
2025-12-25 10:00:00,19929.17465701584
2025-12-25 11:00:00,19929.17465701584
2025-12-25 12:00:00,19929.17465701584
2025-12-25 13:00:00,19929.17465701584
2025-12-25 14:00:00,19929.17465701584
2025-12-25 15:00:00,19929.17465701584
2025-12-25 16:00:00,19929.17465701584
2025-12-25 17:00:00,19929.17465701584
2025-12-25 18:00:00,19929.17465701584
2025-12-25 19:00:00,19929.17465701584
2025-12-25 20:00:00,-0.0
2025-12-25 21:00:00,-0.0
2025-12-25 22:00:00,-0.0
2025-12-25 23:00:00,-0.0
2025-12-26 00:00:00,-0.0
2025-12-26 01:00:00,-0.0
2025-12-26 02:00:00,-0.0
2025-12-26 03:00:00,-0.0
2025-12-26 04:00:00,-0.0
2025-12-26 05:00:00,-0.0
2025-12-26 06:00:00,-0.0
2025-12-26 07:00:00,-0.0
2025-12-26 08:00:00,-0.0
2025-12-26 09:00:00,-0.0
2025-12-26 10:00:00,-0.0
2025-12-26 11:00:00,-0.0
2025-12-26 12:00:00,-0.0
2025-12-26 13:00:00,-0.0
2025-12-26 14:00:00,-0.0
2025-12-26 15:00:00,-0.0
2025-12-26 16:00:00,-0.0
2025-12-26 17:00:00,-0.0
2025-12-26 18:00:00,-0.0
2025-12-26 19:00:00,-0.0
2025-12-26 20:00:00,-0.0
2025-12-26 21:00:00,-0.0
2025-12-26 22:00:00,-0.0
2025-12-26 23:00:00,-0.0
2025-12-27 00:00:00,-0.0
2025-12-27 01:00:00,-0.0
2025-12-27 02:00:00,-0.0
2025-12-27 03:00:00,-0.0
2025-12-27 04:00:00,-0.0
2025-12-27 05:00:00,-0.0
2025-12-27 06:00:00,-0.0
2025-12-27 07:00:00,-0.0
2025-12-27 08:00:00,-0.0
2025-12-27 09:00:00,6511.686500645399
2025-12-27 10:00:00,13768.749112299021
2025-12-27 11:00:00,20124.02789723441
2025-12-27 12:00:00,26531.686995804568
2025-12-27 13:00:00,32703.075873886046
2025-12-27 14:00:00,36738.97872311948
2025-12-27 15:00:00,36738.97872311948
2025-12-27 16:00:00,36738.97872311948
2025-12-27 17:00:00,36738.97872311948
2025-12-27 18:00:00,36738.97872311948
2025-12-27 19:00:00,36738.97872311948
2025-12-27 20:00:00,36738.97872311948
2025-12-27 21:00:00,36738.97872311948
2025-12-27 22:00:00,36738.97872311948
2025-12-27 23:00:00,36738.97872311948
2025-12-28 00:00:00,36738.97872311948
2025-12-28 01:00:00,36738.97872311948
2025-12-28 02:00:00,36738.97872311948
2025-12-28 03:00:00,36738.97872311948
2025-12-28 04:00:00,36738.97872311948
2025-12-28 05:00:00,36738.97872311948
2025-12-28 06:00:00,36738.97872311948
2025-12-28 07:00:00,36738.97872311948
2025-12-28 08:00:00,36738.97872311948
2025-12-28 09:00:00,39632.28938510321
2025-12-28 10:00:00,44806.85790451111
2025-12-28 11:00:00,49964.95901007677
2025-12-28 12:00:00,54538.37735419258
2025-12-28 13:00:00,58385.56874922237
2025-12-28 14:00:00,62162.13131201625
2025-12-28 15:00:00,62162.13131201625
2025-12-28 16:00:00,62162.13131201625
2025-12-28 17:00:00,62162.13131201625
2025-12-28 18:00:00,62162.13131201625
2025-12-28 19:00:00,62162.13131201625
2025-12-28 20:00:00,62162.13131201625
2025-12-28 21:00:00,36223.94635549163
2025-12-28 22:00:00,36223.94635549163
2025-12-28 23:00:00,36223.94635549163
2025-12-29 00:00:00,36223.94635549163
2025-12-29 01:00:00,36223.94635549163
2025-12-29 02:00:00,36223.94635549163
2025-12-29 03:00:00,36223.94635549163
2025-12-29 04:00:00,36223.94635549163
2025-12-29 05:00:00,36223.94635549163
2025-12-29 06:00:00,36223.94635549163
2025-12-29 07:00:00,36223.94635549163
2025-12-29 08:00:00,36223.94635549163
2025-12-29 09:00:00,42112.16151245741
2025-12-29 10:00:00,48656.9692586958
2025-12-29 11:00:00,55173.60178999369
2025-12-29 12:00:00,62527.226492019836
2025-12-29 13:00:00,71038.68616200851
2025-12-29 14:00:00,78796.94445982156
2025-12-29 15:00:00,78796.94445982156
2025-12-29 16:00:00,78796.94445982156
2025-12-29 17:00:00,78796.94445982156
2025-12-29 18:00:00,78796.94445982156
2025-12-29 19:00:00,78796.94445982156
2025-12-29 20:00:00,78796.94445982156
2025-12-29 21:00:00,78796.94445982156
2025-12-29 22:00:00,65073.45938235361
2025-12-29 23:00:00,41064.48923203563
2025-12-30 00:00:00,41064.48923203563
2025-12-30 01:00:00,41064.48923203563
2025-12-30 02:00:00,41064.48923203563
2025-12-30 03:00:00,41064.48923203563
2025-12-30 04:00:00,41064.48923203563
2025-12-30 05:00:00,41064.48923203563
2025-12-30 06:00:00,41064.48923203563
2025-12-30 07:00:00,41064.48923203563
2025-12-30 08:00:00,41064.48923203563
2025-12-30 09:00:00,41064.48923203563
2025-12-30 10:00:00,41064.48923203563
2025-12-30 11:00:00,41064.48923203563
2025-12-30 12:00:00,41064.48923203563
2025-12-30 13:00:00,41064.48923203563
2025-12-30 14:00:00,41064.48923203563
2025-12-30 15:00:00,41064.48923203563
2025-12-30 16:00:00,41064.48923203563
2025-12-30 17:00:00,41064.48923203563
2025-12-30 18:00:00,41064.48923203563
2025-12-30 19:00:00,41064.48923203563
2025-12-30 20:00:00,41064.48923203563
2025-12-30 21:00:00,41064.48923203563
2025-12-30 22:00:00,41064.48923203563
2025-12-30 23:00:00,41064.48923203563
2025-12-31 00:00:00,41064.48923203563
2025-12-31 01:00:00,41064.48923203563
2025-12-31 02:00:00,41064.48923203563
2025-12-31 03:00:00,41064.48923203563
2025-12-31 04:00:00,41064.48923203563
2025-12-31 05:00:00,41064.48923203563
2025-12-31 06:00:00,41064.48923203563
2025-12-31 07:00:00,41064.48923203563
2025-12-31 08:00:00,41064.48923203563
2025-12-31 09:00:00,41064.48923203563
2025-12-31 10:00:00,41064.48923203563
2025-12-31 11:00:00,41064.48923203563
2025-12-31 12:00:00,21928.787763224667
2025-12-31 13:00:00,21928.787763224667
2025-12-31 14:00:00,21928.787763224667
2025-12-31 15:00:00,21928.787763224667
2025-12-31 16:00:00,21928.787763224667
2025-12-31 17:00:00,21928.787763224667
2025-12-31 18:00:00,21928.787763224667
2025-12-31 19:00:00,21928.787763224667
2025-12-31 20:00:00,21928.787763224667
2025-12-31 21:00:00,21928.787763224667
2025-12-31 22:00:00,21928.787763224667
2025-12-31 23:00:00,21928.787763224667
