snapshot,battery
2025-01-01 00:00:00,65510.20574450457
2025-01-01 01:00:00,43256.31614574843
2025-01-01 02:00:00,43256.31614574843
2025-01-01 03:00:00,43256.31614574843
2025-01-01 04:00:00,43256.31614574843
2025-01-01 05:00:00,21922.393861472756
2025-01-01 06:00:00,-0.0
2025-01-01 07:00:00,-0.0
2025-01-01 08:00:00,-0.0
2025-01-01 09:00:00,29434.146958574333
2025-01-01 10:00:00,81858.9423368573
2025-01-01 11:00:00,132242.56703882973
2025-01-01 12:00:00,183071.74654365575
2025-01-01 13:00:00,235233.05970092613
2025-01-01 14:00:00,278473.1791948357
2025-01-01 15:00:00,306000.0
2025-01-01 16:00:00,306000.0
2025-01-01 17:00:00,306000.0
2025-01-01 18:00:00,279783.69810546015
2025-01-01 19:00:00,253813.56792015128
2025-01-01 20:00:00,228321.3254365988
2025-01-01 21:00:00,203215.31259865413
2025-01-01 22:00:00,179277.34220783273
2025-01-01 23:00:00,156624.99708574568
2025-01-02 00:00:00,134677.51103556823
2025-01-02 01:00:00,113336.04499246944
2025-01-02 02:00:00,92569.44176093346
2025-01-02 03:00:00,71587.15327129242
2025-01-02 04:00:00,50238.93005536983
2025-01-02 05:00:00,27499.128302423473
2025-01-02 06:00:00,2890.7523514166637
2025-01-02 07:00:00,-0.0
2025-01-02 08:00:00,-0.0
2025-01-02 09:00:00,7481.1703976531135
2025-01-02 10:00:00,61514.84423607076
2025-01-02 11:00:00,112816.94165282918
2025-01-02 12:00:00,165011.22640180957
2025-01-02 13:00:00,219864.8276177658
2025-01-02 14:00:00,273836.26259332104
2025-01-02 15:00:00,306000.0
2025-01-02 16:00:00,291648.6323751339
2025-01-02 17:00:00,264121.8502301959
2025-01-02 18:00:00,236239.37824786367
2025-01-02 19:00:00,236239.37824786367
2025-01-02 20:00:00,209225.06807642497
2025-01-02 21:00:00,206811.8148036834
2025-01-02 22:00:00,181854.47024975903
2025-01-02 23:00:00,158185.4728855782
2025-01-03 00:00:00,158185.4728855782
2025-01-03 01:00:00,134594.21352326957
2025-01-03 02:00:00,134594.21352326957
2025-01-03 03:00:00,112134.2455468275
2025-01-03 04:00:00,89774.85732992801
2025-01-03 05:00:00,89774.85732992801
2025-01-03 06:00:00,64778.135170140056
2025-01-03 07:00:00,45753.76300444162
2025-01-03 08:00:00,50085.40277990448
2025-01-03 09:00:00,62735.96631388177
2025-01-03 10:00:00,85874.73901615644
2025-01-03 11:00:00,116933.04881162042
2025-01-03 12:00:00,150649.77929202473
2025-01-03 13:00:00,181213.47576354563
2025-01-03 14:00:00,206829.33469531403
2025-01-03 15:00:00,216792.61550524115
2025-01-03 16:00:00,197219.74679587697
2025-01-03 17:00:00,169155.8857721717
2025-01-03 18:00:00,169155.8857721717
2025-01-03 19:00:00,169155.8857721717
2025-01-03 20:00:00,142025.20825851578
2025-01-03 21:00:00,115367.5485474524
2025-01-03 22:00:00,89862.08043947321
2025-01-03 23:00:00,89862.08043947321
2025-01-04 00:00:00,66232.52888516053
2025-01-04 01:00:00,42935.65862359175
2025-01-04 02:00:00,42935.65862359175
2025-01-04 03:00:00,21346.695965466126
2025-01-04 04:00:00,-0.0
2025-01-04 05:00:00,-0.0
2025-01-04 06:00:00,-0.0
2025-01-04 07:00:00,-0.0
2025-01-04 08:00:00,8116.513846790018
2025-01-04 09:00:00,56159.88608030992
2025-01-04 10:00:00,107272.6145244418
2025-01-04 11:00:00,158078.28195214382
2025-01-04 12:00:00,206436.13520788966
2025-01-04 13:00:00,249283.38986246788
2025-01-04 14:00:00,288505.41390536545
2025-01-04 15:00:00,306000.0
2025-01-04 16:00:00,306000.0
2025-01-04 17:00:00,279067.7021778457
2025-01-04 18:00:00,251956.3918766597
2025-01-04 19:00:00,225179.19983986326
2025-01-04 20:00:00,199062.2597525711
2025-01-04 21:00:00,173451.80339698095
2025-01-04 22:00:00,148641.1172677236
2025-01-04 23:00:00,124693.29868096663
2025-01-05 00:00:00,101477.66574291601
2025-01-05 01:00:00,78987.94213141847
2025-01-05 02:00:00,78987.94213141847
2025-01-05 03:00:00,57723.195103136924
2025-01-05 04:00:00,36519.22200554276
2025-01-05 05:00:00,22476.68725378511
2025-01-05 06:00:00,-0.0
2025-01-05 07:00:00,-0.0
2025-01-05 08:00:00,-0.0
2025-01-05 09:00:00,-0.0
2025-01-05 10:00:00,49992.04128102725
2025-01-05 11:00:00,104750.22750546693
2025-01-05 12:00:00,159574.9095804132
2025-01-05 13:00:00,216251.93125702027
2025-01-05 14:00:00,272102.8061577119
2025-01-05 15:00:00,306000.0
2025-01-05 16:00:00,295126.28151207755
2025-01-05 17:00:00,269005.9460556401
2025-01-05 18:00:00,242548.52810216884
2025-01-05 19:00:00,242548.52810216884
2025-01-05 20:00:00,216709.19377070814
2025-01-05 21:00:00,191248.66324104145
2025-01-05 22:00:00,180812.31093459367
2025-01-05 23:00:00,157848.82548189623
2025-01-06 00:00:00,135183.79646306016
2025-01-06 01:00:00,112792.35645705205
2025-01-06 02:00:00,91342.47205219718
2025-01-06 03:00:00,70221.99289105448
2025-01-06 04:00:00,48598.81528146233
2025-01-06 05:00:00,25374.568256901708
2025-01-06 06:00:00,-0.0
2025-01-06 07:00:00,-0.0
2025-01-06 08:00:00,-0.0
2025-01-06 09:00:00,21317.07438752437
2025-01-06 10:00:00,77191.83492044004
2025-01-06 11:00:00,130378.0537280722
2025-01-06 12:00:00,183002.02478082845
2025-01-06 13:00:00,235453.63037315867
2025-01-06 14:00:00,282172.59180208034
2025-01-06 15:00:00,306000.0
2025-01-06 16:00:00,291628.9878879299
2025-01-06 17:00:00,263498.9525642823
2025-01-06 18:00:00,263498.9525642823
2025-01-06 19:00:00,263498.9525642823
2025-01-06 20:00:00,236126.04561065193
2025-01-06 21:00:00,209427.95813926138
2025-01-06 22:00:00,183250.87007622508
2025-01-06 23:00:00,158569.67818097863
2025-01-07 00:00:00,134986.54975975
2025-01-07 01:00:00,115267.68584280211
2025-01-07 02:00:00,93182.66509978444
2025-01-07 03:00:00,71417.03253259178
2025-01-07 04:00:00,49221.96559479601
2025-01-07 05:00:00,25705.5730686022
2025-01-07 06:00:00,-0.0
2025-01-07 07:00:00,-0.0
2025-01-07 08:00:00,6936.631467718337
2025-01-07 09:00:00,37412.726209602835
2025-01-07 10:00:00,78334.04226135946
2025-01-07 11:00:00,119805.56706229592
2025-01-07 12:00:00,164412.61893523202
2025-01-07 13:00:00,209196.76083868864
2025-01-07 14:00:00,247331.43628789237
2025-01-07 15:00:00,268527.6527582363
2025-01-07 16:00:00,268527.6527582363
2025-01-07 17:00:00,240403.40096437858
2025-01-07 18:00:00,212145.92989043056
2025-01-07 19:00:00,184258.7911810577
2025-01-07 20:00:00,157106.2803368872
2025-01-07 21:00:00,157106.2803368872
2025-01-07 22:00:00,155714.39921215916
2025-01-07 23:00:00,132158.87580416707
2025-01-08 00:00:00,109097.79520755779
2025-01-08 01:00:00,86697.07264643555
2025-01-08 02:00:00,86697.07264643555
2025-01-08 03:00:00,65041.06254040955
2025-01-08 04:00:00,43464.7722493686
2025-01-08 05:00:00,20676.476117850874
2025-01-08 06:00:00,20676.476117850874
2025-01-08 07:00:00,-0.0
2025-01-08 08:00:00,-0.0
2025-01-08 09:00:00,24071.01325986017
2025-01-08 10:00:00,63806.50997694321
2025-01-08 11:00:00,109007.15752169839
2025-01-08 12:00:00,158884.11599467116
2025-01-08 13:00:00,213489.31790174986
2025-01-08 14:00:00,268552.73208854324
2025-01-08 15:00:00,306000.0
2025-01-08 16:00:00,295541.3622177266
2025-01-08 17:00:00,268985.45194921986
2025-01-08 18:00:00,241589.5949235847
2025-01-08 19:00:00,214502.85151637468
2025-01-08 20:00:00,187819.247019469
2025-01-08 21:00:00,161699.04038578947
2025-01-08 22:00:00,150035.77171753158
2025-01-08 23:00:00,150035.77171753158
2025-01-09 00:00:00,126915.44410654405
2025-01-09 01:00:00,126915.44410654405
2025-01-09 02:00:00,104981.34130346926
2025-01-09 03:00:00,83364.62002657792
2025-01-09 04:00:00,61426.19659931968
2025-01-09 05:00:00,38199.60290648254
2025-01-09 06:00:00,12597.250126543973
2025-01-09 07:00:00,-0.0
2025-01-09 08:00:00,-0.0
2025-01-09 09:00:00,-0.0
2025-01-09 10:00:00,40675.35250106618
2025-01-09 11:00:00,98990.46430240259
2025-01-09 12:00:00,156629.44470024479
2025-01-09 13:00:00,213866.68303254314
2025-01-09 14:00:00,267587.61500414106
2025-01-09 15:00:00,306000.0
2025-01-09 16:00:00,298029.53789353854
2025-01-09 17:00:00,270805.673016841
2025-01-09 18:00:00,243207.51427324107
2025-01-09 19:00:00,215750.96771916328
2025-01-09 20:00:00,189001.794146542
2025-01-09 21:00:00,189001.794146542
2025-01-09 22:00:00,164128.17724457823
2025-01-09 23:00:00,140581.44891078756
2025-01-10 00:00:00,117173.57995005712
2025-01-10 01:00:00,94650.84898082043
2025-01-10 02:00:00,72921.78267243225
2025-01-10 03:00:00,51452.32414938835
2025-01-10 04:00:00,48080.49533728039
2025-01-10 05:00:00,24944.72306522408
2025-01-10 06:00:00,-0.0
2025-01-10 07:00:00,-0.0
2025-01-10 08:00:00,-0.0
2025-01-10 09:00:00,-0.0
2025-01-10 10:00:00,51468.71468770343
2025-01-10 11:00:00,107512.40473373333
2025-01-10 12:00:00,163287.69315387204
2025-01-10 13:00:00,218097.089307296
2025-01-10 14:00:00,269754.5318491592
2025-01-10 15:00:00,306000.0
2025-01-10 16:00:00,296820.41020348767
2025-01-10 17:00:00,270184.8160056196
2025-01-10 18:00:00,243167.568925725
2025-01-10 19:00:00,216381.5495194395
2025-01-10 20:00:00,189958.00327749306
2025-01-10 21:00:00,163861.72402089147
2025-01-10 22:00:00,138870.67275360372
2025-01-10 23:00:00,138870.67275360372
2025-01-11 00:00:00,138870.67275360372
2025-01-11 01:00:00,116252.99945515645
2025-01-11 02:00:00,94529.71454927769
2025-01-11 03:00:00,73115.5157415758
2025-01-11 04:00:00,51604.642184578275
2025-01-11 05:00:00,33332.856201958435
2025-01-11 06:00:00,10142.081991174462
2025-01-11 07:00:00,-0.0
2025-01-11 08:00:00,-0.0
2025-01-11 09:00:00,8774.04507127982
2025-01-11 10:00:00,67891.410227958
2025-01-11 11:00:00,123589.7314317978
2025-01-11 12:00:00,174791.92795020793
2025-01-11 13:00:00,222830.74523889762
2025-01-11 14:00:00,269263.621466251
2025-01-11 15:00:00,306000.0
2025-01-11 16:00:00,299353.5313659764
2025-01-11 17:00:00,273816.08947588666
2025-01-11 18:00:00,247821.884028531
2025-01-11 19:00:00,222201.39427505183
2025-01-11 20:00:00,196910.85123787232
2025-01-11 21:00:00,171973.0872394802
2025-01-11 22:00:00,147948.56784946303
2025-01-11 23:00:00,137546.247549194
2025-01-12 00:00:00,114943.55154825917
2025-01-12 01:00:00,93025.96059485244
2025-01-12 02:00:00,71485.24705642152
2025-01-12 03:00:00,50244.342673042105
2025-01-12 04:00:00,29311.109618545364
2025-01-12 05:00:00,8045.380668265278
2025-01-12 06:00:00,8045.380668265278
2025-01-12 07:00:00,-0.0
2025-01-12 08:00:00,-0.0
2025-01-12 09:00:00,-0.0
2025-01-12 10:00:00,14799.334853402332
2025-01-12 11:00:00,76491.13890620583
2025-01-12 12:00:00,138101.2788130605
2025-01-12 13:00:00,200577.50667653175
2025-01-12 14:00:00,262652.13788467104
2025-01-12 15:00:00,306000.0
2025-01-12 16:00:00,300741.8382573051
2025-01-12 17:00:00,275252.5251487678
2025-01-12 18:00:00,248817.18240526706
2025-01-12 19:00:00,222620.323652646
2025-01-12 20:00:00,196851.74212155404
2025-01-12 21:00:00,171488.3487093947
2025-01-12 22:00:00,147458.53607977869
2025-01-12 23:00:00,147458.53607977869
2025-01-13 00:00:00,130954.17449453835
2025-01-13 01:00:00,108496.33886195038
2025-01-13 02:00:00,86260.93889617929
2025-01-13 03:00:00,86260.93889617929
2025-01-13 04:00:00,63949.23735205349
2025-01-13 05:00:00,39966.709595157576
2025-01-13 06:00:00,13586.26546832303
2025-01-13 07:00:00,-0.0
2025-01-13 08:00:00,-0.0
2025-01-13 09:00:00,-0.0
2025-01-13 10:00:00,23041.90797629929
2025-01-13 11:00:00,83332.17099430031
2025-01-13 12:00:00,144187.2685285997
2025-01-13 13:00:00,204516.36696617733
2025-01-13 14:00:00,263667.6581732766
2025-01-13 15:00:00,306000.0
2025-01-13 16:00:00,297732.2406220148
2025-01-13 17:00:00,297732.2406220148
2025-01-13 18:00:00,269073.3731181069
2025-01-13 19:00:00,240862.39828488606
2025-01-13 20:00:00,213161.87922441374
2025-01-13 21:00:00,185971.0092322802
2025-01-13 22:00:00,160322.01610991548
2025-01-13 23:00:00,136231.9841382731
2025-01-14 00:00:00,112199.19177452897
2025-01-14 01:00:00,112199.19177452897
2025-01-14 02:00:00,89187.45799797671
2025-01-14 03:00:00,66301.06431884617
2025-01-14 04:00:00,66301.06431884617
2025-01-14 05:00:00,41676.32552194519
2025-01-14 06:00:00,14154.09309620751
2025-01-14 07:00:00,-0.0
2025-01-14 08:00:00,-0.0
2025-01-14 09:00:00,-0.0
2025-01-14 10:00:00,33029.72482895367
2025-01-14 11:00:00,93222.775242159
2025-01-14 12:00:00,153869.49800017913
2025-01-14 13:00:00,213589.15539086313
2025-01-14 14:00:00,266739.2238312127
2025-01-14 15:00:00,306000.0
2025-01-14 16:00:00,298651.2834684853
2025-01-14 17:00:00,270474.49456635007
2025-01-14 18:00:00,242019.16624290086
2025-01-14 19:00:00,213860.434400678
2025-01-14 20:00:00,186151.95720073435
2025-01-14 21:00:00,186151.95720073435
2025-01-14 22:00:00,160614.40005728605
2025-01-14 23:00:00,136747.6256358032
2025-01-15 00:00:00,136747.6256358032
2025-01-15 01:00:00,113659.09703304329
2025-01-15 02:00:00,90337.3744819397
2025-01-15 03:00:00,67371.05212676339
2025-01-15 04:00:00,65210.791910319014
2025-01-15 05:00:00,40679.09920546778
2025-01-15 06:00:00,13569.440361244924
2025-01-15 07:00:00,-0.0
2025-01-15 08:00:00,-0.0
2025-01-15 09:00:00,-0.0
2025-01-15 10:00:00,42962.61023697077
2025-01-15 11:00:00,101319.58572356995
2025-01-15 12:00:00,161159.78190191905
2025-01-15 13:00:00,220022.99709007764
2025-01-15 14:00:00,268987.3882025333
2025-01-15 15:00:00,306000.0
2025-01-15 16:00:00,300020.76812729705
2025-01-15 17:00:00,272220.9943857667
2025-01-15 18:00:00,272220.9943857667
2025-01-15 19:00:00,244349.302061958
2025-01-15 20:00:00,217057.8442359329
2025-01-15 21:00:00,206781.57335011722
2025-01-15 22:00:00,181440.64764034475
2025-01-15 23:00:00,157486.00290200135
2025-01-16 00:00:00,134075.56980526788
2025-01-16 01:00:00,111086.55554432666
2025-01-16 02:00:00,111086.55554432666
2025-01-16 03:00:00,88624.47588951509
2025-01-16 04:00:00,65816.39267516522
2025-01-16 05:00:00,41395.39633675766
2025-01-16 06:00:00,14340.832388932196
2025-01-16 07:00:00,-0.0
2025-01-16 08:00:00,-0.0
2025-01-16 09:00:00,16005.170443990719
2025-01-16 10:00:00,75803.17447794857
2025-01-16 11:00:00,131477.7963342414
2025-01-16 12:00:00,181800.9126020522
2025-01-16 13:00:00,232423.0436736931
2025-01-16 14:00:00,277057.8518777039
2025-01-16 15:00:00,306000.0
2025-01-16 16:00:00,306000.0
2025-01-16 17:00:00,278455.1787513456
2025-01-16 18:00:00,278455.1787513456
2025-01-16 19:00:00,250446.1637127092
2025-01-16 20:00:00,222609.51645195618
2025-01-16 21:00:00,195329.63477259938
2025-01-16 22:00:00,169389.8825585895
2025-01-16 23:00:00,144960.11748353706
2025-01-17 00:00:00,121135.87242573427
2025-01-17 01:00:00,97901.99291052185
2025-01-17 02:00:00,85055.20275455379
2025-01-17 03:00:00,62484.84949335418
2025-01-17 04:00:00,39577.01875293902
2025-01-17 05:00:00,15114.190142284702
2025-01-17 06:00:00,15114.190142284702
2025-01-17 07:00:00,-0.0
2025-01-17 08:00:00,-0.0
2025-01-17 09:00:00,33332.02712365667
2025-01-17 10:00:00,82507.35590688925
2025-01-17 11:00:00,131824.76240776965
2025-01-17 12:00:00,178136.8580242036
2025-01-17 13:00:00,224747.923196493
2025-01-17 14:00:00,269368.2582912119
2025-01-17 15:00:00,306000.0
2025-01-17 16:00:00,301219.03787573474
2025-01-17 17:00:00,273905.2118619869
2025-01-17 18:00:00,245914.86569212517
2025-01-17 19:00:00,218162.67129479308
2025-01-17 20:00:00,190570.74129793313
2025-01-17 21:00:00,163729.94367945942
2025-01-17 22:00:00,163729.94367945942
2025-01-17 23:00:00,139370.55534566217
2025-01-18 00:00:00,115320.74520893395
2025-01-18 01:00:00,91969.5782140868
2025-01-18 02:00:00,69460.77190234872
2025-01-18 03:00:00,47377.53071738122
2025-01-18 04:00:00,25573.932988291
2025-01-18 05:00:00,25573.932988291
2025-01-18 06:00:00,9814.842351528652
2025-01-18 07:00:00,-0.0
2025-01-18 08:00:00,-0.0
2025-01-18 09:00:00,-0.0
2025-01-18 10:00:00,11221.273854152561
2025-01-18 11:00:00,73933.884563197
2025-01-18 12:00:00,135721.58405832993
2025-01-18 13:00:00,198007.11162239543
2025-01-18 14:00:00,260079.92150316705
2025-01-18 15:00:00,306000.0
2025-01-18 16:00:00,303843.0817736415
2025-01-18 17:00:00,278426.1944011921
2025-01-18 18:00:00,252138.64981149897
2025-01-18 19:00:00,226136.8917709705
2025-01-18 20:00:00,200469.16200589624
2025-01-18 21:00:00,175227.38168235897
2025-01-18 22:00:00,150819.59799776936
2025-01-18 23:00:00,127604.01739119765
2025-01-19 00:00:00,118372.1244804131
2025-01-19 01:00:00,118372.1244804131
2025-01-19 02:00:00,96398.83535765039
2025-01-19 03:00:00,74773.51548940958
2025-01-19 04:00:00,53222.53260079613
2025-01-19 05:00:00,31165.481548037093
2025-01-19 06:00:00,8082.739185308984
2025-01-19 07:00:00,-0.0
2025-01-19 08:00:00,-0.0
2025-01-19 09:00:00,-0.0
2025-01-19 10:00:00,-0.0
2025-01-19 11:00:00,64684.630707409364
2025-01-19 12:00:00,129273.61369141156
2025-01-19 13:00:00,193215.34432544795
2025-01-19 14:00:00,257173.0084374525
2025-01-19 15:00:00,306000.0
2025-01-19 16:00:00,304967.36034552066
2025-01-19 17:00:00,279516.80332408624
2025-01-19 18:00:00,252874.4596637761
2025-01-19 19:00:00,226294.32255182567
2025-01-19 20:00:00,200145.49027663248
2025-01-19 21:00:00,195215.16595619125
2025-01-19 22:00:00,170936.06346505255
2025-01-19 23:00:00,147855.13461767434
2025-01-20 00:00:00,124924.96116495092
2025-01-20 01:00:00,102702.62288164589
2025-01-20 02:00:00,80828.92350837508
2025-01-20 03:00:00,80828.92350837508
2025-01-20 04:00:00,58521.056811987706
2025-01-20 05:00:00,34971.94404916299
2025-01-20 06:00:00,9943.860957041443
2025-01-20 07:00:00,-0.0
2025-01-20 08:00:00,-0.0
2025-01-20 09:00:00,-0.0
2025-01-20 10:00:00,8212.494649012318
2025-01-20 11:00:00,72223.50653604825
2025-01-20 12:00:00,136125.36377797296
2025-01-20 13:00:00,200547.39449098814
2025-01-20 14:00:00,260918.02944882028
2025-01-20 15:00:00,306000.0
2025-01-20 16:00:00,302373.87128939596
2025-01-20 17:00:00,275301.08799042477
2025-01-20 18:00:00,247245.486617783
2025-01-20 19:00:00,247245.486617783
2025-01-20 20:00:00,219585.76092548695
2025-01-20 21:00:00,192752.4938675435
2025-01-20 22:00:00,167291.7912498888
2025-01-20 23:00:00,143101.13510767638
2025-01-21 00:00:00,119336.25394308826
2025-01-21 01:00:00,96045.54537954033
2025-01-21 02:00:00,72790.36251362959
2025-01-21 03:00:00,49832.63874769446
2025-01-21 04:00:00,27456.370057846114
2025-01-21 05:00:00,27456.370057846114
2025-01-21 06:00:00,-0.0
2025-01-21 07:00:00,-0.0
2025-01-21 08:00:00,-0.0
2025-01-21 09:00:00,-0.0
2025-01-21 10:00:00,24110.17554958549
2025-01-21 11:00:00,87689.83492479172
2025-01-21 12:00:00,148953.84375485696
2025-01-21 13:00:00,207506.26019365678
2025-01-21 14:00:00,263057.87374698964
2025-01-21 15:00:00,306000.0
2025-01-21 16:00:00,301598.5743760408
2025-01-21 17:00:00,301598.5743760408
2025-01-21 18:00:00,272949.3814486728
2025-01-21 19:00:00,244503.38141108915
2025-01-21 20:00:00,216514.15783503948
2025-01-21 21:00:00,189186.84363727272
2025-01-21 22:00:00,189186.84363727272
2025-01-21 23:00:00,164696.04961597556
2025-01-22 00:00:00,140825.86190261052
2025-01-22 01:00:00,117540.83259262492
2025-01-22 02:00:00,94551.22070547783
2025-01-22 03:00:00,71599.88799861632
2025-01-22 04:00:00,71599.88799861632
2025-01-22 05:00:00,46721.07216671446
2025-01-22 06:00:00,19238.14335291408
2025-01-22 07:00:00,-0.0
2025-01-22 08:00:00,-0.0
2025-01-22 09:00:00,-0.0
2025-01-22 10:00:00,31220.10485157618
2025-01-22 11:00:00,90751.69781423282
2025-01-22 12:00:00,151253.49292436417
2025-01-22 13:00:00,211473.64924795003
2025-01-22 14:00:00,266375.40525126125
2025-01-22 15:00:00,306000.0
2025-01-22 16:00:00,302663.4068539471
2025-01-22 17:00:00,274847.2051690211
2025-01-22 18:00:00,246364.94140352024
2025-01-22 19:00:00,218352.65881921674
2025-01-22 20:00:00,218352.65881921674
2025-01-22 21:00:00,218352.65881921674
2025-01-22 22:00:00,192866.9724709022
2025-01-22 23:00:00,168813.76825523676
2025-01-23 00:00:00,145330.37146119543
2025-01-23 01:00:00,122661.10676854888
2025-01-23 02:00:00,100415.5154153887
2025-01-23 03:00:00,78235.06800449776
2025-01-23 04:00:00,55565.034017186175
2025-01-23 05:00:00,31301.877546211414
2025-01-23 06:00:00,4547.834451376735
2025-01-23 07:00:00,-0.0
2025-01-23 08:00:00,-0.0
2025-01-23 09:00:00,-0.0
2025-01-23 10:00:00,17018.14142998917
2025-01-23 11:00:00,80345.2220264555
2025-01-23 12:00:00,141218.51163855675
2025-01-23 13:00:00,201235.5495310617
2025-01-23 14:00:00,260282.8708233014
2025-01-23 15:00:00,305184.2478649791
2025-01-23 16:00:00,306000.0
2025-01-23 17:00:00,283087.89852009446
2025-01-23 18:00:00,283087.89852009446
2025-01-23 19:00:00,255368.25406757902
2025-01-23 20:00:00,228303.46229274495
2025-01-23 21:00:00,201844.65607724493
2025-01-23 22:00:00,176674.10437567113
2025-01-23 23:00:00,152782.3993666586
2025-01-24 00:00:00,129221.391660576
2025-01-24 01:00:00,106274.10281535714
2025-01-24 02:00:00,83773.15964616118
2025-01-24 03:00:00,61405.3638120766
2025-01-24 04:00:00,38655.18456853856
2025-01-24 05:00:00,38655.18456853856
2025-01-24 06:00:00,11858.316802672452
2025-01-24 07:00:00,-0.0
2025-01-24 08:00:00,-0.0
2025-01-24 09:00:00,-0.0
2025-01-24 10:00:00,21082.549790399105
2025-01-24 11:00:00,85098.31141562719
2025-01-24 12:00:00,147042.43404469718
2025-01-24 13:00:00,207493.6867932561
2025-01-24 14:00:00,265013.1244683241
2025-01-24 15:00:00,306000.0
2025-01-24 16:00:00,306000.0
2025-01-24 17:00:00,306000.0
2025-01-24 18:00:00,278388.3417081037
2025-01-24 19:00:00,278388.3417081037
2025-01-24 20:00:00,278388.3417081037
2025-01-24 21:00:00,267457.9154469379
2025-01-24 22:00:00,242169.89150122422
2025-01-24 23:00:00,242169.89150122422
2025-01-25 00:00:00,218896.84582057348
2025-01-25 01:00:00,196350.3121038377
2025-01-25 02:00:00,196350.3121038377
2025-01-25 03:00:00,174934.76933972526
2025-01-25 04:00:00,153360.11296909084
2025-01-25 05:00:00,153360.11296909084
2025-01-25 06:00:00,129992.28412720519
2025-01-25 07:00:00,129992.28412720519
2025-01-25 08:00:00,130360.57851579832
2025-01-25 09:00:00,150887.00161943352
2025-01-25 10:00:00,178524.0999872619
2025-01-25 11:00:00,205832.86738828954
2025-01-25 12:00:00,234203.81494755123
2025-01-25 13:00:00,260519.19159592577
2025-01-25 14:00:00,287814.9498482151
2025-01-25 15:00:00,306000.0
2025-01-25 16:00:00,294540.2450884733
2025-01-25 17:00:00,294540.2450884733
2025-01-25 18:00:00,294540.2450884733
2025-01-25 19:00:00,268107.86988746625
2025-01-25 20:00:00,242154.66443882452
2025-01-25 21:00:00,216742.5086882799
2025-01-25 22:00:00,216742.5086882799
2025-01-25 23:00:00,193524.11532067595
2025-01-26 00:00:00,170934.7818581415
2025-01-26 01:00:00,148874.04384366702
2025-01-26 02:00:00,127239.22264445672
2025-01-26 03:00:00,105871.31813337664
2025-01-26 04:00:00,105871.31813337664
2025-01-26 05:00:00,84271.61779701748
2025-01-26 06:00:00,62153.845941119514
2025-01-26 07:00:00,62153.845941119514
2025-01-26 08:00:00,63927.52282687985
2025-01-26 09:00:00,77890.88746842784
2025-01-26 10:00:00,104901.64567968356
2025-01-26 11:00:00,132834.4177266916
2025-01-26 12:00:00,153399.20186919038
2025-01-26 13:00:00,175119.2059693521
2025-01-26 14:00:00,189548.1682004449
2025-01-26 15:00:00,193752.96800115827
2025-01-26 16:00:00,193752.96800115827
2025-01-26 17:00:00,193752.96800115827
2025-01-26 18:00:00,166036.2976992428
2025-01-26 19:00:00,138601.85525097468
2025-01-26 20:00:00,138601.85525097468
2025-01-26 21:00:00,138601.85525097468
2025-01-26 22:00:00,138601.85525097468
2025-01-26 23:00:00,114933.19373016819
2025-01-27 00:00:00,91206.2992604803
2025-01-27 01:00:00,91206.2992604803
2025-01-27 02:00:00,68740.33644359812
2025-01-27 03:00:00,46521.743905587966
2025-01-27 04:00:00,46521.743905587966
2025-01-27 05:00:00,46521.743905587966
2025-01-27 06:00:00,19422.848276849396
2025-01-27 07:00:00,-0.0
2025-01-27 08:00:00,10545.203683725456
2025-01-27 09:00:00,48057.17932479977
2025-01-27 10:00:00,95129.57156026067
2025-01-27 11:00:00,144402.35701876908
2025-01-27 12:00:00,190633.16994712013
2025-01-27 13:00:00,232525.88724021096
2025-01-27 14:00:00,272777.99676669866
2025-01-27 15:00:00,306000.0
2025-01-27 16:00:00,304186.90796139155
2025-01-27 17:00:00,276835.08365081466
2025-01-27 18:00:00,247686.756171608
2025-01-27 19:00:00,218911.2447178937
2025-01-27 20:00:00,190454.8125582094
2025-01-27 21:00:00,190454.8125582094
2025-01-27 22:00:00,164139.3253262726
2025-01-27 23:00:00,164139.3253262726
2025-01-28 00:00:00,139663.47001742997
2025-01-28 01:00:00,115929.46451815627
2025-01-28 02:00:00,115198.85043107103
2025-01-28 03:00:00,91704.64962685994
2025-01-28 04:00:00,67987.18668297038
2025-01-28 05:00:00,42205.43958859108
2025-01-28 06:00:00,13989.986232283984
2025-01-28 07:00:00,-0.0
2025-01-28 08:00:00,-0.0
2025-01-28 09:00:00,-0.0
2025-01-28 10:00:00,44411.30794127106
2025-01-28 11:00:00,103800.8812858653
2025-01-28 12:00:00,160725.86935923793
2025-01-28 13:00:00,215569.33408947889
2025-01-28 14:00:00,266771.2829731489
2025-01-28 15:00:00,306000.0
2025-01-28 16:00:00,306000.0
2025-01-28 17:00:00,297861.7247744342
2025-01-28 18:00:00,268206.27972147195
2025-01-28 19:00:00,239132.60816882763
2025-01-28 20:00:00,210847.1152122823
2025-01-28 21:00:00,183229.55738150785
2025-01-28 22:00:00,183229.55738150785
2025-01-28 23:00:00,158471.44322237212
2025-01-29 00:00:00,134083.50493301472
2025-01-29 01:00:00,110357.72920337663
2025-01-29 02:00:00,86883.16211996392
2025-01-29 03:00:00,63824.548670193646
2025-01-29 04:00:00,40504.03990139492
2025-01-29 05:00:00,40504.03990139492
2025-01-29 06:00:00,13229.63764574144
2025-01-29 07:00:00,-0.0
2025-01-29 08:00:00,-0.0
2025-01-29 09:00:00,-0.0
2025-01-29 10:00:00,40012.92624605248
2025-01-29 11:00:00,98671.26487256527
2025-01-29 12:00:00,155478.76690791835
2025-01-29 13:00:00,209796.04075750598
2025-01-29 14:00:00,261128.40886472084
2025-01-29 15:00:00,300757.73557826556
2025-01-29 16:00:00,306000.0
2025-01-29 17:00:00,306000.0
2025-01-29 18:00:00,277056.6212578847
2025-01-29 19:00:00,248356.22518898477
2025-01-29 20:00:00,220137.88134756658
2025-01-29 21:00:00,192392.15441204468
2025-01-29 22:00:00,166034.80747826467
2025-01-29 23:00:00,141170.06032874336
2025-01-30 00:00:00,141170.06032874336
2025-01-30 01:00:00,121232.21652394778
2025-01-30 02:00:00,97936.89444711359
2025-01-30 03:00:00,75023.48163309085
2025-01-30 04:00:00,51879.31789781773
2025-01-30 05:00:00,27141.157784504256
2025-01-30 06:00:00,-0.0
2025-01-30 07:00:00,-0.0
2025-01-30 08:00:00,-0.0
2025-01-30 09:00:00,-0.0
2025-01-30 10:00:00,35606.74426658977
2025-01-30 11:00:00,97904.3081062821
2025-01-30 12:00:00,158845.15652276532
2025-01-30 13:00:00,213682.1450854731
2025-01-30 14:00:00,263011.17871314974
2025-01-30 15:00:00,300667.45428025164
2025-01-30 16:00:00,306000.0
2025-01-30 17:00:00,278530.2009788533
2025-01-30 18:00:00,276651.4469383111
2025-01-30 19:00:00,247227.3926639555
2025-01-30 20:00:00,218239.7207090355
2025-01-30 21:00:00,189840.29020218016
2025-01-30 22:00:00,162784.37104059572
2025-01-30 23:00:00,137312.9721905726
2025-01-31 00:00:00,112432.36675828091
2025-01-31 01:00:00,88573.80122591417
2025-01-31 02:00:00,88573.80122591417
2025-01-31 03:00:00,88573.80122591417
2025-01-31 04:00:00,65057.62494680768
2025-01-31 05:00:00,40077.76215624533
2025-01-31 06:00:00,12651.881884092794
2025-01-31 07:00:00,-0.0
2025-01-31 08:00:00,20631.953338242274
2025-01-31 09:00:00,59935.84735522804
2025-01-31 10:00:00,100539.02956085595
2025-01-31 11:00:00,146320.438842429
2025-01-31 12:00:00,196844.45040955278
2025-01-31 13:00:00,242130.2790635412
2025-01-31 14:00:00,282346.89179399685
2025-01-31 15:00:00,306000.0
2025-01-31 16:00:00,297602.4456241702
2025-01-31 17:00:00,269597.7199320297
2025-01-31 18:00:00,240682.84563270438
2025-01-31 19:00:00,240682.84563270438
2025-01-31 20:00:00,212384.06956784893
2025-01-31 21:00:00,184598.376381126
2025-01-31 22:00:00,184598.376381126
2025-01-31 23:00:00,159646.79274447646
2025-02-01 00:00:00,135340.3475921426
2025-02-01 01:00:00,111960.4158208351
2025-02-01 02:00:00,101019.97783688363
2025-02-01 03:00:00,79047.25865353181
2025-02-01 04:00:00,57228.57740813072
2025-02-01 05:00:00,34923.11193774223
2025-02-01 06:00:00,11454.995036546949
2025-02-01 07:00:00,-0.0
2025-02-01 08:00:00,13271.063673683755
2025-02-01 09:00:00,62977.369051499954
2025-02-01 10:00:00,110868.05023145842
2025-02-01 11:00:00,156762.85160728253
2025-02-01 12:00:00,201115.699296675
2025-02-01 13:00:00,243079.99061898657
2025-02-01 14:00:00,281117.869633711
2025-02-01 15:00:00,306000.0
2025-02-01 16:00:00,302386.4376632099
2025-02-01 17:00:00,277242.5128749839
2025-02-01 18:00:00,273304.9931986581
2025-02-01 19:00:00,247499.2518819216
2025-02-01 20:00:00,222224.71637963937
2025-02-01 21:00:00,197437.10141337707
2025-02-01 22:00:00,173277.6918052408
2025-02-01 23:00:00,150255.46292772022
2025-02-02 00:00:00,127627.20122635635
2025-02-02 01:00:00,105426.19432839518
2025-02-02 02:00:00,83774.30242915961
2025-02-02 03:00:00,62930.476654388665
2025-02-02 04:00:00,42522.88286963002
2025-02-02 05:00:00,21740.172618995788
2025-02-02 06:00:00,433.4814345969601
2025-02-02 07:00:00,-0.0
2025-02-02 08:00:00,4063.0092864698017
2025-02-02 09:00:00,54757.82170943367
2025-02-02 10:00:00,102391.54429175699
2025-02-02 11:00:00,146684.70098422508
2025-02-02 12:00:00,188575.26614885608
2025-02-02 13:00:00,228719.59356926492
2025-02-02 14:00:00,263841.7272111514
2025-02-02 15:00:00,295035.20654402184
2025-02-02 16:00:00,306000.0
2025-02-02 17:00:00,282142.8808037895
2025-02-02 18:00:00,264064.3665770456
2025-02-02 19:00:00,238134.3404528899
2025-02-02 20:00:00,212664.92074596317
2025-02-02 21:00:00,187938.1283557055
2025-02-02 22:00:00,163916.62993275488
2025-02-02 23:00:00,141226.93292825058
2025-02-03 00:00:00,119125.83138036226
2025-02-03 01:00:00,97976.32232583303
2025-02-03 02:00:00,76941.56896714424
2025-02-03 03:00:00,76941.56896714424
2025-02-03 04:00:00,55770.998273771926
2025-02-03 05:00:00,33156.49308106255
2025-02-03 06:00:00,8338.826661668852
2025-02-03 07:00:00,-0.0
2025-02-03 08:00:00,25161.63441129018
2025-02-03 09:00:00,62101.06816361572
2025-02-03 10:00:00,105097.32826655262
2025-02-03 11:00:00,151164.74673513506
2025-02-03 12:00:00,198374.9610803793
2025-02-03 13:00:00,244832.17316495365
2025-02-03 14:00:00,280590.90430156846
2025-02-03 15:00:00,304674.18648454745
2025-02-03 16:00:00,301205.9684542828
2025-02-03 17:00:00,274318.5836607495
2025-02-03 18:00:00,245584.58243486064
2025-02-03 19:00:00,217393.79326009238
2025-02-03 20:00:00,217393.79326009238
2025-02-03 21:00:00,190644.3011798084
2025-02-03 22:00:00,165137.65481097455
2025-02-03 23:00:00,141132.4305342193
2025-02-04 00:00:00,118304.43017789834
2025-02-04 01:00:00,95743.09075904534
2025-02-04 02:00:00,95743.09075904534
2025-02-04 03:00:00,73640.23596981878
2025-02-04 04:00:00,57692.19307295079
2025-02-04 05:00:00,34643.36384348032
2025-02-04 06:00:00,9473.250243801363
2025-02-04 07:00:00,-0.0
2025-02-04 08:00:00,-0.0
2025-02-04 09:00:00,49087.25888770634
2025-02-04 10:00:00,104972.17087954131
2025-02-04 11:00:00,157976.70875293884
2025-02-04 12:00:00,208374.8562091181
2025-02-04 13:00:00,248320.99953419718
2025-02-04 14:00:00,281051.73091515596
2025-02-04 15:00:00,306000.0
2025-02-04 16:00:00,306000.0
2025-02-04 17:00:00,278585.9149516216
2025-02-04 18:00:00,249737.61022615308
2025-02-04 19:00:00,221399.8354258123
2025-02-04 20:00:00,193576.77599782337
2025-02-04 21:00:00,175491.1032673182
2025-02-04 22:00:00,149857.82338775066
2025-02-04 23:00:00,125931.83461294734
2025-02-05 00:00:00,102565.75595998502
2025-02-05 01:00:00,79878.14845468881
2025-02-05 02:00:00,79878.14845468881
2025-02-05 03:00:00,57665.56005948555
2025-02-05 04:00:00,35204.716457846196
2025-02-05 05:00:00,35204.716457846196
2025-02-05 06:00:00,8632.931126027841
2025-02-05 07:00:00,-0.0
2025-02-05 08:00:00,-0.0
2025-02-05 09:00:00,15421.760600388625
2025-02-05 10:00:00,66796.3186751722
2025-02-05 11:00:00,117626.61365173028
2025-02-05 12:00:00,166641.72814289952
2025-02-05 13:00:00,213402.16061726926
2025-02-05 14:00:00,255981.70718746795
2025-02-05 15:00:00,293921.19455903606
2025-02-05 16:00:00,306000.0
2025-02-05 17:00:00,280817.74913843366
2025-02-05 18:00:00,275853.3086404807
2025-02-05 19:00:00,247677.93268564125
2025-02-05 20:00:00,220286.11765184236
2025-02-05 21:00:00,193556.18236034788
2025-02-05 22:00:00,167825.52525074803
2025-02-05 23:00:00,143596.74009235567
2025-02-06 00:00:00,120252.9009059172
2025-02-06 01:00:00,97553.20350581087
2025-02-06 02:00:00,74937.2532258669
2025-02-06 03:00:00,52486.706316504366
2025-02-06 04:00:00,30005.061283783412
2025-02-06 05:00:00,5968.680004742664
2025-02-06 06:00:00,5968.680004742664
2025-02-06 07:00:00,-0.0
2025-02-06 08:00:00,30743.94533270777
2025-02-06 09:00:00,70713.97023794623
2025-02-06 10:00:00,106721.48191490506
2025-02-06 11:00:00,145598.07854263246
2025-02-06 12:00:00,187576.5775608004
2025-02-06 13:00:00,225590.8249847849
2025-02-06 14:00:00,260963.82736974378
2025-02-06 15:00:00,283782.27302009845
2025-02-06 16:00:00,277744.7497501406
2025-02-06 17:00:00,277744.7497501406
2025-02-06 18:00:00,248986.88227282403
2025-02-06 19:00:00,248986.88227282403
2025-02-06 20:00:00,221583.72869098902
2025-02-06 21:00:00,194842.63332214317
2025-02-06 22:00:00,169043.70932685977
2025-02-06 23:00:00,144765.97059431422
2025-02-07 00:00:00,121065.27382311125
2025-02-07 01:00:00,98179.11908462661
2025-02-07 02:00:00,98179.11908462661
2025-02-07 03:00:00,76219.45443593926
2025-02-07 04:00:00,55469.58618905758
2025-02-07 05:00:00,32253.449295681745
2025-02-07 06:00:00,7008.164620691509
2025-02-07 07:00:00,-0.0
2025-02-07 08:00:00,-0.0
2025-02-07 09:00:00,18803.722742346785
2025-02-07 10:00:00,74063.12421992952
2025-02-07 11:00:00,130519.2955965763
2025-02-07 12:00:00,183388.3013763518
2025-02-07 13:00:00,229006.02502844812
2025-02-07 14:00:00,270266.6778539281
2025-02-07 15:00:00,303086.96667681827
2025-02-07 16:00:00,306000.0
2025-02-07 17:00:00,281090.34155842545
2025-02-07 18:00:00,253570.5956306895
2025-02-07 19:00:00,226145.1306336082
2025-02-07 20:00:00,226145.1306336082
2025-02-07 21:00:00,207606.71512126227
2025-02-07 22:00:00,182115.39746373106
2025-02-07 23:00:00,157998.8376033278
2025-02-08 00:00:00,134309.71832697748
2025-02-08 01:00:00,111421.21931406063
2025-02-08 02:00:00,89197.04642588423
2025-02-08 03:00:00,67466.83701842155
2025-02-08 04:00:00,45784.36383556939
2025-02-08 05:00:00,23416.293610652134
2025-02-08 06:00:00,-0.0
2025-02-08 07:00:00,-0.0
2025-02-08 08:00:00,-0.0
2025-02-08 09:00:00,19904.860569651755
2025-02-08 10:00:00,72761.14398325328
2025-02-08 11:00:00,120778.80711248741
2025-02-08 12:00:00,169936.29132292626
2025-02-08 13:00:00,215707.95420693746
2025-02-08 14:00:00,256260.33551233367
2025-02-08 15:00:00,292724.9210501901
2025-02-08 16:00:00,306000.0
2025-02-08 17:00:00,283269.35599068826
2025-02-08 18:00:00,256782.43326354012
2025-02-08 19:00:00,230566.13349510496
2025-02-08 20:00:00,230566.13349510496
2025-02-08 21:00:00,205266.360539977
2025-02-08 22:00:00,180853.36152271507
2025-02-08 23:00:00,160023.10784511155
2025-02-09 00:00:00,137327.2441619991
2025-02-09 01:00:00,115273.41796732102
2025-02-09 02:00:00,93550.00439679701
2025-02-09 03:00:00,71947.92719768014
2025-02-09 04:00:00,50454.152225672384
2025-02-09 05:00:00,28178.054510632028
2025-02-09 06:00:00,5231.114385650324
2025-02-09 07:00:00,-0.0
2025-02-09 08:00:00,-0.0
2025-02-09 09:00:00,-0.0
2025-02-09 10:00:00,37256.12247408387
2025-02-09 11:00:00,93935.35943871939
2025-02-09 12:00:00,152554.1206622727
2025-02-09 13:00:00,207826.8276513027
2025-02-09 14:00:00,259311.29774572595
2025-02-09 15:00:00,296110.57565155544
2025-02-09 16:00:00,306000.0
2025-02-09 17:00:00,284649.0097666476
2025-02-09 18:00:00,259334.86841582131
2025-02-09 19:00:00,234052.9658849275
2025-02-09 20:00:00,208692.99721314956
2025-02-09 21:00:00,183713.12009219895
2025-02-09 22:00:00,162718.97871530548
2025-02-09 23:00:00,162718.97871530548
2025-02-10 00:00:00,139709.7782204131
2025-02-10 01:00:00,117368.78685421802
2025-02-10 02:00:00,95134.15192984852
2025-02-10 03:00:00,72996.54215411318
2025-02-10 04:00:00,50753.408391388904
2025-02-10 05:00:00,27133.269598973
2025-02-10 06:00:00,1664.45676835255
2025-02-10 07:00:00,-0.0
2025-02-10 08:00:00,-0.0
2025-02-10 09:00:00,-0.0
2025-02-10 10:00:00,-0.0
2025-02-10 11:00:00,56788.75035023686
2025-02-10 12:00:00,117597.266315102
2025-02-10 13:00:00,179170.5544909879
2025-02-10 14:00:00,239804.07877073594
2025-02-10 15:00:00,286828.30470077746
2025-02-10 16:00:00,306000.0
2025-02-10 17:00:00,289461.4087998089
2025-02-10 18:00:00,261004.67568510555
2025-02-10 19:00:00,232760.72542366298
2025-02-10 20:00:00,204637.61705986486
2025-02-10 21:00:00,177111.11676449492
2025-02-10 22:00:00,150899.46815520743
2025-02-10 23:00:00,125949.2698744534
2025-02-11 00:00:00,125949.2698744534
2025-02-11 01:00:00,102710.60305982362
2025-02-11 02:00:00,80037.96055288796
2025-02-11 03:00:00,57348.011762565904
2025-02-11 04:00:00,34314.97734854957
2025-02-11 05:00:00,34314.97734854957
2025-02-11 06:00:00,7364.556205775404
2025-02-11 07:00:00,-0.0
2025-02-11 08:00:00,-0.0
2025-02-11 09:00:00,-0.0
2025-02-11 10:00:00,23325.076283961018
2025-02-11 11:00:00,81617.51914977073
2025-02-11 12:00:00,140763.5131962375
2025-02-11 13:00:00,203966.60866405352
2025-02-11 14:00:00,259264.6193455451
2025-02-11 15:00:00,300051.14269293484
2025-02-11 16:00:00,306000.0
2025-02-11 17:00:00,279519.992359206
2025-02-11 18:00:00,249709.19160397426
2025-02-11 19:00:00,249709.19160397426
2025-02-11 20:00:00,249709.19160397426
2025-02-11 21:00:00,249709.19160397426
2025-02-11 22:00:00,249709.19160397426
2025-02-11 23:00:00,237769.8556960245
2025-02-12 00:00:00,212957.44377376186
2025-02-12 01:00:00,212957.44377376186
2025-02-12 02:00:00,212957.44377376186
2025-02-12 03:00:00,188493.79159637922
2025-02-12 04:00:00,164444.7907360466
2025-02-12 05:00:00,139460.59962853332
2025-02-12 06:00:00,139460.59962853332
2025-02-12 07:00:00,126133.2161210294
2025-02-12 08:00:00,140508.71238740216
2025-02-12 09:00:00,168253.06443944096
2025-02-12 10:00:00,201160.7365835901
2025-02-12 11:00:00,239466.8405654592
2025-02-12 12:00:00,272545.6847873245
2025-02-12 13:00:00,296763.44334063074
2025-02-12 14:00:00,306000.0
2025-02-12 15:00:00,303222.5962448985
2025-02-12 16:00:00,303222.5962448985
2025-02-12 17:00:00,303222.5962448985
2025-02-12 18:00:00,303222.5962448985
2025-02-12 19:00:00,303222.5962448985
2025-02-12 20:00:00,303222.5962448985
2025-02-12 21:00:00,303222.5962448985
2025-02-12 22:00:00,303222.5962448985
2025-02-12 23:00:00,277568.22867669864
2025-02-13 00:00:00,252268.60278540142
2025-02-13 01:00:00,252268.60278540142
2025-02-13 02:00:00,252268.60278540142
2025-02-13 03:00:00,252268.60278540142
2025-02-13 04:00:00,247673.16158389213
2025-02-13 05:00:00,247673.16158389213
2025-02-13 06:00:00,221704.28198609507
2025-02-13 07:00:00,198554.51617300475
2025-02-13 08:00:00,198554.51617300475
2025-02-13 09:00:00,182244.23554933962
2025-02-13 10:00:00,182244.23554933962
2025-02-13 11:00:00,182244.23554933962
2025-02-13 12:00:00,182244.23554933962
2025-02-13 13:00:00,184949.1992738106
2025-02-13 14:00:00,186460.1600722827
2025-02-13 15:00:00,186460.1600722827
2025-02-13 16:00:00,186460.1600722827
2025-02-13 17:00:00,186460.1600722827
2025-02-13 18:00:00,186460.1600722827
2025-02-13 19:00:00,157488.48168553365
2025-02-13 20:00:00,157488.48168553365
2025-02-13 21:00:00,157488.48168553365
2025-02-13 22:00:00,157488.48168553365
2025-02-13 23:00:00,157488.48168553365
2025-02-14 00:00:00,157488.48168553365
2025-02-14 01:00:00,157488.48168553365
2025-02-14 02:00:00,157488.48168553365
2025-02-14 03:00:00,135114.08550440706
2025-02-14 04:00:00,112836.7591949534
2025-02-14 05:00:00,112836.7591949534
2025-02-14 06:00:00,112836.7591949534
2025-02-14 07:00:00,112836.7591949534
2025-02-14 08:00:00,112836.7591949534
2025-02-14 09:00:00,112836.7591949534
2025-02-14 10:00:00,105429.73754329399
2025-02-14 11:00:00,104582.20442151559
2025-02-14 12:00:00,105854.27728146005
2025-02-14 13:00:00,113073.23920940937
2025-02-14 14:00:00,118891.9864697049
2025-02-14 15:00:00,118891.9864697049
2025-02-14 16:00:00,118891.9864697049
2025-02-14 17:00:00,93056.68319518
2025-02-14 18:00:00,93056.68319518
2025-02-14 19:00:00,93056.68319518
2025-02-14 20:00:00,93056.68319518
2025-02-14 21:00:00,93056.68319518
2025-02-14 22:00:00,67227.77760534502
2025-02-14 23:00:00,67227.77760534502
2025-02-15 00:00:00,67227.77760534502
2025-02-15 01:00:00,67227.77760534502
2025-02-15 02:00:00,67227.77760534502
2025-02-15 03:00:00,67227.77760534502
2025-02-15 04:00:00,45294.50870332208
2025-02-15 05:00:00,22542.624779198522
2025-02-15 06:00:00,-0.0
2025-02-15 07:00:00,-0.0
2025-02-15 08:00:00,-0.0
2025-02-15 09:00:00,-0.0
2025-02-15 10:00:00,40498.86727636555
2025-02-15 11:00:00,99298.78183642188
2025-02-15 12:00:00,155789.68357754627
2025-02-15 13:00:00,208632.51119910652
2025-02-15 14:00:00,256608.2320360197
2025-02-15 15:00:00,293422.9665447437
2025-02-15 16:00:00,306000.0
2025-02-15 17:00:00,284107.1175839387
2025-02-15 18:00:00,275083.1212284825
2025-02-15 19:00:00,249094.4354345357
2025-02-15 20:00:00,223734.16874971107
2025-02-15 21:00:00,198880.75681186904
2025-02-15 22:00:00,175090.14371013164
2025-02-15 23:00:00,152275.4454631224
2025-02-16 00:00:00,129733.27290042874
2025-02-16 01:00:00,107780.76807948796
2025-02-16 02:00:00,86024.04378655012
2025-02-16 03:00:00,64495.83737038475
2025-02-16 04:00:00,43147.53594395696
2025-02-16 05:00:00,21449.945377854285
2025-02-16 06:00:00,-0.0
2025-02-16 07:00:00,-0.0
2025-02-16 08:00:00,-0.0
2025-02-16 09:00:00,-0.0
2025-02-16 10:00:00,18096.825425318646
2025-02-16 11:00:00,80653.84755835688
2025-02-16 12:00:00,142723.70352840962
2025-02-16 13:00:00,201756.53431499723
2025-02-16 14:00:00,254329.0418673706
2025-02-16 15:00:00,296266.0548986935
2025-02-16 16:00:00,306000.0
2025-02-16 17:00:00,284766.3500297784
2025-02-16 18:00:00,259255.74266404042
2025-02-16 19:00:00,234100.90498107602
2025-02-16 20:00:00,209495.44783750872
2025-02-16 21:00:00,185212.46018573985
2025-02-16 22:00:00,161562.42153837942
2025-02-16 23:00:00,139077.86314588602
2025-02-17 00:00:00,117042.8203365976
2025-02-17 01:00:00,95550.19482089643
2025-02-17 02:00:00,74326.70889005429
2025-02-17 03:00:00,53636.401074647954
2025-02-17 04:00:00,32676.269709563858
2025-02-17 05:00:00,22928.99540308869
2025-02-17 06:00:00,-0.0
2025-02-17 07:00:00,-0.0
2025-02-17 08:00:00,-0.0
2025-02-17 09:00:00,-0.0
2025-02-17 10:00:00,40664.62112469979
2025-02-17 11:00:00,95788.70621680825
2025-02-17 12:00:00,150907.78665388192
2025-02-17 13:00:00,204468.48374526206
2025-02-17 14:00:00,254777.2244768363
2025-02-17 15:00:00,297147.9712209728
2025-02-17 16:00:00,306000.0
2025-02-17 17:00:00,283202.31432164955
2025-02-17 18:00:00,255674.85743906416
2025-02-17 19:00:00,228388.43908196385
2025-02-17 20:00:00,209405.04148585701
2025-02-17 21:00:00,183261.71226211495
2025-02-17 22:00:00,158678.66400257015
2025-02-17 23:00:00,135398.76164592084
2025-02-18 00:00:00,112550.63783100588
2025-02-18 01:00:00,90338.43773820106
2025-02-18 02:00:00,68365.28300591446
2025-02-18 03:00:00,46909.3558152197
2025-02-18 04:00:00,46909.3558152197
2025-02-18 05:00:00,23637.685535614484
2025-02-18 06:00:00,-0.0
2025-02-18 07:00:00,-0.0
2025-02-18 08:00:00,-0.0
2025-02-18 09:00:00,-0.0
2025-02-18 10:00:00,20686.080285296208
2025-02-18 11:00:00,81206.54139038177
2025-02-18 12:00:00,141187.04437677708
2025-02-18 13:00:00,196387.2053541314
2025-02-18 14:00:00,246829.8561951515
2025-02-18 15:00:00,289588.8454513607
2025-02-18 16:00:00,306000.0
2025-02-18 17:00:00,284974.7862988226
2025-02-18 18:00:00,262605.1967137601
2025-02-18 19:00:00,235423.12070273398
2025-02-18 20:00:00,208778.19132962925
2025-02-18 21:00:00,182678.75374821457
2025-02-18 22:00:00,158036.7029267873
2025-02-18 23:00:00,134570.41287957426
2025-02-19 00:00:00,111689.87138737639
2025-02-19 01:00:00,111689.87138737639
2025-02-19 02:00:00,90219.93529716025
2025-02-19 03:00:00,68998.7777218447
2025-02-19 04:00:00,47358.28330269782
2025-02-19 05:00:00,24130.117517252893
2025-02-19 06:00:00,-0.0
2025-02-19 07:00:00,-0.0
2025-02-19 08:00:00,-0.0
2025-02-19 09:00:00,-0.0
2025-02-19 10:00:00,-0.0
2025-02-19 11:00:00,48341.64090780283
2025-02-19 12:00:00,113040.23480113613
2025-02-19 13:00:00,177599.31188355235
2025-02-19 14:00:00,234172.05259604557
2025-02-19 15:00:00,284255.1180488701
2025-02-19 16:00:00,306000.0
2025-02-19 17:00:00,284941.4550117844
2025-02-19 18:00:00,282713.486179788
2025-02-19 19:00:00,255586.81105766553
2025-02-19 20:00:00,229194.88193289787
2025-02-19 21:00:00,203624.15070272886
2025-02-19 22:00:00,179006.8703679838
2025-02-19 23:00:00,155505.63107367416
2025-02-20 00:00:00,133000.228872672
2025-02-20 01:00:00,110956.10790524833
2025-02-20 02:00:00,89152.62467274534
2025-02-20 03:00:00,67901.06532155868
2025-02-20 04:00:00,46434.484593460365
2025-02-20 05:00:00,23364.420149430654
2025-02-20 06:00:00,-0.0
2025-02-20 07:00:00,-0.0
2025-02-20 08:00:00,-0.0
2025-02-20 09:00:00,-0.0
2025-02-20 10:00:00,-0.0
2025-02-20 11:00:00,34100.58371945475
2025-02-20 12:00:00,101109.59634002412
2025-02-20 13:00:00,165202.66550883808
2025-02-20 14:00:00,222716.43685386403
2025-02-20 15:00:00,276503.0592847007
2025-02-20 16:00:00,306000.0
2025-02-20 17:00:00,287163.02588230907
2025-02-20 18:00:00,260138.09915174873
2025-02-20 19:00:00,233360.57379296733
2025-02-20 20:00:00,207144.66410307656
2025-02-20 21:00:00,181238.1324180512
2025-02-20 22:00:00,176067.2072903256
2025-02-20 23:00:00,152833.41433403137
2025-02-21 00:00:00,130171.04383675374
2025-02-21 01:00:00,108329.99818160327
2025-02-21 02:00:00,87062.59703892434
2025-02-21 03:00:00,66045.73469195135
2025-02-21 04:00:00,45039.68746528361
2025-02-21 05:00:00,22431.14332723981
2025-02-21 06:00:00,-0.0
2025-02-21 07:00:00,-0.0
2025-02-21 08:00:00,-0.0
2025-02-21 09:00:00,-0.0
2025-02-21 10:00:00,-0.0
2025-02-21 11:00:00,15682.556806341032
2025-02-21 12:00:00,89826.74047529022
2025-02-21 13:00:00,159929.3169154139
2025-02-21 14:00:00,221325.60213639267
2025-02-21 15:00:00,276994.4561116505
2025-02-21 16:00:00,306000.0
2025-02-21 17:00:00,286512.22064587823
2025-02-21 18:00:00,271627.091398426
2025-02-21 19:00:00,245623.42556948846
2025-02-21 20:00:00,220236.229372937
2025-02-21 21:00:00,195091.34019230146
2025-02-21 22:00:00,170874.95654856134
2025-02-21 23:00:00,147457.89624439954
2025-02-22 00:00:00,124883.8880121394
2025-02-22 01:00:00,103032.5743360171
2025-02-22 02:00:00,81726.38724224606
2025-02-22 03:00:00,60975.29571628163
2025-02-22 04:00:00,40431.19917842708
2025-02-22 05:00:00,19217.13964100662
2025-02-22 06:00:00,-0.0
2025-02-22 07:00:00,-0.0
2025-02-22 08:00:00,-0.0
2025-02-22 09:00:00,-0.0
2025-02-22 10:00:00,33811.75260981862
2025-02-22 11:00:00,89699.18902472866
2025-02-22 12:00:00,142692.76556046677
2025-02-22 13:00:00,193476.0157891385
2025-02-22 14:00:00,239696.99225244788
2025-02-22 15:00:00,279148.34754832555
2025-02-22 16:00:00,300622.42934867565
2025-02-22 17:00:00,283027.76326104737
2025-02-22 18:00:00,257676.763325219
2025-02-22 19:00:00,232717.4594240564
2025-02-22 20:00:00,208304.67387213156
2025-02-22 21:00:00,184356.350574265
2025-02-22 22:00:00,161322.43061604057
2025-02-22 23:00:00,139381.82410512917
2025-02-23 00:00:00,118073.72677429195
2025-02-23 01:00:00,97633.2941295428
2025-02-23 02:00:00,77805.18483779642
2025-02-23 03:00:00,58288.42217205996
2025-02-23 04:00:00,38689.52287214841
2025-02-23 05:00:00,18205.263840779582
2025-02-23 06:00:00,-0.0
2025-02-23 07:00:00,-0.0
2025-02-23 08:00:00,-0.0
2025-02-23 09:00:00,14615.230430474374
2025-02-23 10:00:00,65458.06083329589
2025-02-23 11:00:00,114553.8218170713
2025-02-23 12:00:00,162150.4266089035
2025-02-23 13:00:00,205563.1247884273
2025-02-23 14:00:00,245730.03753171253
2025-02-23 15:00:00,282292.83246815
2025-02-23 16:00:00,306000.0
2025-02-23 17:00:00,289090.9549994325
2025-02-23 18:00:00,263159.7703421791
2025-02-23 19:00:00,237586.95060259494
2025-02-23 20:00:00,212821.61936583798
2025-02-23 21:00:00,188687.18044712848
2025-02-23 22:00:00,165705.3161950616
2025-02-23 23:00:00,144122.76956324594
2025-02-24 00:00:00,123205.0509391501
2025-02-24 01:00:00,103048.75222671959
2025-02-24 02:00:00,82950.5543874816
2025-02-24 03:00:00,62963.4979588879
2025-02-24 04:00:00,42662.033312490705
2025-02-24 05:00:00,20823.860612946803
2025-02-24 06:00:00,-0.0
2025-02-24 07:00:00,-0.0
2025-02-24 08:00:00,-0.0
2025-02-24 09:00:00,-0.0
2025-02-24 10:00:00,40667.771119629935
2025-02-24 11:00:00,95414.67829388766
2025-02-24 12:00:00,147628.7184633611
2025-02-24 13:00:00,196504.2169590941
2025-02-24 14:00:00,243643.65452779343
2025-02-24 15:00:00,284301.8710343046
2025-02-24 16:00:00,306000.0
2025-02-24 17:00:00,285640.0701581911
2025-02-24 18:00:00,258005.26262706658
2025-02-24 19:00:00,230773.60160058097
2025-02-24 20:00:00,204295.6728791432
2025-02-24 21:00:00,178386.40305484066
2025-02-24 22:00:00,153977.64763078658
2025-02-24 23:00:00,130959.75119804335
2025-02-25 00:00:00,108668.92399000083
2025-02-25 01:00:00,87184.97746866682
2025-02-25 02:00:00,66137.24250903144
2025-02-25 03:00:00,45267.09919283102
2025-02-25 04:00:00,44308.48592978854
2025-02-25 05:00:00,21514.87625474121
2025-02-25 06:00:00,-0.0
2025-02-25 07:00:00,-0.0
2025-02-25 08:00:00,-0.0
2025-02-25 09:00:00,-0.0
2025-02-25 10:00:00,20469.198316883863
2025-02-25 11:00:00,77393.15146300555
2025-02-25 12:00:00,133194.69182953303
2025-02-25 13:00:00,184107.04128789852
2025-02-25 14:00:00,232615.81951850108
2025-02-25 15:00:00,277661.4707303795
2025-02-25 16:00:00,306000.0
2025-02-25 17:00:00,289087.368567976
2025-02-25 18:00:00,262075.88081710946
2025-02-25 19:00:00,235275.76545485266
2025-02-25 20:00:00,209182.10622751174
2025-02-25 21:00:00,183729.63579758088
2025-02-25 22:00:00,173548.0180899945
2025-02-25 23:00:00,150921.96084190212
2025-02-26 00:00:00,128600.1979010809
2025-02-26 01:00:00,107042.37637093836
2025-02-26 02:00:00,85903.95066215971
2025-02-26 03:00:00,65007.72589596333
2025-02-26 04:00:00,43809.813015737614
2025-02-26 05:00:00,21149.792360609295
2025-02-26 06:00:00,-0.0
2025-02-26 07:00:00,-0.0
2025-02-26 08:00:00,-0.0
2025-02-26 09:00:00,-0.0
2025-02-26 10:00:00,-0.0
2025-02-26 11:00:00,14238.090339463655
2025-02-26 12:00:00,79822.93144725006
2025-02-26 13:00:00,144388.99442945764
2025-02-26 14:00:00,207125.0090712511
2025-02-26 15:00:00,269436.26695406006
2025-02-26 16:00:00,306000.0
2025-02-26 17:00:00,289378.25312384614
2025-02-26 18:00:00,261651.1299595397
2025-02-26 19:00:00,234291.88512690013
2025-02-26 20:00:00,207835.32597530898
2025-02-26 21:00:00,182155.60177012664
2025-02-26 22:00:00,157988.00235405765
2025-02-26 23:00:00,135368.93247889957
2025-02-27 00:00:00,113349.0014008174
2025-02-27 01:00:00,92068.81214747496
2025-02-27 02:00:00,84004.60609450392
2025-02-27 03:00:00,63435.8634318066
2025-02-27 04:00:00,42365.32956230904
2025-02-27 05:00:00,19936.453906202638
2025-02-27 06:00:00,-0.0
2025-02-27 07:00:00,-0.0
2025-02-27 08:00:00,-0.0
2025-02-27 09:00:00,-0.0
2025-02-27 10:00:00,22614.40142175462
2025-02-27 11:00:00,86188.328358992
2025-02-27 12:00:00,147342.73692422154
2025-02-27 13:00:00,200412.3537937052
2025-02-27 14:00:00,250058.83841872372
2025-02-27 15:00:00,291316.173613819
2025-02-27 16:00:00,306000.0
2025-02-27 17:00:00,287334.5952908932
2025-02-27 18:00:00,259593.43634029198
2025-02-27 19:00:00,232430.98810498224
2025-02-27 20:00:00,206244.8827639802
2025-02-27 21:00:00,180877.484517955
2025-02-27 22:00:00,156924.16486881953
2025-02-27 23:00:00,134394.823748426
2025-02-28 00:00:00,126035.73161794485
2025-02-28 01:00:00,104763.58890027527
2025-02-28 02:00:00,83943.38280769547
2025-02-28 03:00:00,63560.350993246495
2025-02-28 04:00:00,42892.29952202098
2025-02-28 05:00:00,20820.36714687647
2025-02-28 06:00:00,-0.0
2025-02-28 07:00:00,-0.0
2025-02-28 08:00:00,-0.0
2025-02-28 09:00:00,-0.0
2025-02-28 10:00:00,17617.25602779418
2025-02-28 11:00:00,74946.71276861607
2025-02-28 12:00:00,137705.63346540526
2025-02-28 13:00:00,199169.013665743
2025-02-28 14:00:00,255199.28245087166
2025-02-28 15:00:00,297568.970215615
2025-02-28 16:00:00,306000.0
2025-02-28 17:00:00,284575.95458014857
2025-02-28 18:00:00,258360.5999342868
2025-02-28 19:00:00,232566.89629021034
2025-02-28 20:00:00,211926.19233349914
2025-02-28 21:00:00,187471.34231698216
2025-02-28 22:00:00,164030.55497130263
2025-02-28 23:00:00,141770.28611193082
2025-03-01 00:00:00,119950.27749099504
2025-03-01 01:00:00,99063.00961485614
2025-03-01 02:00:00,78767.89357817135
2025-03-01 03:00:00,58926.30919834628
2025-03-01 04:00:00,39021.922166548284
2025-03-01 05:00:00,18579.19849696033
2025-03-01 06:00:00,-0.0
2025-03-01 07:00:00,-0.0
2025-03-01 08:00:00,-0.0
2025-03-01 09:00:00,-0.0
2025-03-01 10:00:00,-0.0
2025-03-01 11:00:00,29049.725304415064
2025-03-01 12:00:00,92328.31209766105
2025-03-01 13:00:00,155734.4762551482
2025-03-01 14:00:00,216662.34893577802
2025-03-01 15:00:00,272831.1847980044
2025-03-01 16:00:00,298043.48854331113
2025-03-01 17:00:00,279952.06528850354
2025-03-01 18:00:00,254937.43995066354
2025-03-01 19:00:00,230222.0374425954
2025-03-01 20:00:00,206005.37549206876
2025-03-01 21:00:00,182405.8483179244
2025-03-01 22:00:00,159723.81382209389
2025-03-01 23:00:00,137997.82257047755
2025-03-02 00:00:00,116546.42421781423
2025-03-02 01:00:00,96009.85232386841
2025-03-02 02:00:00,75852.86720744899
2025-03-02 03:00:00,56099.931703568946
2025-03-02 04:00:00,36394.41571481313
2025-03-02 05:00:00,16378.46306863413
2025-03-02 06:00:00,-0.0
2025-03-02 07:00:00,-0.0
2025-03-02 08:00:00,-0.0
2025-03-02 09:00:00,12865.111172630168
2025-03-02 10:00:00,66916.88091587074
2025-03-02 11:00:00,116986.14096283246
2025-03-02 12:00:00,163459.87925405454
2025-03-02 13:00:00,208190.52145160025
2025-03-02 14:00:00,249110.84882625757
2025-03-02 15:00:00,282258.997072639
2025-03-02 16:00:00,306000.0
2025-03-02 17:00:00,289925.24085863243
2025-03-02 18:00:00,264540.92852346424
2025-03-02 19:00:00,239055.29631479338
2025-03-02 20:00:00,213998.08841216803
2025-03-02 21:00:00,189447.9623755232
2025-03-02 22:00:00,170633.81697647343
2025-03-02 23:00:00,148597.30128682245
2025-03-03 00:00:00,126912.00803429532
2025-03-03 01:00:00,105787.812309356
2025-03-03 02:00:00,85167.13434211475
2025-03-03 03:00:00,64425.73822242436
2025-03-03 04:00:00,43066.12807366317
2025-03-03 05:00:00,19860.452284662617
2025-03-03 06:00:00,-0.0
2025-03-03 07:00:00,-0.0
2025-03-03 08:00:00,-0.0
2025-03-03 09:00:00,-0.0
2025-03-03 10:00:00,-0.0
2025-03-03 11:00:00,18346.25651599953
2025-03-03 12:00:00,85583.81298602765
2025-03-03 13:00:00,154335.5615318932
2025-03-03 14:00:00,213694.5783294029
2025-03-03 15:00:00,270000.6804111191
2025-03-03 16:00:00,306000.0
2025-03-03 17:00:00,290417.31078314513
2025-03-03 18:00:00,262904.6271014264
2025-03-03 19:00:00,235316.1151166751
2025-03-03 20:00:00,208224.23428055702
2025-03-03 21:00:00,181720.87716584041
2025-03-03 22:00:00,156731.19403373823
2025-03-03 23:00:00,133155.18050323642
2025-03-04 00:00:00,109974.17637763302
2025-03-04 01:00:00,109869.49199745299
2025-03-04 02:00:00,87768.73060839393
2025-03-04 03:00:00,65784.58311590852
2025-03-04 04:00:00,43624.37315627182
2025-03-04 05:00:00,19993.557124127106
2025-03-04 06:00:00,-0.0
2025-03-04 07:00:00,-0.0
2025-03-04 08:00:00,-0.0
2025-03-04 09:00:00,-0.0
2025-03-04 10:00:00,-0.0
2025-03-04 11:00:00,47699.1651491357
2025-03-04 12:00:00,109976.7288995336
2025-03-04 13:00:00,168074.7767131578
2025-03-04 14:00:00,222287.6853347006
2025-03-04 15:00:00,270760.7301194542
2025-03-04 16:00:00,306000.0
2025-03-04 17:00:00,290303.10419445345
2025-03-04 18:00:00,290303.10419445345
2025-03-04 19:00:00,290303.10419445345
2025-03-04 20:00:00,263683.6480999968
2025-03-04 21:00:00,238006.5678751661
2025-03-04 22:00:00,238006.5678751661
2025-03-04 23:00:00,215323.62276248194
2025-03-05 00:00:00,192884.73752465358
2025-03-05 01:00:00,192884.73752465358
2025-03-05 02:00:00,192884.73752465358
2025-03-05 03:00:00,192884.73752465358
2025-03-05 04:00:00,171018.52386659954
2025-03-05 05:00:00,171018.52386659954
2025-03-05 06:00:00,164027.2711666998
2025-03-05 07:00:00,158166.93314353251
2025-03-05 08:00:00,165705.73408098076
2025-03-05 09:00:00,177719.86774433753
2025-03-05 10:00:00,194241.65937425193
2025-03-05 11:00:00,214199.1642642364
2025-03-05 12:00:00,231684.2154254247
2025-03-05 13:00:00,242173.70757801243
2025-03-05 14:00:00,248103.7177893144
2025-03-05 15:00:00,252421.16153839586
2025-03-05 16:00:00,241778.80472557258
2025-03-05 17:00:00,216275.0440381784
2025-03-05 18:00:00,216275.0440381784
2025-03-05 19:00:00,187789.79862747958
2025-03-05 20:00:00,187789.79862747958
2025-03-05 21:00:00,161079.33290296257
2025-03-05 22:00:00,161079.33290296257
2025-03-05 23:00:00,136557.7509769347
2025-03-06 00:00:00,112777.64354028119
2025-03-06 01:00:00,89666.65047119843
2025-03-06 02:00:00,66648.14854871888
2025-03-06 03:00:00,66648.14854871888
2025-03-06 04:00:00,44108.60688719651
2025-03-06 05:00:00,20167.438275212953
2025-03-06 06:00:00,-0.0
2025-03-06 07:00:00,-0.0
2025-03-06 08:00:00,-0.0
2025-03-06 09:00:00,-0.0
2025-03-06 10:00:00,60037.05773509343
2025-03-06 11:00:00,117950.09960083514
2025-03-06 12:00:00,172396.6885536965
2025-03-06 13:00:00,219766.0184296167
2025-03-06 14:00:00,261017.08646260694
2025-03-06 15:00:00,293313.4990021569
2025-03-06 16:00:00,306000.0
2025-03-06 17:00:00,286437.53325954214
2025-03-06 18:00:00,286437.53325954214
2025-03-06 19:00:00,258649.73544332676
2025-03-06 20:00:00,231307.50934714038
2025-03-06 21:00:00,204641.70290662607
2025-03-06 22:00:00,184736.4296328451
2025-03-06 23:00:00,160427.36080336277
2025-03-07 00:00:00,136808.33184918505
2025-03-07 01:00:00,113788.34979945673
2025-03-07 02:00:00,91357.25037383269
2025-03-07 03:00:00,69348.3690665451
2025-03-07 04:00:00,46809.90366619662
2025-03-07 05:00:00,22555.183918010636
2025-03-07 06:00:00,-0.0
2025-03-07 07:00:00,-0.0
2025-03-07 08:00:00,-0.0
2025-03-07 09:00:00,-0.0
2025-03-07 10:00:00,-0.0
2025-03-07 11:00:00,-0.0
2025-03-07 12:00:00,58743.01883854203
2025-03-07 13:00:00,129948.01877117896
2025-03-07 14:00:00,200872.13867673356
2025-03-07 15:00:00,265609.6634820779
2025-03-07 16:00:00,306000.0
2025-03-07 17:00:00,294801.6903637861
2025-03-07 18:00:00,268037.45408766187
2025-03-07 19:00:00,241318.24036366277
2025-03-07 20:00:00,215181.1062252691
2025-03-07 21:00:00,189293.07943965122
2025-03-07 22:00:00,170874.34309574208
2025-03-07 23:00:00,147244.34664269368
2025-03-08 00:00:00,123961.74352172684
2025-03-08 01:00:00,101346.74043894079
2025-03-08 02:00:00,79499.33856774603
2025-03-08 03:00:00,57882.99650170486
2025-03-08 04:00:00,36240.80133689995
2025-03-08 05:00:00,13811.514279010784
2025-03-08 06:00:00,-0.0
2025-03-08 07:00:00,-0.0
2025-03-08 08:00:00,-0.0
2025-03-08 09:00:00,-0.0
2025-03-08 10:00:00,-0.0
2025-03-08 11:00:00,16973.577014389724
2025-03-08 12:00:00,73426.41970364988
2025-03-08 13:00:00,126283.03554231349
2025-03-08 14:00:00,177299.5940423645
2025-03-08 15:00:00,229765.6489405771
2025-03-08 16:00:00,272418.5336084189
2025-03-08 17:00:00,264470.8017357524
2025-03-08 18:00:00,239582.9741406773
2025-03-08 19:00:00,214525.94102985688
2025-03-08 20:00:00,189796.1242952201
2025-03-08 21:00:00,165518.88540598474
2025-03-08 22:00:00,142159.99731810775
2025-03-08 23:00:00,119810.6844667382
2025-03-09 00:00:00,97610.30173387114
2025-03-09 03:00:00,76411.93910186758
2025-03-09 04:00:00,55391.03297652537
2025-03-09 05:00:00,34034.13452407556
2025-03-09 06:00:00,12121.561024870764
2025-03-09 07:00:00,-0.0
2025-03-09 08:00:00,-0.0
2025-03-09 09:00:00,-0.0
2025-03-09 10:00:00,-0.0
2025-03-09 11:00:00,28045.633399546095
2025-03-09 12:00:00,80741.1317382108
2025-03-09 13:00:00,131327.52302420404
2025-03-09 14:00:00,177901.6310653479
2025-03-09 15:00:00,221864.51221538783
2025-03-09 16:00:00,262870.96405484475
2025-03-09 17:00:00,301139.97735679726
2025-03-09 18:00:00,293497.12236164865
2025-03-09 19:00:00,268458.311653876
2025-03-09 20:00:00,243406.68892072808
2025-03-09 21:00:00,218686.66523295856
2025-03-09 22:00:00,195067.1142794992
2025-03-09 23:00:00,172624.89359136144
2025-03-10 00:00:00,150368.6862106811
2025-03-10 01:00:00,128678.2301055876
2025-03-10 02:00:00,107312.5496960642
2025-03-10 03:00:00,86152.2820184824
2025-03-10 04:00:00,64613.30977137956
2025-03-10 05:00:00,41463.65194549611
2025-03-10 06:00:00,16121.221410032147
2025-03-10 07:00:00,-0.0
2025-03-10 08:00:00,-0.0
2025-03-10 09:00:00,-0.0
2025-03-10 10:00:00,-0.0
2025-03-10 11:00:00,42885.79582425482
2025-03-10 12:00:00,98737.76051818082
2025-03-10 13:00:00,149974.61968269193
2025-03-10 14:00:00,196350.7975721564
2025-03-10 15:00:00,240960.9886594583
2025-03-10 16:00:00,280265.0085380616
2025-03-10 17:00:00,306000.0
2025-03-10 18:00:00,290682.92904424213
2025-03-10 19:00:00,264382.22485551104
2025-03-10 20:00:00,238082.5859084021
2025-03-10 21:00:00,212477.16820059877
2025-03-10 22:00:00,188184.56088437626
2025-03-10 23:00:00,165420.91189068425
2025-03-11 00:00:00,142624.73418054555
2025-03-11 01:00:00,120866.26076648013
2025-03-11 02:00:00,99360.74913269814
2025-03-11 03:00:00,78095.7485403448
2025-03-11 04:00:00,56760.357143033325
2025-03-11 05:00:00,34334.45549522422
2025-03-11 06:00:00,9459.7602312801
2025-03-11 07:00:00,-0.0
2025-03-11 08:00:00,2791.7604987715404
2025-03-11 09:00:00,22511.078870646583
2025-03-11 10:00:00,49454.723368567196
2025-03-11 11:00:00,87872.85207022922
2025-03-11 12:00:00,125988.43022811905
2025-03-11 13:00:00,168428.6615474726
2025-03-11 14:00:00,206949.84525364696
2025-03-11 15:00:00,243836.48753434548
2025-03-11 16:00:00,279137.4620300064
2025-03-11 17:00:00,294226.29679206415
2025-03-11 18:00:00,279561.8257852884
2025-03-11 19:00:00,253110.31985369377
2025-03-11 20:00:00,226382.97568341493
2025-03-11 21:00:00,200254.87157539872
2025-03-11 22:00:00,175577.42536958025
2025-03-11 23:00:00,152209.13098350202
2025-03-12 00:00:00,129322.883511225
2025-03-12 01:00:00,106980.83600332061
2025-03-12 02:00:00,84818.94321654519
2025-03-12 03:00:00,63012.89685891395
2025-03-12 04:00:00,41418.738873738694
2025-03-12 05:00:00,18965.237572753642
2025-03-12 06:00:00,16615.80210985027
2025-03-12 07:00:00,-0.0
2025-03-12 08:00:00,15892.6838557331
2025-03-12 09:00:00,59754.0834765008
2025-03-12 10:00:00,106696.50854850616
2025-03-12 11:00:00,151511.58954499982
2025-03-12 12:00:00,194659.1374751642
2025-03-12 13:00:00,227949.20922324582
2025-03-12 14:00:00,256544.87229285092
2025-03-12 15:00:00,282105.9433987875
2025-03-12 16:00:00,301725.0171026708
2025-03-12 17:00:00,306000.0
2025-03-12 18:00:00,285353.1350148347
2025-03-12 19:00:00,257677.73245432499
2025-03-12 20:00:00,230312.4677539258
2025-03-12 21:00:00,203880.9989228336
2025-03-12 22:00:00,178702.6179330081
2025-03-12 23:00:00,155046.5762580707
2025-03-13 00:00:00,131606.24861269473
2025-03-13 01:00:00,108346.20701678477
2025-03-13 02:00:00,95294.50307279857
2025-03-13 03:00:00,72596.81957794963
2025-03-13 04:00:00,50509.425911318234
2025-03-13 05:00:00,50509.425911318234
2025-03-13 06:00:00,25159.83578000816
2025-03-13 07:00:00,2232.858869262685
2025-03-13 08:00:00,-0.0
2025-03-13 09:00:00,11140.568886844412
2025-03-13 10:00:00,36938.822578588384
2025-03-13 11:00:00,71563.98788393801
2025-03-13 12:00:00,108485.00034389817
2025-03-13 13:00:00,150037.02557234137
2025-03-13 14:00:00,191187.37726981344
2025-03-13 15:00:00,239747.27019116707
2025-03-13 16:00:00,280591.48368180764
2025-03-13 17:00:00,306000.0
2025-03-13 18:00:00,293322.0642640466
2025-03-13 19:00:00,265383.7425625804
2025-03-13 20:00:00,237500.87445437477
2025-03-13 21:00:00,210092.92333050506
2025-03-13 22:00:00,184168.42168433982
2025-03-13 23:00:00,160004.21821506004
2025-03-14 00:00:00,160004.21821506004
2025-03-14 01:00:00,136789.06362104788
2025-03-14 02:00:00,113867.48329631222
2025-03-14 03:00:00,91329.11703969292
2025-03-14 04:00:00,68726.04206297058
2025-03-14 05:00:00,68726.04206297058
2025-03-14 06:00:00,42672.74474363277
2025-03-14 07:00:00,17700.235272236598
2025-03-14 08:00:00,11627.113614004204
2025-03-14 09:00:00,9626.396404441251
2025-03-14 10:00:00,19800.85165250033
2025-03-14 11:00:00,46270.737806884266
2025-03-14 12:00:00,74392.60346962587
2025-03-14 13:00:00,117049.65289449866
2025-03-14 14:00:00,155210.52528884078
2025-03-14 15:00:00,188102.0329819781
2025-03-14 16:00:00,215681.03787458985
2025-03-14 17:00:00,225048.17191904777
2025-03-14 18:00:00,207090.4347588129
2025-03-14 19:00:00,179264.53228313808
2025-03-14 20:00:00,151721.46767169732
2025-03-14 21:00:00,124777.0443404046
2025-03-14 22:00:00,124777.0443404046
2025-03-14 23:00:00,100146.67473864544
2025-03-15 00:00:00,75959.26251777781
2025-03-15 01:00:00,75959.26251777781
2025-03-15 02:00:00,53381.33317400696
2025-03-15 03:00:00,31269.11684416595
2025-03-15 04:00:00,31269.11684416595
2025-03-15 05:00:00,8752.031415449488
2025-03-15 06:00:00,8752.031415449488
2025-03-15 07:00:00,-0.0
2025-03-15 08:00:00,-0.0
2025-03-15 09:00:00,-0.0
2025-03-15 10:00:00,13736.625856545237
2025-03-15 11:00:00,61918.40684290898
2025-03-15 12:00:00,110608.41910737497
2025-03-15 13:00:00,156573.63608786924
2025-03-15 14:00:00,197775.4290288747
2025-03-15 15:00:00,230183.67881601964
2025-03-15 16:00:00,255512.73015967244
2025-03-15 17:00:00,282210.3430275359
2025-03-15 18:00:00,277793.3943972398
2025-03-15 19:00:00,253242.60923575275
2025-03-15 20:00:00,228485.5502201007
2025-03-15 21:00:00,203888.57226871117
2025-03-15 22:00:00,180147.17741936207
2025-03-15 23:00:00,157195.50201014598
2025-03-16 00:00:00,134633.94265521335
2025-03-16 01:00:00,112724.43378780494
2025-03-16 02:00:00,91545.53234483869
2025-03-16 03:00:00,70628.25741043441
2025-03-16 04:00:00,49974.87754250222
2025-03-16 05:00:00,28902.158002608376
2025-03-16 06:00:00,6971.976728867221
2025-03-16 07:00:00,-0.0
2025-03-16 08:00:00,-0.0
2025-03-16 09:00:00,-0.0
2025-03-16 10:00:00,17375.8692343379
2025-03-16 11:00:00,71338.98866173023
2025-03-16 12:00:00,124085.27454453605
2025-03-16 13:00:00,168706.9454340143
2025-03-16 14:00:00,210092.88038047333
2025-03-16 15:00:00,249534.21845179552
2025-03-16 16:00:00,283093.05353239225
2025-03-16 17:00:00,306000.0
2025-03-16 18:00:00,293642.6890309408
2025-03-16 19:00:00,268556.88320320327
2025-03-16 20:00:00,243582.4868692304
2025-03-16 21:00:00,219058.4529563226
2025-03-16 22:00:00,195757.56349887705
2025-03-16 23:00:00,173729.5565001839
2025-03-17 00:00:00,151755.34019971945
2025-03-17 01:00:00,130370.88755499733
2025-03-17 02:00:00,109539.96157668415
2025-03-17 03:00:00,88281.78721075779
2025-03-17 04:00:00,67053.14296521773
2025-03-17 05:00:00,44608.6795866011
2025-03-17 06:00:00,20097.22484529318
2025-03-17 07:00:00,-0.0
2025-03-17 08:00:00,-0.0
2025-03-17 09:00:00,373.76447711754736
2025-03-17 10:00:00,38858.45747772669
2025-03-17 11:00:00,84685.03434931001
2025-03-17 12:00:00,124894.4599860184
2025-03-17 13:00:00,167442.48671503866
2025-03-17 14:00:00,212827.02247905525
2025-03-17 15:00:00,252788.49651315677
2025-03-17 16:00:00,285346.5239997412
2025-03-17 17:00:00,306000.0
2025-03-17 18:00:00,295460.9160353549
2025-03-17 19:00:00,268117.40457440313
2025-03-17 20:00:00,240918.21323307304
2025-03-17 21:00:00,214422.0864290555
2025-03-17 22:00:00,197103.81559541353
2025-03-17 23:00:00,173227.3551164035
2025-03-18 00:00:00,149964.4547097549
2025-03-18 01:00:00,127261.12433674229
2025-03-18 02:00:00,105095.9930456037
2025-03-18 03:00:00,83188.72839289198
2025-03-18 04:00:00,61063.782699073745
2025-03-18 05:00:00,37400.28236747555
2025-03-18 06:00:00,11327.200387846287
2025-03-18 07:00:00,-0.0
2025-03-18 08:00:00,-0.0
2025-03-18 09:00:00,-0.0
2025-03-18 10:00:00,30390.53354628534
2025-03-18 11:00:00,76195.285754565
2025-03-18 12:00:00,121953.85899866853
2025-03-18 13:00:00,164986.18686899822
2025-03-18 14:00:00,203330.59006608656
2025-03-18 15:00:00,238839.8164306302
2025-03-18 16:00:00,268288.72245564905
2025-03-18 17:00:00,299368.72698422
2025-03-18 18:00:00,295722.4161378241
2025-03-18 19:00:00,269789.81795861066
2025-03-18 20:00:00,243587.10428144332
2025-03-18 21:00:00,217733.90597343014
2025-03-18 22:00:00,193201.76966321465
2025-03-18 23:00:00,170110.60405924986
2025-03-19 00:00:00,147217.58577419136
2025-03-19 01:00:00,125058.6408552721
2025-03-19 02:00:00,103570.74532270568
2025-03-19 03:00:00,81952.79286360378
2025-03-19 04:00:00,59717.34221917091
2025-03-19 05:00:00,35738.54260738651
2025-03-19 06:00:00,9508.998135421982
2025-03-19 07:00:00,-0.0
2025-03-19 08:00:00,-0.0
2025-03-19 09:00:00,-0.0
2025-03-19 10:00:00,2866.5900751291265
2025-03-19 11:00:00,57492.17364822466
2025-03-19 12:00:00,108393.11459124376
2025-03-19 13:00:00,160230.25418908897
2025-03-19 14:00:00,208894.30563538158
2025-03-19 15:00:00,250173.03514475873
2025-03-19 16:00:00,281007.2535300824
2025-03-19 17:00:00,306000.0
2025-03-19 18:00:00,294873.2238316129
2025-03-19 19:00:00,268217.4229253062
2025-03-19 20:00:00,241683.3513940293
2025-03-19 21:00:00,215600.6988019074
2025-03-19 22:00:00,191060.7185958256
2025-03-19 23:00:00,168111.51351012528
2025-03-20 00:00:00,145232.1956317533
2025-03-20 01:00:00,123027.34782396746
2025-03-20 02:00:00,101242.93387205282
2025-03-20 03:00:00,79277.8426874387
2025-03-20 04:00:00,57372.681634531145
2025-03-20 05:00:00,34288.144541907095
2025-03-20 06:00:00,8968.763454320822
2025-03-20 07:00:00,-0.0
2025-03-20 08:00:00,-0.0
2025-03-20 09:00:00,-0.0
2025-03-20 10:00:00,4492.948942507443
2025-03-20 11:00:00,54608.89962108613
2025-03-20 12:00:00,103016.21745119881
2025-03-20 13:00:00,150114.07104788822
2025-03-20 14:00:00,190862.5151715633
2025-03-20 15:00:00,230288.82274501765
2025-03-20 16:00:00,265170.790833753
2025-03-20 17:00:00,296774.43213544384
2025-03-20 18:00:00,291663.4264589934
2025-03-20 19:00:00,265281.28389550606
2025-03-20 20:00:00,238833.96612511988
2025-03-20 21:00:00,213130.6308086288
2025-03-20 22:00:00,188694.50692318188
2025-03-20 23:00:00,165781.70403915667
2025-03-21 00:00:00,143196.62575663766
2025-03-21 01:00:00,121141.69334799712
2025-03-21 02:00:00,99419.44355433482
2025-03-21 03:00:00,78035.16729130827
2025-03-21 04:00:00,56442.079258348065
2025-03-21 05:00:00,33440.659882340864
2025-03-21 06:00:00,8356.54735437377
2025-03-21 07:00:00,-0.0
2025-03-21 08:00:00,-0.0
2025-03-21 09:00:00,-0.0
2025-03-21 10:00:00,-0.0
2025-03-21 11:00:00,-0.0
2025-03-21 12:00:00,36115.69511304907
2025-03-21 13:00:00,89474.19116400971
2025-03-21 14:00:00,142115.1991445184
2025-03-21 15:00:00,192630.28891259563
2025-03-21 16:00:00,241137.143128543
2025-03-21 17:00:00,281184.70435005176
2025-03-21 18:00:00,276952.27982118144
2025-03-21 19:00:00,251394.26056200685
2025-03-21 20:00:00,225902.67570571657
2025-03-21 21:00:00,200861.24842453861
2025-03-21 22:00:00,176616.68675125478
2025-03-21 23:00:00,153473.6951732257
2025-03-22 00:00:00,131127.85647598826
2025-03-22 01:00:00,109433.5599670345
2025-03-22 02:00:00,88306.07437707233
2025-03-22 03:00:00,67653.16466920401
2025-03-22 04:00:00,46981.79814963046
2025-03-22 05:00:00,25727.629773909386
2025-03-22 06:00:00,4066.8303837984495
2025-03-22 07:00:00,-0.0
2025-03-22 08:00:00,-0.0
2025-03-22 09:00:00,-0.0
2025-03-22 10:00:00,-0.0
2025-03-22 11:00:00,20866.45238311652
2025-03-22 12:00:00,68217.67654951068
2025-03-22 13:00:00,115859.08885669394
2025-03-22 14:00:00,159785.30253536918
2025-03-22 15:00:00,203365.74579487814
2025-03-22 16:00:00,245135.51883774495
2025-03-22 17:00:00,269309.97239633143
2025-03-22 18:00:00,260029.24842323584
2025-03-22 19:00:00,235827.62837623828
2025-03-22 20:00:00,211304.44234586586
2025-03-22 21:00:00,187201.2881246534
2025-03-22 22:00:00,163921.4624416423
2025-03-22 23:00:00,141869.8192452359
2025-03-23 00:00:00,120543.9357669725
2025-03-23 01:00:00,99898.04023761208
2025-03-23 02:00:00,79787.1143604453
2025-03-23 03:00:00,60165.32890870138
2025-03-23 04:00:00,40632.24325189739
2025-03-23 05:00:00,20929.68341932748
2025-03-23 06:00:00,527.1374069419516
2025-03-23 07:00:00,-0.0
2025-03-23 08:00:00,-0.0
2025-03-23 09:00:00,-0.0
2025-03-23 10:00:00,-0.0
2025-03-23 11:00:00,-0.0
2025-03-23 12:00:00,-0.0
2025-03-23 13:00:00,57354.64346715195
2025-03-23 14:00:00,114357.58059615646
2025-03-23 15:00:00,171141.85432814577
2025-03-23 16:00:00,224095.29874912187
2025-03-23 17:00:00,268746.6366229012
2025-03-23 18:00:00,268540.52523813734
2025-03-23 19:00:00,244568.0640806979
2025-03-23 20:00:00,219619.10113844133
2025-03-23 21:00:00,195272.11281213252
2025-03-23 22:00:00,172110.87900507328
2025-03-23 23:00:00,150201.48497472398
2025-03-24 00:00:00,128649.36345849662
2025-03-24 01:00:00,107660.5922764622
2025-03-24 02:00:00,87117.31694311457
2025-03-24 03:00:00,66866.28529063464
2025-03-24 04:00:00,46365.81852478626
2025-03-24 05:00:00,24575.292998005796
2025-03-24 06:00:00,922.7659752650661
2025-03-24 07:00:00,-0.0
2025-03-24 08:00:00,-0.0
2025-03-24 09:00:00,-0.0
2025-03-24 10:00:00,-0.0
2025-03-24 11:00:00,-0.0
2025-03-24 12:00:00,-0.0
2025-03-24 13:00:00,27841.77454468551
2025-03-24 14:00:00,95783.02677027106
2025-03-24 15:00:00,165358.75668727292
2025-03-24 16:00:00,230731.41462081322
2025-03-24 17:00:00,280568.28410005406
2025-03-24 18:00:00,279341.5983323468
2025-03-24 19:00:00,251793.32344245096
2025-03-24 20:00:00,224338.45201536576
2025-03-24 21:00:00,198014.08705361406
2025-03-24 22:00:00,173322.85438077664
2025-03-24 23:00:00,150358.25539208445
2025-03-25 00:00:00,128194.02709460219
2025-03-25 01:00:00,106771.22515135785
2025-03-25 02:00:00,86276.36726890705
2025-03-25 03:00:00,66158.67762872981
2025-03-25 04:00:00,45587.496368236214
2025-03-25 05:00:00,23737.051742935928
2025-03-25 06:00:00,-0.0
2025-03-25 07:00:00,-0.0
2025-03-25 08:00:00,-0.0
2025-03-25 09:00:00,-0.0
2025-03-25 10:00:00,-0.0
2025-03-25 11:00:00,-0.0
2025-03-25 12:00:00,-0.0
2025-03-25 13:00:00,26531.043623444464
2025-03-25 14:00:00,105451.7163211308
2025-03-25 15:00:00,183530.55261260542
2025-03-25 16:00:00,254736.60421923903
2025-03-25 17:00:00,303257.2573088656
2025-03-25 18:00:00,298247.6846223844
2025-03-25 19:00:00,270116.32010504755
2025-03-25 20:00:00,242078.1731705964
2025-03-25 21:00:00,214813.65452548923
2025-03-25 22:00:00,189070.35227047303
2025-03-25 23:00:00,165036.4720958629
2025-03-26 00:00:00,141648.62167982385
2025-03-26 01:00:00,119180.12294921267
2025-03-26 02:00:00,97294.36097926348
2025-03-26 03:00:00,75706.13666132097
2025-03-26 04:00:00,54181.39988039294
2025-03-26 05:00:00,31643.482563900325
2025-03-26 06:00:00,7638.752547551398
2025-03-26 07:00:00,-0.0
2025-03-26 08:00:00,-0.0
2025-03-26 09:00:00,-0.0
2025-03-26 10:00:00,-0.0
2025-03-26 11:00:00,-0.0
2025-03-26 12:00:00,-0.0
2025-03-26 13:00:00,125.65659593355667
2025-03-26 14:00:00,79287.93857453423
2025-03-26 15:00:00,158552.25481698712
2025-03-26 16:00:00,232251.90683882582
2025-03-26 17:00:00,285429.5687557124
2025-03-26 18:00:00,282694.95695147867
2025-03-26 19:00:00,256513.44443916786
2025-03-26 20:00:00,229893.16084516354
2025-03-26 21:00:00,204035.66482366846
2025-03-26 22:00:00,179384.10146205148
2025-03-26 23:00:00,155960.6809605378
2025-03-27 00:00:00,133504.25072636112
2025-03-27 01:00:00,111778.81282590114
2025-03-27 02:00:00,90677.4638128672
2025-03-27 03:00:00,70110.11093957874
2025-03-27 04:00:00,49739.86921537899
2025-03-27 05:00:00,28403.94272906465
2025-03-27 06:00:00,5228.0461657915275
2025-03-27 07:00:00,-0.0
2025-03-27 08:00:00,-0.0
2025-03-27 09:00:00,-0.0
2025-03-27 10:00:00,-0.0
2025-03-27 11:00:00,-0.0
2025-03-27 12:00:00,42276.81141963099
2025-03-27 13:00:00,103422.45465090702
2025-03-27 14:00:00,161049.61044667946
2025-03-27 15:00:00,213002.01108061025
2025-03-27 16:00:00,259872.74045365793
2025-03-27 17:00:00,297763.6234581322
2025-03-27 18:00:00,295190.15824295924
2025-03-27 19:00:00,269417.5483699607
2025-03-27 20:00:00,243559.12913942226
2025-03-27 21:00:00,218326.79606031138
2025-03-27 22:00:00,194030.6512263452
2025-03-27 23:00:00,170530.01415303088
2025-03-28 00:00:00,147504.12025473136
2025-03-28 01:00:00,125390.45433154047
2025-03-28 02:00:00,104081.78460736491
2025-03-28 03:00:00,82746.8790845291
2025-03-28 04:00:00,61008.16114738482
2025-03-28 05:00:00,38379.41014152813
2025-03-28 06:00:00,14255.229743692533
2025-03-28 07:00:00,-0.0
2025-03-28 08:00:00,-0.0
2025-03-28 09:00:00,-0.0
2025-03-28 10:00:00,-0.0
2025-03-28 11:00:00,-0.0
2025-03-28 12:00:00,13390.757040875636
2025-03-28 13:00:00,77956.37433666633
2025-03-28 14:00:00,136667.84476521812
2025-03-28 15:00:00,197222.04320336803
2025-03-28 16:00:00,246103.77752666496
2025-03-28 17:00:00,280369.501947091
2025-03-28 18:00:00,275154.51933160535
2025-03-28 19:00:00,249826.87884393864
2025-03-28 20:00:00,223975.27506489327
2025-03-28 21:00:00,198481.7611454438
2025-03-28 22:00:00,173949.72647715686
2025-03-28 23:00:00,150292.02528844576
2025-03-29 00:00:00,127651.66832723745
2025-03-29 01:00:00,105673.27402763655
2025-03-29 02:00:00,84324.54832684784
2025-03-29 03:00:00,63536.035113294995
2025-03-29 04:00:00,42893.96289568408
2025-03-29 05:00:00,21950.018862064084
2025-03-29 06:00:00,443.7452029831408
2025-03-29 07:00:00,-0.0
2025-03-29 08:00:00,-0.0
2025-03-29 09:00:00,-0.0
2025-03-29 10:00:00,-0.0
2025-03-29 11:00:00,10330.054404166527
2025-03-29 12:00:00,56146.75070581179
2025-03-29 13:00:00,101878.56057338775
2025-03-29 14:00:00,148949.86749896334
2025-03-29 15:00:00,194660.37182620162
2025-03-29 16:00:00,241791.85258409887
2025-03-29 17:00:00,275010.7444727513
2025-03-29 18:00:00,265727.8021005832
2025-03-29 19:00:00,241878.92281533757
2025-03-29 20:00:00,217417.36391503073
2025-03-29 21:00:00,193319.55288053866
2025-03-29 22:00:00,170101.1575622444
2025-03-29 23:00:00,147769.73157789872
2025-03-30 00:00:00,125685.35102956073
2025-03-30 01:00:00,104383.02618466402
2025-03-30 02:00:00,83725.99705358245
2025-03-30 03:00:00,63089.069260891876
2025-03-30 04:00:00,43147.35531496693
2025-03-30 05:00:00,23136.214155413003
2025-03-30 06:00:00,2852.665686798926
2025-03-30 07:00:00,-0.0
2025-03-30 08:00:00,-0.0
2025-03-30 09:00:00,-0.0
2025-03-30 10:00:00,-0.0
2025-03-30 11:00:00,-0.0
2025-03-30 12:00:00,49521.69094539004
2025-03-30 13:00:00,98973.53669295419
2025-03-30 14:00:00,145986.44178480207
2025-03-30 15:00:00,192257.87941470474
2025-03-30 16:00:00,238898.66266633262
2025-03-30 17:00:00,278999.94107195636
2025-03-30 18:00:00,277812.15720925527
2025-03-30 19:00:00,254197.24842726105
2025-03-30 20:00:00,229743.58438441477
2025-03-30 21:00:00,205304.59391030873
2025-03-30 22:00:00,181804.3857862558
2025-03-30 23:00:00,159075.43099458845
2025-03-31 00:00:00,137103.6491503906
2025-03-31 01:00:00,115690.29177733994
2025-03-31 02:00:00,94894.80637294786
2025-03-31 03:00:00,74606.75931071828
2025-03-31 04:00:00,54162.389437383295
2025-03-31 05:00:00,32362.468571801866
2025-03-31 06:00:00,8904.274603434778
2025-03-31 07:00:00,-0.0
2025-03-31 08:00:00,-0.0
2025-03-31 09:00:00,-0.0
2025-03-31 10:00:00,-0.0
2025-03-31 11:00:00,5045.168248518043
2025-03-31 12:00:00,69366.81984715347
2025-03-31 13:00:00,133237.4610912061
2025-03-31 14:00:00,193638.7974059487
2025-03-31 15:00:00,245033.5373362045
2025-03-31 16:00:00,281874.1376623235
2025-03-31 17:00:00,301426.1059901442
2025-03-31 18:00:00,289447.97624772834
2025-03-31 19:00:00,263313.2610551544
2025-03-31 20:00:00,236900.4697858424
2025-03-31 21:00:00,211093.15320286987
2025-03-31 22:00:00,186629.30994667838
2025-03-31 23:00:00,163482.96181669174
2025-04-01 00:00:00,140798.59137628408
2025-04-01 01:00:00,118563.37347337892
2025-04-01 02:00:00,96804.20818985469
2025-04-01 03:00:00,75389.26407230973
2025-04-01 04:00:00,53746.0775703516
2025-04-01 05:00:00,30704.736394725573
2025-04-01 06:00:00,6026.667373623768
2025-04-01 07:00:00,-0.0
2025-04-01 08:00:00,-0.0
2025-04-01 09:00:00,-0.0
2025-04-01 10:00:00,-0.0
2025-04-01 11:00:00,-0.0
2025-04-01 12:00:00,49581.62696150404
2025-04-01 13:00:00,105733.70780075631
2025-04-01 14:00:00,163552.50993594757
2025-04-01 15:00:00,221804.88403431023
2025-04-01 16:00:00,274680.0645279685
2025-04-01 17:00:00,306000.0
2025-04-01 18:00:00,296543.592671559
2025-04-01 19:00:00,269569.73726878676
2025-04-01 20:00:00,242357.01357052958
2025-04-01 21:00:00,215641.54435959118
2025-04-01 22:00:00,190399.75080508407
2025-04-01 23:00:00,166324.17412323988
2025-04-02 00:00:00,142889.4994402497
2025-04-02 01:00:00,120395.29984608362
2025-04-02 02:00:00,99476.57788985012
2025-04-02 03:00:00,77798.95797363548
2025-04-02 04:00:00,55600.503415327585
2025-04-02 05:00:00,32143.989718155775
2025-04-02 06:00:00,6841.375113347882
2025-04-02 07:00:00,-0.0
2025-04-02 08:00:00,-0.0
2025-04-02 09:00:00,-0.0
2025-04-02 10:00:00,-0.0
2025-04-02 11:00:00,-0.0
2025-04-02 12:00:00,22797.962541025983
2025-04-02 13:00:00,83572.42370853078
2025-04-02 14:00:00,137278.28149270642
2025-04-02 15:00:00,191530.5710407326
2025-04-02 16:00:00,245132.80045913885
2025-04-02 17:00:00,286687.8408026658
2025-04-02 18:00:00,284228.69435305794
2025-04-02 19:00:00,258675.8593335206
2025-04-02 20:00:00,232011.26357281127
2025-04-02 21:00:00,206053.0736333005
2025-04-02 22:00:00,181313.06474389523
2025-04-02 23:00:00,157751.96369475476
2025-04-03 00:00:00,135011.3642867832
2025-04-03 01:00:00,112647.47919720896
2025-04-03 02:00:00,90908.93642389463
2025-04-03 03:00:00,69474.15356349558
2025-04-03 04:00:00,47630.53178414747
2025-04-03 05:00:00,24286.49573912709
2025-04-03 06:00:00,-0.0
2025-04-03 07:00:00,-0.0
2025-04-03 08:00:00,-0.0
2025-04-03 09:00:00,-0.0
2025-04-03 10:00:00,-0.0
2025-04-03 11:00:00,-0.0
2025-04-03 12:00:00,-0.0
2025-04-03 13:00:00,63578.04847762411
2025-04-03 14:00:00,129756.35929912361
2025-04-03 15:00:00,188416.77645190878
2025-04-03 16:00:00,245980.44371385127
2025-04-03 17:00:00,290003.4769032823
2025-04-03 18:00:00,290810.0681308301
2025-04-03 19:00:00,265170.51538040425
2025-04-03 20:00:00,238265.66962054887
2025-04-03 21:00:00,211896.48442101362
2025-04-03 22:00:00,186787.7635297013
2025-04-03 23:00:00,162401.60780150362
2025-04-04 00:00:00,138834.05061361528
2025-04-04 01:00:00,115938.28859310225
2025-04-04 02:00:00,93471.66183072708
2025-04-04 03:00:00,71269.72357031681
2025-04-04 04:00:00,48352.70756015155
2025-04-04 05:00:00,24471.548525776238
2025-04-04 06:00:00,-0.0
2025-04-04 07:00:00,-0.0
2025-04-04 08:00:00,-0.0
2025-04-04 09:00:00,-0.0
2025-04-04 10:00:00,-0.0
2025-04-04 11:00:00,-0.0
2025-04-04 12:00:00,-0.0
2025-04-04 13:00:00,-0.0
2025-04-04 14:00:00,71500.23641267666
2025-04-04 15:00:00,144048.9943561617
2025-04-04 16:00:00,209904.71392753383
2025-04-04 17:00:00,266632.49728825886
2025-04-04 18:00:00,274457.555452739
2025-04-04 19:00:00,250246.10142639038
2025-04-04 20:00:00,224436.0590533056
2025-04-04 21:00:00,199028.56728389062
2025-04-04 22:00:00,174682.96121971574
2025-04-04 23:00:00,151572.45605529088
2025-04-05 00:00:00,128825.32337534887
2025-04-05 01:00:00,106868.67281893644
2025-04-05 02:00:00,85392.12557090516
2025-04-05 03:00:00,64314.644274364735
2025-04-05 04:00:00,42993.72412159633
2025-04-05 05:00:00,21157.045810119464
2025-04-05 06:00:00,-0.0
2025-04-05 07:00:00,-0.0
2025-04-05 08:00:00,-0.0
2025-04-05 09:00:00,-0.0
2025-04-05 10:00:00,-0.0
2025-04-05 11:00:00,-0.0
2025-04-05 12:00:00,8311.70409237875
2025-04-05 13:00:00,58716.76222136453
2025-04-05 14:00:00,106295.90647422354
2025-04-05 15:00:00,156092.07045264763
2025-04-05 16:00:00,206550.14996339267
2025-04-05 17:00:00,254804.8173685795
2025-04-05 18:00:00,261492.95710307048
2025-04-05 19:00:00,237733.02618158358
2025-04-05 20:00:00,212840.74171686583
2025-04-05 21:00:00,188562.6709272464
2025-04-05 22:00:00,165485.64053155127
2025-04-05 23:00:00,143251.6563080018
2025-04-06 00:00:00,121589.54313679916
2025-04-06 01:00:00,100668.59447481153
2025-04-06 02:00:00,80288.03918230072
2025-04-06 03:00:00,60195.707543101715
2025-04-06 04:00:00,39900.44506766304
2025-04-06 05:00:00,19421.192847323517
2025-04-06 06:00:00,-0.0
2025-04-06 07:00:00,-0.0
2025-04-06 08:00:00,-0.0
2025-04-06 09:00:00,-0.0
2025-04-06 10:00:00,-0.0
2025-04-06 11:00:00,-0.0
2025-04-06 12:00:00,-0.0
2025-04-06 13:00:00,50178.310954470966
2025-04-06 14:00:00,107066.37026633021
2025-04-06 15:00:00,161738.87278066642
2025-04-06 16:00:00,215223.17469344803
2025-04-06 17:00:00,262176.3654879712
2025-04-06 18:00:00,266848.39995298994
2025-04-06 19:00:00,242354.9308026787
2025-04-06 20:00:00,216893.9878708955
2025-04-06 21:00:00,192076.53537923546
2025-04-06 22:00:00,168623.7840503981
2025-04-06 23:00:00,146589.6918997772
2025-04-07 00:00:00,125286.56804640045
2025-04-07 01:00:00,104463.65032180892
2025-04-07 02:00:00,84448.67159495779
2025-04-07 03:00:00,64664.62688417958
2025-04-07 04:00:00,44224.733185358076
2025-04-07 05:00:00,22188.767609745213
2025-04-07 06:00:00,-0.0
2025-04-07 07:00:00,-0.0
2025-04-07 08:00:00,-0.0
2025-04-07 09:00:00,-0.0
2025-04-07 10:00:00,-0.0
2025-04-07 11:00:00,-0.0
2025-04-07 12:00:00,-0.0
2025-04-07 13:00:00,26951.93114827016
2025-04-07 14:00:00,105471.98021874721
2025-04-07 15:00:00,177959.69896615838
2025-04-07 16:00:00,241500.9050032752
2025-04-07 17:00:00,284884.2669756963
2025-04-07 18:00:00,283667.25541349227
2025-04-07 19:00:00,256963.12632914007
2025-04-07 20:00:00,229525.73898871918
2025-04-07 21:00:00,202920.4230557132
2025-04-07 22:00:00,177942.63056617128
2025-04-07 23:00:00,154331.85781405383
2025-04-08 00:00:00,131568.30503055145
2025-04-08 01:00:00,109546.32937130718
2025-04-08 02:00:00,87918.72725565624
2025-04-08 03:00:00,66673.33415722434
2025-04-08 04:00:00,45429.145030657804
2025-04-08 05:00:00,22897.96882261849
2025-04-08 06:00:00,-0.0
2025-04-08 07:00:00,-0.0
2025-04-08 08:00:00,-0.0
2025-04-08 09:00:00,-0.0
2025-04-08 10:00:00,-0.0
2025-04-08 11:00:00,-0.0
2025-04-08 12:00:00,-0.0
2025-04-08 13:00:00,39553.25067784108
2025-04-08 14:00:00,103852.08160564977
2025-04-08 15:00:00,169849.61496389756
2025-04-08 16:00:00,228757.27347569162
2025-04-08 17:00:00,278694.12555149395
2025-04-08 18:00:00,285877.95574124553
2025-04-08 19:00:00,259306.96781130976
2025-04-08 20:00:00,231535.7705970871
2025-04-08 21:00:00,204519.49234841575
2025-04-08 22:00:00,178991.4136494794
2025-04-08 23:00:00,155158.09104807727
2025-04-09 00:00:00,131984.78154091502
2025-04-09 01:00:00,109450.67762032326
2025-04-09 02:00:00,87650.04245419349
2025-04-09 03:00:00,66297.66708864615
2025-04-09 04:00:00,44859.41810946261
2025-04-09 05:00:00,22265.329220107375
2025-04-09 06:00:00,-0.0
2025-04-09 07:00:00,-0.0
2025-04-09 08:00:00,-0.0
2025-04-09 09:00:00,-0.0
2025-04-09 10:00:00,-0.0
2025-04-09 11:00:00,-0.0
2025-04-09 12:00:00,-0.0
2025-04-09 13:00:00,-0.0
2025-04-09 14:00:00,78498.8881098659
2025-04-09 15:00:00,155758.46959677854
2025-04-09 16:00:00,227991.46627685928
2025-04-09 17:00:00,283687.68650584196
2025-04-09 18:00:00,289286.99625414575
2025-04-09 19:00:00,261639.17649828826
2025-04-09 20:00:00,232898.66568395303
2025-04-09 21:00:00,204917.49407426105
2025-04-09 22:00:00,178642.53711420635
2025-04-09 23:00:00,154105.3619506561
2025-04-10 00:00:00,130439.70016854623
2025-04-10 01:00:00,107774.41527401328
2025-04-10 02:00:00,85829.1712207218
2025-04-10 03:00:00,64462.697625525536
2025-04-10 04:00:00,43250.21140873069
2025-04-10 05:00:00,21100.703409401343
2025-04-10 06:00:00,-0.0
2025-04-10 07:00:00,-0.0
2025-04-10 08:00:00,-0.0
2025-04-10 09:00:00,-0.0
2025-04-10 10:00:00,-0.0
2025-04-10 11:00:00,-0.0
2025-04-10 12:00:00,-0.0
2025-04-10 13:00:00,71837.80046246214
2025-04-10 14:00:00,138079.11487176054
2025-04-10 15:00:00,198419.00866869822
2025-04-10 16:00:00,255478.71078221538
2025-04-10 17:00:00,295989.58224019106
2025-04-10 18:00:00,294197.99750728265
2025-04-10 19:00:00,266108.07798470464
2025-04-10 20:00:00,237011.09024841356
2025-04-10 21:00:00,208814.13449935633
2025-04-10 22:00:00,182481.84212493122
2025-04-10 23:00:00,157750.38319736958
2025-04-11 00:00:00,133960.41637453396
2025-04-11 01:00:00,110875.3574449586
2025-04-11 02:00:00,88078.87377707762
2025-04-11 03:00:00,65683.825575366
2025-04-11 04:00:00,43996.84320276762
2025-04-11 05:00:00,21237.03983280219
2025-04-11 06:00:00,-0.0
2025-04-11 07:00:00,-0.0
2025-04-11 08:00:00,-0.0
2025-04-11 09:00:00,-0.0
2025-04-11 10:00:00,-0.0
2025-04-11 11:00:00,-0.0
2025-04-11 12:00:00,-0.0
2025-04-11 13:00:00,-0.0
2025-04-11 14:00:00,79479.34110877888
2025-04-11 15:00:00,160117.42144307256
2025-04-11 16:00:00,233961.44337647123
2025-04-11 17:00:00,287643.31228229654
2025-04-11 18:00:00,290500.5739449368
2025-04-11 19:00:00,262748.1866118918
2025-04-11 20:00:00,233973.5900304028
2025-04-11 21:00:00,206002.1390714474
2025-04-11 22:00:00,179261.6462767179
2025-04-11 23:00:00,153919.7637576479
2025-04-12 00:00:00,129611.66241087779
2025-04-12 01:00:00,106433.48608988053
2025-04-12 02:00:00,84138.1935982088
2025-04-12 03:00:00,62475.132778827
2025-04-12 04:00:00,41215.071332139574
2025-04-12 05:00:00,19768.98418608266
2025-04-12 06:00:00,-0.0
2025-04-12 07:00:00,-0.0
2025-04-12 08:00:00,-0.0
2025-04-12 09:00:00,-0.0
2025-04-12 10:00:00,-0.0
2025-04-12 11:00:00,-0.0
2025-04-12 12:00:00,-0.0
2025-04-12 13:00:00,40499.68509761472
2025-04-12 14:00:00,100217.29904501748
2025-04-12 15:00:00,157048.7138079771
2025-04-12 16:00:00,215013.23001980083
2025-04-12 17:00:00,263185.7612330989
2025-04-12 18:00:00,270159.0412628369
2025-04-12 19:00:00,245470.0730300551
2025-04-12 20:00:00,219103.70394945584
2025-04-12 21:00:00,193375.88455687664
2025-04-12 22:00:00,168716.4016513872
2025-04-12 23:00:00,145210.66921483644
2025-04-13 00:00:00,122432.29049202542
2025-04-13 01:00:00,100518.2791093848
2025-04-13 02:00:00,79437.01410124391
2025-04-13 03:00:00,58976.199666239016
2025-04-13 04:00:00,38886.7007510961
2025-04-13 05:00:00,18438.12463105254
2025-04-13 06:00:00,-0.0
2025-04-13 07:00:00,-0.0
2025-04-13 08:00:00,-0.0
2025-04-13 09:00:00,-0.0
2025-04-13 10:00:00,-0.0
2025-04-13 11:00:00,-0.0
2025-04-13 12:00:00,-0.0
2025-04-13 13:00:00,20913.563328992845
2025-04-13 14:00:00,84530.86782538687
2025-04-13 15:00:00,150163.0159392972
2025-04-13 16:00:00,213771.9695770474
2025-04-13 17:00:00,263454.55106502626
2025-04-13 18:00:00,271659.37223163986
2025-04-13 19:00:00,248141.56072260294
2025-04-13 20:00:00,222649.0854416767
2025-04-13 21:00:00,197225.5047213276
2025-04-13 22:00:00,172942.01551123997
2025-04-13 23:00:00,150081.1177147182
2025-04-14 00:00:00,127717.90627988343
2025-04-14 01:00:00,106160.56020978212
2025-04-14 02:00:00,85004.72187127336
2025-04-14 03:00:00,64139.91159720649
2025-04-14 04:00:00,42937.120934258644
2025-04-14 05:00:00,20824.587515458
2025-04-14 06:00:00,-0.0
2025-04-14 07:00:00,-0.0
2025-04-14 08:00:00,-0.0
2025-04-14 09:00:00,-0.0
2025-04-14 10:00:00,-0.0
2025-04-14 11:00:00,-0.0
2025-04-14 12:00:00,-0.0
2025-04-14 13:00:00,60272.75319237012
2025-04-14 14:00:00,131110.64652580582
2025-04-14 15:00:00,191754.27186380513
2025-04-14 16:00:00,245759.7021060571
2025-04-14 17:00:00,284970.76427976665
2025-04-14 18:00:00,286655.1786420141
2025-04-14 19:00:00,260048.68601666164
2025-04-14 20:00:00,232219.6530914987
2025-04-14 21:00:00,205359.90401257772
2025-04-14 22:00:00,179811.81037921697
2025-04-14 23:00:00,155287.2279028412
2025-04-15 00:00:00,131820.7945443669
2025-04-15 01:00:00,109157.97314529633
2025-04-15 02:00:00,87076.96758838749
2025-04-15 03:00:00,65455.825403055336
2025-04-15 04:00:00,43708.03376553308
2025-04-15 05:00:00,20684.599655452435
2025-04-15 06:00:00,-0.0
2025-04-15 07:00:00,-0.0
2025-04-15 08:00:00,-0.0
2025-04-15 09:00:00,-0.0
2025-04-15 10:00:00,-0.0
2025-04-15 11:00:00,-0.0
2025-04-15 12:00:00,-0.0
2025-04-15 13:00:00,30603.79158693712
2025-04-15 14:00:00,111241.87192123079
2025-04-15 15:00:00,184603.45197793693
2025-04-15 16:00:00,245672.17383219258
2025-04-15 17:00:00,287144.08240553335
2025-04-15 18:00:00,286229.14541415754
2025-04-15 19:00:00,259774.6497708241
2025-04-15 20:00:00,232099.7464843935
2025-04-15 21:00:00,204880.22449210787
2025-04-15 22:00:00,179467.26384281405
2025-04-15 23:00:00,155243.7441147621
2025-04-16 00:00:00,131998.22705409833
2025-04-16 01:00:00,109486.51696403323
2025-04-16 02:00:00,87620.24685826876
2025-04-16 03:00:00,65812.6720811925
2025-04-16 04:00:00,43494.809626453
2025-04-16 05:00:00,20597.878006978674
2025-04-16 06:00:00,-0.0
2025-04-16 07:00:00,-0.0
2025-04-16 08:00:00,-0.0
2025-04-16 09:00:00,-0.0
2025-04-16 10:00:00,-0.0
2025-04-16 11:00:00,-0.0
2025-04-16 12:00:00,-0.0
2025-04-16 13:00:00,26560.610247617587
2025-04-16 14:00:00,104761.34261239313
2025-04-16 15:00:00,177478.90675754062
2025-04-16 16:00:00,239025.30951721358
2025-04-16 17:00:00,280982.84976509324
2025-04-16 18:00:00,283258.09237384016
2025-04-16 19:00:00,257939.56010728626
2025-04-16 20:00:00,230546.37799824847
2025-04-16 21:00:00,203613.84378423783
2025-04-16 22:00:00,177871.7131801969
2025-04-16 23:00:00,153520.59477953517
2025-04-17 00:00:00,130126.6417625026
2025-04-17 01:00:00,107783.613733989
2025-04-17 02:00:00,86100.8791275646
2025-04-17 03:00:00,64775.27591729682
2025-04-17 04:00:00,43232.098082925106
2025-04-17 05:00:00,20431.01272278258
2025-04-17 06:00:00,-0.0
2025-04-17 07:00:00,-0.0
2025-04-17 08:00:00,-0.0
2025-04-17 09:00:00,-0.0
2025-04-17 10:00:00,-0.0
2025-04-17 11:00:00,-0.0
2025-04-17 12:00:00,-0.0
2025-04-17 13:00:00,66677.96047941636
2025-04-17 14:00:00,130311.8002860366
2025-04-17 15:00:00,190836.1767560738
2025-04-17 16:00:00,248221.19535724088
2025-04-17 17:00:00,284294.56320742855
2025-04-17 18:00:00,283083.71630244586
2025-04-17 19:00:00,257682.0894295766
2025-04-17 20:00:00,230966.65980297583
2025-04-17 21:00:00,204477.72932887578
2025-04-17 22:00:00,178997.6445643679
2025-04-17 23:00:00,154933.01297033258
2025-04-18 00:00:00,131194.03139209797
2025-04-18 01:00:00,108278.45961627606
2025-04-18 02:00:00,86197.91526596893
2025-04-18 03:00:00,64593.27208724126
2025-04-18 04:00:00,42786.951171176726
2025-04-18 05:00:00,19850.07867040106
2025-04-18 06:00:00,-0.0
2025-04-18 07:00:00,-0.0
2025-04-18 08:00:00,-0.0
2025-04-18 09:00:00,-0.0
2025-04-18 10:00:00,-0.0
2025-04-18 11:00:00,-0.0
2025-04-18 12:00:00,-0.0
2025-04-18 13:00:00,24620.495671981393
2025-04-18 14:00:00,99519.16207938413
2025-04-18 15:00:00,165984.43894103874
2025-04-18 16:00:00,219818.44496391417
2025-04-18 17:00:00,265427.67973008566
2025-04-18 18:00:00,273042.3643105281
2025-04-18 19:00:00,248748.27297027467
2025-04-18 20:00:00,222067.81235296727
2025-04-18 21:00:00,195643.3545820518
2025-04-18 22:00:00,170673.48133242998
2025-04-18 23:00:00,147235.15791364954
2025-04-19 00:00:00,124123.29861578021
2025-04-19 01:00:00,101800.00816351837
2025-04-19 02:00:00,80021.18993557205
2025-04-19 03:00:00,58567.619322220984
2025-04-19 04:00:00,37365.42073599459
2025-04-19 05:00:00,15682.146422081285
2025-04-19 06:00:00,-0.0
2025-04-19 07:00:00,-0.0
2025-04-19 08:00:00,-0.0
2025-04-19 09:00:00,-0.0
2025-04-19 10:00:00,-0.0
2025-04-19 11:00:00,-0.0
2025-04-19 12:00:00,-0.0
2025-04-19 13:00:00,7106.638820778186
2025-04-19 14:00:00,63868.60934598486
2025-04-19 15:00:00,122539.24373578101
2025-04-19 16:00:00,184793.55510469642
2025-04-19 17:00:00,239602.98619826365
2025-04-19 18:00:00,258868.43855791283
2025-04-19 19:00:00,236593.2212113564
2025-04-19 20:00:00,211458.4966096447
2025-04-19 21:00:00,186933.83078783576
2025-04-19 22:00:00,163353.89293638951
2025-04-19 23:00:00,140935.96196685758
2025-04-20 00:00:00,118782.48731909505
2025-04-20 01:00:00,96992.17680793126
2025-04-20 02:00:00,75931.25168540861
2025-04-20 03:00:00,55178.25007136633
2025-04-20 04:00:00,34667.82780884174
2025-04-20 05:00:00,13908.768974548897
2025-04-20 06:00:00,-0.0
2025-04-20 07:00:00,-0.0
2025-04-20 08:00:00,-0.0
2025-04-20 09:00:00,-0.0
2025-04-20 10:00:00,-0.0
2025-04-20 11:00:00,-0.0
2025-04-20 12:00:00,-0.0
2025-04-20 13:00:00,21345.41890227871
2025-04-20 14:00:00,74133.11115843481
2025-04-20 15:00:00,131195.98347980727
2025-04-20 16:00:00,190753.83553841308
2025-04-20 17:00:00,247410.4369921668
2025-04-20 18:00:00,263624.2273534246
2025-04-20 19:00:00,241813.97263696184
2025-04-20 20:00:00,216788.15917951905
2025-04-20 21:00:00,192001.8169949046
2025-04-20 22:00:00,168401.55402209243
2025-04-20 23:00:00,145947.82472503613
2025-04-21 00:00:00,124295.74094975021
2025-04-21 01:00:00,102316.37443692671
2025-04-21 02:00:00,81218.89048510091
2025-04-21 03:00:00,60403.364695317796
2025-04-21 04:00:00,39298.97482447103
2025-04-21 05:00:00,16950.789089151844
2025-04-21 06:00:00,-0.0
2025-04-21 07:00:00,-0.0
2025-04-21 08:00:00,-0.0
2025-04-21 09:00:00,-0.0
2025-04-21 10:00:00,-0.0
2025-04-21 11:00:00,-0.0
2025-04-21 12:00:00,-0.0
2025-04-21 13:00:00,-0.0
2025-04-21 14:00:00,61431.24078670981
2025-04-21 15:00:00,139722.40057609015
2025-04-21 16:00:00,209214.67363327756
2025-04-21 17:00:00,268792.34253563994
2025-04-21 18:00:00,283258.5260474346
2025-04-21 19:00:00,257708.838427675
2025-04-21 20:00:00,229204.5624279091
2025-04-21 21:00:00,201551.4859292406
2025-04-21 22:00:00,175445.46692069125
2025-04-21 23:00:00,151023.30641400733
2025-04-22 00:00:00,127591.67008534036
2025-04-22 01:00:00,105052.71765944715
2025-04-22 02:00:00,83228.03872439379
2025-04-22 03:00:00,61852.24611196789
2025-04-22 04:00:00,39958.69707860642
2025-04-22 05:00:00,17013.069452683016
2025-04-22 06:00:00,-0.0
2025-04-22 07:00:00,-0.0
2025-04-22 08:00:00,-0.0
2025-04-22 09:00:00,-0.0
2025-04-22 10:00:00,-0.0
2025-04-22 11:00:00,-0.0
2025-04-22 12:00:00,-0.0
2025-04-22 13:00:00,-0.0
2025-04-22 14:00:00,54519.77953225821
2025-04-22 15:00:00,135157.85986655188
2025-04-22 16:00:00,213148.17204075019
2025-04-22 17:00:00,273921.5751665488
2025-04-22 18:00:00,285569.09568018955
2025-04-22 19:00:00,260273.88677118538
2025-04-22 20:00:00,231840.3493499714
2025-04-22 21:00:00,204293.90169594248
2025-04-22 22:00:00,178411.39191585296
2025-04-22 23:00:00,154124.95832590142
2025-04-23 00:00:00,130571.02594412758
2025-04-23 01:00:00,107719.95140265746
2025-04-23 02:00:00,85102.12251487885
2025-04-23 03:00:00,63173.31498053108
2025-04-23 04:00:00,40960.30263141103
2025-04-23 05:00:00,17472.558419207617
2025-04-23 06:00:00,-0.0
2025-04-23 07:00:00,-0.0
2025-04-23 08:00:00,-0.0
2025-04-23 09:00:00,-0.0
2025-04-23 10:00:00,-0.0
2025-04-23 11:00:00,-0.0
2025-04-23 12:00:00,-0.0
2025-04-23 13:00:00,2760.279432756346
2025-04-23 14:00:00,79980.92842807238
2025-04-23 15:00:00,149643.7947687069
2025-04-23 16:00:00,215547.3216852887
2025-04-23 17:00:00,271551.1763138074
2025-04-23 18:00:00,283484.36494658614
2025-04-23 19:00:00,258504.62849033173
2025-04-23 20:00:00,230596.31212557672
2025-04-23 21:00:00,203444.48701604636
2025-04-23 22:00:00,177742.33998435942
2025-04-23 23:00:00,153624.064491349
2025-04-24 00:00:00,129848.09954567018
2025-04-24 01:00:00,106905.14603027998
2025-04-24 02:00:00,84482.61051530641
2025-04-24 03:00:00,62484.72998142903
2025-04-24 04:00:00,40279.277564074124
2025-04-24 05:00:00,16893.534303293432
2025-04-24 06:00:00,-0.0
2025-04-24 07:00:00,-0.0
2025-04-24 08:00:00,-0.0
2025-04-24 09:00:00,-0.0
2025-04-24 10:00:00,-0.0
2025-04-24 11:00:00,-0.0
2025-04-24 12:00:00,-0.0
2025-04-24 13:00:00,-0.0
2025-04-24 14:00:00,77505.90307440292
2025-04-24 15:00:00,156087.77579301514
2025-04-24 16:00:00,227160.83298237988
2025-04-24 17:00:00,277647.25167304266
2025-04-24 18:00:00,283508.69727541937
2025-04-24 19:00:00,258330.98417628548
2025-04-24 20:00:00,231035.9495875968
2025-04-24 21:00:00,204257.0226535977
2025-04-24 22:00:00,178511.73648887858
2025-04-24 23:00:00,153947.43649235944
2025-04-25 00:00:00,129861.83056575088
2025-04-25 01:00:00,106754.98041033401
2025-04-25 02:00:00,84501.94320457526
2025-04-25 03:00:00,62286.093604071604
2025-04-25 04:00:00,39961.36338955033
2025-04-25 05:00:00,16783.324437894633
2025-04-25 06:00:00,-0.0
2025-04-25 07:00:00,-0.0
2025-04-25 08:00:00,-0.0
2025-04-25 09:00:00,-0.0
2025-04-25 10:00:00,-0.0
2025-04-25 11:00:00,-0.0
2025-04-25 12:00:00,-0.0
2025-04-25 13:00:00,-0.0
2025-04-25 14:00:00,76089.28976463858
2025-04-25 15:00:00,152654.26262632705
2025-04-25 16:00:00,219680.23170158753
2025-04-25 17:00:00,266964.331666197
2025-04-25 18:00:00,273298.2116451164
2025-04-25 19:00:00,249559.15030391738
2025-04-25 20:00:00,222822.096824507
2025-04-25 21:00:00,196447.7109884577
2025-04-25 22:00:00,170841.25226938954
2025-04-25 23:00:00,146623.32495453904
2025-04-26 00:00:00,123121.76789981281
2025-04-26 01:00:00,100287.10484575055
2025-04-26 02:00:00,78376.02745278354
2025-04-26 03:00:00,57148.26066234543
2025-04-26 04:00:00,35960.852162264775
2025-04-26 05:00:00,14327.833461320772
2025-04-26 06:00:00,-0.0
2025-04-26 07:00:00,-0.0
2025-04-26 08:00:00,-0.0
2025-04-26 09:00:00,-0.0
2025-04-26 10:00:00,-0.0
2025-04-26 11:00:00,-0.0
2025-04-26 12:00:00,-0.0
2025-04-26 13:00:00,60329.23209478821
2025-04-26 14:00:00,120807.4383222604
2025-04-26 15:00:00,176330.69114379154
2025-04-26 16:00:00,227131.3257103869
2025-04-26 17:00:00,262834.9900462285
2025-04-26 18:00:00,264854.7798002036
2025-04-26 19:00:00,241776.18551170878
2025-04-26 20:00:00,216846.63744271695
2025-04-26 21:00:00,192199.9542123404
2025-04-26 22:00:00,168246.3645131255
2025-04-26 23:00:00,144803.5481931783
2025-04-27 00:00:00,121725.92783874655
2025-04-27 01:00:00,99356.59285350046
2025-04-27 02:00:00,77728.92235464921
2025-04-27 03:00:00,56633.61823985663
2025-04-27 04:00:00,35505.235654024786
2025-04-27 05:00:00,14293.985198418537
2025-04-27 06:00:00,-0.0
2025-04-27 07:00:00,-0.0
2025-04-27 08:00:00,-0.0
2025-04-27 09:00:00,-0.0
2025-04-27 10:00:00,-0.0
2025-04-27 11:00:00,-0.0
2025-04-27 12:00:00,13458.970279058507
2025-04-27 13:00:00,70441.77714263098
2025-04-27 14:00:00,128469.75363599794
2025-04-27 15:00:00,185623.93695212487
2025-04-27 16:00:00,228494.2019242702
2025-04-27 17:00:00,262215.3915724491
2025-04-27 18:00:00,265270.1241714659
2025-04-27 19:00:00,242069.1222402952
2025-04-27 20:00:00,216633.65131276226
2025-04-27 21:00:00,191605.54993078174
2025-04-27 22:00:00,167639.46457255792
2025-04-27 23:00:00,144989.27467762012
2025-04-28 00:00:00,122710.9203285646
2025-04-28 01:00:00,100609.17038515667
2025-04-28 02:00:00,79386.34517533839
2025-04-28 03:00:00,58681.50648958974
2025-04-28 04:00:00,37689.04515720988
2025-04-28 05:00:00,14855.382197701781
2025-04-28 06:00:00,-0.0
2025-04-28 07:00:00,-0.0
2025-04-28 08:00:00,-0.0
2025-04-28 09:00:00,-0.0
2025-04-28 10:00:00,-0.0
2025-04-28 11:00:00,-0.0
2025-04-28 12:00:00,-0.0
2025-04-28 13:00:00,11742.49993720738
2025-04-28 14:00:00,82478.70143910803
2025-04-28 15:00:00,147437.32525262242
2025-04-28 16:00:00,203358.83916134835
2025-04-28 17:00:00,255528.61546862702
2025-04-28 18:00:00,273362.1343453646
2025-04-28 19:00:00,250382.0300687394
2025-04-28 20:00:00,223199.54515199448
2025-04-28 21:00:00,196712.97547522752
2025-04-28 22:00:00,171521.60498403173
2025-04-28 23:00:00,147750.69545675212
2025-04-29 00:00:00,124714.59100133632
2025-04-29 01:00:00,102458.06371305298
2025-04-29 02:00:00,80799.89014109033
2025-04-29 03:00:00,59108.38816431127
2025-04-29 04:00:00,36916.80947913553
2025-04-29 05:00:00,13688.864640976622
2025-04-29 06:00:00,-0.0
2025-04-29 07:00:00,-0.0
2025-04-29 08:00:00,-0.0
2025-04-29 09:00:00,-0.0
2025-04-29 10:00:00,-0.0
2025-04-29 11:00:00,-0.0
2025-04-29 12:00:00,-0.0
2025-04-29 13:00:00,2588.453043916961
2025-04-29 14:00:00,74719.71489250328
2025-04-29 15:00:00,144731.06344020145
2025-04-29 16:00:00,209176.36160017285
2025-04-29 17:00:00,262301.45369375206
2025-04-29 18:00:00,281540.7253198187
2025-04-29 19:00:00,257465.077984207
2025-04-29 20:00:00,229319.9026502798
2025-04-29 21:00:00,201836.77100500063
2025-04-29 22:00:00,175686.73560543248
2025-04-29 23:00:00,151176.41550832268
2025-04-30 00:00:00,127393.75168430051
2025-04-30 01:00:00,104360.91310381511
2025-04-30 02:00:00,81860.06771856896
2025-04-30 03:00:00,59949.56382046701
2025-04-30 04:00:00,37821.10856449368
2025-04-30 05:00:00,14764.58542769105
2025-04-30 06:00:00,-0.0
2025-04-30 07:00:00,-0.0
2025-04-30 08:00:00,-0.0
2025-04-30 09:00:00,-0.0
2025-04-30 10:00:00,-0.0
2025-04-30 11:00:00,-0.0
2025-04-30 12:00:00,-0.0
2025-04-30 13:00:00,-0.0
2025-04-30 14:00:00,66193.53331187557
2025-04-30 15:00:00,142299.82384815306
2025-04-30 16:00:00,215302.74112365255
2025-04-30 17:00:00,272291.38007701107
2025-04-30 18:00:00,282965.13784781686
2025-04-30 19:00:00,258837.4532763984
2025-04-30 20:00:00,230761.4920176955
2025-04-30 21:00:00,203465.8891901278
2025-04-30 22:00:00,177695.93341482873
2025-04-30 23:00:00,153073.9964386007
2025-05-01 00:00:00,129143.03568104013
2025-05-01 01:00:00,106063.83197312993
2025-05-01 02:00:00,83683.10740821884
2025-05-01 03:00:00,61833.86702884799
2025-05-01 04:00:00,39562.96536185668
2025-05-01 05:00:00,16489.098272616062
2025-05-01 06:00:00,-0.0
2025-05-01 07:00:00,-0.0
2025-05-01 08:00:00,-0.0
2025-05-01 09:00:00,-0.0
2025-05-01 10:00:00,-0.0
2025-05-01 11:00:00,-0.0
2025-05-01 12:00:00,-0.0
2025-05-01 13:00:00,39719.77914816917
2025-05-01 14:00:00,117619.66512673201
2025-05-01 15:00:00,184666.48723837404
2025-05-01 16:00:00,238331.8435993544
2025-05-01 17:00:00,279261.5928873509
2025-05-01 18:00:00,284679.7140314883
2025-05-01 19:00:00,259306.34654934137
2025-05-01 20:00:00,230868.27647638918
2025-05-01 21:00:00,202934.68981848538
2025-05-01 22:00:00,176357.23195471524
2025-05-01 23:00:00,151259.6797231883
2025-05-02 00:00:00,127239.54243624868
2025-05-02 01:00:00,104189.47466238179
2025-05-02 02:00:00,81675.042894803
2025-05-02 03:00:00,59421.95026591189
2025-05-02 04:00:00,37108.695990750326
2025-05-02 05:00:00,13700.416767711387
2025-05-02 06:00:00,-0.0
2025-05-02 07:00:00,-0.0
2025-05-02 08:00:00,-0.0
2025-05-02 09:00:00,-0.0
2025-05-02 10:00:00,-0.0
2025-05-02 11:00:00,-0.0
2025-05-02 12:00:00,-0.0
2025-05-02 13:00:00,-0.0
2025-05-02 14:00:00,43500.2427108948
2025-05-02 15:00:00,124138.32304518847
2025-05-02 16:00:00,201418.8498027625
2025-05-02 17:00:00,263543.89851213637
2025-05-02 18:00:00,279719.8501287102
2025-05-02 19:00:00,255512.78077008418
2025-05-02 20:00:00,227143.6627817047
2025-05-02 21:00:00,199291.40671764468
2025-05-02 22:00:00,172614.85043755296
2025-05-02 23:00:00,147257.52451810887
2025-05-03 00:00:00,122938.39766938893
2025-05-03 01:00:00,99509.3754546027
2025-05-03 02:00:00,77096.03128754745
2025-05-03 03:00:00,55197.12939720684
2025-05-03 04:00:00,33672.44114944631
2025-05-03 05:00:00,11668.29391506196
2025-05-03 06:00:00,-0.0
2025-05-03 07:00:00,-0.0
2025-05-03 08:00:00,-0.0
2025-05-03 09:00:00,-0.0
2025-05-03 10:00:00,-0.0
2025-05-03 11:00:00,-0.0
2025-05-03 12:00:00,-0.0
2025-05-03 13:00:00,34831.571847841784
2025-05-03 14:00:00,105490.32259616452
2025-05-03 15:00:00,168261.05216530856
2025-05-03 16:00:00,220772.23832808572
2025-05-03 17:00:00,258413.60160060338
2025-05-03 18:00:00,263684.2076624087
2025-05-03 19:00:00,242535.3018802238
2025-05-03 20:00:00,217484.0950768303
2025-05-03 21:00:00,192445.6328230812
2025-05-03 22:00:00,168376.895374112
2025-05-03 23:00:00,145151.11287928117
2025-05-04 00:00:00,122424.57428910564
2025-05-04 01:00:00,100327.3422338157
2025-05-04 02:00:00,78722.68863643712
2025-05-04 03:00:00,57486.39867602593
2025-05-04 04:00:00,36630.91245037256
2025-05-04 05:00:00,15464.863198464232
2025-05-04 06:00:00,-0.0
2025-05-04 07:00:00,-0.0
2025-05-04 08:00:00,-0.0
2025-05-04 09:00:00,-0.0
2025-05-04 10:00:00,-0.0
2025-05-04 11:00:00,-0.0
2025-05-04 12:00:00,45190.101494003975
2025-05-04 13:00:00,107625.61292774437
2025-05-04 14:00:00,154705.90123539706
2025-05-04 15:00:00,200762.47008261466
2025-05-04 16:00:00,243258.19315944816
2025-05-04 17:00:00,270020.3594628018
2025-05-04 18:00:00,270758.9286914326
2025-05-04 19:00:00,248446.9817734874
2025-05-04 20:00:00,222670.9693874256
2025-05-04 21:00:00,197096.38910035056
2025-05-04 22:00:00,172881.82843484083
2025-05-04 23:00:00,150057.91062739666
2025-05-05 00:00:00,127620.4180324057
2025-05-05 01:00:00,105839.31370342472
2025-05-05 02:00:00,84227.05703448926
2025-05-05 03:00:00,62859.92782007711
2025-05-05 04:00:00,41091.6088474157
2025-05-05 05:00:00,18155.743276984394
2025-05-05 06:00:00,-0.0
2025-05-05 07:00:00,-0.0
2025-05-05 08:00:00,-0.0
2025-05-05 09:00:00,-0.0
2025-05-05 10:00:00,-0.0
2025-05-05 11:00:00,-0.0
2025-05-05 12:00:00,39728.2760814896
2025-05-05 13:00:00,105876.65275317672
2025-05-05 14:00:00,158308.53929662873
2025-05-05 15:00:00,198099.25181831472
2025-05-05 16:00:00,241157.06821268008
2025-05-05 17:00:00,276371.387334903
2025-05-05 18:00:00,283898.0129662765
2025-05-05 19:00:00,259653.37893859137
2025-05-05 20:00:00,231002.88251175036
2025-05-05 21:00:00,203141.05803427062
2025-05-05 22:00:00,176839.6378793314
2025-05-05 23:00:00,151805.85103939965
2025-05-06 00:00:00,127758.86352957497
2025-05-06 01:00:00,104500.97263770312
2025-05-06 02:00:00,82392.89113980028
2025-05-06 03:00:00,60660.50749989961
2025-05-06 04:00:00,38746.089057283556
2025-05-06 05:00:00,15465.667294420375
2025-05-06 06:00:00,-0.0
2025-05-06 07:00:00,-0.0
2025-05-06 08:00:00,-0.0
2025-05-06 09:00:00,-0.0
2025-05-06 10:00:00,-0.0
2025-05-06 11:00:00,-0.0
2025-05-06 12:00:00,-0.0
2025-05-06 13:00:00,11539.967957633009
2025-05-06 14:00:00,88829.02489969236
2025-05-06 15:00:00,158220.79463814752
2025-05-06 16:00:00,220755.87214319844
2025-05-06 17:00:00,268646.9847456426
2025-05-06 18:00:00,284177.6349504541
2025-05-06 19:00:00,260690.7369439545
2025-05-06 20:00:00,232093.6952855322
2025-05-06 21:00:00,204032.1213106497
2025-05-06 22:00:00,177584.73825714932
2025-05-06 23:00:00,152774.67745986654
2025-05-07 00:00:00,128648.95707348178
2025-05-07 01:00:00,105250.14375230751
2025-05-07 02:00:00,82828.62817201804
2025-05-07 03:00:00,60706.96024224012
2025-05-07 04:00:00,38326.38154581885
2025-05-07 05:00:00,14944.184793137243
2025-05-07 06:00:00,-0.0
2025-05-07 07:00:00,-0.0
2025-05-07 08:00:00,-0.0
2025-05-07 09:00:00,-0.0
2025-05-07 10:00:00,-0.0
2025-05-07 11:00:00,-0.0
2025-05-07 12:00:00,-0.0
2025-05-07 13:00:00,-0.0
2025-05-07 14:00:00,23415.01175151064
2025-05-07 15:00:00,104053.09208580431
2025-05-07 16:00:00,184691.17242009798
2025-05-07 17:00:00,249985.7989155638
2025-05-07 18:00:00,276684.69659192296
2025-05-07 19:00:00,255495.5690146004
2025-05-07 20:00:00,227049.39385555006
2025-05-07 21:00:00,198852.67786933095
2025-05-07 22:00:00,172106.65102545067
2025-05-07 23:00:00,146977.11645686525
2025-05-08 00:00:00,122656.04984125856
2025-05-08 01:00:00,99185.67286534344
2025-05-08 02:00:00,76649.6647813668
2025-05-08 03:00:00,54620.69423350833
2025-05-08 04:00:00,32419.247866442194
2025-05-08 05:00:00,9184.70841445077
2025-05-08 06:00:00,-0.0
2025-05-08 07:00:00,-0.0
2025-05-08 08:00:00,-0.0
2025-05-08 09:00:00,-0.0
2025-05-08 10:00:00,-0.0
2025-05-08 11:00:00,-0.0
2025-05-08 12:00:00,-0.0
2025-05-08 13:00:00,-0.0
2025-05-08 14:00:00,36541.534548337164
2025-05-08 15:00:00,117179.61488263083
2025-05-08 16:00:00,197817.6952169245
2025-05-08 17:00:00,265325.91697681136
2025-05-08 18:00:00,288697.9418207396
2025-05-08 19:00:00,264969.56719452003
2025-05-08 20:00:00,234293.5691435346
2025-05-08 21:00:00,204493.72447345947
2025-05-08 22:00:00,176404.28166808916
2025-05-08 23:00:00,150020.0052415559
2025-05-09 00:00:00,124595.7093616091
2025-05-09 01:00:00,100418.88244778824
2025-05-09 02:00:00,77319.81998402262
2025-05-09 03:00:00,54665.10689888139
2025-05-09 04:00:00,32097.590337775
2025-05-09 05:00:00,8579.734988919065
2025-05-09 06:00:00,-0.0
2025-05-09 07:00:00,-0.0
2025-05-09 08:00:00,-0.0
2025-05-09 09:00:00,-0.0
2025-05-09 10:00:00,-0.0
2025-05-09 11:00:00,-0.0
2025-05-09 12:00:00,-0.0
2025-05-09 13:00:00,-0.0
2025-05-09 14:00:00,60341.78329087315
2025-05-09 15:00:00,140979.86362516682
2025-05-09 16:00:00,219612.4529030711
2025-05-09 17:00:00,282854.63495643955
2025-05-09 18:00:00,302941.153241594
2025-05-09 19:00:00,276225.99089408247
2025-05-09 20:00:00,243133.23673735026
2025-05-09 21:00:00,211086.5915097232
2025-05-09 22:00:00,180945.5731311352
2025-05-09 23:00:00,152754.40611158474
2025-05-10 00:00:00,125990.3803769944
2025-05-10 01:00:00,100545.48815679355
2025-05-10 02:00:00,76233.14577615242
2025-05-10 03:00:00,52873.976614496074
2025-05-10 04:00:00,30097.86850823795
2025-05-10 05:00:00,7270.969644868321
2025-05-10 06:00:00,-0.0
2025-05-10 07:00:00,-0.0
2025-05-10 08:00:00,-0.0
2025-05-10 09:00:00,-0.0
2025-05-10 10:00:00,-0.0
2025-05-10 11:00:00,-0.0
2025-05-10 12:00:00,-0.0
2025-05-10 13:00:00,-0.0
2025-05-10 14:00:00,65915.52232071482
2025-05-10 15:00:00,146553.6026550085
2025-05-10 16:00:00,223010.94612081422
2025-05-10 17:00:00,283419.7067102947
2025-05-10 18:00:00,300561.76320458896
2025-05-10 19:00:00,273562.3887273622
2025-05-10 20:00:00,240251.5495443758
2025-05-10 21:00:00,208220.12200744665
2025-05-10 22:00:00,178491.93855154025
2025-05-10 23:00:00,150356.93037457665
2025-05-11 00:00:00,124393.12742303732
2025-05-11 01:00:00,99626.33300883975
2025-05-11 02:00:00,76240.24067582318
2025-05-11 03:00:00,53496.908399037224
2025-05-11 04:00:00,31060.184140541172
2025-05-11 05:00:00,8907.402189824275
2025-05-11 06:00:00,-0.0
2025-05-11 07:00:00,-0.0
2025-05-11 08:00:00,-0.0
2025-05-11 09:00:00,-0.0
2025-05-11 10:00:00,-0.0
2025-05-11 11:00:00,-0.0
2025-05-11 12:00:00,-0.0
2025-05-11 13:00:00,-0.0
2025-05-11 14:00:00,60616.55507348417
2025-05-11 15:00:00,136382.0237508709
2025-05-11 16:00:00,210052.42213630868
2025-05-11 17:00:00,261076.97376083583
2025-05-11 18:00:00,278010.8958077557
2025-05-11 19:00:00,255892.98329761927
2025-05-11 20:00:00,226723.18588907828
2025-05-11 21:00:00,198304.82678293483
2025-05-11 22:00:00,171579.3613603845
2025-05-11 23:00:00,146505.37412894343
2025-05-12 00:00:00,122212.14122354779
2025-05-12 01:00:00,98857.88451582583
2025-05-12 02:00:00,76513.39333045325
2025-05-12 03:00:00,54233.54452586877
2025-05-12 04:00:00,31914.47888983332
2025-05-12 05:00:00,8917.65280197533
2025-05-12 06:00:00,-0.0
2025-05-12 07:00:00,-0.0
2025-05-12 08:00:00,-0.0
2025-05-12 09:00:00,-0.0
2025-05-12 10:00:00,-0.0
2025-05-12 11:00:00,-0.0
2025-05-12 12:00:00,-0.0
2025-05-12 13:00:00,49563.39267334317
2025-05-12 14:00:00,120990.60257145349
2025-05-12 15:00:00,181140.71348393982
2025-05-12 16:00:00,229641.6672421723
2025-05-12 17:00:00,264167.9093237018
2025-05-12 18:00:00,274490.25727310317
2025-05-12 19:00:00,253820.65828911972
2025-05-12 20:00:00,225558.4328076584
2025-05-12 21:00:00,197733.49653730943
2025-05-12 22:00:00,171280.81246711535
2025-05-12 23:00:00,145972.100856677
2025-05-13 00:00:00,121765.31434510797
2025-05-13 01:00:00,98334.0207894198
2025-05-13 02:00:00,75804.08506174144
2025-05-13 03:00:00,53674.583479768655
2025-05-13 04:00:00,31447.620535094535
2025-05-13 05:00:00,8344.190530172487
2025-05-13 06:00:00,-0.0
2025-05-13 07:00:00,-0.0
2025-05-13 08:00:00,-0.0
2025-05-13 09:00:00,-0.0
2025-05-13 10:00:00,-0.0
2025-05-13 11:00:00,-0.0
2025-05-13 12:00:00,-0.0
2025-05-13 13:00:00,-0.0
2025-05-13 14:00:00,49506.67987301179
2025-05-13 15:00:00,119398.12091710488
2025-05-13 16:00:00,183970.0930994715
2025-05-13 17:00:00,243032.7187450405
2025-05-13 18:00:00,270858.3714834571
2025-05-13 19:00:00,251737.13134072928
2025-05-13 20:00:00,223769.30284406632
2025-05-13 21:00:00,196200.1394733759
2025-05-13 22:00:00,170148.9081374954
2025-05-13 23:00:00,145384.3546576586
2025-05-14 00:00:00,121205.58208188313
2025-05-14 01:00:00,97589.92138348325
2025-05-14 02:00:00,74938.15279837238
2025-05-14 03:00:00,52695.77592258969
2025-05-14 04:00:00,30132.878507840152
2025-05-14 05:00:00,6647.9799281872
2025-05-14 06:00:00,-0.0
2025-05-14 07:00:00,-0.0
2025-05-14 08:00:00,-0.0
2025-05-14 09:00:00,-0.0
2025-05-14 10:00:00,-0.0
2025-05-14 11:00:00,-0.0
2025-05-14 12:00:00,-0.0
2025-05-14 13:00:00,-0.0
2025-05-14 14:00:00,52823.835819349246
2025-05-14 15:00:00,120383.22971175451
2025-05-14 16:00:00,185948.7692516815
2025-05-14 17:00:00,246127.1810477053
2025-05-14 18:00:00,269640.1910873798
2025-05-14 19:00:00,251039.65265191733
2025-05-14 20:00:00,223969.3971497302
2025-05-14 21:00:00,196136.5736469108
2025-05-14 22:00:00,169314.1595330236
2025-05-14 23:00:00,144172.06201356594
2025-05-15 00:00:00,119724.60477838054
2025-05-15 01:00:00,96238.5177955981
2025-05-15 02:00:00,73679.4852128505
2025-05-15 03:00:00,51630.10261792957
2025-05-15 04:00:00,29279.576191291864
2025-05-15 05:00:00,6119.248318584839
2025-05-15 06:00:00,-0.0
2025-05-15 07:00:00,-0.0
2025-05-15 08:00:00,-0.0
2025-05-15 09:00:00,-0.0
2025-05-15 10:00:00,-0.0
2025-05-15 11:00:00,-0.0
2025-05-15 12:00:00,-0.0
2025-05-15 13:00:00,-0.0
2025-05-15 14:00:00,51681.46971807451
2025-05-15 15:00:00,123402.09676410507
2025-05-15 16:00:00,189506.17268817956
2025-05-15 17:00:00,249175.48909812936
2025-05-15 18:00:00,276817.35469651845
2025-05-15 19:00:00,257187.25240389234
2025-05-15 20:00:00,227980.70539688185
2025-05-15 21:00:00,199222.58279891766
2025-05-15 22:00:00,171929.2421880542
2025-05-15 23:00:00,146360.07811880606
2025-05-16 00:00:00,121358.05352931638
2025-05-16 01:00:00,97409.23727421711
2025-05-16 02:00:00,74401.72084722346
2025-05-16 03:00:00,51720.78243393423
2025-05-16 04:00:00,29277.092659122874
2025-05-16 05:00:00,6032.345744974852
2025-05-16 06:00:00,-0.0
2025-05-16 07:00:00,-0.0
2025-05-16 08:00:00,-0.0
2025-05-16 09:00:00,-0.0
2025-05-16 10:00:00,-0.0
2025-05-16 11:00:00,-0.0
2025-05-16 12:00:00,-0.0
2025-05-16 13:00:00,-0.0
2025-05-16 14:00:00,66893.54930826041
2025-05-16 15:00:00,146714.1872473188
2025-05-16 16:00:00,211450.01324920118
2025-05-16 17:00:00,262698.01745654334
2025-05-16 18:00:00,279054.66199772456
2025-05-16 19:00:00,257423.50831015315
2025-05-16 20:00:00,228382.4344234543
2025-05-16 21:00:00,199782.5342821162
2025-05-16 22:00:00,172659.10286314134
2025-05-16 23:00:00,146685.1612825993
2025-05-17 00:00:00,121663.1416636389
2025-05-17 01:00:00,97716.22787303652
2025-05-17 02:00:00,74848.34170746301
2025-05-17 03:00:00,52564.24681463362
2025-05-17 04:00:00,30546.06813590687
2025-05-17 05:00:00,8189.905728962469
2025-05-17 06:00:00,-0.0
2025-05-17 07:00:00,-0.0
2025-05-17 08:00:00,-0.0
2025-05-17 09:00:00,-0.0
2025-05-17 10:00:00,-0.0
2025-05-17 11:00:00,-0.0
2025-05-17 12:00:00,-0.0
2025-05-17 13:00:00,-0.0
2025-05-17 14:00:00,29528.367268640082
2025-05-17 15:00:00,102612.76023871737
2025-05-17 16:00:00,173283.90877471303
2025-05-17 17:00:00,230670.16794934866
2025-05-17 18:00:00,252255.4821728343
2025-05-17 19:00:00,233544.72809379094
2025-05-17 20:00:00,207507.708987669
2025-05-17 21:00:00,181737.64871651382
2025-05-17 22:00:00,156892.71834993653
2025-05-17 23:00:00,133069.8490831936
2025-05-18 00:00:00,110052.61514762019
2025-05-18 01:00:00,87898.7106083617
2025-05-18 02:00:00,66596.33188247004
2025-05-18 03:00:00,45730.702071470674
2025-05-18 04:00:00,25049.752657354053
2025-05-18 05:00:00,3775.018839641291
2025-05-18 06:00:00,-0.0
2025-05-18 07:00:00,-0.0
2025-05-18 08:00:00,-0.0
2025-05-18 09:00:00,-0.0
2025-05-18 10:00:00,-0.0
2025-05-18 11:00:00,-0.0
2025-05-18 12:00:00,-0.0
2025-05-18 13:00:00,15465.355348461351
2025-05-18 14:00:00,68724.8475499684
2025-05-18 15:00:00,121568.57410974719
2025-05-18 16:00:00,173182.84616226272
2025-05-18 17:00:00,224715.05477108454
2025-05-18 18:00:00,254192.24513296838
2025-05-18 19:00:00,236788.3965920962
2025-05-18 20:00:00,209897.11309482774
2025-05-18 21:00:00,183199.99972301477
2025-05-18 22:00:00,157939.941905781
2025-05-18 23:00:00,134433.65678636846
2025-05-19 00:00:00,111720.9363249899
2025-05-19 01:00:00,89656.72740298836
2025-05-19 02:00:00,68445.48771915391
2025-05-19 03:00:00,47488.88368400898
2025-05-19 04:00:00,25893.342453231315
2025-05-19 05:00:00,3162.305461899611
2025-05-19 06:00:00,-0.0
2025-05-19 07:00:00,-0.0
2025-05-19 08:00:00,-0.0
2025-05-19 09:00:00,-0.0
2025-05-19 10:00:00,-0.0
2025-05-19 11:00:00,-0.0
2025-05-19 12:00:00,-0.0
2025-05-19 13:00:00,-0.0
2025-05-19 14:00:00,47981.94833053462
2025-05-19 15:00:00,119938.63676529132
2025-05-19 16:00:00,187848.90776649752
2025-05-19 17:00:00,251104.46779606887
2025-05-19 18:00:00,282789.31418169057
2025-05-19 19:00:00,263125.8720808446
2025-05-19 20:00:00,232177.35423325872
2025-05-19 21:00:00,201887.4579773738
2025-05-19 22:00:00,173643.8036174133
2025-05-19 23:00:00,147211.1328750724
2025-05-20 00:00:00,121695.66880155397
2025-05-20 01:00:00,97191.87239153474
2025-05-20 02:00:00,73699.78803504347
2025-05-20 03:00:00,50578.320355800395
2025-05-20 04:00:00,27413.923688838186
2025-05-20 05:00:00,3341.140440028139
2025-05-20 06:00:00,-0.0
2025-05-20 07:00:00,-0.0
2025-05-20 08:00:00,-0.0
2025-05-20 09:00:00,-0.0
2025-05-20 10:00:00,-0.0
2025-05-20 11:00:00,-0.0
2025-05-20 12:00:00,-0.0
2025-05-20 13:00:00,-0.0
2025-05-20 14:00:00,36320.34051043834
2025-05-20 15:00:00,116958.42084473201
2025-05-20 16:00:00,196583.56584303343
2025-05-20 17:00:00,266135.27941646153
2025-05-20 18:00:00,295194.18051474384
2025-05-20 19:00:00,273253.4831798332
2025-05-20 20:00:00,240786.1991469966
2025-05-20 21:00:00,208980.6713538755
2025-05-20 22:00:00,179291.56569488783
2025-05-20 23:00:00,151845.2747641884
2025-05-21 00:00:00,125471.60666809948
2025-05-21 01:00:00,100080.47619422874
2025-05-21 02:00:00,75589.64161672059
2025-05-21 03:00:00,51904.2011697617
2025-05-21 04:00:00,28187.04357751129
2025-05-21 05:00:00,3717.3569015594007
2025-05-21 06:00:00,-0.0
2025-05-21 07:00:00,-0.0
2025-05-21 08:00:00,-0.0
2025-05-21 09:00:00,-0.0
2025-05-21 10:00:00,-0.0
2025-05-21 11:00:00,-0.0
2025-05-21 12:00:00,-0.0
2025-05-21 13:00:00,-0.0
2025-05-21 14:00:00,43736.5719774039
2025-05-21 15:00:00,124374.65231169757
2025-05-21 16:00:00,204541.77577429946
2025-05-21 17:00:00,272451.89562891814
2025-05-21 18:00:00,299701.5586620375
2025-05-21 19:00:00,276465.44650275685
2025-05-21 20:00:00,242916.5992012473
2025-05-21 21:00:00,210284.79002571394
2025-05-21 22:00:00,179888.69844567162
2025-05-21 23:00:00,151752.61239266433
2025-05-22 00:00:00,124940.84713415375
2025-05-22 01:00:00,99652.69699037152
2025-05-22 02:00:00,75255.19841991857
2025-05-22 03:00:00,51458.98383451331
2025-05-22 04:00:00,27678.90815556025
2025-05-22 05:00:00,3132.6734237776873
2025-05-22 06:00:00,-0.0
2025-05-22 07:00:00,-0.0
2025-05-22 08:00:00,-0.0
2025-05-22 09:00:00,-0.0
2025-05-22 10:00:00,-0.0
2025-05-22 11:00:00,-0.0
2025-05-22 12:00:00,-0.0
2025-05-22 13:00:00,-0.0
2025-05-22 14:00:00,39178.10359394897
2025-05-22 15:00:00,119816.18392824264
2025-05-22 16:00:00,198018.74894228458
2025-05-22 17:00:00,261092.01514554414
2025-05-22 18:00:00,288819.02810800524
2025-05-22 19:00:00,268022.15278091654
2025-05-22 20:00:00,236316.93430942466
2025-05-22 21:00:00,204985.6038727236
2025-05-22 22:00:00,175666.45783931363
2025-05-22 23:00:00,147864.08369274612
2025-05-23 00:00:00,121638.75644272928
2025-05-23 01:00:00,96810.33032581263
2025-05-23 02:00:00,72814.84007128945
2025-05-23 03:00:00,49346.86111482368
2025-05-23 04:00:00,25739.85695967356
2025-05-23 05:00:00,1503.206363162515
2025-05-23 06:00:00,-0.0
2025-05-23 07:00:00,-0.0
2025-05-23 08:00:00,-0.0
2025-05-23 09:00:00,-0.0
2025-05-23 10:00:00,-0.0
2025-05-23 11:00:00,-0.0
2025-05-23 12:00:00,-0.0
2025-05-23 13:00:00,-0.0
2025-05-23 14:00:00,36629.084173007956
2025-05-23 15:00:00,117267.16450730163
2025-05-23 16:00:00,193742.59379782729
2025-05-23 17:00:00,255904.12137693528
2025-05-23 18:00:00,280131.7400540239
2025-05-23 19:00:00,260191.20465889605
2025-05-23 20:00:00,230542.8754374873
2025-05-23 21:00:00,201078.14678099984
2025-05-23 22:00:00,172968.70878541275
2025-05-23 23:00:00,146415.1231180295
2025-05-24 00:00:00,121010.86523816038
2025-05-24 01:00:00,96677.92703271644
2025-05-24 02:00:00,73305.51906942227
2025-05-24 03:00:00,50525.401415396394
2025-05-24 04:00:00,27991.26318514612
2025-05-24 05:00:00,5311.922365728549
2025-05-24 06:00:00,-0.0
2025-05-24 07:00:00,-0.0
2025-05-24 08:00:00,-0.0
2025-05-24 09:00:00,-0.0
2025-05-24 10:00:00,-0.0
2025-05-24 11:00:00,-0.0
2025-05-24 12:00:00,-0.0
2025-05-24 13:00:00,-0.0
2025-05-24 14:00:00,14870.941929735855
2025-05-24 15:00:00,86832.08100358007
2025-05-24 16:00:00,157774.28244056622
2025-05-24 17:00:00,223462.37043447
2025-05-24 18:00:00,255825.87746759361
2025-05-24 19:00:00,239801.4425841661
2025-05-24 20:00:00,212275.98210893638
2025-05-24 21:00:00,184881.67464995105
2025-05-24 22:00:00,158736.60637588165
2025-05-24 23:00:00,133975.23920174467
2025-05-25 00:00:00,109887.77420793886
2025-05-25 01:00:00,86882.62792166164
2025-05-25 02:00:00,64630.92993416752
2025-05-25 03:00:00,42921.38136793634
2025-05-25 04:00:00,21354.695029045415
2025-05-25 05:00:00,-0.0
2025-05-25 06:00:00,-0.0
2025-05-25 07:00:00,-0.0
2025-05-25 08:00:00,-0.0
2025-05-25 09:00:00,-0.0
2025-05-25 10:00:00,-0.0
2025-05-25 11:00:00,-0.0
2025-05-25 12:00:00,-0.0
2025-05-25 13:00:00,-0.0
2025-05-25 14:00:00,4211.535508730318
2025-05-25 15:00:00,76848.55724257971
2025-05-25 16:00:00,149150.81421761506
2025-05-25 17:00:00,214248.16034747814
2025-05-25 18:00:00,248076.4046145256
2025-05-25 19:00:00,233011.31741997955
2025-05-25 20:00:00,206145.1127703213
2025-05-25 21:00:00,179505.46952696115
2025-05-25 22:00:00,154096.66661187442
2025-05-25 23:00:00,130177.11773646908
2025-05-26 00:00:00,106811.69223614609
2025-05-26 01:00:00,84436.59051819664
2025-05-26 02:00:00,62920.45688862246
2025-05-26 03:00:00,41827.59896320073
2025-05-26 04:00:00,20900.861527434354
2025-05-26 05:00:00,-0.0
2025-05-26 06:00:00,-0.0
2025-05-26 07:00:00,-0.0
2025-05-26 08:00:00,-0.0
2025-05-26 09:00:00,-0.0
2025-05-26 10:00:00,-0.0
2025-05-26 11:00:00,-0.0
2025-05-26 12:00:00,-0.0
2025-05-26 13:00:00,-0.0
2025-05-26 14:00:00,34821.763155820896
2025-05-26 15:00:00,106293.37776051565
2025-05-26 16:00:00,176395.72852565255
2025-05-26 17:00:00,237579.5307555794
2025-05-26 18:00:00,264127.7929625305
2025-05-26 19:00:00,246729.76912219843
2025-05-26 20:00:00,218631.98076356068
2025-05-26 21:00:00,190849.30447353507
2025-05-26 22:00:00,164513.2805070958
2025-05-26 23:00:00,139616.2298469477
2025-05-27 00:00:00,115540.99334501462
2025-05-27 01:00:00,92694.10122776148
2025-05-27 02:00:00,70443.91255217665
2025-05-27 03:00:00,48371.791536628894
2025-05-27 04:00:00,26279.72161079781
2025-05-27 05:00:00,3591.2375722972643
2025-05-27 06:00:00,-0.0
2025-05-27 07:00:00,-0.0
2025-05-27 08:00:00,-0.0
2025-05-27 09:00:00,-0.0
2025-05-27 10:00:00,-0.0
2025-05-27 11:00:00,-0.0
2025-05-27 12:00:00,-0.0
2025-05-27 13:00:00,-0.0
2025-05-27 14:00:00,22372.948369048187
2025-05-27 15:00:00,103011.02870334186
2025-05-27 16:00:00,183649.10903763553
2025-05-27 17:00:00,250640.04037802233
2025-05-27 18:00:00,281149.2213687978
2025-05-27 19:00:00,262790.6572290631
2025-05-27 20:00:00,232034.21053673403
2025-05-27 21:00:00,201548.389022179
2025-05-27 22:00:00,173013.2996262393
2025-05-27 23:00:00,146391.05270935813
2025-05-28 00:00:00,120740.41802565356
2025-05-28 01:00:00,96382.53186061372
2025-05-28 02:00:00,72846.74410022043
2025-05-28 03:00:00,49798.532208953286
2025-05-28 04:00:00,26543.698534601906
2025-05-28 05:00:00,2730.3063098738744
2025-05-28 06:00:00,-0.0
2025-05-28 07:00:00,-0.0
2025-05-28 08:00:00,-0.0
2025-05-28 09:00:00,-0.0
2025-05-28 10:00:00,-0.0
2025-05-28 11:00:00,-0.0
2025-05-28 12:00:00,-0.0
2025-05-28 13:00:00,324.36302624882956
2025-05-28 14:00:00,76921.3997296945
2025-05-28 15:00:00,150789.2703299495
2025-05-28 16:00:00,218069.0269466884
2025-05-28 17:00:00,266836.3555161469
2025-05-28 18:00:00,286010.7314916217
2025-05-28 19:00:00,268852.5889717504
2025-05-28 20:00:00,239819.70463022316
2025-05-28 21:00:00,209918.00556553746
2025-05-28 22:00:00,181655.73041101865
2025-05-28 23:00:00,155135.09519197178
2025-05-29 00:00:00,129486.91984831307
2025-05-29 01:00:00,104844.41770872632
2025-05-29 02:00:00,81201.86179771699
2025-05-29 03:00:00,58009.13318721662
2025-05-29 04:00:00,34718.20885303119
2025-05-29 05:00:00,10511.418368699047
2025-05-29 06:00:00,-0.0
2025-05-29 07:00:00,-0.0
2025-05-29 08:00:00,-0.0
2025-05-29 09:00:00,-0.0
2025-05-29 10:00:00,-0.0
2025-05-29 11:00:00,-0.0
2025-05-29 12:00:00,-0.0
2025-05-29 13:00:00,-0.0
2025-05-29 14:00:00,75356.31900734556
2025-05-29 15:00:00,153973.32920993713
2025-05-29 16:00:00,223281.1462034182
2025-05-29 17:00:00,275675.6527527543
2025-05-29 18:00:00,295063.4520242227
2025-05-29 19:00:00,275380.9147133193
2025-05-29 20:00:00,243227.12934365857
2025-05-29 21:00:00,211462.4573947323
2025-05-29 22:00:00,181532.67642214883
2025-05-29 23:00:00,153777.43371248114
2025-05-30 00:00:00,126904.75734578646
2025-05-30 01:00:00,101472.81853693507
2025-05-30 02:00:00,77183.85056168874
2025-05-30 03:00:00,53353.1251304962
2025-05-30 04:00:00,29184.556017794104
2025-05-30 05:00:00,4051.3960527843733
2025-05-30 06:00:00,-0.0
2025-05-30 07:00:00,-0.0
2025-05-30 08:00:00,-0.0
2025-05-30 09:00:00,-0.0
2025-05-30 10:00:00,-0.0
2025-05-30 11:00:00,-0.0
2025-05-30 12:00:00,-0.0
2025-05-30 13:00:00,2513.2371144651115
2025-05-30 14:00:00,83151.31744875878
2025-05-30 15:00:00,161852.32411091693
2025-05-30 16:00:00,230725.98417184022
2025-05-30 17:00:00,285503.9076353874
2025-05-30 18:00:00,306000.0
2025-05-30 19:00:00,304721.94264360884
2025-05-30 20:00:00,268151.83286393736
2025-05-30 21:00:00,232675.388931425
2025-05-30 22:00:00,199322.20240329535
2025-05-30 23:00:00,168496.70568685292
2025-05-31 00:00:00,139129.5922737141
2025-05-31 01:00:00,111373.3903914734
2025-05-31 02:00:00,84986.58583357645
2025-05-31 03:00:00,59031.71170582626
2025-05-31 04:00:00,33725.61306960721
2025-05-31 05:00:00,8866.292072192573
2025-05-31 06:00:00,-0.0
2025-05-31 07:00:00,-0.0
2025-05-31 08:00:00,-0.0
2025-05-31 09:00:00,-0.0
2025-05-31 10:00:00,-0.0
2025-05-31 11:00:00,-0.0
2025-05-31 12:00:00,25334.096800607498
2025-05-31 13:00:00,98986.30513425135
2025-05-31 14:00:00,168455.88601080157
2025-05-31 15:00:00,224551.9271306033
2025-05-31 16:00:00,272227.38132655644
2025-05-31 17:00:00,303606.307669729
2025-05-31 18:00:00,306000.0
2025-05-31 19:00:00,276991.14854785235
2025-05-31 20:00:00,241506.25031437216
2025-05-31 21:00:00,207166.2711317036
2025-05-31 22:00:00,198651.54213543131
2025-05-31 23:00:00,168717.4459693492
2025-06-01 00:00:00,140304.20983945084
2025-06-01 01:00:00,113355.88077902014
2025-06-01 02:00:00,87652.22084307636
2025-06-01 03:00:00,63168.62830093881
2025-06-01 04:00:00,39305.902538273804
2025-06-01 05:00:00,15749.088565420876
2025-06-01 06:00:00,-0.0
2025-06-01 07:00:00,-0.0
2025-06-01 08:00:00,-0.0
2025-06-01 09:00:00,-0.0
2025-06-01 10:00:00,-0.0
2025-06-01 11:00:00,-0.0
2025-06-01 12:00:00,24602.200650323844
2025-06-01 13:00:00,79936.99855466276
2025-06-01 14:00:00,137494.30719716084
2025-06-01 15:00:00,191848.72278162374
2025-06-01 16:00:00,238584.0636623123
2025-06-01 17:00:00,275375.3761941582
2025-06-01 18:00:00,286656.41765061516
2025-06-01 19:00:00,265265.6492335722
2025-06-01 20:00:00,233774.5179353549
2025-06-01 21:00:00,203110.71487612676
2025-06-01 22:00:00,174460.48050196498
2025-06-01 23:00:00,147770.89596407866
2025-06-02 00:00:00,122427.89073840868
2025-06-02 01:00:00,98091.6326463318
2025-06-02 02:00:00,74726.79305386788
2025-06-02 03:00:00,51581.54231410958
2025-06-02 04:00:00,28527.411049288417
2025-06-02 05:00:00,4689.040561563113
2025-06-02 06:00:00,-0.0
2025-06-02 07:00:00,-0.0
2025-06-02 08:00:00,-0.0
2025-06-02 09:00:00,-0.0
2025-06-02 10:00:00,-0.0
2025-06-02 11:00:00,-0.0
2025-06-02 12:00:00,-0.0
2025-06-02 13:00:00,-0.0
2025-06-02 14:00:00,76781.16007993279
2025-06-02 15:00:00,152440.26282905677
2025-06-02 16:00:00,221658.2743576633
2025-06-02 17:00:00,278282.5064738154
2025-06-02 18:00:00,302348.4953355779
2025-06-02 19:00:00,281470.72993759345
2025-06-02 20:00:00,249157.98894144388
2025-06-02 21:00:00,217364.05569735513
2025-06-02 22:00:00,187518.94380576533
2025-06-02 23:00:00,159313.85535529358
2025-06-03 00:00:00,132732.81245317927
2025-06-03 01:00:00,107127.63541367944
2025-06-03 02:00:00,82392.77620173772
2025-06-03 03:00:00,58126.58225239065
2025-06-03 04:00:00,33871.9728139363
2025-06-03 05:00:00,9150.832604798208
2025-06-03 06:00:00,-0.0
2025-06-03 07:00:00,-0.0
2025-06-03 08:00:00,-0.0
2025-06-03 09:00:00,-0.0
2025-06-03 10:00:00,-0.0
2025-06-03 11:00:00,-0.0
2025-06-03 12:00:00,6141.9704973353655
2025-06-03 13:00:00,74839.29682463921
2025-06-03 14:00:00,130865.05193040903
2025-06-03 15:00:00,183698.93124830408
2025-06-03 16:00:00,234023.44153575465
2025-06-03 17:00:00,279607.0018504379
2025-06-03 18:00:00,296208.730636641
2025-06-03 19:00:00,276434.19156011567
2025-06-03 20:00:00,245405.61028548988
2025-06-03 21:00:00,214642.52370541397
2025-06-03 22:00:00,185639.96373778296
2025-06-03 23:00:00,158202.1309378489
2025-06-04 00:00:00,131798.1272218836
2025-06-04 01:00:00,106430.92571590893
2025-06-04 02:00:00,82005.40737104388
2025-06-04 03:00:00,58068.032979963544
2025-06-04 04:00:00,34100.35247823587
2025-06-04 05:00:00,9517.679753824774
2025-06-04 06:00:00,-0.0
2025-06-04 07:00:00,-0.0
2025-06-04 08:00:00,-0.0
2025-06-04 09:00:00,-0.0
2025-06-04 10:00:00,-0.0
2025-06-04 11:00:00,-0.0
2025-06-04 12:00:00,-0.0
2025-06-04 13:00:00,-0.0
2025-06-04 14:00:00,61748.08936063225
2025-06-04 15:00:00,140750.4043702733
2025-06-04 16:00:00,213304.69784166355
2025-06-04 17:00:00,269970.41600497114
2025-06-04 18:00:00,292577.9410989346
2025-06-04 19:00:00,274492.3768986119
2025-06-04 20:00:00,243513.68879695938
2025-06-04 21:00:00,212240.85175350338
2025-06-04 22:00:00,182631.41754956704
2025-06-04 23:00:00,154569.84134209543
2025-06-05 00:00:00,127761.40760318312
2025-06-05 01:00:00,102083.60515629855
2025-06-05 02:00:00,77368.34507616216
2025-06-05 03:00:00,53224.78117652616
2025-06-05 04:00:00,29050.598835456974
2025-06-05 05:00:00,4233.738778975586
2025-06-05 06:00:00,-0.0
2025-06-05 07:00:00,-0.0
2025-06-05 08:00:00,-0.0
2025-06-05 09:00:00,-0.0
2025-06-05 10:00:00,-0.0
2025-06-05 11:00:00,-0.0
2025-06-05 12:00:00,-0.0
2025-06-05 13:00:00,-0.0
2025-06-05 14:00:00,42803.96303249497
2025-06-05 15:00:00,123156.32003143242
2025-06-05 16:00:00,197360.7125076677
2025-06-05 17:00:00,260733.27636392767
2025-06-05 18:00:00,289193.59497583006
2025-06-05 19:00:00,271808.22129442677
2025-06-05 20:00:00,240561.6533902767
2025-06-05 21:00:00,209474.37838016098
2025-06-05 22:00:00,179828.579374535
2025-06-05 23:00:00,152069.76278198464
2025-06-06 00:00:00,125482.00216278486
2025-06-06 01:00:00,99987.23351796767
2025-06-06 02:00:00,75568.15390667415
2025-06-06 03:00:00,51711.568995241556
2025-06-06 04:00:00,27745.23639750105
2025-06-06 05:00:00,3186.799756722773
2025-06-06 06:00:00,-0.0
2025-06-06 07:00:00,-0.0
2025-06-06 08:00:00,-0.0
2025-06-06 09:00:00,-0.0
2025-06-06 10:00:00,-0.0
2025-06-06 11:00:00,-0.0
2025-06-06 12:00:00,-0.0
2025-06-06 13:00:00,-0.0
2025-06-06 14:00:00,35655.80674653892
2025-06-06 15:00:00,116126.19839409155
2025-06-06 16:00:00,191911.86414021574
2025-06-06 17:00:00,255324.19808941838
2025-06-06 18:00:00,284586.73577501235
2025-06-06 19:00:00,267247.6215691043
2025-06-06 20:00:00,236116.36781153537
2025-06-06 21:00:00,205215.06099544393
2025-06-06 22:00:00,175624.17907911085
2025-06-06 23:00:00,147419.26595823234
2025-06-07 00:00:00,120607.72349272386
2025-06-07 01:00:00,94866.44200586488
2025-06-07 02:00:00,70220.1842346492
2025-06-07 03:00:00,46584.28920932541
2025-06-07 04:00:00,23126.746549166688
2025-06-07 05:00:00,-0.0
2025-06-07 06:00:00,-0.0
2025-06-07 07:00:00,-0.0
2025-06-07 08:00:00,-0.0
2025-06-07 09:00:00,-0.0
2025-06-07 10:00:00,-0.0
2025-06-07 11:00:00,-0.0
2025-06-07 12:00:00,-0.0
2025-06-07 13:00:00,-0.0
2025-06-07 14:00:00,7483.401331577843
2025-06-07 15:00:00,87659.79346971952
2025-06-07 16:00:00,166814.58247655345
2025-06-07 17:00:00,235519.83473540342
2025-06-07 18:00:00,270871.42676477745
2025-06-07 19:00:00,256072.68138288215
2025-06-07 20:00:00,226077.1604128981
2025-06-07 21:00:00,196292.3475184892
2025-06-07 22:00:00,167856.93099691236
2025-06-07 23:00:00,140587.86553515246
2025-06-08 00:00:00,114826.52841910261
2025-06-08 01:00:00,90215.03844181524
2025-06-08 02:00:00,66770.71341037037
2025-06-08 03:00:00,44018.81458326649
2025-06-08 04:00:00,21627.872926248994
2025-06-08 05:00:00,-0.0
2025-06-08 06:00:00,-0.0
2025-06-08 07:00:00,-0.0
2025-06-08 08:00:00,-0.0
2025-06-08 09:00:00,-0.0
2025-06-08 10:00:00,-0.0
2025-06-08 11:00:00,-0.0
2025-06-08 12:00:00,-0.0
2025-06-08 13:00:00,-0.0
2025-06-08 14:00:00,17344.818280481588
2025-06-08 15:00:00,97982.89861477526
2025-06-08 16:00:00,175130.45424944267
2025-06-08 17:00:00,243054.52026453125
2025-06-08 18:00:00,276465.7910762093
2025-06-08 19:00:00,260263.75605589783
2025-06-08 20:00:00,229710.9717974483
2025-06-08 21:00:00,199629.950222975
2025-06-08 22:00:00,171436.75316979387
2025-06-08 23:00:00,145044.0748139588
2025-06-09 00:00:00,119504.53228929438
2025-06-09 01:00:00,95149.6781525351
2025-06-09 02:00:00,71769.24069719057
2025-06-09 03:00:00,48783.09320011627
2025-06-09 04:00:00,25658.577629871786
2025-06-09 05:00:00,2063.220084098755
2025-06-09 06:00:00,-0.0
2025-06-09 07:00:00,-0.0
2025-06-09 08:00:00,-0.0
2025-06-09 09:00:00,-0.0
2025-06-09 10:00:00,-0.0
2025-06-09 11:00:00,-0.0
2025-06-09 12:00:00,-0.0
2025-06-09 13:00:00,-0.0
2025-06-09 14:00:00,42844.111025147125
2025-06-09 15:00:00,123482.1913594408
2025-06-09 16:00:00,200688.6300029447
2025-06-09 17:00:00,264876.6269915777
2025-06-09 18:00:00,295285.7835476157
2025-06-09 19:00:00,276967.1177021067
2025-06-09 20:00:00,243810.66024914497
2025-06-09 21:00:00,211193.17304431344
2025-06-09 22:00:00,180720.88039574958
2025-06-09 23:00:00,152244.4199947766
2025-06-10 00:00:00,125177.01085331966
2025-06-10 01:00:00,99410.30349457113
2025-06-10 02:00:00,74935.59818067649
2025-06-10 03:00:00,50911.95973164534
2025-06-10 04:00:00,26799.38178491945
2025-06-10 05:00:00,2338.7522280771823
2025-06-10 06:00:00,-0.0
2025-06-10 07:00:00,-0.0
2025-06-10 08:00:00,-0.0
2025-06-10 09:00:00,-0.0
2025-06-10 10:00:00,-0.0
2025-06-10 11:00:00,-0.0
2025-06-10 12:00:00,-0.0
2025-06-10 13:00:00,-0.0
2025-06-10 14:00:00,46275.61020341143
2025-06-10 15:00:00,126913.6905377051
2025-06-10 16:00:00,203541.66026825915
2025-06-10 17:00:00,266961.5925874431
2025-06-10 18:00:00,296613.042516049
2025-06-10 19:00:00,277819.39058220317
2025-06-10 20:00:00,244601.41796228092
2025-06-10 21:00:00,211830.80360237192
2025-06-10 22:00:00,181072.09374317699
2025-06-10 23:00:00,152169.18605939767
2025-06-11 00:00:00,124882.44480739595
2025-06-11 01:00:00,98837.19919616316
2025-06-11 02:00:00,74125.53025651273
2025-06-11 03:00:00,49872.9041469563
2025-06-11 04:00:00,25444.95508469079
2025-06-11 05:00:00,733.4958079464227
2025-06-11 06:00:00,-0.0
2025-06-11 07:00:00,-0.0
2025-06-11 08:00:00,-0.0
2025-06-11 09:00:00,-0.0
2025-06-11 10:00:00,-0.0
2025-06-11 11:00:00,-0.0
2025-06-11 12:00:00,-0.0
2025-06-11 13:00:00,-0.0
2025-06-11 14:00:00,25256.4652173809
2025-06-11 15:00:00,105894.54555167457
2025-06-11 16:00:00,186227.0915878432
2025-06-11 17:00:00,254344.104186782
2025-06-11 18:00:00,287779.728803997
2025-06-11 19:00:00,272517.07140830916
2025-06-11 20:00:00,240365.15189569537
2025-06-11 21:00:00,208538.27850572372
2025-06-11 22:00:00,178469.06057217368
2025-06-11 23:00:00,150036.90452133134
2025-06-12 00:00:00,123134.04485420455
2025-06-12 01:00:00,97477.85682389307
2025-06-12 02:00:00,72933.86855631403
2025-06-12 03:00:00,48711.208948812
2025-06-12 04:00:00,24575.955664548062
2025-06-12 05:00:00,-0.0
2025-06-12 06:00:00,-0.0
2025-06-12 07:00:00,-0.0
2025-06-12 08:00:00,-0.0
2025-06-12 09:00:00,-0.0
2025-06-12 10:00:00,-0.0
2025-06-12 11:00:00,-0.0
2025-06-12 12:00:00,-0.0
2025-06-12 13:00:00,-0.0
2025-06-12 14:00:00,10892.81912153188
2025-06-12 15:00:00,91530.89945582555
2025-06-12 16:00:00,172168.97979011922
2025-06-12 17:00:00,243458.75117848103
2025-06-12 18:00:00,280840.3967943662
2025-06-12 19:00:00,267849.1331784295
2025-06-12 20:00:00,237547.1436728977
2025-06-12 21:00:00,206481.4973508853
2025-06-12 22:00:00,176657.7543682262
2025-06-12 23:00:00,148730.9852858118
2025-06-13 00:00:00,121790.66913866367
2025-06-13 01:00:00,96323.96302119855
2025-06-13 02:00:00,71925.81223203229
2025-06-13 03:00:00,48312.1787749719
2025-06-13 04:00:00,24668.442019941915
2025-06-13 05:00:00,588.4571228431819
2025-06-13 06:00:00,-0.0
2025-06-13 07:00:00,-0.0
2025-06-13 08:00:00,-0.0
2025-06-13 09:00:00,-0.0
2025-06-13 10:00:00,-0.0
2025-06-13 11:00:00,-0.0
2025-06-13 12:00:00,-0.0
2025-06-13 13:00:00,-0.0
2025-06-13 14:00:00,18263.22022274288
2025-06-13 15:00:00,98584.19732884607
2025-06-13 16:00:00,173093.30616198783
2025-06-13 17:00:00,241223.9691268689
2025-06-13 18:00:00,278054.8770022965
2025-06-13 19:00:00,264488.6405164251
2025-06-13 20:00:00,233154.75214483944
2025-06-13 21:00:00,202093.461955001
2025-06-13 22:00:00,172519.7981341522
2025-06-13 23:00:00,144765.275567868
2025-06-14 00:00:00,118254.8062988487
2025-06-14 01:00:00,93100.35007405981
2025-06-14 02:00:00,69033.570834963
2025-06-14 03:00:00,45751.00303242126
2025-06-14 04:00:00,22760.126028662045
2025-06-14 05:00:00,-0.0
2025-06-14 06:00:00,-0.0
2025-06-14 07:00:00,-0.0
2025-06-14 08:00:00,-0.0
2025-06-14 09:00:00,-0.0
2025-06-14 10:00:00,-0.0
2025-06-14 11:00:00,-0.0
2025-06-14 12:00:00,-0.0
2025-06-14 13:00:00,-0.0
2025-06-14 14:00:00,36270.76158466333
2025-06-14 15:00:00,116026.28592422287
2025-06-14 16:00:00,186236.10258482068
2025-06-14 17:00:00,244375.37367685698
2025-06-14 18:00:00,269943.2203546721
2025-06-14 19:00:00,254509.3614539412
2025-06-14 20:00:00,225276.8340495544
2025-06-14 21:00:00,196384.1716520235
2025-06-14 22:00:00,167644.107812229
2025-06-14 23:00:00,140535.70286207602
2025-06-15 00:00:00,114531.07278616379
2025-06-15 01:00:00,89994.26851667347
2025-06-15 02:00:00,66565.77919819014
2025-06-15 03:00:00,43916.64662554533
2025-06-15 04:00:00,21753.146468846633
2025-06-15 05:00:00,-0.0
2025-06-15 06:00:00,-0.0
2025-06-15 07:00:00,-0.0
2025-06-15 08:00:00,-0.0
2025-06-15 09:00:00,-0.0
2025-06-15 10:00:00,-0.0
2025-06-15 11:00:00,-0.0
2025-06-15 12:00:00,-0.0
2025-06-15 13:00:00,-0.0
2025-06-15 14:00:00,29005.846907284358
2025-06-15 15:00:00,109643.92724157803
2025-06-15 16:00:00,187107.58468365908
2025-06-15 17:00:00,251502.62858682615
2025-06-15 18:00:00,283965.33002255834
2025-06-15 19:00:00,267558.2140795051
2025-06-15 20:00:00,235378.39589106015
2025-06-15 21:00:00,202969.5525403017
2025-06-15 22:00:00,172762.20874929283
2025-06-15 23:00:00,145036.43788028837
2025-06-16 00:00:00,118732.38687582841
2025-06-16 01:00:00,93922.97091334058
2025-06-16 02:00:00,70048.62053050712
2025-06-16 03:00:00,46933.393097850916
2025-06-16 04:00:00,23701.2015758848
2025-06-16 05:00:00,-0.0
2025-06-16 06:00:00,-0.0
2025-06-16 07:00:00,-0.0
2025-06-16 08:00:00,-0.0
2025-06-16 09:00:00,-0.0
2025-06-16 10:00:00,-0.0
2025-06-16 11:00:00,-0.0
2025-06-16 12:00:00,-0.0
2025-06-16 13:00:00,-0.0
2025-06-16 14:00:00,43560.95506429674
2025-06-16 15:00:00,124199.03539859041
2025-06-16 16:00:00,201167.5853664612
2025-06-16 17:00:00,268128.0551854075
2025-06-16 18:00:00,302343.5847324904
2025-06-16 19:00:00,285797.44409335696
2025-06-16 20:00:00,251324.05005617745
2025-06-16 21:00:00,216681.78815430292
2025-06-16 22:00:00,184364.98876930156
2025-06-16 23:00:00,154593.34747969583
2025-06-17 00:00:00,126775.23714589843
2025-06-17 01:00:00,100385.34718214895
2025-06-17 02:00:00,75288.60571750448
2025-06-17 03:00:00,50717.65654837636
2025-06-17 04:00:00,26191.787588932526
2025-06-17 05:00:00,1269.1320766512551
2025-06-17 06:00:00,-0.0
2025-06-17 07:00:00,-0.0
2025-06-17 08:00:00,-0.0
2025-06-17 09:00:00,-0.0
2025-06-17 10:00:00,-0.0
2025-06-17 11:00:00,-0.0
2025-06-17 12:00:00,-0.0
2025-06-17 13:00:00,-0.0
2025-06-17 14:00:00,52679.011655236056
2025-06-17 15:00:00,133317.09198952973
2025-06-17 16:00:00,208829.8944544356
2025-06-17 17:00:00,273619.0906347742
2025-06-17 18:00:00,306000.0
2025-06-17 19:00:00,288798.29253191844
2025-06-17 20:00:00,253541.63902742259
2025-06-17 21:00:00,218894.74136247628
2025-06-17 22:00:00,186298.22252363252
2025-06-17 23:00:00,156213.72691730192
2025-06-18 00:00:00,127810.16640730627
2025-06-18 01:00:00,100903.70851092107
2025-06-18 02:00:00,74859.08520114685
2025-06-18 03:00:00,49452.877020261774
2025-06-18 04:00:00,27111.812552639884
2025-06-18 05:00:00,1742.9568724152812
2025-06-18 06:00:00,-0.0
2025-06-18 07:00:00,-0.0
2025-06-18 08:00:00,-0.0
2025-06-18 09:00:00,-0.0
2025-06-18 10:00:00,-0.0
2025-06-18 11:00:00,-0.0
2025-06-18 12:00:00,-0.0
2025-06-18 13:00:00,-0.0
2025-06-18 14:00:00,59826.076808626254
2025-06-18 15:00:00,139728.17356575083
2025-06-18 16:00:00,213610.7253148568
2025-06-18 17:00:00,275661.4620063146
2025-06-18 18:00:00,306000.0
2025-06-18 19:00:00,286611.0771154742
2025-06-18 20:00:00,250100.02914191532
2025-06-18 21:00:00,214349.91219465062
2025-06-18 22:00:00,180915.30586655287
2025-06-18 23:00:00,150135.51770684993
2025-06-19 00:00:00,121443.12059313519
2025-06-19 01:00:00,94265.49241474562
2025-06-19 02:00:00,74291.55775477852
2025-06-19 03:00:00,49738.98107205452
2025-06-19 04:00:00,25335.902193441296
2025-06-19 05:00:00,894.6072274806298
2025-06-19 06:00:00,-0.0
2025-06-19 07:00:00,-0.0
2025-06-19 08:00:00,-0.0
2025-06-19 09:00:00,-0.0
2025-06-19 10:00:00,-0.0
2025-06-19 11:00:00,-0.0
2025-06-19 12:00:00,-0.0
2025-06-19 13:00:00,-0.0
2025-06-19 14:00:00,34863.62346877117
2025-06-19 15:00:00,115501.70380306484
2025-06-19 16:00:00,193610.04425761622
2025-06-19 17:00:00,256921.11288041645
2025-06-19 18:00:00,286835.70807167084
2025-06-19 19:00:00,271489.0086025005
2025-06-19 20:00:00,239136.9153500625
2025-06-19 21:00:00,207135.40429999586
2025-06-19 22:00:00,176975.29657201603
2025-06-19 23:00:00,148523.97273654002
2025-06-20 00:00:00,121707.90008494974
2025-06-20 01:00:00,96104.2023103008
2025-06-20 02:00:00,71744.09117556781
2025-06-20 03:00:00,48196.5318652313
2025-06-20 04:00:00,24679.844644893656
2025-06-20 05:00:00,678.635757561497
2025-06-20 06:00:00,-0.0
2025-06-20 07:00:00,-0.0
2025-06-20 08:00:00,-0.0
2025-06-20 09:00:00,-0.0
2025-06-20 10:00:00,-0.0
2025-06-20 11:00:00,-0.0
2025-06-20 12:00:00,-0.0
2025-06-20 13:00:00,-0.0
2025-06-20 14:00:00,2185.269776462592
2025-06-20 15:00:00,80538.18359048321
2025-06-20 16:00:00,160300.14560105396
2025-06-20 17:00:00,232163.09901115362
2025-06-20 18:00:00,270814.5041886188
2025-06-20 19:00:00,259118.42395357578
2025-06-20 20:00:00,229276.69985371793
2025-06-20 21:00:00,199395.7100426265
2025-06-20 22:00:00,170845.53662895077
2025-06-20 23:00:00,143469.21728784952
2025-06-21 00:00:00,117451.241507395
2025-06-21 01:00:00,92475.19342824101
2025-06-21 02:00:00,68856.3141794499
2025-06-21 03:00:00,45793.352873015036
2025-06-21 04:00:00,22787.996010668427
2025-06-21 05:00:00,-0.0
2025-06-21 06:00:00,-0.0
2025-06-21 07:00:00,-0.0
2025-06-21 08:00:00,-0.0
2025-06-21 09:00:00,-0.0
2025-06-21 10:00:00,-0.0
2025-06-21 11:00:00,-0.0
2025-06-21 12:00:00,-0.0
2025-06-21 13:00:00,-0.0
2025-06-21 14:00:00,-0.0
2025-06-21 15:00:00,70435.60486999215
2025-06-21 16:00:00,144628.22308285735
2025-06-21 17:00:00,214486.39992795457
2025-06-21 18:00:00,253202.75475376035
2025-06-21 19:00:00,243433.94537515752
2025-06-21 20:00:00,215942.9641068874
2025-06-21 21:00:00,188294.22121038986
2025-06-21 22:00:00,161327.06804391998
2025-06-21 23:00:00,135938.1208626052
2025-06-22 00:00:00,111228.29574902782
2025-06-22 01:00:00,87425.37797509477
2025-06-22 02:00:00,64740.7105826958
2025-06-22 03:00:00,42791.83269711582
2025-06-22 04:00:00,21157.079577527165
2025-06-22 05:00:00,-0.0
2025-06-22 06:00:00,-0.0
2025-06-22 07:00:00,-0.0
2025-06-22 08:00:00,-0.0
2025-06-22 09:00:00,-0.0
2025-06-22 10:00:00,-0.0
2025-06-22 11:00:00,-0.0
2025-06-22 12:00:00,-0.0
2025-06-22 13:00:00,-0.0
2025-06-22 14:00:00,13920.23065094727
2025-06-22 15:00:00,82761.52498740298
2025-06-22 16:00:00,154596.41784427382
2025-06-22 17:00:00,222322.83473074672
2025-06-22 18:00:00,262863.9769678785
2025-06-22 19:00:00,252763.85813545782
2025-06-22 20:00:00,223845.18084108067
2025-06-22 21:00:00,194705.05779166587
2025-06-22 22:00:00,167231.81059278228
2025-06-22 23:00:00,141601.64955177167
2025-06-23 00:00:00,117115.69100439968
2025-06-23 01:00:00,93636.91399720364
2025-06-23 02:00:00,71152.16057014914
2025-06-23 03:00:00,49041.73709230524
2025-06-23 04:00:00,26593.219967753008
2025-06-23 05:00:00,3402.1317713695994
2025-06-23 06:00:00,-0.0
2025-06-23 07:00:00,-0.0
2025-06-23 08:00:00,-0.0
2025-06-23 09:00:00,-0.0
2025-06-23 10:00:00,-0.0
2025-06-23 11:00:00,-0.0
2025-06-23 12:00:00,-0.0
2025-06-23 13:00:00,-0.0
2025-06-23 14:00:00,33296.09636677054
2025-06-23 15:00:00,113934.1767010642
2025-06-23 16:00:00,192288.8889238281
2025-06-23 17:00:00,256847.2597998323
2025-06-23 18:00:00,285343.7716066992
2025-06-23 19:00:00,269161.53014578525
2025-06-23 20:00:00,237674.33757026974
2025-06-23 21:00:00,206580.79570269768
2025-06-23 22:00:00,177282.87561796984
2025-06-23 23:00:00,149855.9748224479
2025-06-24 00:00:00,123800.17957571454
2025-06-24 01:00:00,98827.9604598279
2025-06-24 02:00:00,74835.53038566846
2025-06-24 03:00:00,51509.23661885051
2025-06-24 04:00:00,27961.39876199556
2025-06-24 05:00:00,3782.422494385607
2025-06-24 06:00:00,-0.0
2025-06-24 07:00:00,-0.0
2025-06-24 08:00:00,-0.0
2025-06-24 09:00:00,-0.0
2025-06-24 10:00:00,-0.0
2025-06-24 11:00:00,-0.0
2025-06-24 12:00:00,-0.0
2025-06-24 13:00:00,-0.0
2025-06-24 14:00:00,36036.39819266542
2025-06-24 15:00:00,116674.4785269591
2025-06-24 16:00:00,190811.16065983786
2025-06-24 17:00:00,252153.3692007627
2025-06-24 18:00:00,283244.0920592794
2025-06-24 19:00:00,269068.0475698379
2025-06-24 20:00:00,238727.49625339633
2025-06-24 21:00:00,207751.36333443652
2025-06-24 22:00:00,178490.7125351095
2025-06-24 23:00:00,151163.83711507847
2025-06-25 00:00:00,125053.84583065331
2025-06-25 01:00:00,99929.72448435258
2025-06-25 02:00:00,75927.53808538367
2025-06-25 03:00:00,52473.54411824054
2025-06-25 04:00:00,29041.89301392611
2025-06-25 05:00:00,5082.784449613221
2025-06-25 06:00:00,-0.0
2025-06-25 07:00:00,-0.0
2025-06-25 08:00:00,-0.0
2025-06-25 09:00:00,-0.0
2025-06-25 10:00:00,-0.0
2025-06-25 11:00:00,-0.0
2025-06-25 12:00:00,-0.0
2025-06-25 13:00:00,-0.0
2025-06-25 14:00:00,41464.1888825667
2025-06-25 15:00:00,122102.26921686037
2025-06-25 16:00:00,199359.1050380542
2025-06-25 17:00:00,264038.8227160306
2025-06-25 18:00:00,296158.93769324233
2025-06-25 19:00:00,280432.5364883564
2025-06-25 20:00:00,247893.54923784593
2025-06-25 21:00:00,215141.71597304402
2025-06-25 22:00:00,184243.56343746954
2025-06-25 23:00:00,155603.68811035383
2025-06-26 00:00:00,128271.89229038676
2025-06-26 01:00:00,102251.23099217076
2025-06-26 02:00:00,77426.0233575055
2025-06-26 03:00:00,53316.44756740684
2025-06-26 04:00:00,29214.60196812755
2025-06-26 05:00:00,4693.665437296827
2025-06-26 06:00:00,-0.0
2025-06-26 07:00:00,-0.0
2025-06-26 08:00:00,-0.0
2025-06-26 09:00:00,-0.0
2025-06-26 10:00:00,-0.0
2025-06-26 11:00:00,-0.0
2025-06-26 12:00:00,-0.0
2025-06-26 13:00:00,-0.0
2025-06-26 14:00:00,45440.02329230054
2025-06-26 15:00:00,126078.10362659421
2025-06-26 16:00:00,203528.61172391052
2025-06-26 17:00:00,269176.4325325842
2025-06-26 18:00:00,300566.91216273786
2025-06-26 19:00:00,284214.41975068615
2025-06-26 20:00:00,250720.75150486585
2025-06-26 21:00:00,217448.75826407535
2025-06-26 22:00:00,186037.93510398077
2025-06-26 23:00:00,156998.342084253
2025-06-27 00:00:00,129509.19577686446
2025-06-27 01:00:00,103511.83780368965
2025-06-27 02:00:00,78643.66047466933
2025-06-27 03:00:00,54461.07375037091
2025-06-27 04:00:00,30268.221749957673
2025-06-27 05:00:00,5493.9674279150795
2025-06-27 06:00:00,-0.0
2025-06-27 07:00:00,-0.0
2025-06-27 08:00:00,-0.0
2025-06-27 09:00:00,-0.0
2025-06-27 10:00:00,-0.0
2025-06-27 11:00:00,-0.0
2025-06-27 12:00:00,-0.0
2025-06-27 13:00:00,-0.0
2025-06-27 14:00:00,66444.51835253787
2025-06-27 15:00:00,147082.59868683154
2025-06-27 16:00:00,220745.74062229219
2025-06-27 17:00:00,280337.4224054523
2025-06-27 18:00:00,305952.5462272806
2025-06-27 19:00:00,286410.7227849646
2025-06-27 20:00:00,251533.04790995765
2025-06-27 21:00:00,217183.7079606157
2025-06-27 22:00:00,185168.8371253329
2025-06-27 23:00:00,155326.82240221446
2025-06-28 00:00:00,127099.12749704494
2025-06-28 01:00:00,100626.85074503788
2025-06-28 02:00:00,75497.07701023086
2025-06-28 03:00:00,51278.01943831554
2025-06-28 04:00:00,27431.726978557876
2025-06-28 05:00:00,3738.1013708647974
2025-06-28 06:00:00,-0.0
2025-06-28 07:00:00,-0.0
2025-06-28 08:00:00,-0.0
2025-06-28 09:00:00,-0.0
2025-06-28 10:00:00,-0.0
2025-06-28 11:00:00,-0.0
2025-06-28 12:00:00,-0.0
2025-06-28 13:00:00,-0.0
2025-06-28 14:00:00,53792.269064796026
2025-06-28 15:00:00,134430.3493990897
2025-06-28 16:00:00,209837.62096920543
2025-06-28 17:00:00,271395.1019443581
2025-06-28 18:00:00,301985.2210350361
2025-06-28 19:00:00,283298.0869926827
2025-06-28 20:00:00,248184.12719139748
2025-06-28 21:00:00,214029.3840831503
2025-06-28 22:00:00,182101.8638767313
2025-06-28 23:00:00,152477.99381730123
2025-06-29 00:00:00,124621.17068538092
2025-06-29 01:00:00,98505.53338375247
2025-06-29 02:00:00,73676.32710658474
2025-06-29 03:00:00,49704.82746942226
2025-06-29 04:00:00,26402.755070311858
2025-06-29 05:00:00,3504.2851729042186
2025-06-29 06:00:00,-0.0
2025-06-29 07:00:00,-0.0
2025-06-29 08:00:00,-0.0
2025-06-29 09:00:00,-0.0
2025-06-29 10:00:00,-0.0
2025-06-29 11:00:00,-0.0
2025-06-29 12:00:00,-0.0
2025-06-29 13:00:00,-0.0
2025-06-29 14:00:00,44889.99420480277
2025-06-29 15:00:00,125528.07453909644
2025-06-29 16:00:00,202120.44627203327
2025-06-29 17:00:00,267837.3127548601
2025-06-29 18:00:00,302038.2655685891
2025-06-29 19:00:00,285488.39315817226
2025-06-29 20:00:00,250885.56585128402
2025-06-29 21:00:00,217190.0209258885
2025-06-29 22:00:00,185596.5257209122
2025-06-29 23:00:00,156480.76649466594
2025-06-30 00:00:00,128931.87689820505
2025-06-30 01:00:00,102361.92376548125
2025-06-30 02:00:00,77116.06049349526
2025-06-30 03:00:00,52875.285659304485
2025-06-30 04:00:00,28838.178346611185
2025-06-30 05:00:00,4223.980789659778
2025-06-30 06:00:00,-0.0
2025-06-30 07:00:00,-0.0
2025-06-30 08:00:00,-0.0
2025-06-30 09:00:00,-0.0
2025-06-30 10:00:00,-0.0
2025-06-30 11:00:00,-0.0
2025-06-30 12:00:00,-0.0
2025-06-30 13:00:00,-0.0
2025-06-30 14:00:00,51884.76401852454
2025-06-30 15:00:00,132522.8443528182
2025-06-30 16:00:00,207935.8535536349
2025-06-30 17:00:00,272813.1037750431
2025-06-30 18:00:00,306000.0
2025-06-30 19:00:00,288260.93688270357
2025-06-30 20:00:00,252001.15318315063
2025-06-30 21:00:00,226067.69088546146
2025-06-30 22:00:00,193125.65581838792
2025-06-30 23:00:00,162829.85051176054
2025-07-01 00:00:00,134224.94889421883
2025-07-01 01:00:00,107509.54110859706
2025-07-01 02:00:00,81846.59123403642
2025-07-01 03:00:00,57018.50654068749
2025-07-01 04:00:00,32122.13770704884
2025-07-01 05:00:00,6717.039680861714
2025-07-01 06:00:00,-0.0
2025-07-01 07:00:00,-0.0
2025-07-01 08:00:00,-0.0
2025-07-01 09:00:00,-0.0
2025-07-01 10:00:00,-0.0
2025-07-01 11:00:00,-0.0
2025-07-01 12:00:00,-0.0
2025-07-01 13:00:00,16263.761373174828
2025-07-01 14:00:00,87643.6309830836
2025-07-01 15:00:00,157995.23281825997
2025-07-01 16:00:00,225699.8660659137
2025-07-01 17:00:00,280431.0332566475
2025-07-01 18:00:00,306000.0
2025-07-01 19:00:00,286980.33782551787
2025-07-01 20:00:00,251222.40147180497
2025-07-01 21:00:00,216104.54500971513
2025-07-01 22:00:00,183267.27102672565
2025-07-01 23:00:00,152872.86974206776
2025-07-02 00:00:00,124076.50607029436
2025-07-02 01:00:00,115344.30944399856
2025-07-02 02:00:00,88634.60361058691
2025-07-02 03:00:00,62720.967392348146
2025-07-02 04:00:00,36951.32091049528
2025-07-02 05:00:00,11231.683781916947
2025-07-02 06:00:00,-0.0
2025-07-02 07:00:00,-0.0
2025-07-02 08:00:00,-0.0
2025-07-02 09:00:00,-0.0
2025-07-02 10:00:00,-0.0
2025-07-02 11:00:00,-0.0
2025-07-02 12:00:00,-0.0
2025-07-02 13:00:00,3249.566145577104
2025-07-02 14:00:00,82475.9972777335
2025-07-02 15:00:00,156821.14605250861
2025-07-02 16:00:00,223321.7812460716
2025-07-02 17:00:00,279062.1457763023
2025-07-02 18:00:00,306000.0
2025-07-02 19:00:00,287434.34815406025
2025-07-02 20:00:00,252584.2383096605
2025-07-02 21:00:00,218396.50997118503
2025-07-02 22:00:00,186160.03934832854
2025-07-02 23:00:00,156094.44850087454
2025-07-03 00:00:00,127472.71069143098
2025-07-03 01:00:00,100467.23531240111
2025-07-03 02:00:00,84815.08589960093
2025-07-03 03:00:00,59631.20109094493
2025-07-03 04:00:00,34648.546646075454
2025-07-03 05:00:00,8947.544453819446
2025-07-03 06:00:00,-0.0
2025-07-03 07:00:00,-0.0
2025-07-03 08:00:00,-0.0
2025-07-03 09:00:00,-0.0
2025-07-03 10:00:00,-0.0
2025-07-03 11:00:00,-0.0
2025-07-03 12:00:00,-0.0
2025-07-03 13:00:00,-0.0
2025-07-03 14:00:00,75373.57432285296
2025-07-03 15:00:00,148820.39503066958
2025-07-03 16:00:00,215827.0910370393
2025-07-03 17:00:00,272269.82145858515
2025-07-03 18:00:00,298549.7322667955
2025-07-03 19:00:00,280818.27208163135
2025-07-03 20:00:00,248249.71585637768
2025-07-03 21:00:00,215796.01634752372
2025-07-03 22:00:00,184877.85264813688
2025-07-03 23:00:00,155649.15062715585
2025-07-04 00:00:00,127955.79120363924
2025-07-04 01:00:00,101760.45518995853
2025-07-04 02:00:00,76756.979516102
2025-07-04 03:00:00,52746.77027260887
2025-07-04 04:00:00,28919.515678319178
2025-07-04 05:00:00,5217.606441304731
2025-07-04 06:00:00,-0.0
2025-07-04 07:00:00,-0.0
2025-07-04 08:00:00,-0.0
2025-07-04 09:00:00,-0.0
2025-07-04 10:00:00,-0.0
2025-07-04 11:00:00,-0.0
2025-07-04 12:00:00,-0.0
2025-07-04 13:00:00,-0.0
2025-07-04 14:00:00,9826.801261334345
2025-07-04 15:00:00,90464.88159562802
2025-07-04 16:00:00,170507.96255250083
2025-07-04 17:00:00,239783.2733374764
2025-07-04 18:00:00,277355.60215445026
2025-07-04 19:00:00,264144.85955457145
2025-07-04 20:00:00,233763.3768971833
2025-07-04 21:00:00,203941.78111581266
2025-07-04 22:00:00,175066.82890542672
2025-07-04 23:00:00,147531.21348594973
2025-07-05 00:00:00,121237.77326068308
2025-07-05 01:00:00,96242.89115015455
2025-07-05 02:00:00,72301.34838485689
2025-07-05 03:00:00,49083.22002077225
2025-07-05 04:00:00,26006.408261792272
2025-07-05 05:00:00,3163.8451545639473
2025-07-05 06:00:00,-0.0
2025-07-05 07:00:00,-0.0
2025-07-05 08:00:00,-0.0
2025-07-05 09:00:00,-0.0
2025-07-05 10:00:00,-0.0
2025-07-05 11:00:00,-0.0
2025-07-05 12:00:00,-0.0
2025-07-05 13:00:00,-0.0
2025-07-05 14:00:00,19042.693684988742
2025-07-05 15:00:00,99680.77401928241
2025-07-05 16:00:00,180318.85435357608
2025-07-05 17:00:00,244286.89686542322
2025-07-05 18:00:00,277738.2531839163
2025-07-05 19:00:00,264338.04356015264
2025-07-05 20:00:00,232545.50263210156
2025-07-05 21:00:00,201226.4349600386
2025-07-05 22:00:00,171730.044764804
2025-07-05 23:00:00,143881.16696196824
2025-07-06 00:00:00,117788.4324204543
2025-07-06 01:00:00,93205.81991012185
2025-07-06 02:00:00,69547.12775810032
2025-07-06 03:00:00,46648.22072490916
2025-07-06 04:00:00,23967.5946938453
2025-07-06 05:00:00,1668.2425657527551
2025-07-06 06:00:00,-0.0
2025-07-06 07:00:00,-0.0
2025-07-06 08:00:00,-0.0
2025-07-06 09:00:00,-0.0
2025-07-06 10:00:00,-0.0
2025-07-06 11:00:00,-0.0
2025-07-06 12:00:00,-0.0
2025-07-06 13:00:00,-0.0
2025-07-06 14:00:00,28708.866653710167
2025-07-06 15:00:00,109346.94698800384
2025-07-06 16:00:00,189142.10479043738
2025-07-06 17:00:00,257515.58811247323
2025-07-06 18:00:00,295201.82612075866
2025-07-06 19:00:00,281164.54721023486
2025-07-06 20:00:00,248251.18349735782
2025-07-06 21:00:00,215950.31275927235
2025-07-06 22:00:00,185707.0529074769
2025-07-06 23:00:00,157567.2304294611
2025-07-07 00:00:00,130964.48591096734
2025-07-07 01:00:00,105357.11215945172
2025-07-07 02:00:00,80287.22292468454
2025-07-07 03:00:00,55733.07665704393
2025-07-07 04:00:00,31235.008448445078
2025-07-07 05:00:00,6383.380317042114
2025-07-07 06:00:00,-0.0
2025-07-07 07:00:00,-0.0
2025-07-07 08:00:00,-0.0
2025-07-07 09:00:00,-0.0
2025-07-07 10:00:00,-0.0
2025-07-07 11:00:00,-0.0
2025-07-07 12:00:00,-0.0
2025-07-07 13:00:00,-0.0
2025-07-07 14:00:00,57303.412619173745
2025-07-07 15:00:00,137941.49295346742
2025-07-07 16:00:00,212581.93404951412
2025-07-07 17:00:00,275891.7870549836
2025-07-07 18:00:00,306000.0
2025-07-07 19:00:00,287570.8125446296
2025-07-07 20:00:00,252601.04658027476
2025-07-07 21:00:00,218508.7824206101
2025-07-07 22:00:00,186827.92080244794
2025-07-07 23:00:00,157180.81664999094
2025-07-08 00:00:00,129194.14960255833
2025-07-08 01:00:00,110130.52423283948
2025-07-08 02:00:00,84522.3420503106
2025-07-08 03:00:00,59429.304764929344
2025-07-08 04:00:00,34159.794734276904
2025-07-08 05:00:00,8480.422592554563
2025-07-08 06:00:00,-0.0
2025-07-08 07:00:00,-0.0
2025-07-08 08:00:00,-0.0
2025-07-08 09:00:00,-0.0
2025-07-08 10:00:00,-0.0
2025-07-08 11:00:00,-0.0
2025-07-08 12:00:00,-0.0
2025-07-08 13:00:00,-0.0
2025-07-08 14:00:00,65115.20866653221
2025-07-08 15:00:00,142905.63256140455
2025-07-08 16:00:00,213861.4290843904
2025-07-08 17:00:00,274588.57542689826
2025-07-08 18:00:00,306000.0
2025-07-08 19:00:00,304650.5084066532
2025-07-08 20:00:00,268697.6462585773
2025-07-08 21:00:00,233354.50105732735
2025-07-08 22:00:00,200361.63679765383
2025-07-08 23:00:00,169861.4518924703
2025-07-09 00:00:00,140855.3877200208
2025-07-09 01:00:00,113243.31925435967
2025-07-09 02:00:00,86850.8494380872
2025-07-09 03:00:00,61009.15704571767
2025-07-09 04:00:00,35264.92269460384
2025-07-09 05:00:00,9164.06587564005
2025-07-09 06:00:00,-0.0
2025-07-09 07:00:00,-0.0
2025-07-09 08:00:00,-0.0
2025-07-09 09:00:00,-0.0
2025-07-09 10:00:00,-0.0
2025-07-09 11:00:00,-0.0
2025-07-09 12:00:00,-0.0
2025-07-09 13:00:00,-0.0
2025-07-09 14:00:00,66257.89683804088
2025-07-09 15:00:00,144357.27435050494
2025-07-09 16:00:00,214645.0144618048
2025-07-09 17:00:00,275593.8796843609
2025-07-09 18:00:00,306000.0
2025-07-09 19:00:00,286457.74814316136
2025-07-09 20:00:00,249074.3807428855
2025-07-09 21:00:00,212440.1054157895
2025-07-09 22:00:00,178381.25800245535
2025-07-09 23:00:00,146928.84246049728
2025-07-10 00:00:00,117222.12008849962
2025-07-10 01:00:00,89167.81553956165
2025-07-10 02:00:00,62423.78800883868
2025-07-10 03:00:00,61259.46578042238
2025-07-10 04:00:00,35334.268444087786
2025-07-10 05:00:00,9312.297743764853
2025-07-10 06:00:00,-0.0
2025-07-10 07:00:00,-0.0
2025-07-10 08:00:00,-0.0
2025-07-10 09:00:00,-0.0
2025-07-10 10:00:00,-0.0
2025-07-10 11:00:00,-0.0
2025-07-10 12:00:00,-0.0
2025-07-10 13:00:00,-0.0
2025-07-10 14:00:00,74286.35695407694
2025-07-10 15:00:00,150712.7260805053
2025-07-10 16:00:00,220105.32294991647
2025-07-10 17:00:00,278762.9387701626
2025-07-10 18:00:00,306000.0
2025-07-10 19:00:00,284019.939221546
2025-07-10 20:00:00,244305.19462001158
2025-07-10 21:00:00,205772.00240705712
2025-07-10 22:00:00,170101.16714144236
2025-07-10 23:00:00,137351.17634699531
2025-07-11 00:00:00,106602.20682898579
2025-07-11 01:00:00,77762.39263259083
2025-07-11 02:00:00,63268.581923421
2025-07-11 03:00:00,63268.581923421
2025-07-11 04:00:00,37003.1101403674
2025-07-11 05:00:00,10218.780289313434
2025-07-11 06:00:00,-0.0
2025-07-11 07:00:00,-0.0
2025-07-11 08:00:00,-0.0
2025-07-11 09:00:00,-0.0
2025-07-11 10:00:00,-0.0
2025-07-11 11:00:00,-0.0
2025-07-11 12:00:00,-0.0
2025-07-11 13:00:00,-0.0
2025-07-11 14:00:00,72648.82853954696
2025-07-11 15:00:00,149888.22232197924
2025-07-11 16:00:00,220356.16589902804
2025-07-11 17:00:00,279531.4286315654
2025-07-11 18:00:00,306000.0
2025-07-11 19:00:00,284639.9828846263
2025-07-11 20:00:00,247028.31248282408
2025-07-11 21:00:00,210388.79942148083
2025-07-11 22:00:00,176024.84044171165
2025-07-11 23:00:00,143983.3817289206
2025-07-12 00:00:00,141560.26914682306
2025-07-12 01:00:00,113158.45096749076
2025-07-12 02:00:00,86214.74371500051
2025-07-12 03:00:00,60160.51902295381
2025-07-12 04:00:00,34498.77411711725
2025-07-12 05:00:00,8990.566545539354
2025-07-12 06:00:00,-0.0
2025-07-12 07:00:00,-0.0
2025-07-12 08:00:00,-0.0
2025-07-12 09:00:00,-0.0
2025-07-12 10:00:00,-0.0
2025-07-12 11:00:00,-0.0
2025-07-12 12:00:00,-0.0
2025-07-12 13:00:00,-0.0
2025-07-12 14:00:00,59273.261550208364
2025-07-12 15:00:00,139911.34188450204
2025-07-12 16:00:00,214287.1183571936
2025-07-12 17:00:00,276305.92304884165
2025-07-12 18:00:00,306000.0
2025-07-12 19:00:00,287182.91525066894
2025-07-12 20:00:00,261950.16143856378
2025-07-12 21:00:00,227784.36023640732
2025-07-12 22:00:00,195469.1592235951
2025-07-12 23:00:00,165457.1580778935
2025-07-13 00:00:00,136874.0479138142
2025-07-13 01:00:00,110077.13769283719
2025-07-13 02:00:00,84429.60981604258
2025-07-13 03:00:00,59507.52890075171
2025-07-13 04:00:00,35063.792772316934
2025-07-13 05:00:00,10721.712651949527
2025-07-13 06:00:00,-0.0
2025-07-13 07:00:00,-0.0
2025-07-13 08:00:00,-0.0
2025-07-13 09:00:00,-0.0
2025-07-13 10:00:00,-0.0
2025-07-13 11:00:00,-0.0
2025-07-13 12:00:00,-0.0
2025-07-13 13:00:00,-0.0
2025-07-13 14:00:00,71772.14195096337
2025-07-13 15:00:00,152410.22228525704
2025-07-13 16:00:00,224735.80682186276
2025-07-13 17:00:00,281986.40772270766
2025-07-13 18:00:00,306000.0
2025-07-13 19:00:00,284753.223520218
2025-07-13 20:00:00,249686.59984509234
2025-07-13 21:00:00,215503.59156547015
2025-07-13 22:00:00,204580.05568222606
2025-07-13 23:00:00,174311.29897067804
2025-07-14 00:00:00,145842.57063162178
2025-07-14 01:00:00,119042.10511668425
2025-07-14 02:00:00,93273.40484944466
2025-07-14 03:00:00,67830.54024478627
2025-07-14 04:00:00,42408.73426637456
2025-07-14 05:00:00,16500.045039364268
2025-07-14 06:00:00,-0.0
2025-07-14 07:00:00,-0.0
2025-07-14 08:00:00,-0.0
2025-07-14 09:00:00,-0.0
2025-07-14 10:00:00,-0.0
2025-07-14 11:00:00,-0.0
2025-07-14 12:00:00,-0.0
2025-07-14 13:00:00,16582.023928450202
2025-07-14 14:00:00,94584.43074859201
2025-07-14 15:00:00,168862.1035028892
2025-07-14 16:00:00,235019.54152231762
2025-07-14 17:00:00,286603.00081325707
2025-07-14 18:00:00,306000.0
2025-07-14 19:00:00,282493.7701479575
2025-07-14 20:00:00,245457.98833328683
2025-07-14 21:00:00,209486.64438201705
2025-07-14 22:00:00,182863.23133682983
2025-07-14 23:00:00,151850.13441559215
2025-07-15 00:00:00,122339.7025902083
2025-07-15 01:00:00,122339.7025902083
2025-07-15 02:00:00,95465.4657290862
2025-07-15 03:00:00,68906.98576029652
2025-07-15 04:00:00,42757.89666303991
2025-07-15 05:00:00,15657.809535089787
2025-07-15 06:00:00,-0.0
2025-07-15 07:00:00,-0.0
2025-07-15 08:00:00,-0.0
2025-07-15 09:00:00,-0.0
2025-07-15 10:00:00,-0.0
2025-07-15 11:00:00,-0.0
2025-07-15 12:00:00,-0.0
2025-07-15 13:00:00,-0.0
2025-07-15 14:00:00,73252.52437661274
2025-07-15 15:00:00,152802.8383139741
2025-07-15 16:00:00,224750.52773202554
2025-07-15 17:00:00,281438.8331533222
2025-07-15 18:00:00,306000.0
2025-07-15 19:00:00,285635.3459708695
2025-07-15 20:00:00,250245.81960301424
2025-07-15 21:00:00,215633.15086047718
2025-07-15 22:00:00,183217.41929632504
2025-07-15 23:00:00,153059.75233645344
2025-07-16 00:00:00,124365.9932927999
2025-07-16 01:00:00,97118.475772339
2025-07-16 02:00:00,70961.5817256192
2025-07-16 03:00:00,67511.46617033964
2025-07-16 04:00:00,41773.77209142491
2025-07-16 05:00:00,15707.765113941896
2025-07-16 06:00:00,-0.0
2025-07-16 07:00:00,-0.0
2025-07-16 08:00:00,-0.0
2025-07-16 09:00:00,-0.0
2025-07-16 10:00:00,-0.0
2025-07-16 11:00:00,-0.0
2025-07-16 12:00:00,-0.0
2025-07-16 13:00:00,-0.0
2025-07-16 14:00:00,65458.039160217624
2025-07-16 15:00:00,145171.60805665562
2025-07-16 16:00:00,218373.51281954366
2025-07-16 17:00:00,278854.09601139335
2025-07-16 18:00:00,306000.0
2025-07-16 19:00:00,287357.9842554731
2025-07-16 20:00:00,253080.7867777074
2025-07-16 21:00:00,219231.23175129422
2025-07-16 22:00:00,187330.27490174246
2025-07-16 23:00:00,157581.18348209237
2025-07-17 00:00:00,129403.9243631312
2025-07-17 01:00:00,102467.41074629789
2025-07-17 02:00:00,76608.73484000636
2025-07-17 03:00:00,70887.59838633775
2025-07-17 04:00:00,45547.47635994578
2025-07-17 05:00:00,19585.86451054166
2025-07-17 06:00:00,-0.0
2025-07-17 07:00:00,-0.0
2025-07-17 08:00:00,-0.0
2025-07-17 09:00:00,-0.0
2025-07-17 10:00:00,-0.0
2025-07-17 11:00:00,-0.0
2025-07-17 12:00:00,-0.0
2025-07-17 13:00:00,61602.8479970053
2025-07-17 14:00:00,133203.74826937038
2025-07-17 15:00:00,195464.68352038466
2025-07-17 16:00:00,248810.11273485873
2025-07-17 17:00:00,290152.1797682012
2025-07-17 18:00:00,306000.0
2025-07-17 19:00:00,283630.31856854603
2025-07-17 20:00:00,248750.52706700968
2025-07-17 21:00:00,214327.47188582335
2025-07-17 22:00:00,181958.603250629
2025-07-17 23:00:00,151095.82285788195
2025-07-18 00:00:00,121856.53317260522
2025-07-18 01:00:00,94680.67080528098
2025-07-18 02:00:00,91473.176303531
2025-07-18 03:00:00,65991.2996027642
2025-07-18 04:00:00,40460.82954163222
2025-07-18 05:00:00,14318.571333067626
2025-07-18 06:00:00,-0.0
2025-07-18 07:00:00,-0.0
2025-07-18 08:00:00,-0.0
2025-07-18 09:00:00,-0.0
2025-07-18 10:00:00,-0.0
2025-07-18 11:00:00,-0.0
2025-07-18 12:00:00,-0.0
2025-07-18 13:00:00,-0.0
2025-07-18 14:00:00,73011.80061087434
2025-07-18 15:00:00,149037.51792025793
2025-07-18 16:00:00,219755.0901448448
2025-07-18 17:00:00,279615.05582900054
2025-07-18 18:00:00,306000.0
2025-07-18 19:00:00,285526.87810900074
2025-07-18 20:00:00,251253.97541435203
2025-07-18 21:00:00,217615.02521297432
2025-07-18 22:00:00,185579.6238409331
2025-07-18 23:00:00,155572.70281253147
2025-07-19 00:00:00,126954.70832818629
2025-07-19 01:00:00,99811.82818376436
2025-07-19 02:00:00,86923.09816331373
2025-07-19 03:00:00,61688.096625713995
2025-07-19 04:00:00,36973.441862442756
2025-07-19 05:00:00,12250.958550892801
2025-07-19 06:00:00,-0.0
2025-07-19 07:00:00,-0.0
2025-07-19 08:00:00,-0.0
2025-07-19 09:00:00,-0.0
2025-07-19 10:00:00,-0.0
2025-07-19 11:00:00,-0.0
2025-07-19 12:00:00,-0.0
2025-07-19 13:00:00,-0.0
2025-07-19 14:00:00,56001.658153859564
2025-07-19 15:00:00,136639.73848815323
2025-07-19 16:00:00,212102.46443169372
2025-07-19 17:00:00,274079.1543839366
2025-07-19 18:00:00,303077.7507871336
2025-07-19 19:00:00,284741.7038814912
2025-07-19 20:00:00,251849.73012804746
2025-07-19 21:00:00,219615.31150589578
2025-07-19 22:00:00,189068.76058890368
2025-07-19 23:00:00,160353.61219851905
2025-07-20 00:00:00,132959.80259844573
2025-07-20 01:00:00,106908.5667865766
2025-07-20 02:00:00,81892.64294088609
2025-07-20 03:00:00,57572.18561274482
2025-07-20 04:00:00,33812.55654019862
2025-07-20 05:00:00,10229.973059521844
2025-07-20 06:00:00,-0.0
2025-07-20 07:00:00,-0.0
2025-07-20 08:00:00,-0.0
2025-07-20 09:00:00,-0.0
2025-07-20 10:00:00,-0.0
2025-07-20 11:00:00,-0.0
2025-07-20 12:00:00,-0.0
2025-07-20 13:00:00,-0.0
2025-07-20 14:00:00,55279.52819679071
2025-07-20 15:00:00,135917.60853108438
2025-07-20 16:00:00,212463.73282495112
2025-07-20 17:00:00,272069.8137990837
2025-07-20 18:00:00,301504.0831661114
2025-07-20 19:00:00,283751.00911830436
2025-07-20 20:00:00,251505.18080551914
2025-07-20 21:00:00,219937.74128324623
2025-07-20 22:00:00,190316.25177168142
2025-07-20 23:00:00,162555.65681642195
2025-07-21 00:00:00,135856.09173811768
2025-07-21 01:00:00,110582.43312488959
2025-07-21 02:00:00,86295.14532363102
2025-07-21 03:00:00,62399.92421919774
2025-07-21 04:00:00,38364.92202164311
2025-07-21 05:00:00,13023.073490733394
2025-07-21 06:00:00,-0.0
2025-07-21 07:00:00,-0.0
2025-07-21 08:00:00,-0.0
2025-07-21 09:00:00,-0.0
2025-07-21 10:00:00,-0.0
2025-07-21 11:00:00,-0.0
2025-07-21 12:00:00,-0.0
2025-07-21 13:00:00,-0.0
2025-07-21 14:00:00,48930.63306256257
2025-07-21 15:00:00,129568.71339685624
2025-07-21 16:00:00,207574.76921015308
2025-07-21 17:00:00,273110.7294255341
2025-07-21 18:00:00,306000.0
2025-07-21 19:00:00,288564.67369878595
2025-07-21 20:00:00,255727.6619867498
2025-07-21 21:00:00,223449.9935375002
2025-07-21 22:00:00,192791.45651595847
2025-07-21 23:00:00,164200.13165998348
2025-07-22 00:00:00,136618.69595560286
2025-07-22 01:00:00,110465.34730596858
2025-07-22 02:00:00,85447.76776106408
2025-07-22 03:00:00,63438.59552235671
2025-07-22 04:00:00,38707.46467688594
2025-07-22 05:00:00,13131.958988255075
2025-07-22 06:00:00,-0.0
2025-07-22 07:00:00,-0.0
2025-07-22 08:00:00,-0.0
2025-07-22 09:00:00,-0.0
2025-07-22 10:00:00,-0.0
2025-07-22 11:00:00,-0.0
2025-07-22 12:00:00,-0.0
2025-07-22 13:00:00,-0.0
2025-07-22 14:00:00,38853.193537798245
2025-07-22 15:00:00,119491.27387209192
2025-07-22 16:00:00,197541.43745102725
2025-07-22 17:00:00,267481.2090785594
2025-07-22 18:00:00,303524.37631413975
2025-07-22 19:00:00,287762.75748286943
2025-07-22 20:00:00,255788.3887969237
2025-07-22 21:00:00,223907.48780799372
2025-07-22 22:00:00,193484.13862991723
2025-07-22 23:00:00,165122.60713854345
2025-07-23 00:00:00,137920.89215839215
2025-07-23 01:00:00,112092.22695330987
2025-07-23 02:00:00,87062.480333131
2025-07-23 03:00:00,62452.208652394875
2025-07-23 04:00:00,37732.73726590555
2025-07-23 05:00:00,12270.565068252066
2025-07-23 06:00:00,-0.0
2025-07-23 07:00:00,-0.0
2025-07-23 08:00:00,-0.0
2025-07-23 09:00:00,-0.0
2025-07-23 10:00:00,-0.0
2025-07-23 11:00:00,-0.0
2025-07-23 12:00:00,-0.0
2025-07-23 13:00:00,-0.0
2025-07-23 14:00:00,39783.4627200261
2025-07-23 15:00:00,120421.54305431977
2025-07-23 16:00:00,199208.09040992305
2025-07-23 17:00:00,269702.9290362282
2025-07-23 18:00:00,306000.0
2025-07-23 19:00:00,288528.3712409593
2025-07-23 20:00:00,255386.06486479033
2025-07-23 21:00:00,222334.64004927708
2025-07-23 22:00:00,191259.65280349134
2025-07-23 23:00:00,162270.72185374127
2025-07-24 00:00:00,134872.56082042636
2025-07-24 01:00:00,108851.85983778234
2025-07-24 02:00:00,83706.25750699583
2025-07-24 03:00:00,59131.82610309804
2025-07-24 04:00:00,37401.88611522117
2025-07-24 05:00:00,12237.026593652212
2025-07-24 06:00:00,-0.0
2025-07-24 07:00:00,-0.0
2025-07-24 08:00:00,-0.0
2025-07-24 09:00:00,-0.0
2025-07-24 10:00:00,-0.0
2025-07-24 11:00:00,-0.0
2025-07-24 12:00:00,-0.0
2025-07-24 13:00:00,-0.0
2025-07-24 14:00:00,55784.22189761758
2025-07-24 15:00:00,136422.30223191125
2025-07-24 16:00:00,208766.53124898302
2025-07-24 17:00:00,270700.68146849156
2025-07-24 18:00:00,306000.0
2025-07-24 19:00:00,287846.2308506863
2025-07-24 20:00:00,254497.65669561396
2025-07-24 21:00:00,221721.74370241992
2025-07-24 22:00:00,190730.60844430292
2025-07-24 23:00:00,161902.06415960766
2025-07-25 00:00:00,134269.23842116597
2025-07-25 01:00:00,108123.69582787536
2025-07-25 02:00:00,83030.50401357986
2025-07-25 03:00:00,58531.784180775896
2025-07-25 04:00:00,33944.78700532504
2025-07-25 05:00:00,8701.126118480957
2025-07-25 06:00:00,-0.0
2025-07-25 07:00:00,-0.0
2025-07-25 08:00:00,-0.0
2025-07-25 09:00:00,-0.0
2025-07-25 10:00:00,-0.0
2025-07-25 11:00:00,-0.0
2025-07-25 12:00:00,-0.0
2025-07-25 13:00:00,-0.0
2025-07-25 14:00:00,34014.14188948498
2025-07-25 15:00:00,114652.22222377865
2025-07-25 16:00:00,192102.93711251166
2025-07-25 17:00:00,261937.25292563438
2025-07-25 18:00:00,297185.5143978849
2025-07-25 19:00:00,279533.54952301685
2025-07-25 20:00:00,247951.1939161553
2025-07-25 21:00:00,216875.17524102706
2025-07-25 22:00:00,187268.6413558859
2025-07-25 23:00:00,159412.3489743235
2025-07-26 00:00:00,132598.2393559991
2025-07-26 01:00:00,107155.37491282543
2025-07-26 02:00:00,82752.95887484116
2025-07-26 03:00:00,58794.22910832455
2025-07-26 04:00:00,35104.6022853557
2025-07-26 05:00:00,11224.92179287406
2025-07-26 06:00:00,-0.0
2025-07-26 07:00:00,-0.0
2025-07-26 08:00:00,-0.0
2025-07-26 09:00:00,-0.0
2025-07-26 10:00:00,-0.0
2025-07-26 11:00:00,-0.0
2025-07-26 12:00:00,-0.0
2025-07-26 13:00:00,-0.0
2025-07-26 14:00:00,30549.578662176136
2025-07-26 15:00:00,111187.6589964698
2025-07-26 16:00:00,189641.64482096455
2025-07-26 17:00:00,254304.94705294666
2025-07-26 18:00:00,283078.58518711757
2025-07-26 19:00:00,266138.6772702365
2025-07-26 20:00:00,236247.21306233748
2025-07-26 21:00:00,206652.9606994113
2025-07-26 22:00:00,178269.2006813592
2025-07-26 23:00:00,151521.2814556864
2025-07-27 00:00:00,125841.33867071
2025-07-27 01:00:00,101506.72611197739
2025-07-27 02:00:00,78123.33549934028
2025-07-27 03:00:00,55183.69079207019
2025-07-27 04:00:00,32581.126545325897
2025-07-27 05:00:00,9987.900489754784
2025-07-27 06:00:00,-0.0
2025-07-27 07:00:00,-0.0
2025-07-27 08:00:00,-0.0
2025-07-27 09:00:00,-0.0
2025-07-27 10:00:00,-0.0
2025-07-27 11:00:00,-0.0
2025-07-27 12:00:00,-0.0
2025-07-27 13:00:00,-0.0
2025-07-27 14:00:00,27907.74498389734
2025-07-27 15:00:00,108545.82531819101
2025-07-27 16:00:00,189183.90565248468
2025-07-27 17:00:00,259317.0375235063
2025-07-27 18:00:00,295684.9048774457
2025-07-27 19:00:00,278785.8125689016
2025-07-27 20:00:00,247722.2473181655
2025-07-27 21:00:00,217192.56825401713
2025-07-27 22:00:00,188381.3214541977
2025-07-27 23:00:00,161263.25736066268
2025-07-28 00:00:00,135280.95073773366
2025-07-28 01:00:00,110641.48914498262
2025-07-28 02:00:00,86088.16544479062
2025-07-28 03:00:00,61855.79865680072
2025-07-28 04:00:00,37924.975226417984
2025-07-28 05:00:00,13373.736025873073
2025-07-28 06:00:00,-0.0
2025-07-28 07:00:00,-0.0
2025-07-28 08:00:00,-0.0
2025-07-28 09:00:00,-0.0
2025-07-28 10:00:00,-0.0
2025-07-28 11:00:00,-0.0
2025-07-28 12:00:00,-0.0
2025-07-28 13:00:00,-0.0
2025-07-28 14:00:00,51129.96609095605
2025-07-28 15:00:00,131768.04642524972
2025-07-28 16:00:00,207203.6440278797
2025-07-28 17:00:00,274107.2740672755
2025-07-28 18:00:00,306000.0
2025-07-28 19:00:00,286528.2377226633
2025-07-28 20:00:00,252040.5133043605
2025-07-28 21:00:00,218241.50384051655
2025-07-28 22:00:00,186556.18519754044
2025-07-28 23:00:00,157153.51613367055
2025-07-29 00:00:00,129137.6715250256
2025-07-29 01:00:00,115782.68978609447
2025-07-29 02:00:00,90479.69383546707
2025-07-29 03:00:00,65552.21723648428
2025-07-29 04:00:00,40580.3157634823
2025-07-29 05:00:00,14861.766309583449
2025-07-29 06:00:00,-0.0
2025-07-29 07:00:00,-0.0
2025-07-29 08:00:00,-0.0
2025-07-29 09:00:00,-0.0
2025-07-29 10:00:00,-0.0
2025-07-29 11:00:00,-0.0
2025-07-29 12:00:00,-0.0
2025-07-29 13:00:00,-0.0
2025-07-29 14:00:00,54394.188474526265
2025-07-29 15:00:00,135032.26880881994
2025-07-29 16:00:00,211928.2784308547
2025-07-29 17:00:00,276962.36858763144
2025-07-29 18:00:00,306000.0
2025-07-29 19:00:00,283272.99594081426
2025-07-29 20:00:00,248268.99469235522
2025-07-29 21:00:00,213878.0022556329
2025-07-29 22:00:00,181541.21140663183
2025-07-29 23:00:00,151546.1211289016
2025-07-30 00:00:00,123220.60554512333
2025-07-30 01:00:00,117086.06055377802
2025-07-30 02:00:00,91127.87676936323
2025-07-30 03:00:00,65914.37572596646
2025-07-30 04:00:00,41029.55388551389
2025-07-30 05:00:00,15484.55499304933
2025-07-30 06:00:00,-0.0
2025-07-30 07:00:00,-0.0
2025-07-30 08:00:00,-0.0
2025-07-30 09:00:00,-0.0
2025-07-30 10:00:00,-0.0
2025-07-30 11:00:00,-0.0
2025-07-30 12:00:00,-0.0
2025-07-30 13:00:00,-0.0
2025-07-30 14:00:00,53586.722172144844
2025-07-30 15:00:00,134224.80250643851
2025-07-30 16:00:00,211109.8784214867
2025-07-30 17:00:00,277447.12104125717
2025-07-30 18:00:00,306000.0
2025-07-30 19:00:00,282959.4122265835
2025-07-30 20:00:00,247493.01727087444
2025-07-30 21:00:00,212896.9836317167
2025-07-30 22:00:00,200897.9663478304
2025-07-30 23:00:00,171018.68543264063
2025-07-31 00:00:00,142453.77509144784
2025-07-31 01:00:00,115500.68723133596
2025-07-31 02:00:00,89836.91219492065
2025-07-31 03:00:00,64845.18809086925
2025-07-31 04:00:00,40286.82374433106
2025-07-31 05:00:00,15235.646243012203
2025-07-31 06:00:00,-0.0
2025-07-31 07:00:00,-0.0
2025-07-31 08:00:00,-0.0
2025-07-31 09:00:00,-0.0
2025-07-31 10:00:00,-0.0
2025-07-31 11:00:00,-0.0
2025-07-31 12:00:00,-0.0
2025-07-31 13:00:00,-0.0
2025-07-31 14:00:00,57273.46449181212
2025-07-31 15:00:00,137911.5448261058
2025-07-31 16:00:00,213579.47489805752
2025-07-31 17:00:00,278729.3824740756
2025-07-31 18:00:00,306000.0
2025-07-31 19:00:00,281914.1678618882
2025-07-31 20:00:00,246533.46784151392
2025-07-31 21:00:00,212632.9796893507
2025-07-31 22:00:00,180010.0016812019
2025-07-31 23:00:00,149654.69168451778
2025-08-01 00:00:00,120804.29457913662
2025-08-01 01:00:00,93447.75009353296
2025-08-01 02:00:00,67489.16110539972
2025-08-01 03:00:00,67489.16110539972
2025-08-01 04:00:00,42428.64820309078
2025-08-01 05:00:00,16553.763237325347
2025-08-01 06:00:00,-0.0
2025-08-01 07:00:00,-0.0
2025-08-01 08:00:00,-0.0
2025-08-01 09:00:00,-0.0
2025-08-01 10:00:00,-0.0
2025-08-01 11:00:00,-0.0
2025-08-01 12:00:00,-0.0
2025-08-01 13:00:00,-0.0
2025-08-01 14:00:00,56026.46530757735
2025-08-01 15:00:00,136664.54564187102
2025-08-01 16:00:00,213679.468084659
2025-08-01 17:00:00,279257.9720321935
2025-08-01 18:00:00,306000.0
2025-08-01 19:00:00,281821.3722798265
2025-08-01 20:00:00,246564.0510391831
2025-08-01 21:00:00,212380.20834305792
2025-08-01 22:00:00,180238.1284438328
2025-08-01 23:00:00,150249.68023834424
2025-08-02 00:00:00,121873.35359032676
2025-08-02 01:00:00,95009.40317149795
2025-08-02 02:00:00,69172.24360795427
2025-08-02 03:00:00,44317.79799954796
2025-08-02 04:00:00,40202.68440223035
2025-08-02 05:00:00,15761.34994356744
2025-08-02 06:00:00,-0.0
2025-08-02 07:00:00,-0.0
2025-08-02 08:00:00,-0.0
2025-08-02 09:00:00,-0.0
2025-08-02 10:00:00,-0.0
2025-08-02 11:00:00,-0.0
2025-08-02 12:00:00,-0.0
2025-08-02 13:00:00,-0.0
2025-08-02 14:00:00,50345.828523810414
2025-08-02 15:00:00,130983.90885810409
2025-08-02 16:00:00,210678.75422667273
2025-08-02 17:00:00,278181.34752617334
2025-08-02 18:00:00,306000.0
2025-08-02 19:00:00,290607.31663507345
2025-08-02 20:00:00,256561.8850756345
2025-08-02 21:00:00,223512.41727983992
2025-08-02 22:00:00,192359.88733256308
2025-08-02 23:00:00,163543.18092255483
2025-08-03 00:00:00,136168.4543363836
2025-08-03 01:00:00,110174.34890765398
2025-08-03 02:00:00,85345.35834420286
2025-08-03 03:00:00,61334.670992788
2025-08-03 04:00:00,37695.95704464182
2025-08-03 05:00:00,14372.584319024545
2025-08-03 06:00:00,-0.0
2025-08-03 07:00:00,-0.0
2025-08-03 08:00:00,-0.0
2025-08-03 09:00:00,-0.0
2025-08-03 10:00:00,-0.0
2025-08-03 11:00:00,-0.0
2025-08-03 12:00:00,-0.0
2025-08-03 13:00:00,-0.0
2025-08-03 14:00:00,60877.76448581221
2025-08-03 15:00:00,141515.84482010588
2025-08-03 16:00:00,220561.88785832963
2025-08-03 17:00:00,283387.77122826286
2025-08-03 18:00:00,306000.0
2025-08-03 19:00:00,281049.03158227657
2025-08-03 20:00:00,247092.07792287593
2025-08-03 21:00:00,214350.42520105455
2025-08-03 22:00:00,183450.2290821327
2025-08-03 23:00:00,154893.75729363336
2025-08-04 00:00:00,141908.7356150946
2025-08-04 01:00:00,116106.69766702414
2025-08-04 02:00:00,91071.85574263791
2025-08-04 03:00:00,66357.45196512819
2025-08-04 04:00:00,42029.46644095265
2025-08-04 05:00:00,17088.117022634844
2025-08-04 06:00:00,-0.0
2025-08-04 07:00:00,-0.0
2025-08-04 08:00:00,-0.0
2025-08-04 09:00:00,-0.0
2025-08-04 10:00:00,-0.0
2025-08-04 11:00:00,-0.0
2025-08-04 12:00:00,-0.0
2025-08-04 13:00:00,43958.62145597022
2025-08-04 14:00:00,118959.6668546269
2025-08-04 15:00:00,188058.4968882486
2025-08-04 16:00:00,247389.6255105174
2025-08-04 17:00:00,294587.81765678944
2025-08-04 18:00:00,306000.0
2025-08-04 19:00:00,278728.1541837447
2025-08-04 20:00:00,243335.27123113244
2025-08-04 21:00:00,208935.81405921726
2025-08-04 22:00:00,204687.58980975524
2025-08-04 23:00:00,175028.6601544955
2025-08-05 00:00:00,146976.9331548883
2025-08-05 01:00:00,120421.95242552523
2025-08-05 02:00:00,94833.53545436525
2025-08-05 03:00:00,69706.35150374126
2025-08-05 04:00:00,44770.633470534885
2025-08-05 05:00:00,19197.10744823259
2025-08-05 06:00:00,-0.0
2025-08-05 07:00:00,-0.0
2025-08-05 08:00:00,-0.0
2025-08-05 09:00:00,-0.0
2025-08-05 10:00:00,-0.0
2025-08-05 11:00:00,-0.0
2025-08-05 12:00:00,-0.0
2025-08-05 13:00:00,-0.0
2025-08-05 14:00:00,70886.89929453754
2025-08-05 15:00:00,151524.9796288312
2025-08-05 16:00:00,226036.3354535137
2025-08-05 17:00:00,285492.98321303545
2025-08-05 18:00:00,306000.0
2025-08-05 19:00:00,278470.60337856173
2025-08-05 20:00:00,259541.84498659676
2025-08-05 21:00:00,224322.17846389086
2025-08-05 22:00:00,191321.81862585666
2025-08-05 23:00:00,160837.24443188787
2025-08-06 00:00:00,132052.39080569282
2025-08-06 01:00:00,104810.86567174457
2025-08-06 02:00:00,78565.61870348366
2025-08-06 03:00:00,52368.412295327114
2025-08-06 04:00:00,26387.5060037866
2025-08-06 05:00:00,-0.0
2025-08-06 06:00:00,-0.0
2025-08-06 07:00:00,-0.0
2025-08-06 08:00:00,-0.0
2025-08-06 09:00:00,-0.0
2025-08-06 10:00:00,-0.0
2025-08-06 11:00:00,-0.0
2025-08-06 12:00:00,-0.0
2025-08-06 13:00:00,32269.578039259737
2025-08-06 14:00:00,110237.9290483564
2025-08-06 15:00:00,184817.878568897
2025-08-06 16:00:00,248899.80591624352
2025-08-06 17:00:00,295861.59016100137
2025-08-06 18:00:00,306000.0
2025-08-06 19:00:00,272177.5228543158
2025-08-06 20:00:00,232370.2777825372
2025-08-06 21:00:00,200808.7885507992
2025-08-06 22:00:00,165205.63678834288
2025-08-06 23:00:00,132310.82010175422
2025-08-07 00:00:00,132310.82010175422
2025-08-07 01:00:00,103235.09109536956
2025-08-07 02:00:00,75488.31216599242
2025-08-07 03:00:00,75488.31216599242
2025-08-07 04:00:00,48610.28012790516
2025-08-07 05:00:00,21300.013625647774
2025-08-07 06:00:00,-0.0
2025-08-07 07:00:00,-0.0
2025-08-07 08:00:00,-0.0
2025-08-07 09:00:00,-0.0
2025-08-07 10:00:00,-0.0
2025-08-07 11:00:00,-0.0
2025-08-07 12:00:00,-0.0
2025-08-07 13:00:00,51671.3923568106
2025-08-07 14:00:00,126437.72708796035
2025-08-07 15:00:00,197630.73238559396
2025-08-07 16:00:00,258416.659512121
2025-08-07 17:00:00,300714.3302183819
2025-08-07 18:00:00,306000.0
2025-08-07 19:00:00,271385.7471927358
2025-08-07 20:00:00,230618.20553317905
2025-08-07 21:00:00,191601.72860240354
2025-08-07 22:00:00,170832.53807401817
2025-08-07 23:00:00,137427.777893121
2025-08-08 00:00:00,106379.89448827198
2025-08-08 01:00:00,76895.49111311039
2025-08-08 02:00:00,76895.49111311039
2025-08-08 03:00:00,76895.49111311039
2025-08-08 04:00:00,49818.82829340482
2025-08-08 05:00:00,22385.45203551033
2025-08-08 06:00:00,-0.0
2025-08-08 07:00:00,-0.0
2025-08-08 08:00:00,-0.0
2025-08-08 09:00:00,-0.0
2025-08-08 10:00:00,-0.0
2025-08-08 11:00:00,-0.0
2025-08-08 12:00:00,-0.0
2025-08-08 13:00:00,37705.66449615317
2025-08-08 14:00:00,112955.15825025346
2025-08-08 15:00:00,185016.45172145707
2025-08-08 16:00:00,249613.98484998842
2025-08-08 17:00:00,298348.52104299434
2025-08-08 18:00:00,306000.0
2025-08-08 19:00:00,306000.0
2025-08-08 20:00:00,265873.5188400323
2025-08-08 21:00:00,227355.52516385994
2025-08-08 22:00:00,221523.56812439475
2025-08-08 23:00:00,188246.02848405944
2025-08-09 00:00:00,156938.70718837815
2025-08-09 01:00:00,127492.7045641045
2025-08-09 02:00:00,99708.07139393511
2025-08-09 03:00:00,72879.00943584763
2025-08-09 04:00:00,46748.01512200021
2025-08-09 05:00:00,20858.984423794445
2025-08-09 06:00:00,-0.0
2025-08-09 07:00:00,-0.0
2025-08-09 08:00:00,-0.0
2025-08-09 09:00:00,-0.0
2025-08-09 10:00:00,-0.0
2025-08-09 11:00:00,-0.0
2025-08-09 12:00:00,-0.0
2025-08-09 13:00:00,36859.73504724534
2025-08-09 14:00:00,115066.01621215211
2025-08-09 15:00:00,187457.0374626229
2025-08-09 16:00:00,251617.2768019471
2025-08-09 17:00:00,299117.3737316314
2025-08-09 18:00:00,306000.0
2025-08-09 19:00:00,273591.06107935635
2025-08-09 20:00:00,236058.61202478883
2025-08-09 21:00:00,200194.50064123585
2025-08-09 22:00:00,166511.34067028994
2025-08-09 23:00:00,135066.89848152103
2025-08-10 00:00:00,135066.89848152103
2025-08-10 01:00:00,107196.91623333847
2025-08-10 02:00:00,95148.38736757988
2025-08-10 03:00:00,69430.96310793943
2025-08-10 04:00:00,44387.558028687185
2025-08-10 05:00:00,19691.942138596405
2025-08-10 06:00:00,-0.0
2025-08-10 07:00:00,-0.0
2025-08-10 08:00:00,-0.0
2025-08-10 09:00:00,-0.0
2025-08-10 10:00:00,-0.0
2025-08-10 11:00:00,-0.0
2025-08-10 12:00:00,-0.0
2025-08-10 13:00:00,47118.108088046865
2025-08-10 14:00:00,125706.84545721648
2025-08-10 15:00:00,198791.855420548
2025-08-10 16:00:00,259721.78844835106
2025-08-10 17:00:00,299843.4815060788
2025-08-10 18:00:00,306000.0
2025-08-10 19:00:00,272801.34980213136
2025-08-10 20:00:00,235474.5690546806
2025-08-10 21:00:00,221613.67446139915
2025-08-10 22:00:00,188257.0862511627
2025-08-10 23:00:00,157294.6749803405
2025-08-11 00:00:00,128055.21990613196
2025-08-11 01:00:00,128055.21990613196
2025-08-11 02:00:00,101461.96124452898
2025-08-11 03:00:00,75206.84748613987
2025-08-11 04:00:00,49329.55148499024
2025-08-11 05:00:00,22762.332605104377
2025-08-11 06:00:00,-0.0
2025-08-11 07:00:00,-0.0
2025-08-11 08:00:00,-0.0
2025-08-11 09:00:00,-0.0
2025-08-11 10:00:00,-0.0
2025-08-11 11:00:00,-0.0
2025-08-11 12:00:00,-0.0
2025-08-11 13:00:00,39537.16766126557
2025-08-11 14:00:00,115383.86345521365
2025-08-11 15:00:00,186397.88648386285
2025-08-11 16:00:00,249718.59724730183
2025-08-11 17:00:00,298322.62640131556
2025-08-11 18:00:00,306000.0
2025-08-11 19:00:00,272954.7783142568
2025-08-11 20:00:00,234556.66652480455
2025-08-11 21:00:00,234556.66652480455
2025-08-11 22:00:00,200398.4790132513
2025-08-11 23:00:00,168921.81146574745
2025-08-12 00:00:00,139384.34350272996
2025-08-12 01:00:00,129192.68096861168
2025-08-12 02:00:00,102183.36238653708
2025-08-12 03:00:00,75552.24953319853
2025-08-12 04:00:00,49447.6574519163
2025-08-12 05:00:00,22885.50033919422
2025-08-12 06:00:00,-0.0
2025-08-12 07:00:00,-0.0
2025-08-12 08:00:00,-0.0
2025-08-12 09:00:00,-0.0
2025-08-12 10:00:00,-0.0
2025-08-12 11:00:00,-0.0
2025-08-12 12:00:00,-0.0
2025-08-12 13:00:00,32117.843030750577
2025-08-12 14:00:00,109581.51707393122
2025-08-12 15:00:00,183155.59828600095
2025-08-12 16:00:00,248709.28415217836
2025-08-12 17:00:00,297764.62346530583
2025-08-12 18:00:00,306000.0
2025-08-12 19:00:00,273808.20978920814
2025-08-12 20:00:00,273808.20978920814
2025-08-12 21:00:00,237430.4523659269
2025-08-12 22:00:00,219580.85172803127
2025-08-12 23:00:00,188120.98684653649
2025-08-13 00:00:00,158389.45097259287
2025-08-13 01:00:00,130192.34335936737
2025-08-13 02:00:00,103051.33361679994
2025-08-13 03:00:00,76456.06371287403
2025-08-13 04:00:00,50148.407491576145
2025-08-13 05:00:00,23317.503812438463
2025-08-13 06:00:00,-0.0
2025-08-13 07:00:00,-0.0
2025-08-13 08:00:00,-0.0
2025-08-13 09:00:00,-0.0
2025-08-13 10:00:00,-0.0
2025-08-13 11:00:00,-0.0
2025-08-13 12:00:00,-0.0
2025-08-13 13:00:00,16874.824291679368
2025-08-13 14:00:00,96918.86319950159
2025-08-13 15:00:00,173019.31874937404
2025-08-13 16:00:00,241056.45332898333
2025-08-13 17:00:00,294278.47034131427
2025-08-13 18:00:00,306000.0
2025-08-13 19:00:00,274827.7216464646
2025-08-13 20:00:00,238102.93683060876
2025-08-13 21:00:00,202594.07879734936
2025-08-13 22:00:00,169457.1992131932
2025-08-13 23:00:00,138876.21677937452
2025-08-14 00:00:00,109617.3076270369
2025-08-14 01:00:00,109617.3076270369
2025-08-14 02:00:00,82927.5650132149
2025-08-14 03:00:00,56894.37379303562
2025-08-14 04:00:00,30910.940039480196
2025-08-14 05:00:00,23113.323723338195
2025-08-14 06:00:00,-0.0
2025-08-14 07:00:00,-0.0
2025-08-14 08:00:00,-0.0
2025-08-14 09:00:00,-0.0
2025-08-14 10:00:00,-0.0
2025-08-14 11:00:00,-0.0
2025-08-14 12:00:00,-0.0
2025-08-14 13:00:00,3524.3242333007074
2025-08-14 14:00:00,84162.40456759438
2025-08-14 15:00:00,163254.7406835685
2025-08-14 16:00:00,235465.93891332438
2025-08-14 17:00:00,293013.7892068324
2025-08-14 18:00:00,306000.0
2025-08-14 19:00:00,274914.02633638104
2025-08-14 20:00:00,238926.43798191406
2025-08-14 21:00:00,204059.47299478645
2025-08-14 22:00:00,171523.53115307097
2025-08-14 23:00:00,141298.85196253122
2025-08-15 00:00:00,112528.44030662085
2025-08-15 01:00:00,85021.0280673358
2025-08-15 02:00:00,58367.35790685036
2025-08-15 03:00:00,58367.35790685036
2025-08-15 04:00:00,32832.67821892974
2025-08-15 05:00:00,22892.473951635366
2025-08-15 06:00:00,-0.0
2025-08-15 07:00:00,-0.0
2025-08-15 08:00:00,-0.0
2025-08-15 09:00:00,-0.0
2025-08-15 10:00:00,-0.0
2025-08-15 11:00:00,-0.0
2025-08-15 12:00:00,-0.0
2025-08-15 13:00:00,6955.9385544350225
2025-08-15 14:00:00,87594.0188887287
2025-08-15 15:00:00,166354.34996180312
2025-08-15 16:00:00,237470.3896795127
2025-08-15 17:00:00,293403.4857441388
2025-08-15 18:00:00,306000.0
2025-08-15 19:00:00,306000.0
2025-08-15 20:00:00,271379.1073979219
2025-08-15 21:00:00,237532.11952432463
2025-08-15 22:00:00,205653.18482277833
2025-08-15 23:00:00,175649.18692749296
2025-08-16 00:00:00,147178.95447742
2025-08-16 01:00:00,119925.8538376917
2025-08-16 02:00:00,93947.52818081086
2025-08-16 03:00:00,69595.72000401371
2025-08-16 04:00:00,44816.73852588894
2025-08-16 05:00:00,19988.507653841563
2025-08-16 06:00:00,-0.0
2025-08-16 07:00:00,-0.0
2025-08-16 08:00:00,-0.0
2025-08-16 09:00:00,-0.0
2025-08-16 10:00:00,-0.0
2025-08-16 11:00:00,-0.0
2025-08-16 12:00:00,-0.0
2025-08-16 13:00:00,-0.0
2025-08-16 14:00:00,73985.89552760124
2025-08-16 15:00:00,154373.27760123476
2025-08-16 16:00:00,229407.9867675547
2025-08-16 17:00:00,290437.651057178
2025-08-16 18:00:00,306000.0
2025-08-16 19:00:00,291904.6196692053
2025-08-16 20:00:00,258946.26298130758
2025-08-16 21:00:00,227019.26221441245
2025-08-16 22:00:00,196596.10628628603
2025-08-16 23:00:00,168021.39981500525
2025-08-17 00:00:00,140806.60466782088
2025-08-17 01:00:00,114889.71370692315
2025-08-17 02:00:00,89924.55233571609
2025-08-17 03:00:00,65567.34830304887
2025-08-17 04:00:00,41732.0342530739
2025-08-17 05:00:00,18160.1598383424
2025-08-17 06:00:00,-0.0
2025-08-17 07:00:00,-0.0
2025-08-17 08:00:00,-0.0
2025-08-17 09:00:00,-0.0
2025-08-17 10:00:00,-0.0
2025-08-17 11:00:00,-0.0
2025-08-17 12:00:00,-0.0
2025-08-17 13:00:00,-0.0
2025-08-17 14:00:00,73925.088845459
2025-08-17 15:00:00,154563.16917975267
2025-08-17 16:00:00,229800.55288155767
2025-08-17 17:00:00,291017.57316966227
2025-08-17 18:00:00,306000.0
2025-08-17 19:00:00,277546.8100780276
2025-08-17 20:00:00,244307.37924863255
2025-08-17 21:00:00,211992.6720223148
2025-08-17 22:00:00,181659.52507629598
2025-08-17 23:00:00,153537.97002328452
2025-08-18 00:00:00,126861.97848954036
2025-08-18 01:00:00,101097.5317840619
2025-08-18 02:00:00,76236.96928500102
2025-08-18 03:00:00,69154.46388038014
2025-08-18 04:00:00,45269.56381355775
2025-08-18 05:00:00,20686.63577598014
2025-08-18 06:00:00,-0.0
2025-08-18 07:00:00,-0.0
2025-08-18 08:00:00,-0.0
2025-08-18 09:00:00,-0.0
2025-08-18 10:00:00,-0.0
2025-08-18 11:00:00,-0.0
2025-08-18 12:00:00,-0.0
2025-08-18 13:00:00,10912.430809201236
2025-08-18 14:00:00,91550.5111434949
2025-08-18 15:00:00,169586.48920654558
2025-08-18 16:00:00,240185.4363900058
2025-08-18 17:00:00,295849.5144986235
2025-08-18 18:00:00,306000.0
2025-08-18 19:00:00,274008.2435215274
2025-08-18 20:00:00,238203.69347010297
2025-08-18 21:00:00,203915.25150865508
2025-08-18 22:00:00,171858.51152862783
2025-08-18 23:00:00,142219.74879318138
2025-08-19 00:00:00,114271.34686442847
2025-08-19 01:00:00,114271.34686442847
2025-08-19 02:00:00,100704.86691410244
2025-08-19 03:00:00,74942.89217793652
2025-08-19 04:00:00,49549.66522590337
2025-08-19 05:00:00,23797.63380200622
2025-08-19 06:00:00,-0.0
2025-08-19 07:00:00,-0.0
2025-08-19 08:00:00,-0.0
2025-08-19 09:00:00,-0.0
2025-08-19 10:00:00,-0.0
2025-08-19 11:00:00,-0.0
2025-08-19 12:00:00,-0.0
2025-08-19 13:00:00,38546.780253634206
2025-08-19 14:00:00,115407.85974256688
2025-08-19 15:00:00,187918.4434542373
2025-08-19 16:00:00,252003.7855761862
2025-08-19 17:00:00,300186.803423121
2025-08-19 18:00:00,306000.0
2025-08-19 19:00:00,271671.4288785156
2025-08-19 20:00:00,234023.81329342676
2025-08-19 21:00:00,197723.8167974767
2025-08-19 22:00:00,163971.37929088212
2025-08-19 23:00:00,163482.78073185435
2025-08-20 00:00:00,133883.44396614603
2025-08-20 01:00:00,105604.79849602052
2025-08-20 02:00:00,78363.03178074447
2025-08-20 03:00:00,51328.48968571289
2025-08-20 04:00:00,51328.48968571289
2025-08-20 05:00:00,24517.74458219186
2025-08-20 06:00:00,-0.0
2025-08-20 07:00:00,-0.0
2025-08-20 08:00:00,-0.0
2025-08-20 09:00:00,-0.0
2025-08-20 10:00:00,-0.0
2025-08-20 11:00:00,-0.0
2025-08-20 12:00:00,-0.0
2025-08-20 13:00:00,46698.378600139535
2025-08-20 14:00:00,123845.36386531805
2025-08-20 15:00:00,196034.55259352422
2025-08-20 16:00:00,260167.2548075729
2025-08-20 17:00:00,305485.20074183284
2025-08-20 18:00:00,306000.0
2025-08-20 19:00:00,268818.2023257939
2025-08-20 20:00:00,228344.49441423916
2025-08-20 21:00:00,189815.06833694596
2025-08-20 22:00:00,154370.04317157008
2025-08-20 23:00:00,121492.13799911155
2025-08-21 00:00:00,90547.34199571774
2025-08-21 01:00:00,60980.11441445758
2025-08-21 02:00:00,32379.569969587235
2025-08-21 03:00:00,32379.569969587235
2025-08-21 04:00:00,25713.647026230487
2025-08-21 05:00:00,25713.647026230487
2025-08-21 06:00:00,-0.0
2025-08-21 07:00:00,-0.0
2025-08-21 08:00:00,-0.0
2025-08-21 09:00:00,-0.0
2025-08-21 10:00:00,-0.0
2025-08-21 11:00:00,-0.0
2025-08-21 12:00:00,42454.60377145687
2025-08-21 13:00:00,110336.46977087956
2025-08-21 14:00:00,176894.5028015767
2025-08-21 15:00:00,233581.23057883867
2025-08-21 16:00:00,278474.8299042378
2025-08-21 17:00:00,306000.0
2025-08-21 18:00:00,306000.0
2025-08-21 19:00:00,264470.05291072885
2025-08-21 20:00:00,264470.05291072885
2025-08-21 21:00:00,223438.0675587661
2025-08-21 22:00:00,216097.77809988597
2025-08-21 23:00:00,181143.67841387508
2025-08-22 00:00:00,148368.55843772876
2025-08-22 01:00:00,117110.84093026593
2025-08-22 02:00:00,86596.43426408237
2025-08-22 03:00:00,57344.653430551625
2025-08-22 04:00:00,57344.653430551625
2025-08-22 05:00:00,28421.09821780106
2025-08-22 06:00:00,-0.0
2025-08-22 07:00:00,-0.0
2025-08-22 08:00:00,-0.0
2025-08-22 09:00:00,-0.0
2025-08-22 10:00:00,-0.0
2025-08-22 11:00:00,1955.3768411265046
2025-08-22 12:00:00,68963.5292014862
2025-08-22 13:00:00,131303.87945131137
2025-08-22 14:00:00,188169.88108364836
2025-08-22 15:00:00,237739.89956419924
2025-08-22 16:00:00,282912.27528073394
2025-08-22 17:00:00,306000.0
2025-08-22 18:00:00,290074.3656421211
2025-08-22 19:00:00,290074.3656421211
2025-08-22 20:00:00,248278.02144329165
2025-08-22 21:00:00,208114.09904969728
2025-08-22 22:00:00,170406.6673077133
2025-08-22 23:00:00,135457.62960131268
2025-08-23 00:00:00,102606.43794542189
2025-08-23 01:00:00,102606.43794542189
2025-08-23 02:00:00,73421.34765354478
2025-08-23 03:00:00,73421.34765354478
2025-08-23 04:00:00,54303.417535494955
2025-08-23 05:00:00,26173.182615327707
2025-08-23 06:00:00,-0.0
2025-08-23 07:00:00,-0.0
2025-08-23 08:00:00,-0.0
2025-08-23 09:00:00,4386.407061682272
2025-08-23 10:00:00,49951.61661080132
2025-08-23 11:00:00,97032.84482000589
2025-08-23 12:00:00,141672.62576222228
2025-08-23 13:00:00,188363.79481144575
2025-08-23 14:00:00,223874.88357439148
2025-08-23 15:00:00,254441.49506199913
2025-08-23 16:00:00,287356.6370094593
2025-08-23 17:00:00,306000.0
2025-08-23 18:00:00,290756.44141590863
2025-08-23 19:00:00,290756.44141590863
2025-08-23 20:00:00,290756.44141590863
2025-08-23 21:00:00,253760.32729950812
2025-08-23 22:00:00,219023.80012682744
2025-08-23 23:00:00,191929.96273079046
2025-08-24 00:00:00,161147.41616439665
2025-08-24 01:00:00,131919.7417213249
2025-08-24 02:00:00,104093.06505668063
2025-08-24 03:00:00,77040.60386258308
2025-08-24 04:00:00,50229.88027203697
2025-08-24 05:00:00,23625.75402074497
2025-08-24 06:00:00,-0.0
2025-08-24 07:00:00,-0.0
2025-08-24 08:00:00,-0.0
2025-08-24 09:00:00,-0.0
2025-08-24 10:00:00,-0.0
2025-08-24 11:00:00,-0.0
2025-08-24 12:00:00,45036.29427966842
2025-08-24 13:00:00,116849.0183863301
2025-08-24 14:00:00,181483.77087754273
2025-08-24 15:00:00,238516.9409101676
2025-08-24 16:00:00,283687.1953530464
2025-08-24 17:00:00,306000.0
2025-08-24 18:00:00,292719.0574452955
2025-08-24 19:00:00,254620.2137449635
2025-08-24 20:00:00,215699.15240249434
2025-08-24 21:00:00,180811.74296918785
2025-08-24 22:00:00,180811.74296918785
2025-08-24 23:00:00,148799.49273941419
2025-08-25 00:00:00,118240.83957816039
2025-08-25 01:00:00,88873.97120886338
2025-08-25 02:00:00,60081.18087816909
2025-08-25 03:00:00,60081.18087816909
2025-08-25 04:00:00,31966.11704621386
2025-08-25 05:00:00,31966.11704621386
2025-08-25 06:00:00,3613.849405869914
2025-08-25 07:00:00,-0.0
2025-08-25 08:00:00,-0.0
2025-08-25 09:00:00,-0.0
2025-08-25 10:00:00,30187.837271976045
2025-08-25 11:00:00,84340.98023119374
2025-08-25 12:00:00,147164.48904290696
2025-08-25 13:00:00,206277.6518833704
2025-08-25 14:00:00,256093.3980446291
2025-08-25 15:00:00,284535.45511120046
2025-08-25 16:00:00,301872.8046126115
2025-08-25 17:00:00,306000.0
2025-08-25 18:00:00,285828.0302285137
2025-08-25 19:00:00,285828.0302285137
2025-08-25 20:00:00,245799.58225748385
2025-08-25 21:00:00,207401.1900281096
2025-08-25 22:00:00,207401.1900281096
2025-08-25 23:00:00,174553.1539606076
2025-08-26 00:00:00,143576.17892332256
2025-08-26 01:00:00,114124.57777738114
2025-08-26 02:00:00,85580.01326080618
2025-08-26 03:00:00,58291.62869406871
2025-08-26 04:00:00,58291.62869406871
2025-08-26 05:00:00,30290.666173080423
2025-08-26 06:00:00,2429.2324301789413
2025-08-26 07:00:00,-0.0
2025-08-26 08:00:00,-0.0
2025-08-26 09:00:00,-0.0
2025-08-26 10:00:00,-0.0
2025-08-26 11:00:00,-0.0
2025-08-26 12:00:00,29089.56083810195
2025-08-26 13:00:00,92445.19655586054
2025-08-26 14:00:00,153988.89358364037
2025-08-26 15:00:00,213669.48423486145
2025-08-26 16:00:00,266886.1994982217
2025-08-26 17:00:00,306000.0
2025-08-26 18:00:00,299663.8719019504
2025-08-26 19:00:00,262258.58225575474
2025-08-26 20:00:00,223670.06409671495
2025-08-26 21:00:00,186420.1541292704
2025-08-26 22:00:00,151861.55072877678
2025-08-26 23:00:00,119861.5138066726
2025-08-27 00:00:00,89577.04644750326
2025-08-27 01:00:00,89577.04644750326
2025-08-27 02:00:00,62015.88988162918
2025-08-27 03:00:00,35257.830248699545
2025-08-27 04:00:00,27126.163841401478
2025-08-27 05:00:00,-0.0
2025-08-27 06:00:00,-0.0
2025-08-27 07:00:00,-0.0
2025-08-27 08:00:00,-0.0
2025-08-27 09:00:00,-0.0
2025-08-27 10:00:00,-0.0
2025-08-27 11:00:00,-0.0
2025-08-27 12:00:00,27277.682349126786
2025-08-27 13:00:00,102604.49333299541
2025-08-27 14:00:00,170626.39840193902
2025-08-27 15:00:00,230522.5030306456
2025-08-27 16:00:00,277588.4521205608
2025-08-27 17:00:00,306000.0
2025-08-27 18:00:00,306000.0
2025-08-27 19:00:00,270108.70686903974
2025-08-27 20:00:00,270108.70686903974
2025-08-27 21:00:00,233370.50425851563
2025-08-27 22:00:00,198935.80392793115
2025-08-27 23:00:00,198935.80392793115
2025-08-28 00:00:00,168759.0919368704
2025-08-28 01:00:00,139816.29516006468
2025-08-28 02:00:00,111338.14107585368
2025-08-28 03:00:00,83519.41275816101
2025-08-28 04:00:00,69719.86808226776
2025-08-28 05:00:00,42010.23849036966
2025-08-28 06:00:00,13201.037478388762
2025-08-28 07:00:00,-0.0
2025-08-28 08:00:00,-0.0
2025-08-28 09:00:00,3729.61421139069
2025-08-28 10:00:00,44677.885275161774
2025-08-28 11:00:00,91158.0696064719
2025-08-28 12:00:00,139484.89800074667
2025-08-28 13:00:00,184596.01906948054
2025-08-28 14:00:00,223950.92584036815
2025-08-28 15:00:00,258524.4140670315
2025-08-28 16:00:00,285175.55270139227
2025-08-28 17:00:00,306000.0
2025-08-28 18:00:00,294608.04378613684
2025-08-28 19:00:00,260106.67650140898
2025-08-28 20:00:00,260106.67650140898
2025-08-28 21:00:00,228018.98242177576
2025-08-28 22:00:00,194690.851032752
2025-08-28 23:00:00,163849.3536287974
2025-08-29 00:00:00,134401.36148704845
2025-08-29 01:00:00,106215.1048954665
2025-08-29 02:00:00,106215.1048954665
2025-08-29 03:00:00,79279.73725959673
2025-08-29 04:00:00,52759.114650659074
2025-08-29 05:00:00,25800.68734561946
2025-08-29 06:00:00,-0.0
2025-08-29 07:00:00,-0.0
2025-08-29 08:00:00,-0.0
2025-08-29 09:00:00,-0.0
2025-08-29 10:00:00,-0.0
2025-08-29 11:00:00,-0.0
2025-08-29 12:00:00,-0.0
2025-08-29 13:00:00,35980.31236374614
2025-08-29 14:00:00,116618.39269803981
2025-08-29 15:00:00,192123.75922692224
2025-08-29 16:00:00,260570.58765212385
2025-08-29 17:00:00,306000.0
2025-08-29 18:00:00,300305.0696198899
2025-08-29 19:00:00,262999.9771688465
2025-08-29 20:00:00,225388.49116495115
2025-08-29 21:00:00,189268.72976468725
2025-08-29 22:00:00,155277.53367188646
2025-08-29 23:00:00,123456.51880946131
2025-08-30 00:00:00,103600.88245779018
2025-08-30 01:00:00,103600.88245779018
2025-08-30 02:00:00,76573.3827825142
2025-08-30 03:00:00,50559.64366460897
2025-08-30 04:00:00,25160.224622958485
2025-08-30 05:00:00,-0.0
2025-08-30 06:00:00,-0.0
2025-08-30 07:00:00,-0.0
2025-08-30 08:00:00,-0.0
2025-08-30 09:00:00,-0.0
2025-08-30 10:00:00,-0.0
2025-08-30 11:00:00,-0.0
2025-08-30 12:00:00,-0.0
2025-08-30 13:00:00,35149.50556706879
2025-08-30 14:00:00,115787.58590136246
2025-08-30 15:00:00,192414.9646837643
2025-08-30 16:00:00,259925.87009781617
2025-08-30 17:00:00,306000.0
2025-08-30 18:00:00,298481.1570488828
2025-08-30 19:00:00,260834.01706599063
2025-08-30 20:00:00,222459.17250425834
2025-08-30 21:00:00,185797.72533588193
2025-08-30 22:00:00,185797.72533588193
2025-08-30 23:00:00,153817.00519213534
2025-08-31 00:00:00,123446.90188452353
2025-08-31 01:00:00,95087.94328022914
2025-08-31 02:00:00,68039.6482836478
2025-08-31 03:00:00,68039.6482836478
2025-08-31 04:00:00,43155.65132016071
2025-08-31 05:00:00,18537.20722168349
2025-08-31 06:00:00,-0.0
2025-08-31 07:00:00,-0.0
2025-08-31 08:00:00,-0.0
2025-08-31 09:00:00,-0.0
2025-08-31 10:00:00,-0.0
2025-08-31 11:00:00,-0.0
2025-08-31 12:00:00,-0.0
2025-08-31 13:00:00,51219.06510098571
2025-08-31 14:00:00,127868.00250699432
2025-08-31 15:00:00,200427.7585498654
2025-08-31 16:00:00,263248.467030292
2025-08-31 17:00:00,306000.0
2025-08-31 18:00:00,306000.0
2025-08-31 19:00:00,267699.4315925205
2025-08-31 20:00:00,254887.84317938105
2025-08-31 21:00:00,218025.18238534866
2025-08-31 22:00:00,218025.18238534866
2025-08-31 23:00:00,185977.9792096676
2025-09-01 00:00:00,155870.96360214797
2025-09-01 01:00:00,127479.90463194372
2025-09-01 02:00:00,100427.23943615214
2025-09-01 03:00:00,74543.10246814525
2025-09-01 04:00:00,49290.71181129571
2025-09-01 05:00:00,23972.539976335163
2025-09-01 06:00:00,-0.0
2025-09-01 07:00:00,-0.0
2025-09-01 08:00:00,-0.0
2025-09-01 09:00:00,-0.0
2025-09-01 10:00:00,-0.0
2025-09-01 11:00:00,-0.0
2025-09-01 12:00:00,-0.0
2025-09-01 13:00:00,72344.40480314288
2025-09-01 14:00:00,146696.25850545376
2025-09-01 15:00:00,215461.5636145965
2025-09-01 16:00:00,274603.9414992053
2025-09-01 17:00:00,306000.0
2025-09-01 18:00:00,289080.8102909503
2025-09-01 19:00:00,248150.16849269526
2025-09-01 20:00:00,207233.37506250973
2025-09-01 21:00:00,168251.04768707027
2025-09-01 22:00:00,168251.04768707027
2025-09-01 23:00:00,134893.9221162615
2025-09-02 00:00:00,134893.9221162615
2025-09-02 01:00:00,104390.57973902576
2025-09-02 02:00:00,87551.44366163116
2025-09-02 03:00:00,58051.894987685955
2025-09-02 04:00:00,28846.29407963169
2025-09-02 05:00:00,-0.0
2025-09-02 06:00:00,-0.0
2025-09-02 07:00:00,-0.0
2025-09-02 08:00:00,12579.080026998652
2025-09-02 09:00:00,32211.21894660918
2025-09-02 10:00:00,59293.4357351047
2025-09-02 11:00:00,94829.93386664419
2025-09-02 12:00:00,131381.66758076567
2025-09-02 13:00:00,164705.9959543618
2025-09-02 14:00:00,202521.34047307743
2025-09-02 15:00:00,239781.92018641584
2025-09-02 16:00:00,268363.86724590365
2025-09-02 17:00:00,282275.57466975885
2025-09-02 18:00:00,282275.57466975885
2025-09-02 19:00:00,241889.39626231985
2025-09-02 20:00:00,200430.41879236363
2025-09-02 21:00:00,160825.51219264884
2025-09-02 22:00:00,124175.38493790657
2025-09-02 23:00:00,90269.02990129954
2025-09-03 00:00:00,58436.070673869996
2025-09-03 01:00:00,28385.24902181429
2025-09-03 02:00:00,-0.0
2025-09-03 03:00:00,-0.0
2025-09-03 04:00:00,-0.0
2025-09-03 05:00:00,-0.0
2025-09-03 06:00:00,-0.0
2025-09-03 07:00:00,-0.0
2025-09-03 08:00:00,-0.0
2025-09-03 09:00:00,-0.0
2025-09-03 10:00:00,-0.0
2025-09-03 11:00:00,-0.0
2025-09-03 12:00:00,762.3915767170547
2025-09-03 13:00:00,77641.50467173975
2025-09-03 14:00:00,153049.8386423475
2025-09-03 15:00:00,221737.4356166079
2025-09-03 16:00:00,276418.34868618054
2025-09-03 17:00:00,306000.0
2025-09-03 18:00:00,286202.4094038213
2025-09-03 19:00:00,244799.74670256235
2025-09-03 20:00:00,244799.74670256235
2025-09-03 21:00:00,205289.39941134985
2025-09-03 22:00:00,168802.34661182127
2025-09-03 23:00:00,135229.62542188406
2025-09-04 00:00:00,135229.62542188406
2025-09-04 01:00:00,105251.81902069483
2025-09-04 02:00:00,84034.58752871715
2025-09-04 03:00:00,84034.58752871715
2025-09-04 04:00:00,56083.87674094475
2025-09-04 05:00:00,28116.178249232453
2025-09-04 06:00:00,-0.0
2025-09-04 07:00:00,-0.0
2025-09-04 08:00:00,-0.0
2025-09-04 09:00:00,-0.0
2025-09-04 10:00:00,-0.0
2025-09-04 11:00:00,-0.0
2025-09-04 12:00:00,48726.17005332117
2025-09-04 13:00:00,116347.98313219211
2025-09-04 14:00:00,181798.82389328914
2025-09-04 15:00:00,237621.26295626778
2025-09-04 16:00:00,282249.1848536643
2025-09-04 17:00:00,306000.0
2025-09-04 18:00:00,286711.0367667834
2025-09-04 19:00:00,246811.77152818925
2025-09-04 20:00:00,244900.48353996425
2025-09-04 21:00:00,207602.38675707366
2025-09-04 22:00:00,172949.86749004893
2025-09-04 23:00:00,140593.14805683144
2025-09-05 00:00:00,110208.08637161441
2025-09-05 01:00:00,81444.4140743637
2025-09-05 02:00:00,53518.471720372996
2025-09-05 03:00:00,53518.471720372996
2025-09-05 04:00:00,27196.23423425996
2025-09-05 05:00:00,27196.23423425996
2025-09-05 06:00:00,-0.0
2025-09-05 07:00:00,-0.0
2025-09-05 08:00:00,-0.0
2025-09-05 09:00:00,-0.0
2025-09-05 10:00:00,-0.0
2025-09-05 11:00:00,-0.0
2025-09-05 12:00:00,-0.0
2025-09-05 13:00:00,52739.151083583114
2025-09-05 14:00:00,127859.66073318922
2025-09-05 15:00:00,199684.08736611504
2025-09-05 16:00:00,266050.2150966468
2025-09-05 17:00:00,306000.0
2025-09-05 18:00:00,292601.73087717337
2025-09-05 19:00:00,255670.6581845529
2025-09-05 20:00:00,219309.93217764632
2025-09-05 21:00:00,184357.23654661782
2025-09-05 22:00:00,184357.23654661782
2025-09-05 23:00:00,153651.54155666666
2025-09-06 00:00:00,124444.17258438755
2025-09-06 01:00:00,96815.69522227804
2025-09-06 02:00:00,70165.73839479544
2025-09-06 03:00:00,70165.73839479544
2025-09-06 04:00:00,49249.72894703371
2025-09-06 05:00:00,23996.492629675922
2025-09-06 06:00:00,-0.0
2025-09-06 07:00:00,-0.0
2025-09-06 08:00:00,-0.0
2025-09-06 09:00:00,-0.0
2025-09-06 10:00:00,-0.0
2025-09-06 11:00:00,-0.0
2025-09-06 12:00:00,-0.0
2025-09-06 13:00:00,35296.41054778684
2025-09-06 14:00:00,115086.34490590452
2025-09-06 15:00:00,191433.8226560288
2025-09-06 16:00:00,262327.9047334731
2025-09-06 17:00:00,306000.0
2025-09-06 18:00:00,295137.8273885654
2025-09-06 19:00:00,259591.17712016968
2025-09-06 20:00:00,224500.31419003362
2025-09-06 21:00:00,224500.31419003362
2025-09-06 22:00:00,192756.27475887196
2025-09-06 23:00:00,163106.59750430068
2025-09-07 00:00:00,134778.52076017423
2025-09-07 01:00:00,107822.00586995602
2025-09-07 02:00:00,95649.57444358568
2025-09-07 03:00:00,70716.8358525237
2025-09-07 04:00:00,46352.779106226575
2025-09-07 05:00:00,22476.880856994474
2025-09-07 06:00:00,-0.0
2025-09-07 07:00:00,-0.0
2025-09-07 08:00:00,-0.0
2025-09-07 09:00:00,-0.0
2025-09-07 10:00:00,-0.0
2025-09-07 11:00:00,-0.0
2025-09-07 12:00:00,-0.0
2025-09-07 13:00:00,43832.88979991287
2025-09-07 14:00:00,122801.75566059192
2025-09-07 15:00:00,198305.73726582606
2025-09-07 16:00:00,264189.588683982
2025-09-07 17:00:00,306000.0
2025-09-07 18:00:00,292519.1723064722
2025-09-07 19:00:00,256047.89426553933
2025-09-07 20:00:00,251319.57350048347
2025-09-07 21:00:00,217072.33884191574
2025-09-07 22:00:00,185048.8278858049
2025-09-07 23:00:00,185048.8278858049
2025-09-08 00:00:00,156947.20310250396
2025-09-08 01:00:00,129780.90829373023
2025-09-08 02:00:00,103167.8815893688
2025-09-08 03:00:00,77261.01423067809
2025-09-08 04:00:00,51902.082950411124
2025-09-08 05:00:00,26030.441607682405
2025-09-08 06:00:00,-0.0
2025-09-08 07:00:00,-0.0
2025-09-08 08:00:00,-0.0
2025-09-08 09:00:00,-0.0
2025-09-08 10:00:00,-0.0
2025-09-08 11:00:00,-0.0
2025-09-08 12:00:00,-0.0
2025-09-08 13:00:00,27052.982267375613
2025-09-08 14:00:00,107691.06260166928
2025-09-08 15:00:00,185937.77019735967
2025-09-08 16:00:00,259028.85105371912
2025-09-08 17:00:00,306000.0
2025-09-08 18:00:00,306000.0
2025-09-08 19:00:00,295601.8574283658
2025-09-08 20:00:00,259243.8786014176
2025-09-08 21:00:00,224148.0760259756
2025-09-08 22:00:00,191316.24174576302
2025-09-08 23:00:00,161028.09478139016
2025-09-09 00:00:00,132219.46395784552
2025-09-09 01:00:00,104662.36843532269
2025-09-09 02:00:00,77899.17490258696
2025-09-09 03:00:00,51882.525232756045
2025-09-09 04:00:00,26219.678832878057
2025-09-09 05:00:00,-0.0
2025-09-09 06:00:00,-0.0
2025-09-09 07:00:00,-0.0
2025-09-09 08:00:00,-0.0
2025-09-09 09:00:00,-0.0
2025-09-09 10:00:00,-0.0
2025-09-09 11:00:00,-0.0
2025-09-09 12:00:00,-0.0
2025-09-09 13:00:00,31077.303471152045
2025-09-09 14:00:00,111715.38380544572
2025-09-09 15:00:00,189266.94165289542
2025-09-09 16:00:00,260218.4591039428
2025-09-09 17:00:00,306000.0
2025-09-09 18:00:00,293944.4859706694
2025-09-09 19:00:00,259856.3850057228
2025-09-09 20:00:00,225839.14058738982
2025-09-09 21:00:00,192920.40035745793
2025-09-09 22:00:00,192920.40035745793
2025-09-09 23:00:00,163806.3534371027
2025-09-10 00:00:00,135786.07249864299
2025-09-10 01:00:00,130537.14425892642
2025-09-10 02:00:00,104356.88312115993
2025-09-10 03:00:00,78572.26435084242
2025-09-10 04:00:00,53000.238338734576
2025-09-10 05:00:00,26605.174723240645
2025-09-10 06:00:00,-0.0
2025-09-10 07:00:00,-0.0
2025-09-10 08:00:00,-0.0
2025-09-10 09:00:00,-0.0
2025-09-10 10:00:00,-0.0
2025-09-10 11:00:00,-0.0
2025-09-10 12:00:00,-0.0
2025-09-10 13:00:00,34933.103953238984
2025-09-10 14:00:00,115571.18428753265
2025-09-10 15:00:00,194223.00306412677
2025-09-10 16:00:00,263875.83821614116
2025-09-10 17:00:00,306000.0
2025-09-10 18:00:00,291155.31141366885
2025-09-10 19:00:00,258044.00090593565
2025-09-10 20:00:00,225016.89846259574
2025-09-10 21:00:00,225016.89846259574
2025-09-10 22:00:00,194677.1388988436
2025-09-10 23:00:00,166285.30342714352
2025-09-11 00:00:00,138934.3800691375
2025-09-11 01:00:00,112568.30555470227
2025-09-11 02:00:00,86924.52073948289
2025-09-11 03:00:00,61505.27943993176
2025-09-11 04:00:00,51301.677051410006
2025-09-11 05:00:00,25717.805865024195
2025-09-11 06:00:00,-0.0
2025-09-11 07:00:00,-0.0
2025-09-11 08:00:00,-0.0
2025-09-11 09:00:00,-0.0
2025-09-11 10:00:00,-0.0
2025-09-11 11:00:00,-0.0
2025-09-11 12:00:00,-0.0
2025-09-11 13:00:00,34672.553632760086
2025-09-11 14:00:00,115310.63396705376
2025-09-11 15:00:00,194621.4423384101
2025-09-11 16:00:00,263799.25254466437
2025-09-11 17:00:00,306000.0
2025-09-11 18:00:00,291537.6177953088
2025-09-11 19:00:00,278304.246083546
2025-09-11 20:00:00,245461.4833680788
2025-09-11 21:00:00,213552.6055263313
2025-09-11 22:00:00,183216.24014060106
2025-09-11 23:00:00,154922.47479007964
2025-09-12 00:00:00,127371.43190494571
2025-09-12 01:00:00,101137.11481288407
2025-09-12 02:00:00,76040.45784535276
2025-09-12 03:00:00,51128.18709012166
2025-09-12 04:00:00,51128.18709012166
2025-09-12 05:00:00,25768.858094409745
2025-09-12 06:00:00,-0.0
2025-09-12 07:00:00,-0.0
2025-09-12 08:00:00,-0.0
2025-09-12 09:00:00,-0.0
2025-09-12 10:00:00,-0.0
2025-09-12 11:00:00,-0.0
2025-09-12 12:00:00,-0.0
2025-09-12 13:00:00,28741.35791283143
2025-09-12 14:00:00,109379.4382471251
2025-09-12 15:00:00,189971.14037503026
2025-09-12 16:00:00,263143.2165057235
2025-09-12 17:00:00,306000.0
2025-09-12 18:00:00,291549.5397977135
2025-09-12 19:00:00,258937.31864146978
2025-09-12 20:00:00,226709.8231474405
2025-09-12 21:00:00,195471.53896356313
2025-09-12 22:00:00,195471.53896356313
2025-09-12 23:00:00,167328.32584295186
2025-09-13 00:00:00,146463.75422943285
2025-09-13 01:00:00,120560.80282563195
2025-09-13 02:00:00,95553.59244282958
2025-09-13 03:00:00,71200.51024513938
2025-09-13 04:00:00,47260.66806316949
2025-09-13 05:00:00,23275.788378075224
2025-09-13 06:00:00,-0.0
2025-09-13 07:00:00,-0.0
2025-09-13 08:00:00,-0.0
2025-09-13 09:00:00,-0.0
2025-09-13 10:00:00,-0.0
2025-09-13 11:00:00,-0.0
2025-09-13 12:00:00,-0.0
2025-09-13 13:00:00,25354.248416799644
2025-09-13 14:00:00,105992.32875109332
2025-09-13 15:00:00,186630.409085387
2025-09-13 16:00:00,261479.19271324825
2025-09-13 17:00:00,306000.0
2025-09-13 18:00:00,292750.38968730473
2025-09-13 19:00:00,283546.58134098735
2025-09-13 20:00:00,252617.88871480216
2025-09-13 21:00:00,222561.53522653814
2025-09-13 22:00:00,193730.52364187612
2025-09-13 23:00:00,166438.3174533559
2025-09-14 00:00:00,140141.86721515254
2025-09-14 01:00:00,115250.61225311708
2025-09-14 02:00:00,91307.98563928735
2025-09-14 03:00:00,67946.62252522953
2025-09-14 04:00:00,45037.26223221974
2025-09-14 05:00:00,22140.117291819017
2025-09-14 06:00:00,-0.0
2025-09-14 07:00:00,-0.0
2025-09-14 08:00:00,-0.0
2025-09-14 09:00:00,-0.0
2025-09-14 10:00:00,-0.0
2025-09-14 11:00:00,-0.0
2025-09-14 12:00:00,-0.0
2025-09-14 13:00:00,52059.691600334554
2025-09-14 14:00:00,122665.12505989595
2025-09-14 15:00:00,195668.97027684026
2025-09-14 16:00:00,264238.52782817825
2025-09-14 17:00:00,306000.0
2025-09-14 18:00:00,289769.76717920316
2025-09-14 19:00:00,256785.9015821526
2025-09-14 20:00:00,224413.00496943633
2025-09-14 21:00:00,193222.8465458562
2025-09-14 22:00:00,193222.8465458562
2025-09-14 23:00:00,165783.95211133655
2025-09-15 00:00:00,139436.55112687324
2025-09-15 01:00:00,124209.70953851198
2025-09-15 02:00:00,99276.37029072802
2025-09-15 03:00:00,74909.70325600475
2025-09-15 04:00:00,51154.04735027591
2025-09-15 05:00:00,26160.309447727246
2025-09-15 06:00:00,-0.0
2025-09-15 07:00:00,-0.0
2025-09-15 08:00:00,-0.0
2025-09-15 09:00:00,-0.0
2025-09-15 10:00:00,-0.0
2025-09-15 11:00:00,-0.0
2025-09-15 12:00:00,-0.0
2025-09-15 13:00:00,70351.42159891226
2025-09-15 14:00:00,142164.72415617335
2025-09-15 15:00:00,210599.29495861448
2025-09-15 16:00:00,272185.4582933346
2025-09-15 17:00:00,306000.0
2025-09-15 18:00:00,282324.07938497333
2025-09-15 19:00:00,243749.3365620852
2025-09-15 20:00:00,206241.42191123488
2025-09-15 21:00:00,170870.90599938823
2025-09-15 22:00:00,170870.90599938823
2025-09-15 23:00:00,161179.00032535885
2025-09-16 00:00:00,132511.2423213048
2025-09-16 01:00:00,105347.71233089079
2025-09-16 02:00:00,78790.5696872153
2025-09-16 03:00:00,78790.5696872153
2025-09-16 04:00:00,53432.39033438447
2025-09-16 05:00:00,27253.662572406294
2025-09-16 06:00:00,-0.0
2025-09-16 07:00:00,-0.0
2025-09-16 08:00:00,-0.0
2025-09-16 09:00:00,-0.0
2025-09-16 10:00:00,-0.0
2025-09-16 11:00:00,-0.0
2025-09-16 12:00:00,2362.665774121604
2025-09-16 13:00:00,76515.17563946186
2025-09-16 14:00:00,149753.7203248786
2025-09-16 15:00:00,217748.976865914
2025-09-16 16:00:00,277894.03088194685
2025-09-16 17:00:00,306000.0
2025-09-16 18:00:00,278703.08950500155
2025-09-16 19:00:00,278703.08950500155
2025-09-16 20:00:00,241113.97992468913
2025-09-16 21:00:00,241113.97992468913
2025-09-16 22:00:00,206390.25057718882
2025-09-16 23:00:00,174449.7376322813
2025-09-17 00:00:00,144028.1748355139
2025-09-17 01:00:00,115169.34795697626
2025-09-17 02:00:00,87198.3139833319
2025-09-17 03:00:00,59748.333199952074
2025-09-17 04:00:00,59748.333199952074
2025-09-17 05:00:00,32521.478780697114
2025-09-17 06:00:00,4012.1179029989994
2025-09-17 07:00:00,-0.0
2025-09-17 08:00:00,-0.0
2025-09-17 09:00:00,-0.0
2025-09-17 10:00:00,44384.99079379169
2025-09-17 11:00:00,113286.61126760059
2025-09-17 12:00:00,177249.0707893741
2025-09-17 13:00:00,230979.91532535362
2025-09-17 14:00:00,270288.99831351195
2025-09-17 15:00:00,294027.62524663704
2025-09-17 16:00:00,306000.0
2025-09-17 17:00:00,306000.0
2025-09-17 18:00:00,306000.0
2025-09-17 19:00:00,267447.40801154845
2025-09-17 20:00:00,267447.40801154845
2025-09-17 21:00:00,267447.40801154845
2025-09-17 22:00:00,267447.40801154845
2025-09-17 23:00:00,235938.7476356726
2025-09-18 00:00:00,235938.7476356726
2025-09-18 01:00:00,235938.7476356726
2025-09-18 02:00:00,235938.7476356726
2025-09-18 03:00:00,208039.0687360967
2025-09-18 04:00:00,180688.15940490027
2025-09-18 05:00:00,180688.15940490027
2025-09-18 06:00:00,180688.15940490027
2025-09-18 07:00:00,180688.15940490027
2025-09-18 08:00:00,168168.34577905186
2025-09-18 09:00:00,172323.78263940423
2025-09-18 10:00:00,182787.3285207255
2025-09-18 11:00:00,198880.2164785884
2025-09-18 12:00:00,220443.32603687362
2025-09-18 13:00:00,243811.25232903962
2025-09-18 14:00:00,254772.79386113666
2025-09-18 15:00:00,261756.62732360474
2025-09-18 16:00:00,261756.62732360474
2025-09-18 17:00:00,238518.2088969898
2025-09-18 18:00:00,204831.3549470475
2025-09-18 19:00:00,169356.13984106603
2025-09-18 20:00:00,134522.25920259778
2025-09-18 21:00:00,100589.14936799636
2025-09-18 22:00:00,100589.14936799636
2025-09-18 23:00:00,70387.69383918362
2025-09-19 00:00:00,70387.69383918362
2025-09-19 01:00:00,68177.98027209331
2025-09-19 02:00:00,41987.61969437718
2025-09-19 03:00:00,41987.61969437718
2025-09-19 04:00:00,16502.834018607155
2025-09-19 05:00:00,16502.834018607155
2025-09-19 06:00:00,16502.834018607155
2025-09-19 07:00:00,-0.0
2025-09-19 08:00:00,-0.0
2025-09-19 09:00:00,-0.0
2025-09-19 10:00:00,-0.0
2025-09-19 11:00:00,7146.056339360548
2025-09-19 12:00:00,67747.18520720766
2025-09-19 13:00:00,128143.76191226537
2025-09-19 14:00:00,183655.08597486993
2025-09-19 15:00:00,236738.2997077835
2025-09-19 16:00:00,283609.99486249866
2025-09-19 17:00:00,306000.0
2025-09-19 18:00:00,306000.0
2025-09-19 19:00:00,270679.5766815065
2025-09-19 20:00:00,270679.5766815065
2025-09-19 21:00:00,237341.3854671698
2025-09-19 22:00:00,205427.84561017537
2025-09-19 23:00:00,175617.2611241669
2025-09-20 00:00:00,147210.6056013192
2025-09-20 01:00:00,120380.3117927265
2025-09-20 02:00:00,98652.6464419683
2025-09-20 03:00:00,73668.3551071187
2025-09-20 04:00:00,49178.95913931602
2025-09-20 05:00:00,24454.748789877478
2025-09-20 06:00:00,-0.0
2025-09-20 07:00:00,-0.0
2025-09-20 08:00:00,-0.0
2025-09-20 09:00:00,-0.0
2025-09-20 10:00:00,-0.0
2025-09-20 11:00:00,-0.0
2025-09-20 12:00:00,-0.0
2025-09-20 13:00:00,44036.26738152369
2025-09-20 14:00:00,124674.34771581736
2025-09-20 15:00:00,202023.46916047233
2025-09-20 16:00:00,271294.6847790236
2025-09-20 17:00:00,306000.0
2025-09-20 18:00:00,286221.8388489892
2025-09-20 19:00:00,252820.68397773724
2025-09-20 20:00:00,252820.68397773724
2025-09-20 21:00:00,221096.77348532598
2025-09-20 22:00:00,190787.66732093247
2025-09-20 23:00:00,171739.61295335888
2025-09-21 00:00:00,144423.1942884019
2025-09-21 01:00:00,118552.198508846
2025-09-21 02:00:00,93909.21230571461
2025-09-21 03:00:00,69948.6011252386
2025-09-21 04:00:00,46608.909185367396
2025-09-21 05:00:00,23347.79872063463
2025-09-21 06:00:00,-0.0
2025-09-21 07:00:00,-0.0
2025-09-21 08:00:00,-0.0
2025-09-21 09:00:00,-0.0
2025-09-21 10:00:00,20581.941195148305
2025-09-21 11:00:00,74971.72701525515
2025-09-21 12:00:00,126036.5211577481
2025-09-21 13:00:00,171876.00961139853
2025-09-21 14:00:00,218311.50442627308
2025-09-21 15:00:00,260701.58703191963
2025-09-21 16:00:00,293412.96580730414
2025-09-21 17:00:00,306000.0
2025-09-21 18:00:00,306000.0
2025-09-21 19:00:00,273823.5057728976
2025-09-21 20:00:00,241829.02165292375
2025-09-21 21:00:00,210833.03993022846
2025-09-21 22:00:00,181407.5659270869
2025-09-21 23:00:00,167681.01209429817
2025-09-22 00:00:00,141137.30312340494
2025-09-22 01:00:00,115950.69787263164
2025-09-22 02:00:00,91040.38592705158
2025-09-22 03:00:00,66701.3531070909
2025-09-22 04:00:00,66701.3531070909
2025-09-22 05:00:00,41631.40415060191
2025-09-22 06:00:00,14684.233539775665
2025-09-22 07:00:00,-0.0
2025-09-22 08:00:00,-0.0
2025-09-22 09:00:00,-0.0
2025-09-22 10:00:00,-0.0
2025-09-22 11:00:00,-0.0
2025-09-22 12:00:00,26761.287905923396
2025-09-22 13:00:00,94057.63602903856
2025-09-22 14:00:00,163534.51138896885
2025-09-22 15:00:00,229838.73028909357
2025-09-22 16:00:00,286444.41965359234
2025-09-22 17:00:00,306000.0
2025-09-22 18:00:00,305325.8978309429
2025-09-22 19:00:00,267625.01085820235
2025-09-22 20:00:00,231212.38670956832
2025-09-22 21:00:00,196313.45166977687
2025-09-22 22:00:00,163786.350999394
2025-09-22 23:00:00,163786.350999394
2025-09-23 00:00:00,134874.08909242877
2025-09-23 01:00:00,107716.56010573401
2025-09-23 02:00:00,81284.91566282243
2025-09-23 03:00:00,55674.97829325183
2025-09-23 04:00:00,55674.97829325183
2025-09-23 05:00:00,29539.871681856817
2025-09-23 06:00:00,1855.2396123592089
2025-09-23 07:00:00,-0.0
2025-09-23 08:00:00,-0.0
2025-09-23 09:00:00,-0.0
2025-09-23 10:00:00,-0.0
2025-09-23 11:00:00,-0.0
2025-09-23 12:00:00,44946.26078940819
2025-09-23 13:00:00,115898.64350425154
2025-09-23 14:00:00,182056.7117010614
2025-09-23 15:00:00,240250.5885778222
2025-09-23 16:00:00,289510.35215036897
2025-09-23 17:00:00,306000.0
2025-09-23 18:00:00,274226.52218626125
2025-09-23 19:00:00,274226.52218626125
2025-09-23 20:00:00,235877.68475151298
2025-09-23 21:00:00,199141.0875924637
2025-09-23 22:00:00,179720.04061232376
2025-09-23 23:00:00,147983.60852179394
2025-09-24 00:00:00,117721.49820426694
2025-09-24 01:00:00,89262.40922854596
2025-09-24 02:00:00,89262.40922854596
2025-09-24 03:00:00,89262.40922854596
2025-09-24 04:00:00,62909.056591922665
2025-09-24 05:00:00,35637.15024534082
2025-09-24 06:00:00,6923.509373264293
2025-09-24 07:00:00,-0.0
2025-09-24 08:00:00,-0.0
2025-09-24 09:00:00,-0.0
2025-09-24 10:00:00,-0.0
2025-09-24 11:00:00,-0.0
2025-09-24 12:00:00,58077.98960160644
2025-09-24 13:00:00,116044.96433997893
2025-09-24 14:00:00,175705.79209541256
2025-09-24 15:00:00,236832.58070110495
2025-09-24 16:00:00,289883.98515739705
2025-09-24 17:00:00,306000.0
2025-09-24 18:00:00,277533.76199205214
2025-09-24 19:00:00,241957.44516568407
2025-09-24 20:00:00,206874.43419522242
2025-09-24 21:00:00,172639.42530369805
2025-09-24 22:00:00,140563.40013330476
2025-09-24 23:00:00,133818.49316997177
2025-09-25 00:00:00,105395.97335497217
2025-09-25 01:00:00,105395.97335497217
2025-09-25 02:00:00,79668.26321486986
2025-09-25 03:00:00,54425.41878279176
2025-09-25 04:00:00,29387.08793538264
2025-09-25 05:00:00,29387.08793538264
2025-09-25 06:00:00,1923.9265686303916
2025-09-25 07:00:00,-0.0
2025-09-25 08:00:00,-0.0
2025-09-25 09:00:00,-0.0
2025-09-25 10:00:00,-0.0
2025-09-25 11:00:00,-0.0
2025-09-25 12:00:00,-0.0
2025-09-25 13:00:00,71895.55336058918
2025-09-25 14:00:00,147793.0346458244
2025-09-25 15:00:00,220580.71845884813
2025-09-25 16:00:00,284559.29454901925
2025-09-25 17:00:00,306000.0
2025-09-25 18:00:00,285301.45453487686
2025-09-25 19:00:00,252460.67186610025
2025-09-25 20:00:00,219819.5057207349
2025-09-25 21:00:00,188164.1585034795
2025-09-25 22:00:00,157983.2235593972
2025-09-25 23:00:00,157983.2235593972
2025-09-26 00:00:00,131005.1173224755
2025-09-26 01:00:00,105154.67998538411
2025-09-26 02:00:00,79555.79397789913
2025-09-26 03:00:00,54228.05419859018
2025-09-26 04:00:00,54228.05419859018
2025-09-26 05:00:00,28903.967427621446
2025-09-26 06:00:00,2140.7835877706543
2025-09-26 07:00:00,-0.0
2025-09-26 08:00:00,-0.0
2025-09-26 09:00:00,-0.0
2025-09-26 10:00:00,-0.0
2025-09-26 11:00:00,-0.0
2025-09-26 12:00:00,39181.26477597769
2025-09-26 13:00:00,114637.33964754533
2025-09-26 14:00:00,180959.5211757613
2025-09-26 15:00:00,240578.72902714234
2025-09-26 16:00:00,290147.87162015686
2025-09-26 17:00:00,306000.0
2025-09-26 18:00:00,280641.80173551774
2025-09-26 19:00:00,248888.55022421747
2025-09-26 20:00:00,244543.13022710706
2025-09-26 21:00:00,213648.49044617894
2025-09-26 22:00:00,183989.22731925308
2025-09-26 23:00:00,156046.8319102971
2025-09-27 00:00:00,129223.47251913698
2025-09-27 01:00:00,103850.36596770457
2025-09-27 02:00:00,79504.12748383681
2025-09-27 03:00:00,55794.33848130898
2025-09-27 04:00:00,55794.33848130898
2025-09-27 05:00:00,32055.93066567894
2025-09-27 06:00:00,7659.871585391721
2025-09-27 07:00:00,-0.0
2025-09-27 08:00:00,-0.0
2025-09-27 09:00:00,-0.0
2025-09-27 10:00:00,-0.0
2025-09-27 11:00:00,22309.705653167977
2025-09-27 12:00:00,81686.40259269477
2025-09-27 13:00:00,139678.72844793307
2025-09-27 14:00:00,201344.28024903702
2025-09-27 15:00:00,253551.02159344446
2025-09-27 16:00:00,296257.4502620645
2025-09-27 17:00:00,306000.0
2025-09-27 18:00:00,279674.0582289467
2025-09-27 19:00:00,279674.0582289467
2025-09-27 20:00:00,250114.8409289001
2025-09-27 21:00:00,221259.79999980133
2025-09-27 22:00:00,193489.55274222052
2025-09-27 23:00:00,167110.68674507982
2025-09-28 00:00:00,141613.10158077136
2025-09-28 01:00:00,117350.01616933789
2025-09-28 02:00:00,94939.56954479383
2025-09-28 03:00:00,71853.46908217788
2025-09-28 04:00:00,49147.17182020898
2025-09-28 05:00:00,26367.153872797728
2025-09-28 06:00:00,3504.5976226784555
2025-09-28 07:00:00,-0.0
2025-09-28 08:00:00,-0.0
2025-09-28 09:00:00,-0.0
2025-09-28 10:00:00,-0.0
2025-09-28 11:00:00,-0.0
2025-09-28 12:00:00,8521.722240678908
2025-09-28 13:00:00,85724.43742461578
2025-09-28 14:00:00,162505.49714038894
2025-09-28 15:00:00,231713.95258629892
2025-09-28 16:00:00,285688.6338798139
2025-09-28 17:00:00,306000.0
2025-09-28 18:00:00,281994.9000533145
2025-09-28 19:00:00,251839.9046182871
2025-09-28 20:00:00,222226.7185953746
2025-09-28 21:00:00,193435.30520680913
2025-09-28 22:00:00,166061.81412146564
2025-09-28 23:00:00,140077.75044641667
2025-09-29 00:00:00,140077.75044641667
2025-09-29 01:00:00,115694.58048491881
2025-09-29 02:00:00,103394.88053200892
2025-09-29 03:00:00,79610.85043327467
2025-09-29 04:00:00,56159.6682086927
2025-09-29 05:00:00,31730.299675880204
2025-09-29 06:00:00,5534.336170926839
2025-09-29 07:00:00,-0.0
2025-09-29 08:00:00,-0.0
2025-09-29 09:00:00,-0.0
2025-09-29 10:00:00,-0.0
2025-09-29 11:00:00,-0.0
2025-09-29 12:00:00,28632.02362097196
2025-09-29 13:00:00,103114.18758185858
2025-09-29 14:00:00,170678.55060119642
2025-09-29 15:00:00,234652.37988660636
2025-09-29 16:00:00,289429.38311164646
2025-09-29 17:00:00,306000.0
2025-09-29 18:00:00,278632.9692442131
2025-09-29 19:00:00,247779.3876448234
2025-09-29 20:00:00,217042.16934982367
2025-09-29 21:00:00,211468.3379052277
2025-09-29 22:00:00,182804.98755861697
2025-09-29 23:00:00,156076.83794102998
2025-09-30 00:00:00,130177.04317233185
2025-09-30 01:00:00,105118.15495657854
2025-09-30 02:00:00,80473.45973632486
2025-09-30 03:00:00,56085.07968837334
2025-09-30 04:00:00,31861.03485989956
2025-09-30 05:00:00,31861.03485989956
2025-09-30 06:00:00,4884.33077081361
2025-09-30 07:00:00,-0.0
2025-09-30 08:00:00,-0.0
2025-09-30 09:00:00,-0.0
2025-09-30 10:00:00,-0.0
2025-09-30 11:00:00,-0.0
2025-09-30 12:00:00,12831.145395903266
2025-09-30 13:00:00,91083.30804876298
2025-09-30 14:00:00,162008.66675348755
2025-09-30 15:00:00,230038.95975144694
2025-09-30 16:00:00,286481.2194201084
2025-09-30 17:00:00,306000.0
2025-09-30 18:00:00,278985.95740694395
2025-09-30 19:00:00,270041.79294861504
2025-09-30 20:00:00,238963.23515637053
2025-09-30 21:00:00,208758.55328953097
2025-09-30 22:00:00,180035.7541889305
2025-09-30 23:00:00,153151.17979997362
2025-10-01 00:00:00,126986.92667355425
2025-10-01 01:00:00,126986.92667355425
2025-10-01 02:00:00,101868.84652819135
2025-10-01 03:00:00,77320.45639751577
2025-10-01 04:00:00,53519.67388621901
2025-10-01 05:00:00,28804.12597767817
2025-10-01 06:00:00,2482.3124482033863
2025-10-01 07:00:00,-0.0
2025-10-01 08:00:00,-0.0
2025-10-01 09:00:00,-0.0
2025-10-01 10:00:00,-0.0
2025-10-01 11:00:00,-0.0
2025-10-01 12:00:00,-0.0
2025-10-01 13:00:00,71077.30971595817
2025-10-01 14:00:00,148790.39708020582
2025-10-01 15:00:00,222805.1587413242
2025-10-01 16:00:00,286955.0343414264
2025-10-01 17:00:00,306000.0
2025-10-01 18:00:00,278428.89865493507
2025-10-01 19:00:00,245991.21969108147
2025-10-01 20:00:00,214793.30576151202
2025-10-01 21:00:00,184417.16442518
2025-10-01 22:00:00,155570.25010694898
2025-10-01 23:00:00,128478.65578583603
2025-10-02 00:00:00,128478.65578583603
2025-10-02 01:00:00,103276.71350843867
2025-10-02 02:00:00,78428.76528647605
2025-10-02 03:00:00,54052.25679884738
2025-10-02 04:00:00,51354.82455463152
2025-10-02 05:00:00,26459.015248687127
2025-10-02 06:00:00,-0.0
2025-10-02 07:00:00,-0.0
2025-10-02 08:00:00,-0.0
2025-10-02 09:00:00,-0.0
2025-10-02 10:00:00,-0.0
2025-10-02 11:00:00,-0.0
2025-10-02 12:00:00,52787.67269576457
2025-10-02 13:00:00,125155.92106680735
2025-10-02 14:00:00,192578.47331823554
2025-10-02 15:00:00,251974.87252619304
2025-10-02 16:00:00,297699.4381002103
2025-10-02 17:00:00,306000.0
2025-10-02 18:00:00,277956.14278156543
2025-10-02 19:00:00,246040.0281109295
2025-10-02 20:00:00,218277.7575674735
2025-10-02 21:00:00,187938.14614378064
2025-10-02 22:00:00,158842.74095353318
2025-10-02 23:00:00,131880.64593345416
2025-10-03 00:00:00,105826.59225313531
2025-10-03 01:00:00,105826.59225313531
2025-10-03 02:00:00,105826.59225313531
2025-10-03 03:00:00,81520.57045177731
2025-10-03 04:00:00,57551.97117557369
2025-10-03 05:00:00,32427.443129196236
2025-10-03 06:00:00,6027.9793689664175
2025-10-03 07:00:00,-0.0
2025-10-03 08:00:00,-0.0
2025-10-03 09:00:00,-0.0
2025-10-03 10:00:00,-0.0
2025-10-03 11:00:00,-0.0
2025-10-03 12:00:00,4269.821541418467
2025-10-03 13:00:00,80394.44677328838
2025-10-03 14:00:00,156623.82717485385
2025-10-03 15:00:00,225691.50807161885
2025-10-03 16:00:00,285354.137063914
2025-10-03 17:00:00,306000.0
2025-10-03 18:00:00,281138.23766093777
2025-10-03 19:00:00,251668.3102048733
2025-10-03 20:00:00,222897.7152707284
2025-10-03 21:00:00,194710.33163495563
2025-10-03 22:00:00,167586.43830524533
2025-10-03 23:00:00,141801.04121617644
2025-10-04 00:00:00,138070.66218291293
2025-10-04 01:00:00,114107.20594866024
2025-10-04 02:00:00,90822.81022630208
2025-10-04 03:00:00,68216.51386367963
2025-10-04 04:00:00,45990.832647062285
2025-10-04 05:00:00,23342.317618756242
2025-10-04 06:00:00,25.768942838730357
2025-10-04 07:00:00,-0.0
2025-10-04 08:00:00,-0.0
2025-10-04 09:00:00,-0.0
2025-10-04 10:00:00,-0.0
2025-10-04 11:00:00,-0.0
2025-10-04 12:00:00,35698.40022786302
2025-10-04 13:00:00,105745.01566183267
2025-10-04 14:00:00,169997.34742741386
2025-10-04 15:00:00,231766.35284125188
2025-10-04 16:00:00,284052.51560374827
2025-10-04 17:00:00,306000.0
2025-10-04 18:00:00,281512.10927386454
2025-10-04 19:00:00,253337.17963303853
2025-10-04 20:00:00,225881.21801494635
2025-10-04 21:00:00,198904.60112015065
2025-10-04 22:00:00,173173.476548692
2025-10-04 23:00:00,154758.44405874258
2025-10-05 00:00:00,131028.06714764691
2025-10-05 01:00:00,108312.2461931891
2025-10-05 02:00:00,86215.88183210405
2025-10-05 03:00:00,64773.20325981105
2025-10-05 04:00:00,43472.33637565093
2025-10-05 05:00:00,21781.169685685447
2025-10-05 06:00:00,-0.0
2025-10-05 07:00:00,-0.0
2025-10-05 08:00:00,-0.0
2025-10-05 09:00:00,-0.0
2025-10-05 10:00:00,-0.0
2025-10-05 11:00:00,-0.0
2025-10-05 12:00:00,-0.0
2025-10-05 13:00:00,59041.080943099674
2025-10-05 14:00:00,139679.16127739334
2025-10-05 15:00:00,217780.3617111645
2025-10-05 16:00:00,285419.65487380256
2025-10-05 17:00:00,306000.0
2025-10-05 18:00:00,280433.92598896445
2025-10-05 19:00:00,270607.2544112746
2025-10-05 20:00:00,242033.23030575417
2025-10-05 21:00:00,214325.2993460585
2025-10-05 22:00:00,188081.8464970822
2025-10-05 23:00:00,163320.5622947866
2025-10-06 00:00:00,139600.71568924235
2025-10-06 01:00:00,117016.86098870434
2025-10-06 02:00:00,95158.01329989868
2025-10-06 03:00:00,73532.08094063879
2025-10-06 04:00:00,51091.98118369496
2025-10-06 05:00:00,28048.674493335162
2025-10-06 06:00:00,3107.1829883496125
2025-10-06 07:00:00,-0.0
2025-10-06 08:00:00,-0.0
2025-10-06 09:00:00,-0.0
2025-10-06 10:00:00,-0.0
2025-10-06 11:00:00,-0.0
2025-10-06 12:00:00,-0.0
2025-10-06 13:00:00,66180.72507626012
2025-10-06 14:00:00,146363.17117375042
2025-10-06 15:00:00,224913.21482391763
2025-10-06 16:00:00,290821.0560643578
2025-10-06 17:00:00,306000.0
2025-10-06 18:00:00,276951.39890282403
2025-10-06 19:00:00,245256.5864464182
2025-10-06 20:00:00,214933.9812315393
2025-10-06 21:00:00,214933.9812315393
2025-10-06 22:00:00,187470.51243374383
2025-10-06 23:00:00,161734.62815057815
2025-10-07 00:00:00,136894.0948615171
2025-10-07 01:00:00,122687.770365211
2025-10-07 02:00:00,99358.16663920398
2025-10-07 03:00:00,76348.94093674229
2025-10-07 04:00:00,53859.709269185325
2025-10-07 05:00:00,30271.574576622756
2025-10-07 06:00:00,4791.038595280255
2025-10-07 07:00:00,-0.0
2025-10-07 08:00:00,-0.0
2025-10-07 09:00:00,-0.0
2025-10-07 10:00:00,-0.0
2025-10-07 11:00:00,-0.0
2025-10-07 12:00:00,-0.0
2025-10-07 13:00:00,73973.58222654517
2025-10-07 14:00:00,152913.93704843387
2025-10-07 15:00:00,229873.26415056246
2025-10-07 16:00:00,293329.9202133195
2025-10-07 17:00:00,306000.0
2025-10-07 18:00:00,276554.69260188687
2025-10-07 19:00:00,244572.273241423
2025-10-07 20:00:00,214002.80402382978
2025-10-07 21:00:00,184531.85098349143
2025-10-07 22:00:00,156759.4725974253
2025-10-07 23:00:00,130954.15065773582
2025-10-08 00:00:00,126854.1384188479
2025-10-08 01:00:00,126854.1384188479
2025-10-08 02:00:00,103459.26032980808
2025-10-08 03:00:00,80026.99200097707
2025-10-08 04:00:00,56433.88119993899
2025-10-08 05:00:00,32786.67889849677
2025-10-08 06:00:00,6824.818965123758
2025-10-08 07:00:00,-0.0
2025-10-08 08:00:00,-0.0
2025-10-08 09:00:00,-0.0
2025-10-08 10:00:00,-0.0
2025-10-08 11:00:00,-0.0
2025-10-08 12:00:00,500.45460149443534
2025-10-08 13:00:00,78564.24955875736
2025-10-08 14:00:00,155781.0482290737
2025-10-08 15:00:00,231653.35807332894
2025-10-08 16:00:00,293266.3977571588
2025-10-08 17:00:00,306000.0
2025-10-08 18:00:00,306000.0
2025-10-08 19:00:00,275519.3444151261
2025-10-08 20:00:00,246061.58982154622
2025-10-08 21:00:00,217511.9625205733
2025-10-08 22:00:00,190255.62799024503
2025-10-08 23:00:00,164884.37882684046
2025-10-09 00:00:00,140220.22819713881
2025-10-09 01:00:00,116456.76431058516
2025-10-09 02:00:00,108378.93485131313
2025-10-09 03:00:00,85474.4854184498
2025-10-09 04:00:00,62374.1192572305
2025-10-09 05:00:00,38956.257479066175
2025-10-09 06:00:00,13296.646869263028
2025-10-09 07:00:00,-0.0
2025-10-09 08:00:00,-0.0
2025-10-09 09:00:00,-0.0
2025-10-09 10:00:00,26928.12513035928
2025-10-09 11:00:00,82780.90679336143
2025-10-09 12:00:00,138458.04603262406
2025-10-09 13:00:00,193423.34463457725
2025-10-09 14:00:00,241560.1302818037
2025-10-09 15:00:00,280537.306851985
2025-10-09 16:00:00,306000.0
2025-10-09 17:00:00,304170.1488253826
2025-10-09 18:00:00,276883.04823730583
2025-10-09 19:00:00,247359.4363684061
2025-10-09 20:00:00,217616.2191166805
2025-10-09 21:00:00,188598.26893080698
2025-10-09 22:00:00,188083.2681933857
2025-10-09 23:00:00,162337.08967080413
2025-10-10 00:00:00,137213.41852894018
2025-10-10 01:00:00,113059.60247664167
2025-10-10 02:00:00,89629.00774531497
2025-10-10 03:00:00,66216.87503607298
2025-10-10 04:00:00,42817.568756921
2025-10-10 05:00:00,18669.15471286963
2025-10-10 06:00:00,18669.15471286963
2025-10-10 07:00:00,-0.0
2025-10-10 08:00:00,-0.0
2025-10-10 09:00:00,35814.69853374707
2025-10-10 10:00:00,79229.52352331924
2025-10-10 11:00:00,125078.41535534768
2025-10-10 12:00:00,169596.8157109055
2025-10-10 13:00:00,209729.2270798777
2025-10-10 14:00:00,248000.12541828197
2025-10-10 15:00:00,281138.1343754321
2025-10-10 16:00:00,306000.0
2025-10-10 17:00:00,306000.0
2025-10-10 18:00:00,275910.8424744202
2025-10-10 19:00:00,259926.45328913018
2025-10-10 20:00:00,229826.77161487818
2025-10-10 21:00:00,229826.77161487818
2025-10-10 22:00:00,201279.7488722496
2025-10-10 23:00:00,174756.7173824929
2025-10-11 00:00:00,149427.09384070637
2025-10-11 01:00:00,125327.82528608853
2025-10-11 02:00:00,102099.27692196771
2025-10-11 03:00:00,79623.47880808065
2025-10-11 04:00:00,56919.231131051216
2025-10-11 05:00:00,34604.014359022854
2025-10-11 06:00:00,11505.860948891645
2025-10-11 07:00:00,-0.0
2025-10-11 08:00:00,-0.0
2025-10-11 09:00:00,-0.0
2025-10-11 10:00:00,-0.0
2025-10-11 11:00:00,-0.0
2025-10-11 12:00:00,18238.783656289364
2025-10-11 13:00:00,91993.87591419536
2025-10-11 14:00:00,167823.2183618247
2025-10-11 15:00:00,238689.73698492764
2025-10-11 16:00:00,295069.7281482756
2025-10-11 17:00:00,306000.0
2025-10-11 18:00:00,280033.85379955074
2025-10-11 19:00:00,251877.36143387854
2025-10-11 20:00:00,224746.0681984099
2025-10-11 21:00:00,198287.9843556991
2025-10-11 22:00:00,172735.50306313895
2025-10-11 23:00:00,148554.79740811166
2025-10-12 00:00:00,125225.22011031302
2025-10-12 01:00:00,102856.56541953541
2025-10-12 02:00:00,85887.30731787512
2025-10-12 03:00:00,64334.97097020685
2025-10-12 04:00:00,43103.33774509287
2025-10-12 05:00:00,21972.438802111268
2025-10-12 06:00:00,-0.0
2025-10-12 07:00:00,-0.0
2025-10-12 08:00:00,-0.0
2025-10-12 09:00:00,-0.0
2025-10-12 10:00:00,-0.0
2025-10-12 11:00:00,-0.0
2025-10-12 12:00:00,22348.81175404534
2025-10-12 13:00:00,93820.74038965478
2025-10-12 14:00:00,166005.46222544793
2025-10-12 15:00:00,236460.3418976365
2025-10-12 16:00:00,294209.0417871984
2025-10-12 17:00:00,306000.0
2025-10-12 18:00:00,280540.7679628264
2025-10-12 19:00:00,252993.07532219097
2025-10-12 20:00:00,226198.12486060237
2025-10-12 21:00:00,200171.05683301148
2025-10-12 22:00:00,175347.35979271
2025-10-12 23:00:00,152113.6524171361
2025-10-13 00:00:00,144575.00377324971
2025-10-13 01:00:00,122476.19424526369
2025-10-13 02:00:00,100920.1321863835
2025-10-13 03:00:00,79535.70839428277
2025-10-13 04:00:00,57674.30618912273
2025-10-13 05:00:00,35280.84811027204
2025-10-13 06:00:00,11064.956761485202
2025-10-13 07:00:00,-0.0
2025-10-13 08:00:00,-0.0
2025-10-13 09:00:00,-0.0
2025-10-13 10:00:00,23193.943752524865
2025-10-13 11:00:00,87585.40832116206
2025-10-13 12:00:00,146861.87983789772
2025-10-13 13:00:00,198626.91515158737
2025-10-13 14:00:00,245547.3207887505
2025-10-13 15:00:00,285466.1433230939
2025-10-13 16:00:00,306000.0
2025-10-13 17:00:00,292534.51355766086
2025-10-13 18:00:00,264648.59909522004
2025-10-13 19:00:00,253655.20634189574
2025-10-13 20:00:00,226214.54466007295
2025-10-13 21:00:00,226214.54466007295
2025-10-13 22:00:00,200745.2330313639
2025-10-13 23:00:00,176668.22071867978
2025-10-14 00:00:00,153288.3881986189
2025-10-14 01:00:00,130664.92081692879
2025-10-14 02:00:00,108436.17826255408
2025-10-14 03:00:00,86340.01685855744
2025-10-14 04:00:00,64182.809544804615
2025-10-14 05:00:00,41173.74728255561
2025-10-14 06:00:00,16173.674648310725
2025-10-14 07:00:00,-0.0
2025-10-14 08:00:00,10088.772172590665
2025-10-14 09:00:00,30233.130248262605
2025-10-14 10:00:00,55336.617622377424
2025-10-14 11:00:00,85378.82470382164
2025-10-14 12:00:00,122769.18489112411
2025-10-14 13:00:00,168352.03014919534
2025-10-14 14:00:00,220937.66749733384
2025-10-14 15:00:00,264884.2333028508
2025-10-14 16:00:00,292575.1986880896
2025-10-14 17:00:00,282735.7172574685
2025-10-14 18:00:00,255850.92757406805
2025-10-14 19:00:00,228422.51798841252
2025-10-14 20:00:00,201684.0061371695
2025-10-14 21:00:00,175550.2965019864
2025-10-14 22:00:00,150465.35981984733
2025-10-14 23:00:00,126603.60658194574
2025-10-15 00:00:00,103405.87463470512
2025-10-15 01:00:00,80879.93564967818
2025-10-15 02:00:00,58609.277793240486
2025-10-15 03:00:00,58609.277793240486
2025-10-15 04:00:00,36885.31561076023
2025-10-15 05:00:00,14649.520996953523
2025-10-15 06:00:00,9220.13797306419
2025-10-15 07:00:00,-0.0
2025-10-15 08:00:00,-0.0
2025-10-15 09:00:00,-0.0
2025-10-15 10:00:00,-0.0
2025-10-15 11:00:00,-0.0
2025-10-15 12:00:00,45502.09114500985
2025-10-15 13:00:00,118866.87277138967
2025-10-15 14:00:00,189464.47093624168
2025-10-15 15:00:00,251574.79916378378
2025-10-15 16:00:00,300960.6475484897
2025-10-15 17:00:00,306000.0
2025-10-15 18:00:00,279736.9078732764
2025-10-15 19:00:00,252276.99584938737
2025-10-15 20:00:00,225673.97921584675
2025-10-15 21:00:00,199277.05230097385
2025-10-15 22:00:00,174255.99318695962
2025-10-15 23:00:00,150517.9396022944
2025-10-16 00:00:00,143580.43909512914
2025-10-16 01:00:00,121057.33916082181
2025-10-16 02:00:00,99402.12254931769
2025-10-16 03:00:00,77894.63428961231
2025-10-16 04:00:00,56129.272533553914
2025-10-16 05:00:00,33344.62721470161
2025-10-16 06:00:00,8641.40228342972
2025-10-16 07:00:00,-0.0
2025-10-16 08:00:00,-0.0
2025-10-16 09:00:00,-0.0
2025-10-16 10:00:00,-0.0
2025-10-16 11:00:00,-0.0
2025-10-16 12:00:00,23625.463814819654
2025-10-16 13:00:00,98777.4888647597
2025-10-16 14:00:00,173523.94431009344
2025-10-16 15:00:00,242363.32316050737
2025-10-16 16:00:00,297909.6924790861
2025-10-16 17:00:00,306000.0
2025-10-16 18:00:00,279929.07858518965
2025-10-16 19:00:00,251864.2707481465
2025-10-16 20:00:00,242105.39390474753
2025-10-16 21:00:00,215692.36958515455
2025-10-16 22:00:00,190370.23750971362
2025-10-16 23:00:00,166465.59117241457
2025-10-17 00:00:00,143364.18004181306
2025-10-17 01:00:00,121251.47312464858
2025-10-17 02:00:00,99467.06385395897
2025-10-17 03:00:00,77846.9675234469
2025-10-17 04:00:00,56525.550351282276
2025-10-17 05:00:00,34111.15390549625
2025-10-17 06:00:00,9340.251305918955
2025-10-17 07:00:00,-0.0
2025-10-17 08:00:00,-0.0
2025-10-17 09:00:00,-0.0
2025-10-17 10:00:00,-0.0
2025-10-17 11:00:00,-0.0
2025-10-17 12:00:00,48088.13882635474
2025-10-17 13:00:00,120601.93422217602
2025-10-17 14:00:00,189355.3056853359
2025-10-17 15:00:00,252048.3361751673
2025-10-17 16:00:00,301820.65704430157
2025-10-17 17:00:00,306000.0
2025-10-17 18:00:00,278608.7146826033
2025-10-17 19:00:00,250431.6169536448
2025-10-17 20:00:00,223301.79093279125
2025-10-17 21:00:00,196624.18459144674
2025-10-17 22:00:00,171205.82176946732
2025-10-17 23:00:00,146878.3093273002
2025-10-18 00:00:00,123083.48608398213
2025-10-18 01:00:00,100328.10131926528
2025-10-18 02:00:00,93412.01191322802
2025-10-18 03:00:00,72034.63397511643
2025-10-18 04:00:00,50810.57311162699
2025-10-18 05:00:00,29140.0175634831
2025-10-18 06:00:00,6643.350042602239
2025-10-18 07:00:00,-0.0
2025-10-18 08:00:00,-0.0
2025-10-18 09:00:00,-0.0
2025-10-18 10:00:00,-0.0
2025-10-18 11:00:00,-0.0
2025-10-18 12:00:00,43792.61112867722
2025-10-18 13:00:00,116944.69071390537
2025-10-18 14:00:00,186804.53121647707
2025-10-18 15:00:00,250523.50945304343
2025-10-18 16:00:00,301068.33905433945
2025-10-18 17:00:00,306000.0
2025-10-18 18:00:00,279224.9331110307
2025-10-18 19:00:00,251900.70233847658
2025-10-18 20:00:00,225476.62752708982
2025-10-18 21:00:00,199799.64873863963
2025-10-18 22:00:00,175007.26409000883
2025-10-18 23:00:00,151345.59368732746
2025-10-19 00:00:00,134563.4928888881
2025-10-19 01:00:00,112326.98465126049
2025-10-19 02:00:00,90945.22634932406
2025-10-19 03:00:00,69897.8110843651
2025-10-19 04:00:00,49124.87859625601
2025-10-19 05:00:00,28244.734783557342
2025-10-19 06:00:00,6784.311037386497
2025-10-19 07:00:00,-0.0
2025-10-19 08:00:00,-0.0
2025-10-19 09:00:00,-0.0
2025-10-19 10:00:00,-0.0
2025-10-19 11:00:00,23029.26661950868
2025-10-19 12:00:00,86820.31094957
2025-10-19 13:00:00,146640.21145081683
2025-10-19 14:00:00,202810.74608996394
2025-10-19 15:00:00,259748.24105463023
2025-10-19 16:00:00,306000.0
2025-10-19 17:00:00,304751.28997609095
2025-10-19 18:00:00,277028.4167173703
2025-10-19 19:00:00,248977.8951094911
2025-10-19 20:00:00,221921.4020598651
2025-10-19 21:00:00,197370.7196913128
2025-10-19 22:00:00,172277.56724315792
2025-10-19 23:00:00,172277.56724315792
2025-10-20 00:00:00,149215.71506239456
2025-10-20 01:00:00,126299.38905383612
2025-10-20 02:00:00,103766.43701185574
2025-10-20 03:00:00,81341.74762529584
2025-10-20 04:00:00,59700.26857618665
2025-10-20 05:00:00,36829.27622965047
2025-10-20 06:00:00,11449.626788728234
2025-10-20 07:00:00,-0.0
2025-10-20 08:00:00,-0.0
2025-10-20 09:00:00,-0.0
2025-10-20 10:00:00,-0.0
2025-10-20 11:00:00,-0.0
2025-10-20 12:00:00,56016.81960142005
2025-10-20 13:00:00,126947.13290376186
2025-10-20 14:00:00,191774.25176735135
2025-10-20 15:00:00,255810.7159061131
2025-10-20 16:00:00,306000.0
2025-10-20 17:00:00,303693.4098512433
2025-10-20 18:00:00,273886.0467352526
2025-10-20 19:00:00,244013.92084815842
2025-10-20 20:00:00,215338.24170960623
2025-10-20 21:00:00,215338.24170960623
2025-10-20 22:00:00,200481.6900173012
2025-10-20 23:00:00,175898.68227918225
2025-10-21 00:00:00,152256.900697184
2025-10-21 01:00:00,129068.58571345307
2025-10-21 02:00:00,106459.84104273372
2025-10-21 03:00:00,84348.14645919205
2025-10-21 04:00:00,62061.412724712194
2025-10-21 05:00:00,38971.94650346365
2025-10-21 06:00:00,13708.130288662087
2025-10-21 07:00:00,-0.0
2025-10-21 08:00:00,-0.0
2025-10-21 09:00:00,-0.0
2025-10-21 10:00:00,-0.0
2025-10-21 11:00:00,54207.87320098289
2025-10-21 12:00:00,112199.33571463145
2025-10-21 13:00:00,170303.70865417348
2025-10-21 14:00:00,225872.2043872762
2025-10-21 15:00:00,276786.26323170273
2025-10-21 16:00:00,306000.0
2025-10-21 17:00:00,294864.96272008267
2025-10-21 18:00:00,265315.8679369249
2025-10-21 19:00:00,235614.6199705043
2025-10-21 20:00:00,207104.10887519902
2025-10-21 21:00:00,179248.26001783577
2025-10-21 22:00:00,152860.6263138986
2025-10-21 23:00:00,135440.84753771653
2025-10-22 00:00:00,135440.84753771653
2025-10-22 01:00:00,112658.75575385845
2025-10-22 02:00:00,89820.61414166549
2025-10-22 03:00:00,66892.5314393581
2025-10-22 04:00:00,44312.29476815313
2025-10-22 05:00:00,44312.29476815313
2025-10-22 06:00:00,19130.751956035565
2025-10-22 07:00:00,-0.0
2025-10-22 08:00:00,-0.0
2025-10-22 09:00:00,-0.0
2025-10-22 10:00:00,-0.0
2025-10-22 11:00:00,5210.239236977046
2025-10-22 12:00:00,67569.94847556994
2025-10-22 13:00:00,132074.84913241694
2025-10-22 14:00:00,196735.27365542282
2025-10-22 15:00:00,260372.18376773724
2025-10-22 16:00:00,306000.0
2025-10-22 17:00:00,301632.85065824067
2025-10-22 18:00:00,301632.85065824067
2025-10-22 19:00:00,280933.56948713347
2025-10-22 20:00:00,253631.23619716673
2025-10-22 21:00:00,226486.30331923088
2025-10-22 22:00:00,200735.545801732
2025-10-22 23:00:00,176468.73837473523
2025-10-23 00:00:00,152650.22271367756
2025-10-23 01:00:00,129560.42358259425
2025-10-23 02:00:00,107079.39674168068
2025-10-23 03:00:00,85105.9394500461
2025-10-23 04:00:00,62996.5765223948
2025-10-23 05:00:00,39925.33540960503
2025-10-23 06:00:00,14517.19799901415
2025-10-23 07:00:00,-0.0
2025-10-23 08:00:00,-0.0
2025-10-23 09:00:00,-0.0
2025-10-23 10:00:00,-0.0
2025-10-23 11:00:00,-0.0
2025-10-23 12:00:00,34114.6407353493
2025-10-23 13:00:00,106605.24350527384
2025-10-23 14:00:00,180346.9717166845
2025-10-23 15:00:00,253154.42448499228
2025-10-23 16:00:00,306000.0
2025-10-23 17:00:00,303977.9538803487
2025-10-23 18:00:00,276284.9427418655
2025-10-23 19:00:00,248202.57428505685
2025-10-23 20:00:00,221196.8065467478
2025-10-23 21:00:00,194672.73042551556
2025-10-23 22:00:00,169365.7131572409
2025-10-23 23:00:00,145583.8354817696
2025-10-24 00:00:00,145583.8354817696
2025-10-24 01:00:00,123296.58467694497
2025-10-24 02:00:00,104829.1851336598
2025-10-24 03:00:00,83049.73537686664
2025-10-24 04:00:00,61330.98775440886
2025-10-24 05:00:00,38733.57971839375
2025-10-24 06:00:00,14006.60872292972
2025-10-24 07:00:00,-0.0
2025-10-24 08:00:00,-0.0
2025-10-24 09:00:00,-0.0
2025-10-24 10:00:00,-0.0
2025-10-24 11:00:00,-0.0
2025-10-24 12:00:00,30841.376844620754
2025-10-24 13:00:00,106042.92643603001
2025-10-24 14:00:00,181509.84227848178
2025-10-24 15:00:00,254054.07543179652
2025-10-24 16:00:00,306000.0
2025-10-24 17:00:00,302528.3057901898
2025-10-24 18:00:00,273995.2761053613
2025-10-24 19:00:00,245240.49006572398
2025-10-24 20:00:00,242398.50599546736
2025-10-24 21:00:00,215502.92318987515
2025-10-24 22:00:00,189712.81091818505
2025-10-24 23:00:00,165528.93687703123
2025-10-25 00:00:00,142049.88584938893
2025-10-25 01:00:00,119335.75686105237
2025-10-25 02:00:00,97488.66296197077
2025-10-25 03:00:00,76035.28707897266
2025-10-25 04:00:00,54896.214958476456
2025-10-25 05:00:00,33314.73827276607
2025-10-25 06:00:00,11084.000793823534
2025-10-25 07:00:00,-0.0
2025-10-25 08:00:00,-0.0
2025-10-25 09:00:00,-0.0
2025-10-25 10:00:00,-0.0
2025-10-25 11:00:00,3305.452694364998
2025-10-25 12:00:00,72404.77417128244
2025-10-25 13:00:00,138876.14587282983
2025-10-25 14:00:00,205349.98789424903
2025-10-25 15:00:00,265956.70422462997
2025-10-25 16:00:00,306000.0
2025-10-25 17:00:00,300516.170777741
2025-10-25 18:00:00,274494.5486225827
2025-10-25 19:00:00,248432.21627912432
2025-10-25 20:00:00,222951.6287493618
2025-10-25 21:00:00,205955.66050801083
2025-10-25 22:00:00,181854.32180627
2025-10-25 23:00:00,158747.10924118405
2025-10-26 00:00:00,136363.9018793218
2025-10-26 01:00:00,114928.1056333156
2025-10-26 02:00:00,94024.74392688436
2025-10-26 03:00:00,73664.95105745034
2025-10-26 04:00:00,53347.44554680343
2025-10-26 05:00:00,33060.7072374554
2025-10-26 06:00:00,11919.575914479283
2025-10-26 07:00:00,-0.0
2025-10-26 08:00:00,-0.0
2025-10-26 09:00:00,-0.0
2025-10-26 10:00:00,-0.0
2025-10-26 11:00:00,17746.979092728907
2025-10-26 12:00:00,79662.50928749143
2025-10-26 13:00:00,142324.8020781601
2025-10-26 14:00:00,204442.90983990632
2025-10-26 15:00:00,261402.7479612963
2025-10-26 16:00:00,306000.0
2025-10-26 17:00:00,301433.14281438245
2025-10-26 18:00:00,274898.1500911956
2025-10-26 19:00:00,248290.10141164993
2025-10-26 20:00:00,222605.1296944578
2025-10-26 21:00:00,197941.33548931114
2025-10-26 22:00:00,173502.4972978481
2025-10-26 23:00:00,150220.34659867565
2025-10-27 00:00:00,127735.2279749638
2025-10-27 01:00:00,105860.4843765
2025-10-27 02:00:00,105860.4843765
2025-10-27 03:00:00,83660.04904125225
2025-10-27 04:00:00,62208.151621090874
2025-10-27 05:00:00,40158.53647872943
2025-10-27 06:00:00,15876.759236169144
2025-10-27 07:00:00,-0.0
2025-10-27 08:00:00,-0.0
2025-10-27 09:00:00,-0.0
2025-10-27 10:00:00,-0.0
2025-10-27 11:00:00,-0.0
2025-10-27 12:00:00,60596.594845777276
2025-10-27 13:00:00,128559.3607552986
2025-10-27 14:00:00,195672.29727659264
2025-10-27 15:00:00,259541.13155658776
2025-10-27 16:00:00,306000.0
2025-10-27 17:00:00,299272.8161883023
2025-10-27 18:00:00,270541.0288411049
2025-10-27 19:00:00,241984.76660831334
2025-10-27 20:00:00,214535.6658773195
2025-10-27 21:00:00,187863.4278353965
2025-10-27 22:00:00,162444.48490622954
2025-10-27 23:00:00,138634.52478527327
2025-10-28 00:00:00,115482.56362696635
2025-10-28 01:00:00,113891.63904437875
2025-10-28 02:00:00,91732.63677860821
2025-10-28 03:00:00,69445.90331819252
2025-10-28 04:00:00,47410.09670500718
2025-10-28 05:00:00,24911.202518863825
2025-10-28 06:00:00,-0.0
2025-10-28 07:00:00,-0.0
2025-10-28 08:00:00,-0.0
2025-10-28 09:00:00,-0.0
2025-10-28 10:00:00,-0.0
2025-10-28 11:00:00,-0.0
2025-10-28 12:00:00,41165.053973090326
2025-10-28 13:00:00,115892.47460401263
2025-10-28 14:00:00,190740.33731711336
2025-10-28 15:00:00,258054.0571964717
2025-10-28 16:00:00,306000.0
2025-10-28 17:00:00,306000.0
2025-10-28 18:00:00,275981.0117349174
2025-10-28 19:00:00,246295.1397775717
2025-10-28 20:00:00,217643.3196360594
2025-10-28 21:00:00,217643.3196360594
2025-10-28 22:00:00,191474.43511788998
2025-10-28 23:00:00,167086.04344645987
2025-10-29 00:00:00,143416.81719767608
2025-10-29 01:00:00,132870.7969669124
2025-10-29 02:00:00,110308.25590817831
2025-10-29 03:00:00,87903.85811739073
2025-10-29 04:00:00,65315.493911932805
2025-10-29 05:00:00,42515.531213687544
2025-10-29 06:00:00,17412.741130909086
2025-10-29 07:00:00,-0.0
2025-10-29 08:00:00,-0.0
2025-10-29 09:00:00,-0.0
2025-10-29 10:00:00,-0.0
2025-10-29 11:00:00,-0.0
2025-10-29 12:00:00,42614.482860783944
2025-10-29 13:00:00,116286.91990680904
2025-10-29 14:00:00,189560.16669056955
2025-10-29 15:00:00,259810.75720930425
2025-10-29 16:00:00,306000.0
2025-10-29 17:00:00,293940.3200937359
2025-10-29 18:00:00,293407.9709163307
2025-10-29 19:00:00,262798.2350648898
2025-10-29 20:00:00,233395.11253461975
2025-10-29 21:00:00,205049.3952902458
2025-10-29 22:00:00,178252.22673753626
2025-10-29 23:00:00,153349.20059430384
2025-10-30 00:00:00,153349.20059430384
2025-10-30 01:00:00,130686.09829959559
2025-10-30 02:00:00,108490.20879751351
2025-10-30 03:00:00,86380.06713896073
2025-10-30 04:00:00,64369.176406605766
2025-10-30 05:00:00,41790.755561613216
2025-10-30 06:00:00,17126.595484080135
2025-10-30 07:00:00,-0.0
2025-10-30 08:00:00,-0.0
2025-10-30 09:00:00,-0.0
2025-10-30 10:00:00,-0.0
2025-10-30 11:00:00,-0.0
2025-10-30 12:00:00,48153.1844399261
2025-10-30 13:00:00,118420.02220868318
2025-10-30 14:00:00,190004.52669739997
2025-10-30 15:00:00,259317.24027352873
2025-10-30 16:00:00,306000.0
2025-10-30 17:00:00,295089.0472531377
2025-10-30 18:00:00,265285.450637055
2025-10-30 19:00:00,235812.28770106976
2025-10-30 20:00:00,206954.09230302845
2025-10-30 21:00:00,179259.55716575964
2025-10-30 22:00:00,153012.2432411141
2025-10-30 23:00:00,128425.15049063331
2025-10-31 00:00:00,104733.34610323992
2025-10-31 01:00:00,104733.34610323992
2025-10-31 02:00:00,82663.91414104131
2025-10-31 03:00:00,82663.91414104131
2025-10-31 04:00:00,60870.65346333606
2025-10-31 05:00:00,42356.46354228014
2025-10-31 06:00:00,17768.734009217478
2025-10-31 07:00:00,-0.0
2025-10-31 08:00:00,-0.0
2025-10-31 09:00:00,-0.0
2025-10-31 10:00:00,-0.0
2025-10-31 11:00:00,-0.0
2025-10-31 12:00:00,51265.84459153123
2025-10-31 13:00:00,121004.74301817665
2025-10-31 14:00:00,192588.1440279832
2025-10-31 15:00:00,261415.43866471134
2025-10-31 16:00:00,306000.0
2025-10-31 17:00:00,295409.7925328427
2025-10-31 18:00:00,267236.4909379231
2025-10-31 19:00:00,239909.05838031988
2025-10-31 20:00:00,213491.81622954094
2025-10-31 21:00:00,187401.77669172874
2025-10-31 22:00:00,162356.46156936337
2025-10-31 23:00:00,138493.78849129827
2025-11-01 00:00:00,115302.11119581742
2025-11-01 01:00:00,92976.46608693489
2025-11-01 02:00:00,71574.23170194744
2025-11-01 03:00:00,50395.887185619504
2025-11-01 04:00:00,36565.94457399758
2025-11-01 05:00:00,36565.94457399758
2025-11-01 06:00:00,14580.553320815177
2025-11-01 07:00:00,-0.0
2025-11-01 08:00:00,-0.0
2025-11-01 09:00:00,-0.0
2025-11-01 10:00:00,-0.0
2025-11-01 11:00:00,-0.0
2025-11-01 12:00:00,20720.078568862664
2025-11-01 13:00:00,97560.60492012421
2025-11-01 14:00:00,174778.29757585932
2025-11-01 15:00:00,249222.21085643748
2025-11-01 16:00:00,298434.6686778823
2025-11-01 17:00:00,289590.1812521206
2025-11-01 18:00:00,262570.06648494425
2025-11-01 19:00:00,236043.07626733003
2025-11-01 20:00:00,210471.90338397629
2025-11-01 21:00:00,185430.91721523373
2025-11-01 22:00:00,161231.81591222162
2025-11-01 23:00:00,138096.88265251185
2025-11-02 00:00:00,115659.24924129668
2025-11-02 01:00:00,94018.83168025424
2025-11-02 02:00:00,73462.12882264622
2025-11-02 03:00:00,53425.540712513946
2025-11-02 04:00:00,33480.88372120627
2025-11-02 05:00:00,13308.33118726158
2025-11-02 06:00:00,-0.0
2025-11-02 07:00:00,-0.0
2025-11-02 08:00:00,-0.0
2025-11-02 09:00:00,-0.0
2025-11-02 10:00:00,-0.0
2025-11-02 11:00:00,52052.848451448255
2025-11-02 12:00:00,124620.67096081599
2025-11-02 13:00:00,197766.94508030853
2025-11-02 14:00:00,265527.5397394012
2025-11-02 15:00:00,306000.0
2025-11-02 16:00:00,293183.483513648
2025-11-02 17:00:00,265689.35956194374
2025-11-02 18:00:00,243941.85467771676
2025-11-02 19:00:00,217703.89855241944
2025-11-02 20:00:00,192165.28437231737
2025-11-02 21:00:00,192165.28437231737
2025-11-02 22:00:00,168645.14937589425
2025-11-02 23:00:00,146258.96303041777
2025-11-03 00:00:00,124221.32472481875
2025-11-03 01:00:00,103255.01919812347
2025-11-03 02:00:00,82154.33328836254
2025-11-03 03:00:00,61573.9899639664
2025-11-03 04:00:00,40916.8915336782
2025-11-03 05:00:00,18862.700855931114
2025-11-03 06:00:00,-0.0
2025-11-03 07:00:00,-0.0
2025-11-03 08:00:00,-0.0
2025-11-03 09:00:00,-0.0
2025-11-03 10:00:00,-0.0
2025-11-03 11:00:00,62247.632858892815
2025-11-03 12:00:00,131084.07614305563
2025-11-03 13:00:00,201000.43684856768
2025-11-03 14:00:00,267343.5522203527
2025-11-03 15:00:00,306000.0
2025-11-03 16:00:00,291351.1903750595
2025-11-03 17:00:00,291351.1903750595
2025-11-03 18:00:00,262432.5184364088
2025-11-03 19:00:00,234594.43833078243
2025-11-03 20:00:00,207784.69584109675
2025-11-03 21:00:00,181672.9686810377
2025-11-03 22:00:00,156967.3343400903
2025-11-03 23:00:00,133570.8712046993
2025-11-04 00:00:00,110636.00053319996
2025-11-04 01:00:00,88501.17346272075
2025-11-04 02:00:00,84104.94875682035
2025-11-04 03:00:00,62540.21627229136
2025-11-04 04:00:00,40934.906148123206
2025-11-04 05:00:00,18095.79124062516
2025-11-04 06:00:00,-0.0
2025-11-04 07:00:00,-0.0
2025-11-04 08:00:00,-0.0
2025-11-04 09:00:00,-0.0
2025-11-04 10:00:00,-0.0
2025-11-04 11:00:00,63396.462835128215
2025-11-04 12:00:00,132187.2994438849
2025-11-04 13:00:00,202037.86603449975
2025-11-04 14:00:00,265474.94088324433
2025-11-04 15:00:00,306000.0
2025-11-04 16:00:00,306000.0
2025-11-04 17:00:00,276538.69965290354
2025-11-04 18:00:00,256295.04381344165
2025-11-04 19:00:00,228649.4714855674
2025-11-04 20:00:00,202040.63379985193
2025-11-04 21:00:00,176021.50113697143
2025-11-04 22:00:00,151258.27413061686
2025-11-04 23:00:00,127764.12708934236
2025-11-05 00:00:00,127764.12708934236
2025-11-05 01:00:00,105603.22701741912
2025-11-05 02:00:00,84104.7045137437
2025-11-05 03:00:00,62641.54766272489
2025-11-05 04:00:00,41157.95434250731
2025-11-05 05:00:00,18408.765007827096
2025-11-05 06:00:00,-0.0
2025-11-05 07:00:00,-0.0
2025-11-05 08:00:00,-0.0
2025-11-05 09:00:00,46944.2380671456
2025-11-05 10:00:00,100553.98152849262
2025-11-05 11:00:00,156087.0862292602
2025-11-05 12:00:00,207739.20248029954
2025-11-05 13:00:00,255238.64066450775
2025-11-05 14:00:00,293891.290288253
2025-11-05 15:00:00,306000.0
2025-11-05 16:00:00,285067.3804400229
2025-11-05 17:00:00,256291.06307563058
2025-11-05 18:00:00,227917.47937039004
2025-11-05 19:00:00,200107.1508232175
2025-11-05 20:00:00,200107.1508232175
2025-11-05 21:00:00,173525.4823108482
2025-11-05 22:00:00,148384.1969883253
2025-11-05 23:00:00,124561.53237365151
2025-11-06 00:00:00,101221.62729310374
2025-11-06 01:00:00,78822.82290425642
2025-11-06 02:00:00,64235.052691890305
2025-11-06 03:00:00,64235.052691890305
2025-11-06 04:00:00,42352.134403289194
2025-11-06 05:00:00,19264.290670813414
2025-11-06 06:00:00,-0.0
2025-11-06 07:00:00,-0.0
2025-11-06 08:00:00,-0.0
2025-11-06 09:00:00,-0.0
2025-11-06 10:00:00,20088.03430177516
2025-11-06 11:00:00,85173.72532212487
2025-11-06 12:00:00,149107.15880780044
2025-11-06 13:00:00,212639.20847448026
2025-11-06 14:00:00,269526.4794953501
2025-11-06 15:00:00,306000.0
2025-11-06 16:00:00,291099.0778267288
2025-11-06 17:00:00,262136.07742746116
2025-11-06 18:00:00,233795.44548711972
2025-11-06 19:00:00,205897.87827118378
2025-11-06 20:00:00,178737.70281542485
2025-11-06 21:00:00,152495.7191996509
2025-11-06 22:00:00,152495.7191996509
2025-11-06 23:00:00,128135.18704999618
2025-11-07 00:00:00,104720.39826996093
2025-11-07 01:00:00,104720.39826996093
2025-11-07 02:00:00,82398.39236818481
2025-11-07 03:00:00,60077.021617255385
2025-11-07 04:00:00,42311.438579241054
2025-11-07 05:00:00,19314.590084245898
2025-11-07 06:00:00,-0.0
2025-11-07 07:00:00,-0.0
2025-11-07 08:00:00,-0.0
2025-11-07 09:00:00,-0.0
2025-11-07 10:00:00,2459.531637884749
2025-11-07 11:00:00,71790.78239634195
2025-11-07 12:00:00,138754.33310774923
2025-11-07 13:00:00,205663.8399201761
2025-11-07 14:00:00,268121.9665120251
2025-11-07 15:00:00,306000.0
2025-11-07 16:00:00,290346.2952416227
2025-11-07 17:00:00,290346.2952416227
2025-11-07 18:00:00,261839.67633669073
2025-11-07 19:00:00,234310.99248648825
2025-11-07 20:00:00,207693.95466903172
2025-11-07 21:00:00,181688.39259716065
2025-11-07 22:00:00,156745.84024736693
2025-11-07 23:00:00,132960.8048184007
2025-11-08 00:00:00,127576.00653299081
2025-11-08 01:00:00,104913.30281597521
2025-11-08 02:00:00,83093.39610154522
2025-11-08 03:00:00,61535.98025894961
2025-11-08 04:00:00,39815.91111117082
2025-11-08 05:00:00,17819.425012088177
2025-11-08 06:00:00,-0.0
2025-11-08 07:00:00,-0.0
2025-11-08 08:00:00,-0.0
2025-11-08 09:00:00,-0.0
2025-11-08 10:00:00,-0.0
2025-11-08 11:00:00,52971.25726670644
2025-11-08 12:00:00,124787.6275261759
2025-11-08 13:00:00,196724.47026890423
2025-11-08 14:00:00,265185.85048408445
2025-11-08 15:00:00,306000.0
2025-11-08 16:00:00,291728.2492761664
2025-11-08 17:00:00,263918.04151113506
2025-11-08 18:00:00,263918.04151113506
2025-11-08 19:00:00,237521.8229506744
2025-11-08 20:00:00,212008.3310617182
2025-11-08 21:00:00,186995.5681125212
2025-11-08 22:00:00,162922.95800445962
2025-11-08 23:00:00,139767.85210226808
2025-11-09 00:00:00,117269.78936430308
2025-11-09 01:00:00,95582.0111349614
2025-11-09 02:00:00,74529.82268910075
2025-11-09 03:00:00,53973.159528618286
2025-11-09 04:00:00,37086.21849744127
2025-11-09 05:00:00,16450.83611827596
2025-11-09 06:00:00,-0.0
2025-11-09 07:00:00,-0.0
2025-11-09 08:00:00,-0.0
2025-11-09 09:00:00,-0.0
2025-11-09 10:00:00,-0.0
2025-11-09 11:00:00,55591.21458244123
2025-11-09 12:00:00,126780.67488638217
2025-11-09 13:00:00,198887.23179557692
2025-11-09 14:00:00,266951.02334563696
2025-11-09 15:00:00,306000.0
2025-11-09 16:00:00,290376.5832706446
2025-11-09 17:00:00,261977.52588514664
2025-11-09 18:00:00,255030.21392349925
2025-11-09 19:00:00,227978.28370217315
2025-11-09 20:00:00,201550.52770128165
2025-11-09 21:00:00,176023.6340880344
2025-11-09 22:00:00,151736.90272747746
2025-11-09 23:00:00,128793.50727218922
2025-11-10 00:00:00,106290.39011088837
2025-11-10 01:00:00,106290.39011088837
2025-11-10 02:00:00,84961.63471529944
2025-11-10 03:00:00,63738.28155268486
2025-11-10 04:00:00,42326.74411891586
2025-11-10 05:00:00,19762.088441948126
2025-11-10 06:00:00,-0.0
2025-11-10 07:00:00,-0.0
2025-11-10 08:00:00,-0.0
2025-11-10 09:00:00,-0.0
2025-11-10 10:00:00,24807.85567390766
2025-11-10 11:00:00,87601.34295209817
2025-11-10 12:00:00,151785.94132953306
2025-11-10 13:00:00,218137.05276051367
2025-11-10 14:00:00,276747.6131380205
2025-11-10 15:00:00,306000.0
2025-11-10 16:00:00,283473.2789533703
2025-11-10 17:00:00,252261.7000114341
2025-11-10 18:00:00,252261.7000114341
2025-11-10 19:00:00,223185.3354325657
2025-11-10 20:00:00,194863.99090145394
2025-11-10 21:00:00,186013.05090872987
2025-11-10 22:00:00,159951.8476011498
2025-11-10 23:00:00,135559.20357911094
2025-11-11 00:00:00,111975.08948542245
2025-11-11 01:00:00,111975.08948542245
2025-11-11 02:00:00,89968.4637791393
2025-11-11 03:00:00,68384.62480771712
2025-11-11 04:00:00,68384.62480771712
2025-11-11 05:00:00,45775.66160885416
2025-11-11 06:00:00,25826.611537493176
2025-11-11 07:00:00,40117.14017226181
2025-11-11 08:00:00,79013.72106283251
2025-11-11 09:00:00,123137.34746493188
2025-11-11 10:00:00,166553.11606236064
2025-11-11 11:00:00,213912.8535874546
2025-11-11 12:00:00,254218.48724058075
2025-11-11 13:00:00,285847.7009054804
2025-11-11 14:00:00,306000.0
2025-11-11 15:00:00,305160.1668960459
2025-11-11 16:00:00,280311.9430542075
2025-11-11 17:00:00,250494.70264096494
2025-11-11 18:00:00,250494.70264096494
2025-11-11 19:00:00,221825.994235442
2025-11-11 20:00:00,221825.994235442
2025-11-11 21:00:00,221825.994235442
2025-11-11 22:00:00,221825.994235442
2025-11-11 23:00:00,197709.60167850062
2025-11-12 00:00:00,197709.60167850062
2025-11-12 01:00:00,197709.60167850062
2025-11-12 02:00:00,197709.60167850062
2025-11-12 03:00:00,197709.60167850062
2025-11-12 04:00:00,175646.1656477279
2025-11-12 05:00:00,152525.2279374573
2025-11-12 06:00:00,129515.0900075998
2025-11-12 07:00:00,119225.96647979658
2025-11-12 08:00:00,126889.67324681794
2025-11-12 09:00:00,149043.76655879343
2025-11-12 10:00:00,178656.63424860226
2025-11-12 11:00:00,215060.79767006746
2025-11-12 12:00:00,248122.23027944574
2025-11-12 13:00:00,270330.2128359349
2025-11-12 14:00:00,278702.00226314523
2025-11-12 15:00:00,272271.72885057895
2025-11-12 16:00:00,246764.74777080183
2025-11-12 17:00:00,216854.74793884656
2025-11-12 18:00:00,187832.30914831595
2025-11-12 19:00:00,159415.7683138798
2025-11-12 20:00:00,132148.76620774326
2025-11-12 21:00:00,105650.8462910995
2025-11-12 22:00:00,105650.8462910995
2025-11-12 23:00:00,105650.8462910995
2025-11-13 00:00:00,82746.5567661847
2025-11-13 01:00:00,82746.5567661847
2025-11-13 02:00:00,61205.609729387725
2025-11-13 03:00:00,44510.48463054655
2025-11-13 04:00:00,44510.48463054655
2025-11-13 05:00:00,22075.403324976098
2025-11-13 06:00:00,-0.0
2025-11-13 07:00:00,-0.0
2025-11-13 08:00:00,31166.891043008778
2025-11-13 09:00:00,74509.46317919128
2025-11-13 10:00:00,119810.55756831178
2025-11-13 11:00:00,165307.92744389543
2025-11-13 12:00:00,208510.34889122413
2025-11-13 13:00:00,254855.47933391598
2025-11-13 14:00:00,291939.97404284467
2025-11-13 15:00:00,306000.0
2025-11-13 16:00:00,306000.0
2025-11-13 17:00:00,277284.6317353956
2025-11-13 18:00:00,277284.6317353956
2025-11-13 19:00:00,277284.6317353956
2025-11-13 20:00:00,277284.6317353956
2025-11-13 21:00:00,250966.92978121762
2025-11-13 22:00:00,250966.92978121762
2025-11-13 23:00:00,227319.39075517957
2025-11-14 00:00:00,227319.39075517957
2025-11-14 01:00:00,227319.39075517957
2025-11-14 02:00:00,204045.05862308346
2025-11-14 03:00:00,204045.05862308346
2025-11-14 04:00:00,181789.6763470525
2025-11-14 05:00:00,158496.92341421507
2025-11-14 06:00:00,158496.92341421507
2025-11-14 07:00:00,158496.92341421507
2025-11-14 08:00:00,158496.92341421507
2025-11-14 09:00:00,159552.81189415374
2025-11-14 10:00:00,166600.28313354493
2025-11-14 11:00:00,179488.92179809697
2025-11-14 12:00:00,195055.88726282978
2025-11-14 13:00:00,207564.59778632957
2025-11-14 14:00:00,210116.3286210521
2025-11-14 15:00:00,210116.3286210521
2025-11-14 16:00:00,210116.3286210521
2025-11-14 17:00:00,210116.3286210521
2025-11-14 18:00:00,210116.3286210521
2025-11-14 19:00:00,210116.3286210521
2025-11-14 20:00:00,183448.30780842807
2025-11-14 21:00:00,157714.54970478316
2025-11-14 22:00:00,157714.54970478316
2025-11-14 23:00:00,134034.66404413793
2025-11-15 00:00:00,110636.59918665155
2025-11-15 01:00:00,110636.59918665155
2025-11-15 02:00:00,102323.69062888541
2025-11-15 03:00:00,102323.69062888541
2025-11-15 04:00:00,102323.69062888541
2025-11-15 05:00:00,102323.69062888541
2025-11-15 06:00:00,102323.69062888541
2025-11-15 07:00:00,85117.27161740766
2025-11-15 08:00:00,85117.27161740766
2025-11-15 09:00:00,85117.27161740766
2025-11-15 10:00:00,77392.172380278
2025-11-15 11:00:00,77392.172380278
2025-11-15 12:00:00,68610.97774589086
2025-11-15 13:00:00,62574.198064212986
2025-11-15 14:00:00,62574.198064212986
2025-11-15 15:00:00,45883.71764681604
2025-11-15 16:00:00,45883.71764681604
2025-11-15 17:00:00,19884.77154574671
2025-11-15 18:00:00,19884.77154574671
2025-11-15 19:00:00,19884.77154574671
2025-11-15 20:00:00,19884.77154574671
2025-11-15 21:00:00,19884.77154574671
2025-11-15 22:00:00,19884.77154574671
2025-11-15 23:00:00,19884.77154574671
2025-11-16 00:00:00,19884.77154574671
2025-11-16 01:00:00,19884.77154574671
2025-11-16 02:00:00,19884.77154574671
2025-11-16 03:00:00,19884.77154574671
2025-11-16 04:00:00,-0.0
2025-11-16 05:00:00,-0.0
2025-11-16 06:00:00,-0.0
2025-11-16 07:00:00,-0.0
2025-11-16 08:00:00,16009.14899185131
2025-11-16 09:00:00,36968.09443726788
2025-11-16 10:00:00,61518.7243736728
2025-11-16 11:00:00,90155.93519472994
2025-11-16 12:00:00,115116.95858719829
2025-11-16 13:00:00,133823.71136637664
2025-11-16 14:00:00,153055.2389541304
2025-11-16 15:00:00,158694.24118875404
2025-11-16 16:00:00,158694.24118875404
2025-11-16 17:00:00,132593.4615619986
2025-11-16 18:00:00,106721.53542032735
2025-11-16 19:00:00,106721.53542032735
2025-11-16 20:00:00,106721.53542032735
2025-11-16 21:00:00,82409.81553931398
2025-11-16 22:00:00,82409.81553931398
2025-11-16 23:00:00,60061.70859934009
2025-11-17 00:00:00,36882.353247361374
2025-11-17 01:00:00,36882.353247361374
2025-11-17 02:00:00,36882.353247361374
2025-11-17 03:00:00,36882.353247361374
2025-11-17 04:00:00,15209.181232789651
2025-11-17 05:00:00,15209.181232789651
2025-11-17 06:00:00,-0.0
2025-11-17 07:00:00,-0.0
2025-11-17 08:00:00,11514.853845366444
2025-11-17 09:00:00,33344.006238802496
2025-11-17 10:00:00,55142.81325293315
2025-11-17 11:00:00,75405.32605605444
2025-11-17 12:00:00,99743.11037851975
2025-11-17 13:00:00,119052.00695268773
2025-11-17 14:00:00,127559.77626772602
2025-11-17 15:00:00,127559.77626772602
2025-11-17 16:00:00,127559.77626772602
2025-11-17 17:00:00,127559.77626772602
2025-11-17 18:00:00,99337.68381388122
2025-11-17 19:00:00,99337.68381388122
2025-11-17 20:00:00,72536.08737569227
2025-11-17 21:00:00,72536.08737569227
2025-11-17 22:00:00,72536.08737569227
2025-11-17 23:00:00,72536.08737569227
2025-11-18 00:00:00,72536.08737569227
2025-11-18 01:00:00,72536.08737569227
2025-11-18 02:00:00,50799.755227361326
2025-11-18 03:00:00,50799.755227361326
2025-11-18 04:00:00,50799.755227361326
2025-11-18 05:00:00,50799.755227361326
2025-11-18 06:00:00,31099.7604014292
2025-11-18 07:00:00,31099.7604014292
2025-11-18 08:00:00,44801.31723447117
2025-11-18 09:00:00,78101.58772357949
2025-11-18 10:00:00,115117.60688728679
2025-11-18 11:00:00,153474.2583023331
2025-11-18 12:00:00,193793.30577054602
2025-11-18 13:00:00,233528.96013362028
2025-11-18 14:00:00,273340.6506494515
2025-11-18 15:00:00,291728.3897921681
2025-11-18 16:00:00,291728.3897921681
2025-11-18 17:00:00,291728.3897921681
2025-11-18 18:00:00,263704.6416017742
2025-11-18 19:00:00,236074.68902027086
2025-11-18 20:00:00,208918.9057995271
2025-11-18 21:00:00,182497.10018483046
2025-11-18 22:00:00,157424.66761341452
2025-11-18 23:00:00,133876.95305165724
2025-11-19 00:00:00,110636.60271418768
2025-11-19 01:00:00,88231.33381393534
2025-11-19 02:00:00,66293.71735777229
2025-11-19 03:00:00,44752.22921732032
2025-11-19 04:00:00,23122.419105592813
2025-11-19 05:00:00,-0.0
2025-11-19 06:00:00,-0.0
2025-11-19 07:00:00,-0.0
2025-11-19 08:00:00,8846.805251427686
2025-11-19 09:00:00,59385.22336380661
2025-11-19 10:00:00,110479.13258333708
2025-11-19 11:00:00,162341.9903517366
2025-11-19 12:00:00,211762.43567227919
2025-11-19 13:00:00,250375.53290475183
2025-11-19 14:00:00,287647.87873204047
2025-11-19 15:00:00,306000.0
2025-11-19 16:00:00,285590.8593666127
2025-11-19 17:00:00,257223.50297132178
2025-11-19 18:00:00,257223.50297132178
2025-11-19 19:00:00,257223.50297132178
2025-11-19 20:00:00,230141.20882327438
2025-11-19 21:00:00,230141.20882327438
2025-11-19 22:00:00,230141.20882327438
2025-11-19 23:00:00,206408.2845838838
2025-11-20 00:00:00,206408.2845838838
2025-11-20 01:00:00,184152.32080135794
2025-11-20 02:00:00,184152.32080135794
2025-11-20 03:00:00,162347.29823217329
2025-11-20 04:00:00,154943.07519411435
2025-11-20 05:00:00,131782.6422707658
2025-11-20 06:00:00,108760.18498395183
2025-11-20 07:00:00,113752.57638843477
2025-11-20 08:00:00,146176.41448883337
2025-11-20 09:00:00,185240.91570188585
2025-11-20 10:00:00,220889.2243765343
2025-11-20 11:00:00,249614.4372889479
2025-11-20 12:00:00,272839.66273881844
2025-11-20 13:00:00,294356.3005611102
2025-11-20 14:00:00,306000.0
2025-11-20 15:00:00,306000.0
2025-11-20 16:00:00,306000.0
2025-11-20 17:00:00,306000.0
2025-11-20 18:00:00,306000.0
2025-11-20 19:00:00,277795.4690379979
2025-11-20 20:00:00,277795.4690379979
2025-11-20 21:00:00,250833.37671428762
2025-11-20 22:00:00,225201.73204744406
2025-11-20 23:00:00,225201.73204744406
2025-11-21 00:00:00,225201.73204744406
2025-11-21 01:00:00,202282.0705769812
2025-11-21 02:00:00,202282.0705769812
2025-11-21 03:00:00,179329.66581161282
2025-11-21 04:00:00,179329.66581161282
2025-11-21 05:00:00,156062.58642868404
2025-11-21 06:00:00,156062.58642868404
2025-11-21 07:00:00,132151.60338362597
2025-11-21 08:00:00,116588.53198193091
2025-11-21 09:00:00,116588.53198193091
2025-11-21 10:00:00,115430.77113883095
2025-11-21 11:00:00,120289.22261092048
2025-11-21 12:00:00,128568.10994391749
2025-11-21 13:00:00,136235.56304989153
2025-11-21 14:00:00,140755.54285279947
2025-11-21 15:00:00,140755.54285279947
2025-11-21 16:00:00,116635.85708870317
2025-11-21 17:00:00,116635.85708870317
2025-11-21 18:00:00,88942.63258060066
2025-11-21 19:00:00,88942.63258060066
2025-11-21 20:00:00,88942.63258060066
2025-11-21 21:00:00,88942.63258060066
2025-11-21 22:00:00,63520.90334223491
2025-11-21 23:00:00,63520.90334223491
2025-11-22 00:00:00,63520.90334223491
2025-11-22 01:00:00,59748.59578716859
2025-11-22 02:00:00,59748.59578716859
2025-11-22 03:00:00,38630.59011639388
2025-11-22 04:00:00,17420.389752005685
2025-11-22 05:00:00,17420.389752005685
2025-11-22 06:00:00,17420.389752005685
2025-11-22 07:00:00,-0.0
2025-11-22 08:00:00,-0.0
2025-11-22 09:00:00,13387.522212586626
2025-11-22 10:00:00,29096.906095053895
2025-11-22 11:00:00,45624.04993776296
2025-11-22 12:00:00,67593.04539453567
2025-11-22 13:00:00,89729.51758667392
2025-11-22 14:00:00,108413.11484199253
2025-11-22 15:00:00,114153.68007717843
2025-11-22 16:00:00,92910.30776321705
2025-11-22 17:00:00,92910.30776321705
2025-11-22 18:00:00,92910.30776321705
2025-11-22 19:00:00,92910.30776321705
2025-11-22 20:00:00,67875.73934317155
2025-11-22 21:00:00,67875.73934317155
2025-11-22 22:00:00,67875.73934317155
2025-11-22 23:00:00,44835.385946082286
2025-11-23 00:00:00,44835.385946082286
2025-11-23 01:00:00,40942.83119120731
2025-11-23 02:00:00,40942.83119120731
2025-11-23 03:00:00,40942.83119120731
2025-11-23 04:00:00,20722.895733907193
2025-11-23 05:00:00,-0.0
2025-11-23 06:00:00,-0.0
2025-11-23 07:00:00,-0.0
2025-11-23 08:00:00,-0.0
2025-11-23 09:00:00,-0.0
2025-11-23 10:00:00,36723.65654347751
2025-11-23 11:00:00,94959.05021536979
2025-11-23 12:00:00,155196.26923530916
2025-11-23 13:00:00,218448.10186042404
2025-11-23 14:00:00,277318.3620095055
2025-11-23 15:00:00,306000.0
2025-11-23 16:00:00,288038.8507651953
2025-11-23 17:00:00,261814.63685089565
2025-11-23 18:00:00,235709.75979035173
2025-11-23 19:00:00,210142.08297782237
2025-11-23 20:00:00,185183.69900115067
2025-11-23 21:00:00,180382.3376395016
2025-11-23 22:00:00,156492.59287792235
2025-11-23 23:00:00,133712.45040844957
2025-11-24 00:00:00,111407.70535340032
2025-11-24 01:00:00,89693.58868946055
2025-11-24 02:00:00,89693.58868946055
2025-11-24 03:00:00,68337.73977272202
2025-11-24 04:00:00,46335.545879467056
2025-11-24 05:00:00,23305.150924799425
2025-11-24 06:00:00,-0.0
2025-11-24 07:00:00,-0.0
2025-11-24 08:00:00,11494.35424661218
2025-11-24 09:00:00,57394.94976631282
2025-11-24 10:00:00,104859.66300158169
2025-11-24 11:00:00,152788.49857059983
2025-11-24 12:00:00,200194.67450290054
2025-11-24 13:00:00,246021.90467528492
2025-11-24 14:00:00,288500.56586725486
2025-11-24 15:00:00,306000.0
2025-11-24 16:00:00,283706.9903560149
2025-11-24 17:00:00,255391.09895558504
2025-11-24 18:00:00,227538.14556292075
2025-11-24 19:00:00,200147.52011563221
2025-11-24 20:00:00,200147.52011563221
2025-11-24 21:00:00,173665.4683343619
2025-11-24 22:00:00,148298.4547920632
2025-11-24 23:00:00,124338.37669043554
2025-11-25 00:00:00,101032.36647139327
2025-11-25 01:00:00,78526.81960356682
2025-11-25 02:00:00,78526.81960356682
2025-11-25 03:00:00,56445.13902476046
2025-11-25 04:00:00,34342.41530959761
2025-11-25 05:00:00,10900.371900906906
2025-11-25 06:00:00,-0.0
2025-11-25 07:00:00,-0.0
2025-11-25 08:00:00,10536.363274487136
2025-11-25 09:00:00,56256.264569410014
2025-11-25 10:00:00,103126.58035662776
2025-11-25 11:00:00,149948.3508931815
2025-11-25 12:00:00,197473.35829145327
2025-11-25 13:00:00,244944.4019670979
2025-11-25 14:00:00,288955.26401082904
2025-11-25 15:00:00,306000.0
2025-11-25 16:00:00,283550.0970668635
2025-11-25 17:00:00,254889.2948308867
2025-11-25 18:00:00,226502.58148056263
2025-11-25 19:00:00,226502.58148056263
2025-11-25 20:00:00,199240.6320500764
2025-11-25 21:00:00,199240.6320500764
2025-11-25 22:00:00,173534.29499732747
2025-11-25 23:00:00,163039.94855924792
2025-11-26 00:00:00,138933.7741488892
2025-11-26 01:00:00,115668.07221510776
2025-11-26 02:00:00,92905.77482421369
2025-11-26 03:00:00,70643.60556772968
2025-11-26 04:00:00,47949.52375007588
2025-11-26 05:00:00,23997.18967958603
2025-11-26 06:00:00,-0.0
2025-11-26 07:00:00,-0.0
2025-11-26 08:00:00,-0.0
2025-11-26 09:00:00,15299.542857655892
2025-11-26 10:00:00,64519.34288667878
2025-11-26 11:00:00,115481.63918330887
2025-11-26 12:00:00,169603.78154265805
2025-11-26 13:00:00,227259.62991503434
2025-11-26 14:00:00,282602.2614864592
2025-11-26 15:00:00,306000.0
2025-11-26 16:00:00,283834.88304813043
2025-11-26 17:00:00,255201.14915419443
2025-11-26 18:00:00,227036.47776711875
2025-11-26 19:00:00,199531.20752506732
2025-11-26 20:00:00,178747.81783675158
2025-11-26 21:00:00,178747.81783675158
2025-11-26 22:00:00,178747.81783675158
2025-11-26 23:00:00,154501.54709469492
2025-11-27 00:00:00,130806.72755355539
2025-11-27 01:00:00,108266.40732240771
2025-11-27 02:00:00,86651.20734562038
2025-11-27 03:00:00,65379.87372409656
2025-11-27 04:00:00,44172.84930262439
2025-11-27 05:00:00,44172.84930262439
2025-11-27 06:00:00,22179.392920839153
2025-11-27 07:00:00,22179.392920839153
2025-11-27 08:00:00,41680.28929566209
2025-11-27 09:00:00,72922.67334687196
2025-11-27 10:00:00,112998.62221473966
2025-11-27 11:00:00,157199.423390825
2025-11-27 12:00:00,204816.82061961287
2025-11-27 13:00:00,247085.42440500454
2025-11-27 14:00:00,281185.50215397775
2025-11-27 15:00:00,291763.55035229266
2025-11-27 16:00:00,271425.7243442448
2025-11-27 17:00:00,246259.1239161611
2025-11-27 18:00:00,221838.0548390428
2025-11-27 19:00:00,198022.59754425558
2025-11-27 20:00:00,174373.18663852528
2025-11-27 21:00:00,150628.41335086426
2025-11-27 22:00:00,127489.59045379341
2025-11-27 23:00:00,127489.59045379341
2025-11-28 00:00:00,105445.12302828336
2025-11-28 01:00:00,105445.12302828336
2025-11-28 02:00:00,84653.8041439598
2025-11-28 03:00:00,64162.347593657076
2025-11-28 04:00:00,43466.78599860674
2025-11-28 05:00:00,21880.83419985418
2025-11-28 06:00:00,-0.0
2025-11-28 07:00:00,-0.0
2025-11-28 08:00:00,15861.036526242242
2025-11-28 09:00:00,63971.28097002397
2025-11-28 10:00:00,111577.8306016225
2025-11-28 11:00:00,158664.93229731655
2025-11-28 12:00:00,206393.54539353037
2025-11-28 13:00:00,252968.78036298478
2025-11-28 14:00:00,289932.62245147506
2025-11-28 15:00:00,306000.0
2025-11-28 16:00:00,305427.5753479033
2025-11-28 17:00:00,278174.4241746776
2025-11-28 18:00:00,251212.11573353325
2025-11-28 19:00:00,224611.45091751128
2025-11-28 20:00:00,198582.9965990447
2025-11-28 21:00:00,172907.62534495624
2025-11-28 22:00:00,172907.62534495624
2025-11-28 23:00:00,149380.89419045512
2025-11-29 00:00:00,126495.12103979947
2025-11-29 01:00:00,104749.56454756159
2025-11-29 02:00:00,83824.09107523007
2025-11-29 03:00:00,63201.665339261985
2025-11-29 04:00:00,42525.535215217606
2025-11-29 05:00:00,21252.9460271602
2025-11-29 06:00:00,-0.0
2025-11-29 07:00:00,-0.0
2025-11-29 08:00:00,24576.542807038888
2025-11-29 09:00:00,67027.36517952064
2025-11-29 10:00:00,111688.76480653323
2025-11-29 11:00:00,158795.1717951359
2025-11-29 12:00:00,205056.5093415454
2025-11-29 13:00:00,248623.0552071883
2025-11-29 14:00:00,290026.4719724522
2025-11-29 15:00:00,306000.0
2025-11-29 16:00:00,284728.1926177068
2025-11-29 17:00:00,284728.1926177068
2025-11-29 18:00:00,258103.3548252584
2025-11-29 19:00:00,231948.91694805774
2025-11-29 20:00:00,206315.58200058705
2025-11-29 21:00:00,180934.85819689053
2025-11-29 22:00:00,173309.7522393308
2025-11-29 23:00:00,150081.30417317053
2025-11-30 00:00:00,127339.93682082651
2025-11-30 01:00:00,105501.11101186108
2025-11-30 02:00:00,84266.98258945116
2025-11-30 03:00:00,63473.92354273264
2025-11-30 04:00:00,42448.41519448941
2025-11-30 05:00:00,21354.34697897155
2025-11-30 06:00:00,-0.0
2025-11-30 07:00:00,1384.6874140187049
2025-11-30 08:00:00,32413.405214041624
2025-11-30 09:00:00,70154.25290557498
2025-11-30 10:00:00,111290.6235961617
2025-11-30 11:00:00,154307.24695234065
2025-11-30 12:00:00,191499.42874797565
2025-11-30 13:00:00,218659.1062552923
2025-11-30 14:00:00,233703.905803823
2025-11-30 15:00:00,228080.64249742482
2025-11-30 16:00:00,228080.64249742482
2025-11-30 17:00:00,200468.3502911385
2025-11-30 18:00:00,173083.01814178884
2025-11-30 19:00:00,145690.19260938838
2025-11-30 20:00:00,145690.19260938838
2025-11-30 21:00:00,145690.19260938838
2025-11-30 22:00:00,120734.84420318148
2025-11-30 23:00:00,120734.84420318148
2025-12-01 00:00:00,97407.93714845048
2025-12-01 01:00:00,96001.38333762412
2025-12-01 02:00:00,73346.80676063074
2025-12-01 03:00:00,73346.80676063074
2025-12-01 04:00:00,50610.88227210716
2025-12-01 05:00:00,26813.89270626163
2025-12-01 06:00:00,1449.1593310411324
2025-12-01 07:00:00,-0.0
2025-12-01 08:00:00,-0.0
2025-12-01 09:00:00,30901.3486377098
2025-12-01 10:00:00,77495.98544477127
2025-12-01 11:00:00,125801.54292822021
2025-12-01 12:00:00,176987.32937821766
2025-12-01 13:00:00,230454.98287481864
2025-12-01 14:00:00,283326.9053105734
2025-12-01 15:00:00,306000.0
2025-12-01 16:00:00,283668.7187195779
2025-12-01 17:00:00,254252.73317166526
2025-12-01 18:00:00,224975.1075087319
2025-12-01 19:00:00,224975.1075087319
2025-12-01 20:00:00,196764.5814764976
2025-12-01 21:00:00,169152.47522056435
2025-12-01 22:00:00,143030.84537536337
2025-12-01 23:00:00,118572.19351052944
2025-12-02 00:00:00,94695.54167577362
2025-12-02 01:00:00,89791.48042906872
2025-12-02 02:00:00,66709.00894464503
2025-12-02 03:00:00,66709.00894464503
2025-12-02 04:00:00,43946.29495318381
2025-12-02 05:00:00,43946.29495318381
2025-12-02 06:00:00,17863.46281881924
2025-12-02 07:00:00,16347.523376351644
2025-12-02 08:00:00,50214.2870431766
2025-12-02 09:00:00,92922.83859045673
2025-12-02 10:00:00,134094.65735326614
2025-12-02 11:00:00,174145.8398403918
2025-12-02 12:00:00,212696.9562409536
2025-12-02 13:00:00,250835.91014527096
2025-12-02 14:00:00,290725.59734778956
2025-12-02 15:00:00,306000.0
2025-12-02 16:00:00,281995.539374029
2025-12-02 17:00:00,252908.6235490065
2025-12-02 18:00:00,233000.94091491782
2025-12-02 19:00:00,204385.4735753058
2025-12-02 20:00:00,176399.80720428654
2025-12-02 21:00:00,148817.113435173
2025-12-02 22:00:00,122590.65007155298
2025-12-02 23:00:00,122590.65007155298
2025-12-03 00:00:00,122590.65007155298
2025-12-03 01:00:00,98468.3470859033
2025-12-03 02:00:00,74986.54098393285
2025-12-03 03:00:00,51980.3907503932
2025-12-03 04:00:00,28884.18148959379
2025-12-03 05:00:00,4597.297863259325
2025-12-03 06:00:00,4597.297863259325
2025-12-03 07:00:00,-0.0
2025-12-03 08:00:00,24972.763851663338
2025-12-03 09:00:00,66363.79374740963
2025-12-03 10:00:00,108782.03688120018
2025-12-03 11:00:00,153409.05013935894
2025-12-03 12:00:00,200261.90880315617
2025-12-03 13:00:00,248158.7591209749
2025-12-03 14:00:00,290984.92090664257
2025-12-03 15:00:00,306000.0
2025-12-03 16:00:00,281532.02845813695
2025-12-03 17:00:00,252054.644964124
2025-12-03 18:00:00,222804.40430528362
2025-12-03 19:00:00,193877.27424681938
2025-12-03 20:00:00,165241.9770482452
2025-12-03 21:00:00,165241.9770482452
2025-12-03 22:00:00,138507.81650476574
2025-12-03 23:00:00,127229.80955805784
2025-12-04 00:00:00,102801.55926143879
2025-12-04 01:00:00,79055.3931116891
2025-12-04 02:00:00,79055.3931116891
2025-12-04 03:00:00,55594.60340163887
2025-12-04 04:00:00,32454.043541343868
2025-12-04 05:00:00,32454.043541343868
2025-12-04 06:00:00,5893.513838107181
2025-12-04 07:00:00,-0.0
2025-12-04 08:00:00,26768.06454084711
2025-12-04 09:00:00,67027.08397258766
2025-12-04 10:00:00,110921.17517195229
2025-12-04 11:00:00,156097.83055339678
2025-12-04 12:00:00,202587.9529632674
2025-12-04 13:00:00,245814.75962092224
2025-12-04 14:00:00,282187.63202554284
2025-12-04 15:00:00,297425.6507188874
2025-12-04 16:00:00,273549.69033764245
2025-12-04 17:00:00,265058.2643158545
2025-12-04 18:00:00,235712.82468459575
2025-12-04 19:00:00,206183.00650020494
2025-12-04 20:00:00,177465.53494569965
2025-12-04 21:00:00,149223.16950924892
2025-12-04 22:00:00,122373.07783024089
2025-12-04 23:00:00,97358.72687163844
2025-12-05 00:00:00,97358.72687163844
2025-12-05 01:00:00,73909.8824683342
2025-12-05 02:00:00,50831.32345186238
2025-12-05 03:00:00,28138.815136138117
2025-12-05 04:00:00,28138.815136138117
2025-12-05 05:00:00,3819.608758825626
2025-12-05 06:00:00,3819.608758825626
2025-12-05 07:00:00,-0.0
2025-12-05 08:00:00,24593.255958074587
2025-12-05 09:00:00,67203.90234636606
2025-12-05 10:00:00,109903.86555145131
2025-12-05 11:00:00,151658.33008818986
2025-12-05 12:00:00,196509.11835428522
2025-12-05 13:00:00,243444.17784652367
2025-12-05 14:00:00,287452.21715777816
2025-12-05 15:00:00,306000.0
2025-12-05 16:00:00,283506.31609208434
2025-12-05 17:00:00,254867.97682660935
2025-12-05 18:00:00,226269.925131941
2025-12-05 19:00:00,198202.0723386849
2025-12-05 20:00:00,198202.0723386849
2025-12-05 21:00:00,170638.93946154334
2025-12-05 22:00:00,144156.39919162175
2025-12-05 23:00:00,118910.75544082641
2025-12-06 00:00:00,94304.8870180094
2025-12-06 01:00:00,70631.69629889526
2025-12-06 02:00:00,70631.69629889526
2025-12-06 03:00:00,70631.69629889526
2025-12-06 04:00:00,48160.56800919609
2025-12-06 05:00:00,25308.08650903036
2025-12-06 06:00:00,2069.922098486287
2025-12-06 07:00:00,-0.0
2025-12-06 08:00:00,30513.397462650428
2025-12-06 09:00:00,72602.54997649473
2025-12-06 10:00:00,115609.81205229914
2025-12-06 11:00:00,159609.3938476206
2025-12-06 12:00:00,205208.45708723005
2025-12-06 13:00:00,250305.86310222204
2025-12-06 14:00:00,291054.1478078733
2025-12-06 15:00:00,306000.0
2025-12-06 16:00:00,284584.43770118116
2025-12-06 17:00:00,256926.71479521427
2025-12-06 18:00:00,229731.15570714202
2025-12-06 19:00:00,202830.34736631557
2025-12-06 20:00:00,202830.34736631557
2025-12-06 21:00:00,176177.19738258555
2025-12-06 22:00:00,150439.47511618186
2025-12-06 23:00:00,136516.0210343806
2025-12-07 00:00:00,112748.94993559191
2025-12-07 01:00:00,89814.83170381768
2025-12-07 02:00:00,67524.54954595256
2025-12-07 03:00:00,45800.9501505064
2025-12-07 04:00:00,24056.48056050683
2025-12-07 05:00:00,24056.48056050683
2025-12-07 06:00:00,1581.5216472798995
2025-12-07 07:00:00,-0.0
2025-12-07 08:00:00,31139.746848094823
2025-12-07 09:00:00,74128.62695794336
2025-12-07 10:00:00,118005.91343924933
2025-12-07 11:00:00,161362.33827824076
2025-12-07 12:00:00,205330.00328591603
2025-12-07 13:00:00,250077.20543881663
2025-12-07 14:00:00,291138.89833634254
2025-12-07 15:00:00,306000.0
2025-12-07 16:00:00,284225.1701433989
2025-12-07 17:00:00,260956.25109793426
2025-12-07 18:00:00,233014.10335118585
2025-12-07 19:00:00,233014.10335118585
2025-12-07 20:00:00,205707.4230994791
2025-12-07 21:00:00,205707.4230994791
2025-12-07 22:00:00,180317.3244021608
2025-12-07 23:00:00,156239.37884125588
2025-12-08 00:00:00,132698.9329602208
2025-12-08 01:00:00,109638.15244584187
2025-12-08 02:00:00,86892.05303696306
2025-12-08 03:00:00,86892.05303696306
2025-12-08 04:00:00,64070.84264305222
2025-12-08 05:00:00,64070.84264305222
2025-12-08 06:00:00,37673.49198555772
2025-12-08 07:00:00,30890.69120338886
2025-12-08 08:00:00,59061.08999044579
2025-12-08 09:00:00,98036.66937383628
2025-12-08 10:00:00,137205.17751504682
2025-12-08 11:00:00,175632.91446630404
2025-12-08 12:00:00,214321.27623070581
2025-12-08 13:00:00,254139.49265831299
2025-12-08 14:00:00,292547.4591881131
2025-12-08 15:00:00,306000.0
2025-12-08 16:00:00,281657.16684853425
2025-12-08 17:00:00,255757.60524145272
2025-12-08 18:00:00,255757.60524145272
2025-12-08 19:00:00,226171.3865194852
2025-12-08 20:00:00,226171.3865194852
2025-12-08 21:00:00,226171.3865194852
2025-12-08 22:00:00,199608.18293744198
2025-12-08 23:00:00,174321.94690451596
2025-12-09 00:00:00,150072.8021358948
2025-12-09 01:00:00,126390.62458605485
2025-12-09 02:00:00,103209.25024522723
2025-12-09 03:00:00,80283.5897822537
2025-12-09 04:00:00,57248.94475381721
2025-12-09 05:00:00,32765.89648393687
2025-12-09 06:00:00,6340.760583393256
2025-12-09 07:00:00,-0.0
2025-12-09 08:00:00,30136.647814812673
2025-12-09 09:00:00,71847.13483331837
2025-12-09 10:00:00,114107.85363555176
2025-12-09 11:00:00,156214.25812549732
2025-12-09 12:00:00,199997.19838970964
2025-12-09 13:00:00,243990.29689594422
2025-12-09 14:00:00,284068.9326874666
2025-12-09 15:00:00,297495.80985139695
2025-12-09 16:00:00,297495.80985139695
2025-12-09 17:00:00,297495.80985139695
2025-12-09 18:00:00,267180.8868996611
2025-12-09 19:00:00,237505.10826747422
2025-12-09 20:00:00,208380.54376868118
2025-12-09 21:00:00,185554.2232924424
2025-12-09 22:00:00,158464.0871723991
2025-12-09 23:00:00,133195.67435511813
2025-12-10 00:00:00,108764.86003528394
2025-12-10 01:00:00,108764.86003528394
2025-12-10 02:00:00,85558.16266299844
2025-12-10 03:00:00,85558.16266299844
2025-12-10 04:00:00,62616.05897810664
2025-12-10 05:00:00,38236.0583229581
2025-12-10 06:00:00,38236.0583229581
2025-12-10 07:00:00,30381.466449561398
2025-12-10 08:00:00,57946.11318711907
2025-12-10 09:00:00,98344.0533322489
2025-12-10 10:00:00,140134.64636736424
2025-12-10 11:00:00,182267.97300544163
2025-12-10 12:00:00,222323.80149179365
2025-12-10 13:00:00,260228.3799652543
2025-12-10 14:00:00,294032.57526948716
2025-12-10 15:00:00,306000.0
2025-12-10 16:00:00,306000.0
2025-12-10 17:00:00,275520.9294214217
2025-12-10 18:00:00,245401.57114588626
2025-12-10 19:00:00,215746.14577704848
2025-12-10 20:00:00,186624.96097199147
2025-12-10 21:00:00,158272.84941139803
2025-12-10 22:00:00,131427.7357234748
2025-12-10 23:00:00,105995.89604464939
2025-12-11 00:00:00,105995.89604464939
2025-12-11 01:00:00,104689.95765644286
2025-12-11 02:00:00,81260.79438807414
2025-12-11 03:00:00,58209.65525140136
2025-12-11 04:00:00,34984.899833785865
2025-12-11 05:00:00,34984.899833785865
2025-12-11 06:00:00,8745.232644661035
2025-12-11 07:00:00,-0.0
2025-12-11 08:00:00,28047.450787832804
2025-12-11 09:00:00,68769.44468060021
2025-12-11 10:00:00,111428.653885735
2025-12-11 11:00:00,154599.5191399086
2025-12-11 12:00:00,198872.39224532683
2025-12-11 13:00:00,243114.12084993412
2025-12-11 14:00:00,282924.5283696348
2025-12-11 15:00:00,296505.52993391495
2025-12-11 16:00:00,272178.14506810415
2025-12-11 17:00:00,269602.4724340642
2025-12-11 18:00:00,239566.92245489423
2025-12-11 19:00:00,239566.92245489423
2025-12-11 20:00:00,210569.73641026838
2025-12-11 21:00:00,182195.68723778392
2025-12-11 22:00:00,155185.658333875
2025-12-11 23:00:00,129826.61703269777
2025-12-12 00:00:00,129826.61703269777
2025-12-12 01:00:00,106197.54331329683
2025-12-12 02:00:00,82745.28612934529
2025-12-12 03:00:00,59653.48104010512
2025-12-12 04:00:00,36802.35656205438
2025-12-12 05:00:00,36802.35656205438
2025-12-12 06:00:00,10591.54792857133
2025-12-12 07:00:00,1412.6730623506119
2025-12-12 08:00:00,27546.423437577098
2025-12-12 09:00:00,68107.02150742915
2025-12-12 10:00:00,111115.01930729224
2025-12-12 11:00:00,154167.69867188003
2025-12-12 12:00:00,198064.265425823
2025-12-12 13:00:00,241373.5092985733
2025-12-12 14:00:00,279366.56190493854
2025-12-12 15:00:00,291241.87258522393
2025-12-12 16:00:00,267219.5364793673
2025-12-12 17:00:00,267219.5364793673
2025-12-12 18:00:00,237933.01372715516
2025-12-12 19:00:00,209253.84237259495
2025-12-12 20:00:00,180972.44001721017
2025-12-12 21:00:00,153126.38716028153
2025-12-12 22:00:00,126425.54561068019
2025-12-12 23:00:00,101067.05879486291
2025-12-13 00:00:00,76533.4659448276
2025-12-13 01:00:00,52910.28299741716
2025-12-13 02:00:00,52910.28299741716
2025-12-13 03:00:00,52910.28299741716
2025-12-13 04:00:00,30681.14032848285
2025-12-13 05:00:00,7843.888211236864
2025-12-13 06:00:00,7843.888211236864
2025-12-13 07:00:00,1147.4905798521104
2025-12-13 08:00:00,30462.96108303348
2025-12-13 09:00:00,72785.29353896857
2025-12-13 10:00:00,117667.42509528066
2025-12-13 11:00:00,163218.63908544934
2025-12-13 12:00:00,208539.67651126772
2025-12-13 13:00:00,253194.6088158693
2025-12-13 14:00:00,292779.4652530793
2025-12-13 15:00:00,306000.0
2025-12-13 16:00:00,306000.0
2025-12-13 17:00:00,278288.34972638026
2025-12-13 18:00:00,250784.03961296382
2025-12-13 19:00:00,238969.057953273
2025-12-13 20:00:00,211988.01569333317
2025-12-13 21:00:00,185313.67629155255
2025-12-13 22:00:00,185313.67629155255
2025-12-13 23:00:00,185313.67629155255
2025-12-14 00:00:00,161465.55669833164
2025-12-14 01:00:00,138611.46001764416
2025-12-14 02:00:00,116281.57397502942
2025-12-14 03:00:00,116281.57397502942
2025-12-14 04:00:00,94743.65135323573
2025-12-14 05:00:00,72897.03812457484
2025-12-14 06:00:00,50407.13649511345
2025-12-14 07:00:00,50407.13649511345
2025-12-14 08:00:00,62444.003341880874
2025-12-14 09:00:00,90891.22936388946
2025-12-14 10:00:00,123847.5064560094
2025-12-14 11:00:00,161700.69768742443
2025-12-14 12:00:00,199462.69380281077
2025-12-14 13:00:00,235618.27418301697
2025-12-14 14:00:00,272767.4765816534
2025-12-14 15:00:00,288490.26464551286
2025-12-14 16:00:00,288490.26464551286
2025-12-14 17:00:00,288490.26464551286
2025-12-14 18:00:00,260132.45970967898
2025-12-14 19:00:00,232029.2467008838
2025-12-14 20:00:00,204294.092754283
2025-12-14 21:00:00,177146.97355030538
2025-12-14 22:00:00,151079.65390336115
2025-12-14 23:00:00,151079.65390336115
2025-12-15 00:00:00,151079.65390336115
2025-12-15 01:00:00,128097.7538216343
2025-12-15 02:00:00,105126.81456426407
2025-12-15 03:00:00,82613.46349875099
2025-12-15 04:00:00,59752.01410613696
2025-12-15 05:00:00,35608.334980481675
2025-12-15 06:00:00,9362.705888575123
2025-12-15 07:00:00,-0.0
2025-12-15 08:00:00,28566.580009726265
2025-12-15 09:00:00,69486.07859959797
2025-12-15 10:00:00,111181.25239302013
2025-12-15 11:00:00,153175.72554773404
2025-12-15 12:00:00,194759.60575971077
2025-12-15 13:00:00,238241.5719967523
2025-12-15 14:00:00,278642.4406352057
2025-12-15 15:00:00,293889.5055159643
2025-12-15 16:00:00,269660.8348360397
2025-12-15 17:00:00,239162.59121094804
2025-12-15 18:00:00,239162.59121094804
2025-12-15 19:00:00,239162.59121094804
2025-12-15 20:00:00,209779.2631105353
2025-12-15 21:00:00,181054.61497875274
2025-12-15 22:00:00,153975.9084359164
2025-12-15 23:00:00,128360.63409732889
2025-12-16 00:00:00,128360.63409732889
2025-12-16 01:00:00,104671.33842175207
2025-12-16 02:00:00,81319.35542012827
2025-12-16 03:00:00,81319.35542012827
2025-12-16 04:00:00,80874.79032660078
2025-12-16 05:00:00,56536.89034623188
2025-12-16 06:00:00,30024.350778163767
2025-12-16 07:00:00,30024.350778163767
2025-12-16 08:00:00,56990.34821872364
2025-12-16 09:00:00,96253.86828801568
2025-12-16 10:00:00,137485.2270265264
2025-12-16 11:00:00,178134.66168123766
2025-12-16 12:00:00,219020.3865531473
2025-12-16 13:00:00,258464.62756988552
2025-12-16 14:00:00,294099.3245496095
2025-12-16 15:00:00,306000.0
2025-12-16 16:00:00,282316.76321868825
2025-12-16 17:00:00,252257.69113994527
2025-12-16 18:00:00,222385.347511428
2025-12-16 19:00:00,193036.0397348327
2025-12-16 20:00:00,164146.81499216132
2025-12-16 21:00:00,164146.81499216132
2025-12-16 22:00:00,137363.07396687445
2025-12-16 23:00:00,112341.56596860044
2025-12-17 00:00:00,112341.56596860044
2025-12-17 01:00:00,89119.93457140998
2025-12-17 02:00:00,66116.99300508967
2025-12-17 03:00:00,43378.00261458807
2025-12-17 04:00:00,43378.00261458807
2025-12-17 05:00:00,43378.00261458807
2025-12-17 06:00:00,31883.19144984226
2025-12-17 07:00:00,19570.223312511946
2025-12-17 08:00:00,42003.787815167794
2025-12-17 09:00:00,78611.96073038477
2025-12-17 10:00:00,115489.02152192543
2025-12-17 11:00:00,153667.5658260353
2025-12-17 12:00:00,194466.49142067347
2025-12-17 13:00:00,238990.36262443
2025-12-17 14:00:00,280931.6404933611
2025-12-17 15:00:00,297568.05103312724
2025-12-17 16:00:00,275660.2060187716
2025-12-17 17:00:00,246164.5869059431
2025-12-17 18:00:00,246164.5869059431
2025-12-17 19:00:00,246164.5869059431
2025-12-17 20:00:00,217903.6610942478
2025-12-17 21:00:00,190209.14159022566
2025-12-17 22:00:00,164052.84802946483
2025-12-17 23:00:00,164052.84802946483
2025-12-18 00:00:00,139759.39957584522
2025-12-18 01:00:00,116686.78328231527
2025-12-18 02:00:00,116686.78328231527
2025-12-18 03:00:00,94548.77056178183
2025-12-18 04:00:00,72087.79637388651
2025-12-18 05:00:00,72087.79637388651
2025-12-18 06:00:00,72087.79637388651
2025-12-18 07:00:00,57905.54131298568
2025-12-18 08:00:00,67969.62504036381
2025-12-18 09:00:00,93415.03794877292
2025-12-18 10:00:00,125128.98066420013
2025-12-18 11:00:00,160812.80468257796
2025-12-18 12:00:00,196935.57025865928
2025-12-18 13:00:00,236983.25615393923
2025-12-18 14:00:00,270818.6044995834
2025-12-18 15:00:00,280979.3593018962
2025-12-18 16:00:00,258727.2914717649
2025-12-18 17:00:00,258727.2914717649
2025-12-18 18:00:00,229801.1854241608
2025-12-18 19:00:00,201519.72866705945
2025-12-18 20:00:00,173845.48244184334
2025-12-18 21:00:00,146707.3314404444
2025-12-18 22:00:00,120733.84437301636
2025-12-18 23:00:00,95899.1658470901
2025-12-19 00:00:00,95899.1658470901
2025-12-19 01:00:00,71916.37543984449
2025-12-19 02:00:00,48493.71544818863
2025-12-19 03:00:00,25215.48188448977
2025-12-19 04:00:00,25215.48188448977
2025-12-19 05:00:00,25215.48188448977
2025-12-19 06:00:00,-0.0
2025-12-19 07:00:00,-0.0
2025-12-19 08:00:00,23630.74623130764
2025-12-19 09:00:00,61020.27099762984
2025-12-19 10:00:00,103258.97022788075
2025-12-19 11:00:00,146489.69743689793
2025-12-19 12:00:00,192077.3266740965
2025-12-19 13:00:00,239773.50169073255
2025-12-19 14:00:00,285203.07330174046
2025-12-19 15:00:00,306000.0
2025-12-19 16:00:00,285090.34616381605
2025-12-19 17:00:00,256393.8200355038
2025-12-19 18:00:00,228157.10675716624
2025-12-19 19:00:00,228157.10675716624
2025-12-19 20:00:00,201132.26868561533
2025-12-19 21:00:00,174611.028021104
2025-12-19 22:00:00,165309.1392367293
2025-12-19 23:00:00,141485.40424904265
2025-12-20 00:00:00,118021.51341978222
2025-12-20 01:00:00,95532.08246127074
2025-12-20 02:00:00,73687.93571326236
2025-12-20 03:00:00,52573.8028206925
2025-12-20 04:00:00,52573.8028206925
2025-12-20 05:00:00,31191.401529677158
2025-12-20 06:00:00,8700.286821045367
2025-12-20 07:00:00,-0.0
2025-12-20 08:00:00,7912.049939332384
2025-12-20 09:00:00,51182.61946232048
2025-12-20 10:00:00,96778.01881290902
2025-12-20 11:00:00,141027.50600373713
2025-12-20 12:00:00,190189.39981609135
2025-12-20 13:00:00,241271.87287263945
2025-12-20 14:00:00,287077.9823355306
2025-12-20 15:00:00,306000.0
2025-12-20 16:00:00,285909.2540888358
2025-12-20 17:00:00,258873.9118353092
2025-12-20 18:00:00,258873.9118353092
2025-12-20 19:00:00,254771.55577378714
2025-12-20 20:00:00,228902.22116925483
2025-12-20 21:00:00,203458.2954591653
2025-12-20 22:00:00,178889.94486956848
2025-12-20 23:00:00,155491.63230138615
2025-12-21 00:00:00,132585.73636471824
2025-12-21 01:00:00,110829.8900296845
2025-12-21 02:00:00,89816.81380291346
2025-12-21 03:00:00,69250.66165172303
2025-12-21 04:00:00,48938.34553358479
2025-12-21 05:00:00,28383.323908273444
2025-12-21 06:00:00,6835.908426344514
2025-12-21 07:00:00,-0.0
2025-12-21 08:00:00,5782.867779985536
2025-12-21 09:00:00,51681.777998523045
2025-12-21 10:00:00,98349.81629320481
2025-12-21 11:00:00,144478.9047415078
2025-12-21 12:00:00,192080.31343574822
2025-12-21 13:00:00,242156.22349663236
2025-12-21 14:00:00,288018.57090414723
2025-12-21 15:00:00,306000.0
2025-12-21 16:00:00,285910.11414102366
2025-12-21 17:00:00,258960.16587848065
2025-12-21 18:00:00,232274.54506906695
2025-12-21 19:00:00,232274.54506906695
2025-12-21 20:00:00,232274.54506906695
2025-12-21 21:00:00,212487.59508750628
2025-12-21 22:00:00,188098.97498578712
2025-12-21 23:00:00,164754.70335424333
2025-12-22 00:00:00,164754.70335424333
2025-12-22 01:00:00,142199.69087750776
2025-12-22 02:00:00,119659.231438681
2025-12-22 03:00:00,119659.231438681
2025-12-22 04:00:00,97861.46601422972
2025-12-22 05:00:00,97861.46601422972
2025-12-22 06:00:00,73799.68561574626
2025-12-22 07:00:00,59739.75276509187
2025-12-22 08:00:00,77167.09572868506
2025-12-22 09:00:00,113761.67635245653
2025-12-22 10:00:00,157717.40768213803
2025-12-22 11:00:00,203122.41216610608
2025-12-22 12:00:00,247512.6636139567
2025-12-22 13:00:00,281926.2542732977
2025-12-22 14:00:00,305045.55257557495
2025-12-22 15:00:00,306000.0
2025-12-22 16:00:00,306000.0
2025-12-22 17:00:00,306000.0
2025-12-22 18:00:00,306000.0
2025-12-22 19:00:00,306000.0
2025-12-22 20:00:00,278643.89273076656
2025-12-22 21:00:00,278643.89273076656
2025-12-22 22:00:00,278643.89273076656
2025-12-22 23:00:00,278643.89273076656
2025-12-23 00:00:00,278643.89273076656
2025-12-23 01:00:00,278643.89273076656
2025-12-23 02:00:00,278643.89273076656
2025-12-23 03:00:00,278643.89273076656
2025-12-23 04:00:00,256001.94314006524
2025-12-23 05:00:00,256001.94314006524
2025-12-23 06:00:00,256001.94314006524
2025-12-23 07:00:00,256001.94314006524
2025-12-23 08:00:00,242804.80106173528
2025-12-23 09:00:00,239817.99356683795
2025-12-23 10:00:00,247792.79340846397
2025-12-23 11:00:00,261223.86166518333
2025-12-23 12:00:00,272099.39654706477
2025-12-23 13:00:00,272512.1904334768
2025-12-23 14:00:00,272512.1904334768
2025-12-23 15:00:00,272512.1904334768
2025-12-23 16:00:00,246236.69690296307
2025-12-23 17:00:00,246236.69690296307
2025-12-23 18:00:00,246236.69690296307
2025-12-23 19:00:00,246236.69690296307
2025-12-23 20:00:00,246236.69690296307
2025-12-23 21:00:00,246236.69690296307
2025-12-23 22:00:00,220513.19169089955
2025-12-23 23:00:00,220513.19169089955
2025-12-24 00:00:00,220513.19169089955
2025-12-24 01:00:00,220513.19169089955
2025-12-24 02:00:00,220513.19169089955
2025-12-24 03:00:00,220513.19169089955
2025-12-24 04:00:00,220513.19169089955
2025-12-24 05:00:00,202724.30447377774
2025-12-24 06:00:00,179637.72358002007
2025-12-24 07:00:00,156660.27652602765
2025-12-24 08:00:00,137153.43068379507
2025-12-24 09:00:00,122740.63164805334
2025-12-24 10:00:00,111911.08980613727
2025-12-24 11:00:00,111911.08980613727
2025-12-24 12:00:00,111911.08980613727
2025-12-24 13:00:00,111911.08980613727
2025-12-24 14:00:00,102228.19417405766
2025-12-24 15:00:00,86312.11741620552
2025-12-24 16:00:00,62100.65594353329
2025-12-24 17:00:00,35102.332053323706
2025-12-24 18:00:00,35102.332053323706
2025-12-24 19:00:00,35102.332053323706
2025-12-24 20:00:00,35102.332053323706
2025-12-24 21:00:00,35102.332053323706
2025-12-24 22:00:00,11052.070627583209
2025-12-24 23:00:00,11052.070627583209
2025-12-25 00:00:00,11052.070627583209
2025-12-25 01:00:00,11052.070627583209
2025-12-25 02:00:00,11052.070627583209
2025-12-25 03:00:00,11052.070627583209
2025-12-25 04:00:00,11052.070627583209
2025-12-25 05:00:00,11052.070627583209
2025-12-25 06:00:00,11052.070627583209
2025-12-25 07:00:00,-0.0
2025-12-25 08:00:00,19039.704824257475
2025-12-25 09:00:00,48730.18698165127
2025-12-25 10:00:00,80178.87591882647
2025-12-25 11:00:00,112223.14410019778
2025-12-25 12:00:00,140494.05349305517
2025-12-25 13:00:00,164399.60737858582
2025-12-25 14:00:00,183285.63357638108
2025-12-25 15:00:00,190034.10622613752
2025-12-25 16:00:00,170470.75656733362
2025-12-25 17:00:00,146114.90388448213
2025-12-25 18:00:00,146114.90388448213
2025-12-25 19:00:00,146114.90388448213
2025-12-25 20:00:00,122679.65626845823
2025-12-25 21:00:00,99484.3024741846
2025-12-25 22:00:00,99484.3024741846
2025-12-25 23:00:00,99484.3024741846
2025-12-26 00:00:00,99484.3024741846
2025-12-26 01:00:00,99484.3024741846
2025-12-26 02:00:00,79801.9141462836
2025-12-26 03:00:00,79801.9141462836
2025-12-26 04:00:00,59765.3604796796
2025-12-26 05:00:00,59765.3604796796
2025-12-26 06:00:00,59765.3604796796
2025-12-26 07:00:00,59765.3604796796
2025-12-26 08:00:00,61529.65065349653
2025-12-26 09:00:00,76850.58716825958
2025-12-26 10:00:00,101130.24304143303
2025-12-26 11:00:00,126036.22023729759
2025-12-26 12:00:00,145631.96930002325
2025-12-26 13:00:00,161527.64730282212
2025-12-26 14:00:00,167048.59173498984
2025-12-26 15:00:00,167048.59173498984
2025-12-26 16:00:00,144450.5588267489
2025-12-26 17:00:00,117158.75216355066
2025-12-26 18:00:00,117158.75216355066
2025-12-26 19:00:00,117158.75216355066
2025-12-26 20:00:00,91079.14415438486
2025-12-26 21:00:00,65523.80470356942
2025-12-26 22:00:00,41076.890561980836
2025-12-26 23:00:00,41076.890561980836
2025-12-27 00:00:00,41076.890561980836
2025-12-27 01:00:00,41076.890561980836
2025-12-27 02:00:00,20582.26481600851
2025-12-27 03:00:00,20582.26481600851
2025-12-27 04:00:00,20582.26481600851
2025-12-27 05:00:00,-0.0
2025-12-27 06:00:00,-0.0
2025-12-27 07:00:00,-0.0
2025-12-27 08:00:00,-0.0
2025-12-27 09:00:00,26834.53845349991
2025-12-27 10:00:00,80553.80155993548
2025-12-27 11:00:00,132170.23206628353
2025-12-27 12:00:00,183299.21489549804
2025-12-27 13:00:00,233987.23130670917
2025-12-27 14:00:00,278563.12016519933
2025-12-27 15:00:00,306000.0
2025-12-27 16:00:00,306000.0
2025-12-27 17:00:00,280008.3185709389
2025-12-27 18:00:00,253855.86635955935
2025-12-27 19:00:00,227956.366530174
2025-12-27 20:00:00,222737.51733181204
2025-12-27 21:00:00,197457.75525285222
2025-12-27 22:00:00,173054.37613510655
2025-12-27 23:00:00,149817.165773861
2025-12-28 00:00:00,127222.96100389498
2025-12-28 01:00:00,105523.91244964932
2025-12-28 02:00:00,84362.71613550163
2025-12-28 03:00:00,63719.193595108794
2025-12-28 04:00:00,43080.661711776884
2025-12-28 05:00:00,22003.577407573906
2025-12-28 06:00:00,-0.0
2025-12-28 07:00:00,-0.0
2025-12-28 08:00:00,4600.224457061791
2025-12-28 09:00:00,46007.110980215126
2025-12-28 10:00:00,93571.32994425339
2025-12-28 11:00:00,141643.56412101316
2025-12-28 12:00:00,188413.71975975888
2025-12-28 13:00:00,233541.03696255566
2025-12-28 14:00:00,278014.87551770324
2025-12-28 15:00:00,306000.0
2025-12-28 16:00:00,301259.72890010546
2025-12-28 17:00:00,274659.15193531924
2025-12-28 18:00:00,248074.39320094854
2025-12-28 19:00:00,221764.99066135517
2025-12-28 20:00:00,195721.09916693106
2025-12-28 21:00:00,169782.91421040645
2025-12-28 22:00:00,145185.15163573797
2025-12-28 23:00:00,121894.9248409753
2025-12-29 00:00:00,99312.17631043328
2025-12-29 01:00:00,99312.17631043328
2025-12-29 02:00:00,77962.82468316192
2025-12-29 03:00:00,56649.41066338292
2025-12-29 04:00:00,34982.004477103146
2025-12-29 05:00:00,12171.547201773568
2025-12-29 06:00:00,12171.547201773568
2025-12-29 07:00:00,-0.0
2025-12-29 08:00:00,-0.0
2025-12-29 09:00:00,-0.0
2025-12-29 10:00:00,48466.2930765704
2025-12-29 11:00:00,103042.68812609147
2025-12-29 12:00:00,159584.23363973832
2025-12-29 13:00:00,218850.21139201897
2025-12-29 14:00:00,275245.3275118918
2025-12-29 15:00:00,306000.0
2025-12-29 16:00:00,306000.0
2025-12-29 17:00:00,278073.3942863013
2025-12-29 18:00:00,278073.3942863013
2025-12-29 19:00:00,278073.3942863013
2025-12-29 20:00:00,278073.3942863013
2025-12-29 21:00:00,278073.3942863013
2025-12-29 22:00:00,252693.71746952023
2025-12-29 23:00:00,228684.74731920226
2025-12-30 00:00:00,204886.18174901148
2025-12-30 01:00:00,204886.18174901148
2025-12-30 02:00:00,182141.13378585974
2025-12-30 03:00:00,182141.13378585974
2025-12-30 04:00:00,182141.13378585974
2025-12-30 05:00:00,173946.07274956326
2025-12-30 06:00:00,173946.07274956326
2025-12-30 07:00:00,173946.07274956326
2025-12-30 08:00:00,173946.07274956326
2025-12-30 09:00:00,178558.657281878
2025-12-30 10:00:00,188156.27147809908
2025-12-30 11:00:00,201704.21366034952
2025-12-30 12:00:00,212232.95836896618
2025-12-30 13:00:00,217880.25309948306
2025-12-30 14:00:00,219558.8534060827
2025-12-30 15:00:00,216029.25328329983
2025-12-30 16:00:00,216029.25328329983
2025-12-30 17:00:00,216029.25328329983
2025-12-30 18:00:00,216029.25328329983
2025-12-30 19:00:00,216029.25328329983
2025-12-30 20:00:00,216029.25328329983
2025-12-30 21:00:00,189370.03299769788
2025-12-30 22:00:00,189370.03299769788
2025-12-30 23:00:00,189370.03299769788
2025-12-31 00:00:00,189370.03299769788
2025-12-31 01:00:00,189370.03299769788
2025-12-31 02:00:00,166417.9292716759
2025-12-31 03:00:00,166417.9292716759
2025-12-31 04:00:00,143271.6325558769
2025-12-31 05:00:00,143271.6325558769
2025-12-31 06:00:00,143271.6325558769
2025-12-31 07:00:00,143271.6325558769
2025-12-31 08:00:00,143271.6325558769
2025-12-31 09:00:00,143271.6325558769
2025-12-31 10:00:00,143271.6325558769
2025-12-31 11:00:00,143271.6325558769
2025-12-31 12:00:00,136263.64035287712
2025-12-31 13:00:00,136263.64035287712
2025-12-31 14:00:00,136263.64035287712
2025-12-31 15:00:00,112871.22982106381
2025-12-31 16:00:00,112871.22982106381
2025-12-31 17:00:00,112871.22982106381
2025-12-31 18:00:00,112871.22982106381
2025-12-31 19:00:00,112871.22982106381
2025-12-31 20:00:00,112871.22982106381
2025-12-31 21:00:00,88412.06496733148
2025-12-31 22:00:00,88412.06496733148
2025-12-31 23:00:00,65510.20574450457
